        Step          Time          Mass    Momentum_x    Momentum_y    Momentum_z       Kinetic           l_f
           0   0.00000E+00   4.91589E+03   0.00000E+00   0.00000E+00   0.00000E+00   1.00000E+00   2.94978-153
           1   1.00000E-01   4.91589E+03   7.57727E-15  -5.32907E-15   0.00000E+00   9.92150E-01   2.94978-153
           2   2.00000E-01   4.91589E+03  -3.98634E-04   9.51721E-03   0.00000E+00   9.85555E-01   2.94978-153
           3   3.00000E-01   4.91589E+03  -9.90469E-06   1.46959E-02   0.00000E+00   9.79393E-01   2.94978-153
           4   4.00000E-01   4.91589E+03   4.64089E-04   1.81493E-02   0.00000E+00   9.73466E-01   2.94978-153
           5   5.00000E-01   4.91589E+03   7.77971E-04   2.05515E-02   0.00000E+00   9.67692E-01   2.94978-153
           6   6.00000E-01   4.91589E+03   9.32688E-04   2.22297E-02   0.00000E+00   9.62030E-01   2.94978-153
           7   7.00000E-01   4.91589E+03   9.00491E-04   2.33671E-02   0.00000E+00   9.56457E-01   2.94978-153
           8   8.00000E-01   4.91589E+03   6.74692E-04   2.40869E-02   0.00000E+00   9.50959E-01   2.94978-153
           9   9.00000E-01   4.91589E+03   1.30250E-03   2.44439E-02   0.00000E+00   9.45526E-01   2.94978-153
          10   1.00000E+00   4.91589E+03   5.22889E-04   2.45166E-02   0.00000E+00   9.40156E-01   2.94980-153
          11   1.10000E+00   4.91589E+03  -6.81149E-03   2.43426E-02   0.00000E+00   9.34850E-01   2.94962-153
          12   1.20000E+00   4.91589E+03  -7.86283E-03   2.39552E-02   0.00000E+00   9.29597E-01   2.94940-153
          13   1.30000E+00   4.91589E+03  -1.04625E-02   2.49601E-02   0.00000E+00   9.24398E-01   2.94972-153
          14   1.40000E+00   4.91589E+03  -1.17263E-02   2.47394E-02   0.00000E+00   9.19249E-01   2.94992-153
          15   1.50000E+00   4.91589E+03  -1.31159E-02   2.44588E-02   0.00000E+00   9.14148E-01   2.94810-153
          16   1.60000E+00   4.91589E+03  -1.45388E-02   2.41515E-02   0.00000E+00   9.09094E-01   2.98425-153
          17   1.70000E+00   4.91589E+03  -1.61473E-02   2.38224E-02   0.00000E+00   9.04084E-01   3.55363-153
          18   1.80000E+00   4.91589E+03  -1.92168E-02   2.34691E-02   0.00000E+00   8.99118E-01  -8.09597-152
          19   1.90000E+00   4.91589E+03  -2.28565E-02   2.30898E-02   0.00000E+00   8.94198E-01   1.73234-150
          20   2.00000E+00   4.91589E+03  -2.67271E-02   2.26837E-02   0.00000E+00   8.89324E-01  -2.32157-149
          21   2.10000E+00   4.91589E+03  -3.08089E-02   2.22501E-02   0.00000E+00   8.84495E-01   3.44983-149
          22   2.20000E+00   4.91589E+03  -2.76087E-02   1.41931E-02   0.00000E+00   8.79716E-01   8.48859-149
          23   2.30000E+00   4.91589E+03  -3.15809E-02   1.29823E-02   0.00000E+00   8.74982E-01  -2.56787-148
          24   2.40000E+00   4.91589E+03  -4.18817E-02   1.57149E-02   0.00000E+00   8.70288E-01  -6.52117-148
          25   2.50000E+00   4.91589E+03  -4.66606E-02   1.53437E-02   0.00000E+00   8.65640E-01   3.35699-148
          26   2.60000E+00   4.91589E+03  -5.15608E-02   1.51464E-02   0.00000E+00   8.61036E-01  -3.86449-148
          27   2.70000E+00   4.91589E+03  -5.45017E-02   1.26730E-02   0.00000E+00   8.56479E-01   4.91203-147
          28   2.80000E+00   4.91589E+03  -5.91094E-02   1.21084E-02   0.00000E+00   8.51966E-01   5.89114-147
          29   2.90000E+00   4.91589E+03  -6.38689E-02   1.17431E-02   0.00000E+00   8.47497E-01   2.03419-146
          30   3.00000E+00   4.91589E+03  -6.85287E-02   1.15654E-02   0.00000E+00   8.43072E-01   6.59662-146
          31   3.10000E+00   4.91589E+03  -4.58449E-02   2.92663E-02   0.00000E+00   8.38683E-01   4.06468-146
          32   3.20000E+00   4.91589E+03  -5.04164E-02   3.05989E-02   0.00000E+00   8.34338E-01   8.94974-147
          33   3.30000E+00   4.91589E+03  -5.46961E-02   3.15851E-02   0.00000E+00   8.30036E-01   5.79744-145
          34   3.40000E+00   4.91589E+03  -5.91578E-02   3.25878E-02   0.00000E+00   8.25777E-01  -7.51595-144
          35   3.50000E+00   4.91589E+03  -6.36738E-02   3.36460E-02   0.00000E+00   8.21559E-01  -1.72680-144
          36   3.60000E+00   4.91589E+03  -6.82211E-02   3.47568E-02   0.00000E+00   8.17383E-01   3.80396-145
          37   3.70000E+00   4.91589E+03  -7.28242E-02   3.62998E-02   0.00000E+00   8.13249E-01  -7.96228-143
          38   3.80000E+00   4.91589E+03  -7.74685E-02   3.74853E-02   0.00000E+00   8.09155E-01  -8.41476-143
          39   3.90000E+00   4.91589E+03  -8.21561E-02   3.87136E-02   0.00000E+00   8.05100E-01   4.65284-143
          40   4.00000E+00   4.91589E+03  -8.68886E-02   3.99831E-02   0.00000E+00   8.01085E-01   1.24129-142
          41   4.10000E+00   4.91589E+03  -9.16613E-02   4.12921E-02   0.00000E+00   7.97107E-01  -1.96444-141
          42   4.20000E+00   4.91589E+03  -9.64653E-02   4.26387E-02   0.00000E+00   7.93166E-01   6.27853-142
          43   4.30000E+00   4.91589E+03  -1.01293E-01   4.40185E-02   0.00000E+00   7.89262E-01  -6.87435-142
          44   4.40000E+00   4.91589E+03  -1.06133E-01   4.54306E-02   0.00000E+00   7.85393E-01  -8.30945-141
          45   4.50000E+00   4.91589E+03  -1.10977E-01   4.69343E-02   0.00000E+00   7.81560E-01  -4.24378-141
          46   4.60000E+00   4.91589E+03  -1.15833E-01   4.83996E-02   0.00000E+00   7.77760E-01  -8.15440-141
          47   4.70000E+00   4.91589E+03  -1.20675E-01   4.98930E-02   0.00000E+00   7.73994E-01   1.32439-140
          48   4.80000E+00   4.91589E+03  -1.25498E-01   5.14135E-02   0.00000E+00   7.70257E-01  -1.98658-140
          49   4.90000E+00   4.91589E+03  -1.30424E-01   5.29550E-02   0.00000E+00   7.66527E-01  -1.58270-140
          50   5.00000E+00   4.91589E+03  -1.35519E-01   5.45192E-02   0.00000E+00   7.62797E-01  -7.65315-140
          51   5.10000E+00   4.91589E+03  -1.40650E-01   5.61014E-02   0.00000E+00   7.59063E-01  -3.64104-140
          52   5.20000E+00   4.91589E+03  -1.45659E-01   5.75923E-02   0.00000E+00   7.55325E-01  -1.92302-140
          53   5.30000E+00   4.91589E+03  -1.50499E-01   5.90437E-02   0.00000E+00   7.51587E-01   1.95993-140
          54   5.40000E+00   4.91589E+03  -1.55166E-01   6.05171E-02   0.00000E+00   7.47849E-01  -1.18088-139
          55   5.50000E+00   4.91589E+03  -1.36079E-01   7.51927E-02   0.00000E+00   7.44106E-01   8.22349-139
          56   5.60000E+00   4.91589E+03  -1.40075E-01   7.70281E-02   0.00000E+00   7.40374E-01   2.52904-139
          57   5.70000E+00   4.91589E+03  -1.43705E-01   7.87353E-02   0.00000E+00   7.36660E-01   6.99157-139
          58   5.80000E+00   4.91589E+03  -1.46780E-01   8.04027E-02   0.00000E+00   7.32955E-01   2.21775-138
          59   5.90000E+00   4.91589E+03  -1.49677E-01   8.21836E-02   0.00000E+00   7.29230E-01   2.34863-138
          60   6.00000E+00   4.91589E+03  -1.52498E-01   8.39549E-02   0.00000E+00   7.25479E-01   1.02211-138
          61   6.10000E+00   4.91589E+03  -1.55398E-01   8.56850E-02   0.00000E+00   7.21702E-01   3.04666-138
          62   6.20000E+00   4.91589E+03  -1.58128E-01   8.70626E-02   0.00000E+00   7.17904E-01   5.20365-138
          63   6.30000E+00   4.91589E+03  -1.60753E-01   8.81525E-02   0.00000E+00   7.14095E-01  -5.27458-139
          64   6.40000E+00   4.91589E+03  -1.63249E-01   8.67635E-02   0.00000E+00   7.10282E-01  -1.73195-139
          65   6.50000E+00   4.91589E+03  -1.65529E-01   8.73015E-02   0.00000E+00   7.06479E-01   1.16041-137
          66   6.60000E+00   4.91589E+03  -1.67583E-01   8.76284E-02   0.00000E+00   7.02694E-01   3.25397-138
          67   6.70000E+00   4.91589E+03  -1.67506E-01   8.97355E-02   0.00000E+00   6.98717E-01   8.93399-138
          68   6.80000E+00   4.91589E+03  -1.68885E-01   8.87953E-02   0.00000E+00   6.94501E-01   4.93606-138
          69   6.90000E+00   4.91589E+03  -1.70090E-01   8.59575E-02   0.00000E+00   6.90099E-01  -1.58500-138
          70   7.00000E+00   4.91589E+03  -1.71174E-01   8.14954E-02   0.00000E+00   6.85570E-01   1.10635-137
          71   7.10000E+00   4.91589E+03  -1.72176E-01   7.56937E-02   0.00000E+00   6.80967E-01   1.25960-139
          72   7.20000E+00   4.91589E+03  -1.73100E-01   6.87857E-02   0.00000E+00   6.76343E-01   4.24066-138
          73   7.30000E+00   4.91589E+03  -1.74038E-01   6.10934E-02   0.00000E+00   6.71657E-01   1.23861-137
          74   7.40000E+00   4.91589E+03  -1.77580E-01   5.03014E-02   0.00000E+00   6.67025E-01   1.31733-138
          75   7.50000E+00   4.91589E+03  -1.78748E-01   4.15760E-02   0.00000E+00   6.62469E-01   1.77646-136
          76   7.60000E+00   4.91589E+03  -1.79991E-01   3.26880E-02   0.00000E+00   6.58009E-01  -5.34071-137
          77   7.70000E+00   4.91589E+03  -1.81298E-01   2.37896E-02   0.00000E+00   6.53655E-01  -1.22635-135
          78   7.80000E+00   4.91589E+03  -1.82661E-01   1.50019E-02   0.00000E+00   6.49413E-01   2.45874-135
          79   7.90000E+00   4.91589E+03  -1.83533E-01   6.93341E-03   0.00000E+00   6.45287E-01  -1.59079-135
          80   8.00000E+00   4.91589E+03  -1.83812E-01  -2.59821E-04   0.00000E+00   6.41276E-01   3.58466-135
          81   8.10000E+00   4.91589E+03  -1.85262E-01  -3.88124E-02   0.00000E+00   6.37304E-01   4.94436-134
          82   8.20000E+00   4.91589E+03  -1.86680E-01  -4.77575E-02   0.00000E+00   6.33464E-01   1.05035-133
          83   8.30000E+00   4.91589E+03  -1.87210E-01  -5.74620E-02   0.00000E+00   6.29740E-01   1.45321-133
          84   8.40000E+00   4.91589E+03  -1.87569E-01  -6.50143E-02   0.00000E+00   6.26131E-01   7.53090-133
          85   8.50000E+00   4.91589E+03  -1.97626E-01  -7.28923E-02   0.00000E+00   6.22595E-01  -7.34344-133
          86   8.60000E+00   4.91589E+03  -1.96949E-01  -7.88284E-02   0.00000E+00   6.19156E-01  -1.37582-135
          87   8.70000E+00   4.91589E+03  -1.96819E-01  -8.42302E-02   0.00000E+00   6.15808E-01   8.36499-133
          88   8.80000E+00   4.91589E+03  -1.96263E-01  -8.96304E-02   0.00000E+00   6.12545E-01   4.04079-132
          89   8.90000E+00   4.91589E+03  -1.95631E-01  -9.46319E-02   0.00000E+00   6.09361E-01  -5.63536-132
          90   9.00000E+00   4.91589E+03  -1.94934E-01  -9.92715E-02   0.00000E+00   6.06248E-01   6.64246-132
          91   9.10000E+00   4.91589E+03  -1.94142E-01  -1.03575E-01   0.00000E+00   6.03200E-01   2.90904-131
          92   9.20000E+00   4.91589E+03  -1.93312E-01  -1.07578E-01   0.00000E+00   6.00180E-01   1.80728-131
          93   9.30000E+00   4.91589E+03  -1.92451E-01  -1.11319E-01   0.00000E+00   5.97214E-01   4.03721-131
          94   9.40000E+00   4.91589E+03  -1.62557E-01  -8.20240E-02   0.00000E+00   5.94260E-01   1.38683-132
          95   9.50000E+00   4.91589E+03  -1.61262E-01  -8.52981E-02   0.00000E+00   5.91355E-01  -4.48628-131
          96   9.60000E+00   4.91589E+03  -1.59928E-01  -8.84203E-02   0.00000E+00   5.88494E-01  -2.98938-131
          97   9.70000E+00   4.91589E+03  -1.58556E-01  -9.14152E-02   0.00000E+00   5.85677E-01   9.13985-131
          98   9.80000E+00   4.91589E+03  -1.61850E-01  -9.79007E-02   0.00000E+00   5.82901E-01   1.55149-130
          99   9.90000E+00   4.91589E+03  -1.68826E-01  -1.09409E-01   0.00000E+00   5.80170E-01   2.29289-130
         100   1.00000E+01   4.91589E+03  -1.66045E-01  -1.09158E-01   0.00000E+00   5.77470E-01   1.55677-130
         101   1.01000E+01   4.91589E+03  -1.66370E-01  -1.12360E-01   0.00000E+00   5.74801E-01  -6.27286-130
         102   1.02000E+01   4.91589E+03  -1.66612E-01  -1.15452E-01   0.00000E+00   5.72161E-01  -2.20413-129
         103   1.03000E+01   4.91589E+03  -1.66782E-01  -1.18443E-01   0.00000E+00   5.69548E-01  -8.83343-130
         104   1.04000E+01   4.91589E+03  -1.65788E-01  -1.24644E-01   0.00000E+00   5.66943E-01   2.65285-129
         105   1.05000E+01   4.91589E+03  -1.65774E-01  -1.27690E-01   0.00000E+00   5.64331E-01   5.74807-130
         106   1.06000E+01   4.91589E+03  -1.65673E-01  -1.30655E-01   0.00000E+00   5.61682E-01  -5.78188-129
         107   1.07000E+01   4.91589E+03  -1.65270E-01  -1.33600E-01   0.00000E+00   5.59020E-01  -2.24287-129
         108   1.08000E+01   4.91589E+03  -1.53588E-01  -1.29173E-01   0.00000E+00   5.56396E-01  -9.19691-129
         109   1.09000E+01   4.91589E+03  -1.51900E-01  -1.31630E-01   0.00000E+00   5.53772E-01   1.44942-128
         110   1.10000E+01   4.91589E+03  -1.59813E-01  -1.40692E-01   0.00000E+00   5.51136E-01   8.67846-129
         111   1.11000E+01   4.91589E+03  -1.57860E-01  -1.42920E-01   0.00000E+00   5.48538E-01  -6.28456-128
         112   1.12000E+01   4.91589E+03  -1.55877E-01  -1.45052E-01   0.00000E+00   5.45976E-01  -1.20236-127
         113   1.13000E+01   4.91589E+03  -1.53868E-01  -1.47084E-01   0.00000E+00   5.43448E-01  -8.16902-128
         114   1.14000E+01   4.91589E+03  -1.52679E-01  -1.49015E-01   0.00000E+00   5.40953E-01   2.23611-128
         115   1.15000E+01   4.91589E+03  -1.50731E-01  -1.50844E-01   0.00000E+00   5.38490E-01  -2.23611-128
         116   1.16000E+01   4.91589E+03  -1.55212E-01  -1.62347E-01   0.00000E+00   5.36083E-01   7.30343-128
         117   1.17000E+01   4.91589E+03  -1.53347E-01  -1.65061E-01   0.00000E+00   5.33707E-01   1.73118-128
         118   1.18000E+01   4.91589E+03  -1.51468E-01  -1.66658E-01   0.00000E+00   5.31359E-01  -2.22890-127
         119   1.19000E+01   4.91589E+03  -1.49616E-01  -1.64810E-01   0.00000E+00   5.29041E-01   2.88531-129
         120   1.20000E+01   4.91589E+03  -1.65007E-01  -1.60379E-01   0.00000E+00   5.26775E-01   2.03198-126
         121   1.21000E+01   4.91589E+03  -1.63376E-01  -1.61301E-01   0.00000E+00   5.24534E-01   9.44938-127
         122   1.22000E+01   4.91589E+03  -1.61717E-01  -1.62191E-01   0.00000E+00   5.22317E-01  -1.13970-127
         123   1.23000E+01   4.91589E+03  -1.60036E-01  -1.63028E-01   0.00000E+00   5.20119E-01  -1.61000-126
         124   1.24000E+01   4.91589E+03  -1.58344E-01  -1.63796E-01   0.00000E+00   5.17938E-01  -3.05265-126
         125   1.25000E+01   4.91589E+03  -1.56648E-01  -1.64487E-01   0.00000E+00   5.15776E-01   1.79466-126
         126   1.26000E+01   4.91589E+03  -1.54951E-01  -1.65097E-01   0.00000E+00   5.13581E-01   4.91656-126
         127   1.27000E+01   4.91589E+03  -1.53079E-01  -1.65909E-01   0.00000E+00   5.11401E-01   5.10122-126
         128   1.28000E+01   4.91589E+03  -1.50920E-01  -1.66870E-01   0.00000E+00   5.09241E-01   1.84660-126
         129   1.29000E+01   4.91589E+03  -1.48762E-01  -1.67725E-01   0.00000E+00   5.07101E-01   8.84058-126
         130   1.30000E+01   4.91589E+03  -1.47538E-01  -1.67635E-01   0.00000E+00   5.04981E-01   4.75498-126
         131   1.31000E+01   4.91589E+03  -1.45619E-01  -1.68132E-01   0.00000E+00   5.02882E-01  -1.36417-125
         132   1.32000E+01   4.91589E+03  -1.43752E-01  -1.72566E-01   0.00000E+00   5.00817E-01   2.58523-125
         133   1.33000E+01   4.91589E+03  -1.41896E-01  -1.73010E-01   0.00000E+00   4.98772E-01   1.14951-125
         134   1.34000E+01   4.91589E+03  -1.40057E-01  -1.73447E-01   0.00000E+00   4.96746E-01   3.25001-125
         135   1.35000E+01   4.91589E+03  -1.37768E-01  -1.71041E-01   0.00000E+00   4.94737E-01   1.49574-125
         136   1.36000E+01   4.91589E+03  -1.40234E-01  -1.73670E-01   0.00000E+00   4.92749E-01   3.52700-125
         137   1.37000E+01   4.91589E+03  -1.38256E-01  -1.74326E-01   0.00000E+00   4.90778E-01   8.38354-125
         138   1.38000E+01   4.91589E+03  -1.36454E-01  -1.74916E-01   0.00000E+00   4.88824E-01  -2.43751-125
         139   1.39000E+01   4.91589E+03  -1.34895E-01  -1.75391E-01   0.00000E+00   4.86887E-01  -5.32928-124
         140   1.40000E+01   4.91589E+03  -1.33374E-01  -1.75826E-01   0.00000E+00   4.84967E-01  -1.53267-124
         141   1.41000E+01   4.91589E+03  -1.31854E-01  -1.76222E-01   0.00000E+00   4.83064E-01   2.58523-125
         142   1.42000E+01   4.91589E+03  -1.30222E-01  -1.76578E-01   0.00000E+00   4.81177E-01   4.43922-124
         143   1.43000E+01   4.91589E+03  -1.28622E-01  -1.76850E-01   0.00000E+00   4.79306E-01  -7.97729-125
         144   1.44000E+01   4.91589E+03  -1.27052E-01  -1.77086E-01   0.00000E+00   4.77451E-01  -6.47047-124
         145   1.45000E+01   4.91589E+03  -1.04841E-01  -1.59367E-01   0.00000E+00   4.75600E-01  -1.56591-124
         146   1.46000E+01   4.91589E+03  -1.02365E-01  -1.59938E-01   0.00000E+00   4.73763E-01  -6.41138-124
         147   1.47000E+01   4.91589E+03  -1.04017E-01  -1.63760E-01   0.00000E+00   4.71943E-01   1.21432-123
         148   1.48000E+01   4.91589E+03  -1.01529E-01  -1.20287E-01   0.00000E+00   4.70140E-01  -4.19547-124
         149   1.49000E+01   4.91589E+03  -9.88924E-02  -1.20453E-01   0.00000E+00   4.68344E-01   4.90456-124
         150   1.50000E+01   4.91589E+03  -9.65407E-02  -1.20635E-01   0.00000E+00   4.66563E-01  -8.82820-123
         151   1.51000E+01   4.91589E+03  -9.43688E-02  -1.20866E-01   0.00000E+00   4.64796E-01   2.65910-123
         152   1.52000E+01   4.91589E+03  -1.00385E-01  -1.15243E-01   0.00000E+00   4.63045E-01  -4.00637-123
         153   1.53000E+01   4.91589E+03  -9.79251E-02  -1.15524E-01   0.00000E+00   4.61306E-01   4.86910-123
         154   1.54000E+01   4.91589E+03  -9.54463E-02  -1.15737E-01   0.00000E+00   4.59580E-01  -1.18418-122
         155   1.55000E+01   4.91589E+03  -9.38812E-02  -1.16734E-01   0.00000E+00   4.57866E-01   3.71092-123
         156   1.56000E+01   4.91589E+03  -9.24228E-02  -1.17850E-01   0.00000E+00   4.56163E-01  -2.07055-122
         157   1.57000E+01   4.91589E+03  -9.09656E-02  -1.18995E-01   0.00000E+00   4.54471E-01  -1.56473-122
         158   1.58000E+01   4.91589E+03  -8.64085E-02  -1.15612E-01   0.00000E+00   4.52791E-01   2.88364-122
         159   1.59000E+01   4.91589E+03  -8.48317E-02  -1.16680E-01   0.00000E+00   4.51121E-01   2.08946-122
         160   1.60000E+01   4.91589E+03  -8.32977E-02  -1.17770E-01   0.00000E+00   4.49464E-01   5.87129-122
         161   1.61000E+01   4.91589E+03  -8.17772E-02  -1.19703E-01   0.00000E+00   4.47818E-01   7.77166-122
         162   1.62000E+01   4.91589E+03  -8.02452E-02  -1.20896E-01   0.00000E+00   4.46187E-01   4.38692-122
         163   1.63000E+01   4.91589E+03  -7.86979E-02  -1.22133E-01   0.00000E+00   4.44652E-01   6.05092-122
         164   1.64000E+01   4.91589E+03  -9.06174E-02  -1.37968E-01   0.00000E+00   4.43152E-01   3.29019-121
         165   1.65000E+01   4.91589E+03  -8.89445E-02  -1.38026E-01   0.00000E+00   4.41666E-01   3.17295-121
         166   1.66000E+01   4.91589E+03  -8.50766E-02  -1.40575E-01   0.00000E+00   4.40184E-01   2.22371-121
         167   1.67000E+01   4.91589E+03  -7.41325E-02  -1.32428E-01   0.00000E+00   4.38702E-01   1.38415-121
         168   1.68000E+01   4.91589E+03  -7.16969E-02  -1.32612E-01   0.00000E+00   4.37222E-01   5.80889-121
         169   1.69000E+01   4.91589E+03  -6.91813E-02  -1.32915E-01   0.00000E+00   4.35744E-01   5.59711-121
         170   1.70000E+01   4.91589E+03  -6.66341E-02  -1.33368E-01   0.00000E+00   4.34271E-01   3.37339-121
         171   1.71000E+01   4.91589E+03  -7.45305E-02  -1.45041E-01   0.00000E+00   4.32802E-01   1.63375-121
         172   1.72000E+01   4.91589E+03  -7.23172E-02  -1.45702E-01   0.00000E+00   4.31341E-01  -1.78805-120
         173   1.73000E+01   4.91589E+03  -7.00623E-02  -1.47039E-01   0.00000E+00   4.29889E-01  -2.45668-120
         174   1.74000E+01   4.91589E+03  -6.77630E-02  -1.48128E-01   0.00000E+00   4.28440E-01   4.04807-120
         175   1.75000E+01   4.91589E+03  -9.90440E-02  -1.81042E-01   0.00000E+00   4.26992E-01   2.05731-120
         176   1.76000E+01   4.91589E+03  -9.70847E-02  -1.81960E-01   0.00000E+00   4.25557E-01   2.60190-120
         177   1.77000E+01   4.91589E+03  -8.57673E-02  -1.83028E-01   0.00000E+00   4.24123E-01   4.88915-120
         178   1.78000E+01   4.91589E+03  -8.35824E-02  -1.85887E-01   0.00000E+00   4.22701E-01   1.79107-120
         179   1.79000E+01   4.91589E+03  -8.13143E-02  -1.87988E-01   0.00000E+00   4.21292E-01   1.62165-119
         180   1.80000E+01   4.91589E+03  -7.54680E-02  -1.89979E-01   0.00000E+00   4.19896E-01   9.10059-120
         181   1.81000E+01   4.91589E+03  -7.32516E-02  -1.92083E-01   0.00000E+00   4.18512E-01  -6.22035-119
         182   1.82000E+01   4.91589E+03  -7.09646E-02  -1.94278E-01   0.00000E+00   4.17140E-01  -6.44302-119
         183   1.83000E+01   4.91589E+03  -6.86091E-02  -1.96581E-01   0.00000E+00   4.15781E-01  -2.07184-118
         184   1.84000E+01   4.91589E+03  -6.89805E-02  -1.96742E-01   0.00000E+00   4.14409E-01  -7.98916-118
         185   1.85000E+01   4.91589E+03  -6.65874E-02  -1.99158E-01   0.00000E+00   4.13047E-01  -3.61855-117
         186   1.86000E+01   4.91589E+03  -6.40648E-02  -2.01654E-01   0.00000E+00   4.11696E-01  -7.31455-117
         187   1.87000E+01   4.91589E+03  -6.13582E-02  -2.04220E-01   0.00000E+00   4.10355E-01   4.20718-117
         188   1.88000E+01   4.91589E+03  -5.84969E-02  -2.07047E-01   0.00000E+00   4.09020E-01  -1.82833-115
         189   1.89000E+01   4.91589E+03  -5.54758E-02  -2.09719E-01   0.00000E+00   4.07698E-01   1.40832-115
         190   1.90000E+01   4.91589E+03  -5.22862E-02  -2.12395E-01   0.00000E+00   4.06387E-01  -1.26501-114
         191   1.91000E+01   4.91589E+03  -4.89358E-02  -2.15072E-01   0.00000E+00   4.05088E-01   3.07461-114
         192   1.92000E+01   4.91589E+03  -4.54589E-02  -2.17717E-01   0.00000E+00   4.03800E-01   1.54952-112
         193   1.93000E+01   4.91589E+03  -4.18749E-02  -2.20310E-01   0.00000E+00   4.02524E-01   1.09558-112
         194   1.94000E+01   4.91589E+03  -3.81474E-02  -2.22894E-01   0.00000E+00   4.01259E-01  -7.33038-112
         195   1.95000E+01   4.91589E+03  -3.42833E-02  -2.25468E-01   0.00000E+00   4.00004E-01  -6.63494-111
         196   1.96000E+01   4.91589E+03  -3.02893E-02  -2.28031E-01   0.00000E+00   3.98761E-01  -2.15504-110
         197   1.97000E+01   4.91589E+03  -2.61720E-02  -2.30580E-01   0.00000E+00   3.97527E-01  -2.00179-109
         198   1.98000E+01   4.91589E+03  -2.54460E-02  -2.33116E-01   0.00000E+00   3.96303E-01  -1.13237-108
         199   1.99000E+01   4.91589E+03  -2.19530E-02  -2.35920E-01   0.00000E+00   3.95089E-01  -4.73068-107
         200   2.00000E+01   4.91589E+03  -1.86029E-02  -2.38572E-01   0.00000E+00   3.93884E-01   7.68073-107
         201   2.01000E+01   4.91589E+03  -1.51740E-02  -2.41197E-01   0.00000E+00   3.92689E-01  -6.91377-106
         202   2.02000E+01   4.91589E+03  -1.16704E-02  -2.43796E-01   0.00000E+00   3.91504E-01   1.37569-104
         203   2.03000E+01   4.91589E+03  -4.95050E-03  -2.48996E-01   0.00000E+00   3.90328E-01  -1.10606-103
         204   2.04000E+01   4.91589E+03  -1.55084E-03  -2.51327E-01   0.00000E+00   3.89161E-01  -2.23101-102
         205   2.05000E+01   4.91589E+03  -1.19754E-02  -1.78288E-01   0.00000E+00   3.88024E-01   1.31568-101
         206   2.06000E+01   4.91589E+03  -2.18497E-02  -1.67766E-01   0.00000E+00   3.86897E-01   5.61418E-99
         207   2.07000E+01   4.91589E+03  -2.05424E-02  -1.68274E-01   0.00000E+00   3.85781E-01  -3.00125E-97
         208   2.08000E+01   4.91589E+03  -1.91792E-02  -1.68790E-01   0.00000E+00   3.84674E-01  -7.25737E-98
         209   2.09000E+01   4.91589E+03  -1.77612E-02  -1.69312E-01   0.00000E+00   3.83576E-01   1.21341E-96
         210   2.10000E+01   4.91589E+03  -1.62892E-02  -1.69840E-01   0.00000E+00   3.82488E-01  -9.58628E-96
         211   2.11000E+01   4.91589E+03  -1.47567E-02  -1.70359E-01   0.00000E+00   3.81408E-01   8.79132E-96
         212   2.12000E+01   4.91589E+03  -1.37389E-02  -1.70298E-01   0.00000E+00   3.80337E-01   3.25289E-95
         213   2.13000E+01   4.91589E+03  -1.20453E-02  -1.70857E-01   0.00000E+00   3.79279E-01  -7.25415E-96
         214   2.14000E+01   4.91589E+03  -1.02930E-02  -1.71412E-01   0.00000E+00   3.78233E-01   3.26541E-94
         215   2.15000E+01   4.91589E+03  -1.12598E-02  -1.71960E-01   0.00000E+00   3.77200E-01   2.43533E-94
         216   2.16000E+01   4.91589E+03  -9.34982E-03  -1.72498E-01   0.00000E+00   3.76179E-01  -1.87171E-93
         217   2.17000E+01   4.91589E+03  -7.34519E-03  -1.73028E-01   0.00000E+00   3.75171E-01  -9.95076E-94
         218   2.18000E+01   4.91589E+03  -5.25121E-03  -1.73550E-01   0.00000E+00   3.74174E-01  -2.39809E-92
         219   2.19000E+01   4.91589E+03  -2.73066E-03  -1.74302E-01   0.00000E+00   3.73188E-01   7.61083E-92
         220   2.20000E+01   4.91589E+03  -1.22102E-04  -1.75052E-01   0.00000E+00   3.72213E-01   1.18357E-92
         221   2.21000E+01   4.91589E+03   2.55244E-03  -1.76896E-01   0.00000E+00   3.71247E-01  -9.67532E-92
         222   2.22000E+01   4.91589E+03   5.29253E-03  -1.77679E-01   0.00000E+00   3.70290E-01  -7.57705E-91
         223   2.23000E+01   4.91589E+03   8.05971E-03  -1.78410E-01   0.00000E+00   3.69341E-01  -1.42676E-90
         224   2.24000E+01   4.91589E+03   9.70226E-03  -1.79063E-01   0.00000E+00   3.68413E-01  -9.75956E-90
         225   2.25000E+01   4.91589E+03   1.54402E-02  -1.82430E-01   0.00000E+00   3.67490E-01  -6.87266E-90
         226   2.26000E+01   4.91589E+03   1.82649E-02  -1.83012E-01   0.00000E+00   3.66573E-01  -3.42411E-90
         227   2.27000E+01   4.91589E+03   2.11497E-02  -1.83580E-01   0.00000E+00   3.65661E-01  -1.90725E-89
         228   2.28000E+01   4.91589E+03   2.40929E-02  -1.84134E-01   0.00000E+00   3.64754E-01   3.31739E-89
         229   2.29000E+01   4.91589E+03   2.70933E-02  -1.84673E-01   0.00000E+00   3.63851E-01   4.79655E-89
         230   2.30000E+01   4.91589E+03   3.01499E-02  -1.85197E-01   0.00000E+00   3.62954E-01   5.28099E-89
         231   2.31000E+01   4.91589E+03   3.32581E-02  -1.85708E-01   0.00000E+00   3.62061E-01   5.94535E-89
         232   2.32000E+01   4.91589E+03   3.64246E-02  -1.86203E-01   0.00000E+00   3.61174E-01  -7.70834E-89
         233   2.33000E+01   4.91589E+03   3.96478E-02  -1.86683E-01   0.00000E+00   3.60291E-01  -7.94166E-89
         234   2.34000E+01   4.91589E+03   4.29255E-02  -1.87148E-01   0.00000E+00   3.59413E-01  -8.73968E-89
         235   2.35000E+01   4.91589E+03   4.62550E-02  -1.87598E-01   0.00000E+00   3.58540E-01  -4.27215E-88
         236   2.36000E+01   4.91589E+03   4.96360E-02  -1.88032E-01   0.00000E+00   3.57672E-01  -4.61721E-88
         237   2.37000E+01   4.91589E+03   3.44123E-02  -1.70609E-01   0.00000E+00   3.56808E-01   1.64776E-87
         238   2.38000E+01   4.91589E+03   3.75926E-02  -1.70564E-01   0.00000E+00   3.55948E-01   3.00501E-86
         239   2.39000E+01   4.91589E+03   4.08414E-02  -1.70477E-01   0.00000E+00   3.55094E-01   3.88887E-86
         240   2.40000E+01   4.91589E+03   4.41388E-02  -1.70347E-01   0.00000E+00   3.54244E-01   6.20162E-86
         241   2.41000E+01   4.91589E+03   4.75456E-02  -1.70168E-01   0.00000E+00   3.53399E-01   1.97179E-83
         242   2.42000E+01   4.91589E+03   4.92508E-02  -1.71775E-01   0.00000E+00   3.52558E-01   2.93963E-83
         243   2.43000E+01   4.91589E+03   5.28020E-02  -1.71550E-01   0.00000E+00   3.51723E-01   2.35191E-84
         244   2.44000E+01   4.91589E+03   5.63946E-02  -1.71279E-01   0.00000E+00   3.50894E-01  -1.43217E-83
         245   2.45000E+01   4.91589E+03   6.00271E-02  -1.70978E-01   0.00000E+00   3.50069E-01  -2.19149E-83
         246   2.46000E+01   4.91589E+03   6.36998E-02  -1.70654E-01   0.00000E+00   3.49250E-01  -2.02353E-83
         247   2.47000E+01   4.91589E+03   9.65221E-02  -1.89909E-01   0.00000E+00   3.48433E-01  -2.30674E-83
         248   2.48000E+01   4.91589E+03   1.00192E-01  -1.89937E-01   0.00000E+00   3.47623E-01  -2.55434E-83
         249   2.49000E+01   4.91589E+03   1.03926E-01  -1.89904E-01   0.00000E+00   3.46818E-01  -2.67990E-83
         250   2.50000E+01   4.91589E+03   1.07651E-01  -1.89870E-01   0.00000E+00   3.46019E-01  -2.76268E-83
         251   2.51000E+01   4.91589E+03   1.11404E-01  -1.89813E-01   0.00000E+00   3.45226E-01   9.64160E-81
         252   2.52000E+01   4.91589E+03   1.15181E-01  -1.89737E-01   0.00000E+00   3.44431E-01   9.64123E-81
         253   2.53000E+01   4.91589E+03   1.19214E-01  -1.89879E-01   0.00000E+00   3.43635E-01   9.64029E-81
         254   2.54000E+01   4.91589E+03   1.23419E-01  -1.90146E-01   0.00000E+00   3.42839E-01   9.63808E-81
         255   2.55000E+01   4.91589E+03   1.27646E-01  -1.90402E-01   0.00000E+00   3.42007E-01   9.64227E-81
         256   2.56000E+01   4.91589E+03   1.31894E-01  -1.90650E-01   0.00000E+00   3.41179E-01   9.64302E-81
         257   2.57000E+01   4.91589E+03   1.36166E-01  -1.90891E-01   0.00000E+00   3.40327E-01   9.64373E-81
         258   2.58000E+01   4.91589E+03   1.40066E-01  -1.91124E-01   0.00000E+00   3.39435E-01   9.64396E-81
         259   2.59000E+01   4.91589E+03   1.44420E-01  -1.91353E-01   0.00000E+00   3.38548E-01   9.64651E-81
         260   2.60000E+01   4.91589E+03   1.48813E-01  -1.91576E-01   0.00000E+00   3.37667E-01   9.64972E-81
         261   2.61000E+01   4.91589E+03   1.53246E-01  -1.91796E-01   0.00000E+00   3.36793E-01   9.65408E-81
         262   2.62000E+01   4.91589E+03   1.57722E-01  -1.92011E-01   0.00000E+00   3.35924E-01   9.66105E-81
         263   2.63000E+01   4.91589E+03   1.62240E-01  -1.92223E-01   0.00000E+00   3.35061E-01   9.66135E-81
         264   2.64000E+01   4.91589E+03   1.66801E-01  -1.92434E-01   0.00000E+00   3.34203E-01   9.67376E-81
         265   2.65000E+01   4.91589E+03   1.71487E-01  -1.92548E-01   0.00000E+00   3.33350E-01   9.70092E-81
         266   2.66000E+01   4.91589E+03   1.62202E-01  -2.10052E-01   0.00000E+00   3.32498E-01   9.74266E-81
         267   2.67000E+01   4.91589E+03   1.66612E-01  -2.09781E-01   0.00000E+00   3.31651E-01   9.78453E-81
         268   2.68000E+01   4.91589E+03   1.71085E-01  -2.09501E-01   0.00000E+00   3.30809E-01   9.85371E-81
         269   2.69000E+01   4.91589E+03   1.75617E-01  -2.09211E-01   0.00000E+00   3.29972E-01   9.97705E-81
         270   2.70000E+01   4.91589E+03   1.80207E-01  -2.08907E-01   0.00000E+00   3.29139E-01   9.87410E-81
         271   2.71000E+01   4.91589E+03   1.89388E-01  -2.13040E-01   0.00000E+00   3.28310E-01   1.00964E-80
         272   2.72000E+01   4.91589E+03   1.80002E-01  -2.00748E-01   0.00000E+00   3.27491E-01   1.05061E-80
         273   2.73000E+01   4.91589E+03   1.84400E-01  -2.00334E-01   0.00000E+00   3.26680E-01   1.09746E-80
         274   2.74000E+01   4.91589E+03   1.94409E-01  -2.03594E-01   0.00000E+00   3.25898E-01   1.15689E-80
         275   2.75000E+01   4.91589E+03   1.99044E-01  -2.03392E-01   0.00000E+00   3.25119E-01   1.20291E-80
         276   2.76000E+01   4.91589E+03   2.03746E-01  -2.03169E-01   0.00000E+00   3.24342E-01   1.27670E-80
         277   2.77000E+01   4.91589E+03   2.08496E-01  -2.05230E-01   0.00000E+00   3.23581E-01   1.35446E-80
         278   2.78000E+01   4.91589E+03   2.13077E-01  -2.04994E-01   0.00000E+00   3.22822E-01   1.45915E-80
         279   2.79000E+01   4.91589E+03   2.17701E-01  -2.04748E-01   0.00000E+00   3.22065E-01   1.56630E-80
         280   2.80000E+01   4.91589E+03   2.22370E-01  -2.04500E-01   0.00000E+00   3.21310E-01   1.76002E-80
         281   2.81000E+01   4.91589E+03   2.27081E-01  -2.04245E-01   0.00000E+00   3.20559E-01   1.91192E-80
         282   2.82000E+01   4.91589E+03   2.28599E-01  -2.03986E-01   0.00000E+00   3.19816E-01   2.09072E-80
         283   2.83000E+01   4.91589E+03   2.32940E-01  -2.03737E-01   0.00000E+00   3.19077E-01   2.39316E-80
         284   2.84000E+01   4.91589E+03   2.50596E-01  -2.07011E-01   0.00000E+00   3.18339E-01   2.61213E-80
         285   2.85000E+01   4.91589E+03   2.55513E-01  -2.07216E-01   0.00000E+00   3.17605E-01   2.45996E-80
         286   2.86000E+01   4.91589E+03   2.60470E-01  -2.07420E-01   0.00000E+00   3.16874E-01   2.81804E-80
         287   2.87000E+01   4.91589E+03   2.39081E-01  -2.08544E-01   0.00000E+00   3.16143E-01   3.21546E-80
         288   2.88000E+01   4.91589E+03   2.43695E-01  -2.08858E-01   0.00000E+00   3.15414E-01   3.51981E-80
         289   2.89000E+01   4.91589E+03   2.48354E-01  -2.09154E-01   0.00000E+00   3.14689E-01   3.21783E-80
         290   2.90000E+01   4.91589E+03   2.52724E-01  -2.09460E-01   0.00000E+00   3.13968E-01   3.63669E-80
         291   2.91000E+01   4.91589E+03   2.57005E-01  -2.09768E-01   0.00000E+00   3.13249E-01   4.08414E-80
         292   2.92000E+01   4.91589E+03   2.61322E-01  -2.10078E-01   0.00000E+00   3.12535E-01   4.45619E-80
         293   2.93000E+01   4.91589E+03   2.82279E-01  -1.98475E-01   0.00000E+00   3.11836E-01   4.86505E-80
         294   2.94000E+01   4.91589E+03   2.79746E-01  -2.00635E-01   0.00000E+00   3.11135E-01   4.61086E-80
         295   2.95000E+01   4.91589E+03   2.90541E-01  -1.98657E-01   0.00000E+00   3.10442E-01   5.62604E-80
         296   2.96000E+01   4.91589E+03   2.87363E-01  -1.90664E-01   0.00000E+00   3.09749E-01   6.04708E-80
         297   2.97000E+01   4.91589E+03   2.85225E-01  -1.91182E-01   0.00000E+00   3.09053E-01   6.44401E-80
         298   2.98000E+01   4.91589E+03   2.96169E-01  -1.89118E-01   0.00000E+00   3.08368E-01   7.65264E-80
         299   2.99000E+01   4.91589E+03   3.00362E-01  -1.87820E-01   0.00000E+00   3.07686E-01   8.42047E-80
         300   3.00000E+01   4.91589E+03   2.92737E-01  -1.82604E-01   0.00000E+00   3.07002E-01   9.47696E-80
         301   3.01000E+01   4.91589E+03   3.03577E-01  -1.80494E-01   0.00000E+00   3.06328E-01   1.08465E-79
         302   3.02000E+01   4.91589E+03   3.01943E-01  -1.81037E-01   0.00000E+00   3.05652E-01   1.21019E-79
         303   3.03000E+01   4.91589E+03   3.12736E-01  -1.78936E-01   0.00000E+00   3.04985E-01   1.32762E-79
         304   3.04000E+01   4.91589E+03   3.16947E-01  -1.78735E-01   0.00000E+00   3.04316E-01   1.52614E-79
         305   3.05000E+01   4.91589E+03   3.27994E-01  -1.76534E-01   0.00000E+00   3.03656E-01   1.40345E-79
         306   3.06000E+01   4.91589E+03   3.32766E-01  -1.75192E-01   0.00000E+00   3.03000E-01   1.72250E-79
         307   3.07000E+01   4.91589E+03   3.34847E-01  -1.78868E-01   0.00000E+00   3.02340E-01   1.20430E-79
         308   3.08000E+01   4.91589E+03   3.40279E-01  -1.78467E-01   0.00000E+00   3.01684E-01  -8.29382E-80
         309   3.09000E+01   4.91589E+03   3.51321E-01  -1.76352E-01   0.00000E+00   3.01036E-01  -3.33817E-79
         310   3.10000E+01   4.91589E+03   3.50763E-01  -1.76773E-01   0.00000E+00   3.00387E-01  -8.79353E-79
         311   3.11000E+01   4.91589E+03   3.61718E-01  -1.74673E-01   0.00000E+00   2.99746E-01  -1.46481E-78
         312   3.12000E+01   4.91589E+03   3.97169E-01  -1.88602E-01   0.00000E+00   2.99111E-01  -3.55395E-78
         313   3.13000E+01   4.91589E+03   4.07964E-01  -1.86718E-01   0.00000E+00   2.98484E-01  -5.06334E-78
         314   3.14000E+01   4.91589E+03   4.07631E-01  -1.87318E-01   0.00000E+00   2.97857E-01  -9.43514E-78
         315   3.15000E+01   4.91589E+03   4.13082E-01  -2.20592E-01   0.00000E+00   2.97230E-01  -1.56540E-77
         316   3.16000E+01   4.91589E+03   3.91586E-01  -2.18759E-01   0.00000E+00   2.96607E-01  -2.50809E-77
         317   3.17000E+01   4.91589E+03   3.96376E-01  -2.17562E-01   0.00000E+00   2.95988E-01  -2.50349E-77
         318   3.18000E+01   4.91589E+03   4.01688E-01  -2.17131E-01   0.00000E+00   2.95372E-01  -2.93445E-77
         319   3.19000E+01   4.91589E+03   4.05930E-01  -2.16504E-01   0.00000E+00   2.94757E-01  -3.41641E-77
         320   3.20000E+01   4.91589E+03   4.10688E-01  -2.15440E-01   0.00000E+00   2.94145E-01  -3.41719E-77
         321   3.21000E+01   4.91589E+03   4.05717E-01  -2.06569E-01   0.00000E+00   2.93543E-01  -3.58053E-77
         322   3.22000E+01   4.91589E+03   4.10222E-01  -2.05316E-01   0.00000E+00   2.92943E-01  -3.10684E-77
         323   3.23000E+01   4.91589E+03   4.14740E-01  -2.04072E-01   0.00000E+00   2.92346E-01  -6.02310E-77
         324   3.24000E+01   4.91589E+03   4.19269E-01  -2.02830E-01   0.00000E+00   2.91753E-01  -4.53175E-77
         325   3.25000E+01   4.91589E+03   4.23807E-01  -2.01585E-01   0.00000E+00   2.91163E-01  -5.10730E-77
         326   3.26000E+01   4.91589E+03   4.28353E-01  -2.00338E-01   0.00000E+00   2.90575E-01  -2.96431E-77
         327   3.27000E+01   4.91589E+03   4.32908E-01  -1.99086E-01   0.00000E+00   2.89991E-01  -7.55823E-78
         328   3.28000E+01   4.91589E+03   4.37473E-01  -1.97900E-01   0.00000E+00   2.89409E-01   3.22702E-77
         329   3.29000E+01   4.91589E+03   4.42726E-01  -1.97552E-01   0.00000E+00   2.88831E-01   1.15532E-76
         330   3.30000E+01   4.91589E+03   4.47349E-01  -1.88605E-01   0.00000E+00   2.88257E-01   1.81133E-76
         331   3.31000E+01   4.91589E+03   4.51432E-01  -1.87929E-01   0.00000E+00   2.87686E-01   2.18331E-76
         332   3.32000E+01   4.91589E+03   4.56004E-01  -1.86768E-01   0.00000E+00   2.87117E-01   2.96342E-76
         333   3.33000E+01   4.91589E+03   4.59970E-01  -1.85832E-01   0.00000E+00   2.86561E-01   6.36358E-76
         334   3.34000E+01   4.91589E+03   4.64512E-01  -1.82372E-01   0.00000E+00   2.86011E-01  -7.40866E-76
         335   3.35000E+01   4.91589E+03   4.69063E-01  -1.80764E-01   0.00000E+00   2.85468E-01  -7.99668E-76
         336   3.36000E+01   4.91589E+03   4.54045E-01  -2.02811E-01   0.00000E+00   2.84931E-01   5.12306E-75
         337   3.37000E+01   4.91589E+03   4.58389E-01  -2.01507E-01   0.00000E+00   2.84398E-01  -1.39899E-73
         338   3.38000E+01   4.91589E+03   4.59285E-01  -2.00199E-01   0.00000E+00   2.83870E-01  -9.18996E-74
         339   3.39000E+01   4.91589E+03   4.63616E-01  -1.98884E-01   0.00000E+00   2.83346E-01  -7.25431E-74
         340   3.40000E+01   4.91589E+03   4.18830E-01  -1.97565E-01   0.00000E+00   2.82825E-01  -6.36522E-74
         341   3.41000E+01   4.91589E+03   4.23514E-01  -1.96339E-01   0.00000E+00   2.82307E-01  -5.78897E-74
         342   3.42000E+01   4.91589E+03   4.28155E-01  -1.95104E-01   0.00000E+00   2.81793E-01  -5.53891E-74
         343   3.43000E+01   4.91589E+03   4.32747E-01  -1.93859E-01   0.00000E+00   2.81282E-01  -5.30476E-74
         344   3.44000E+01   4.91589E+03   4.37294E-01  -1.92602E-01   0.00000E+00   2.80777E-01  -4.94448E-74
         345   3.45000E+01   4.91589E+03   4.41796E-01  -1.91334E-01   0.00000E+00   2.80276E-01  -4.72916E-74
         346   3.46000E+01   4.91589E+03   4.46253E-01  -1.99734E-01   0.00000E+00   2.79779E-01  -4.45250E-74
         347   3.47000E+01   4.91589E+03   4.50615E-01  -1.98493E-01   0.00000E+00   2.79284E-01  -4.35833E-74
         348   3.48000E+01   4.91589E+03   4.54930E-01  -1.97238E-01   0.00000E+00   2.78793E-01  -4.23399E-74
         349   3.49000E+01   4.91589E+03   4.58475E-01  -1.49110E-01   0.00000E+00   2.78307E-01  -4.13251E-74
         350   3.50000E+01   4.91589E+03   4.62625E-01  -1.47365E-01   0.00000E+00   2.77823E-01  -4.08325E-74
         351   3.51000E+01   4.91589E+03   4.66414E-01  -1.45786E-01   0.00000E+00   2.77341E-01  -4.01760E-74
         352   3.52000E+01   4.91589E+03   4.64768E-01  -1.49559E-01   0.00000E+00   2.76855E-01  -3.90506E-74
         353   3.53000E+01   4.91589E+03   4.68462E-01  -1.47948E-01   0.00000E+00   2.76371E-01  -3.81980E-74
         354   3.54000E+01   4.91589E+03   4.97468E-01  -1.47878E-01   0.00000E+00   2.75888E-01  -3.84266E-74
         355   3.55000E+01   4.91589E+03   5.01040E-01  -1.46421E-01   0.00000E+00   2.75407E-01  -3.81518E-74
         356   3.56000E+01   4.91589E+03   5.04526E-01  -1.44886E-01   0.00000E+00   2.74928E-01  -3.73151E-74
         357   3.57000E+01   4.91589E+03   5.07997E-01  -1.43330E-01   0.00000E+00   2.74450E-01  -3.57483E-74
         358   3.58000E+01   4.91589E+03   5.11761E-01  -1.41750E-01   0.00000E+00   2.73974E-01  -3.44392E-74
         359   3.59000E+01   4.91589E+03   5.15099E-01  -1.40150E-01   0.00000E+00   2.73499E-01  -3.18837E-74
         360   3.60000E+01   4.91589E+03   5.18416E-01  -1.38525E-01   0.00000E+00   2.73025E-01  -3.17271E-74
         361   3.61000E+01   4.91589E+03   4.83351E-01  -1.35502E-01   0.00000E+00   2.72553E-01  -3.07778E-74
         362   3.62000E+01   4.91589E+03   4.86545E-01  -1.33706E-01   0.00000E+00   2.72082E-01  -2.98285E-74
         363   3.63000E+01   4.91589E+03   4.86647E-01  -1.34951E-01   0.00000E+00   2.71610E-01  -2.95033E-74
         364   3.64000E+01   4.91589E+03   4.89701E-01  -1.33352E-01   0.00000E+00   2.71139E-01  -2.86969E-74
         365   3.65000E+01   4.91589E+03   4.92697E-01  -1.30884E-01   0.00000E+00   2.70672E-01  -2.78969E-74
         366   3.66000E+01   4.91589E+03   4.95747E-01  -1.29207E-01   0.00000E+00   2.70201E-01  -2.67116E-74
         367   3.67000E+01   4.91589E+03   4.98762E-01  -1.42009E-01   0.00000E+00   2.69734E-01  -2.52258E-74
         368   3.68000E+01   4.91589E+03   5.01731E-01  -1.40744E-01   0.00000E+00   2.69269E-01  -2.43949E-74
         369   3.69000E+01   4.91589E+03   5.04672E-01  -1.39476E-01   0.00000E+00   2.68806E-01  -2.29398E-74
         370   3.70000E+01   4.91589E+03   5.07605E-01  -1.38186E-01   0.00000E+00   2.68346E-01  -1.99720E-74
         371   3.71000E+01   4.91589E+03   5.10503E-01  -1.31188E-01   0.00000E+00   2.67887E-01  -1.92756E-74
         372   3.72000E+01   4.91589E+03   5.13378E-01  -1.29614E-01   0.00000E+00   2.67430E-01  -1.48258E-74
         373   3.73000E+01   4.91589E+03   4.62769E-01  -1.76454E-01   0.00000E+00   2.66944E-01  -1.31820E-74
         374   3.74000E+01   4.91589E+03   4.65480E-01  -1.75617E-01   0.00000E+00   2.66462E-01  -1.20317E-74
         375   3.75000E+01   4.91589E+03   4.70876E-01  -1.75407E-01   0.00000E+00   2.65982E-01  -1.03703E-74
         376   3.76000E+01   4.91589E+03   4.73612E-01  -1.74603E-01   0.00000E+00   2.65505E-01  -8.67722E-75
         377   3.77000E+01   4.91589E+03   4.76372E-01  -1.73790E-01   0.00000E+00   2.65031E-01  -6.83866E-75
         378   3.78000E+01   4.91589E+03   4.79154E-01  -1.72985E-01   0.00000E+00   2.64560E-01  -3.35247E-75
         379   3.79000E+01   4.91589E+03   4.82101E-01  -1.72013E-01   0.00000E+00   2.64091E-01   1.50699E-75
         380   3.80000E+01   4.91589E+03   4.85061E-01  -1.71028E-01   0.00000E+00   2.63625E-01   6.87844E-75
         381   3.81000E+01   4.91589E+03   4.88040E-01  -1.70023E-01   0.00000E+00   2.63162E-01   8.36789E-75
         382   3.82000E+01   4.91589E+03   4.91039E-01  -1.69000E-01   0.00000E+00   2.62701E-01   8.80285E-75
         383   3.83000E+01   4.91589E+03   4.94060E-01  -1.67959E-01   0.00000E+00   2.62242E-01   9.87671E-75
         384   3.84000E+01   4.91589E+03   4.97036E-01  -1.57630E-01   0.00000E+00   2.61788E-01   1.30506E-74
         385   3.85000E+01   4.91589E+03   4.98938E-01  -1.57620E-01   0.00000E+00   2.61336E-01   1.44305E-74
         386   3.86000E+01   4.91589E+03   5.01834E-01  -1.56618E-01   0.00000E+00   2.60887E-01   1.70696E-74
         387   3.87000E+01   4.91589E+03   5.04795E-01  -1.55605E-01   0.00000E+00   2.60440E-01   1.82474E-74
         388   3.88000E+01   4.91589E+03   5.07771E-01  -1.54568E-01   0.00000E+00   2.59997E-01   1.89468E-74
         389   3.89000E+01   4.91589E+03   5.10761E-01  -1.53510E-01   0.00000E+00   2.59556E-01   2.67077E-74
         390   3.90000E+01   4.91589E+03   5.13770E-01  -1.52432E-01   0.00000E+00   2.59118E-01   2.90738E-74
         391   3.91000E+01   4.91589E+03   5.16797E-01  -1.51343E-01   0.00000E+00   2.58683E-01   3.07885E-74
         392   3.92000E+01   4.91589E+03   5.19846E-01  -1.50243E-01   0.00000E+00   2.58252E-01   3.42420E-74
         393   3.93000E+01   4.91589E+03   5.22465E-01  -1.49132E-01   0.00000E+00   2.57825E-01   3.85238E-74
         394   3.94000E+01   4.91589E+03   5.25403E-01  -1.48013E-01   0.00000E+00   2.57401E-01   4.05781E-74
         395   3.95000E+01   4.91589E+03   5.29464E-01  -1.46514E-01   0.00000E+00   2.56981E-01   4.35090E-74
         396   3.96000E+01   4.91589E+03   5.32371E-01  -1.45393E-01   0.00000E+00   2.56564E-01   4.56111E-74
         397   3.97000E+01   4.91589E+03   5.35251E-01  -1.44266E-01   0.00000E+00   2.56151E-01   4.91791E-74
         398   3.98000E+01   4.91589E+03   5.38029E-01  -1.42949E-01   0.00000E+00   2.55740E-01   5.30512E-74
         399   3.99000E+01   4.91589E+03   5.40811E-01  -1.41793E-01   0.00000E+00   2.55332E-01   5.40061E-74
         400   4.00000E+01   4.91589E+03   5.43606E-01  -1.40632E-01   0.00000E+00   2.54925E-01   5.85809E-74
         401   4.01000E+01   4.91589E+03   5.46414E-01  -1.39472E-01   0.00000E+00   2.54521E-01   6.11698E-74
         402   4.02000E+01   4.91589E+03   5.49234E-01  -1.38322E-01   0.00000E+00   2.54119E-01   6.48752E-74
         403   4.03000E+01   4.91589E+03   5.52068E-01  -1.37181E-01   0.00000E+00   2.53720E-01   6.69330E-74
         404   4.04000E+01   4.91589E+03   5.54914E-01  -1.36048E-01   0.00000E+00   2.53324E-01   8.13532E-74
         405   4.05000E+01   4.91589E+03   5.57771E-01  -1.34864E-01   0.00000E+00   2.52931E-01   8.53447E-74
         406   4.06000E+01   4.91589E+03   5.63075E-01  -1.33699E-01   0.00000E+00   2.52539E-01   8.99702E-74
         407   4.07000E+01   4.91589E+03   5.65918E-01  -1.32541E-01   0.00000E+00   2.52147E-01   9.42868E-74
         408   4.08000E+01   4.91589E+03   5.68776E-01  -1.31400E-01   0.00000E+00   2.51757E-01   9.88838E-74
         409   4.09000E+01   4.91589E+03   6.30291E-01  -1.89567E-01   0.00000E+00   2.51355E-01   1.03949E-73
         410   4.10000E+01   4.91589E+03   6.33702E-01  -1.88772E-01   0.00000E+00   2.50954E-01   1.10014E-73
         411   4.11000E+01   4.91589E+03   6.37122E-01  -1.87959E-01   0.00000E+00   2.50555E-01   1.18428E-73
         412   4.12000E+01   4.91589E+03   6.40550E-01  -1.87129E-01   0.00000E+00   2.50158E-01   1.28636E-73
         413   4.13000E+01   4.91589E+03   6.43986E-01  -1.86290E-01   0.00000E+00   2.49763E-01   1.67311E-73
         414   4.14000E+01   4.91589E+03   6.47428E-01  -1.91067E-01   0.00000E+00   2.49369E-01   2.04184E-73
         415   4.15000E+01   4.91589E+03   6.50863E-01  -1.90233E-01   0.00000E+00   2.48977E-01   2.13198E-73
         416   4.16000E+01   4.91589E+03   6.54306E-01  -1.89431E-01   0.00000E+00   2.48587E-01   2.29563E-73
         417   4.17000E+01   4.91589E+03   6.61179E-01  -1.88141E-01   0.00000E+00   2.48198E-01   2.39279E-73
         418   4.18000E+01   4.91589E+03   6.54995E-01  -1.79115E-01   0.00000E+00   2.47808E-01   2.58170E-73
         419   4.19000E+01   4.91589E+03   6.57849E-01  -1.77537E-01   0.00000E+00   2.47419E-01   2.78326E-73
         420   4.20000E+01   4.91589E+03   6.60694E-01  -1.75957E-01   0.00000E+00   2.47031E-01   2.94137E-73
         421   4.21000E+01   4.91589E+03   6.13905E-01  -1.37229E-01   0.00000E+00   2.46644E-01   3.08828E-73
         422   4.22000E+01   4.91589E+03   6.16400E-01  -1.32064E-01   0.00000E+00   2.46258E-01   3.17322E-73
         423   4.23000E+01   4.91589E+03   6.18873E-01  -1.30298E-01   0.00000E+00   2.45873E-01   3.37843E-73
         424   4.24000E+01   4.91589E+03   6.21325E-01  -1.28545E-01   0.00000E+00   2.45489E-01   3.61283E-73
         425   4.25000E+01   4.91589E+03   6.12202E-01  -1.15479E-01   0.00000E+00   2.45105E-01   4.74115E-73
         426   4.26000E+01   4.91589E+03   6.14529E-01  -1.07998E-01   0.00000E+00   2.44720E-01   5.07435E-73
         427   4.27000E+01   4.91589E+03   6.16810E-01  -1.06125E-01   0.00000E+00   2.44337E-01   5.43881E-73
         428   4.28000E+01   4.91589E+03   6.19091E-01  -1.04279E-01   0.00000E+00   2.43952E-01   5.66605E-73
         429   4.29000E+01   4.91589E+03   6.07030E-01  -1.02448E-01   0.00000E+00   2.43564E-01   6.02974E-73
         430   4.30000E+01   4.91589E+03   6.09972E-01  -1.03735E-01   0.00000E+00   2.43154E-01   6.54569E-73
         431   4.31000E+01   4.91589E+03   6.12217E-01  -1.02359E-01   0.00000E+00   2.42764E-01   8.09357E-73
         432   4.32000E+01   4.91589E+03   6.14372E-01  -9.94433E-02   0.00000E+00   2.42373E-01   1.06395E-72
         433   4.33000E+01   4.91589E+03   6.16546E-01  -9.77404E-02   0.00000E+00   2.41986E-01   1.46447E-72
         434   4.34000E+01   4.91589E+03   6.18743E-01  -9.60886E-02   0.00000E+00   2.41603E-01   1.86223E-72
         435   4.35000E+01   4.91589E+03   6.20962E-01  -9.44870E-02   0.00000E+00   2.41221E-01   2.46281E-72
         436   4.36000E+01   4.91589E+03   6.23201E-01  -9.29348E-02   0.00000E+00   2.40842E-01   3.32313E-72
         437   4.37000E+01   4.91589E+03   6.25462E-01  -9.14312E-02   0.00000E+00   2.40466E-01   4.27438E-72
         438   4.38000E+01   4.91589E+03   6.36495E-01  -8.39670E-02   0.00000E+00   2.40092E-01   5.24753E-72
         439   4.39000E+01   4.91589E+03   6.39024E-01  -8.23660E-02   0.00000E+00   2.39719E-01   6.87664E-72
         440   4.40000E+01   4.91589E+03   6.63542E-01  -6.38376E-02   0.00000E+00   2.39353E-01   8.27625E-72
         441   4.41000E+01   4.91589E+03   6.66129E-01  -6.18827E-02   0.00000E+00   2.38989E-01   1.05451E-71
         442   4.42000E+01   4.91589E+03   6.68594E-01  -6.02708E-02   0.00000E+00   2.38627E-01   1.32758E-71
         443   4.43000E+01   4.91589E+03   6.61467E-01  -3.25200E-02   0.00000E+00   2.38269E-01   1.51989E-71
         444   4.44000E+01   4.91589E+03   6.65234E-01  -3.11019E-02   0.00000E+00   2.37913E-01   1.72906E-71
         445   4.45000E+01   4.91589E+03   6.69001E-01  -2.97114E-02   0.00000E+00   2.37558E-01   2.02977E-71
         446   4.46000E+01   4.91589E+03   6.72759E-01  -2.83393E-02   0.00000E+00   2.37204E-01   2.27094E-71
         447   4.47000E+01   4.91589E+03   6.61441E-01  -2.69939E-02   0.00000E+00   2.36865E-01   2.77044E-71
         448   4.48000E+01   4.91589E+03   6.64990E-01  -2.56757E-02   0.00000E+00   2.36524E-01   2.37313E-71
         449   4.49000E+01   4.91589E+03   6.68550E-01  -2.43843E-02   0.00000E+00   2.36184E-01   2.55692E-71
         450   4.50000E+01   4.91589E+03   6.71978E-01  -2.32504E-02   0.00000E+00   2.35844E-01   2.62025E-71
         451   4.51000E+01   4.91589E+03   6.75420E-01  -2.21403E-02   0.00000E+00   2.35504E-01   2.68158E-71
         452   4.52000E+01   4.91589E+03   6.78882E-01  -2.10498E-02   0.00000E+00   2.35164E-01   2.73866E-71
         453   4.53000E+01   4.91589E+03   6.82376E-01  -1.99740E-02   0.00000E+00   2.34822E-01   2.81408E-71
         454   4.54000E+01   4.91589E+03   6.85873E-01  -1.89165E-02   0.00000E+00   2.34477E-01   2.89642E-71
         455   4.55000E+01   4.91589E+03   6.89263E-01  -1.78691E-02   0.00000E+00   2.34130E-01   2.96461E-71
         456   4.56000E+01   4.91589E+03   6.92718E-01  -1.68239E-02   0.00000E+00   2.33782E-01   3.08382E-71
         457   4.57000E+01   4.91589E+03   6.96171E-01  -1.57799E-02   0.00000E+00   2.33432E-01   3.20454E-71
         458   4.58000E+01   4.91589E+03   6.99598E-01  -1.47394E-02   0.00000E+00   2.33082E-01   3.28623E-71
         459   4.59000E+01   4.91589E+03   6.61417E-01   1.77871E-02   0.00000E+00   2.32731E-01   3.40418E-71
         460   4.60000E+01   4.91589E+03   6.65035E-01   1.87145E-02   0.00000E+00   2.32380E-01   3.52010E-71
         461   4.61000E+01   4.91589E+03   6.68637E-01   1.96406E-02   0.00000E+00   2.32029E-01   3.67374E-71
         462   4.62000E+01   4.91589E+03   6.72223E-01   2.05659E-02   0.00000E+00   2.31678E-01   3.81906E-71
         463   4.63000E+01   4.91589E+03   6.75766E-01   2.14702E-02   0.00000E+00   2.31328E-01   3.98520E-71
         464   4.64000E+01   4.91589E+03   6.76560E-01   2.38476E-02   0.00000E+00   2.30979E-01   4.18248E-71
         465   4.65000E+01   4.91589E+03   6.87781E-01   3.24190E-02   0.00000E+00   2.30630E-01   4.37026E-71
         466   4.66000E+01   4.91589E+03   6.90783E-01   3.32075E-02   0.00000E+00   2.30281E-01   4.53319E-71
         467   4.67000E+01   4.91589E+03   6.78314E-01   4.51817E-02   0.00000E+00   2.29927E-01   4.74965E-71
         468   4.68000E+01   4.91589E+03   6.81141E-01   4.58901E-02   0.00000E+00   2.29574E-01   4.94510E-71
         469   4.69000E+01   4.91589E+03   6.83956E-01   4.66001E-02   0.00000E+00   2.29221E-01   5.15390E-71
         470   4.70000E+01   4.91589E+03   6.86757E-01   4.73129E-02   0.00000E+00   2.28870E-01   5.31215E-71
         471   4.71000E+01   4.91589E+03   6.86203E-01   4.39831E-02   0.00000E+00   2.28520E-01   5.47665E-71
         472   4.72000E+01   4.91589E+03   6.89124E-01   4.47529E-02   0.00000E+00   2.28171E-01   5.74782E-71
         473   4.73000E+01   4.91589E+03   6.82977E-01   4.55580E-02   0.00000E+00   2.27820E-01   6.01680E-71
         474   4.74000E+01   4.91589E+03   6.77146E-01   4.64445E-02   0.00000E+00   2.27471E-01   6.26160E-71
         475   4.75000E+01   4.91589E+03   6.79619E-01   4.73621E-02   0.00000E+00   2.27122E-01   6.50380E-71
         476   4.76000E+01   4.91589E+03   6.82077E-01   4.82880E-02   0.00000E+00   2.26775E-01   6.79972E-71
         477   4.77000E+01   4.91589E+03   6.84519E-01   3.69743E-02   0.00000E+00   2.26428E-01   6.80500E-71
         478   4.78000E+01   4.91589E+03   6.86942E-01   3.79229E-02   0.00000E+00   2.26082E-01   7.00123E-71
         479   4.79000E+01   4.91589E+03   6.89912E-01   4.71138E-02   0.00000E+00   2.25747E-01   7.22456E-71
         480   4.80000E+01   4.91589E+03   6.91043E-01   4.88783E-02   0.00000E+00   2.25413E-01   7.49228E-71
         481   4.81000E+01   4.91589E+03   6.92493E-01   5.10031E-02   0.00000E+00   2.25080E-01   7.76453E-71
         482   4.82000E+01   4.91589E+03   6.93147E-01   5.22745E-02   0.00000E+00   2.24749E-01   7.95778E-71
         483   4.83000E+01   4.91589E+03   6.92162E-01   5.35523E-02   0.00000E+00   2.24419E-01   8.22550E-71
         484   4.84000E+01   4.91589E+03   6.93028E-01   5.51276E-02   0.00000E+00   2.24090E-01   8.49725E-71
         485   4.85000E+01   4.91589E+03   6.95290E-01   5.81083E-02   0.00000E+00   2.23769E-01   8.69412E-71
         486   4.86000E+01   4.91589E+03   6.96069E-01   5.96339E-02   0.00000E+00   2.23450E-01   8.87198E-71
         487   4.87000E+01   4.91589E+03   7.21299E-01   4.98707E-02   0.00000E+00   2.23129E-01   9.13995E-71
         488   4.88000E+01   4.91589E+03   7.22189E-01   5.12012E-02   0.00000E+00   2.22809E-01   9.36847E-71
         489   4.89000E+01   4.91589E+03   7.23188E-01   5.25467E-02   0.00000E+00   2.22490E-01   9.56767E-71
         490   4.90000E+01   4.91589E+03   7.23343E-01   5.39240E-02   0.00000E+00   2.22172E-01   9.60155E-71
         491   4.91000E+01   4.91589E+03   7.23988E-01   5.53327E-02   0.00000E+00   2.21855E-01   9.79371E-71
         492   4.92000E+01   4.91589E+03   7.22606E-01   5.13175E-02   0.00000E+00   2.21541E-01   9.82156E-71
         493   4.93000E+01   4.91589E+03   7.23264E-01   5.30055E-02   0.00000E+00   2.21230E-01   9.84115E-71
         494   4.94000E+01   4.91589E+03   7.23892E-01   5.19323E-02   0.00000E+00   2.20923E-01   9.88500E-71
         495   4.95000E+01   4.91589E+03   7.24557E-01   5.37731E-02   0.00000E+00   2.20617E-01   9.91682E-71
         496   4.96000E+01   4.91589E+03   7.25256E-01   5.57061E-02   0.00000E+00   2.20311E-01   9.99199E-71
         497   4.97000E+01   4.91589E+03   7.24636E-01   5.74666E-02   0.00000E+00   2.20003E-01   1.00372E-70
         498   4.98000E+01   4.91589E+03   7.25415E-01   5.95356E-02   0.00000E+00   2.19695E-01   1.01111E-70
         499   4.99000E+01   4.91589E+03   7.26169E-01   6.16086E-02   0.00000E+00   2.19387E-01   1.02070E-70
         500   5.00000E+01   4.91589E+03   7.29405E-01   6.12244E-02   0.00000E+00   2.19081E-01   1.03257E-70
         501   5.01000E+01   4.91589E+03   7.24267E-01   5.56306E-02   0.00000E+00   2.18775E-01   1.04221E-70
         502   5.02000E+01   4.91589E+03   7.24929E-01   5.69187E-02   0.00000E+00   2.18471E-01   1.05836E-70
         503   5.03000E+01   4.91589E+03   7.25595E-01   5.81881E-02   0.00000E+00   2.18166E-01   1.07466E-70
         504   5.04000E+01   4.91589E+03   7.27158E-01   5.89443E-02   0.00000E+00   2.17864E-01   1.09196E-70
         505   5.05000E+01   4.91589E+03   7.27898E-01   6.02356E-02   0.00000E+00   2.17563E-01   1.11361E-70
         506   5.06000E+01   4.91589E+03   7.43039E-01   6.04416E-02   0.00000E+00   2.17259E-01   1.13520E-70
         507   5.07000E+01   4.91589E+03   7.51398E-01   6.98005E-02   0.00000E+00   2.16957E-01   1.16128E-70
         508   5.08000E+01   4.91589E+03   7.39827E-01   5.87775E-02   0.00000E+00   2.16658E-01   1.19038E-70
         509   5.09000E+01   4.91589E+03   7.41145E-01   6.05346E-02   0.00000E+00   2.16360E-01   1.22582E-70
         510   5.10000E+01   4.91589E+03   7.43144E-01   6.50482E-02   0.00000E+00   2.16063E-01   1.26471E-70
         511   5.11000E+01   4.91589E+03   7.34227E-01   7.77616E-02   0.00000E+00   2.15770E-01   1.30884E-70
         512   5.12000E+01   4.91589E+03   7.35557E-01   7.94019E-02   0.00000E+00   2.15478E-01   1.35263E-70
         513   5.13000E+01   4.91589E+03   7.36900E-01   8.10128E-02   0.00000E+00   2.15187E-01   1.40940E-70
         514   5.14000E+01   4.91589E+03   7.32771E-01   8.26072E-02   0.00000E+00   2.14901E-01   1.46389E-70
         515   5.15000E+01   4.91589E+03   7.34284E-01   8.39686E-02   0.00000E+00   2.14615E-01   1.53047E-70
         516   5.16000E+01   4.91589E+03   7.35685E-01   8.23986E-02   0.00000E+00   2.14332E-01   1.61509E-70
         517   5.17000E+01   4.91589E+03   7.37038E-01   8.41316E-02   0.00000E+00   2.14051E-01   1.69356E-70
         518   5.18000E+01   4.91589E+03   7.38343E-01   8.58498E-02   0.00000E+00   2.13771E-01   1.79227E-70
         519   5.19000E+01   4.91589E+03   7.40029E-01   8.78650E-02   0.00000E+00   2.13493E-01   2.02517E-70
         520   5.20000E+01   4.91589E+03   7.41403E-01   8.95529E-02   0.00000E+00   2.13216E-01   1.87104E-70
         521   5.21000E+01   4.91589E+03   7.41981E-01   9.12250E-02   0.00000E+00   2.12941E-01   2.11352E-70
         522   5.22000E+01   4.91589E+03   7.43331E-01   9.28860E-02   0.00000E+00   2.12668E-01   2.12194E-70
         523   5.23000E+01   4.91589E+03   7.44197E-01   9.42551E-02   0.00000E+00   2.12396E-01   2.19399E-70
         524   5.24000E+01   4.91589E+03   7.45527E-01   9.58775E-02   0.00000E+00   2.12125E-01   2.25030E-70
         525   5.25000E+01   4.91589E+03   7.45565E-01   9.63969E-02   0.00000E+00   2.11851E-01   2.31437E-70
         526   5.26000E+01   4.91589E+03   7.43481E-01   9.45621E-02   0.00000E+00   2.11576E-01   2.38961E-70
         527   5.27000E+01   4.91589E+03   7.44776E-01   9.61206E-02   0.00000E+00   2.11302E-01   2.43418E-70
         528   5.28000E+01   4.91589E+03   7.46070E-01   9.76657E-02   0.00000E+00   2.11030E-01   2.49794E-70
         529   5.29000E+01   4.91589E+03   7.47378E-01   9.92733E-02   0.00000E+00   2.10759E-01   2.56272E-70
         530   5.30000E+01   4.91589E+03   7.48672E-01   1.00878E-01   0.00000E+00   2.10489E-01   2.64865E-70
         531   5.31000E+01   4.91589E+03   7.49966E-01   1.02466E-01   0.00000E+00   2.10221E-01   2.71662E-70
         532   5.32000E+01   4.91589E+03   7.51260E-01   1.04038E-01   0.00000E+00   2.09953E-01   2.77748E-70
         533   5.33000E+01   4.91589E+03   7.52554E-01   1.05594E-01   0.00000E+00   2.09687E-01   2.85917E-70
         534   5.34000E+01   4.91589E+03   7.53846E-01   1.07133E-01   0.00000E+00   2.09421E-01   2.88754E-70
         535   5.35000E+01   4.91589E+03   7.55135E-01   1.08651E-01   0.00000E+00   2.09157E-01   2.93833E-70
         536   5.36000E+01   4.91589E+03   7.56423E-01   1.10140E-01   0.00000E+00   2.08894E-01   2.99092E-70
         537   5.37000E+01   4.91589E+03   7.51159E-01   1.18953E-01   0.00000E+00   2.08633E-01   3.06153E-70
         538   5.38000E+01   4.91589E+03   7.55709E-01   1.21209E-01   0.00000E+00   2.08373E-01   3.09648E-70
         539   5.39000E+01   4.91589E+03   7.56899E-01   1.22611E-01   0.00000E+00   2.08113E-01   3.19523E-70
         540   5.40000E+01   4.91589E+03   7.58087E-01   1.23977E-01   0.00000E+00   2.07855E-01   3.27311E-70
         541   5.41000E+01   4.91589E+03   7.44210E-01   1.25307E-01   0.00000E+00   2.07598E-01   3.32011E-70
         542   5.42000E+01   4.91589E+03   7.45242E-01   1.26602E-01   0.00000E+00   2.07342E-01   3.35980E-70
         543   5.43000E+01   4.91589E+03   7.46274E-01   1.27861E-01   0.00000E+00   2.07086E-01   3.41237E-70
         544   5.44000E+01   4.91589E+03   7.47308E-01   1.29085E-01   0.00000E+00   2.06831E-01   3.45473E-70
         545   5.45000E+01   4.91589E+03   7.48644E-01   1.30057E-01   0.00000E+00   2.06578E-01   3.52659E-70
         546   5.46000E+01   4.91589E+03   7.49706E-01   1.31195E-01   0.00000E+00   2.06325E-01   3.58371E-70
         547   5.47000E+01   4.91589E+03   7.50771E-01   1.32296E-01   0.00000E+00   2.06073E-01   3.63846E-70
         548   5.48000E+01   4.91589E+03   7.42906E-01   1.40473E-01   0.00000E+00   2.05819E-01   3.66490E-70
         549   5.49000E+01   4.91589E+03   7.48620E-01   1.45842E-01   0.00000E+00   2.05565E-01   3.62952E-70
         550   5.50000E+01   4.91589E+03   7.49374E-01   1.46636E-01   0.00000E+00   2.05312E-01   3.71194E-70
         551   5.51000E+01   4.91589E+03   7.50888E-01   1.46844E-01   0.00000E+00   2.05060E-01   3.80321E-70
         552   5.52000E+01   4.91589E+03   7.68058E-01   1.64199E-01   0.00000E+00   2.04812E-01   3.68311E-70
         553   5.53000E+01   4.91589E+03   7.68769E-01   1.58965E-01   0.00000E+00   2.04568E-01   3.61873E-70
         554   5.54000E+01   4.91589E+03   7.68762E-01   1.58758E-01   0.00000E+00   2.04327E-01   3.55683E-70
         555   5.55000E+01   4.91589E+03   7.68021E-01   1.58212E-01   0.00000E+00   2.04089E-01   3.51597E-70
         556   5.56000E+01   4.91589E+03   7.68027E-01   1.57858E-01   0.00000E+00   2.03854E-01   3.45142E-70
         557   5.57000E+01   4.91589E+03   7.67902E-01   1.57504E-01   0.00000E+00   2.03624E-01   3.49811E-70
         558   5.58000E+01   4.91589E+03   7.67890E-01   1.57212E-01   0.00000E+00   2.03396E-01   3.35485E-70
         559   5.59000E+01   4.91589E+03   7.67904E-01   1.56931E-01   0.00000E+00   2.03171E-01   3.39093E-70
         560   5.60000E+01   4.91589E+03   7.67945E-01   1.56663E-01   0.00000E+00   2.02948E-01   3.26853E-70
         561   5.61000E+01   4.91589E+03   7.68013E-01   1.56405E-01   0.00000E+00   2.02727E-01   3.20840E-70
         562   5.62000E+01   4.91589E+03   7.68105E-01   1.67192E-01   0.00000E+00   2.02508E-01   3.00783E-70
         563   5.63000E+01   4.91589E+03   7.68229E-01   1.67128E-01   0.00000E+00   2.02291E-01   3.04957E-70
         564   5.64000E+01   4.91589E+03   7.68388E-01   1.67078E-01   0.00000E+00   2.02074E-01   3.03860E-70
         565   5.65000E+01   4.91589E+03   7.83741E-01   1.41805E-01   0.00000E+00   2.01862E-01   2.81929E-70
         566   5.66000E+01   4.91589E+03   7.84221E-01   1.41772E-01   0.00000E+00   2.01650E-01   2.78108E-70
         567   5.67000E+01   4.91589E+03   7.84834E-01   1.41852E-01   0.00000E+00   2.01439E-01   2.77755E-70
         568   5.68000E+01   4.91589E+03   7.85468E-01   1.43150E-01   0.00000E+00   2.01228E-01   2.64454E-70
         569   5.69000E+01   4.91589E+03   7.86126E-01   1.43215E-01   0.00000E+00   2.01017E-01   2.36297E-70
         570   5.70000E+01   4.91589E+03   7.86817E-01   1.43321E-01   0.00000E+00   2.00807E-01   2.35094E-70
         571   5.71000E+01   4.91589E+03   7.87557E-01   1.43377E-01   0.00000E+00   2.00599E-01   2.23350E-70
         572   5.72000E+01   4.91589E+03   7.88312E-01   1.43431E-01   0.00000E+00   2.00391E-01   2.24411E-70
         573   5.73000E+01   4.91589E+03   7.89157E-01   1.43579E-01   0.00000E+00   2.00185E-01   2.17619E-70
         574   5.74000E+01   4.91589E+03   7.90328E-01   1.44125E-01   0.00000E+00   1.99980E-01   2.12738E-70
         575   5.75000E+01   4.91589E+03   7.91484E-01   1.44651E-01   0.00000E+00   1.99776E-01   1.85995E-70
         576   5.76000E+01   4.91589E+03   7.92630E-01   1.45154E-01   0.00000E+00   1.99573E-01   1.95829E-70
         577   5.77000E+01   4.91589E+03   7.90882E-01   1.42758E-01   0.00000E+00   1.99372E-01   1.59748E-70
         578   5.78000E+01   4.91589E+03   7.91704E-01   1.42885E-01   0.00000E+00   1.99171E-01   1.50551E-70
         579   5.79000E+01   4.91589E+03   7.92770E-01   1.43264E-01   0.00000E+00   1.98971E-01   1.38948E-70
         580   5.80000E+01   4.91589E+03   7.93827E-01   1.43724E-01   0.00000E+00   1.98772E-01   1.09093E-70
         581   5.81000E+01   4.91589E+03   7.91754E-01   1.47287E-01   0.00000E+00   1.98574E-01   9.84805E-71
         582   5.82000E+01   4.91589E+03   7.90373E-01   1.50502E-01   0.00000E+00   1.98375E-01   9.16888E-71
         583   5.83000E+01   4.91589E+03   7.76194E-01   1.78592E-01   0.00000E+00   1.98179E-01   6.01354E-71
         584   5.84000E+01   4.91589E+03   7.77202E-01   1.78710E-01   0.00000E+00   1.97984E-01   5.02307E-71
         585   5.85000E+01   4.91589E+03   7.78445E-01   1.79083E-01   0.00000E+00   1.97791E-01   9.67826E-71
         586   5.86000E+01   4.91589E+03   7.79447E-01   1.79213E-01   0.00000E+00   1.97599E-01  -1.64134E-71
         587   5.87000E+01   4.91589E+03   7.80409E-01   1.79302E-01   0.00000E+00   1.97408E-01  -5.68810E-71
         588   5.88000E+01   4.91589E+03   7.78671E-01   1.76685E-01   0.00000E+00   1.97217E-01  -6.73516E-71
         589   5.89000E+01   4.91589E+03   7.79570E-01   1.76773E-01   0.00000E+00   1.97028E-01  -1.02159E-70
         590   5.90000E+01   4.91589E+03   7.91832E-01   1.43629E-01   0.00000E+00   1.96838E-01  -7.52753E-71
         591   5.91000E+01   4.91589E+03   7.92998E-01   1.45305E-01   0.00000E+00   1.96649E-01  -1.29326E-70
         592   5.92000E+01   4.91589E+03   7.94149E-01   1.45132E-01   0.00000E+00   1.96460E-01  -1.24516E-70
         593   5.93000E+01   4.91589E+03   7.95290E-01   1.44960E-01   0.00000E+00   1.96273E-01  -1.18290E-70
         594   5.94000E+01   4.91589E+03   7.96422E-01   1.44789E-01   0.00000E+00   1.96087E-01  -1.29609E-70
         595   5.95000E+01   4.91589E+03   8.05488E-01   1.53313E-01   0.00000E+00   1.95906E-01  -1.76869E-70
         596   5.96000E+01   4.91589E+03   8.06326E-01   1.52821E-01   0.00000E+00   1.95726E-01  -1.81114E-70
         597   5.97000E+01   4.91589E+03   8.07160E-01   1.52338E-01   0.00000E+00   1.95547E-01  -1.94697E-70
         598   5.98000E+01   4.91589E+03   8.07995E-01   1.51860E-01   0.00000E+00   1.95368E-01  -1.64700E-70
         599   5.99000E+01   4.91589E+03   8.08948E-01   1.51384E-01   0.00000E+00   1.95192E-01  -1.80548E-70
         600   6.00000E+01   4.91589E+03   8.10412E-01   1.50915E-01   0.00000E+00   1.95015E-01  -1.88471E-70
         601   6.01000E+01   4.91589E+03   8.07319E-01   1.48063E-01   0.00000E+00   1.94833E-01  -1.46023E-70
         602   6.02000E+01   4.91589E+03   8.08142E-01   1.47415E-01   0.00000E+00   1.94655E-01  -1.69794E-70
         603   6.03000E+01   4.91589E+03   8.08975E-01   1.46790E-01   0.00000E+00   1.94480E-01  -1.80548E-70
         604   6.04000E+01   4.91589E+03   7.75380E-01   1.42289E-01   0.00000E+00   1.94303E-01  -7.98032E-71
         605   6.05000E+01   4.91589E+03   7.75844E-01   1.41774E-01   0.00000E+00   1.94129E-01  -7.98032E-71
         606   6.06000E+01   4.91589E+03   7.76316E-01   1.41891E-01   0.00000E+00   1.93956E-01   2.71670E-71
         607   6.07000E+01   4.91589E+03   7.76970E-01   1.41356E-01   0.00000E+00   1.93784E-01   7.13135E-71
         608   6.08000E+01   4.91589E+03   7.77731E-01   1.40831E-01   0.00000E+00   1.93614E-01   1.01876E-70
         609   6.09000E+01   4.91589E+03   7.78489E-01   1.40314E-01   0.00000E+00   1.93444E-01   4.67499E-70
         610   6.10000E+01   4.91589E+03   7.79216E-01   1.39806E-01   0.00000E+00   1.93275E-01   3.90526E-70
         611   6.11000E+01   4.91589E+03   7.79931E-01   1.39303E-01   0.00000E+00   1.93107E-01   5.82959E-70
         612   6.12000E+01   4.91589E+03   7.79751E-01   1.37907E-01   0.00000E+00   1.92933E-01   9.59902E-70
         613   6.13000E+01   4.91589E+03   7.80467E-01   1.37434E-01   0.00000E+00   1.92755E-01   1.37986E-69
         614   6.14000E+01   4.91589E+03   7.81177E-01   1.36678E-01   0.00000E+00   1.92578E-01   2.00131E-69
         615   6.15000E+01   4.91589E+03   7.76553E-01   1.31019E-01   0.00000E+00   1.92401E-01   3.33362E-69
         616   6.16000E+01   4.91589E+03   7.77186E-01   1.30188E-01   0.00000E+00   1.92224E-01   4.47237E-69
         617   6.17000E+01   4.91589E+03   7.77816E-01   1.29342E-01   0.00000E+00   1.92046E-01   5.46623E-69
         618   6.18000E+01   4.91589E+03   7.78443E-01   1.28479E-01   0.00000E+00   1.91867E-01   5.92241E-69
         619   6.19000E+01   4.91589E+03   7.83686E-01   1.24826E-01   0.00000E+00   1.91687E-01   6.90496E-69
         620   6.20000E+01   4.91589E+03   7.84166E-01   1.23966E-01   0.00000E+00   1.91507E-01   8.36405E-69
         621   6.21000E+01   4.91589E+03   7.83927E-01   1.20882E-01   0.00000E+00   1.91322E-01   1.05929E-68
         622   6.22000E+01   4.91589E+03   7.84393E-01   1.21515E-01   0.00000E+00   1.91136E-01   1.19150E-68
         623   6.23000E+01   4.91589E+03   7.84851E-01   1.20666E-01   0.00000E+00   1.90950E-01   1.88845E-68
         624   6.24000E+01   4.91589E+03   7.75534E-01   1.27502E-01   0.00000E+00   1.90766E-01   2.19917E-68
         625   6.25000E+01   4.91589E+03   7.75784E-01   1.27322E-01   0.00000E+00   1.90582E-01   2.78270E-68
         626   6.26000E+01   4.91589E+03   7.76026E-01   1.26496E-01   0.00000E+00   1.90397E-01   3.23763E-68
         627   6.27000E+01   4.91589E+03   7.76259E-01   1.25643E-01   0.00000E+00   1.90211E-01   4.03849E-68
         628   6.28000E+01   4.91589E+03   7.56440E-01   1.76225E-01   0.00000E+00   1.90023E-01   5.66931E-68
         629   6.29000E+01   4.91589E+03   7.39337E-01   1.88370E-01   0.00000E+00   1.89826E-01   7.92553E-68
         630   6.30000E+01   4.91589E+03   7.38765E-01   1.88238E-01   0.00000E+00   1.89629E-01   9.39527E-68
         631   6.31000E+01   4.91589E+03   7.38123E-01   1.95408E-01   0.00000E+00   1.89429E-01   1.01009E-67
         632   6.32000E+01   4.91589E+03   7.37475E-01   1.95295E-01   0.00000E+00   1.89227E-01   1.24409E-67
         633   6.33000E+01   4.91589E+03   7.36839E-01   1.95185E-01   0.00000E+00   1.89024E-01   1.45267E-67
         634   6.34000E+01   4.91589E+03   7.36192E-01   2.03138E-01   0.00000E+00   1.88820E-01   1.64069E-67
         635   6.35000E+01   4.91589E+03   7.35564E-01   2.03660E-01   0.00000E+00   1.88615E-01   2.14891E-67
         636   6.36000E+01   4.91589E+03   7.30741E-01   2.07269E-01   0.00000E+00   1.88412E-01   2.45511E-67
         637   6.37000E+01   4.91589E+03   7.30095E-01   2.07850E-01   0.00000E+00   1.88207E-01   2.52864E-67
         638   6.38000E+01   4.91589E+03   7.29444E-01   2.08435E-01   0.00000E+00   1.88001E-01   3.60196E-67
         639   6.39000E+01   4.91589E+03   7.30240E-01   2.10250E-01   0.00000E+00   1.87794E-01   4.26314E-67
         640   6.40000E+01   4.91589E+03   7.29598E-01   2.10906E-01   0.00000E+00   1.87587E-01   6.21623E-67
         641   6.41000E+01   4.91589E+03   7.32882E-01   2.11567E-01   0.00000E+00   1.87363E-01   6.80944E-67
         642   6.42000E+01   4.91589E+03   7.48287E-01   2.02293E-01   0.00000E+00   1.87153E-01   3.35951E-66
         643   6.43000E+01   4.91589E+03   7.47665E-01   1.98770E-01   0.00000E+00   1.86947E-01   1.26087E-65
         644   6.44000E+01   4.91589E+03   7.46989E-01   1.99243E-01   0.00000E+00   1.86744E-01   4.31939E-65
         645   6.45000E+01   4.91589E+03   7.67239E-01   1.77789E-01   0.00000E+00   1.86543E-01   7.03726E-65
         646   6.46000E+01   4.91589E+03   7.66812E-01   1.78112E-01   0.00000E+00   1.86344E-01   3.16252E-64
         647   6.47000E+01   4.91589E+03   7.66364E-01   1.78441E-01   0.00000E+00   1.86147E-01   2.23899E-64
         648   6.48000E+01   4.91589E+03   7.65899E-01   1.78776E-01   0.00000E+00   1.85952E-01   1.05426E-63
         649   6.49000E+01   4.91589E+03   7.65420E-01   1.79116E-01   0.00000E+00   1.85757E-01   4.99862E-63
         650   6.50000E+01   4.91589E+03   7.64932E-01   1.79471E-01   0.00000E+00   1.85564E-01   7.65204E-63
         651   6.51000E+01   4.91589E+03   7.64435E-01   1.79839E-01   0.00000E+00   1.85372E-01   2.10614E-62
         652   6.52000E+01   4.91589E+03   7.59664E-01   1.79064E-01   0.00000E+00   1.85173E-01   2.62382E-62
         653   6.53000E+01   4.91589E+03   7.59194E-01   1.79524E-01   0.00000E+00   1.84976E-01   5.78286E-62
         654   6.54000E+01   4.91589E+03   7.26599E-01   1.90739E-01   0.00000E+00   1.84780E-01   7.07625E-62
         655   6.55000E+01   4.91589E+03   7.25881E-01   1.91461E-01   0.00000E+00   1.84584E-01   9.84198E-62
         656   6.56000E+01   4.91589E+03   7.30960E-01   1.92180E-01   0.00000E+00   1.84388E-01   1.42037E-61
         657   6.57000E+01   4.91589E+03   7.28831E-01   1.91281E-01   0.00000E+00   1.84192E-01   2.02403E-61
         658   6.58000E+01   4.91589E+03   7.29789E-01   1.91841E-01   0.00000E+00   1.83997E-01   6.95996E-62
         659   6.59000E+01   4.91589E+03   7.39955E-01   1.89269E-01   0.00000E+00   1.83805E-01  -3.50244E-61
         660   6.60000E+01   4.91589E+03   7.39496E-01   1.89695E-01   0.00000E+00   1.83614E-01  -1.40414E-60
         661   6.61000E+01   4.91589E+03   7.39036E-01   1.90121E-01   0.00000E+00   1.83422E-01  -4.08314E-60
         662   6.62000E+01   4.91589E+03   7.38575E-01   1.90547E-01   0.00000E+00   1.83232E-01  -6.59132E-60
         663   6.63000E+01   4.91589E+03   7.38114E-01   1.91099E-01   0.00000E+00   1.83042E-01  -1.71005E-59
         664   6.64000E+01   4.91589E+03   7.37656E-01   1.91572E-01   0.00000E+00   1.82852E-01  -3.41675E-59
         665   6.65000E+01   4.91589E+03   7.37197E-01   1.92052E-01   0.00000E+00   1.82663E-01  -6.33759E-59
         666   6.66000E+01   4.91589E+03   7.33470E-01   1.89876E-01   0.00000E+00   1.82475E-01  -1.13469E-58
         667   6.67000E+01   4.91589E+03   7.32990E-01   1.91485E-01   0.00000E+00   1.82288E-01  -1.52211E-58
         668   6.68000E+01   4.91589E+03   7.32672E-01   1.91893E-01   0.00000E+00   1.82101E-01  -2.63231E-58
         669   6.69000E+01   4.91589E+03   7.32349E-01   1.92299E-01   0.00000E+00   1.81914E-01  -4.41262E-58
         670   6.70000E+01   4.91589E+03   7.32021E-01   1.92694E-01   0.00000E+00   1.81729E-01  -7.03103E-58
         671   6.71000E+01   4.91589E+03   7.31689E-01   1.93079E-01   0.00000E+00   1.81543E-01  -1.09826E-57
         672   6.72000E+01   4.91589E+03   7.31353E-01   1.93455E-01   0.00000E+00   1.81359E-01  -1.67313E-57
         673   6.73000E+01   4.91589E+03   7.31014E-01   1.93823E-01   0.00000E+00   1.81175E-01  -2.14620E-57
         674   6.74000E+01   4.91589E+03   7.30672E-01   1.94180E-01   0.00000E+00   1.80992E-01  -3.15649E-57
         675   6.75000E+01   4.91589E+03   7.17898E-01   2.02915E-01   0.00000E+00   1.80809E-01  -4.15505E-57
         676   6.76000E+01   4.91589E+03   7.18936E-01   1.93775E-01   0.00000E+00   1.80625E-01  -6.41305E-57
         677   6.77000E+01   4.91589E+03   7.18707E-01   1.94175E-01   0.00000E+00   1.80442E-01  -9.49676E-57
         678   6.78000E+01   4.91589E+03   7.24002E-01   1.95168E-01   0.00000E+00   1.80258E-01  -1.31123E-56
         679   6.79000E+01   4.91589E+03   7.23925E-01   1.95590E-01   0.00000E+00   1.80075E-01  -1.58800E-56
         680   6.80000E+01   4.91589E+03   7.23854E-01   1.96007E-01   0.00000E+00   1.79892E-01  -1.97807E-56
         681   6.81000E+01   4.91589E+03   7.23457E-01   2.01201E-01   0.00000E+00   1.79711E-01  -2.54493E-56
         682   6.82000E+01   4.91589E+03   7.23391E-01   2.01631E-01   0.00000E+00   1.79531E-01  -3.24215E-56
         683   6.83000E+01   4.91589E+03   7.23319E-01   2.02050E-01   0.00000E+00   1.79351E-01  -3.84227E-56
         684   6.84000E+01   4.91589E+03   7.23233E-01   2.03802E-01   0.00000E+00   1.79172E-01  -4.19205E-56
         685   6.85000E+01   4.91589E+03   7.23138E-01   2.04204E-01   0.00000E+00   1.78994E-01  -4.93348E-56
         686   6.86000E+01   4.91589E+03   7.23051E-01   2.04608E-01   0.00000E+00   1.78816E-01  -5.70139E-56
         687   6.87000E+01   4.91589E+03   7.22969E-01   2.05015E-01   0.00000E+00   1.78640E-01  -6.50390E-56
         688   6.88000E+01   4.91589E+03   7.22892E-01   2.05426E-01   0.00000E+00   1.78464E-01  -7.43064E-56
         689   6.89000E+01   4.91589E+03   7.22819E-01   2.05852E-01   0.00000E+00   1.78289E-01  -8.33578E-56
         690   6.90000E+01   4.91589E+03   7.22738E-01   2.06341E-01   0.00000E+00   1.78115E-01  -8.89462E-56
         691   6.91000E+01   4.91589E+03   7.22662E-01   2.06836E-01   0.00000E+00   1.77942E-01  -9.30468E-56
         692   6.92000E+01   4.91589E+03   7.43613E-01   1.86204E-01   0.00000E+00   1.77770E-01  -1.03640E-55
         693   6.93000E+01   4.91589E+03   7.43289E-01   1.86541E-01   0.00000E+00   1.77601E-01  -1.10912E-55
         694   6.94000E+01   4.91589E+03   7.24785E-01   2.05538E-01   0.00000E+00   1.77434E-01  -1.22185E-55
         695   6.95000E+01   4.91589E+03   7.22812E-01   2.19121E-01   0.00000E+00   1.77267E-01  -1.35579E-55
         696   6.96000E+01   4.91589E+03   7.22403E-01   2.19876E-01   0.00000E+00   1.77101E-01  -1.41382E-55
         697   6.97000E+01   4.91589E+03   7.22757E-01   2.19869E-01   0.00000E+00   1.76935E-01  -1.57963E-55
         698   6.98000E+01   4.91589E+03   7.23106E-01   2.19870E-01   0.00000E+00   1.76769E-01  -1.76479E-55
         699   6.99000E+01   4.91589E+03   7.21570E-01   2.23740E-01   0.00000E+00   1.76604E-01  -1.92087E-55
         700   7.00000E+01   4.91589E+03   7.21892E-01   2.23789E-01   0.00000E+00   1.76439E-01  -2.12618E-55
         701   7.01000E+01   4.91589E+03   7.22337E-01   2.21433E-01   0.00000E+00   1.76275E-01  -2.10177E-55
         702   7.02000E+01   4.91589E+03   7.22943E-01   2.21210E-01   0.00000E+00   1.76111E-01  -2.10355E-55
         703   7.03000E+01   4.91589E+03   7.30942E-01   2.45081E-01   0.00000E+00   1.75946E-01  -2.33800E-55
         704   7.04000E+01   4.91589E+03   7.26391E-01   2.45123E-01   0.00000E+00   1.75783E-01   1.25309E-54
         705   7.05000E+01   4.91589E+03   7.22320E-01   2.49892E-01   0.00000E+00   1.75620E-01   2.25893E-53
         706   7.06000E+01   4.91589E+03   7.23030E-01   2.49927E-01   0.00000E+00   1.75458E-01  -2.70701E-52
         707   7.07000E+01   4.91589E+03   7.23738E-01   2.49949E-01   0.00000E+00   1.75296E-01   6.01771E-53
         708   7.08000E+01   4.91589E+03   7.01883E-01   2.68068E-01   0.00000E+00   1.75133E-01   7.04433E-51
         709   7.09000E+01   4.91589E+03   7.02547E-01   2.69332E-01   0.00000E+00   1.74972E-01  -3.29802E-50
         710   7.10000E+01   4.91589E+03   7.01978E-01   2.66080E-01   0.00000E+00   1.74809E-01  -4.21994E-48
         711   7.11000E+01   4.91589E+03   7.02681E-01   2.66075E-01   0.00000E+00   1.74647E-01   2.87082E-47
         712   7.12000E+01   4.91589E+03   7.06220E-01   2.63262E-01   0.00000E+00   1.74486E-01   2.15134E-47
         713   7.13000E+01   4.91589E+03   7.05676E-01   2.61907E-01   0.00000E+00   1.74320E-01   1.41962E-45
         714   7.14000E+01   4.91589E+03   6.99406E-01   2.54831E-01   0.00000E+00   1.74154E-01  -3.19795E-47
         715   7.15000E+01   4.91589E+03   6.99990E-01   2.54712E-01   0.00000E+00   1.73989E-01  -2.74229E-45
         716   7.16000E+01   4.91589E+03   7.00588E-01   2.54599E-01   0.00000E+00   1.73825E-01   7.54199E-44
         717   7.17000E+01   4.91589E+03   7.04366E-01   2.57636E-01   0.00000E+00   1.73662E-01   2.55711E-43
         718   7.18000E+01   4.91589E+03   7.01772E-01   2.52297E-01   0.00000E+00   1.73499E-01  -5.67408E-43
         719   7.19000E+01   4.91589E+03   7.01825E-01   2.53454E-01   0.00000E+00   1.73336E-01   8.14085E-42
         720   7.20000E+01   4.91589E+03   7.01633E-01   2.54361E-01   0.00000E+00   1.73174E-01   6.78250E-41
         721   7.21000E+01   4.91589E+03   7.01444E-01   2.55269E-01   0.00000E+00   1.73014E-01   1.98233E-40
         722   7.22000E+01   4.91589E+03   7.01257E-01   2.56179E-01   0.00000E+00   1.72854E-01   6.36159E-40
         723   7.23000E+01   4.91589E+03   6.93545E-01   2.47573E-01   0.00000E+00   1.72682E-01   6.52316E-40
         724   7.24000E+01   4.91589E+03   6.93131E-01   2.48398E-01   0.00000E+00   1.72512E-01   1.21712E-38
         725   7.25000E+01   4.91589E+03   6.92726E-01   2.49229E-01   0.00000E+00   1.72344E-01   1.27978E-38
         726   7.26000E+01   4.91589E+03   6.92316E-01   2.50065E-01   0.00000E+00   1.72177E-01   4.29544E-38
         727   7.27000E+01   4.91589E+03   7.01588E-01   2.56435E-01   0.00000E+00   1.72014E-01  -2.07333E-37
         728   7.28000E+01   4.91589E+03   7.00770E-01   2.56888E-01   0.00000E+00   1.71852E-01   1.02370E-36
         729   7.29000E+01   4.91589E+03   6.99962E-01   2.57361E-01   0.00000E+00   1.71691E-01   1.95354E-36
         730   7.30000E+01   4.91589E+03   6.99562E-01   2.57410E-01   0.00000E+00   1.71532E-01   1.11751E-35
         731   7.31000E+01   4.91589E+03   7.06738E-01   2.49059E-01   0.00000E+00   1.71388E-01   1.31778E-35
         732   7.32000E+01   4.91589E+03   7.05598E-01   2.49657E-01   0.00000E+00   1.71246E-01  -1.80402E-35
         733   7.33000E+01   4.91589E+03   7.04568E-01   2.50273E-01   0.00000E+00   1.71104E-01  -2.94764E-35
         734   7.34000E+01   4.91589E+03   7.03475E-01   2.50904E-01   0.00000E+00   1.70962E-01  -9.14821E-35
         735   7.35000E+01   4.91589E+03   7.02405E-01   2.51551E-01   0.00000E+00   1.70818E-01   3.07527E-34
         736   7.36000E+01   4.91589E+03   7.01382E-01   2.52212E-01   0.00000E+00   1.70674E-01   4.22814E-34
         737   7.37000E+01   4.91589E+03   7.00643E-01   2.53329E-01   0.00000E+00   1.70529E-01   1.65268E-33
         738   7.38000E+01   4.91589E+03   6.99689E-01   2.54030E-01   0.00000E+00   1.70384E-01  -1.61969E-33
         739   7.39000E+01   4.91589E+03   6.98756E-01   2.54743E-01   0.00000E+00   1.70237E-01  -3.23688E-33
         740   7.40000E+01   4.91589E+03   6.97838E-01   2.55469E-01   0.00000E+00   1.70091E-01  -1.11906E-33
         741   7.41000E+01   4.91589E+03   6.96938E-01   2.56203E-01   0.00000E+00   1.69943E-01   9.78920E-33
         742   7.42000E+01   4.91589E+03   6.95034E-01   2.56674E-01   0.00000E+00   1.69796E-01  -1.26298E-32
         743   7.43000E+01   4.91589E+03   6.93982E-01   2.57239E-01   0.00000E+00   1.69648E-01   7.24552E-32
         744   7.44000E+01   4.91589E+03   6.93286E-01   2.59230E-01   0.00000E+00   1.69495E-01   1.18384E-31
         745   7.45000E+01   4.91589E+03   6.92495E-01   2.60045E-01   0.00000E+00   1.69341E-01   1.96403E-32
         746   7.46000E+01   4.91589E+03   6.91807E-01   2.60790E-01   0.00000E+00   1.69187E-01   2.74561E-31
         747   7.47000E+01   4.91589E+03   6.91150E-01   2.61512E-01   0.00000E+00   1.69034E-01   7.10653E-31
         748   7.48000E+01   4.91589E+03   6.92743E-01   2.61715E-01   0.00000E+00   1.68880E-01   3.03966E-31
         749   7.49000E+01   4.91589E+03   6.92034E-01   2.62450E-01   0.00000E+00   1.68727E-01  -9.99005E-32
         750   7.50000E+01   4.91589E+03   6.91392E-01   2.63315E-01   0.00000E+00   1.68574E-01  -1.72991E-30
         751   7.51000E+01   4.91589E+03   6.85903E-01   2.68767E-01   0.00000E+00   1.68420E-01  -2.60707E-30
         752   7.52000E+01   4.91589E+03   6.85241E-01   2.69721E-01   0.00000E+00   1.68267E-01  -2.26065E-30
         753   7.53000E+01   4.91589E+03   6.84584E-01   2.70673E-01   0.00000E+00   1.68114E-01  -5.58787E-30
         754   7.54000E+01   4.91589E+03   6.83930E-01   2.71623E-01   0.00000E+00   1.67961E-01   6.18376E-30
         755   7.55000E+01   4.91589E+03   6.83281E-01   2.72570E-01   0.00000E+00   1.67809E-01   8.92919E-30
         756   7.56000E+01   4.91589E+03   6.82635E-01   2.73514E-01   0.00000E+00   1.67656E-01   1.39863E-29
         757   7.57000E+01   4.91589E+03   6.81996E-01   2.74455E-01   0.00000E+00   1.67504E-01   1.85783E-29
         758   7.58000E+01   4.91589E+03   6.82099E-01   2.76321E-01   0.00000E+00   1.67353E-01   6.28342E-30
         759   7.59000E+01   4.91589E+03   6.81499E-01   2.77242E-01   0.00000E+00   1.67202E-01   1.76310E-29
         760   7.60000E+01   4.91589E+03   6.80902E-01   2.78159E-01   0.00000E+00   1.67052E-01  -1.00884E-29
         761   7.61000E+01   4.91589E+03   6.87089E-01   2.83679E-01   0.00000E+00   1.66905E-01  -3.25885E-28
         762   7.62000E+01   4.91589E+03   6.86528E-01   2.84466E-01   0.00000E+00   1.66759E-01  -2.29066E-28
         763   7.63000E+01   4.91589E+03   6.88345E-01   2.82878E-01   0.00000E+00   1.66612E-01   2.02066E-28
         764   7.64000E+01   4.91589E+03   6.89768E-01   2.83650E-01   0.00000E+00   1.66466E-01   1.46511E-28
         765   7.65000E+01   4.91589E+03   6.89225E-01   2.84422E-01   0.00000E+00   1.66320E-01  -1.47393E-28
         766   7.66000E+01   4.91589E+03   6.89021E-01   2.84858E-01   0.00000E+00   1.66174E-01   1.20984E-27
         767   7.67000E+01   4.91589E+03   6.88897E-01   2.85218E-01   0.00000E+00   1.66029E-01   8.03734E-28
         768   7.68000E+01   4.91589E+03   6.88776E-01   2.85634E-01   0.00000E+00   1.65884E-01   1.37476E-27
         769   7.69000E+01   4.91589E+03   6.89859E-01   2.87727E-01   0.00000E+00   1.65741E-01   4.59646E-28
         770   7.70000E+01   4.91589E+03   6.89723E-01   2.88019E-01   0.00000E+00   1.65599E-01  -9.09933E-28
         771   7.71000E+01   4.91589E+03   6.89647E-01   2.88251E-01   0.00000E+00   1.65457E-01  -6.36504E-28
         772   7.72000E+01   4.91589E+03   6.87751E-01   2.88569E-01   0.00000E+00   1.65315E-01   1.03413E-27
         773   7.73000E+01   4.91589E+03   6.86965E-01   2.89564E-01   0.00000E+00   1.65174E-01   3.84052E-28
         774   7.74000E+01   4.91589E+03   6.88698E-01   2.89901E-01   0.00000E+00   1.65033E-01  -4.72144E-27
         775   7.75000E+01   4.91589E+03   6.88548E-01   2.90241E-01   0.00000E+00   1.64892E-01  -5.99667E-27
         776   7.76000E+01   4.91589E+03   6.88403E-01   2.90581E-01   0.00000E+00   1.64752E-01  -3.46184E-27
         777   7.77000E+01   4.91589E+03   6.88233E-01   2.91079E-01   0.00000E+00   1.64612E-01   5.63520E-27
         778   7.78000E+01   4.91589E+03   6.99704E-01   2.91674E-01   0.00000E+00   1.64472E-01   3.62925E-28
         779   7.79000E+01   4.91589E+03   6.99553E-01   2.92189E-01   0.00000E+00   1.64333E-01  -8.20038E-27
         780   7.80000E+01   4.91589E+03   6.99401E-01   2.92651E-01   0.00000E+00   1.64193E-01   1.26524E-26
         781   7.81000E+01   4.91589E+03   6.99514E-01   2.93116E-01   0.00000E+00   1.64054E-01  -1.32736E-26
         782   7.82000E+01   4.91589E+03   6.99302E-01   2.95735E-01   0.00000E+00   1.63913E-01   4.37183E-26
         783   7.83000E+01   4.91589E+03   6.99157E-01   2.96216E-01   0.00000E+00   1.63773E-01   8.27647E-26
         784   7.84000E+01   4.91589E+03   6.99017E-01   2.96700E-01   0.00000E+00   1.63633E-01   3.20148E-26
         785   7.85000E+01   4.91589E+03   6.98931E-01   2.97187E-01   0.00000E+00   1.63493E-01  -4.89971E-27
         786   7.86000E+01   4.91589E+03   6.98944E-01   2.97677E-01   0.00000E+00   1.63353E-01   5.50462E-26
         787   7.87000E+01   4.91589E+03   6.99094E-01   2.98117E-01   0.00000E+00   1.63213E-01   9.45707E-26
         788   7.88000E+01   4.91589E+03   6.99340E-01   2.98523E-01   0.00000E+00   1.63074E-01   2.15846E-25
         789   7.89000E+01   4.91589E+03   6.98018E-01   2.98126E-01   0.00000E+00   1.62918E-01   1.86519E-25
         790   7.90000E+01   4.91589E+03   6.98214E-01   2.97679E-01   0.00000E+00   1.62770E-01   5.45297E-25
         791   7.91000E+01   4.91589E+03   6.98420E-01   2.97735E-01   0.00000E+00   1.62624E-01  -1.51919E-24
         792   7.92000E+01   4.91589E+03   6.98634E-01   2.97807E-01   0.00000E+00   1.62480E-01   1.60634E-24
         793   7.93000E+01   4.91589E+03   6.98858E-01   2.97896E-01   0.00000E+00   1.62337E-01   1.81539E-23
         794   7.94000E+01   4.91589E+03   6.97921E-01   2.97664E-01   0.00000E+00   1.62192E-01  -6.27353E-23
         795   7.95000E+01   4.91589E+03   6.98144E-01   2.97740E-01   0.00000E+00   1.62048E-01  -8.37852E-22
         796   7.96000E+01   4.91589E+03   7.00843E-01   3.00480E-01   0.00000E+00   1.61905E-01   7.67769E-22
         797   7.97000E+01   4.91589E+03   6.94971E-01   3.05803E-01   0.00000E+00   1.61757E-01  -1.69255E-21
         798   7.98000E+01   4.91589E+03   6.95097E-01   3.12765E-01   0.00000E+00   1.61610E-01  -1.85285E-22
         799   7.99000E+01   4.91589E+03   6.95228E-01   3.12970E-01   0.00000E+00   1.61464E-01   8.63220E-22
         800   8.00000E+01   4.91589E+03   6.95365E-01   3.13181E-01   0.00000E+00   1.61320E-01   1.11550E-21
         801   8.01000E+01   4.91589E+03   6.95508E-01   3.13397E-01   0.00000E+00   1.61176E-01  -1.21780E-22
         802   8.02000E+01   4.91589E+03   6.95656E-01   3.13616E-01   0.00000E+00   1.61034E-01  -1.55909E-21
         803   8.03000E+01   4.91589E+03   6.95810E-01   3.13839E-01   0.00000E+00   1.60892E-01  -3.90885E-21
         804   8.04000E+01   4.91589E+03   6.94640E-01   3.16114E-01   0.00000E+00   1.60755E-01  -3.37970E-21
         805   8.05000E+01   4.91589E+03   6.92582E-01   3.17018E-01   0.00000E+00   1.60619E-01  -5.35370E-21
         806   8.06000E+01   4.91589E+03   7.00402E-01   3.09925E-01   0.00000E+00   1.60484E-01  -4.72179E-21
         807   8.07000E+01   4.91589E+03   7.00709E-01   3.10084E-01   0.00000E+00   1.60353E-01  -3.01851E-21
         808   8.08000E+01   4.91589E+03   7.01023E-01   3.10258E-01   0.00000E+00   1.60225E-01  -4.85089E-21
         809   8.09000E+01   4.91589E+03   7.01348E-01   3.10444E-01   0.00000E+00   1.60102E-01  -4.12696E-21
         810   8.10000E+01   4.91589E+03   7.01681E-01   3.10641E-01   0.00000E+00   1.59982E-01  -6.58247E-21
         811   8.11000E+01   4.91589E+03   7.02023E-01   3.10849E-01   0.00000E+00   1.59866E-01  -2.10191E-21
         812   8.12000E+01   4.91589E+03   7.02372E-01   3.11067E-01   0.00000E+00   1.59754E-01  -2.39889E-21
         813   8.13000E+01   4.91589E+03   7.06303E-01   3.08778E-01   0.00000E+00   1.59640E-01  -3.75980E-21
         814   8.14000E+01   4.91589E+03   7.06588E-01   3.09004E-01   0.00000E+00   1.59529E-01  -6.16736E-21
         815   8.15000E+01   4.91589E+03   7.06879E-01   3.09239E-01   0.00000E+00   1.59421E-01  -7.04936E-21
         816   8.16000E+01   4.91589E+03   7.07176E-01   3.09485E-01   0.00000E+00   1.59315E-01  -4.54892E-21
         817   8.17000E+01   4.91589E+03   7.05306E-01   3.10460E-01   0.00000E+00   1.59216E-01  -5.38467E-21
         818   8.18000E+01   4.91589E+03   7.05602E-01   3.10677E-01   0.00000E+00   1.59120E-01  -6.04526E-21
         819   8.19000E+01   4.91589E+03   7.05908E-01   3.10910E-01   0.00000E+00   1.59026E-01  -6.23529E-21
         820   8.20000E+01   4.91589E+03   7.06212E-01   3.11143E-01   0.00000E+00   1.58933E-01  -5.95195E-21
         821   8.21000E+01   4.91589E+03   7.06302E-01   3.11498E-01   0.00000E+00   1.58844E-01  -2.19486E-21
         822   8.22000E+01   4.91589E+03   7.06590E-01   3.11732E-01   0.00000E+00   1.58754E-01  -2.54605E-21
         823   8.23000E+01   4.91589E+03   6.97732E-01   3.18400E-01   0.00000E+00   1.58668E-01  -2.23933E-22
         824   8.24000E+01   4.91589E+03   6.97910E-01   3.18759E-01   0.00000E+00   1.58582E-01   6.17309E-22
         825   8.25000E+01   4.91589E+03   6.93182E-01   3.14655E-01   0.00000E+00   1.58503E-01  -1.37121E-21
         826   8.26000E+01   4.91589E+03   6.93367E-01   3.14360E-01   0.00000E+00   1.58421E-01   5.84920E-22
         827   8.27000E+01   4.91589E+03   6.93556E-01   3.14764E-01   0.00000E+00   1.58337E-01  -4.14456E-22
         828   8.28000E+01   4.91589E+03   6.95871E-01   3.13064E-01   0.00000E+00   1.58253E-01  -1.66002E-21
         829   8.29000E+01   4.91589E+03   6.96046E-01   3.13484E-01   0.00000E+00   1.58168E-01  -9.55523E-22
         830   8.30000E+01   4.91589E+03   6.96217E-01   3.13757E-01   0.00000E+00   1.58083E-01  -5.00204E-21
         831   8.31000E+01   4.91589E+03   6.91381E-01   3.19099E-01   0.00000E+00   1.57998E-01  -2.53836E-21
         832   8.32000E+01   4.91589E+03   6.91390E-01   3.19687E-01   0.00000E+00   1.57913E-01  -3.13238E-21
         833   8.33000E+01   4.91589E+03   6.91404E-01   3.20281E-01   0.00000E+00   1.57827E-01  -6.83742E-21
         834   8.34000E+01   4.91589E+03   6.91418E-01   3.20879E-01   0.00000E+00   1.57741E-01  -4.63454E-21
         835   8.35000E+01   4.91589E+03   6.89612E-01   3.23390E-01   0.00000E+00   1.57655E-01  -5.11818E-22
         836   8.36000E+01   4.91589E+03   6.88394E-01   3.23954E-01   0.00000E+00   1.57569E-01  -7.71449E-21
         837   8.37000E+01   4.91589E+03   6.88397E-01   3.24679E-01   0.00000E+00   1.57483E-01  -8.96430E-21
         838   8.38000E+01   4.91589E+03   6.88412E-01   3.25324E-01   0.00000E+00   1.57398E-01  -9.80408E-21
         839   8.39000E+01   4.91589E+03   6.88428E-01   3.25972E-01   0.00000E+00   1.57311E-01  -8.89930E-21
         840   8.40000E+01   4.91589E+03   6.88446E-01   3.26625E-01   0.00000E+00   1.57225E-01  -4.33192E-21
         841   8.41000E+01   4.91589E+03   6.88464E-01   3.27281E-01   0.00000E+00   1.57139E-01  -2.32562E-21
         842   8.42000E+01   4.91589E+03   6.87679E-01   3.27032E-01   0.00000E+00   1.57053E-01  -9.53582E-21
         843   8.43000E+01   4.91589E+03   6.88310E-01   3.26243E-01   0.00000E+00   1.56967E-01  -8.67407E-21
         844   8.44000E+01   4.91589E+03   6.88371E-01   3.26903E-01   0.00000E+00   1.56880E-01  -7.70066E-21
         845   8.45000E+01   4.91589E+03   6.88433E-01   3.27786E-01   0.00000E+00   1.56794E-01  -1.36326E-20
         846   8.46000E+01   4.91589E+03   6.88512E-01   3.28441E-01   0.00000E+00   1.56707E-01  -1.38864E-20
         847   8.47000E+01   4.91589E+03   6.88592E-01   3.29098E-01   0.00000E+00   1.56620E-01  -4.11502E-21
         848   8.48000E+01   4.91589E+03   6.88673E-01   3.29760E-01   0.00000E+00   1.56533E-01  -5.75035E-21
         849   8.49000E+01   4.91589E+03   6.92117E-01   3.28451E-01   0.00000E+00   1.56445E-01  -3.50518E-21
         850   8.50000E+01   4.91589E+03   6.92263E-01   3.29133E-01   0.00000E+00   1.56357E-01  -9.92286E-21
         851   8.51000E+01   4.91589E+03   6.92407E-01   3.29822E-01   0.00000E+00   1.56269E-01  -2.33430E-20
         852   8.52000E+01   4.91589E+03   6.92550E-01   3.30519E-01   0.00000E+00   1.56181E-01  -2.22710E-20
         853   8.53000E+01   4.91589E+03   6.92693E-01   3.31223E-01   0.00000E+00   1.56093E-01  -2.35995E-21
         854   8.54000E+01   4.91589E+03   6.92834E-01   3.31934E-01   0.00000E+00   1.56005E-01  -7.05171E-21
         855   8.55000E+01   4.91589E+03   6.92979E-01   3.39988E-01   0.00000E+00   1.55916E-01   1.93560E-22
         856   8.56000E+01   4.91589E+03   6.91991E-01   3.40465E-01   0.00000E+00   1.55828E-01  -1.19172E-20
         857   8.57000E+01   4.91589E+03   6.92101E-01   3.40873E-01   0.00000E+00   1.55739E-01  -1.72252E-20
         858   8.58000E+01   4.91589E+03   6.92209E-01   3.41671E-01   0.00000E+00   1.55650E-01  -1.66660E-20
         859   8.59000E+01   4.91589E+03   6.92316E-01   3.42476E-01   0.00000E+00   1.55561E-01  -1.54749E-20
         860   8.60000E+01   4.91589E+03   6.97572E-01   3.40477E-01   0.00000E+00   1.55471E-01   9.02950E-21
         861   8.61000E+01   4.91589E+03   6.97713E-01   3.41221E-01   0.00000E+00   1.55380E-01  -2.46831E-20
         862   8.62000E+01   4.91589E+03   6.97875E-01   3.35547E-01   0.00000E+00   1.55290E-01  -5.11396E-20
         863   8.63000E+01   4.91589E+03   6.98029E-01   3.36206E-01   0.00000E+00   1.55199E-01   2.63374E-20
         864   8.64000E+01   4.91589E+03   7.11061E-01   3.29793E-01   0.00000E+00   1.55109E-01   5.26484E-20
         865   8.65000E+01   4.91589E+03   7.11254E-01   3.30415E-01   0.00000E+00   1.55019E-01  -1.49554E-20
         866   8.66000E+01   4.91589E+03   7.11445E-01   3.31043E-01   0.00000E+00   1.54929E-01   1.16785E-19
         867   8.67000E+01   4.91589E+03   7.11634E-01   3.31677E-01   0.00000E+00   1.54838E-01   1.92065E-19
         868   8.68000E+01   4.91589E+03   7.11821E-01   3.32318E-01   0.00000E+00   1.54748E-01   2.75286E-21
         869   8.69000E+01   4.91589E+03   7.12005E-01   3.32965E-01   0.00000E+00   1.54657E-01  -1.86347E-20
         870   8.70000E+01   4.91589E+03   7.12168E-01   3.33598E-01   0.00000E+00   1.54567E-01   1.52911E-18
         871   8.71000E+01   4.91589E+03   7.12317E-01   3.34244E-01   0.00000E+00   1.54476E-01  -3.18908E-19
         872   8.72000E+01   4.91589E+03   7.12462E-01   3.34898E-01   0.00000E+00   1.54385E-01  -1.57548E-19
         873   8.73000E+01   4.91589E+03   7.12606E-01   3.35559E-01   0.00000E+00   1.54294E-01   1.36711E-18
         874   8.74000E+01   4.91589E+03   7.12748E-01   3.36225E-01   0.00000E+00   1.54203E-01  -3.15096E-19
         875   8.75000E+01   4.91589E+03   7.12887E-01   3.36895E-01   0.00000E+00   1.54112E-01   4.52316E-18
         876   8.76000E+01   4.91589E+03   7.13024E-01   3.37570E-01   0.00000E+00   1.54021E-01  -4.26905E-19
         877   8.77000E+01   4.91589E+03   7.12159E-01   3.39251E-01   0.00000E+00   1.53930E-01  -9.32414E-18
         878   8.78000E+01   4.91589E+03   7.17201E-01   3.39309E-01   0.00000E+00   1.53839E-01   8.02987E-18
         879   8.79000E+01   4.91589E+03   7.17249E-01   3.39842E-01   0.00000E+00   1.53748E-01  -3.52366E-19
         880   8.80000E+01   4.91589E+03   7.17293E-01   3.40375E-01   0.00000E+00   1.53657E-01   3.19162E-18
         881   8.81000E+01   4.91589E+03   7.17334E-01   3.40908E-01   0.00000E+00   1.53567E-01   2.34323E-17
         882   8.82000E+01   4.91589E+03   7.18569E-01   3.41603E-01   0.00000E+00   1.53480E-01   1.86618E-17
         883   8.83000E+01   4.91589E+03   7.18627E-01   3.42189E-01   0.00000E+00   1.53393E-01   2.10064E-18
         884   8.84000E+01   4.91589E+03   7.18646E-01   3.42756E-01   0.00000E+00   1.53306E-01   2.33510E-17
         885   8.85000E+01   4.91589E+03   7.18649E-01   3.43341E-01   0.00000E+00   1.53220E-01   8.70885E-17
         886   8.86000E+01   4.91589E+03   7.19500E-01   3.44753E-01   0.00000E+00   1.53133E-01  -3.69848E-17
         887   8.87000E+01   4.91589E+03   7.19513E-01   3.45326E-01   0.00000E+00   1.53045E-01  -1.27421E-16
         888   8.88000E+01   4.91589E+03   7.19528E-01   3.45899E-01   0.00000E+00   1.52958E-01   1.22000E-16
         889   8.89000E+01   4.91589E+03   7.19539E-01   3.46470E-01   0.00000E+00   1.52871E-01   8.20362E-16
         890   8.90000E+01   4.91589E+03   7.18842E-01   3.47107E-01   0.00000E+00   1.52781E-01  -8.16608E-16
         891   8.91000E+01   4.91589E+03   7.18851E-01   3.47669E-01   0.00000E+00   1.52692E-01  -4.77835E-16
         892   8.92000E+01   4.91589E+03   7.18860E-01   3.48231E-01   0.00000E+00   1.52603E-01   1.05164E-15
         893   8.93000E+01   4.91589E+03   7.18892E-01   3.48815E-01   0.00000E+00   1.52514E-01  -3.52664E-15
         894   8.94000E+01   4.91589E+03   7.18956E-01   3.49416E-01   0.00000E+00   1.52426E-01  -2.72578E-15
         895   8.95000E+01   4.91589E+03   7.19513E-01   3.50125E-01   0.00000E+00   1.52340E-01   1.86824E-15
         896   8.96000E+01   4.91589E+03   7.13212E-01   3.52167E-01   0.00000E+00   1.52252E-01   4.08332E-15
         897   8.97000E+01   4.91589E+03   7.09929E-01   3.49489E-01   0.00000E+00   1.52152E-01   1.80871E-14
         898   8.98000E+01   4.91589E+03   7.09519E-01   3.50926E-01   0.00000E+00   1.52047E-01   9.92435E-15
         899   8.99000E+01   4.91589E+03   7.10142E-01   3.53385E-01   0.00000E+00   1.51949E-01   1.65905E-14
         900   9.00000E+01   4.91589E+03   7.09530E-01   3.54836E-01   0.00000E+00   1.51851E-01   2.78597E-15
         901   9.01000E+01   4.91589E+03   7.08299E-01   3.56198E-01   0.00000E+00   1.51746E-01  -4.15271E-14
         902   9.02000E+01   4.91589E+03   7.07391E-01   3.56159E-01   0.00000E+00   1.51649E-01  -8.66850E-14
         903   9.03000E+01   4.91589E+03   7.05452E-01   3.57437E-01   0.00000E+00   1.51545E-01  -5.04644E-14
         904   9.04000E+01   4.91589E+03   7.06535E-01   3.60666E-01   0.00000E+00   1.51443E-01   8.13863E-14
         905   9.05000E+01   4.91589E+03   7.08219E-01   3.62364E-01   0.00000E+00   1.51347E-01   7.21801E-14
         906   9.06000E+01   4.91589E+03   7.02803E-01   3.63269E-01   0.00000E+00   1.51245E-01   8.15116E-13
         907   9.07000E+01   4.91589E+03   7.02027E-01   3.64654E-01   0.00000E+00   1.51143E-01   4.57669E-13
         908   9.08000E+01   4.91589E+03   7.01254E-01   3.66050E-01   0.00000E+00   1.51041E-01  -4.98178E-13
         909   9.09000E+01   4.91589E+03   7.00733E-01   3.67200E-01   0.00000E+00   1.50940E-01   1.38050E-11
         910   9.10000E+01   4.91589E+03   7.04792E-01   3.69095E-01   0.00000E+00   1.50848E-01   1.81622E-11
         911   9.11000E+01   4.91589E+03   6.99128E-01   3.70134E-01   0.00000E+00   1.50747E-01   3.22863E-11
         912   9.12000E+01   4.91589E+03   6.98369E-01   3.71602E-01   0.00000E+00   1.50647E-01   4.78287E-11
         913   9.13000E+01   4.91589E+03   6.97615E-01   3.73077E-01   0.00000E+00   1.50547E-01   5.95891E-11
         914   9.14000E+01   4.91589E+03   6.96867E-01   3.74559E-01   0.00000E+00   1.50447E-01   9.03820E-11
         915   9.15000E+01   4.91589E+03   6.96103E-01   3.76026E-01   0.00000E+00   1.50348E-01   1.58133E-10
         916   9.16000E+01   4.91589E+03   6.95259E-01   3.77414E-01   0.00000E+00   1.50249E-01   1.72925E-10
         917   9.17000E+01   4.91589E+03   6.98669E-01   3.82202E-01   0.00000E+00   1.50150E-01   2.74502E-10
         918   9.18000E+01   4.91589E+03   6.97933E-01   3.83676E-01   0.00000E+00   1.50051E-01   5.78325E-10
         919   9.19000E+01   4.91589E+03   6.97165E-01   3.84952E-01   0.00000E+00   1.49953E-01   8.32549E-10
         920   9.20000E+01   4.91589E+03   6.96312E-01   3.85816E-01   0.00000E+00   1.49853E-01   1.10705E-09
         921   9.21000E+01   4.91589E+03   6.95618E-01   3.87680E-01   0.00000E+00   1.49756E-01  -1.06870E-08
         922   9.22000E+01   4.91589E+03   6.95579E-01   3.89811E-01   0.00000E+00   1.49660E-01  -1.44963E-08
         923   9.23000E+01   4.91589E+03   6.94931E-01   3.91302E-01   0.00000E+00   1.49564E-01  -2.65280E-08
         924   9.24000E+01   4.91589E+03   6.94291E-01   3.92798E-01   0.00000E+00   1.49469E-01  -2.65004E-08
         925   9.25000E+01   4.91589E+03   6.93656E-01   3.94305E-01   0.00000E+00   1.49375E-01  -2.62206E-08
         926   9.26000E+01   4.91589E+03   6.98619E-01   3.95823E-01   0.00000E+00   1.49280E-01  -2.92430E-08
         927   9.27000E+01   4.91589E+03   6.97980E-01   3.97337E-01   0.00000E+00   1.49187E-01  -2.24346E-08
         928   9.28000E+01   4.91589E+03   6.97342E-01   3.98859E-01   0.00000E+00   1.49094E-01   2.85135E-09
         929   9.29000E+01   4.91589E+03   6.96706E-01   4.00389E-01   0.00000E+00   1.49001E-01   3.53757E-08
         930   9.30000E+01   4.91589E+03   6.96071E-01   4.01928E-01   0.00000E+00   1.48909E-01   7.29008E-08
         931   9.31000E+01   4.91589E+03   6.95442E-01   4.03482E-01   0.00000E+00   1.48818E-01   2.15497E-07
         932   9.32000E+01   4.91589E+03   6.97537E-01   4.05044E-01   0.00000E+00   1.48742E-01   5.73204E-07
         933   9.33000E+01   4.91589E+03   6.97841E-01   4.06834E-01   0.00000E+00   1.48659E-01   3.48849E-07
         934   9.34000E+01   4.91589E+03   6.97506E-01   4.08421E-01   0.00000E+00   1.48573E-01   4.99702E-07
         935   9.35000E+01   4.91589E+03   6.97112E-01   4.10018E-01   0.00000E+00   1.48485E-01   4.87880E-07
         936   9.36000E+01   4.91589E+03   6.96680E-01   4.11628E-01   0.00000E+00   1.48396E-01  -1.14335E-06
         937   9.37000E+01   4.91589E+03   6.96223E-01   4.13254E-01   0.00000E+00   1.48306E-01   4.09454E-06
         938   9.38000E+01   4.91589E+03   6.93444E-01   4.12592E-01   0.00000E+00   1.48215E-01  -7.83386E-06
         939   9.39000E+01   4.91589E+03   6.92767E-01   4.14387E-01   0.00000E+00   1.48127E-01   3.84739E-05
         940   9.40000E+01   4.91589E+03   6.93622E-01   4.15473E-01   0.00000E+00   1.48036E-01   7.39591E-05
