    Timestep          Time      Timestep       Maximum          Umax          Vmax          Wmax          Pmax           VOF           VOF           VOF       Maximum      Pressure      Pressure            A0
      number                        size           CFL                                                               maximum       minimum      integral    divergence     iteration         error
           0   0.00000E+00   1.20000E-01   2.18544E-01   0.00000E+00   0.00000E+00   0.00000E+00   0.00000E+00   1.00000E+00   0.00000E+00   3.87578E+00   0.00000E+00             0   0.00000E+00   0.00000E+00
           1   1.20000E-01   1.20000E-01   2.18544E-01   1.59259E-05   1.61733E-05   0.00000E+00   1.06058E-01   1.00000E+00   0.00000E+00   3.87578E+00   9.09404E-15            16   5.00186E-10   3.20402E+00
           2   2.40000E-01   1.20000E-01   2.18544E-01   2.95310E-05   3.34234E-05   0.00000E+00   1.05926E-01   1.00000E+00   0.00000E+00   3.87578E+00   1.23214E-15            16   2.81245E-10   3.20402E+00
           3   3.60000E-01   1.20000E-01   2.18544E-01   4.39560E-05   5.03184E-05   0.00000E+00   1.05799E-01   1.00000E+00   0.00000E+00   3.87578E+00   1.83039E-15            16   3.82563E-10   3.20402E+00
           4   4.80000E-01   1.20000E-01   2.18544E-01   5.79812E-05   6.75568E-05   0.00000E+00   1.05669E-01   1.00000E+00   0.00000E+00   3.87578E+00   1.28107E-15            16   4.88644E-10   3.20401E+00
           5   6.00000E-01   1.20000E-01   2.18544E-01   7.11793E-05   8.46725E-05   0.00000E+00   1.05537E-01   1.00000E+00   0.00000E+00   3.87578E+00   1.01789E-15            16   5.38352E-10   3.20401E+00
           6   7.20000E-01   1.20000E-01   2.18544E-01   8.38197E-05   1.01646E-04   0.00000E+00   1.05403E-01   1.00000E+00   0.00000E+00   3.87578E+00   9.90526E-16            16   5.84947E-10   3.20400E+00
           7   8.40000E-01   1.20000E-01   2.18544E-01   9.60328E-05   1.18563E-04   0.00000E+00   1.05267E-01   1.00000E+00   0.00000E+00   3.87578E+00   9.85618E-16            16   6.22171E-10   3.20399E+00
           8   9.60000E-01   1.20000E-01   2.18544E-01   1.07853E-04   1.35417E-04   0.00000E+00   1.05130E-01   1.00000E+00   0.00000E+00   3.87578E+00   1.26247E-15            16   6.60778E-10   3.20398E+00
           9   1.08000E+00   1.20000E-01   2.18544E-01   1.19287E-04   1.52193E-04   0.00000E+00   1.04991E-01   1.00000E+00   0.00000E+00   3.87578E+00   1.41719E-15            16   6.99997E-10   3.20396E+00
          10   1.20000E+00   1.20000E-01   2.18544E-01   1.30336E-04   1.68890E-04   0.00000E+00   1.04850E-01   1.00000E+00   0.00000E+00   3.87578E+00   1.48156E-15            16   7.25860E-10   3.20395E+00
          11   1.32000E+00   1.20000E-01   2.18544E-01   1.41014E-04   1.85512E-04   0.00000E+00   1.04707E-01   1.00000E+00   0.00000E+00   3.87578E+00   1.53149E-15            16   7.50615E-10   3.20393E+00
          12   1.44000E+00   1.20000E-01   2.18544E-01   1.51474E-04   2.02062E-04   0.00000E+00   1.04563E-01   1.00000E+00   0.00000E+00   3.87578E+00   1.59211E-15            16   7.71548E-10   3.20391E+00
          13   1.56000E+00   1.20000E-01   2.18544E-01   1.63280E-04   2.18539E-04   0.00000E+00   1.04416E-01   1.00000E+00   0.00000E+00   3.87578E+00   1.66670E-15            16   7.89197E-10   3.20389E+00
          14   1.68000E+00   1.20000E-01   2.18544E-01   1.74973E-04   2.34943E-04   0.00000E+00   1.04268E-01   1.00000E+00   0.00000E+00   3.87578E+00   1.74573E-15            16   8.03710E-10   3.20387E+00
          15   1.80000E+00   1.20000E-01   2.18544E-01   1.86555E-04   2.51275E-04   0.00000E+00   1.04118E-01   1.00000E+00   0.00000E+00   3.87578E+00   1.82113E-15            16   8.15174E-10   3.20385E+00
          16   1.92000E+00   1.20000E-01   2.18544E-01   1.98029E-04   2.67534E-04   0.00000E+00   1.03967E-01   1.00000E+00   0.00000E+00   3.87578E+00   1.89023E-15            16   8.23795E-10   3.20382E+00
          17   2.04000E+00   1.20000E-01   2.18544E-01   2.09397E-04   2.83722E-04   0.00000E+00   1.03813E-01   1.00000E+00   0.00000E+00   3.87578E+00   1.95408E-15            16   8.29893E-10   3.20380E+00
          18   2.16000E+00   1.20000E-01   2.18544E-01   2.20661E-04   2.99838E-04   0.00000E+00   1.03658E-01   1.00000E+00   0.00000E+00   3.87578E+00   2.04616E-15            16   8.33820E-10   3.20377E+00
          19   2.28000E+00   1.20000E-01   2.18544E-01   2.31948E-04   3.15883E-04   0.00000E+00   1.03501E-01   1.00000E+00   0.00000E+00   3.87578E+00   2.14773E-15            16   8.35907E-10   3.20374E+00
          20   2.40000E+00   1.20000E-01   2.18544E-01   2.43512E-04   3.31858E-04   0.00000E+00   1.03342E-01   1.00000E+00   0.00000E+00   3.87578E+00   2.24538E-15            16   8.36446E-10   3.20371E+00
          21   2.52000E+00   1.20000E-01   2.18544E-01   2.54980E-04   3.47762E-04   0.00000E+00   1.03182E-01   1.00000E+00   0.00000E+00   3.87578E+00   2.33853E-15            16   8.35684E-10   3.20367E+00
          22   2.64000E+00   1.20000E-01   2.18544E-01   2.66350E-04   3.63596E-04   0.00000E+00   1.03019E-01   1.00000E+00   0.00000E+00   3.87578E+00   2.42638E-15            16   8.33842E-10   3.20364E+00
          23   2.76000E+00   1.20000E-01   2.18544E-01   2.77622E-04   3.79359E-04   0.00000E+00   1.02855E-01   1.00000E+00   0.00000E+00   3.87578E+00   2.50806E-15            16   8.31111E-10   3.20360E+00
          24   2.88000E+00   1.20000E-01   2.18544E-01   2.88793E-04   3.95053E-04   0.00000E+00   1.02689E-01   1.00000E+00   0.00000E+00   3.87578E+00   2.58292E-15            16   8.27662E-10   3.20356E+00
          25   3.00000E+00   1.20000E-01   2.18544E-01   2.99863E-04   4.10678E-04   0.00000E+00   1.02522E-01   1.00000E+00   0.00000E+00   3.87578E+00   2.65084E-15            16   8.23642E-10   3.20352E+00
          26   3.12000E+00   1.20000E-01   2.18544E-01   3.10830E-04   4.26233E-04   0.00000E+00   1.02352E-01   1.00000E+00   0.00000E+00   3.87578E+00   2.71077E-15            16   8.19179E-10   3.20348E+00
          27   3.24000E+00   1.20000E-01   2.18544E-01   3.21693E-04   4.41719E-04   0.00000E+00   1.02181E-01   1.00000E+00   0.00000E+00   3.87578E+00   2.76285E-15            16   8.14381E-10   3.20344E+00
          28   3.36000E+00   1.20000E-01   2.18544E-01   3.32452E-04   4.57136E-04   0.00000E+00   1.02007E-01   1.00000E+00   0.00000E+00   3.87578E+00   2.80791E-15            16   8.09337E-10   3.20339E+00
          29   3.48000E+00   1.20000E-01   2.18544E-01   3.43106E-04   4.72484E-04   0.00000E+00   1.01832E-01   1.00000E+00   0.00000E+00   3.87578E+00   2.84508E-15            16   8.04123E-10   3.20334E+00
          30   3.60000E+00   1.20000E-01   2.18544E-01   3.53653E-04   4.87763E-04   0.00000E+00   1.01656E-01   1.00000E+00   0.00000E+00   3.87578E+00   2.87527E-15            16   7.98798E-10   3.20330E+00
          31   3.72000E+00   1.20000E-01   2.18544E-01   3.64095E-04   5.02974E-04   0.00000E+00   1.01477E-01   1.00000E+00   0.00000E+00   3.87578E+00   2.89857E-15            16   7.93413E-10   3.20325E+00
          32   3.84000E+00   1.20000E-01   2.18544E-01   3.74472E-04   5.18117E-04   0.00000E+00   1.01297E-01   1.00000E+00   0.00000E+00   3.87578E+00   2.91641E-15            16   7.88003E-10   3.20319E+00
          33   3.96000E+00   1.20000E-01   2.18544E-01   3.84847E-04   5.33191E-04   0.00000E+00   1.01115E-01   1.00000E+00   0.00000E+00   3.87578E+00   2.92873E-15            16   7.82601E-10   3.20314E+00
          34   4.08000E+00   1.20000E-01   2.18544E-01   3.95114E-04   5.48197E-04   0.00000E+00   1.00931E-01   1.00000E+00   0.00000E+00   3.87578E+00   2.97899E-15            16   7.77229E-10   3.20309E+00
          35   4.20000E+00   1.20000E-01   2.18544E-01   4.05272E-04   5.63135E-04   0.00000E+00   1.00745E-01   1.00000E+00   0.00000E+00   3.87578E+00   3.03502E-15            16   7.71905E-10   3.20303E+00
          36   4.32000E+00   1.20000E-01   2.18544E-01   4.15323E-04   5.78006E-04   0.00000E+00   1.00558E-01   1.00000E+00   0.00000E+00   3.87578E+00   3.09078E-15            16   7.66643E-10   3.20297E+00
          37   4.44000E+00   1.20000E-01   2.18544E-01   4.25265E-04   5.92808E-04   0.00000E+00   1.00369E-01   1.00000E+00   0.00000E+00   3.87578E+00   3.14547E-15            16   7.61452E-10   3.20291E+00
          38   4.56000E+00   1.20000E-01   2.18544E-01   4.35099E-04   6.07543E-04   0.00000E+00   1.00178E-01   1.00000E+00   0.00000E+00   3.87578E+00   3.19911E-15            16   7.56340E-10   3.20285E+00
          39   4.68000E+00   1.20000E-01   2.18544E-01   4.44825E-04   6.22210E-04   0.00000E+00   9.99848E-02   1.00000E+00   0.00000E+00   3.87578E+00   3.25236E-15            16   7.51314E-10   3.20279E+00
          40   4.80000E+00   1.20000E-01   2.18544E-01   4.54442E-04   6.36810E-04   0.00000E+00   9.97903E-02   1.00000E+00   0.00000E+00   3.87578E+00   3.30473E-15            16   7.46376E-10   3.20273E+00
          41   4.92000E+00   1.20000E-01   2.18544E-01   4.63952E-04   6.51342E-04   0.00000E+00   9.95941E-02   1.00000E+00   0.00000E+00   3.87578E+00   3.35602E-15            16   7.41530E-10   3.20266E+00
          42   5.04000E+00   1.20000E-01   2.18544E-01   4.73353E-04   6.65806E-04   0.00000E+00   9.93961E-02   1.00000E+00   0.00000E+00   3.87578E+00   3.40694E-15            16   7.36778E-10   3.20259E+00
          43   5.16000E+00   1.20000E-01   2.18544E-01   4.82647E-04   6.80203E-04   0.00000E+00   9.91964E-02   1.00000E+00   0.00000E+00   3.87578E+00   3.45692E-15            16   7.32123E-10   3.20252E+00
          44   5.28000E+00   1.20000E-01   2.18544E-01   4.91835E-04   6.94533E-04   0.00000E+00   9.89949E-02   1.00000E+00   0.00000E+00   3.87578E+00   3.50648E-15            16   7.27563E-10   3.20245E+00
          45   5.40000E+00   1.20000E-01   2.18544E-01   5.00915E-04   7.08796E-04   0.00000E+00   9.87918E-02   1.00000E+00   0.00000E+00   3.87578E+00   3.55405E-15            16   7.23100E-10   3.20238E+00
          46   5.52000E+00   1.20000E-01   2.18544E-01   5.09889E-04   7.22991E-04   0.00000E+00   9.85868E-02   1.00000E+00   0.00000E+00   3.87578E+00   3.60115E-15            16   7.18734E-10   3.20231E+00
          47   5.64000E+00   1.20000E-01   2.18544E-01   5.18758E-04   7.37120E-04   0.00000E+00   9.83802E-02   1.00000E+00   0.00000E+00   3.87578E+00   3.64777E-15            16   7.14464E-10   3.20223E+00
          48   5.76000E+00   1.20000E-01   2.18544E-01   5.27521E-04   7.51181E-04   0.00000E+00   9.81719E-02   1.00000E+00   0.00000E+00   3.87578E+00   3.69253E-15            16   7.10290E-10   3.20216E+00
          49   5.88000E+00   1.20000E-01   2.18544E-01   5.36180E-04   7.65175E-04   0.00000E+00   9.79618E-02   1.00000E+00   0.00000E+00   3.87578E+00   3.73584E-15            16   7.06211E-10   3.20208E+00
          50   6.00000E+00   1.20000E-01   2.18544E-01   5.44735E-04   7.79101E-04   0.00000E+00   9.77501E-02   1.00000E+00   0.00000E+00   3.87578E+00   3.77881E-15            16   7.02225E-10   3.20200E+00
          51   6.12000E+00   1.20000E-01   2.18544E-01   5.53186E-04   7.92961E-04   0.00000E+00   9.75366E-02   1.00000E+00   0.00000E+00   3.87578E+00   3.82097E-15            16   6.98331E-10   3.20192E+00
          52   6.24000E+00   1.20000E-01   2.18544E-01   5.61535E-04   8.06754E-04   0.00000E+00   9.73215E-02   1.00000E+00   0.00000E+00   3.87578E+00   3.86113E-15            16   6.94527E-10   3.20184E+00
          53   6.36000E+00   1.20000E-01   2.18544E-01   5.69781E-04   8.20479E-04   0.00000E+00   9.71047E-02   1.00000E+00   0.00000E+00   3.87578E+00   3.90046E-15            16   6.90812E-10   3.20175E+00
          54   6.48000E+00   1.20000E-01   2.18544E-01   5.77926E-04   8.34138E-04   0.00000E+00   9.68862E-02   1.00000E+00   0.00000E+00   3.87578E+00   3.93795E-15            16   6.87183E-10   3.20167E+00
          55   6.60000E+00   1.20000E-01   2.18544E-01   5.85970E-04   8.47729E-04   0.00000E+00   9.66660E-02   1.00000E+00   0.00000E+00   3.87578E+00   3.97512E-15            16   6.83639E-10   3.20158E+00
          56   6.72000E+00   1.20000E-01   2.18544E-01   5.93915E-04   8.61253E-04   0.00000E+00   9.64442E-02   1.00000E+00   0.00000E+00   3.87578E+00   4.01076E-15            16   6.80176E-10   3.20149E+00
          57   6.84000E+00   1.20000E-01   2.18544E-01   6.01759E-04   8.74711E-04   0.00000E+00   9.62208E-02   1.00000E+00   0.00000E+00   3.87578E+00   4.04521E-15            16   6.76794E-10   3.20140E+00
          58   6.96000E+00   1.20000E-01   2.18544E-01   6.09505E-04   8.88101E-04   0.00000E+00   9.59956E-02   1.00000E+00   0.00000E+00   3.87578E+00   4.07883E-15            16   6.73488E-10   3.20131E+00
          59   7.08000E+00   1.20000E-01   2.18544E-01   6.17153E-04   9.01424E-04   0.00000E+00   9.57689E-02   1.00000E+00   0.00000E+00   3.87578E+00   4.11163E-15            16   6.70258E-10   3.20122E+00
          60   7.20000E+00   1.20000E-01   2.18544E-01   6.24704E-04   9.14681E-04   0.00000E+00   9.55405E-02   1.00000E+00   0.00000E+00   3.87578E+00   4.14266E-15            16   6.67100E-10   3.20112E+00
          61   7.32000E+00   1.20000E-01   2.18544E-01   6.32158E-04   9.27870E-04   0.00000E+00   9.53105E-02   1.00000E+00   0.00000E+00   3.87578E+00   4.17371E-15            16   6.64011E-10   3.20103E+00
          62   7.44000E+00   1.20000E-01   2.18544E-01   6.39517E-04   9.40992E-04   0.00000E+00   9.50788E-02   1.00000E+00   0.00000E+00   3.87578E+00   4.20326E-15            16   6.60990E-10   3.20093E+00
          63   7.56000E+00   1.20000E-01   2.18544E-01   6.46780E-04   9.54046E-04   0.00000E+00   9.48456E-02   1.00000E+00   0.00000E+00   3.87578E+00   4.23194E-15            16   6.58034E-10   3.20083E+00
          64   7.68000E+00   1.20000E-01   2.18544E-01   6.53950E-04   9.67034E-04   0.00000E+00   9.46107E-02   1.00000E+00   0.00000E+00   3.87578E+00   4.25982E-15            16   6.55140E-10   3.20073E+00
          65   7.80000E+00   1.20000E-01   2.18544E-01   6.61025E-04   9.79955E-04   0.00000E+00   9.43743E-02   1.00000E+00   0.00000E+00   3.87578E+00   4.28690E-15            16   6.52306E-10   3.20063E+00
          66   7.92000E+00   1.20000E-01   2.18544E-01   6.68008E-04   9.92808E-04   0.00000E+00   9.41362E-02   1.00000E+00   0.00000E+00   3.87578E+00   4.31442E-15            16   6.49530E-10   3.20053E+00
          67   8.04000E+00   1.20000E-01   2.18544E-01   6.74899E-04   1.00559E-03   0.00000E+00   9.38966E-02   1.00000E+00   0.00000E+00   3.87578E+00   4.34022E-15            16   6.46808E-10   3.20043E+00
          68   8.16000E+00   1.20000E-01   2.18544E-01   6.81698E-04   1.01831E-03   0.00000E+00   9.36554E-02   1.00000E+00   0.00000E+00   3.87578E+00   4.36574E-15            16   6.44139E-10   3.20032E+00
          69   8.28000E+00   1.20000E-01   2.18544E-01   6.88406E-04   1.03097E-03   0.00000E+00   9.34126E-02   1.00000E+00   0.00000E+00   3.87578E+00   4.39053E-15            16   6.41521E-10   3.20021E+00
          70   8.40000E+00   1.20000E-01   2.18544E-01   6.95025E-04   1.04355E-03   0.00000E+00   9.31683E-02   1.00000E+00   0.00000E+00   3.87578E+00   4.41513E-15            16   6.38952E-10   3.20011E+00
          71   8.52000E+00   1.20000E-01   2.18544E-01   7.01554E-04   1.05607E-03   0.00000E+00   9.29224E-02   1.00000E+00   0.00000E+00   3.87578E+00   4.43795E-15            16   6.36428E-10   3.20000E+00
          72   8.64000E+00   1.20000E-01   2.18544E-01   7.07994E-04   1.06852E-03   0.00000E+00   9.26749E-02   1.00000E+00   0.00000E+00   3.87578E+00   4.46082E-15            16   6.33949E-10   3.19989E+00
          73   8.76000E+00   1.20000E-01   2.18544E-01   7.16047E-04   1.08090E-03   0.00000E+00   9.24260E-02   1.00000E+00   0.00000E+00   3.87578E+00   4.48433E-15            16   6.31513E-10   3.19977E+00
          74   8.88000E+00   1.20000E-01   2.18544E-01   7.24122E-04   1.09321E-03   0.00000E+00   9.21754E-02   1.00000E+00   0.00000E+00   3.87578E+00   4.50601E-15            16   6.29117E-10   3.19966E+00
          75   9.00000E+00   1.20000E-01   2.18544E-01   7.32132E-04   1.10546E-03   0.00000E+00   9.19234E-02   1.00000E+00   0.00000E+00   3.87578E+00   4.52697E-15            16   6.26760E-10   3.19955E+00
          76   9.12000E+00   1.20000E-01   2.18544E-01   7.40077E-04   1.11764E-03   0.00000E+00   9.16698E-02   1.00000E+00   0.00000E+00   3.87578E+00   4.54855E-15            16   6.24439E-10   3.19943E+00
          77   9.24000E+00   1.20000E-01   2.18544E-01   7.47957E-04   1.12975E-03   0.00000E+00   9.14148E-02   1.00000E+00   0.00000E+00   3.87578E+00   4.57828E-15            16   6.22154E-10   3.19931E+00
          78   9.36000E+00   1.20000E-01   2.18544E-01   7.55772E-04   1.14180E-03   0.00000E+00   9.11582E-02   1.00000E+00   0.00000E+00   3.87578E+00   4.61997E-15            16   6.19903E-10   3.19919E+00
          79   9.48000E+00   1.20000E-01   2.18544E-01   7.63522E-04   1.15378E-03   0.00000E+00   9.09001E-02   1.00000E+00   0.00000E+00   3.87578E+00   4.66258E-15            16   6.17684E-10   3.19907E+00
          80   9.60000E+00   1.20000E-01   2.18544E-01   7.71206E-04   1.16568E-03   0.00000E+00   9.06405E-02   1.00000E+00   0.00000E+00   3.87578E+00   4.70420E-15            16   6.15496E-10   3.19895E+00
          81   9.72000E+00   1.20000E-01   2.18544E-01   7.78825E-04   1.17753E-03   0.00000E+00   9.03795E-02   1.00000E+00   0.00000E+00   3.87578E+00   4.74616E-15            16   6.13337E-10   3.19883E+00
          82   9.84000E+00   1.20000E-01   2.18544E-01   7.86377E-04   1.18930E-03   0.00000E+00   9.01169E-02   1.00000E+00   0.00000E+00   3.87578E+00   4.78631E-15            16   6.11207E-10   3.19871E+00
          83   9.96000E+00   1.20000E-01   2.18544E-01   7.93864E-04   1.20101E-03   0.00000E+00   8.98529E-02   1.00000E+00   0.00000E+00   3.87578E+00   4.82659E-15            16   6.09103E-10   3.19858E+00
          84   1.00800E+01   1.20000E-01   2.18544E-01   8.01285E-04   1.21264E-03   0.00000E+00   8.95875E-02   1.00000E+00   0.00000E+00   3.87578E+00   4.86518E-15            16   6.07025E-10   3.19845E+00
          85   1.02000E+01   1.20000E-01   2.18544E-01   8.08640E-04   1.22421E-03   0.00000E+00   8.93206E-02   1.00000E+00   0.00000E+00   3.87578E+00   4.90639E-15            16   6.04971E-10   3.19833E+00
          86   1.03200E+01   1.20000E-01   2.18544E-01   8.15929E-04   1.23572E-03   0.00000E+00   8.90522E-02   1.00000E+00   0.00000E+00   3.87578E+00   4.94509E-15            16   6.02941E-10   3.19820E+00
          87   1.04400E+01   1.20000E-01   2.18544E-01   8.23152E-04   1.24715E-03   0.00000E+00   8.87824E-02   1.00000E+00   0.00000E+00   3.87578E+00   4.98325E-15            16   6.00933E-10   3.19807E+00
          88   1.05600E+01   1.20000E-01   2.18544E-01   8.30309E-04   1.25851E-03   0.00000E+00   8.85112E-02   1.00000E+00   0.00000E+00   3.87578E+00   5.02032E-15            16   5.98946E-10   3.19794E+00
          89   1.06800E+01   1.20000E-01   2.18544E-01   8.37400E-04   1.26981E-03   0.00000E+00   8.82385E-02   1.00000E+00   0.00000E+00   3.87578E+00   5.05786E-15            16   5.96980E-10   3.19780E+00
          90   1.08000E+01   1.20000E-01   2.18544E-01   8.44425E-04   1.28104E-03   0.00000E+00   8.79645E-02   1.00000E+00   0.00000E+00   3.87578E+00   5.09442E-15            16   5.95034E-10   3.19767E+00
          91   1.09200E+01   1.20000E-01   2.18544E-01   8.51383E-04   1.29220E-03   0.00000E+00   8.76890E-02   1.00000E+00   0.00000E+00   3.87578E+00   5.13007E-15            16   5.93107E-10   3.19753E+00
          92   1.10400E+01   1.20000E-01   2.18544E-01   8.58275E-04   1.30329E-03   0.00000E+00   8.74121E-02   1.00000E+00   0.00000E+00   3.87578E+00   5.16571E-15            16   5.91198E-10   3.19740E+00
          93   1.11600E+01   1.20000E-01   2.18544E-01   8.65101E-04   1.31432E-03   0.00000E+00   8.71338E-02   1.00000E+00   0.00000E+00   3.87578E+00   5.20031E-15            16   5.89307E-10   3.19726E+00
          94   1.12800E+01   1.20000E-01   2.18544E-01   8.71861E-04   1.32527E-03   0.00000E+00   8.68542E-02   1.00000E+00   0.00000E+00   3.87578E+00   5.22813E-15            16   5.87257E-10   3.19712E+00
          95   1.14000E+01   1.20000E-01   2.18544E-01   8.78555E-04   1.33616E-03   0.00000E+00   8.65731E-02   1.00000E+00   0.00000E+00   3.87578E+00   5.27698E-15            16   5.86106E-10   3.19698E+00
          96   1.15200E+01   1.20000E-01   2.18544E-01   8.85182E-04   1.34698E-03   0.00000E+00   8.62905E-02   1.00000E+00   0.00000E+00   3.87578E+00   5.29522E-15            16   5.83442E-10   3.19684E+00
          97   1.16400E+01   1.20000E-01   2.18544E-01   8.91744E-04   1.35773E-03   0.00000E+00   8.60067E-02   1.00000E+00   0.00000E+00   3.87578E+00   5.34625E-15            16   5.82336E-10   3.19670E+00
          98   1.17600E+01   1.20000E-01   2.18544E-01   8.98240E-04   1.36841E-03   0.00000E+00   8.57213E-02   1.00000E+00   0.00000E+00   3.87578E+00   5.36073E-15            16   5.79791E-10   3.19655E+00
          99   1.18800E+01   1.20000E-01   2.18544E-01   9.04669E-04   1.37902E-03   0.00000E+00   8.54348E-02   1.00000E+00   0.00000E+00   3.87578E+00   5.40928E-15            16   5.78601E-10   3.19641E+00
         100   1.20000E+01   1.20000E-01   2.18544E-01   9.11033E-04   1.38957E-03   0.00000E+00   8.51468E-02   1.00000E+00   0.00000E+00   3.87578E+00   5.42335E-15            16   5.76216E-10   3.19626E+00
         101   1.21200E+01   1.20000E-01   2.18544E-01   9.17331E-04   1.40004E-03   0.00000E+00   8.48576E-02   1.00000E+00   0.00000E+00   3.87578E+00   5.46228E-15            16   5.74778E-10   3.19612E+00
         102   1.22400E+01   1.20000E-01   2.18544E-01   9.23563E-04   1.41045E-03   0.00000E+00   8.45669E-02   1.00000E+00   0.00000E+00   3.87578E+00   5.49632E-15            16   5.73301E-10   3.19597E+00
         103   1.23600E+01   1.20000E-01   2.18544E-01   9.29729E-04   1.42079E-03   0.00000E+00   8.42751E-02   1.00000E+00   0.00000E+00   3.87578E+00   5.51885E-15            16   5.71070E-10   3.19582E+00
         104   1.24800E+01   1.20000E-01   2.18544E-01   9.35830E-04   1.43106E-03   0.00000E+00   8.39818E-02   1.00000E+00   0.00000E+00   3.87578E+00   5.54330E-15            16   5.69314E-10   3.19567E+00
         105   1.26000E+01   1.20000E-01   2.18544E-01   9.41865E-04   1.44126E-03   0.00000E+00   8.36873E-02   1.00000E+00   0.00000E+00   3.87578E+00   5.57850E-15            16   5.67828E-10   3.19552E+00
         106   1.27200E+01   1.20000E-01   2.18544E-01   9.47835E-04   1.45139E-03   0.00000E+00   8.33914E-02   1.00000E+00   0.00000E+00   3.87578E+00   5.60197E-15            16   5.66061E-10   3.19536E+00
         107   1.28400E+01   1.20000E-01   2.18544E-01   9.53739E-04   1.46145E-03   0.00000E+00   8.30944E-02   1.00000E+00   0.00000E+00   3.87578E+00   5.63552E-15            16   5.64509E-10   3.19521E+00
         108   1.29600E+01   1.20000E-01   2.18544E-01   9.59578E-04   1.47144E-03   0.00000E+00   8.27960E-02   1.00000E+00   0.00000E+00   3.87578E+00   5.65705E-15            16   5.62687E-10   3.19505E+00
         109   1.30800E+01   1.20000E-01   2.18544E-01   9.65352E-04   1.48136E-03   0.00000E+00   8.24964E-02   1.00000E+00   0.00000E+00   3.87578E+00   5.68706E-15            16   5.61091E-10   3.19490E+00
         110   1.32000E+01   1.20000E-01   2.18544E-01   9.71061E-04   1.49122E-03   0.00000E+00   8.21954E-02   1.00000E+00   0.00000E+00   3.87578E+00   5.70696E-15            16   5.59256E-10   3.19474E+00
         111   1.33200E+01   1.20000E-01   2.18544E-01   9.76705E-04   1.50100E-03   0.00000E+00   8.18933E-02   1.00000E+00   0.00000E+00   3.87578E+00   5.73400E-15            16   5.57654E-10   3.19458E+00
         112   1.34400E+01   1.20000E-01   2.18544E-01   9.82284E-04   1.51072E-03   0.00000E+00   8.15897E-02   1.00000E+00   0.00000E+00   3.87578E+00   5.74697E-15            16   5.55843E-10   3.19442E+00
         113   1.35600E+01   1.20000E-01   2.18544E-01   9.87798E-04   1.52036E-03   0.00000E+00   8.12851E-02   1.00000E+00   0.00000E+00   3.87578E+00   5.76295E-15            16   5.54279E-10   3.19426E+00
         114   1.36800E+01   1.20000E-01   2.18544E-01   9.93248E-04   1.52993E-03   0.00000E+00   8.09791E-02   1.00000E+00   0.00000E+00   3.87578E+00   5.75601E-15            16   5.52371E-10   3.19410E+00
         115   1.38000E+01   1.20000E-01   2.18544E-01   9.98633E-04   1.53944E-03   0.00000E+00   8.06720E-02   1.00000E+00   0.00000E+00   3.87578E+00   5.80970E-15            16   5.51224E-10   3.19394E+00
         116   1.39200E+01   1.20000E-01   2.18544E-01   1.00395E-03   1.54887E-03   0.00000E+00   8.03635E-02   1.00000E+00   0.00000E+00   3.87578E+00   5.79921E-15            16   5.49283E-10   3.19377E+00
         117   1.40400E+01   1.20000E-01   2.18544E-01   1.00921E-03   1.55823E-03   0.00000E+00   8.00540E-02   1.00000E+00   0.00000E+00   3.87578E+00   5.85178E-15            16   5.48126E-10   3.19361E+00
         118   1.41600E+01   1.20000E-01   2.18544E-01   1.01440E-03   1.56753E-03   0.00000E+00   7.97431E-02   1.00000E+00   0.00000E+00   3.87578E+00   5.83443E-15            16   5.46130E-10   3.19344E+00
         119   1.42800E+01   1.20000E-01   2.18544E-01   1.01953E-03   1.57675E-03   0.00000E+00   7.94312E-02   1.00000E+00   0.00000E+00   3.87578E+00   5.89510E-15            16   5.45045E-10   3.19328E+00
         120   1.44000E+01   1.20000E-01   2.18544E-01   1.02460E-03   1.58590E-03   0.00000E+00   7.91179E-02   1.00000E+00   0.00000E+00   3.87578E+00   5.86982E-15            16   5.43014E-10   3.19311E+00
         121   1.45200E+01   1.20000E-01   2.18544E-01   1.02960E-03   1.59498E-03   0.00000E+00   7.88036E-02   1.00000E+00   0.00000E+00   3.87578E+00   5.92973E-15            16   5.41856E-10   3.19294E+00
         122   1.46400E+01   1.20000E-01   2.18544E-01   1.03454E-03   1.60399E-03   0.00000E+00   7.84880E-02   1.00000E+00   0.00000E+00   3.87578E+00   5.94758E-15            16   5.40238E-10   3.19277E+00
         123   1.47600E+01   1.20000E-01   2.18544E-01   1.03941E-03   1.61294E-03   0.00000E+00   7.81713E-02   1.00000E+00   0.00000E+00   3.87578E+00   5.97208E-15            16   5.38774E-10   3.19260E+00
         124   1.48800E+01   1.20000E-01   2.18544E-01   1.04422E-03   1.62181E-03   0.00000E+00   7.78534E-02   1.00000E+00   0.00000E+00   3.87578E+00   5.98604E-15            16   5.37152E-10   3.19243E+00
         125   1.50000E+01   1.20000E-01   2.18544E-01   1.04897E-03   1.63061E-03   0.00000E+00   7.75344E-02   1.00000E+00   0.00000E+00   3.87578E+00   6.00913E-15            16   5.35705E-10   3.19226E+00
         126   1.51200E+01   1.20000E-01   2.18544E-01   1.05366E-03   1.63935E-03   0.00000E+00   7.72142E-02   1.00000E+00   0.00000E+00   3.87578E+00   6.02481E-15            16   5.34114E-10   3.19208E+00
         127   1.52400E+01   1.20000E-01   2.18544E-01   1.05828E-03   1.64801E-03   0.00000E+00   7.68929E-02   1.00000E+00   0.00000E+00   3.87578E+00   6.04738E-15            16   5.32684E-10   3.19191E+00
         128   1.53600E+01   1.20000E-01   2.18544E-01   1.06284E-03   1.65660E-03   0.00000E+00   7.65704E-02   1.00000E+00   0.00000E+00   3.87578E+00   6.05916E-15            16   5.31113E-10   3.19173E+00
         129   1.54800E+01   1.20000E-01   2.18544E-01   1.06734E-03   1.66513E-03   0.00000E+00   7.62469E-02   1.00000E+00   0.00000E+00   3.87578E+00   6.08020E-15            16   5.29692E-10   3.19155E+00
         130   1.56000E+01   1.20000E-01   2.18544E-01   1.07177E-03   1.67358E-03   0.00000E+00   7.59221E-02   1.00000E+00   0.00000E+00   3.87578E+00   6.09330E-15            16   5.28121E-10   3.19138E+00
         131   1.57200E+01   1.20000E-01   2.18544E-01   1.07615E-03   1.68197E-03   0.00000E+00   7.55965E-02   1.00000E+00   0.00000E+00   3.87578E+00   6.10496E-15            16   5.26725E-10   3.19120E+00
         132   1.58400E+01   1.20000E-01   2.18544E-01   1.08046E-03   1.69028E-03   0.00000E+00   7.52695E-02   1.00000E+00   0.00000E+00   3.87578E+00   6.13136E-15            16   5.25180E-10   3.19102E+00
         133   1.59600E+01   1.20000E-01   2.18544E-01   1.08471E-03   1.69853E-03   0.00000E+00   7.49417E-02   1.00000E+00   0.00000E+00   3.87578E+00   6.12660E-15            16   5.23744E-10   3.19084E+00
         134   1.60800E+01   1.20000E-01   2.18544E-01   1.08890E-03   1.70671E-03   0.00000E+00   7.46126E-02   1.00000E+00   0.00000E+00   3.87578E+00   6.15082E-15            16   5.22238E-10   3.19066E+00
         135   1.62000E+01   1.20000E-01   2.18544E-01   1.09302E-03   1.71481E-03   0.00000E+00   7.42826E-02   1.00000E+00   0.00000E+00   3.87578E+00   6.14954E-15            16   5.20827E-10   3.19047E+00
         136   1.63200E+01   1.20000E-01   2.18544E-01   1.09709E-03   1.72285E-03   0.00000E+00   7.39513E-02   1.00000E+00   0.00000E+00   3.87578E+00   6.17437E-15            16   5.19351E-10   3.19029E+00
         137   1.64400E+01   1.20000E-01   2.18544E-01   1.10109E-03   1.73081E-03   0.00000E+00   7.36189E-02   1.00000E+00   0.00000E+00   3.87578E+00   6.16949E-15            16   5.17868E-10   3.19011E+00
         138   1.65600E+01   1.20000E-01   2.18544E-01   1.10504E-03   1.73871E-03   0.00000E+00   7.32857E-02   1.00000E+00   0.00000E+00   3.87578E+00   6.20083E-15            16   5.16547E-10   3.18992E+00
         139   1.66800E+01   1.20000E-01   2.18544E-01   1.10892E-03   1.74653E-03   0.00000E+00   7.29513E-02   1.00000E+00   0.00000E+00   3.87578E+00   6.19428E-15            16   5.15045E-10   3.18973E+00
         140   1.68000E+01   1.20000E-01   2.18544E-01   1.11274E-03   1.75429E-03   0.00000E+00   7.26159E-02   1.00000E+00   0.00000E+00   3.87578E+00   6.21062E-15            16   5.13611E-10   3.18955E+00
         141   1.69200E+01   1.20000E-01   2.18544E-01   1.11651E-03   1.76197E-03   0.00000E+00   7.22795E-02   1.00000E+00   0.00000E+00   3.87578E+00   6.23729E-15            16   5.12338E-10   3.18936E+00
         142   1.70400E+01   1.20000E-01   2.18544E-01   1.12021E-03   1.76959E-03   0.00000E+00   7.19422E-02   1.00000E+00   0.00000E+00   3.87578E+00   6.20443E-15            16   5.10663E-10   3.18917E+00
         143   1.71600E+01   1.20000E-01   2.18544E-01   1.12385E-03   1.77714E-03   0.00000E+00   7.16037E-02   1.00000E+00   0.00000E+00   3.87578E+00   6.24640E-15            16   5.09464E-10   3.18898E+00
         144   1.72800E+01   1.20000E-01   2.18544E-01   1.12743E-03   1.78461E-03   0.00000E+00   7.12645E-02   1.00000E+00   0.00000E+00   3.87578E+00   6.23924E-15            16   5.07964E-10   3.18879E+00
         145   1.74000E+01   1.20000E-01   2.18544E-01   1.13095E-03   1.79202E-03   0.00000E+00   7.09241E-02   1.00000E+00   0.00000E+00   3.87578E+00   6.26666E-15            16   5.06734E-10   3.18860E+00
         146   1.75200E+01   1.20000E-01   2.18544E-01   1.13442E-03   1.79936E-03   0.00000E+00   7.05828E-02   1.00000E+00   0.00000E+00   3.87578E+00   6.25449E-15            16   5.05149E-10   3.18841E+00
         147   1.76400E+01   1.20000E-01   2.18544E-01   1.13782E-03   1.80662E-03   0.00000E+00   7.02405E-02   1.00000E+00   0.00000E+00   3.87578E+00   6.28224E-15            16   5.04030E-10   3.18822E+00
         148   1.77600E+01   1.20000E-01   2.18544E-01   1.14117E-03   1.81382E-03   0.00000E+00   6.98973E-02   1.00000E+00   0.00000E+00   3.87578E+00   6.26803E-15            16   5.02484E-10   3.18802E+00
         149   1.78800E+01   1.20000E-01   2.18544E-01   1.14445E-03   1.82095E-03   0.00000E+00   6.95529E-02   1.00000E+00   0.00000E+00   3.87578E+00   6.28767E-15            16   5.01281E-10   3.18783E+00
         150   1.80000E+01   1.20000E-01   2.18544E-01   1.14768E-03   1.82800E-03   0.00000E+00   6.92076E-02   1.00000E+00   0.00000E+00   3.87578E+00   6.27768E-15            16   4.99821E-10   3.18763E+00
         151   1.81200E+01   1.20000E-01   2.18544E-01   1.15085E-03   1.83499E-03   0.00000E+00   6.88615E-02   1.00000E+00   0.00000E+00   3.87578E+00   6.30187E-15            16   4.98763E-10   3.18744E+00
         152   1.82400E+01   1.20000E-01   2.18544E-01   1.15396E-03   1.84191E-03   0.00000E+00   6.85144E-02   1.00000E+00   0.00000E+00   3.87578E+00   6.30553E-15            16   4.97292E-10   3.18724E+00
         153   1.83600E+01   1.20000E-01   2.18544E-01   1.15701E-03   1.84876E-03   0.00000E+00   6.81663E-02   1.00000E+00   0.00000E+00   3.87578E+00   6.31392E-15            16   4.96000E-10   3.18704E+00
         154   1.84800E+01   1.20000E-01   2.18544E-01   1.16001E-03   1.85555E-03   0.00000E+00   6.78173E-02   1.00000E+00   0.00000E+00   3.87578E+00   6.32250E-15            16   4.94614E-10   3.18684E+00
         155   1.86000E+01   1.20000E-01   2.18544E-01   1.16295E-03   1.86226E-03   0.00000E+00   6.74677E-02   1.00000E+00   0.00000E+00   3.87578E+00   6.30182E-15            16   4.93274E-10   3.18664E+00
         156   1.87200E+01   1.20000E-01   2.18544E-01   1.16583E-03   1.86890E-03   0.00000E+00   6.71169E-02   1.00000E+00   0.00000E+00   3.87578E+00   6.34081E-15            16   4.92088E-10   3.18644E+00
         157   1.88400E+01   1.20000E-01   2.18544E-01   1.16865E-03   1.87547E-03   0.00000E+00   6.67654E-02   1.00000E+00   0.00000E+00   3.87578E+00   6.31870E-15            16   4.90714E-10   3.18624E+00
         158   1.89600E+01   1.20000E-01   2.18544E-01   1.17141E-03   1.88198E-03   0.00000E+00   6.64128E-02   1.00000E+00   0.00000E+00   3.87578E+00   6.33708E-15            16   4.89395E-10   3.18604E+00
         159   1.90800E+01   1.20000E-01   2.18544E-01   1.17412E-03   1.88841E-03   0.00000E+00   6.60595E-02   1.00000E+00   0.00000E+00   3.87578E+00   6.30759E-15            16   4.88012E-10   3.18584E+00
         160   1.92000E+01   1.20000E-01   2.18544E-01   1.17677E-03   1.89477E-03   0.00000E+00   6.57052E-02   1.00000E+00   0.00000E+00   3.87578E+00   6.34776E-15            16   4.86826E-10   3.18563E+00
         161   1.93200E+01   1.20000E-01   2.18544E-01   1.17937E-03   1.90107E-03   0.00000E+00   6.53503E-02   1.00000E+00   0.00000E+00   3.87578E+00   6.34436E-15            16   4.85549E-10   3.18543E+00
         162   1.94400E+01   1.20000E-01   2.18544E-01   1.18191E-03   1.90729E-03   0.00000E+00   6.49945E-02   1.00000E+00   0.00000E+00   3.87578E+00   6.33259E-15            16   4.84200E-10   3.18523E+00
         163   1.95600E+01   1.20000E-01   2.18544E-01   1.18439E-03   1.91345E-03   0.00000E+00   6.46380E-02   1.00000E+00   0.00000E+00   3.87578E+00   6.32574E-15            16   4.82888E-10   3.18502E+00
         164   1.96800E+01   1.20000E-01   2.18544E-01   1.18682E-03   1.91953E-03   0.00000E+00   6.42805E-02   1.00000E+00   0.00000E+00   3.87578E+00   6.32129E-15            16   4.81600E-10   3.18481E+00
         165   1.98000E+01   1.20000E-01   2.18544E-01   1.18919E-03   1.92554E-03   0.00000E+00   6.39222E-02   1.00000E+00   0.00000E+00   3.87578E+00   6.31683E-15            16   4.80326E-10   3.18461E+00
         166   1.99200E+01   1.20000E-01   2.18544E-01   1.19150E-03   1.93148E-03   0.00000E+00   6.35631E-02   1.00000E+00   0.00000E+00   3.87578E+00   6.31294E-15            16   4.79060E-10   3.18440E+00
         167   2.00400E+01   1.20000E-01   2.18544E-01   1.19376E-03   1.93736E-03   0.00000E+00   6.32032E-02   1.00000E+00   0.00000E+00   3.87578E+00   6.30866E-15            16   4.77804E-10   3.18419E+00
         168   2.01600E+01   1.20000E-01   2.18544E-01   1.19597E-03   1.94316E-03   0.00000E+00   6.28425E-02   1.00000E+00   0.00000E+00   3.87578E+00   6.30430E-15            16   4.76556E-10   3.18398E+00
         169   2.02800E+01   1.20000E-01   2.18544E-01   1.19812E-03   1.94889E-03   0.00000E+00   6.24809E-02   1.00000E+00   0.00000E+00   3.87578E+00   6.29537E-15            16   4.75318E-10   3.18377E+00
         170   2.04000E+01   1.20000E-01   2.18544E-01   1.20022E-03   1.95455E-03   0.00000E+00   6.21186E-02   1.00000E+00   0.00000E+00   3.87578E+00   6.28687E-15            16   4.74097E-10   3.18356E+00
         171   2.05200E+01   1.20000E-01   2.18544E-01   1.20226E-03   1.96014E-03   0.00000E+00   6.17555E-02   1.00000E+00   0.00000E+00   3.87578E+00   6.28212E-15            16   4.72916E-10   3.18335E+00
         172   2.06400E+01   1.20000E-01   2.18544E-01   1.20424E-03   1.96566E-03   0.00000E+00   6.13918E-02   1.00000E+00   0.00000E+00   3.87578E+00   6.26079E-15            16   4.71495E-10   3.18314E+00
         173   2.07600E+01   1.20000E-01   2.18544E-01   1.20618E-03   1.97111E-03   0.00000E+00   6.10273E-02   1.00000E+00   0.00000E+00   3.87578E+00   6.25679E-15            16   4.70315E-10   3.18293E+00
         174   2.08800E+01   1.20000E-01   2.18544E-01   1.20805E-03   1.97649E-03   0.00000E+00   6.06620E-02   1.00000E+00   0.00000E+00   3.87578E+00   6.25988E-15            16   4.69186E-10   3.18271E+00
         175   2.10000E+01   1.20000E-01   2.18544E-01   1.20988E-03   1.98180E-03   0.00000E+00   6.02962E-02   1.00000E+00   0.00000E+00   3.87578E+00   6.23314E-15            16   4.67790E-10   3.18250E+00
         176   2.11200E+01   1.20000E-01   2.18544E-01   1.21165E-03   1.98703E-03   0.00000E+00   5.99296E-02   1.00000E+00   0.00000E+00   3.87578E+00   6.23472E-15            16   4.66675E-10   3.18229E+00
         177   2.12400E+01   1.20000E-01   2.18544E-01   1.21337E-03   1.99220E-03   0.00000E+00   5.95625E-02   1.00000E+00   0.00000E+00   3.87578E+00   6.21556E-15            16   4.65358E-10   3.18207E+00
         178   2.13600E+01   1.20000E-01   2.18544E-01   1.21503E-03   1.99730E-03   0.00000E+00   5.91946E-02   1.00000E+00   0.00000E+00   3.87578E+00   6.22234E-15            16   4.64270E-10   3.18186E+00
         179   2.14800E+01   1.20000E-01   2.18544E-01   1.21664E-03   2.00233E-03   0.00000E+00   5.88262E-02   1.00000E+00   0.00000E+00   3.87578E+00   6.19803E-15            16   4.62950E-10   3.18164E+00
         180   2.16000E+01   1.20000E-01   2.18544E-01   1.21820E-03   2.00729E-03   0.00000E+00   5.84571E-02   1.00000E+00   0.00000E+00   3.87578E+00   6.20589E-15            16   4.61886E-10   3.18142E+00
         181   2.17200E+01   1.20000E-01   2.18544E-01   1.21971E-03   2.01218E-03   0.00000E+00   5.80874E-02   1.00000E+00   0.00000E+00   3.87578E+00   6.18052E-15            16   4.60565E-10   3.18121E+00
         182   2.18400E+01   1.20000E-01   2.18544E-01   1.22116E-03   2.01701E-03   0.00000E+00   5.77172E-02   1.00000E+00   0.00000E+00   3.87578E+00   6.18136E-15            16   4.59342E-10   3.18099E+00
         183   2.19600E+01   1.20000E-01   2.18544E-01   1.22257E-03   2.02176E-03   0.00000E+00   5.73464E-02   1.00000E+00   0.00000E+00   3.87578E+00   6.16037E-15            16   4.58254E-10   3.18077E+00
         184   2.20800E+01   1.20000E-01   2.18544E-01   1.22392E-03   2.02644E-03   0.00000E+00   5.69748E-02   1.00000E+00   0.00000E+00   3.87578E+00   6.17269E-15            16   4.57245E-10   3.18055E+00
         185   2.22000E+01   1.20000E-01   2.18544E-01   1.22521E-03   2.03106E-03   0.00000E+00   5.66029E-02   1.00000E+00   0.00000E+00   3.87578E+00   6.14409E-15            16   4.55950E-10   3.18033E+00
         186   2.23200E+01   1.20000E-01   2.18544E-01   1.22646E-03   2.03560E-03   0.00000E+00   5.62304E-02   1.00000E+00   0.00000E+00   3.87578E+00   6.13375E-15            16   4.54779E-10   3.18011E+00
         187   2.24400E+01   1.20000E-01   2.18544E-01   1.22873E-03   2.04008E-03   0.00000E+00   5.58572E-02   1.00000E+00   0.00000E+00   3.87578E+00   6.12588E-15            16   4.53574E-10   3.17989E+00
         188   2.25600E+01   1.20000E-01   2.18544E-01   1.23110E-03   2.04449E-03   0.00000E+00   5.54834E-02   1.00000E+00   0.00000E+00   3.87578E+00   6.12004E-15            16   4.52490E-10   3.17967E+00
         189   2.26800E+01   1.20000E-01   2.18544E-01   1.23342E-03   2.04883E-03   0.00000E+00   5.51091E-02   1.00000E+00   0.00000E+00   3.87578E+00   6.10988E-15            16   4.51292E-10   3.17945E+00
         190   2.28000E+01   1.20000E-01   2.18544E-01   1.23569E-03   2.05310E-03   0.00000E+00   5.47343E-02   1.00000E+00   0.00000E+00   3.87578E+00   6.09630E-15            16   4.50211E-10   3.17923E+00
         191   2.29200E+01   1.20000E-01   2.18544E-01   1.23792E-03   2.05731E-03   0.00000E+00   5.43587E-02   1.00000E+00   0.00000E+00   3.87578E+00   6.08784E-15            16   4.49012E-10   3.17900E+00
         192   2.30400E+01   1.20000E-01   2.18544E-01   1.24009E-03   2.06144E-03   0.00000E+00   5.39826E-02   1.00000E+00   0.00000E+00   3.87578E+00   6.08405E-15            16   4.48074E-10   3.17878E+00
         193   2.31600E+01   1.20000E-01   2.18544E-01   1.24221E-03   2.06551E-03   0.00000E+00   5.36059E-02   1.00000E+00   0.00000E+00   3.87578E+00   6.07936E-15            16   4.47181E-10   3.17856E+00
         194   2.32800E+01   1.20000E-01   2.18544E-01   1.24429E-03   2.06951E-03   0.00000E+00   5.32286E-02   1.00000E+00   0.00000E+00   3.87578E+00   6.06932E-15            16   4.46018E-10   3.17833E+00
         195   2.34000E+01   1.20000E-01   2.18544E-01   1.24631E-03   2.07344E-03   0.00000E+00   5.28508E-02   1.00000E+00   0.00000E+00   3.87578E+00   6.05389E-15            16   4.44909E-10   3.17811E+00
         196   2.35200E+01   1.20000E-01   2.18544E-01   1.24829E-03   2.07731E-03   0.00000E+00   5.24726E-02   1.00000E+00   0.00000E+00   3.87578E+00   6.03541E-15            16   4.43727E-10   3.17788E+00
         197   2.36400E+01   1.20000E-01   2.18544E-01   1.25022E-03   2.08110E-03   0.00000E+00   5.20936E-02   1.00000E+00   0.00000E+00   3.87578E+00   6.03300E-15            16   4.42639E-10   3.17766E+00
         198   2.37600E+01   1.20000E-01   2.18544E-01   1.25210E-03   2.08483E-03   0.00000E+00   5.17143E-02   1.00000E+00   0.00000E+00   3.87578E+00   6.01932E-15            16   4.41555E-10   3.17743E+00
         199   2.38800E+01   1.20000E-01   2.18544E-01   1.25393E-03   2.08849E-03   0.00000E+00   5.13345E-02   1.00000E+00   0.00000E+00   3.87578E+00   6.00302E-15            16   4.40461E-10   3.17720E+00
         200   2.40000E+01   1.20000E-01   2.18544E-01   1.25571E-03   2.09208E-03   0.00000E+00   5.09540E-02   1.00000E+00   0.00000E+00   3.87578E+00   5.99087E-15            16   4.39327E-10   3.17698E+00
         201   2.41200E+01   1.20000E-01   2.18544E-01   1.25744E-03   2.09561E-03   0.00000E+00   5.05731E-02   1.00000E+00   0.00000E+00   3.87578E+00   5.97732E-15            16   4.38245E-10   3.17675E+00
         202   2.42400E+01   1.20000E-01   2.18544E-01   1.25912E-03   2.09906E-03   0.00000E+00   5.01916E-02   1.00000E+00   0.00000E+00   3.87578E+00   5.96249E-15            16   4.37136E-10   3.17652E+00
         203   2.43600E+01   1.20000E-01   2.18544E-01   1.26076E-03   2.10245E-03   0.00000E+00   4.98097E-02   1.00000E+00   0.00000E+00   3.87578E+00   5.94534E-15            16   4.36057E-10   3.17629E+00
         204   2.44800E+01   1.20000E-01   2.18544E-01   1.26235E-03   2.10577E-03   0.00000E+00   4.94273E-02   1.00000E+00   0.00000E+00   3.87578E+00   5.92677E-15            16   4.34916E-10   3.17606E+00
         205   2.46000E+01   1.20000E-01   2.18544E-01   1.26389E-03   2.10903E-03   0.00000E+00   4.90445E-02   1.00000E+00   0.00000E+00   3.87578E+00   5.90944E-15            16   4.33853E-10   3.17583E+00
         206   2.47200E+01   1.20000E-01   2.18544E-01   1.26538E-03   2.11221E-03   0.00000E+00   4.86612E-02   1.00000E+00   0.00000E+00   3.87578E+00   5.88442E-15            16   4.32667E-10   3.17560E+00
         207   2.48400E+01   1.20000E-01   2.18544E-01   1.26682E-03   2.11533E-03   0.00000E+00   4.82775E-02   1.00000E+00   0.00000E+00   3.87578E+00   5.87506E-15            16   4.31694E-10   3.17537E+00
         208   2.49600E+01   1.20000E-01   2.18544E-01   1.26822E-03   2.11838E-03   0.00000E+00   4.78933E-02   1.00000E+00   0.00000E+00   3.87578E+00   5.85714E-15            16   4.30601E-10   3.17514E+00
         209   2.50800E+01   1.20000E-01   2.18544E-01   1.26956E-03   2.12137E-03   0.00000E+00   4.75088E-02   1.00000E+00   0.00000E+00   3.87578E+00   5.83524E-15            16   4.29548E-10   3.17491E+00
         210   2.52000E+01   1.20000E-01   2.18544E-01   1.27086E-03   2.12428E-03   0.00000E+00   4.71238E-02   1.00000E+00   0.00000E+00   3.87578E+00   5.81658E-15            16   4.28521E-10   3.17468E+00
         211   2.53200E+01   1.20000E-01   2.18544E-01   1.27212E-03   2.12713E-03   0.00000E+00   4.67385E-02   1.00000E+00   0.00000E+00   3.87578E+00   5.79656E-15            16   4.27479E-10   3.17445E+00
         212   2.54400E+01   1.20000E-01   2.18544E-01   1.27332E-03   2.12991E-03   0.00000E+00   4.63527E-02   1.00000E+00   0.00000E+00   3.87578E+00   5.77964E-15            16   4.26405E-10   3.17422E+00
         213   2.55600E+01   1.20000E-01   2.18544E-01   1.27448E-03   2.13263E-03   0.00000E+00   4.59666E-02   1.00000E+00   0.00000E+00   3.87578E+00   5.75735E-15            16   4.25376E-10   3.17398E+00
         214   2.56800E+01   1.20000E-01   2.18544E-01   1.27559E-03   2.13527E-03   0.00000E+00   4.55801E-02   1.00000E+00   0.00000E+00   3.87578E+00   5.73547E-15            16   4.24318E-10   3.17375E+00
         215   2.58000E+01   1.20000E-01   2.18544E-01   1.27665E-03   2.13785E-03   0.00000E+00   4.51933E-02   1.00000E+00   0.00000E+00   3.87578E+00   5.71377E-15            16   4.23303E-10   3.17352E+00
         216   2.59200E+01   1.20000E-01   2.18544E-01   1.27767E-03   2.14037E-03   0.00000E+00   4.48060E-02   1.00000E+00   0.00000E+00   3.87578E+00   5.69230E-15            16   4.22255E-10   3.17328E+00
         217   2.60400E+01   1.20000E-01   2.18544E-01   1.27864E-03   2.14281E-03   0.00000E+00   4.44186E-02   1.00000E+00   0.00000E+00   3.87578E+00   5.66763E-15            16   4.21250E-10   3.17305E+00
         218   2.61600E+01   1.20000E-01   2.18544E-01   1.27957E-03   2.14519E-03   0.00000E+00   4.40306E-02   1.00000E+00   0.00000E+00   3.87578E+00   5.64596E-15            16   4.20209E-10   3.17282E+00
         219   2.62800E+01   1.20000E-01   2.18544E-01   1.28044E-03   2.14751E-03   0.00000E+00   4.36426E-02   1.00000E+00   0.00000E+00   3.87578E+00   5.62130E-15            16   4.19214E-10   3.17258E+00
         220   2.64000E+01   1.20000E-01   2.18544E-01   1.28127E-03   2.14975E-03   0.00000E+00   4.32540E-02   1.00000E+00   0.00000E+00   3.87578E+00   5.60054E-15            16   4.18183E-10   3.17235E+00
         221   2.65200E+01   1.20000E-01   2.18544E-01   1.28206E-03   2.15193E-03   0.00000E+00   4.28653E-02   1.00000E+00   0.00000E+00   3.87578E+00   5.57391E-15            16   4.17199E-10   3.17211E+00
         222   2.66400E+01   1.20000E-01   2.18544E-01   1.28280E-03   2.15405E-03   0.00000E+00   4.24762E-02   1.00000E+00   0.00000E+00   3.87578E+00   5.54969E-15            16   4.16178E-10   3.17187E+00
         223   2.67600E+01   1.20000E-01   2.18544E-01   1.28349E-03   2.15609E-03   0.00000E+00   4.20869E-02   1.00000E+00   0.00000E+00   3.87578E+00   5.52152E-15            16   4.15205E-10   3.17164E+00
         224   2.68800E+01   1.20000E-01   2.18544E-01   1.28414E-03   2.15808E-03   0.00000E+00   4.16972E-02   1.00000E+00   0.00000E+00   3.87578E+00   5.49776E-15            16   4.14193E-10   3.17140E+00
         225   2.70000E+01   1.20000E-01   2.18544E-01   1.28474E-03   2.15999E-03   0.00000E+00   4.13075E-02   1.00000E+00   0.00000E+00   3.87578E+00   5.47046E-15            16   4.13231E-10   3.17117E+00
         226   2.71200E+01   1.20000E-01   2.18544E-01   1.28529E-03   2.16184E-03   0.00000E+00   4.09172E-02   1.00000E+00   0.00000E+00   3.87578E+00   5.45789E-15            16   4.12230E-10   3.17093E+00
         227   2.72400E+01   1.20000E-01   2.18544E-01   1.28580E-03   2.16362E-03   0.00000E+00   4.05270E-02   1.00000E+00   0.00000E+00   3.87578E+00   5.45843E-15            16   4.11279E-10   3.17069E+00
         228   2.73600E+01   1.20000E-01   2.18544E-01   1.28627E-03   2.16534E-03   0.00000E+00   4.01363E-02   1.00000E+00   0.00000E+00   3.87578E+00   5.46354E-15            16   4.10285E-10   3.17045E+00
         229   2.74800E+01   1.20000E-01   2.18544E-01   1.28669E-03   2.16700E-03   0.00000E+00   3.97453E-02   1.00000E+00   0.00000E+00   3.87578E+00   5.47305E-15            16   4.09323E-10   3.17022E+00
         230   2.76000E+01   1.20000E-01   2.18544E-01   1.28706E-03   2.16858E-03   0.00000E+00   3.93541E-02   1.00000E+00   0.00000E+00   3.87578E+00   5.48372E-15            16   4.08365E-10   3.16998E+00
         231   2.77200E+01   1.20000E-01   2.18544E-01   1.28739E-03   2.17011E-03   0.00000E+00   3.89628E-02   1.00000E+00   0.00000E+00   3.87578E+00   5.49163E-15            16   4.07413E-10   3.16974E+00
         232   2.78400E+01   1.20000E-01   2.18544E-01   1.28767E-03   2.17156E-03   0.00000E+00   3.85712E-02   1.00000E+00   0.00000E+00   3.87578E+00   5.49982E-15            16   4.06466E-10   3.16950E+00
         233   2.79600E+01   1.20000E-01   2.18544E-01   1.28791E-03   2.17296E-03   0.00000E+00   3.81794E-02   1.00000E+00   0.00000E+00   3.87578E+00   5.50768E-15            16   4.05524E-10   3.16926E+00
         234   2.80800E+01   1.20000E-01   2.18544E-01   1.28811E-03   2.17428E-03   0.00000E+00   3.77875E-02   1.00000E+00   0.00000E+00   3.87578E+00   5.51482E-15            16   4.04588E-10   3.16902E+00
         235   2.82000E+01   1.20000E-01   2.18544E-01   1.28826E-03   2.17555E-03   0.00000E+00   3.73954E-02   1.00000E+00   0.00000E+00   3.87578E+00   5.52072E-15            16   4.03657E-10   3.16879E+00
         236   2.83200E+01   1.20000E-01   2.18544E-01   1.28837E-03   2.17674E-03   0.00000E+00   3.70031E-02   1.00000E+00   0.00000E+00   3.87578E+00   5.52721E-15            16   4.02732E-10   3.16855E+00
         237   2.84400E+01   1.20000E-01   2.18544E-01   1.28843E-03   2.17788E-03   0.00000E+00   3.66107E-02   1.00000E+00   0.00000E+00   3.87578E+00   5.53236E-15            16   4.01811E-10   3.16831E+00
         238   2.85600E+01   1.20000E-01   2.18544E-01   1.28845E-03   2.17895E-03   0.00000E+00   3.62182E-02   1.00000E+00   0.00000E+00   3.87578E+00   5.53699E-15            16   4.00896E-10   3.16807E+00
         239   2.86800E+01   1.20000E-01   2.18544E-01   1.28842E-03   2.17995E-03   0.00000E+00   3.58256E-02   1.00000E+00   0.00000E+00   3.87578E+00   5.54081E-15            16   3.99987E-10   3.16783E+00
         240   2.88000E+01   1.20000E-01   2.18544E-01   1.28835E-03   2.18090E-03   0.00000E+00   3.54328E-02   1.00000E+00   0.00000E+00   3.87578E+00   5.54525E-15            16   3.99082E-10   3.16759E+00
         241   2.89200E+01   1.20000E-01   2.18544E-01   1.28824E-03   2.18177E-03   0.00000E+00   3.50399E-02   1.00000E+00   0.00000E+00   3.87578E+00   5.54967E-15            16   3.98183E-10   3.16735E+00
         242   2.90400E+01   1.20000E-01   2.18544E-01   1.28808E-03   2.18259E-03   0.00000E+00   3.46469E-02   1.00000E+00   0.00000E+00   3.87578E+00   5.55224E-15            16   3.97289E-10   3.16711E+00
         243   2.91600E+01   1.20000E-01   2.18544E-01   1.28788E-03   2.18334E-03   0.00000E+00   3.42538E-02   1.00000E+00   0.00000E+00   3.87578E+00   5.55228E-15            16   3.96400E-10   3.16687E+00
         244   2.92800E+01   1.20000E-01   2.18544E-01   1.28764E-03   2.18403E-03   0.00000E+00   3.38607E-02   1.00000E+00   0.00000E+00   3.87578E+00   5.55525E-15            16   3.95516E-10   3.16662E+00
         245   2.94000E+01   1.20000E-01   2.18544E-01   1.28736E-03   2.18465E-03   0.00000E+00   3.34674E-02   1.00000E+00   0.00000E+00   3.87578E+00   5.55632E-15            16   3.94637E-10   3.16638E+00
         246   2.95200E+01   1.20000E-01   2.18544E-01   1.28703E-03   2.18521E-03   0.00000E+00   3.30742E-02   1.00000E+00   0.00000E+00   3.87578E+00   5.55727E-15            16   3.93763E-10   3.16614E+00
         247   2.96400E+01   1.20000E-01   2.18544E-01   1.28666E-03   2.18571E-03   0.00000E+00   3.26808E-02   1.00000E+00   0.00000E+00   3.87578E+00   5.55567E-15            16   3.92895E-10   3.16590E+00
         248   2.97600E+01   1.20000E-01   2.18544E-01   1.28624E-03   2.18615E-03   0.00000E+00   3.22874E-02   1.00000E+00   0.00000E+00   3.87578E+00   5.55495E-15            16   3.92032E-10   3.16566E+00
         249   2.98800E+01   1.20000E-01   2.18544E-01   1.28579E-03   2.18652E-03   0.00000E+00   3.18940E-02   1.00000E+00   0.00000E+00   3.87578E+00   5.55340E-15            16   3.91173E-10   3.16542E+00
         250   3.00000E+01   1.20000E-01   2.18544E-01   1.28529E-03   2.18683E-03   0.00000E+00   3.15005E-02   1.00000E+00   0.00000E+00   3.87578E+00   5.54926E-15            16   3.90320E-10   3.16518E+00
         251   3.01200E+01   1.20000E-01   2.18544E-01   1.28475E-03   2.18708E-03   0.00000E+00   3.11070E-02   1.00000E+00   0.00000E+00   3.87578E+00   5.54778E-15            16   3.89471E-10   3.16493E+00
         252   3.02400E+01   1.20000E-01   2.18544E-01   1.28417E-03   2.18727E-03   0.00000E+00   3.07135E-02   1.00000E+00   0.00000E+00   3.87578E+00   5.54308E-15            16   3.88628E-10   3.16469E+00
         253   3.03600E+01   1.20000E-01   2.18544E-01   1.28355E-03   2.18739E-03   0.00000E+00   3.03200E-02   1.00000E+00   0.00000E+00   3.87578E+00   5.53835E-15            16   3.87790E-10   3.16445E+00
         254   3.04800E+01   1.20000E-01   2.18544E-01   1.28288E-03   2.18746E-03   0.00000E+00   2.99265E-02   1.00000E+00   0.00000E+00   3.87578E+00   5.53357E-15            16   3.86957E-10   3.16421E+00
         255   3.06000E+01   1.20000E-01   2.18544E-01   1.28217E-03   2.18746E-03   0.00000E+00   2.95330E-02   1.00000E+00   0.00000E+00   3.87578E+00   5.52733E-15            16   3.86129E-10   3.16397E+00
         256   3.07200E+01   1.20000E-01   2.18544E-01   1.28143E-03   2.18740E-03   0.00000E+00   2.91395E-02   1.00000E+00   0.00000E+00   3.87578E+00   5.52166E-15            16   3.85313E-10   3.16372E+00
         257   3.08400E+01   1.20000E-01   2.18544E-01   1.28064E-03   2.18728E-03   0.00000E+00   2.87460E-02   1.00000E+00   0.00000E+00   3.87578E+00   5.51489E-15            16   3.84486E-10   3.16348E+00
         258   3.09600E+01   1.20000E-01   2.18544E-01   1.27981E-03   2.18709E-03   0.00000E+00   2.83526E-02   1.00000E+00   0.00000E+00   3.87578E+00   5.51123E-15            16   3.83680E-10   3.16324E+00
         259   3.10800E+01   1.20000E-01   2.18544E-01   1.27894E-03   2.18685E-03   0.00000E+00   2.79593E-02   1.00000E+00   0.00000E+00   3.87578E+00   5.51632E-15            16   3.82863E-10   3.16300E+00
         260   3.12000E+01   1.20000E-01   2.18544E-01   1.27802E-03   2.18655E-03   0.00000E+00   2.75660E-02   1.00000E+00   0.00000E+00   3.87578E+00   5.51856E-15            16   3.82084E-10   3.16275E+00
         261   3.13200E+01   1.20000E-01   2.18544E-01   1.27707E-03   2.18618E-03   0.00000E+00   2.71727E-02   1.00000E+00   0.00000E+00   3.87578E+00   5.51807E-15            16   3.81281E-10   3.16251E+00
         262   3.14400E+01   1.20000E-01   2.18544E-01   1.27608E-03   2.18576E-03   0.00000E+00   2.67796E-02   1.00000E+00   0.00000E+00   3.87578E+00   5.51513E-15            16   3.80497E-10   3.16227E+00
         263   3.15600E+01   1.20000E-01   2.18544E-01   1.27505E-03   2.18527E-03   0.00000E+00   2.63865E-02   1.00000E+00   0.00000E+00   3.87578E+00   5.51197E-15            16   3.79717E-10   3.16203E+00
         264   3.16800E+01   1.20000E-01   2.18544E-01   1.27397E-03   2.18473E-03   0.00000E+00   2.59935E-02   1.00000E+00   0.00000E+00   3.87578E+00   5.52321E-15            16   3.78934E-10   3.16178E+00
         265   3.18000E+01   1.20000E-01   2.18544E-01   1.27286E-03   2.18412E-03   0.00000E+00   2.56006E-02   1.00000E+00   0.00000E+00   3.87578E+00   5.52321E-15            16   3.78166E-10   3.16154E+00
         266   3.19200E+01   1.20000E-01   2.18544E-01   1.27171E-03   2.18346E-03   0.00000E+00   2.52078E-02   1.00000E+00   0.00000E+00   3.87578E+00   5.53701E-15            16   3.77386E-10   3.16130E+00
         267   3.20400E+01   1.20000E-01   2.18544E-01   1.27052E-03   2.18273E-03   0.00000E+00   2.48151E-02   1.00000E+00   0.00000E+00   3.87578E+00   5.53830E-15            16   3.76627E-10   3.16105E+00
         268   3.21600E+01   1.20000E-01   2.18544E-01   1.26929E-03   2.18195E-03   0.00000E+00   2.44225E-02   1.00000E+00   0.00000E+00   3.87578E+00   5.53756E-15            16   3.75875E-10   3.16081E+00
         269   3.22800E+01   1.20000E-01   2.18544E-01   1.26802E-03   2.18111E-03   0.00000E+00   2.40301E-02   1.00000E+00   0.00000E+00   3.87578E+00   5.53866E-15            16   3.75129E-10   3.16057E+00
         270   3.24000E+01   1.20000E-01   2.18544E-01   1.26671E-03   2.18021E-03   0.00000E+00   2.36378E-02   1.00000E+00   0.00000E+00   3.87578E+00   5.54222E-15            16   3.74379E-10   3.16033E+00
         271   3.25200E+01   1.20000E-01   2.18544E-01   1.26536E-03   2.17925E-03   0.00000E+00   2.32457E-02   1.00000E+00   0.00000E+00   3.87578E+00   5.54216E-15            16   3.73643E-10   3.16008E+00
         272   3.26400E+01   1.20000E-01   2.18544E-01   1.26397E-03   2.17823E-03   0.00000E+00   2.28537E-02   1.00000E+00   0.00000E+00   3.87578E+00   5.54079E-15            16   3.72917E-10   3.15984E+00
         273   3.27600E+01   1.20000E-01   2.18544E-01   1.26254E-03   2.17715E-03   0.00000E+00   2.24619E-02   1.00000E+00   0.00000E+00   3.87578E+00   5.53723E-15            16   3.72205E-10   3.15960E+00
         274   3.28800E+01   1.20000E-01   2.18544E-01   1.26108E-03   2.17602E-03   0.00000E+00   2.20702E-02   1.00000E+00   0.00000E+00   3.87578E+00   5.53271E-15            16   3.71508E-10   3.15935E+00
         275   3.30000E+01   1.20000E-01   2.18544E-01   1.25958E-03   2.17483E-03   0.00000E+00   2.16788E-02   1.00000E+00   0.00000E+00   3.87578E+00   5.53339E-15            16   3.70782E-10   3.15911E+00
         276   3.31200E+01   1.20000E-01   2.18544E-01   1.25804E-03   2.17357E-03   0.00000E+00   2.12875E-02   1.00000E+00   0.00000E+00   3.87578E+00   5.53093E-15            16   3.70105E-10   3.15887E+00
         277   3.32400E+01   1.20000E-01   2.18544E-01   1.25646E-03   2.17227E-03   0.00000E+00   2.08964E-02   1.00000E+00   0.00000E+00   3.87578E+00   5.51993E-15            16   3.69418E-10   3.15863E+00
         278   3.33600E+01   1.20000E-01   2.18544E-01   1.25484E-03   2.17090E-03   0.00000E+00   2.05056E-02   1.00000E+00   0.00000E+00   3.87578E+00   5.51981E-15            16   3.68726E-10   3.15838E+00
         279   3.34800E+01   1.20000E-01   2.18544E-01   1.25319E-03   2.16948E-03   0.00000E+00   2.01149E-02   1.00000E+00   0.00000E+00   3.87578E+00   5.52141E-15            16   3.68037E-10   3.15814E+00
         280   3.36000E+01   1.20000E-01   2.18544E-01   1.25150E-03   2.16800E-03   0.00000E+00   1.97245E-02   1.00000E+00   0.00000E+00   3.87578E+00   5.52138E-15            16   3.67357E-10   3.15790E+00
         281   3.37200E+01   1.20000E-01   2.18544E-01   1.24977E-03   2.16646E-03   0.00000E+00   1.93343E-02   1.00000E+00   0.00000E+00   3.87578E+00   5.50853E-15            16   3.66696E-10   3.15766E+00
         282   3.38400E+01   1.20000E-01   2.18544E-01   1.24800E-03   2.16487E-03   0.00000E+00   1.89444E-02   1.00000E+00   0.00000E+00   3.87578E+00   5.50150E-15            16   3.66033E-10   3.15741E+00
         283   3.39600E+01   1.20000E-01   2.18544E-01   1.24620E-03   2.16322E-03   0.00000E+00   1.85547E-02   1.00000E+00   0.00000E+00   3.87578E+00   5.49817E-15            16   3.65371E-10   3.15717E+00
         284   3.40800E+01   1.20000E-01   2.18544E-01   1.24436E-03   2.16151E-03   0.00000E+00   1.81653E-02   1.00000E+00   0.00000E+00   3.87578E+00   5.49433E-15            16   3.64712E-10   3.15693E+00
         285   3.42000E+01   1.20000E-01   2.18544E-01   1.24248E-03   2.15975E-03   0.00000E+00   1.77761E-02   1.00000E+00   0.00000E+00   3.87578E+00   5.49048E-15            16   3.64054E-10   3.15669E+00
         286   3.43200E+01   1.20000E-01   2.18544E-01   1.24057E-03   2.15793E-03   0.00000E+00   1.73873E-02   1.00000E+00   0.00000E+00   3.87578E+00   5.48588E-15            16   3.63398E-10   3.15644E+00
         287   3.44400E+01   1.20000E-01   2.18544E-01   1.23862E-03   2.15605E-03   0.00000E+00   1.69987E-02   1.00000E+00   0.00000E+00   3.87578E+00   5.47928E-15            16   3.62741E-10   3.15620E+00
         288   3.45600E+01   1.20000E-01   2.18544E-01   1.23664E-03   2.15412E-03   0.00000E+00   1.66104E-02   1.00000E+00   0.00000E+00   3.87578E+00   5.47437E-15            16   3.62081E-10   3.15596E+00
         289   3.46800E+01   1.20000E-01   2.18544E-01   1.23462E-03   2.15214E-03   0.00000E+00   1.62224E-02   1.00000E+00   0.00000E+00   3.87578E+00   5.46856E-15            16   3.61416E-10   3.15572E+00
         290   3.48000E+01   1.20000E-01   2.18544E-01   1.23256E-03   2.15010E-03   0.00000E+00   1.58347E-02   1.00000E+00   0.00000E+00   3.87578E+00   5.46292E-15            16   3.60744E-10   3.15548E+00
         291   3.49200E+01   1.20000E-01   2.18544E-01   1.23047E-03   2.14801E-03   0.00000E+00   1.54473E-02   1.00000E+00   0.00000E+00   3.87578E+00   5.45746E-15            16   3.60062E-10   3.15524E+00
         292   3.50400E+01   1.20000E-01   2.18544E-01   1.22834E-03   2.14586E-03   0.00000E+00   1.50603E-02   1.00000E+00   0.00000E+00   3.87578E+00   5.45083E-15            16   3.59368E-10   3.15499E+00
         293   3.51600E+01   1.20000E-01   2.18544E-01   1.22618E-03   2.14365E-03   0.00000E+00   1.46736E-02   1.00000E+00   0.00000E+00   3.87578E+00   5.44465E-15            16   3.58659E-10   3.15475E+00
         294   3.52800E+01   1.20000E-01   2.18544E-01   1.22398E-03   2.14140E-03   0.00000E+00   1.42872E-02   1.00000E+00   0.00000E+00   3.87578E+00   5.43847E-15            16   3.57933E-10   3.15451E+00
         295   3.54000E+01   1.20000E-01   2.18544E-01   1.22175E-03   2.13909E-03   0.00000E+00   1.39012E-02   1.00000E+00   0.00000E+00   3.87578E+00   5.43184E-15            16   3.57184E-10   3.15427E+00
         296   3.55200E+01   1.20000E-01   2.18544E-01   1.21948E-03   2.13672E-03   0.00000E+00   1.35156E-02   1.00000E+00   0.00000E+00   3.87578E+00   5.42319E-15            16   3.56411E-10   3.15403E+00
         297   3.56400E+01   1.20000E-01   2.18544E-01   1.21718E-03   2.13430E-03   0.00000E+00   1.31303E-02   1.00000E+00   0.00000E+00   3.87578E+00   5.41658E-15            16   3.55611E-10   3.15379E+00
         298   3.57600E+01   1.20000E-01   2.18544E-01   1.21484E-03   2.13183E-03   0.00000E+00   1.27454E-02   1.00000E+00   0.00000E+00   3.87578E+00   5.40932E-15            16   3.54778E-10   3.15355E+00
         299   3.58800E+01   1.20000E-01   2.18544E-01   1.21247E-03   2.12931E-03   0.00000E+00   1.23609E-02   1.00000E+00   0.00000E+00   3.87578E+00   5.40068E-15            16   3.53911E-10   3.15331E+00
         300   3.60000E+01   1.20000E-01   2.18544E-01   1.21007E-03   2.12673E-03   0.00000E+00   1.19768E-02   1.00000E+00   0.00000E+00   3.87578E+00   5.39387E-15            16   3.53005E-10   3.15307E+00
         301   3.61200E+01   1.20000E-01   2.18544E-01   1.20763E-03   2.12410E-03   0.00000E+00   1.15931E-02   1.00000E+00   0.00000E+00   3.87578E+00   5.38713E-15            16   3.52055E-10   3.15283E+00
         302   3.62400E+01   1.20000E-01   2.18544E-01   1.20516E-03   2.12142E-03   0.00000E+00   1.12098E-02   1.00000E+00   0.00000E+00   3.87578E+00   5.37552E-15            16   3.51073E-10   3.15259E+00
         303   3.63600E+01   1.20000E-01   2.18544E-01   1.20265E-03   2.11868E-03   0.00000E+00   1.08269E-02   1.00000E+00   0.00000E+00   3.87578E+00   5.36473E-15            16   3.50042E-10   3.15235E+00
         304   3.64800E+01   1.20000E-01   2.18544E-01   1.20012E-03   2.11590E-03   0.00000E+00   1.04445E-02   1.00000E+00   0.00000E+00   3.87578E+00   5.35461E-15            16   3.48958E-10   3.15211E+00
         305   3.66000E+01   1.20000E-01   2.18544E-01   1.19754E-03   2.11306E-03   0.00000E+00   1.00625E-02   1.00000E+00   0.00000E+00   3.87578E+00   5.34717E-15            16   3.47822E-10   3.15187E+00
         306   3.67200E+01   1.20000E-01   2.18544E-01   1.19494E-03   2.11017E-03   0.00000E+00   9.68093E-03   1.00000E+00   0.00000E+00   3.87578E+00   5.33819E-15            16   3.46633E-10   3.15163E+00
         307   3.68400E+01   1.20000E-01   2.18544E-01   1.19230E-03   2.10723E-03   0.00000E+00   9.29982E-03   1.00000E+00   0.00000E+00   3.87578E+00   5.33066E-15            16   3.45393E-10   3.15139E+00
         308   3.69600E+01   1.20000E-01   2.18544E-01   1.18963E-03   2.10424E-03   0.00000E+00   8.91918E-03   1.00000E+00   0.00000E+00   3.87578E+00   5.32127E-15            16   3.44112E-10   3.15116E+00
         309   3.70800E+01   1.20000E-01   2.18544E-01   1.18779E-03   2.10119E-03   0.00000E+00   8.53901E-03   1.00000E+00   0.00000E+00   3.87578E+00   5.31677E-15            16   3.42764E-10   3.15092E+00
         310   3.72000E+01   1.20000E-01   2.18544E-01   1.18604E-03   2.09810E-03   0.00000E+00   8.15932E-03   1.00000E+00   0.00000E+00   3.87578E+00   5.31006E-15            16   3.41382E-10   3.15068E+00
         311   3.73200E+01   1.20000E-01   2.18544E-01   1.18427E-03   2.09496E-03   0.00000E+00   7.78012E-03   1.00000E+00   0.00000E+00   3.87578E+00   5.30249E-15            16   3.39963E-10   3.15044E+00
         312   3.74400E+01   1.20000E-01   2.18544E-01   1.18246E-03   2.09177E-03   0.00000E+00   7.40141E-03   1.00000E+00   0.00000E+00   3.87578E+00   5.29557E-15            16   3.38523E-10   3.15021E+00
         313   3.75600E+01   1.20000E-01   2.18544E-01   1.18061E-03   2.08852E-03   0.00000E+00   7.02321E-03   1.00000E+00   0.00000E+00   3.87578E+00   5.29039E-15            16   3.37049E-10   3.14997E+00
         314   3.76800E+01   1.20000E-01   2.18544E-01   1.17874E-03   2.08523E-03   0.00000E+00   6.64553E-03   1.00000E+00   0.00000E+00   3.87578E+00   5.28969E-15            16   3.35565E-10   3.14973E+00
         315   3.78000E+01   1.20000E-01   2.18544E-01   1.17683E-03   2.08189E-03   0.00000E+00   6.26836E-03   1.00000E+00   0.00000E+00   3.87578E+00   5.27919E-15            16   3.34096E-10   3.14949E+00
         316   3.79200E+01   1.20000E-01   2.18544E-01   1.17489E-03   2.07850E-03   0.00000E+00   5.89173E-03   1.00000E+00   0.00000E+00   3.87578E+00   5.26804E-15            16   3.32646E-10   3.14926E+00
         317   3.80400E+01   1.20000E-01   2.18544E-01   1.17292E-03   2.07506E-03   0.00000E+00   5.55277E-03   1.00000E+00   0.00000E+00   3.87578E+00   5.26566E-15            16   3.31246E-10   3.14902E+00
         318   3.81600E+01   1.20000E-01   2.18544E-01   1.17092E-03   2.07157E-03   0.00000E+00   5.50569E-03   1.00000E+00   0.00000E+00   3.87578E+00   5.26683E-15            16   3.29915E-10   3.14879E+00
         319   3.82800E+01   1.20000E-01   2.18544E-01   1.16888E-03   2.06804E-03   0.00000E+00   5.45849E-03   1.00000E+00   0.00000E+00   3.87578E+00   5.25882E-15            16   3.28680E-10   3.14855E+00
         320   3.84000E+01   1.20000E-01   2.18544E-01   1.16682E-03   2.06445E-03   0.00000E+00   5.41119E-03   1.00000E+00   0.00000E+00   3.87578E+00   5.24995E-15            16   3.27574E-10   3.14832E+00
         321   3.85200E+01   1.20000E-01   2.18544E-01   1.16472E-03   2.06082E-03   0.00000E+00   5.36377E-03   1.00000E+00   0.00000E+00   3.87578E+00   5.24340E-15            16   3.26640E-10   3.14808E+00
         322   3.86400E+01   1.20000E-01   2.18544E-01   1.16259E-03   2.05714E-03   0.00000E+00   5.31624E-03   1.00000E+00   0.00000E+00   3.87578E+00   5.24026E-15            16   3.25943E-10   3.14785E+00
         323   3.87600E+01   1.20000E-01   2.18544E-01   1.16043E-03   2.05342E-03   0.00000E+00   5.26860E-03   1.00000E+00   0.00000E+00   3.87578E+00   5.24874E-15            16   3.25486E-10   3.14761E+00
         324   3.88800E+01   1.20000E-01   2.18544E-01   1.15824E-03   2.04964E-03   0.00000E+00   5.22084E-03   1.00000E+00   0.00000E+00   3.87578E+00   5.32247E-15            16   3.25330E-10   3.14738E+00
         325   3.90000E+01   1.20000E-01   2.18544E-01   1.15602E-03   2.04582E-03   0.00000E+00   5.17297E-03   1.00000E+00   0.00000E+00   3.87578E+00   5.38689E-15            16   3.25549E-10   3.14714E+00
         326   3.91200E+01   1.20000E-01   2.18544E-01   1.15377E-03   2.04195E-03   0.00000E+00   5.12500E-03   1.00000E+00   0.00000E+00   3.87578E+00   5.48041E-15            16   3.26119E-10   3.14691E+00
         327   3.92400E+01   1.20000E-01   2.18544E-01   1.15149E-03   2.03804E-03   0.00000E+00   5.07690E-03   1.00000E+00   0.00000E+00   3.87578E+00   5.54992E-15            16   3.27185E-10   3.14668E+00
         328   3.93600E+01   1.20000E-01   2.18544E-01   1.14917E-03   2.03408E-03   0.00000E+00   5.02869E-03   1.00000E+00   0.00000E+00   3.87578E+00   5.63604E-15            16   3.28726E-10   3.14644E+00
         329   3.94800E+01   1.20000E-01   2.18544E-01   1.14683E-03   2.03007E-03   0.00000E+00   4.98037E-03   1.00000E+00   0.00000E+00   3.87578E+00   5.72141E-15            16   3.30780E-10   3.14621E+00
         330   3.96000E+01   1.20000E-01   2.18544E-01   1.14446E-03   2.02602E-03   0.00000E+00   4.93203E-03   1.00000E+00   0.00000E+00   3.87578E+00   5.79736E-15            16   3.32990E-10   3.14598E+00
         331   3.97200E+01   1.20000E-01   2.18544E-01   1.14206E-03   2.02193E-03   0.00000E+00   4.88371E-03   1.00000E+00   0.00000E+00   3.87578E+00   5.93350E-15            16   3.37216E-10   3.14575E+00
         332   3.98400E+01   1.20000E-01   2.18544E-01   1.13962E-03   2.01778E-03   0.00000E+00   4.83525E-03   1.00000E+00   0.00000E+00   3.87578E+00   6.02661E-15            16   3.40607E-10   3.14552E+00
         333   3.99600E+01   1.20000E-01   2.18544E-01   1.13716E-03   2.01360E-03   0.00000E+00   4.78667E-03   1.00000E+00   0.00000E+00   3.87578E+00   6.07094E-15            16   3.44920E-10   3.14529E+00
         334   4.00800E+01   1.20000E-01   2.18544E-01   1.13467E-03   2.00936E-03   0.00000E+00   4.73798E-03   1.00000E+00   0.00000E+00   3.87578E+00   6.09020E-15            16   3.49610E-10   3.14506E+00
         335   4.02000E+01   1.20000E-01   2.18544E-01   1.13215E-03   2.00509E-03   0.00000E+00   4.68917E-03   1.00000E+00   0.00000E+00   3.87578E+00   6.09593E-15            16   3.54477E-10   3.14483E+00
         336   4.03200E+01   1.20000E-01   2.18544E-01   1.12960E-03   2.00076E-03   0.00000E+00   4.64025E-03   1.00000E+00   0.00000E+00   3.87578E+00   6.07894E-15            16   3.59371E-10   3.14460E+00
         337   4.04400E+01   1.20000E-01   2.18544E-01   1.12702E-03   1.99640E-03   0.00000E+00   4.59118E-03   1.00000E+00   0.00000E+00   3.87578E+00   6.00701E-15            16   3.63756E-10   3.14437E+00
         338   4.05600E+01   1.20000E-01   2.18544E-01   1.12441E-03   1.99199E-03   0.00000E+00   4.54199E-03   1.00000E+00   0.00000E+00   3.87578E+00   5.89657E-15            16   3.67107E-10   3.14414E+00
         339   4.06800E+01   1.20000E-01   2.18544E-01   1.12178E-03   1.98754E-03   0.00000E+00   4.49270E-03   1.00000E+00   0.00000E+00   3.87578E+00   5.71975E-15            16   3.68620E-10   3.14391E+00
         340   4.08000E+01   1.20000E-01   2.18544E-01   1.11912E-03   1.98304E-03   0.00000E+00   4.48672E-03   1.00000E+00   0.00000E+00   3.87578E+00   5.46093E-15            16   3.67129E-10   3.14368E+00
         341   4.09200E+01   1.20000E-01   2.18544E-01   1.11643E-03   1.97850E-03   0.00000E+00   4.86107E-03   1.00000E+00   0.00000E+00   3.87578E+00   5.13350E-15            16   3.60701E-10   3.14345E+00
         342   4.10400E+01   1.20000E-01   2.18544E-01   1.11372E-03   1.97392E-03   0.00000E+00   5.23530E-03   1.00000E+00   0.00000E+00   3.87578E+00   4.68593E-15            16   3.47276E-10   3.14322E+00
         343   4.11600E+01   1.20000E-01   2.18544E-01   1.11098E-03   1.96930E-03   0.00000E+00   5.60991E-03   1.00000E+00   0.00000E+00   3.87578E+00   4.10350E-15            16   3.41766E-10   3.14300E+00
         344   4.12800E+01   1.20000E-01   2.18544E-01   1.10822E-03   1.96463E-03   0.00000E+00   5.98383E-03   1.00000E+00   0.00000E+00   3.87578E+00   4.31266E-15            16   2.90860E-10   3.14277E+00
         345   4.14000E+01   1.20000E-01   2.18544E-01   1.10544E-03   1.95992E-03   0.00000E+00   6.35772E-03   1.00000E+00   0.00000E+00   3.87578E+00   3.95267E-15            16   2.90345E-10   3.14254E+00
         346   4.15200E+01   1.20000E-01   2.18544E-01   1.10267E-03   1.95518E-03   0.00000E+00   6.73156E-03   1.00000E+00   0.00000E+00   3.87578E+00   4.37905E-15            16   2.46731E-10   3.14232E+00
         347   4.16400E+01   1.20000E-01   2.18544E-01   1.09989E-03   1.95306E-03   0.00000E+00   7.19982E-03   1.00000E+00   0.00000E+00   3.87578E+00   8.10877E-15            16   3.50890E-10   3.14209E+00
         348   4.17600E+01   1.20000E-01   2.18544E-01   1.09713E-03   1.95026E-03   0.00000E+00   7.65512E-03   1.00000E+00   0.00000E+00   3.87578E+00   1.04723E-14            16   5.00905E-10   3.14187E+00
         349   4.18800E+01   1.20000E-01   2.18544E-01   1.09424E-03   1.94443E-03   0.00000E+00   8.02807E-03   1.00000E+00   0.00000E+00   3.87578E+00   1.19451E-14            16   5.36004E-10   3.14164E+00
         350   4.20000E+01   1.20000E-01   2.18544E-01   1.09136E-03   1.93955E-03   0.00000E+00   8.37744E-03   1.00000E+00   0.00000E+00   3.87578E+00   7.87517E-15            16   4.76468E-10   3.14142E+00
         351   4.21200E+01   1.20000E-01   2.18544E-01   1.08845E-03   1.93476E-03   0.00000E+00   8.72974E-03   1.00000E+00   0.00000E+00   3.87578E+00   7.93541E-15            16   4.30781E-10   3.14120E+00
         352   4.22400E+01   1.20000E-01   2.18544E-01   1.08548E-03   1.92981E-03   0.00000E+00   9.08429E-03   1.00000E+00   0.00000E+00   3.87578E+00   6.33658E-15            16   4.30409E-10   3.14097E+00
         353   4.23600E+01   1.20000E-01   2.18544E-01   1.08248E-03   1.92487E-03   0.00000E+00   9.43414E-03   1.00000E+00   0.00000E+00   3.87578E+00   4.34085E-15            16   4.32433E-10   3.14075E+00
         354   4.24800E+01   1.20000E-01   2.18544E-01   1.07947E-03   1.91983E-03   0.00000E+00   9.78558E-03   1.00000E+00   0.00000E+00   3.87578E+00   5.12133E-15            16   4.23996E-10   3.14053E+00
         355   4.26000E+01   1.20000E-01   2.18544E-01   1.07642E-03   1.91481E-03   0.00000E+00   1.01325E-02   1.00000E+00   0.00000E+00   3.87578E+00   5.15989E-15            16   4.16767E-10   3.14031E+00
         356   4.27200E+01   1.20000E-01   2.18544E-01   1.07335E-03   1.90969E-03   0.00000E+00   1.04811E-02   1.00000E+00   0.00000E+00   3.87578E+00   5.14882E-15            16   4.15760E-10   3.14008E+00
         357   4.28400E+01   1.20000E-01   2.18544E-01   1.07024E-03   1.90509E-03   0.00000E+00   1.08255E-02   1.00000E+00   0.00000E+00   3.87578E+00   5.24667E-15            16   4.06194E-10   3.13986E+00
         358   4.29600E+01   1.20000E-01   2.18544E-01   1.06712E-03   1.90020E-03   0.00000E+00   1.11714E-02   1.00000E+00   0.00000E+00   3.87578E+00   5.55470E-15            16   4.02615E-10   3.13964E+00
         359   4.30800E+01   1.20000E-01   2.18544E-01   1.06396E-03   1.89567E-03   0.00000E+00   1.15133E-02   1.00000E+00   0.00000E+00   3.87578E+00   4.97402E-15            16   3.92286E-10   3.13942E+00
         360   4.32000E+01   1.20000E-01   2.18544E-01   1.06078E-03   1.89072E-03   0.00000E+00   1.18566E-02   1.00000E+00   0.00000E+00   3.87578E+00   5.51077E-15            16   3.87808E-10   3.13920E+00
         361   4.33200E+01   1.20000E-01   2.18544E-01   1.05757E-03   1.88608E-03   0.00000E+00   1.21961E-02   1.00000E+00   0.00000E+00   3.87578E+00   5.10342E-15            16   3.79258E-10   3.13899E+00
         362   4.34400E+01   1.20000E-01   2.18544E-01   1.05434E-03   1.88105E-03   0.00000E+00   1.25368E-02   1.00000E+00   0.00000E+00   3.87578E+00   5.65457E-15            16   3.74625E-10   3.13877E+00
         363   4.35600E+01   1.20000E-01   2.18544E-01   1.05108E-03   1.87632E-03   0.00000E+00   1.28738E-02   1.00000E+00   0.00000E+00   3.87578E+00   5.18089E-15            16   3.68201E-10   3.13855E+00
         364   4.36800E+01   1.20000E-01   2.18544E-01   1.04780E-03   1.87122E-03   0.00000E+00   1.32118E-02   1.00000E+00   0.00000E+00   3.87578E+00   5.61515E-15            16   3.63501E-10   3.13833E+00
         365   4.38000E+01   1.20000E-01   2.18544E-01   1.04449E-03   1.86639E-03   0.00000E+00   1.35463E-02   1.00000E+00   0.00000E+00   3.87578E+00   5.13523E-15            16   3.59157E-10   3.13811E+00
         366   4.39200E+01   1.20000E-01   2.18544E-01   1.04117E-03   1.86123E-03   0.00000E+00   1.38817E-02   1.00000E+00   0.00000E+00   3.87578E+00   5.50440E-15            16   3.55111E-10   3.13790E+00
         367   4.40400E+01   1.20000E-01   2.18544E-01   1.03781E-03   1.85630E-03   0.00000E+00   1.42136E-02   1.00000E+00   0.00000E+00   3.87578E+00   5.04419E-15            16   3.52371E-10   3.13768E+00
         368   4.41600E+01   1.20000E-01   2.18544E-01   1.03443E-03   1.85107E-03   0.00000E+00   1.45461E-02   1.00000E+00   0.00000E+00   3.87578E+00   5.33334E-15            16   3.48991E-10   3.13747E+00
         369   4.42800E+01   1.20000E-01   2.18544E-01   1.03102E-03   1.84605E-03   0.00000E+00   1.48754E-02   1.00000E+00   0.00000E+00   3.87578E+00   4.95278E-15            16   3.47801E-10   3.13725E+00
         370   4.44000E+01   1.20000E-01   2.18544E-01   1.02760E-03   1.84075E-03   0.00000E+00   1.52053E-02   1.00000E+00   0.00000E+00   3.87578E+00   5.12479E-15            16   3.45408E-10   3.13704E+00
         371   4.45200E+01   1.20000E-01   2.18544E-01   1.02414E-03   1.83564E-03   0.00000E+00   1.55320E-02   1.00000E+00   0.00000E+00   3.87578E+00   4.82786E-15            16   3.45243E-10   3.13682E+00
         372   4.46400E+01   1.20000E-01   2.18544E-01   1.02067E-03   1.83027E-03   0.00000E+00   1.58591E-02   1.00000E+00   0.00000E+00   3.87578E+00   4.89992E-15            16   3.43787E-10   3.13661E+00
         373   4.47600E+01   1.20000E-01   2.18544E-01   1.01717E-03   1.82507E-03   0.00000E+00   1.61832E-02   1.00000E+00   0.00000E+00   3.87578E+00   4.68730E-15            16   3.44415E-10   3.13640E+00
         374   4.48800E+01   1.20000E-01   2.18544E-01   1.01365E-03   1.81963E-03   0.00000E+00   1.65075E-02   1.00000E+00   0.00000E+00   3.87578E+00   4.66858E-15            16   3.43719E-10   3.13619E+00
         375   4.50000E+01   1.20000E-01   2.18544E-01   1.01010E-03   1.81435E-03   0.00000E+00   1.68290E-02   1.00000E+00   0.00000E+00   3.87578E+00   4.53833E-15            16   3.44881E-10   3.13598E+00
         376   4.51200E+01   1.20000E-01   2.18544E-01   1.00654E-03   1.80883E-03   0.00000E+00   1.71506E-02   1.00000E+00   0.00000E+00   3.87578E+00   4.46205E-15            16   3.44976E-10   3.13576E+00
         377   4.52400E+01   1.20000E-01   2.18544E-01   1.00294E-03   1.80347E-03   0.00000E+00   1.74695E-02   1.00000E+00   0.00000E+00   3.87578E+00   4.38352E-15            16   3.46415E-10   3.13555E+00
         378   4.53600E+01   1.20000E-01   2.18544E-01   9.99332E-04   1.79788E-03   0.00000E+00   1.77883E-02   1.00000E+00   0.00000E+00   3.87578E+00   4.29769E-15            16   3.47160E-10   3.13534E+00
         379   4.54800E+01   1.20000E-01   2.18544E-01   9.95694E-04   1.79243E-03   0.00000E+00   1.81045E-02   1.00000E+00   0.00000E+00   3.87578E+00   4.22332E-15            16   3.48752E-10   3.13514E+00
         380   4.56000E+01   1.20000E-01   2.18544E-01   9.92037E-04   1.78678E-03   0.00000E+00   1.84205E-02   1.00000E+00   0.00000E+00   3.87578E+00   4.13012E-15            16   3.50023E-10   3.13493E+00
         381   4.57200E+01   1.20000E-01   2.18544E-01   9.88354E-04   1.78125E-03   0.00000E+00   1.87340E-02   1.00000E+00   0.00000E+00   3.87578E+00   4.07973E-15            16   3.51668E-10   3.13472E+00
         382   4.58400E+01   1.20000E-01   2.18544E-01   9.84653E-04   1.77553E-03   0.00000E+00   1.90472E-02   1.00000E+00   0.00000E+00   3.87578E+00   3.98616E-15            16   3.53329E-10   3.13451E+00
         383   4.59600E+01   1.20000E-01   2.18544E-01   9.80927E-04   1.76991E-03   0.00000E+00   1.93580E-02   1.00000E+00   0.00000E+00   3.87578E+00   3.92673E-15            16   3.54981E-10   3.13430E+00
         384   4.60800E+01   1.20000E-01   2.18544E-01   9.77182E-04   1.76412E-03   0.00000E+00   1.96685E-02   1.00000E+00   0.00000E+00   3.87578E+00   3.83356E-15            16   3.56928E-10   3.13410E+00
         385   4.62000E+01   1.20000E-01   2.18544E-01   9.73413E-04   1.75843E-03   0.00000E+00   1.99766E-02   1.00000E+00   0.00000E+00   3.87578E+00   3.77582E-15            16   3.58562E-10   3.13389E+00
         386   4.63200E+01   1.20000E-01   2.18544E-01   9.69625E-04   1.75257E-03   0.00000E+00   2.02842E-02   1.00000E+00   0.00000E+00   3.87578E+00   3.69328E-15            16   3.60704E-10   3.13369E+00
         387   4.64400E+01   1.20000E-01   2.18544E-01   9.65813E-04   1.74680E-03   0.00000E+00   2.05895E-02   1.00000E+00   0.00000E+00   3.87578E+00   3.63511E-15            16   3.62275E-10   3.13348E+00
         388   4.65600E+01   1.20000E-01   2.18544E-01   9.61983E-04   1.74087E-03   0.00000E+00   2.08944E-02   1.00000E+00   0.00000E+00   3.87578E+00   3.69958E-15            16   3.64538E-10   3.13328E+00
         389   4.66800E+01   1.20000E-01   2.18544E-01   9.58129E-04   1.73502E-03   0.00000E+00   2.11969E-02   1.00000E+00   0.00000E+00   3.87578E+00   3.65581E-15            16   3.66048E-10   3.13308E+00
         390   4.68000E+01   1.20000E-01   2.18544E-01   9.54257E-04   1.72903E-03   0.00000E+00   2.14990E-02   1.00000E+00   0.00000E+00   3.87578E+00   3.73634E-15            16   3.68381E-10   3.13287E+00
         391   4.69200E+01   1.20000E-01   2.18544E-01   9.50362E-04   1.72310E-03   0.00000E+00   2.17988E-02   1.00000E+00   0.00000E+00   3.87578E+00   3.69109E-15            16   3.69814E-10   3.13267E+00
         392   4.70400E+01   1.20000E-01   2.18544E-01   9.46449E-04   1.71704E-03   0.00000E+00   2.20980E-02   1.00000E+00   0.00000E+00   3.87578E+00   3.76677E-15            16   3.72165E-10   3.13247E+00
         393   4.71600E+01   1.20000E-01   2.18544E-01   9.42513E-04   1.71104E-03   0.00000E+00   2.23950E-02   1.00000E+00   0.00000E+00   3.87578E+00   3.72529E-15            16   3.73519E-10   3.13227E+00
         394   4.72800E+01   1.20000E-01   2.18544E-01   9.38559E-04   1.70492E-03   0.00000E+00   2.26913E-02   1.00000E+00   0.00000E+00   3.87578E+00   3.79521E-15            16   3.75859E-10   3.13207E+00
         395   4.74000E+01   1.20000E-01   2.18544E-01   9.34584E-04   1.69884E-03   0.00000E+00   2.29856E-02   1.00000E+00   0.00000E+00   3.87578E+00   3.75541E-15            16   3.77135E-10   3.13187E+00
         396   4.75200E+01   1.20000E-01   2.18544E-01   9.30695E-04   1.69265E-03   0.00000E+00   2.32790E-02   1.00000E+00   0.00000E+00   3.87578E+00   3.82048E-15            16   3.79422E-10   3.13167E+00
         397   4.76400E+01   1.20000E-01   2.18544E-01   9.27588E-04   1.68651E-03   0.00000E+00   2.35705E-02   1.00000E+00   0.00000E+00   3.87578E+00   3.78017E-15            16   3.80624E-10   3.13147E+00
         398   4.77600E+01   1.20000E-01   2.18544E-01   9.24463E-04   1.68025E-03   0.00000E+00   2.38611E-02   1.00000E+00   0.00000E+00   3.87578E+00   3.84127E-15            16   3.82846E-10   3.13128E+00
         399   4.78800E+01   1.20000E-01   2.18544E-01   9.21317E-04   1.67403E-03   0.00000E+00   2.41497E-02   1.00000E+00   0.00000E+00   3.87578E+00   3.80232E-15            16   3.83973E-10   3.13108E+00
         400   4.80000E+01   1.20000E-01   2.18544E-01   9.18152E-04   1.66771E-03   0.00000E+00   2.44375E-02   1.00000E+00   0.00000E+00   3.87578E+00   3.85597E-15            16   3.86116E-10   3.13088E+00
         401   4.81200E+01   1.20000E-01   2.18544E-01   9.14965E-04   1.66143E-03   0.00000E+00   2.47232E-02   1.00000E+00   0.00000E+00   3.87578E+00   3.81829E-15            16   3.87169E-10   3.13069E+00
         402   4.82400E+01   1.20000E-01   2.18544E-01   9.11761E-04   1.65504E-03   0.00000E+00   2.50081E-02   1.00000E+00   0.00000E+00   3.87578E+00   3.86974E-15            16   3.89222E-10   3.13049E+00
         403   4.83600E+01   1.20000E-01   2.18544E-01   9.08535E-04   1.64869E-03   0.00000E+00   2.52910E-02   1.00000E+00   0.00000E+00   3.87578E+00   3.83342E-15            16   3.90205E-10   3.13030E+00
         404   4.84800E+01   1.20000E-01   2.18544E-01   9.05292E-04   1.64224E-03   0.00000E+00   2.55730E-02   1.00000E+00   0.00000E+00   3.87578E+00   3.88030E-15            16   3.92161E-10   3.13010E+00
         405   4.86000E+01   1.20000E-01   2.18544E-01   9.02028E-04   1.63582E-03   0.00000E+00   2.58531E-02   1.00000E+00   0.00000E+00   3.87578E+00   3.84758E-15            16   3.93076E-10   3.12991E+00
         406   4.87200E+01   1.20000E-01   2.18544E-01   8.98746E-04   1.62931E-03   0.00000E+00   2.61322E-02   1.00000E+00   0.00000E+00   3.87578E+00   3.88898E-15            16   3.94932E-10   3.12972E+00
         407   4.88400E+01   1.20000E-01   2.18544E-01   8.95443E-04   1.62282E-03   0.00000E+00   2.64094E-02   1.00000E+00   0.00000E+00   3.87578E+00   3.85756E-15            16   3.95782E-10   3.12953E+00
         408   4.89600E+01   1.20000E-01   2.18544E-01   8.92123E-04   1.61625E-03   0.00000E+00   2.66855E-02   1.00000E+00   0.00000E+00   3.87578E+00   3.89684E-15            16   3.97538E-10   3.12934E+00
         409   4.90800E+01   1.20000E-01   2.18544E-01   8.88783E-04   1.60970E-03   0.00000E+00   2.69598E-02   1.00000E+00   0.00000E+00   3.87578E+00   3.86338E-15            16   3.98327E-10   3.12915E+00
         410   4.92000E+01   1.20000E-01   2.18544E-01   8.85426E-04   1.60307E-03   0.00000E+00   2.72331E-02   1.00000E+00   0.00000E+00   3.87578E+00   3.89963E-15            16   3.99983E-10   3.12896E+00
         411   4.93200E+01   1.20000E-01   2.18544E-01   8.82048E-04   1.59645E-03   0.00000E+00   2.75045E-02   1.00000E+00   0.00000E+00   3.87578E+00   3.87060E-15            16   4.00716E-10   3.12877E+00
         412   4.94400E+01   1.20000E-01   2.18544E-01   8.78654E-04   1.58976E-03   0.00000E+00   2.77748E-02   1.00000E+00   0.00000E+00   3.87578E+00   3.90137E-15            16   4.02274E-10   3.12858E+00
         413   4.95600E+01   1.20000E-01   2.18544E-01   8.75240E-04   1.58308E-03   0.00000E+00   2.80433E-02   1.00000E+00   0.00000E+00   3.87578E+00   3.87399E-15            16   4.02954E-10   3.12839E+00
         414   4.96800E+01   1.20000E-01   2.18544E-01   8.71809E-04   1.57633E-03   0.00000E+00   2.83107E-02   1.00000E+00   0.00000E+00   3.87578E+00   3.90050E-15            16   4.04418E-10   3.12821E+00
         415   4.98000E+01   1.20000E-01   2.18544E-01   8.68359E-04   1.56960E-03   0.00000E+00   2.85763E-02   1.00000E+00   0.00000E+00   3.87578E+00   3.87273E-15            16   4.05049E-10   3.12802E+00
         416   4.99200E+01   1.20000E-01   2.18544E-01   8.64893E-04   1.56279E-03   0.00000E+00   2.88407E-02   1.00000E+00   0.00000E+00   3.87578E+00   3.89775E-15            16   4.06422E-10   3.12784E+00
         417   5.00400E+01   1.20000E-01   2.18544E-01   8.61407E-04   1.55599E-03   0.00000E+00   2.91034E-02   1.00000E+00   0.00000E+00   3.87578E+00   3.87326E-15            16   4.07010E-10   3.12765E+00
         418   5.01600E+01   1.20000E-01   2.18544E-01   8.57906E-04   1.54912E-03   0.00000E+00   2.93649E-02   1.00000E+00   0.00000E+00   3.87578E+00   3.89403E-15            16   4.08297E-10   3.12747E+00
         419   5.02800E+01   1.20000E-01   2.18544E-01   8.54385E-04   1.54227E-03   0.00000E+00   2.96246E-02   1.00000E+00   0.00000E+00   3.87578E+00   3.86803E-15            16   4.08844E-10   3.12728E+00
         420   5.04000E+01   1.20000E-01   2.18544E-01   8.50849E-04   1.53535E-03   0.00000E+00   2.98831E-02   1.00000E+00   0.00000E+00   3.87578E+00   3.88822E-15            16   4.10049E-10   3.12710E+00
         421   5.05200E+01   1.20000E-01   2.18544E-01   8.47294E-04   1.52843E-03   0.00000E+00   3.01399E-02   1.00000E+00   0.00000E+00   3.87578E+00   3.86180E-15            16   4.10560E-10   3.12692E+00
         422   5.06400E+01   1.20000E-01   2.18544E-01   8.43723E-04   1.52145E-03   0.00000E+00   3.03955E-02   1.00000E+00   0.00000E+00   3.87578E+00   3.87744E-15            16   4.11688E-10   3.12674E+00
         423   5.07600E+01   1.20000E-01   2.18544E-01   8.40134E-04   1.51448E-03   0.00000E+00   3.06493E-02   1.00000E+00   0.00000E+00   3.87578E+00   3.85405E-15            16   4.12165E-10   3.12656E+00
         424   5.08800E+01   1.20000E-01   2.18544E-01   8.36529E-04   1.50745E-03   0.00000E+00   3.09019E-02   1.00000E+00   0.00000E+00   3.87578E+00   3.86815E-15            16   4.13222E-10   3.12638E+00
         425   5.10000E+01   1.20000E-01   2.18544E-01   8.32907E-04   1.50042E-03   0.00000E+00   3.11528E-02   1.00000E+00   0.00000E+00   3.87578E+00   3.84409E-15            16   4.13669E-10   3.12620E+00
         426   5.11200E+01   1.20000E-01   2.18544E-01   8.29269E-04   1.49334E-03   0.00000E+00   3.14024E-02   1.00000E+00   0.00000E+00   3.87578E+00   3.85540E-15            16   4.14655E-10   3.12602E+00
         427   5.12400E+01   1.20000E-01   2.18544E-01   8.25615E-04   1.48625E-03   0.00000E+00   3.16503E-02   1.00000E+00   0.00000E+00   3.87578E+00   3.83362E-15            16   4.15078E-10   3.12585E+00
         428   5.13600E+01   1.20000E-01   2.18544E-01   8.21944E-04   1.47912E-03   0.00000E+00   3.18969E-02   1.00000E+00   0.00000E+00   3.87578E+00   3.84109E-15            16   4.16009E-10   3.12567E+00
         429   5.14800E+01   1.20000E-01   2.18544E-01   8.18257E-04   1.47198E-03   0.00000E+00   3.21418E-02   1.00000E+00   0.00000E+00   3.87578E+00   3.81818E-15            16   4.16410E-10   3.12550E+00
         430   5.16000E+01   1.20000E-01   2.18544E-01   8.14554E-04   1.46479E-03   0.00000E+00   3.23854E-02   1.00000E+00   0.00000E+00   3.87578E+00   3.82595E-15            16   4.17283E-10   3.12532E+00
         431   5.17200E+01   1.20000E-01   2.18544E-01   8.10835E-04   1.45760E-03   0.00000E+00   3.26274E-02   1.00000E+00   0.00000E+00   3.87578E+00   3.80434E-15            16   4.17661E-10   3.12515E+00
         432   5.18400E+01   1.20000E-01   2.18544E-01   8.07101E-04   1.45036E-03   0.00000E+00   3.28680E-02   1.00000E+00   0.00000E+00   3.87578E+00   3.80815E-15            16   4.18472E-10   3.12497E+00
         433   5.19600E+01   1.20000E-01   2.18544E-01   8.03351E-04   1.44312E-03   0.00000E+00   3.31070E-02   1.00000E+00   0.00000E+00   3.87578E+00   3.78842E-15            16   4.18832E-10   3.12480E+00
         434   5.20800E+01   1.20000E-01   2.18544E-01   7.99586E-04   1.43583E-03   0.00000E+00   3.33446E-02   1.00000E+00   0.00000E+00   3.87578E+00   3.78997E-15            16   4.19602E-10   3.12463E+00
         435   5.22000E+01   1.20000E-01   2.18544E-01   7.95806E-04   1.42856E-03   0.00000E+00   3.35806E-02   1.00000E+00   0.00000E+00   3.87578E+00   3.76860E-15            16   4.19945E-10   3.12446E+00
         436   5.23200E+01   1.20000E-01   2.18544E-01   7.92010E-04   1.42153E-03   0.00000E+00   3.38152E-02   1.00000E+00   0.00000E+00   3.87578E+00   3.77164E-15            16   4.20672E-10   3.12429E+00
         437   5.24400E+01   1.20000E-01   2.18544E-01   7.88199E-04   1.41447E-03   0.00000E+00   3.40482E-02   1.00000E+00   0.00000E+00   3.87578E+00   3.74942E-15            16   4.21005E-10   3.12412E+00
         438   5.25600E+01   1.20000E-01   2.18544E-01   7.84374E-04   1.40739E-03   0.00000E+00   3.42799E-02   1.00000E+00   0.00000E+00   3.87578E+00   3.74730E-15            16   4.21687E-10   3.12395E+00
         439   5.26800E+01   1.20000E-01   2.18544E-01   7.80533E-04   1.40029E-03   0.00000E+00   3.45099E-02   1.00000E+00   0.00000E+00   3.87578E+00   3.72826E-15            16   4.22005E-10   3.12378E+00
         440   5.28000E+01   1.20000E-01   2.18544E-01   7.76679E-04   1.39316E-03   0.00000E+00   3.47385E-02   1.00000E+00   0.00000E+00   3.87578E+00   3.72664E-15            16   4.22657E-10   3.12361E+00
         441   5.29200E+01   1.20000E-01   2.18544E-01   7.72809E-04   1.38601E-03   0.00000E+00   3.49655E-02   1.00000E+00   0.00000E+00   3.87578E+00   3.70572E-15            16   4.22961E-10   3.12345E+00
         442   5.30400E+01   1.20000E-01   2.18544E-01   7.68926E-04   1.37883E-03   0.00000E+00   3.51911E-02   1.00000E+00   0.00000E+00   3.87578E+00   3.70283E-15            16   4.23582E-10   3.12328E+00
         443   5.31600E+01   1.20000E-01   2.18544E-01   7.65028E-04   1.37163E-03   0.00000E+00   3.54150E-02   1.00000E+00   0.00000E+00   3.87578E+00   3.68206E-15            16   4.23892E-10   3.12312E+00
         444   5.32800E+01   1.20000E-01   2.18544E-01   7.61116E-04   1.36440E-03   0.00000E+00   3.56376E-02   1.00000E+00   0.00000E+00   3.87578E+00   3.67776E-15            16   4.24479E-10   3.12295E+00
         445   5.34000E+01   1.20000E-01   2.18544E-01   7.57190E-04   1.35715E-03   0.00000E+00   3.58586E-02   1.00000E+00   0.00000E+00   3.87578E+00   3.65720E-15            16   4.24780E-10   3.12279E+00
         446   5.35200E+01   1.20000E-01   2.18544E-01   7.53251E-04   1.34988E-03   0.00000E+00   3.60782E-02   1.00000E+00   0.00000E+00   3.87578E+00   3.65194E-15            16   4.25346E-10   3.12263E+00
         447   5.36400E+01   1.20000E-01   2.18544E-01   7.49298E-04   1.34259E-03   0.00000E+00   3.62962E-02   1.00000E+00   0.00000E+00   3.87578E+00   3.63077E-15            16   4.25643E-10   3.12247E+00
         448   5.37600E+01   1.20000E-01   2.18544E-01   7.45332E-04   1.33527E-03   0.00000E+00   3.65127E-02   1.00000E+00   0.00000E+00   3.87578E+00   3.62476E-15            16   4.26189E-10   3.12231E+00
         449   5.38800E+01   1.20000E-01   2.18544E-01   7.41351E-04   1.32793E-03   0.00000E+00   3.67277E-02   1.00000E+00   0.00000E+00   3.87578E+00   3.60361E-15            16   4.26487E-10   3.12215E+00
         450   5.40000E+01   1.20000E-01   2.18544E-01   7.37358E-04   1.32057E-03   0.00000E+00   3.69412E-02   1.00000E+00   0.00000E+00   3.87578E+00   3.59620E-15            16   4.27008E-10   3.12199E+00
         451   5.41200E+01   1.20000E-01   2.18544E-01   7.33352E-04   1.31319E-03   0.00000E+00   3.71531E-02   1.00000E+00   0.00000E+00   3.87578E+00   3.57434E-15            16   4.27306E-10   3.12183E+00
         452   5.42400E+01   1.20000E-01   2.18544E-01   7.29333E-04   1.30578E-03   0.00000E+00   3.73637E-02   1.00000E+00   0.00000E+00   3.87578E+00   3.56574E-15            16   4.27811E-10   3.12167E+00
         453   5.43600E+01   1.20000E-01   2.18544E-01   7.25301E-04   1.29836E-03   0.00000E+00   3.75726E-02   1.00000E+00   0.00000E+00   3.87578E+00   3.54497E-15            16   4.28109E-10   3.12151E+00
         454   5.44800E+01   1.20000E-01   2.18544E-01   7.21256E-04   1.29091E-03   0.00000E+00   3.77801E-02   1.00000E+00   0.00000E+00   3.87578E+00   3.53604E-15            16   4.28601E-10   3.12136E+00
         455   5.46000E+01   1.20000E-01   2.18544E-01   7.17199E-04   1.28354E-03   0.00000E+00   3.79860E-02   1.00000E+00   0.00000E+00   3.87578E+00   3.51541E-15            16   4.28902E-10   3.12120E+00
         456   5.47200E+01   1.20000E-01   2.18544E-01   7.13130E-04   1.27654E-03   0.00000E+00   3.81905E-02   1.00000E+00   0.00000E+00   3.87578E+00   3.50455E-15            16   4.29387E-10   3.12105E+00
         457   5.48400E+01   1.20000E-01   2.18544E-01   7.09048E-04   1.26952E-03   0.00000E+00   3.83934E-02   1.00000E+00   0.00000E+00   3.87578E+00   3.48254E-15            16   4.29694E-10   3.12090E+00
         458   5.49600E+01   1.20000E-01   2.18544E-01   7.04962E-04   1.26248E-03   0.00000E+00   3.85948E-02   1.00000E+00   0.00000E+00   3.87578E+00   3.47200E-15            16   4.30166E-10   3.12074E+00
         459   5.50800E+01   1.20000E-01   2.18544E-01   7.01674E-04   1.25542E-03   0.00000E+00   3.87947E-02   1.00000E+00   0.00000E+00   3.87578E+00   3.45032E-15            16   4.30473E-10   3.12059E+00
         460   5.52000E+01   1.20000E-01   2.18544E-01   6.98374E-04   1.24834E-03   0.00000E+00   3.89931E-02   1.00000E+00   0.00000E+00   3.87578E+00   3.43895E-15            16   4.30940E-10   3.12044E+00
         461   5.53200E+01   1.20000E-01   2.18544E-01   6.95061E-04   1.24124E-03   0.00000E+00   3.91900E-02   1.00000E+00   0.00000E+00   3.87578E+00   3.41743E-15            16   4.31255E-10   3.12029E+00
         462   5.54400E+01   1.20000E-01   2.18544E-01   6.91736E-04   1.23412E-03   0.00000E+00   3.93854E-02   1.00000E+00   0.00000E+00   3.87578E+00   3.40509E-15            16   4.31718E-10   3.12014E+00
         463   5.55600E+01   1.20000E-01   2.18544E-01   6.88399E-04   1.22698E-03   0.00000E+00   3.95793E-02   1.00000E+00   0.00000E+00   3.87578E+00   3.38358E-15            16   4.32035E-10   3.11999E+00
         464   5.56800E+01   1.20000E-01   2.18544E-01   6.85050E-04   1.21983E-03   0.00000E+00   3.97716E-02   1.00000E+00   0.00000E+00   3.87578E+00   3.37031E-15            16   4.32493E-10   3.11985E+00
         465   5.58000E+01   1.20000E-01   2.18544E-01   6.81688E-04   1.21265E-03   0.00000E+00   3.99625E-02   1.00000E+00   0.00000E+00   3.87578E+00   3.35006E-15            16   4.32822E-10   3.11970E+00
         466   5.59200E+01   1.20000E-01   2.18544E-01   6.78315E-04   1.20546E-03   0.00000E+00   4.01518E-02   1.00000E+00   0.00000E+00   3.87578E+00   3.33554E-15            16   4.33275E-10   3.11955E+00
         467   5.60400E+01   1.20000E-01   2.18544E-01   6.74930E-04   1.19825E-03   0.00000E+00   4.03396E-02   1.00000E+00   0.00000E+00   3.87578E+00   3.31386E-15            16   4.33612E-10   3.11941E+00
         468   5.61600E+01   1.20000E-01   2.18544E-01   6.71533E-04   1.19102E-03   0.00000E+00   4.05260E-02   1.00000E+00   0.00000E+00   3.87578E+00   3.29999E-15            16   4.34060E-10   3.11927E+00
         469   5.62800E+01   1.20000E-01   2.18544E-01   6.68125E-04   1.18377E-03   0.00000E+00   4.07108E-02   1.00000E+00   0.00000E+00   3.87578E+00   3.27821E-15            16   4.34411E-10   3.11912E+00
         470   5.64000E+01   1.20000E-01   2.18544E-01   6.64705E-04   1.17651E-03   0.00000E+00   4.08941E-02   1.00000E+00   0.00000E+00   3.87578E+00   3.26315E-15            16   4.34865E-10   3.11898E+00
         471   5.65200E+01   1.20000E-01   2.18544E-01   6.61274E-04   1.16922E-03   0.00000E+00   4.10759E-02   1.00000E+00   0.00000E+00   3.87578E+00   3.24075E-15            16   4.35222E-10   3.11884E+00
         472   5.66400E+01   1.20000E-01   2.18544E-01   6.57832E-04   1.16193E-03   0.00000E+00   4.12562E-02   1.00000E+00   0.00000E+00   3.87578E+00   3.22484E-15            16   4.35677E-10   3.11870E+00
         473   5.67600E+01   1.20000E-01   2.18544E-01   6.54379E-04   1.15461E-03   0.00000E+00   4.14350E-02   1.00000E+00   0.00000E+00   3.87578E+00   3.20354E-15            16   4.36045E-10   3.11856E+00
         474   5.68800E+01   1.20000E-01   2.18544E-01   6.50914E-04   1.14728E-03   0.00000E+00   4.16122E-02   1.00000E+00   0.00000E+00   3.87578E+00   3.18699E-15            16   4.36503E-10   3.11842E+00
         475   5.70000E+01   1.20000E-01   2.18544E-01   6.47439E-04   1.13993E-03   0.00000E+00   4.17880E-02   1.00000E+00   0.00000E+00   3.87578E+00   3.16463E-15            16   4.36882E-10   3.11828E+00
         476   5.71200E+01   1.20000E-01   2.18544E-01   6.43953E-04   1.13256E-03   0.00000E+00   4.19623E-02   1.00000E+00   0.00000E+00   3.87578E+00   3.14807E-15            16   4.37344E-10   3.11814E+00
         477   5.72400E+01   1.20000E-01   2.18544E-01   6.40457E-04   1.12518E-03   0.00000E+00   4.21350E-02   1.00000E+00   0.00000E+00   3.87578E+00   3.12668E-15            16   4.37734E-10   3.11801E+00
         478   5.73600E+01   1.20000E-01   2.18544E-01   6.36950E-04   1.11779E-03   0.00000E+00   4.23063E-02   1.00000E+00   0.00000E+00   3.87578E+00   3.10960E-15            16   4.38202E-10   3.11787E+00
         479   5.74800E+01   1.20000E-01   2.18544E-01   6.33432E-04   1.11037E-03   0.00000E+00   4.24760E-02   1.00000E+00   0.00000E+00   3.87578E+00   3.08757E-15            16   4.38604E-10   3.11774E+00
         480   5.76000E+01   1.20000E-01   2.18544E-01   6.29905E-04   1.10295E-03   0.00000E+00   4.26443E-02   1.00000E+00   0.00000E+00   3.87578E+00   3.06991E-15            16   4.39078E-10   3.11760E+00
         481   5.77200E+01   1.20000E-01   2.18544E-01   6.26367E-04   1.09551E-03   0.00000E+00   4.28110E-02   1.00000E+00   0.00000E+00   3.87578E+00   3.04638E-15            16   4.39493E-10   3.11747E+00
         482   5.78400E+01   1.20000E-01   2.18544E-01   6.22819E-04   1.08805E-03   0.00000E+00   4.29762E-02   1.00000E+00   0.00000E+00   3.87578E+00   3.02963E-15            16   4.39974E-10   3.11734E+00
         483   5.79600E+01   1.20000E-01   2.18544E-01   6.19261E-04   1.08058E-03   0.00000E+00   4.31399E-02   1.00000E+00   0.00000E+00   3.87578E+00   3.00610E-15            16   4.40402E-10   3.11721E+00
         484   5.80800E+01   1.20000E-01   2.18544E-01   6.15693E-04   1.07309E-03   0.00000E+00   4.33022E-02   1.00000E+00   0.00000E+00   3.87578E+00   2.98903E-15            16   4.40891E-10   3.11708E+00
         485   5.82000E+01   1.20000E-01   2.18544E-01   6.12116E-04   1.06559E-03   0.00000E+00   4.34629E-02   1.00000E+00   0.00000E+00   3.87578E+00   2.96477E-15            16   4.41332E-10   3.11695E+00
         486   5.83200E+01   1.20000E-01   2.18544E-01   6.08528E-04   1.05808E-03   0.00000E+00   4.36221E-02   1.00000E+00   0.00000E+00   3.87578E+00   2.94630E-15            16   4.41829E-10   3.11682E+00
         487   5.84400E+01   1.20000E-01   2.18544E-01   6.04932E-04   1.05055E-03   0.00000E+00   4.37798E-02   1.00000E+00   0.00000E+00   3.87578E+00   2.92383E-15            16   4.42285E-10   3.11669E+00
         488   5.85600E+01   1.20000E-01   2.18544E-01   6.01326E-04   1.04301E-03   0.00000E+00   4.39361E-02   1.00000E+00   0.00000E+00   3.87578E+00   2.90418E-15            16   4.42791E-10   3.11657E+00
         489   5.86800E+01   1.20000E-01   2.18544E-01   5.97711E-04   1.03546E-03   0.00000E+00   4.40908E-02   1.00000E+00   0.00000E+00   3.87578E+00   2.88043E-15            16   4.43261E-10   3.11644E+00
         490   5.88000E+01   1.20000E-01   2.18544E-01   5.94086E-04   1.02789E-03   0.00000E+00   4.42440E-02   1.00000E+00   0.00000E+00   3.87578E+00   2.86176E-15            16   4.43778E-10   3.11632E+00
         491   5.89200E+01   1.20000E-01   2.18544E-01   5.90453E-04   1.02031E-03   0.00000E+00   4.43957E-02   1.00000E+00   0.00000E+00   3.87578E+00   2.83849E-15            16   4.44262E-10   3.11619E+00
         492   5.90400E+01   1.20000E-01   2.18544E-01   5.86811E-04   1.01272E-03   0.00000E+00   4.45460E-02   1.00000E+00   0.00000E+00   3.87578E+00   2.81727E-15            16   4.44790E-10   3.11607E+00
         493   5.91600E+01   1.20000E-01   2.18544E-01   5.83159E-04   1.00512E-03   0.00000E+00   4.46947E-02   1.00000E+00   0.00000E+00   3.87578E+00   2.79461E-15            16   4.45289E-10   3.11595E+00
         494   5.92800E+01   1.20000E-01   2.18544E-01   5.79500E-04   9.97501E-04   0.00000E+00   4.48420E-02   1.00000E+00   0.00000E+00   3.87578E+00   2.77404E-15            16   4.45829E-10   3.11583E+00
         495   5.94000E+01   1.20000E-01   2.18544E-01   5.75831E-04   9.89873E-04   0.00000E+00   4.49877E-02   1.00000E+00   0.00000E+00   3.87578E+00   2.75017E-15            16   4.46344E-10   3.11570E+00
         496   5.95200E+01   1.20000E-01   2.18544E-01   5.72154E-04   9.82234E-04   0.00000E+00   4.51320E-02   1.00000E+00   0.00000E+00   3.87578E+00   2.72913E-15            16   4.46897E-10   3.11559E+00
         497   5.96400E+01   1.20000E-01   2.18544E-01   5.68469E-04   9.74583E-04   0.00000E+00   4.52747E-02   1.00000E+00   0.00000E+00   3.87578E+00   2.70567E-15            16   4.47428E-10   3.11547E+00
         498   5.97600E+01   1.20000E-01   2.18544E-01   5.64776E-04   9.67070E-04   0.00000E+00   4.54160E-02   1.00000E+00   0.00000E+00   3.87578E+00   2.68414E-15            16   4.47994E-10   3.11535E+00
         499   5.98800E+01   1.20000E-01   2.18544E-01   5.61074E-04   9.60421E-04   0.00000E+00   4.55558E-02   1.00000E+00   0.00000E+00   3.87578E+00   2.66040E-15            16   4.48543E-10   3.11523E+00
         500   6.00000E+01   1.20000E-01   2.18544E-01   5.57364E-04   9.53761E-04   0.00000E+00   4.56941E-02   1.00000E+00   0.00000E+00   3.87578E+00   2.63945E-15            16   4.49123E-10   3.11512E+00
         501   6.01200E+01   1.20000E-01   2.18544E-01   5.53647E-04   9.47089E-04   0.00000E+00   4.58309E-02   1.00000E+00   0.00000E+00   3.87578E+00   2.61536E-15            16   4.49690E-10   3.11500E+00
         502   6.02400E+01   1.20000E-01   2.18544E-01   5.49922E-04   9.40406E-04   0.00000E+00   4.59663E-02   1.00000E+00   0.00000E+00   3.87578E+00   2.59317E-15            16   4.50286E-10   3.11489E+00
         503   6.03600E+01   1.20000E-01   2.18544E-01   5.46189E-04   9.33711E-04   0.00000E+00   4.61001E-02   1.00000E+00   0.00000E+00   3.87578E+00   2.56861E-15            16   4.50871E-10   3.11477E+00
         504   6.04800E+01   1.20000E-01   2.18544E-01   5.42448E-04   9.27006E-04   0.00000E+00   4.62325E-02   1.00000E+00   0.00000E+00   3.87578E+00   2.54659E-15            16   4.51483E-10   3.11466E+00
         505   6.06000E+01   1.20000E-01   2.18544E-01   5.38700E-04   9.20290E-04   0.00000E+00   4.63634E-02   1.00000E+00   0.00000E+00   3.87578E+00   2.52387E-15            16   4.52087E-10   3.11455E+00
         506   6.07200E+01   1.20000E-01   2.18544E-01   5.34945E-04   9.13563E-04   0.00000E+00   4.64928E-02   1.00000E+00   0.00000E+00   3.87578E+00   2.50044E-15            16   4.52717E-10   3.11444E+00
         507   6.08400E+01   1.20000E-01   2.18544E-01   5.31182E-04   9.06826E-04   0.00000E+00   4.66207E-02   1.00000E+00   0.00000E+00   3.87578E+00   2.47609E-15            16   4.53342E-10   3.11433E+00
         508   6.09600E+01   1.20000E-01   2.18544E-01   5.27529E-04   9.00079E-04   0.00000E+00   4.67471E-02   1.00000E+00   0.00000E+00   3.87578E+00   2.45260E-15            16   4.53990E-10   3.11422E+00
         509   6.10800E+01   1.20000E-01   2.18544E-01   5.24452E-04   8.93323E-04   0.00000E+00   4.68721E-02   1.00000E+00   0.00000E+00   3.87578E+00   2.42931E-15            16   4.54637E-10   3.11411E+00
         510   6.12000E+01   1.20000E-01   2.18544E-01   5.21367E-04   8.86556E-04   0.00000E+00   4.69956E-02   1.00000E+00   0.00000E+00   3.87578E+00   2.40622E-15            16   4.55305E-10   3.11401E+00
         511   6.13200E+01   1.20000E-01   2.18544E-01   5.18275E-04   8.79780E-04   0.00000E+00   4.71176E-02   1.00000E+00   0.00000E+00   3.87578E+00   2.40016E-15            16   4.55974E-10   3.11390E+00
         512   6.14400E+01   1.20000E-01   2.18544E-01   5.15176E-04   8.72994E-04   0.00000E+00   4.72382E-02   1.00000E+00   0.00000E+00   3.87578E+00   2.40805E-15            16   4.56665E-10   3.11380E+00
         513   6.15600E+01   1.20000E-01   2.18544E-01   5.12069E-04   8.66200E-04   0.00000E+00   4.73572E-02   1.00000E+00   0.00000E+00   3.87578E+00   2.41480E-15            16   4.57358E-10   3.11369E+00
         514   6.16800E+01   1.20000E-01   2.18544E-01   5.08956E-04   8.59396E-04   0.00000E+00   4.74748E-02   1.00000E+00   0.00000E+00   3.87578E+00   2.42188E-15            16   4.58071E-10   3.11359E+00
         515   6.18000E+01   1.20000E-01   2.18544E-01   5.05835E-04   8.52584E-04   0.00000E+00   4.75910E-02   1.00000E+00   0.00000E+00   3.87578E+00   2.42846E-15            16   4.58790E-10   3.11349E+00
         516   6.19200E+01   1.20000E-01   2.18544E-01   5.02707E-04   8.45763E-04   0.00000E+00   4.77057E-02   1.00000E+00   0.00000E+00   3.87578E+00   2.43432E-15            16   4.59528E-10   3.11339E+00
         517   6.20400E+01   1.20000E-01   2.18544E-01   4.99572E-04   8.38934E-04   0.00000E+00   4.78189E-02   1.00000E+00   0.00000E+00   3.87578E+00   2.44104E-15            16   4.60274E-10   3.11329E+00
         518   6.21600E+01   1.20000E-01   2.18544E-01   4.96431E-04   8.32096E-04   0.00000E+00   4.79306E-02   1.00000E+00   0.00000E+00   3.87578E+00   2.44495E-15            16   4.61040E-10   3.11319E+00
         519   6.22800E+01   1.20000E-01   2.18544E-01   4.93282E-04   8.25251E-04   0.00000E+00   4.80409E-02   1.00000E+00   0.00000E+00   3.87578E+00   2.45102E-15            16   4.61818E-10   3.11309E+00
         520   6.24000E+01   1.20000E-01   2.18544E-01   4.90128E-04   8.18398E-04   0.00000E+00   4.81499E-02   1.00000E+00   0.00000E+00   3.87578E+00   2.45587E-15            16   4.62589E-10   3.11299E+00
         521   6.25200E+01   1.20000E-01   2.18544E-01   4.86966E-04   8.11538E-04   0.00000E+00   4.82572E-02   1.00000E+00   0.00000E+00   3.87578E+00   2.46075E-15            16   4.63417E-10   3.11289E+00
         522   6.26400E+01   1.20000E-01   2.18544E-01   4.83799E-04   8.04670E-04   0.00000E+00   4.83632E-02   1.00000E+00   0.00000E+00   3.87578E+00   2.46445E-15            16   4.64247E-10   3.11280E+00
         523   6.27600E+01   1.20000E-01   2.18544E-01   4.80625E-04   7.97795E-04   0.00000E+00   4.84677E-02   1.00000E+00   0.00000E+00   3.87578E+00   2.46845E-15            16   4.65064E-10   3.11270E+00
         524   6.28800E+01   1.20000E-01   2.18544E-01   4.77445E-04   7.90914E-04   0.00000E+00   4.85707E-02   1.00000E+00   0.00000E+00   3.87578E+00   2.47127E-15            16   4.65948E-10   3.11261E+00
         525   6.30000E+01   1.20000E-01   2.18544E-01   4.74258E-04   7.84025E-04   0.00000E+00   4.86724E-02   1.00000E+00   0.00000E+00   3.87578E+00   2.47448E-15            16   4.66801E-10   3.11252E+00
         526   6.31200E+01   1.20000E-01   2.18544E-01   4.71066E-04   7.77130E-04   0.00000E+00   4.87725E-02   1.00000E+00   0.00000E+00   3.87578E+00   2.47689E-15            16   4.67725E-10   3.11243E+00
         527   6.32400E+01   1.20000E-01   2.18544E-01   4.67868E-04   7.70229E-04   0.00000E+00   4.88712E-02   1.00000E+00   0.00000E+00   3.87578E+00   2.48002E-15            16   4.68617E-10   3.11233E+00
         528   6.33600E+01   1.20000E-01   2.18544E-01   4.64663E-04   7.63321E-04   0.00000E+00   4.89685E-02   1.00000E+00   0.00000E+00   3.87578E+00   2.48179E-15            16   4.69582E-10   3.11224E+00
         529   6.34800E+01   1.20000E-01   2.18544E-01   4.61453E-04   7.56408E-04   0.00000E+00   4.90643E-02   1.00000E+00   0.00000E+00   3.87578E+00   2.48368E-15            16   4.70515E-10   3.11216E+00
         530   6.36000E+01   1.20000E-01   2.18544E-01   4.58238E-04   7.49489E-04   0.00000E+00   4.91587E-02   1.00000E+00   0.00000E+00   3.87578E+00   2.48488E-15            16   4.71526E-10   3.11207E+00
         531   6.37200E+01   1.20000E-01   2.18544E-01   4.55017E-04   7.42564E-04   0.00000E+00   4.92516E-02   1.00000E+00   0.00000E+00   3.87578E+00   2.48539E-15            16   4.72505E-10   3.11198E+00
         532   6.38400E+01   1.20000E-01   2.18544E-01   4.51790E-04   7.35634E-04   0.00000E+00   4.93431E-02   1.00000E+00   0.00000E+00   3.87578E+00   2.48597E-15            16   4.73565E-10   3.11189E+00
         533   6.39600E+01   1.20000E-01   2.18544E-01   4.48558E-04   7.28699E-04   0.00000E+00   4.94332E-02   1.00000E+00   0.00000E+00   3.87578E+00   2.48698E-15            16   4.74594E-10   3.11181E+00
         534   6.40800E+01   1.20000E-01   2.18544E-01   4.45321E-04   7.21759E-04   0.00000E+00   4.95218E-02   1.00000E+00   0.00000E+00   3.87578E+00   2.48671E-15            16   4.75708E-10   3.11172E+00
         535   6.42000E+01   1.20000E-01   2.18544E-01   4.42078E-04   7.15574E-04   0.00000E+00   4.96090E-02   1.00000E+00   0.00000E+00   3.87578E+00   2.48709E-15            16   4.76790E-10   3.11164E+00
         536   6.43200E+01   1.20000E-01   2.18544E-01   4.38831E-04   7.09703E-04   0.00000E+00   4.96947E-02   1.00000E+00   0.00000E+00   3.87578E+00   2.48603E-15            16   4.77963E-10   3.11156E+00
         537   6.44400E+01   1.20000E-01   2.18544E-01   4.35578E-04   7.03826E-04   0.00000E+00   4.97791E-02   1.00000E+00   0.00000E+00   3.87578E+00   2.48583E-15            16   4.79105E-10   3.11148E+00
         538   6.45600E+01   1.20000E-01   2.18544E-01   4.32321E-04   6.97944E-04   0.00000E+00   4.98620E-02   1.00000E+00   0.00000E+00   3.87578E+00   2.48397E-15            16   4.80342E-10   3.11139E+00
         539   6.46800E+01   1.20000E-01   2.18544E-01   4.29058E-04   6.92057E-04   0.00000E+00   4.99435E-02   1.00000E+00   0.00000E+00   3.87578E+00   2.48349E-15            16   4.81548E-10   3.11131E+00
         540   6.48000E+01   1.20000E-01   2.18544E-01   4.25791E-04   6.86165E-04   0.00000E+00   5.00235E-02   1.00000E+00   0.00000E+00   3.87578E+00   2.48076E-15            16   4.82855E-10   3.11124E+00
         541   6.49200E+01   1.20000E-01   2.18544E-01   4.22520E-04   6.80267E-04   0.00000E+00   5.01022E-02   1.00000E+00   0.00000E+00   3.87578E+00   2.47941E-15            16   4.84133E-10   3.11116E+00
         542   6.50400E+01   1.20000E-01   2.18544E-01   4.19243E-04   6.74365E-04   0.00000E+00   5.01794E-02   1.00000E+00   0.00000E+00   3.87578E+00   2.47612E-15            16   4.85516E-10   3.11108E+00
         543   6.51600E+01   1.20000E-01   2.18544E-01   4.15963E-04   6.68458E-04   0.00000E+00   5.02553E-02   1.00000E+00   0.00000E+00   3.87578E+00   2.47400E-15            16   4.86872E-10   3.11100E+00
         544   6.52800E+01   1.20000E-01   2.18544E-01   4.12678E-04   6.62546E-04   0.00000E+00   5.03296E-02   1.00000E+00   0.00000E+00   3.87578E+00   2.47232E-15            16   4.88433E-10   3.11093E+00
         545   6.54000E+01   1.20000E-01   2.18544E-01   4.09388E-04   6.56631E-04   0.00000E+00   5.04026E-02   1.00000E+00   0.00000E+00   3.87578E+00   2.47431E-15            16   4.90288E-10   3.11085E+00
         546   6.55200E+01   1.20000E-01   2.18544E-01   4.06095E-04   6.50711E-04   0.00000E+00   5.04741E-02   1.00000E+00   0.00000E+00   3.87578E+00   2.46937E-15            16   4.91624E-10   3.11078E+00
         547   6.56400E+01   1.20000E-01   2.18544E-01   4.02797E-04   6.44787E-04   0.00000E+00   5.05442E-02   1.00000E+00   0.00000E+00   3.87578E+00   2.46947E-15            16   4.94010E-10   3.11071E+00
         548   6.57600E+01   1.20000E-01   2.18544E-01   3.99496E-04   6.38859E-04   0.00000E+00   5.06129E-02   1.00000E+00   0.00000E+00   3.87578E+00   2.46399E-15            16   4.95252E-10   3.11064E+00
         549   6.58800E+01   1.20000E-01   2.18544E-01   3.96190E-04   6.32927E-04   0.00000E+00   5.06803E-02   1.00000E+00   0.00000E+00   3.87578E+00   2.46054E-15            16   4.96910E-10   3.11057E+00
         550   6.60000E+01   1.20000E-01   2.18544E-01   3.92881E-04   6.26992E-04   0.00000E+00   5.07461E-02   1.00000E+00   0.00000E+00   3.87578E+00   2.45577E-15            16   4.98709E-10   3.11050E+00
         551   6.61200E+01   1.20000E-01   2.18544E-01   3.89568E-04   6.21054E-04   0.00000E+00   5.08107E-02   1.00000E+00   0.00000E+00   3.87578E+00   2.45213E-15            16   5.00486E-10   3.11043E+00
         552   6.62400E+01   1.20000E-01   2.18544E-01   3.86251E-04   6.15112E-04   0.00000E+00   5.08738E-02   1.00000E+00   0.00000E+00   3.87578E+00   2.44635E-15            16   5.02406E-10   3.11036E+00
         553   6.63600E+01   1.20000E-01   2.18544E-01   3.82931E-04   6.09168E-04   0.00000E+00   5.09355E-02   1.00000E+00   0.00000E+00   3.87578E+00   2.44757E-15            16   5.04565E-10   3.11029E+00
         554   6.64800E+01   1.20000E-01   2.18544E-01   3.81827E-04   6.03220E-04   0.00000E+00   5.09957E-02   1.00000E+00   0.00000E+00   3.87578E+00   2.41725E-15            16   5.07002E-10   3.11023E+00
         555   6.66000E+01   1.20000E-01   2.18544E-01   3.84815E-04   5.97270E-04   0.00000E+00   5.10547E-02   1.00000E+00   0.00000E+00   3.87578E+00   2.42866E-15            16   5.08493E-10   3.11016E+00
         556   6.67200E+01   1.20000E-01   2.18544E-01   3.87790E-04   5.91318E-04   0.00000E+00   5.11123E-02   1.00000E+00   0.00000E+00   3.87578E+00   2.42092E-15            16   5.10615E-10   3.11010E+00
         557   6.68400E+01   1.20000E-01   2.18544E-01   3.90753E-04   5.85363E-04   0.00000E+00   5.11685E-02   1.00000E+00   0.00000E+00   3.87578E+00   2.41493E-15            16   5.12743E-10   3.11004E+00
         558   6.69600E+01   1.20000E-01   2.18544E-01   3.93704E-04   5.79406E-04   0.00000E+00   5.12233E-02   1.00000E+00   0.00000E+00   3.87578E+00   2.40765E-15            16   5.15064E-10   3.10997E+00
         559   6.70800E+01   1.20000E-01   2.18544E-01   3.96643E-04   5.73447E-04   0.00000E+00   5.12768E-02   1.00000E+00   0.00000E+00   3.87578E+00   2.40174E-15            16   5.17381E-10   3.10991E+00
         560   6.72000E+01   1.20000E-01   2.18544E-01   3.99569E-04   5.67486E-04   0.00000E+00   5.13288E-02   1.00000E+00   0.00000E+00   3.87578E+00   2.39395E-15            16   5.19867E-10   3.10985E+00
         561   6.73200E+01   1.20000E-01   2.18544E-01   4.02482E-04   5.61523E-04   0.00000E+00   5.13795E-02   1.00000E+00   0.00000E+00   3.87578E+00   2.38677E-15            16   5.22370E-10   3.10979E+00
         562   6.74400E+01   1.20000E-01   2.18544E-01   4.05383E-04   5.55559E-04   0.00000E+00   5.14288E-02   1.00000E+00   0.00000E+00   3.87578E+00   2.38022E-15            16   5.25115E-10   3.10973E+00
         563   6.75600E+01   1.20000E-01   2.18544E-01   4.08270E-04   5.49594E-04   0.00000E+00   5.14768E-02   1.00000E+00   0.00000E+00   3.87578E+00   2.37412E-15            16   5.27768E-10   3.10968E+00
         564   6.76800E+01   1.20000E-01   2.18544E-01   4.11145E-04   5.43627E-04   0.00000E+00   5.15233E-02   1.00000E+00   0.00000E+00   3.87578E+00   2.36575E-15            16   5.30602E-10   3.10962E+00
         565   6.78000E+01   1.20000E-01   2.18544E-01   4.14006E-04   5.37659E-04   0.00000E+00   5.15686E-02   1.00000E+00   0.00000E+00   3.87578E+00   2.35570E-15            16   5.33311E-10   3.10957E+00
         566   6.79200E+01   1.20000E-01   2.18544E-01   4.16854E-04   5.31691E-04   0.00000E+00   5.16125E-02   1.00000E+00   0.00000E+00   3.87578E+00   2.34348E-15            16   5.36364E-10   3.10951E+00
         567   6.80400E+01   1.20000E-01   2.18544E-01   4.19689E-04   5.25722E-04   0.00000E+00   5.16550E-02   1.00000E+00   0.00000E+00   3.87578E+00   2.33363E-15            16   5.39430E-10   3.10946E+00
         568   6.81600E+01   1.20000E-01   2.18544E-01   4.22511E-04   5.20599E-04   0.00000E+00   5.16962E-02   1.00000E+00   0.00000E+00   3.87578E+00   2.32431E-15            16   5.42710E-10   3.10940E+00
         569   6.82800E+01   1.20000E-01   2.18544E-01   4.25320E-04   5.15644E-04   0.00000E+00   5.17361E-02   1.00000E+00   0.00000E+00   3.87578E+00   2.31523E-15            16   5.45987E-10   3.10935E+00
         570   6.84000E+01   1.20000E-01   2.18544E-01   4.28116E-04   5.10687E-04   0.00000E+00   5.17745E-02   1.00000E+00   0.00000E+00   3.87578E+00   2.30453E-15            16   5.49489E-10   3.10930E+00
         571   6.85200E+01   1.20000E-01   2.18544E-01   4.30898E-04   5.05729E-04   0.00000E+00   5.18117E-02   1.00000E+00   0.00000E+00   3.87578E+00   2.29526E-15            16   5.53009E-10   3.10925E+00
         572   6.86400E+01   1.20000E-01   2.18544E-01   4.33667E-04   5.00769E-04   0.00000E+00   5.18475E-02   1.00000E+00   0.00000E+00   3.87578E+00   2.28402E-15            16   5.56764E-10   3.10920E+00
         573   6.87600E+01   1.20000E-01   2.18544E-01   4.36422E-04   4.95808E-04   0.00000E+00   5.18820E-02   1.00000E+00   0.00000E+00   3.87578E+00   2.27357E-15            16   5.60540E-10   3.10915E+00
         574   6.88800E+01   1.20000E-01   2.18544E-01   4.39164E-04   4.90846E-04   0.00000E+00   5.19150E-02   1.00000E+00   0.00000E+00   3.87578E+00   2.26183E-15            16   5.64559E-10   3.10911E+00
         575   6.90000E+01   1.20000E-01   2.18544E-01   4.41892E-04   4.85883E-04   0.00000E+00   5.19469E-02   1.00000E+00   0.00000E+00   3.87578E+00   2.25105E-15            16   5.68605E-10   3.10906E+00
         576   6.91200E+01   1.20000E-01   2.18544E-01   4.44606E-04   4.80920E-04   0.00000E+00   5.19773E-02   1.00000E+00   0.00000E+00   3.87578E+00   2.23824E-15            16   5.72903E-10   3.10901E+00
         577   6.92400E+01   1.20000E-01   2.18544E-01   4.47306E-04   4.75987E-04   0.00000E+00   5.20064E-02   1.00000E+00   0.00000E+00   3.87578E+00   2.22662E-15            16   5.77234E-10   3.10897E+00
         578   6.93600E+01   1.20000E-01   2.18544E-01   4.49993E-04   4.71220E-04   0.00000E+00   5.20342E-02   1.00000E+00   0.00000E+00   3.87578E+00   2.21275E-15            16   5.81827E-10   3.10893E+00
         579   6.94800E+01   1.20000E-01   2.18544E-01   4.52665E-04   4.66454E-04   0.00000E+00   5.20607E-02   1.00000E+00   0.00000E+00   3.87578E+00   2.19987E-15            16   5.86456E-10   3.10888E+00
         580   6.96000E+01   1.20000E-01   2.18544E-01   4.55324E-04   4.61689E-04   0.00000E+00   5.20858E-02   1.00000E+00   0.00000E+00   3.87578E+00   2.18387E-15            16   5.91273E-10   3.10884E+00
         581   6.97200E+01   1.20000E-01   2.18544E-01   4.57968E-04   4.56924E-04   0.00000E+00   5.21097E-02   1.00000E+00   0.00000E+00   3.87578E+00   2.16646E-15            16   5.96096E-10   3.10880E+00
         582   6.98400E+01   1.20000E-01   2.18544E-01   4.60598E-04   4.52161E-04   0.00000E+00   5.21322E-02   1.00000E+00   0.00000E+00   3.87578E+00   2.14967E-15            16   6.01279E-10   3.10876E+00
         583   6.99600E+01   1.20000E-01   2.18544E-01   4.63214E-04   4.47399E-04   0.00000E+00   5.21535E-02   1.00000E+00   0.00000E+00   3.87578E+00   2.13518E-15            16   6.06538E-10   3.10872E+00
         584   7.00800E+01   1.20000E-01   2.18544E-01   4.65816E-04   4.42638E-04   0.00000E+00   5.21734E-02   1.00000E+00   0.00000E+00   3.87578E+00   2.11852E-15            16   6.12089E-10   3.10868E+00
         585   7.02000E+01   1.20000E-01   2.18544E-01   4.68404E-04   4.37878E-04   0.00000E+00   5.21921E-02   1.00000E+00   0.00000E+00   3.87578E+00   2.10231E-15            16   6.17700E-10   3.10865E+00
         586   7.03200E+01   1.20000E-01   2.18544E-01   4.70977E-04   4.33119E-04   0.00000E+00   5.22094E-02   1.00000E+00   0.00000E+00   3.87578E+00   2.08407E-15            16   6.23602E-10   3.10861E+00
         587   7.04400E+01   1.20000E-01   2.18544E-01   4.73536E-04   4.28363E-04   0.00000E+00   5.22254E-02   1.00000E+00   0.00000E+00   3.87578E+00   2.06660E-15            16   6.29559E-10   3.10858E+00
         588   7.05600E+01   1.20000E-01   2.18544E-01   4.76081E-04   4.23607E-04   0.00000E+00   5.22401E-02   1.00000E+00   0.00000E+00   3.87578E+00   2.04638E-15            16   6.35808E-10   3.10854E+00
         589   7.06800E+01   1.20000E-01   2.18544E-01   4.78611E-04   4.18854E-04   0.00000E+00   5.22535E-02   1.00000E+00   0.00000E+00   3.87578E+00   2.02713E-15            16   6.42116E-10   3.10851E+00
         590   7.08000E+01   1.20000E-01   2.18544E-01   4.81126E-04   4.14102E-04   0.00000E+00   5.22656E-02   1.00000E+00   0.00000E+00   3.87578E+00   2.00543E-15            16   6.48718E-10   3.10847E+00
         591   7.09200E+01   1.20000E-01   2.18544E-01   4.83628E-04   4.09352E-04   0.00000E+00   5.22765E-02   1.00000E+00   0.00000E+00   3.87578E+00   1.98423E-15            16   6.55377E-10   3.10844E+00
         592   7.10400E+01   1.20000E-01   2.18544E-01   4.86115E-04   4.04605E-04   0.00000E+00   5.22860E-02   1.00000E+00   0.00000E+00   3.87578E+00   1.96040E-15            16   6.62324E-10   3.10841E+00
         593   7.11600E+01   1.20000E-01   2.18544E-01   4.88587E-04   3.99859E-04   0.00000E+00   5.22943E-02   1.00000E+00   0.00000E+00   3.87578E+00   1.93729E-15            16   6.69325E-10   3.10838E+00
         594   7.12800E+01   1.20000E-01   2.18544E-01   4.91045E-04   3.95116E-04   0.00000E+00   5.23013E-02   1.00000E+00   0.00000E+00   3.87578E+00   1.91115E-15            16   6.76604E-10   3.10835E+00
         595   7.14000E+01   1.20000E-01   2.18544E-01   4.93489E-04   3.90375E-04   0.00000E+00   5.23070E-02   1.00000E+00   0.00000E+00   3.87578E+00   1.88622E-15            16   6.83927E-10   3.10833E+00
         596   7.15200E+01   1.20000E-01   2.18544E-01   4.95918E-04   3.85636E-04   0.00000E+00   5.23114E-02   1.00000E+00   0.00000E+00   3.87578E+00   1.85809E-15            16   6.91507E-10   3.10830E+00
         597   7.16400E+01   1.20000E-01   2.18544E-01   4.98333E-04   3.80900E-04   0.00000E+00   5.23146E-02   1.00000E+00   0.00000E+00   3.87578E+00   1.83056E-15            16   6.99118E-10   3.10827E+00
         598   7.17600E+01   1.20000E-01   2.18544E-01   5.00733E-04   3.76167E-04   0.00000E+00   5.23165E-02   1.00000E+00   0.00000E+00   3.87578E+00   1.80007E-15            16   7.06956E-10   3.10825E+00
         599   7.18800E+01   1.20000E-01   2.18544E-01   5.03118E-04   3.71436E-04   0.00000E+00   5.23171E-02   1.00000E+00   0.00000E+00   3.87578E+00   1.77014E-15            16   7.14802E-10   3.10822E+00
         600   7.20000E+01   1.20000E-01   2.18544E-01   5.05489E-04   3.66709E-04   0.00000E+00   5.23165E-02   1.00000E+00   0.00000E+00   3.87578E+00   1.73730E-15            16   7.22832E-10   3.10820E+00
         601   7.21200E+01   1.20000E-01   2.18544E-01   5.07845E-04   3.61984E-04   0.00000E+00   5.23146E-02   1.00000E+00   0.00000E+00   3.87578E+00   1.70525E-15            16   7.30913E-10   3.10818E+00
         602   7.22400E+01   1.20000E-01   2.18544E-01   5.10187E-04   3.58058E-04   0.00000E+00   5.23114E-02   1.00000E+00   0.00000E+00   3.87578E+00   1.67128E-15            16   7.38702E-10   3.10815E+00
         603   7.23600E+01   1.20000E-01   2.18544E-01   5.12514E-04   3.54160E-04   0.00000E+00   5.23070E-02   1.00000E+00   0.00000E+00   3.87578E+00   1.63722E-15            16   7.46751E-10   3.10813E+00
         604   7.24800E+01   1.20000E-01   2.18544E-01   5.14826E-04   3.50263E-04   0.00000E+00   5.23013E-02   1.00000E+00   0.00000E+00   3.87578E+00   1.59999E-15            16   7.54862E-10   3.10811E+00
         605   7.26000E+01   1.20000E-01   2.18544E-01   5.17124E-04   3.46369E-04   0.00000E+00   5.22945E-02   1.00000E+00   0.00000E+00   3.87578E+00   1.56313E-15            16   7.62773E-10   3.10809E+00
         606   7.27200E+01   1.20000E-01   2.18544E-01   5.19406E-04   3.42476E-04   0.00000E+00   5.22863E-02   1.00000E+00   0.00000E+00   3.87578E+00   1.52622E-15            16   7.71140E-10   3.10808E+00
         607   7.28400E+01   1.20000E-01   2.18544E-01   5.21674E-04   3.38585E-04   0.00000E+00   5.22769E-02   1.00000E+00   0.00000E+00   3.87578E+00   1.48761E-15            16   7.78986E-10   3.10806E+00
         608   7.29600E+01   1.20000E-01   2.18544E-01   5.23926E-04   3.34696E-04   0.00000E+00   5.22663E-02   1.00000E+00   0.00000E+00   3.87578E+00   1.44684E-15            16   7.86739E-10   3.10804E+00
         609   7.30800E+01   1.20000E-01   2.18544E-01   5.26163E-04   3.30810E-04   0.00000E+00   5.22545E-02   1.00000E+00   0.00000E+00   3.87578E+00   1.40720E-15            16   7.94295E-10   3.10803E+00
         610   7.32000E+01   1.20000E-01   2.18544E-01   5.28385E-04   3.26926E-04   0.00000E+00   5.22413E-02   1.00000E+00   0.00000E+00   3.87578E+00   1.36604E-15            16   8.01638E-10   3.10801E+00
         611   7.33200E+01   1.20000E-01   2.18544E-01   5.30592E-04   3.23044E-04   0.00000E+00   5.22271E-02   1.00000E+00   0.00000E+00   3.87578E+00   1.32624E-15            16   8.08708E-10   3.10800E+00
         612   7.34400E+01   1.20000E-01   2.18544E-01   5.32784E-04   3.19164E-04   0.00000E+00   5.22115E-02   1.00000E+00   0.00000E+00   3.87578E+00   1.28619E-15            16   8.15364E-10   3.10799E+00
         613   7.35600E+01   1.20000E-01   2.18544E-01   5.34960E-04   3.15287E-04   0.00000E+00   5.21947E-02   1.00000E+00   0.00000E+00   3.87578E+00   1.24764E-15            16   8.21491E-10   3.10797E+00
         614   7.36800E+01   1.20000E-01   2.18544E-01   5.37122E-04   3.11412E-04   0.00000E+00   5.21767E-02   1.00000E+00   0.00000E+00   3.87578E+00   1.20933E-15            16   8.26685E-10   3.10796E+00
         615   7.38000E+01   1.20000E-01   2.18544E-01   5.39268E-04   3.07540E-04   0.00000E+00   5.21576E-02   1.00000E+00   0.00000E+00   3.87578E+00   1.17250E-15            16   8.30544E-10   3.10795E+00
         616   7.39200E+01   1.20000E-01   2.18544E-01   5.41399E-04   3.03671E-04   0.00000E+00   5.21371E-02   1.00000E+00   0.00000E+00   3.87578E+00   1.13443E-15            16   8.32083E-10   3.10794E+00
         617   7.40400E+01   1.20000E-01   2.18544E-01   5.43516E-04   2.99804E-04   0.00000E+00   5.21155E-02   1.00000E+00   0.00000E+00   3.87578E+00   1.09544E-15            16   8.30116E-10   3.10794E+00
         618   7.41600E+01   1.20000E-01   2.18544E-01   5.45616E-04   2.95941E-04   0.00000E+00   5.20927E-02   1.00000E+00   0.00000E+00   3.87578E+00   1.05125E-15            16   8.22508E-10   3.10793E+00
         619   7.42800E+01   1.20000E-01   2.18544E-01   5.47702E-04   2.92080E-04   0.00000E+00   5.20687E-02   1.00000E+00   0.00000E+00   3.87578E+00   9.98847E-16            16   8.06598E-10   3.10792E+00
         620   7.44000E+01   1.20000E-01   2.18544E-01   5.49872E-04   2.88223E-04   0.00000E+00   5.20434E-02   1.00000E+00   0.00000E+00   3.87578E+00   9.33050E-16            16   7.79128E-10   3.10792E+00
         621   7.45200E+01   1.20000E-01   2.18544E-01   5.53316E-04   2.84368E-04   0.00000E+00   5.20171E-02   1.00000E+00   0.00000E+00   3.87578E+00   8.52438E-16            16   7.38222E-10   3.10791E+00
         622   7.46400E+01   1.20000E-01   2.18544E-01   5.56741E-04   2.80517E-04   0.00000E+00   5.19894E-02   1.00000E+00   0.00000E+00   3.87578E+00   7.62176E-16            16   6.86659E-10   3.10791E+00
         623   7.47600E+01   1.20000E-01   2.18544E-01   5.60147E-04   2.76669E-04   0.00000E+00   5.19607E-02   1.00000E+00   0.00000E+00   3.87578E+00   3.53058E-16            16   3.67062E-10   3.10790E+00
         624   7.48800E+01   1.20000E-01   2.18544E-01   5.63535E-04   2.72824E-04   0.00000E+00   5.19306E-02   1.00000E+00   0.00000E+00   3.87578E+00   6.48583E-16            16   6.13626E-10   3.10790E+00
         625   7.50000E+01   1.20000E-01   2.18544E-01   5.66904E-04   2.68983E-04   0.00000E+00   5.18995E-02   1.00000E+00   0.00000E+00   3.87578E+00   6.45179E-16            16   6.10667E-10   3.10790E+00
         626   7.51200E+01   1.20000E-01   2.18544E-01   5.70255E-04   2.65145E-04   0.00000E+00   5.18671E-02   1.00000E+00   0.00000E+00   3.87578E+00   6.61980E-16            16   6.22149E-10   3.10790E+00
         627   7.52400E+01   1.20000E-01   2.18544E-01   5.73586E-04   2.61311E-04   0.00000E+00   5.18337E-02   1.00000E+00   0.00000E+00   3.87578E+00   6.86586E-16            16   6.38382E-10   3.10790E+00
         628   7.53600E+01   1.20000E-01   2.18544E-01   5.76899E-04   2.57481E-04   0.00000E+00   5.17989E-02   1.00000E+00   0.00000E+00   3.87578E+00   7.09807E-16            16   6.52697E-10   3.10790E+00
         629   7.54800E+01   1.20000E-01   2.18544E-01   5.80193E-04   2.53655E-04   0.00000E+00   5.17631E-02   1.00000E+00   0.00000E+00   3.87578E+00   7.21333E-16            16   6.55886E-10   3.10790E+00
         630   7.56000E+01   1.20000E-01   2.18544E-01   5.83468E-04   2.49832E-04   0.00000E+00   5.17261E-02   1.00000E+00   0.00000E+00   3.87578E+00   6.36832E-16            16   5.90553E-10   3.10791E+00
         631   7.57200E+01   1.20000E-01   2.18544E-01   5.86724E-04   2.46013E-04   0.00000E+00   5.16880E-02   1.00000E+00   0.00000E+00   3.87578E+00   7.57010E-16            16   6.68449E-10   3.10791E+00
         632   7.58400E+01   1.20000E-01   2.18544E-01   5.89960E-04   2.42229E-04   0.00000E+00   5.16486E-02   1.00000E+00   0.00000E+00   3.87578E+00   7.76333E-16            16   6.72056E-10   3.10791E+00
         633   7.59600E+01   1.20000E-01   2.18544E-01   5.93178E-04   2.39118E-04   0.00000E+00   5.16081E-02   1.00000E+00   0.00000E+00   3.87578E+00   7.91353E-16            16   6.70855E-10   3.10792E+00
         634   7.60800E+01   1.20000E-01   2.18544E-01   5.96376E-04   2.36010E-04   0.00000E+00   5.15665E-02   1.00000E+00   0.00000E+00   3.87578E+00   8.04227E-16            16   6.67800E-10   3.10793E+00
         635   7.62000E+01   1.20000E-01   2.18544E-01   5.99556E-04   2.32905E-04   0.00000E+00   5.15237E-02   1.00000E+00   0.00000E+00   3.87578E+00   8.17723E-16            16   6.63787E-10   3.10793E+00
         636   7.63200E+01   1.20000E-01   2.18544E-01   6.02716E-04   2.29803E-04   0.00000E+00   5.14798E-02   1.00000E+00   0.00000E+00   3.87578E+00   8.30300E-16            16   6.59434E-10   3.10794E+00
         637   7.64400E+01   1.20000E-01   2.18544E-01   6.05856E-04   2.26703E-04   0.00000E+00   5.14348E-02   1.00000E+00   0.00000E+00   3.87578E+00   8.43705E-16            16   6.55032E-10   3.10795E+00
         638   7.65600E+01   1.20000E-01   2.18544E-01   6.08978E-04   2.24994E-04   0.00000E+00   5.13885E-02   1.00000E+00   0.00000E+00   3.87578E+00   8.56907E-16            16   6.50832E-10   3.10796E+00
         639   7.66800E+01   1.20000E-01   2.18544E-01   6.12080E-04   2.32365E-04   0.00000E+00   5.13413E-02   1.00000E+00   0.00000E+00   3.87578E+00   8.70611E-16            16   6.46920E-10   3.10797E+00
         640   7.68000E+01   1.20000E-01   2.18544E-01   6.15162E-04   2.39713E-04   0.00000E+00   5.12928E-02   1.00000E+00   0.00000E+00   3.87578E+00   8.83103E-16            16   6.43359E-10   3.10798E+00
         641   7.69200E+01   1.20000E-01   2.18544E-01   6.18226E-04   2.47040E-04   0.00000E+00   5.12432E-02   1.00000E+00   0.00000E+00   3.87578E+00   8.96751E-16            16   6.40152E-10   3.10799E+00
         642   7.70400E+01   1.20000E-01   2.18544E-01   6.21269E-04   2.54345E-04   0.00000E+00   5.11925E-02   1.00000E+00   0.00000E+00   3.87578E+00   9.08141E-16            16   6.37264E-10   3.10801E+00
         643   7.71600E+01   1.20000E-01   2.18544E-01   6.24293E-04   2.61627E-04   0.00000E+00   5.11407E-02   1.00000E+00   0.00000E+00   3.87578E+00   9.20300E-16            16   6.34680E-10   3.10802E+00
         644   7.72800E+01   1.20000E-01   2.18544E-01   6.27298E-04   2.68887E-04   0.00000E+00   5.10878E-02   1.00000E+00   0.00000E+00   3.87578E+00   9.29456E-16            16   6.32319E-10   3.10803E+00
         645   7.74000E+01   1.20000E-01   2.18544E-01   6.30283E-04   2.76125E-04   0.00000E+00   5.10338E-02   1.00000E+00   0.00000E+00   3.87578E+00   9.39345E-16            16   6.30177E-10   3.10805E+00
         646   7.75200E+01   1.20000E-01   2.18544E-01   6.33248E-04   2.83340E-04   0.00000E+00   5.09786E-02   1.00000E+00   0.00000E+00   3.87578E+00   9.45226E-16            16   6.28159E-10   3.10807E+00
         647   7.76400E+01   1.20000E-01   2.18544E-01   6.36194E-04   2.90533E-04   0.00000E+00   5.09224E-02   1.00000E+00   0.00000E+00   3.87578E+00   9.51611E-16            16   6.26280E-10   3.10808E+00
         648   7.77600E+01   1.20000E-01   2.18544E-01   6.39119E-04   2.97702E-04   0.00000E+00   5.08650E-02   1.00000E+00   0.00000E+00   3.87578E+00   9.53273E-16            16   6.24440E-10   3.10810E+00
         649   7.78800E+01   1.20000E-01   2.18544E-01   6.42025E-04   3.04849E-04   0.00000E+00   5.08066E-02   1.00000E+00   0.00000E+00   3.87578E+00   9.62043E-16            16   6.22681E-10   3.10812E+00
         650   7.80000E+01   1.20000E-01   2.18544E-01   6.44912E-04   3.11972E-04   0.00000E+00   5.07470E-02   1.00000E+00   0.00000E+00   3.87578E+00   9.79519E-16            16   6.20902E-10   3.10814E+00
         651   7.81200E+01   1.20000E-01   2.18544E-01   6.47778E-04   3.19071E-04   0.00000E+00   5.06865E-02   1.00000E+00   0.00000E+00   3.87578E+00   9.97396E-16            16   6.19165E-10   3.10816E+00
         652   7.82400E+01   1.20000E-01   2.18544E-01   6.50625E-04   3.26147E-04   0.00000E+00   5.06247E-02   1.00000E+00   0.00000E+00   3.87578E+00   1.01231E-15            16   6.17369E-10   3.10818E+00
         653   7.83600E+01   1.20000E-01   2.18544E-01   6.53451E-04   3.33200E-04   0.00000E+00   5.05620E-02   1.00000E+00   0.00000E+00   3.87578E+00   1.02724E-15            16   6.15598E-10   3.10820E+00
         654   7.84800E+01   1.20000E-01   2.18544E-01   6.56258E-04   3.40228E-04   0.00000E+00   5.04981E-02   1.00000E+00   0.00000E+00   3.87578E+00   1.03933E-15            16   6.13747E-10   3.10822E+00
         655   7.86000E+01   1.20000E-01   2.18544E-01   6.59045E-04   3.47233E-04   0.00000E+00   5.04332E-02   1.00000E+00   0.00000E+00   3.87578E+00   1.05216E-15            16   6.11915E-10   3.10825E+00
         656   7.87200E+01   1.20000E-01   2.18544E-01   6.61812E-04   3.54213E-04   0.00000E+00   5.03671E-02   1.00000E+00   0.00000E+00   3.87578E+00   1.06149E-15            16   6.09996E-10   3.10827E+00
         657   7.88400E+01   1.20000E-01   2.18544E-01   6.64558E-04   3.61169E-04   0.00000E+00   5.03001E-02   1.00000E+00   0.00000E+00   3.87578E+00   1.07200E-15            16   6.08101E-10   3.10830E+00
         658   7.89600E+01   1.20000E-01   2.18544E-01   6.67285E-04   3.68100E-04   0.00000E+00   5.02319E-02   1.00000E+00   0.00000E+00   3.87578E+00   1.07942E-15            16   6.06120E-10   3.10832E+00
         659   7.90800E+01   1.20000E-01   2.18544E-01   6.69991E-04   3.75007E-04   0.00000E+00   5.01628E-02   1.00000E+00   0.00000E+00   3.87578E+00   1.08869E-15            16   6.04173E-10   3.10835E+00
         660   7.92000E+01   1.20000E-01   2.18544E-01   6.72678E-04   3.81889E-04   0.00000E+00   5.00925E-02   1.00000E+00   0.00000E+00   3.87578E+00   1.09523E-15            16   6.02146E-10   3.10838E+00
         661   7.93200E+01   1.20000E-01   2.18544E-01   6.75344E-04   3.88747E-04   0.00000E+00   5.00213E-02   1.00000E+00   0.00000E+00   3.87578E+00   1.12886E-15            16   6.00164E-10   3.10841E+00
         662   7.94400E+01   1.20000E-01   2.18544E-01   6.77990E-04   3.95579E-04   0.00000E+00   4.99489E-02   1.00000E+00   0.00000E+00   3.87578E+00   1.16751E-15            16   5.98110E-10   3.10844E+00
         663   7.95600E+01   1.20000E-01   2.18544E-01   6.80615E-04   4.02386E-04   0.00000E+00   4.98756E-02   1.00000E+00   0.00000E+00   3.87578E+00   1.20828E-15            16   5.96111E-10   3.10847E+00
         664   7.96800E+01   1.20000E-01   2.18544E-01   6.83221E-04   4.09168E-04   0.00000E+00   4.98011E-02   1.00000E+00   0.00000E+00   3.87578E+00   1.24911E-15            16   5.94052E-10   3.10850E+00
         665   7.98000E+01   1.20000E-01   2.18544E-01   6.85806E-04   4.15924E-04   0.00000E+00   4.97257E-02   1.00000E+00   0.00000E+00   3.87578E+00   1.29224E-15            16   5.92051E-10   3.10853E+00
         666   7.99200E+01   1.20000E-01   2.18544E-01   6.88370E-04   4.22655E-04   0.00000E+00   4.96491E-02   1.00000E+00   0.00000E+00   3.87578E+00   1.33613E-15            16   5.89999E-10   3.10856E+00
         667   8.00400E+01   1.20000E-01   2.18544E-01   6.90915E-04   4.29360E-04   0.00000E+00   4.95717E-02   1.00000E+00   0.00000E+00   3.87578E+00   1.38018E-15            16   5.88008E-10   3.10859E+00
         668   8.01600E+01   1.20000E-01   2.18544E-01   6.93439E-04   4.36039E-04   0.00000E+00   4.94931E-02   1.00000E+00   0.00000E+00   3.87578E+00   1.42574E-15            16   5.85974E-10   3.10863E+00
         669   8.02800E+01   1.20000E-01   2.18544E-01   6.95942E-04   4.42693E-04   0.00000E+00   4.94136E-02   1.00000E+00   0.00000E+00   3.87578E+00   1.47178E-15            16   5.83999E-10   3.10866E+00
         670   8.04000E+01   1.20000E-01   2.18544E-01   6.98425E-04   4.49320E-04   0.00000E+00   4.93329E-02   1.00000E+00   0.00000E+00   3.87578E+00   1.51789E-15            16   5.81988E-10   3.10870E+00
         671   8.05200E+01   1.20000E-01   2.18544E-01   7.00888E-04   4.55921E-04   0.00000E+00   4.92514E-02   1.00000E+00   0.00000E+00   3.87578E+00   1.56400E-15            16   5.80030E-10   3.10873E+00
         672   8.06400E+01   1.20000E-01   2.18544E-01   7.03330E-04   4.62495E-04   0.00000E+00   4.91687E-02   1.00000E+00   0.00000E+00   3.87578E+00   1.61006E-15            16   5.77999E-10   3.10877E+00
         673   8.07600E+01   1.20000E-01   2.18544E-01   7.05752E-04   4.69043E-04   0.00000E+00   4.90852E-02   1.00000E+00   0.00000E+00   3.87578E+00   1.65322E-15            16   5.76306E-10   3.10881E+00
         674   8.08800E+01   1.20000E-01   2.18544E-01   7.08153E-04   4.75565E-04   0.00000E+00   4.90005E-02   1.00000E+00   0.00000E+00   3.87578E+00   1.69937E-15            16   5.74328E-10   3.10885E+00
         675   8.10000E+01   1.20000E-01   2.18544E-01   7.10533E-04   4.82060E-04   0.00000E+00   4.89149E-02   1.00000E+00   0.00000E+00   3.87578E+00   1.74413E-15            16   5.72429E-10   3.10888E+00
         676   8.11200E+01   1.20000E-01   2.18544E-01   7.12893E-04   4.88528E-04   0.00000E+00   4.88282E-02   1.00000E+00   0.00000E+00   3.87578E+00   1.78519E-15            16   5.70211E-10   3.10892E+00
         677   8.12400E+01   1.20000E-01   2.18544E-01   7.15232E-04   4.94969E-04   0.00000E+00   4.87407E-02   1.00000E+00   0.00000E+00   3.87578E+00   1.82758E-15            16   5.68296E-10   3.10896E+00
         678   8.13600E+01   1.20000E-01   2.18544E-01   7.17550E-04   5.01383E-04   0.00000E+00   4.86521E-02   1.00000E+00   0.00000E+00   3.87578E+00   1.87140E-15            16   5.66365E-10   3.10901E+00
         679   8.14800E+01   1.20000E-01   2.18544E-01   7.19847E-04   5.07769E-04   0.00000E+00   4.85626E-02   1.00000E+00   0.00000E+00   3.87578E+00   1.91298E-15            16   5.64458E-10   3.10905E+00
         680   8.16000E+01   1.20000E-01   2.18544E-01   7.22123E-04   5.14129E-04   0.00000E+00   4.84719E-02   1.00000E+00   0.00000E+00   3.87578E+00   1.95509E-15            16   5.62550E-10   3.10909E+00
         681   8.17200E+01   1.20000E-01   2.18544E-01   7.24379E-04   5.20460E-04   0.00000E+00   4.83805E-02   1.00000E+00   0.00000E+00   3.87578E+00   1.99465E-15            16   5.60663E-10   3.10913E+00
         682   8.18400E+01   1.20000E-01   2.18544E-01   7.26614E-04   5.26765E-04   0.00000E+00   4.82879E-02   1.00000E+00   0.00000E+00   3.87578E+00   2.03467E-15            16   5.58778E-10   3.10918E+00
         683   8.19600E+01   1.20000E-01   2.18544E-01   7.28828E-04   5.33041E-04   0.00000E+00   4.81945E-02   1.00000E+00   0.00000E+00   3.87578E+00   2.07254E-15            16   5.56908E-10   3.10922E+00
         684   8.20800E+01   1.20000E-01   2.18544E-01   7.31022E-04   5.39290E-04   0.00000E+00   4.81000E-02   1.00000E+00   0.00000E+00   3.87578E+00   2.11081E-15            16   5.55045E-10   3.10927E+00
         685   8.22000E+01   1.20000E-01   2.18544E-01   7.33194E-04   5.45511E-04   0.00000E+00   4.80047E-02   1.00000E+00   0.00000E+00   3.87578E+00   2.14586E-15            16   5.53192E-10   3.10932E+00
         686   8.23200E+01   1.20000E-01   2.18544E-01   7.35346E-04   5.51704E-04   0.00000E+00   4.79083E-02   1.00000E+00   0.00000E+00   3.87578E+00   2.18256E-15            16   5.51350E-10   3.10936E+00
         687   8.24400E+01   1.20000E-01   2.18544E-01   7.37477E-04   5.57869E-04   0.00000E+00   4.78111E-02   1.00000E+00   0.00000E+00   3.87578E+00   2.21580E-15            16   5.49516E-10   3.10941E+00
         688   8.25600E+01   1.20000E-01   2.18544E-01   7.39587E-04   5.64005E-04   0.00000E+00   4.77127E-02   1.00000E+00   0.00000E+00   3.87578E+00   2.25039E-15            16   5.47695E-10   3.10946E+00
         689   8.26800E+01   1.20000E-01   2.18544E-01   7.41677E-04   5.70113E-04   0.00000E+00   4.76136E-02   1.00000E+00   0.00000E+00   3.87578E+00   2.28221E-15            16   5.45879E-10   3.10951E+00
         690   8.28000E+01   1.20000E-01   2.18544E-01   7.43745E-04   5.76193E-04   0.00000E+00   4.75134E-02   1.00000E+00   0.00000E+00   3.87578E+00   2.31503E-15            16   5.44081E-10   3.10956E+00
         691   8.29200E+01   1.20000E-01   2.18544E-01   7.45793E-04   5.82244E-04   0.00000E+00   4.74124E-02   1.00000E+00   0.00000E+00   3.87578E+00   2.34430E-15            16   5.42285E-10   3.10961E+00
         692   8.30400E+01   1.20000E-01   2.18544E-01   7.47820E-04   5.88267E-04   0.00000E+00   4.73103E-02   1.00000E+00   0.00000E+00   3.87578E+00   2.37512E-15            16   5.40509E-10   3.10966E+00
         693   8.31600E+01   1.20000E-01   2.18544E-01   7.49826E-04   5.94261E-04   0.00000E+00   4.72075E-02   1.00000E+00   0.00000E+00   3.87578E+00   2.40341E-15            16   5.38734E-10   3.10971E+00
         694   8.32800E+01   1.20000E-01   2.18544E-01   7.51812E-04   6.00226E-04   0.00000E+00   4.71035E-02   1.00000E+00   0.00000E+00   3.87578E+00   2.43183E-15            16   5.36981E-10   3.10977E+00
         695   8.34000E+01   1.20000E-01   2.18544E-01   7.53776E-04   6.06162E-04   0.00000E+00   4.69989E-02   1.00000E+00   0.00000E+00   3.87578E+00   2.45768E-15            16   5.35228E-10   3.10982E+00
         696   8.35200E+01   1.20000E-01   2.18544E-01   7.55719E-04   6.12068E-04   0.00000E+00   4.68931E-02   1.00000E+00   0.00000E+00   3.87578E+00   2.48577E-15            16   5.33499E-10   3.10987E+00
         697   8.36400E+01   1.20000E-01   2.18544E-01   7.57642E-04   6.17946E-04   0.00000E+00   4.67865E-02   1.00000E+00   0.00000E+00   3.87578E+00   2.51032E-15            16   5.31768E-10   3.10993E+00
         698   8.37600E+01   1.20000E-01   2.18544E-01   7.59544E-04   6.23795E-04   0.00000E+00   4.66790E-02   1.00000E+00   0.00000E+00   3.87578E+00   2.53597E-15            16   5.30063E-10   3.10998E+00
         699   8.38800E+01   1.20000E-01   2.18544E-01   7.61425E-04   6.29614E-04   0.00000E+00   4.65706E-02   1.00000E+00   0.00000E+00   3.87578E+00   2.55876E-15            16   5.28355E-10   3.11004E+00
         700   8.40000E+01   1.20000E-01   2.18544E-01   7.63285E-04   6.35403E-04   0.00000E+00   4.64612E-02   1.00000E+00   0.00000E+00   3.87578E+00   2.58391E-15            16   5.26675E-10   3.11010E+00
         701   8.41200E+01   1.20000E-01   2.18544E-01   7.65124E-04   6.41163E-04   0.00000E+00   4.63511E-02   1.00000E+00   0.00000E+00   3.87578E+00   2.60546E-15            16   5.24992E-10   3.11016E+00
         702   8.42400E+01   1.20000E-01   2.18544E-01   7.66942E-04   6.46894E-04   0.00000E+00   4.62399E-02   1.00000E+00   0.00000E+00   3.87578E+00   2.62840E-15            16   5.23336E-10   3.11021E+00
         703   8.43600E+01   1.20000E-01   2.18544E-01   7.68739E-04   6.52594E-04   0.00000E+00   4.61280E-02   1.00000E+00   0.00000E+00   3.87578E+00   2.64866E-15            16   5.21677E-10   3.11027E+00
         704   8.44800E+01   1.20000E-01   2.18544E-01   7.70515E-04   6.58265E-04   0.00000E+00   4.60150E-02   1.00000E+00   0.00000E+00   3.87578E+00   2.67049E-15            16   5.20046E-10   3.11033E+00
         705   8.46000E+01   1.20000E-01   2.18544E-01   7.72270E-04   6.63906E-04   0.00000E+00   4.59013E-02   1.00000E+00   0.00000E+00   3.87578E+00   2.68922E-15            16   5.18413E-10   3.11039E+00
         706   8.47200E+01   1.20000E-01   2.18544E-01   7.74004E-04   6.69517E-04   0.00000E+00   4.57866E-02   1.00000E+00   0.00000E+00   3.87578E+00   2.70993E-15            16   5.16808E-10   3.11045E+00
         707   8.48400E+01   1.20000E-01   2.18544E-01   7.75718E-04   6.75098E-04   0.00000E+00   4.56712E-02   1.00000E+00   0.00000E+00   3.87578E+00   2.72785E-15            16   5.15200E-10   3.11052E+00
         708   8.49600E+01   1.20000E-01   2.18544E-01   7.77410E-04   6.80648E-04   0.00000E+00   4.55547E-02   1.00000E+00   0.00000E+00   3.87578E+00   2.74741E-15            16   5.13621E-10   3.11058E+00
         709   8.50800E+01   1.20000E-01   2.18544E-01   7.79081E-04   6.86169E-04   0.00000E+00   4.54375E-02   1.00000E+00   0.00000E+00   3.87578E+00   2.76460E-15            16   5.12038E-10   3.11064E+00
         710   8.52000E+01   1.20000E-01   2.18544E-01   7.80731E-04   6.91659E-04   0.00000E+00   4.53193E-02   1.00000E+00   0.00000E+00   3.87578E+00   2.78244E-15            16   5.10485E-10   3.11071E+00
         711   8.53200E+01   1.20000E-01   2.18544E-01   7.82360E-04   6.97118E-04   0.00000E+00   4.52005E-02   1.00000E+00   0.00000E+00   3.87578E+00   2.79828E-15            16   5.08929E-10   3.11077E+00
         712   8.54400E+01   1.20000E-01   2.18544E-01   7.83967E-04   7.02548E-04   0.00000E+00   4.50805E-02   1.00000E+00   0.00000E+00   3.87578E+00   2.81581E-15            16   5.07401E-10   3.11083E+00
         713   8.55600E+01   1.20000E-01   2.18544E-01   7.85554E-04   7.07946E-04   0.00000E+00   4.49600E-02   1.00000E+00   0.00000E+00   3.87578E+00   2.83001E-15            16   5.05871E-10   3.11090E+00
         714   8.56800E+01   1.20000E-01   2.18544E-01   7.87120E-04   7.13314E-04   0.00000E+00   4.48384E-02   1.00000E+00   0.00000E+00   3.87578E+00   2.84741E-15            16   5.04369E-10   3.11097E+00
         715   8.58000E+01   1.20000E-01   2.18544E-01   7.88665E-04   7.18651E-04   0.00000E+00   4.47161E-02   1.00000E+00   0.00000E+00   3.87578E+00   2.86076E-15            16   5.02865E-10   3.11103E+00
         716   8.59200E+01   1.20000E-01   2.18544E-01   7.90188E-04   7.23957E-04   0.00000E+00   4.45929E-02   1.00000E+00   0.00000E+00   3.87578E+00   2.87629E-15            16   5.01388E-10   3.11110E+00
         717   8.60400E+01   1.20000E-01   2.18544E-01   7.91691E-04   7.29232E-04   0.00000E+00   4.44689E-02   1.00000E+00   0.00000E+00   3.87578E+00   2.88873E-15            16   4.99910E-10   3.11117E+00
         718   8.61600E+01   1.20000E-01   2.18544E-01   7.93172E-04   7.34477E-04   0.00000E+00   4.43440E-02   1.00000E+00   0.00000E+00   3.87578E+00   2.90458E-15            16   4.98460E-10   3.11124E+00
         719   8.62800E+01   1.20000E-01   2.18544E-01   7.94633E-04   7.39690E-04   0.00000E+00   4.42184E-02   1.00000E+00   0.00000E+00   3.87578E+00   2.91579E-15            16   4.97008E-10   3.11131E+00
         720   8.64000E+01   1.20000E-01   2.18544E-01   7.96072E-04   7.44872E-04   0.00000E+00   4.40919E-02   1.00000E+00   0.00000E+00   3.87578E+00   2.93059E-15            16   4.95582E-10   3.11138E+00
         721   8.65200E+01   1.20000E-01   2.18544E-01   7.97490E-04   7.50023E-04   0.00000E+00   4.39647E-02   1.00000E+00   0.00000E+00   3.87578E+00   2.94062E-15            16   4.94156E-10   3.11145E+00
         722   8.66400E+01   1.20000E-01   2.18544E-01   7.98887E-04   7.55143E-04   0.00000E+00   4.38365E-02   1.00000E+00   0.00000E+00   3.87578E+00   2.95442E-15            16   4.92755E-10   3.11152E+00
         723   8.67600E+01   1.20000E-01   2.18544E-01   8.00264E-04   7.60231E-04   0.00000E+00   4.37077E-02   1.00000E+00   0.00000E+00   3.87578E+00   2.96446E-15            16   4.91355E-10   3.11159E+00
         724   8.68800E+01   1.20000E-01   2.18544E-01   8.01619E-04   7.65288E-04   0.00000E+00   4.35779E-02   1.00000E+00   0.00000E+00   3.87578E+00   2.97668E-15            16   4.89979E-10   3.11166E+00
         725   8.70000E+01   1.20000E-01   2.18544E-01   8.02953E-04   7.70314E-04   0.00000E+00   4.34475E-02   1.00000E+00   0.00000E+00   3.87578E+00   2.98599E-15            16   4.88604E-10   3.11174E+00
         726   8.71200E+01   1.20000E-01   2.18544E-01   8.04266E-04   7.75308E-04   0.00000E+00   4.33161E-02   1.00000E+00   0.00000E+00   3.87578E+00   2.99858E-15            16   4.87252E-10   3.11181E+00
         727   8.72400E+01   1.20000E-01   2.18544E-01   8.05558E-04   7.80270E-04   0.00000E+00   4.31841E-02   1.00000E+00   0.00000E+00   3.87578E+00   3.00702E-15            16   4.85902E-10   3.11188E+00
         728   8.73600E+01   1.20000E-01   2.18544E-01   8.06828E-04   7.85201E-04   0.00000E+00   4.30511E-02   1.00000E+00   0.00000E+00   3.87578E+00   3.01836E-15            16   4.84574E-10   3.11196E+00
         729   8.74800E+01   1.20000E-01   2.18544E-01   8.08078E-04   7.90100E-04   0.00000E+00   4.29176E-02   1.00000E+00   0.00000E+00   3.87578E+00   3.02573E-15            16   4.83249E-10   3.11204E+00
         730   8.76000E+01   1.20000E-01   2.18544E-01   8.09307E-04   7.94967E-04   0.00000E+00   4.27831E-02   1.00000E+00   0.00000E+00   3.87578E+00   3.03645E-15            16   4.81944E-10   3.11211E+00
         731   8.77200E+01   1.20000E-01   2.18544E-01   8.10515E-04   7.99802E-04   0.00000E+00   4.26480E-02   1.00000E+00   0.00000E+00   3.87578E+00   3.04501E-15            16   4.80643E-10   3.11219E+00
         732   8.78400E+01   1.20000E-01   2.18544E-01   8.11702E-04   8.04606E-04   0.00000E+00   4.25120E-02   1.00000E+00   0.00000E+00   3.87578E+00   3.05409E-15            16   4.79361E-10   3.11227E+00
         733   8.79600E+01   1.20000E-01   2.18544E-01   8.12868E-04   8.09377E-04   0.00000E+00   4.23753E-02   1.00000E+00   0.00000E+00   3.87578E+00   3.06139E-15            16   4.78084E-10   3.11234E+00
         734   8.80800E+01   1.20000E-01   2.18544E-01   8.14013E-04   8.14117E-04   0.00000E+00   4.22378E-02   1.00000E+00   0.00000E+00   3.87578E+00   3.07085E-15            16   4.76825E-10   3.11242E+00
         735   8.82000E+01   1.20000E-01   2.18544E-01   8.15136E-04   8.18824E-04   0.00000E+00   4.20997E-02   1.00000E+00   0.00000E+00   3.87578E+00   3.07576E-15            16   4.75571E-10   3.11250E+00
         736   8.83200E+01   1.20000E-01   2.18544E-01   8.16239E-04   8.23499E-04   0.00000E+00   4.19606E-02   1.00000E+00   0.00000E+00   3.87578E+00   3.08426E-15            16   4.74308E-10   3.11258E+00
         737   8.84400E+01   1.20000E-01   2.18544E-01   8.17321E-04   8.28143E-04   0.00000E+00   4.18210E-02   1.00000E+00   0.00000E+00   3.87578E+00   3.09128E-15            16   4.73153E-10   3.11266E+00
         738   8.85600E+01   1.20000E-01   2.18544E-01   8.18383E-04   8.32754E-04   0.00000E+00   4.16804E-02   1.00000E+00   0.00000E+00   3.87578E+00   3.09588E-15            16   4.71851E-10   3.11274E+00
         739   8.86800E+01   1.20000E-01   2.18544E-01   8.19423E-04   8.37332E-04   0.00000E+00   4.15391E-02   1.00000E+00   0.00000E+00   3.87578E+00   3.10296E-15            16   4.70653E-10   3.11282E+00
         740   8.88000E+01   1.20000E-01   2.18544E-01   8.20442E-04   8.41878E-04   0.00000E+00   4.13973E-02   1.00000E+00   0.00000E+00   3.87578E+00   3.10937E-15            16   4.69506E-10   3.11290E+00
         741   8.89200E+01   1.20000E-01   2.18544E-01   8.21440E-04   8.46392E-04   0.00000E+00   4.12545E-02   1.00000E+00   0.00000E+00   3.87578E+00   3.11527E-15            16   4.68287E-10   3.11299E+00
         742   8.90400E+01   1.20000E-01   2.18544E-01   8.22418E-04   8.50874E-04   0.00000E+00   4.11110E-02   1.00000E+00   0.00000E+00   3.87578E+00   3.12024E-15            16   4.67110E-10   3.11307E+00
         743   8.91600E+01   1.20000E-01   2.18544E-01   8.23374E-04   8.55323E-04   0.00000E+00   4.09668E-02   1.00000E+00   0.00000E+00   3.87578E+00   3.12620E-15            16   4.65945E-10   3.11315E+00
         744   8.92800E+01   1.20000E-01   2.18544E-01   8.24310E-04   8.59740E-04   0.00000E+00   4.08219E-02   1.00000E+00   0.00000E+00   3.87578E+00   3.13065E-15            16   4.64791E-10   3.11324E+00
         745   8.94000E+01   1.20000E-01   2.18544E-01   8.25225E-04   8.64124E-04   0.00000E+00   4.06763E-02   1.00000E+00   0.00000E+00   3.87578E+00   3.13583E-15            16   4.63647E-10   3.11332E+00
         746   8.95200E+01   1.20000E-01   2.18544E-01   8.26119E-04   8.68475E-04   0.00000E+00   4.05300E-02   1.00000E+00   0.00000E+00   3.87578E+00   3.14042E-15            16   4.62513E-10   3.11341E+00
         747   8.96400E+01   1.20000E-01   2.18544E-01   8.26992E-04   8.72794E-04   0.00000E+00   4.03829E-02   1.00000E+00   0.00000E+00   3.87578E+00   3.14378E-15            16   4.61389E-10   3.11349E+00
         748   8.97600E+01   1.20000E-01   2.18544E-01   8.27844E-04   8.77080E-04   0.00000E+00   4.02352E-02   1.00000E+00   0.00000E+00   3.87578E+00   3.14771E-15            16   4.60274E-10   3.11358E+00
         749   8.98800E+01   1.20000E-01   2.18544E-01   8.28676E-04   8.81333E-04   0.00000E+00   4.00869E-02   1.00000E+00   0.00000E+00   3.87578E+00   3.15104E-15            16   4.59169E-10   3.11366E+00
         750   9.00000E+01   1.20000E-01   2.18544E-01   8.29487E-04   8.85554E-04   0.00000E+00   3.99378E-02   1.00000E+00   0.00000E+00   3.87578E+00   3.15456E-15            16   4.58074E-10   3.11375E+00
         751   9.01200E+01   1.20000E-01   2.18544E-01   8.30277E-04   8.89742E-04   0.00000E+00   3.97880E-02   1.00000E+00   0.00000E+00   3.87578E+00   3.15700E-15            16   4.56988E-10   3.11384E+00
         752   9.02400E+01   1.20000E-01   2.18544E-01   8.31047E-04   8.93897E-04   0.00000E+00   3.96376E-02   1.00000E+00   0.00000E+00   3.87578E+00   3.15970E-15            16   4.55911E-10   3.11393E+00
         753   9.03600E+01   1.20000E-01   2.18544E-01   8.31795E-04   8.98019E-04   0.00000E+00   3.94866E-02   1.00000E+00   0.00000E+00   3.87578E+00   3.16200E-15            16   4.54844E-10   3.11402E+00
         754   9.04800E+01   1.20000E-01   2.18544E-01   8.32523E-04   9.02108E-04   0.00000E+00   3.93348E-02   1.00000E+00   0.00000E+00   3.87578E+00   3.16434E-15            16   4.53785E-10   3.11410E+00
         755   9.06000E+01   1.20000E-01   2.18544E-01   8.33231E-04   9.06165E-04   0.00000E+00   3.91824E-02   1.00000E+00   0.00000E+00   3.87578E+00   3.16728E-15            16   4.52736E-10   3.11419E+00
         756   9.07200E+01   1.20000E-01   2.18544E-01   8.33918E-04   9.10188E-04   0.00000E+00   3.90294E-02   1.00000E+00   0.00000E+00   3.87578E+00   3.16742E-15            16   4.51695E-10   3.11428E+00
         757   9.08400E+01   1.20000E-01   2.18544E-01   8.34584E-04   9.14179E-04   0.00000E+00   3.88757E-02   1.00000E+00   0.00000E+00   3.87578E+00   3.17023E-15            16   4.50664E-10   3.11437E+00
         758   9.09600E+01   1.20000E-01   2.18544E-01   8.35229E-04   9.18136E-04   0.00000E+00   3.87213E-02   1.00000E+00   0.00000E+00   3.87578E+00   3.17009E-15            16   4.49640E-10   3.11447E+00
         759   9.10800E+01   1.20000E-01   2.18544E-01   8.35854E-04   9.22061E-04   0.00000E+00   3.85664E-02   1.00000E+00   0.00000E+00   3.87578E+00   3.17160E-15            16   4.48626E-10   3.11456E+00
         760   9.12000E+01   1.20000E-01   2.18544E-01   8.36459E-04   9.25952E-04   0.00000E+00   3.84108E-02   1.00000E+00   0.00000E+00   3.87578E+00   3.17301E-15            16   4.47619E-10   3.11465E+00
         761   9.13200E+01   1.20000E-01   2.18544E-01   8.37043E-04   9.29811E-04   0.00000E+00   3.82545E-02   1.00000E+00   0.00000E+00   3.87578E+00   3.17295E-15            16   4.46621E-10   3.11474E+00
         762   9.14400E+01   1.20000E-01   2.18544E-01   8.37606E-04   9.33636E-04   0.00000E+00   3.80977E-02   1.00000E+00   0.00000E+00   3.87578E+00   3.17344E-15            16   4.45632E-10   3.11484E+00
         763   9.15600E+01   1.20000E-01   2.18544E-01   8.38149E-04   9.37428E-04   0.00000E+00   3.79402E-02   1.00000E+00   0.00000E+00   3.87578E+00   3.17320E-15            16   4.44650E-10   3.11493E+00
         764   9.16800E+01   1.20000E-01   2.18544E-01   8.38671E-04   9.41187E-04   0.00000E+00   3.77821E-02   1.00000E+00   0.00000E+00   3.87578E+00   3.17336E-15            16   4.43677E-10   3.11502E+00
         765   9.18000E+01   1.20000E-01   2.18544E-01   8.39173E-04   9.44913E-04   0.00000E+00   3.76234E-02   1.00000E+00   0.00000E+00   3.87578E+00   3.17243E-15            16   4.42711E-10   3.11512E+00
         766   9.19200E+01   1.20000E-01   2.18544E-01   8.39655E-04   9.48605E-04   0.00000E+00   3.74640E-02   1.00000E+00   0.00000E+00   3.87578E+00   3.17278E-15            16   4.41753E-10   3.11521E+00
         767   9.20400E+01   1.20000E-01   2.18544E-01   8.40116E-04   9.52265E-04   0.00000E+00   3.73041E-02   1.00000E+00   0.00000E+00   3.87578E+00   3.17093E-15            16   4.40797E-10   3.11531E+00
         768   9.21600E+01   1.20000E-01   2.18544E-01   8.40557E-04   9.55891E-04   0.00000E+00   3.71436E-02   1.00000E+00   0.00000E+00   3.87578E+00   3.17027E-15            16   4.39826E-10   3.11540E+00
         769   9.22800E+01   1.20000E-01   2.18544E-01   8.40978E-04   9.59484E-04   0.00000E+00   3.69825E-02   1.00000E+00   0.00000E+00   3.87578E+00   3.16920E-15            16   4.38865E-10   3.11550E+00
         770   9.24000E+01   1.20000E-01   2.18544E-01   8.41378E-04   9.63043E-04   0.00000E+00   3.68208E-02   1.00000E+00   0.00000E+00   3.87578E+00   3.16816E-15            16   4.37930E-10   3.11560E+00
         771   9.25200E+01   1.20000E-01   2.18544E-01   8.41759E-04   9.66570E-04   0.00000E+00   3.66586E-02   1.00000E+00   0.00000E+00   3.87578E+00   3.16660E-15            16   4.37020E-10   3.11569E+00
         772   9.26400E+01   1.20000E-01   2.18544E-01   8.42119E-04   9.70063E-04   0.00000E+00   3.64957E-02   1.00000E+00   0.00000E+00   3.87578E+00   3.16441E-15            16   4.36114E-10   3.11579E+00
         773   9.27600E+01   1.20000E-01   2.18544E-01   8.42459E-04   9.73522E-04   0.00000E+00   3.63323E-02   1.00000E+00   0.00000E+00   3.87578E+00   3.16201E-15            16   4.35216E-10   3.11589E+00
         774   9.28800E+01   1.20000E-01   2.18544E-01   8.42779E-04   9.76949E-04   0.00000E+00   3.61683E-02   1.00000E+00   0.00000E+00   3.87578E+00   3.15919E-15            16   4.34326E-10   3.11599E+00
         775   9.30000E+01   1.20000E-01   2.18544E-01   8.43080E-04   9.80342E-04   0.00000E+00   3.60037E-02   1.00000E+00   0.00000E+00   3.87578E+00   3.15631E-15            16   4.33442E-10   3.11609E+00
         776   9.31200E+01   1.20000E-01   2.18544E-01   8.43360E-04   9.83702E-04   0.00000E+00   3.58386E-02   1.00000E+00   0.00000E+00   3.87578E+00   3.15361E-15            16   4.32565E-10   3.11619E+00
         777   9.32400E+01   1.20000E-01   2.18544E-01   8.43620E-04   9.87028E-04   0.00000E+00   3.56729E-02   1.00000E+00   0.00000E+00   3.87578E+00   3.14967E-15            16   4.31694E-10   3.11629E+00
         778   9.33600E+01   1.20000E-01   2.18544E-01   8.43860E-04   9.90321E-04   0.00000E+00   3.55067E-02   1.00000E+00   0.00000E+00   3.87578E+00   3.14827E-15            16   4.30830E-10   3.11639E+00
         779   9.34800E+01   1.20000E-01   2.18544E-01   8.44080E-04   9.93581E-04   0.00000E+00   3.53399E-02   1.00000E+00   0.00000E+00   3.87578E+00   3.14423E-15            16   4.29973E-10   3.11649E+00
         780   9.36000E+01   1.20000E-01   2.18544E-01   8.44280E-04   9.96807E-04   0.00000E+00   3.51726E-02   1.00000E+00   0.00000E+00   3.87578E+00   3.13952E-15            16   4.29122E-10   3.11659E+00
         781   9.37200E+01   1.20000E-01   2.18544E-01   8.44460E-04   1.00000E-03   0.00000E+00   3.50047E-02   1.00000E+00   0.00000E+00   3.87578E+00   3.13539E-15            16   4.28277E-10   3.11669E+00
         782   9.38400E+01   1.20000E-01   2.18544E-01   8.44620E-04   1.00316E-03   0.00000E+00   3.48363E-02   1.00000E+00   0.00000E+00   3.87578E+00   3.13079E-15            16   4.27439E-10   3.11679E+00
         783   9.39600E+01   1.20000E-01   2.18544E-01   8.44761E-04   1.00629E-03   0.00000E+00   3.46674E-02   1.00000E+00   0.00000E+00   3.87578E+00   3.12711E-15            16   4.26606E-10   3.11689E+00
         784   9.40800E+01   1.20000E-01   2.18544E-01   8.44881E-04   1.00938E-03   0.00000E+00   3.44979E-02   1.00000E+00   0.00000E+00   3.87578E+00   3.12253E-15            16   4.25780E-10   3.11700E+00
         785   9.42000E+01   1.20000E-01   2.18544E-01   8.44982E-04   1.01244E-03   0.00000E+00   3.43279E-02   1.00000E+00   0.00000E+00   3.87578E+00   3.11794E-15            16   4.24960E-10   3.11710E+00
         786   9.43200E+01   1.20000E-01   2.18544E-01   8.45063E-04   1.01546E-03   0.00000E+00   3.41574E-02   1.00000E+00   0.00000E+00   3.87578E+00   3.11289E-15            16   4.24147E-10   3.11720E+00
         787   9.44400E+01   1.20000E-01   2.18544E-01   8.45124E-04   1.01846E-03   0.00000E+00   3.39864E-02   1.00000E+00   0.00000E+00   3.87578E+00   3.10784E-15            16   4.23339E-10   3.11731E+00
         788   9.45600E+01   1.20000E-01   2.18544E-01   8.45887E-04   1.02142E-03   0.00000E+00   3.38149E-02   1.00000E+00   0.00000E+00   3.87578E+00   3.10177E-15            16   4.22537E-10   3.11741E+00
         789   9.46800E+01   1.20000E-01   2.18544E-01   8.46633E-04   1.02434E-03   0.00000E+00   3.36429E-02   1.00000E+00   0.00000E+00   3.87578E+00   3.09611E-15            16   4.21742E-10   3.11752E+00
         790   9.48000E+01   1.20000E-01   2.18544E-01   8.47358E-04   1.02724E-03   0.00000E+00   3.34703E-02   1.00000E+00   0.00000E+00   3.87578E+00   3.09080E-15            16   4.20952E-10   3.11762E+00
         791   9.49200E+01   1.20000E-01   2.18544E-01   8.48061E-04   1.03009E-03   0.00000E+00   3.32973E-02   1.00000E+00   0.00000E+00   3.87578E+00   3.08498E-15            16   4.20168E-10   3.11773E+00
         792   9.50400E+01   1.20000E-01   2.18544E-01   8.48744E-04   1.03292E-03   0.00000E+00   3.31238E-02   1.00000E+00   0.00000E+00   3.87578E+00   3.07834E-15            16   4.19390E-10   3.11783E+00
         793   9.51600E+01   1.20000E-01   2.18544E-01   8.49405E-04   1.03571E-03   0.00000E+00   3.29498E-02   1.00000E+00   0.00000E+00   3.87578E+00   3.07138E-15            16   4.18618E-10   3.11794E+00
         794   9.52800E+01   1.20000E-01   2.18544E-01   8.50044E-04   1.03847E-03   0.00000E+00   3.27754E-02   1.00000E+00   0.00000E+00   3.87578E+00   3.06570E-15            16   4.17851E-10   3.11805E+00
         795   9.54000E+01   1.20000E-01   2.18544E-01   8.50663E-04   1.04120E-03   0.00000E+00   3.26004E-02   1.00000E+00   0.00000E+00   3.87578E+00   3.05941E-15            16   4.17091E-10   3.11815E+00
         796   9.55200E+01   1.20000E-01   2.18544E-01   8.51260E-04   1.04389E-03   0.00000E+00   3.24251E-02   1.00000E+00   0.00000E+00   3.87578E+00   3.07526E-15            16   4.16503E-10   3.11826E+00
         797   9.56400E+01   1.20000E-01   2.18544E-01   8.51836E-04   1.04655E-03   0.00000E+00   3.22492E-02   1.00000E+00   0.00000E+00   3.87578E+00   3.04682E-15            16   4.15539E-10   3.11837E+00
         798   9.57600E+01   1.20000E-01   2.18544E-01   8.52391E-04   1.04918E-03   0.00000E+00   3.20728E-02   1.00000E+00   0.00000E+00   3.87578E+00   3.05811E-15            16   4.14841E-10   3.11848E+00
         799   9.58800E+01   1.20000E-01   2.18544E-01   8.52925E-04   1.05177E-03   0.00000E+00   3.18960E-02   1.00000E+00   0.00000E+00   3.87578E+00   3.06590E-15            16   4.14114E-10   3.11858E+00
         800   9.60000E+01   1.20000E-01   2.18544E-01   8.53438E-04   1.05433E-03   0.00000E+00   3.17188E-02   1.00000E+00   0.00000E+00   3.87578E+00   3.07240E-15            16   4.13381E-10   3.11869E+00
         801   9.61200E+01   1.20000E-01   2.18544E-01   8.53929E-04   1.05686E-03   0.00000E+00   3.15411E-02   1.00000E+00   0.00000E+00   3.87578E+00   3.07821E-15            16   4.12646E-10   3.11880E+00
         802   9.62400E+01   1.20000E-01   2.18544E-01   8.54400E-04   1.05935E-03   0.00000E+00   3.13629E-02   1.00000E+00   0.00000E+00   3.87578E+00   3.08491E-15            16   4.11917E-10   3.11891E+00
         803   9.63600E+01   1.20000E-01   2.18544E-01   8.54849E-04   1.06181E-03   0.00000E+00   3.11844E-02   1.00000E+00   0.00000E+00   3.87578E+00   3.09158E-15            16   4.11196E-10   3.11902E+00
         804   9.64800E+01   1.20000E-01   2.18544E-01   8.55278E-04   1.06423E-03   0.00000E+00   3.10054E-02   1.00000E+00   0.00000E+00   3.87578E+00   3.09730E-15            16   4.10553E-10   3.11913E+00
         805   9.66000E+01   1.20000E-01   2.18544E-01   8.55685E-04   1.06663E-03   0.00000E+00   3.08260E-02   1.00000E+00   0.00000E+00   3.87578E+00   3.10323E-15            16   4.09889E-10   3.11924E+00
         806   9.67200E+01   1.20000E-01   2.18544E-01   8.56071E-04   1.06899E-03   0.00000E+00   3.06461E-02   1.00000E+00   0.00000E+00   3.87578E+00   3.09875E-15            16   4.09228E-10   3.11935E+00
         807   9.68400E+01   1.20000E-01   2.18544E-01   8.56437E-04   1.07132E-03   0.00000E+00   3.04658E-02   1.00000E+00   0.00000E+00   3.87578E+00   3.10368E-15            16   4.08585E-10   3.11946E+00
         808   9.69600E+01   1.20000E-01   2.18544E-01   8.56781E-04   1.07361E-03   0.00000E+00   3.02851E-02   1.00000E+00   0.00000E+00   3.87578E+00   3.11340E-15            16   4.07925E-10   3.11957E+00
         809   9.70800E+01   1.20000E-01   2.18544E-01   8.57105E-04   1.07587E-03   0.00000E+00   3.01040E-02   1.00000E+00   0.00000E+00   3.87578E+00   3.11769E-15            16   4.07214E-10   3.11969E+00
         810   9.72000E+01   1.20000E-01   2.18544E-01   8.57407E-04   1.07810E-03   0.00000E+00   2.99225E-02   1.00000E+00   0.00000E+00   3.87578E+00   3.12190E-15            16   4.06519E-10   3.11980E+00
         811   9.73200E+01   1.20000E-01   2.18544E-01   8.57689E-04   1.08029E-03   0.00000E+00   2.97406E-02   1.00000E+00   0.00000E+00   3.87578E+00   3.12703E-15            16   4.05830E-10   3.11991E+00
         812   9.74400E+01   1.20000E-01   2.18544E-01   8.57950E-04   1.08246E-03   0.00000E+00   2.95583E-02   1.00000E+00   0.00000E+00   3.87578E+00   3.13014E-15            16   4.05184E-10   3.12002E+00
         813   9.75600E+01   1.20000E-01   2.18544E-01   8.58190E-04   1.08459E-03   0.00000E+00   2.93756E-02   1.00000E+00   0.00000E+00   3.87578E+00   3.13900E-15            16   4.04517E-10   3.12013E+00
         814   9.76800E+01   1.20000E-01   2.18544E-01   8.58410E-04   1.08668E-03   0.00000E+00   2.91925E-02   1.00000E+00   0.00000E+00   3.87578E+00   3.14285E-15            16   4.03875E-10   3.12025E+00
         815   9.78000E+01   1.20000E-01   2.18544E-01   8.58608E-04   1.08875E-03   0.00000E+00   2.90091E-02   1.00000E+00   0.00000E+00   3.87578E+00   3.15556E-15            16   4.03214E-10   3.12036E+00
         816   9.79200E+01   1.20000E-01   2.18544E-01   8.58786E-04   1.09078E-03   0.00000E+00   2.88253E-02   1.00000E+00   0.00000E+00   3.87578E+00   3.15915E-15            16   4.02780E-10   3.12047E+00
         817   9.80400E+01   1.20000E-01   2.18544E-01   8.58944E-04   1.09277E-03   0.00000E+00   2.86411E-02   1.00000E+00   0.00000E+00   3.87578E+00   3.16929E-15            16   4.01900E-10   3.12059E+00
         818   9.81600E+01   1.20000E-01   2.18544E-01   8.59080E-04   1.09474E-03   0.00000E+00   2.84566E-02   1.00000E+00   0.00000E+00   3.87578E+00   3.16743E-15            16   4.01285E-10   3.12070E+00
         819   9.82800E+01   1.20000E-01   2.18544E-01   8.59197E-04   1.09667E-03   0.00000E+00   2.82717E-02   1.00000E+00   0.00000E+00   3.87578E+00   3.17843E-15            16   4.00631E-10   3.12082E+00
         820   9.84000E+01   1.20000E-01   2.18544E-01   8.59292E-04   1.09857E-03   0.00000E+00   2.80864E-02   1.00000E+00   0.00000E+00   3.87578E+00   3.17809E-15            16   4.00035E-10   3.12093E+00
         821   9.85200E+01   1.20000E-01   2.18544E-01   8.59367E-04   1.10044E-03   0.00000E+00   2.79008E-02   1.00000E+00   0.00000E+00   3.87578E+00   3.18928E-15            16   3.99401E-10   3.12105E+00
         822   9.86400E+01   1.20000E-01   2.18544E-01   8.59422E-04   1.10227E-03   0.00000E+00   2.77149E-02   1.00000E+00   0.00000E+00   3.87578E+00   3.18600E-15            16   3.98808E-10   3.12116E+00
         823   9.87600E+01   1.20000E-01   2.18544E-01   8.59457E-04   1.10407E-03   0.00000E+00   2.75286E-02   1.00000E+00   0.00000E+00   3.87578E+00   3.19237E-15            16   3.98206E-10   3.12128E+00
         824   9.88800E+01   1.20000E-01   2.18544E-01   8.59471E-04   1.10584E-03   0.00000E+00   2.73420E-02   1.00000E+00   0.00000E+00   3.87578E+00   3.19885E-15            16   3.97611E-10   3.12139E+00
         825   9.90000E+01   1.20000E-01   2.18544E-01   8.59465E-04   1.10758E-03   0.00000E+00   2.71550E-02   1.00000E+00   0.00000E+00   3.87578E+00   3.20379E-15            16   3.97006E-10   3.12151E+00
         826   9.91200E+01   1.20000E-01   2.18544E-01   8.59438E-04   1.10928E-03   0.00000E+00   2.69678E-02   1.00000E+00   0.00000E+00   3.87578E+00   3.21471E-15            16   3.96399E-10   3.12163E+00
         827   9.92400E+01   1.20000E-01   2.18544E-01   8.59392E-04   1.11095E-03   0.00000E+00   2.67802E-02   1.00000E+00   0.00000E+00   3.87578E+00   3.21265E-15            16   3.95819E-10   3.12174E+00
         828   9.93600E+01   1.20000E-01   2.18544E-01   8.59325E-04   1.11259E-03   0.00000E+00   2.65923E-02   1.00000E+00   0.00000E+00   3.87578E+00   3.21000E-15            16   3.95243E-10   3.12186E+00
         829   9.94800E+01   1.20000E-01   2.18544E-01   8.59238E-04   1.11420E-03   0.00000E+00   2.64041E-02   1.00000E+00   0.00000E+00   3.87578E+00   3.20911E-15            16   3.94669E-10   3.12198E+00
         830   9.96000E+01   1.20000E-01   2.18544E-01   8.59131E-04   1.11577E-03   0.00000E+00   2.62156E-02   1.00000E+00   0.00000E+00   3.87578E+00   3.20745E-15            16   3.94098E-10   3.12209E+00
         831   9.97200E+01   1.20000E-01   2.18544E-01   8.59004E-04   1.11731E-03   0.00000E+00   2.60268E-02   1.00000E+00   0.00000E+00   3.87578E+00   3.20840E-15            16   3.93531E-10   3.12221E+00
         832   9.98400E+01   1.20000E-01   2.18544E-01   8.58857E-04   1.11882E-03   0.00000E+00   2.58377E-02   1.00000E+00   0.00000E+00   3.87578E+00   3.20809E-15            16   3.92970E-10   3.12233E+00
         833   9.99600E+01   1.20000E-01   2.18544E-01   8.58690E-04   1.12030E-03   0.00000E+00   2.56483E-02   1.00000E+00   0.00000E+00   3.87578E+00   3.20764E-15            16   3.92414E-10   3.12245E+00
         834   1.00080E+02   1.20000E-01   2.18544E-01   8.58503E-04   1.12175E-03   0.00000E+00   2.54586E-02   1.00000E+00   0.00000E+00   3.87578E+00   3.20696E-15            16   3.91863E-10   3.12256E+00
         835   1.00200E+02   1.20000E-01   2.18544E-01   8.58296E-04   1.12316E-03   0.00000E+00   2.52687E-02   1.00000E+00   0.00000E+00   3.87578E+00   3.20574E-15            16   3.91317E-10   3.12268E+00
         836   1.00320E+02   1.20000E-01   2.18544E-01   8.58069E-04   1.12454E-03   0.00000E+00   2.50784E-02   1.00000E+00   0.00000E+00   3.87578E+00   3.20433E-15            16   3.90775E-10   3.12280E+00
         837   1.00440E+02   1.20000E-01   2.18544E-01   8.57823E-04   1.12589E-03   0.00000E+00   2.48880E-02   1.00000E+00   0.00000E+00   3.87578E+00   3.20342E-15            16   3.90238E-10   3.12292E+00
         838   1.00560E+02   1.20000E-01   2.18544E-01   8.57557E-04   1.12720E-03   0.00000E+00   2.46972E-02   1.00000E+00   0.00000E+00   3.87578E+00   3.20207E-15            16   3.89706E-10   3.12304E+00
         839   1.00680E+02   1.20000E-01   2.18544E-01   8.57271E-04   1.12849E-03   0.00000E+00   2.45062E-02   1.00000E+00   0.00000E+00   3.87578E+00   3.20173E-15            16   3.89179E-10   3.12316E+00
         840   1.00800E+02   1.20000E-01   2.18544E-01   8.56965E-04   1.12974E-03   0.00000E+00   2.43149E-02   1.00000E+00   0.00000E+00   3.87578E+00   3.20051E-15            16   3.88657E-10   3.12328E+00
         841   1.00920E+02   1.20000E-01   2.18544E-01   8.56640E-04   1.13096E-03   0.00000E+00   2.41234E-02   1.00000E+00   0.00000E+00   3.87578E+00   3.19868E-15            16   3.88139E-10   3.12340E+00
         842   1.01040E+02   1.20000E-01   2.18544E-01   8.56296E-04   1.13215E-03   0.00000E+00   2.39316E-02   1.00000E+00   0.00000E+00   3.87578E+00   3.20207E-15            16   3.87617E-10   3.12352E+00
         843   1.01160E+02   1.20000E-01   2.18544E-01   8.55931E-04   1.13331E-03   0.00000E+00   2.37396E-02   1.00000E+00   0.00000E+00   3.87578E+00   3.19817E-15            16   3.87116E-10   3.12364E+00
         844   1.01280E+02   1.20000E-01   2.18544E-01   8.55548E-04   1.13443E-03   0.00000E+00   2.35474E-02   1.00000E+00   0.00000E+00   3.87578E+00   3.19843E-15            16   3.86604E-10   3.12376E+00
         845   1.01400E+02   1.20000E-01   2.18544E-01   8.55145E-04   1.13553E-03   0.00000E+00   2.33549E-02   1.00000E+00   0.00000E+00   3.87578E+00   3.19790E-15            16   3.86106E-10   3.12388E+00
         846   1.01520E+02   1.20000E-01   2.18544E-01   8.54722E-04   1.13659E-03   0.00000E+00   2.31622E-02   1.00000E+00   0.00000E+00   3.87578E+00   3.19763E-15            16   3.85612E-10   3.12400E+00
         847   1.01640E+02   1.20000E-01   2.18544E-01   8.54280E-04   1.13762E-03   0.00000E+00   2.29693E-02   1.00000E+00   0.00000E+00   3.87578E+00   3.18960E-15            16   3.85145E-10   3.12412E+00
         848   1.01760E+02   1.20000E-01   2.18544E-01   8.53819E-04   1.13862E-03   0.00000E+00   2.27762E-02   1.00000E+00   0.00000E+00   3.87578E+00   3.19779E-15            16   3.84645E-10   3.12424E+00
         849   1.01880E+02   1.20000E-01   2.18544E-01   8.53339E-04   1.13958E-03   0.00000E+00   2.25828E-02   1.00000E+00   0.00000E+00   3.87578E+00   3.19106E-15            16   3.84188E-10   3.12436E+00
         850   1.02000E+02   1.20000E-01   2.18544E-01   8.52839E-04   1.14052E-03   0.00000E+00   2.23893E-02   1.00000E+00   0.00000E+00   3.87578E+00   3.19482E-15            16   3.83689E-10   3.12448E+00
         851   1.02120E+02   1.20000E-01   2.18544E-01   8.52320E-04   1.14142E-03   0.00000E+00   2.21955E-02   1.00000E+00   0.00000E+00   3.87578E+00   3.19616E-15            16   3.83210E-10   3.12460E+00
         852   1.02240E+02   1.20000E-01   2.18544E-01   8.51782E-04   1.14230E-03   0.00000E+00   2.20016E-02   1.00000E+00   0.00000E+00   3.87578E+00   3.19666E-15            16   3.82738E-10   3.12472E+00
         853   1.02360E+02   1.20000E-01   2.18544E-01   8.51226E-04   1.14314E-03   0.00000E+00   2.18075E-02   1.00000E+00   0.00000E+00   3.87578E+00   3.19563E-15            16   3.82274E-10   3.12485E+00
         854   1.02480E+02   1.20000E-01   2.18544E-01   8.50650E-04   1.14395E-03   0.00000E+00   2.16131E-02   1.00000E+00   0.00000E+00   3.87578E+00   3.19323E-15            16   3.81819E-10   3.12497E+00
         855   1.02600E+02   1.20000E-01   2.18544E-01   8.50055E-04   1.14473E-03   0.00000E+00   2.14186E-02   1.00000E+00   0.00000E+00   3.87578E+00   3.18848E-15            16   3.81371E-10   3.12509E+00
         856   1.02720E+02   1.20000E-01   2.18544E-01   8.49441E-04   1.14548E-03   0.00000E+00   2.12240E-02   1.00000E+00   0.00000E+00   3.87578E+00   3.17700E-15            16   3.80926E-10   3.12521E+00
         857   1.02840E+02   1.20000E-01   2.18544E-01   8.48808E-04   1.14620E-03   0.00000E+00   2.10291E-02   1.00000E+00   0.00000E+00   3.87578E+00   3.17741E-15            16   3.80474E-10   3.12533E+00
         858   1.02960E+02   1.20000E-01   2.18544E-01   8.48157E-04   1.14688E-03   0.00000E+00   2.08341E-02   1.00000E+00   0.00000E+00   3.87578E+00   3.17921E-15            16   3.80023E-10   3.12546E+00
         859   1.03080E+02   1.20000E-01   2.18544E-01   8.47487E-04   1.14754E-03   0.00000E+00   2.06389E-02   1.00000E+00   0.00000E+00   3.87578E+00   3.17926E-15            16   3.79578E-10   3.12558E+00
         860   1.03200E+02   1.20000E-01   2.18544E-01   8.46798E-04   1.14816E-03   0.00000E+00   2.04436E-02   1.00000E+00   0.00000E+00   3.87578E+00   3.17853E-15            16   3.79139E-10   3.12570E+00
         861   1.03320E+02   1.20000E-01   2.18544E-01   8.46091E-04   1.14876E-03   0.00000E+00   2.02481E-02   1.00000E+00   0.00000E+00   3.87578E+00   3.17648E-15            16   3.78706E-10   3.12582E+00
         862   1.03440E+02   1.20000E-01   2.18544E-01   8.45364E-04   1.14932E-03   0.00000E+00   2.00525E-02   1.00000E+00   0.00000E+00   3.87578E+00   3.17616E-15            16   3.78283E-10   3.12595E+00
         863   1.03560E+02   1.20000E-01   2.18544E-01   8.44620E-04   1.14986E-03   0.00000E+00   1.98568E-02   1.00000E+00   0.00000E+00   3.87578E+00   3.17019E-15            16   3.77891E-10   3.12607E+00
         864   1.03680E+02   1.20000E-01   2.18544E-01   8.43857E-04   1.15036E-03   0.00000E+00   1.96608E-02   1.00000E+00   0.00000E+00   3.87578E+00   3.16536E-15            16   3.77463E-10   3.12619E+00
         865   1.03800E+02   1.20000E-01   2.18544E-01   8.43076E-04   1.15083E-03   0.00000E+00   1.94648E-02   1.00000E+00   0.00000E+00   3.87578E+00   3.16161E-15            16   3.77041E-10   3.12632E+00
         866   1.03920E+02   1.20000E-01   2.18544E-01   8.42276E-04   1.15128E-03   0.00000E+00   1.92687E-02   1.00000E+00   0.00000E+00   3.87578E+00   3.15835E-15            16   3.76620E-10   3.12644E+00
         867   1.04040E+02   1.20000E-01   2.18544E-01   8.41458E-04   1.15169E-03   0.00000E+00   1.90724E-02   1.00000E+00   0.00000E+00   3.87578E+00   3.15615E-15            16   3.76201E-10   3.12656E+00
         868   1.04160E+02   1.20000E-01   2.18544E-01   8.40622E-04   1.15207E-03   0.00000E+00   1.88760E-02   1.00000E+00   0.00000E+00   3.87578E+00   3.15378E-15            16   3.75782E-10   3.12669E+00
         869   1.04280E+02   1.20000E-01   2.18544E-01   8.39767E-04   1.15242E-03   0.00000E+00   1.86795E-02   1.00000E+00   0.00000E+00   3.87578E+00   3.15076E-15            16   3.75365E-10   3.12681E+00
         870   1.04400E+02   1.20000E-01   2.18544E-01   8.38895E-04   1.15274E-03   0.00000E+00   1.84829E-02   1.00000E+00   0.00000E+00   3.87578E+00   3.14791E-15            16   3.74948E-10   3.12693E+00
         871   1.04520E+02   1.20000E-01   2.18544E-01   8.38004E-04   1.15304E-03   0.00000E+00   1.82861E-02   1.00000E+00   0.00000E+00   3.87578E+00   3.14534E-15            16   3.74532E-10   3.12706E+00
         872   1.04640E+02   1.20000E-01   2.18544E-01   8.37096E-04   1.15330E-03   0.00000E+00   1.80893E-02   1.00000E+00   0.00000E+00   3.87578E+00   3.14254E-15            16   3.74117E-10   3.12718E+00
         873   1.04760E+02   1.20000E-01   2.18544E-01   8.36169E-04   1.15353E-03   0.00000E+00   1.78924E-02   1.00000E+00   0.00000E+00   3.87578E+00   3.13981E-15            16   3.73703E-10   3.12731E+00
         874   1.04880E+02   1.20000E-01   2.18544E-01   8.35225E-04   1.15373E-03   0.00000E+00   1.76954E-02   1.00000E+00   0.00000E+00   3.87578E+00   3.13660E-15            16   3.73289E-10   3.12743E+00
         875   1.05000E+02   1.20000E-01   2.18544E-01   8.34262E-04   1.15390E-03   0.00000E+00   1.74983E-02   1.00000E+00   0.00000E+00   3.87578E+00   3.13509E-15            16   3.72876E-10   3.12755E+00
         876   1.05120E+02   1.20000E-01   2.18544E-01   8.33282E-04   1.15405E-03   0.00000E+00   1.73012E-02   1.00000E+00   0.00000E+00   3.87578E+00   3.13210E-15            16   3.72463E-10   3.12768E+00
         877   1.05240E+02   1.20000E-01   2.18544E-01   8.32284E-04   1.15416E-03   0.00000E+00   1.71040E-02   1.00000E+00   0.00000E+00   3.87578E+00   3.12794E-15            16   3.72050E-10   3.12780E+00
         878   1.05360E+02   1.20000E-01   2.18544E-01   8.31269E-04   1.15425E-03   0.00000E+00   1.69067E-02   1.00000E+00   0.00000E+00   3.87578E+00   3.12586E-15            16   3.71636E-10   3.12793E+00
         879   1.05480E+02   1.20000E-01   2.18544E-01   8.30236E-04   1.15430E-03   0.00000E+00   1.67093E-02   1.00000E+00   0.00000E+00   3.87578E+00   3.12218E-15            16   3.71222E-10   3.12805E+00
         880   1.05600E+02   1.20000E-01   2.18544E-01   8.29185E-04   1.15433E-03   0.00000E+00   1.65119E-02   1.00000E+00   0.00000E+00   3.87578E+00   3.11946E-15            16   3.70808E-10   3.12818E+00
         881   1.05720E+02   1.20000E-01   2.18544E-01   8.28117E-04   1.15432E-03   0.00000E+00   1.63145E-02   1.00000E+00   0.00000E+00   3.87578E+00   3.11544E-15            16   3.70392E-10   3.12830E+00
         882   1.05840E+02   1.20000E-01   2.18544E-01   8.27031E-04   1.15429E-03   0.00000E+00   1.61169E-02   1.00000E+00   0.00000E+00   3.87578E+00   3.11202E-15            16   3.69979E-10   3.12842E+00
         883   1.05960E+02   1.20000E-01   2.18544E-01   8.25928E-04   1.15423E-03   0.00000E+00   1.59194E-02   1.00000E+00   0.00000E+00   3.87578E+00   3.10841E-15            16   3.69553E-10   3.12855E+00
         884   1.06080E+02   1.20000E-01   2.18544E-01   8.24808E-04   1.15414E-03   0.00000E+00   1.57218E-02   1.00000E+00   0.00000E+00   3.87578E+00   3.10141E-15            16   3.69149E-10   3.12867E+00
         885   1.06200E+02   1.20000E-01   2.18544E-01   8.23670E-04   1.15402E-03   0.00000E+00   1.55242E-02   1.00000E+00   0.00000E+00   3.87578E+00   3.09585E-15            16   3.68739E-10   3.12880E+00
         886   1.06320E+02   1.20000E-01   2.18544E-01   8.22515E-04   1.15387E-03   0.00000E+00   1.53265E-02   1.00000E+00   0.00000E+00   3.87578E+00   3.08907E-15            16   3.68321E-10   3.12892E+00
         887   1.06440E+02   1.20000E-01   2.18544E-01   8.21343E-04   1.15369E-03   0.00000E+00   1.51289E-02   1.00000E+00   0.00000E+00   3.87578E+00   3.08356E-15            16   3.67896E-10   3.12905E+00
         888   1.06560E+02   1.20000E-01   2.18544E-01   8.20154E-04   1.15348E-03   0.00000E+00   1.49312E-02   1.00000E+00   0.00000E+00   3.87578E+00   3.07915E-15            16   3.67467E-10   3.12917E+00
         889   1.06680E+02   1.20000E-01   2.18544E-01   8.18948E-04   1.15325E-03   0.00000E+00   1.47335E-02   1.00000E+00   0.00000E+00   3.87578E+00   3.07435E-15            16   3.67034E-10   3.12930E+00
         890   1.06800E+02   1.20000E-01   2.18544E-01   8.17725E-04   1.15298E-03   0.00000E+00   1.45358E-02   1.00000E+00   0.00000E+00   3.87578E+00   3.06965E-15            16   3.66598E-10   3.12942E+00
         891   1.06920E+02   1.20000E-01   2.18544E-01   8.16486E-04   1.15269E-03   0.00000E+00   1.43381E-02   1.00000E+00   0.00000E+00   3.87578E+00   3.06336E-15            16   3.66157E-10   3.12955E+00
         892   1.07040E+02   1.20000E-01   2.18544E-01   8.15229E-04   1.15237E-03   0.00000E+00   1.41403E-02   1.00000E+00   0.00000E+00   3.87578E+00   3.05886E-15            16   3.65712E-10   3.12967E+00
         893   1.07160E+02   1.20000E-01   2.18544E-01   8.13956E-04   1.15202E-03   0.00000E+00   1.39426E-02   1.00000E+00   0.00000E+00   3.87578E+00   3.05372E-15            16   3.65262E-10   3.12980E+00
         894   1.07280E+02   1.20000E-01   2.18544E-01   8.12666E-04   1.15165E-03   0.00000E+00   1.37450E-02   1.00000E+00   0.00000E+00   3.87578E+00   3.04879E-15            16   3.64806E-10   3.12992E+00
         895   1.07400E+02   1.20000E-01   2.18544E-01   8.11359E-04   1.15124E-03   0.00000E+00   1.35473E-02   1.00000E+00   0.00000E+00   3.87578E+00   3.04279E-15            16   3.64344E-10   3.13005E+00
         896   1.07520E+02   1.20000E-01   2.18544E-01   8.10036E-04   1.15081E-03   0.00000E+00   1.33496E-02   1.00000E+00   0.00000E+00   3.87578E+00   3.03686E-15            16   3.63876E-10   3.13017E+00
         897   1.07640E+02   1.20000E-01   2.18544E-01   8.08697E-04   1.15035E-03   0.00000E+00   1.31520E-02   1.00000E+00   0.00000E+00   3.87578E+00   3.03205E-15            16   3.63402E-10   3.13030E+00
         898   1.07760E+02   1.20000E-01   2.18544E-01   8.07341E-04   1.14986E-03   0.00000E+00   1.29544E-02   1.00000E+00   0.00000E+00   3.87578E+00   3.02697E-15            16   3.62922E-10   3.13042E+00
         899   1.07880E+02   1.20000E-01   2.18544E-01   8.05968E-04   1.14934E-03   0.00000E+00   1.27568E-02   1.00000E+00   0.00000E+00   3.87578E+00   3.02128E-15            16   3.62435E-10   3.13055E+00
         900   1.08000E+02   1.20000E-01   2.18544E-01   8.04580E-04   1.14880E-03   0.00000E+00   1.25593E-02   1.00000E+00   0.00000E+00   3.87578E+00   3.01511E-15            16   3.61941E-10   3.13067E+00
         901   1.08120E+02   1.20000E-01   2.18544E-01   8.03175E-04   1.14823E-03   0.00000E+00   1.23619E-02   1.00000E+00   0.00000E+00   3.87578E+00   3.01032E-15            16   3.61440E-10   3.13080E+00
         902   1.08240E+02   1.20000E-01   2.18544E-01   8.01754E-04   1.14763E-03   0.00000E+00   1.21644E-02   1.00000E+00   0.00000E+00   3.87578E+00   3.00528E-15            16   3.60931E-10   3.13092E+00
         903   1.08360E+02   1.20000E-01   2.18544E-01   8.00318E-04   1.14700E-03   0.00000E+00   1.19671E-02   1.00000E+00   0.00000E+00   3.87578E+00   2.99948E-15            16   3.60415E-10   3.13105E+00
         904   1.08480E+02   1.20000E-01   2.18544E-01   7.98865E-04   1.14635E-03   0.00000E+00   1.17698E-02   1.00000E+00   0.00000E+00   3.87578E+00   2.99296E-15            16   3.59892E-10   3.13117E+00
         905   1.08600E+02   1.20000E-01   2.18544E-01   7.97396E-04   1.14566E-03   0.00000E+00   1.15725E-02   1.00000E+00   0.00000E+00   3.87578E+00   2.98793E-15            16   3.59360E-10   3.13130E+00
         906   1.08720E+02   1.20000E-01   2.18544E-01   7.95911E-04   1.14496E-03   0.00000E+00   1.13753E-02   1.00000E+00   0.00000E+00   3.87578E+00   2.98191E-15            16   3.58821E-10   3.13142E+00
         907   1.08840E+02   1.20000E-01   2.18544E-01   7.94411E-04   1.14422E-03   0.00000E+00   1.11783E-02   1.00000E+00   0.00000E+00   3.87578E+00   2.97683E-15            16   3.58273E-10   3.13155E+00
         908   1.08960E+02   1.20000E-01   2.18544E-01   7.92895E-04   1.14346E-03   0.00000E+00   1.09812E-02   1.00000E+00   0.00000E+00   3.87578E+00   2.97082E-15            16   3.57718E-10   3.13167E+00
         909   1.09080E+02   1.20000E-01   2.18544E-01   7.91363E-04   1.14267E-03   0.00000E+00   1.07843E-02   1.00000E+00   0.00000E+00   3.87578E+00   2.96549E-15            16   3.57154E-10   3.13180E+00
         910   1.09200E+02   1.20000E-01   2.18544E-01   7.89816E-04   1.14185E-03   0.00000E+00   1.05875E-02   1.00000E+00   0.00000E+00   3.87578E+00   2.96042E-15            16   3.56582E-10   3.13192E+00
         911   1.09320E+02   1.20000E-01   2.18544E-01   7.88253E-04   1.14101E-03   0.00000E+00   1.03907E-02   1.00000E+00   0.00000E+00   3.87578E+00   2.95478E-15            16   3.56003E-10   3.13205E+00
         912   1.09440E+02   1.20000E-01   2.18544E-01   7.86675E-04   1.14014E-03   0.00000E+00   1.01941E-02   1.00000E+00   0.00000E+00   3.87578E+00   2.94854E-15            16   3.55415E-10   3.13217E+00
         913   1.09560E+02   1.20000E-01   2.18544E-01   7.85081E-04   1.13924E-03   0.00000E+00   9.99752E-03   1.00000E+00   0.00000E+00   3.87578E+00   2.94417E-15            16   3.54815E-10   3.13229E+00
         914   1.09680E+02   1.20000E-01   2.18544E-01   7.83472E-04   1.13832E-03   0.00000E+00   9.80108E-03   1.00000E+00   0.00000E+00   3.87578E+00   2.93795E-15            16   3.54226E-10   3.13242E+00
         915   1.09800E+02   1.20000E-01   2.18544E-01   7.81848E-04   1.13737E-03   0.00000E+00   9.60476E-03   1.00000E+00   0.00000E+00   3.87578E+00   2.93272E-15            16   3.53608E-10   3.13254E+00
         916   1.09920E+02   1.20000E-01   2.18544E-01   7.80209E-04   1.13639E-03   0.00000E+00   9.40856E-03   1.00000E+00   0.00000E+00   3.87578E+00   2.92647E-15            16   3.53006E-10   3.13267E+00
         917   1.10040E+02   1.20000E-01   2.18544E-01   7.78555E-04   1.13539E-03   0.00000E+00   9.21248E-03   1.00000E+00   0.00000E+00   3.87578E+00   2.92150E-15            16   3.52377E-10   3.13279E+00
         918   1.10160E+02   1.20000E-01   2.18544E-01   7.76885E-04   1.13436E-03   0.00000E+00   9.01652E-03   1.00000E+00   0.00000E+00   3.87578E+00   2.91837E-15            16   3.51729E-10   3.13292E+00
         919   1.10280E+02   1.20000E-01   2.18544E-01   7.75201E-04   1.13331E-03   0.00000E+00   8.82070E-03   1.00000E+00   0.00000E+00   3.87578E+00   2.91050E-15            16   3.51090E-10   3.13304E+00
         920   1.10400E+02   1.20000E-01   2.18544E-01   7.73502E-04   1.13223E-03   0.00000E+00   8.62501E-03   1.00000E+00   0.00000E+00   3.87578E+00   2.91255E-15            16   3.50459E-10   3.13317E+00
         921   1.10520E+02   1.20000E-01   2.18544E-01   7.71788E-04   1.13112E-03   0.00000E+00   8.42947E-03   1.00000E+00   0.00000E+00   3.87578E+00   2.90259E-15            16   3.49804E-10   3.13329E+00
         922   1.10640E+02   1.20000E-01   2.18544E-01   7.70060E-04   1.12999E-03   0.00000E+00   8.23407E-03   1.00000E+00   0.00000E+00   3.87578E+00   2.89788E-15            16   3.49166E-10   3.13341E+00
         923   1.10760E+02   1.20000E-01   2.18544E-01   7.68316E-04   1.12883E-03   0.00000E+00   8.03883E-03   1.00000E+00   0.00000E+00   3.87578E+00   2.88943E-15            16   3.48517E-10   3.13354E+00
         924   1.10880E+02   1.20000E-01   2.18544E-01   7.66559E-04   1.12765E-03   0.00000E+00   7.84374E-03   1.00000E+00   0.00000E+00   3.87578E+00   2.88172E-15            16   3.47865E-10   3.13366E+00
         925   1.11000E+02   1.20000E-01   2.18544E-01   7.64786E-04   1.12644E-03   0.00000E+00   7.64881E-03   1.00000E+00   0.00000E+00   3.87578E+00   2.88081E-15            16   3.47211E-10   3.13378E+00
         926   1.11120E+02   1.20000E-01   2.18544E-01   7.63000E-04   1.12521E-03   0.00000E+00   7.45405E-03   1.00000E+00   0.00000E+00   3.87578E+00   2.88018E-15            16   3.46553E-10   3.13391E+00
         927   1.11240E+02   1.20000E-01   2.18544E-01   7.61198E-04   1.12395E-03   0.00000E+00   7.25945E-03   1.00000E+00   0.00000E+00   3.87578E+00   2.87888E-15            16   3.45897E-10   3.13403E+00
         928   1.11360E+02   1.20000E-01   2.18544E-01   7.59383E-04   1.12267E-03   0.00000E+00   7.06503E-03   1.00000E+00   0.00000E+00   3.87578E+00   2.87483E-15            16   3.45252E-10   3.13416E+00
         929   1.11480E+02   1.20000E-01   2.18544E-01   7.57554E-04   1.12136E-03   0.00000E+00   6.87079E-03   1.00000E+00   0.00000E+00   3.87578E+00   2.87325E-15            16   3.44619E-10   3.13428E+00
         930   1.11600E+02   1.20000E-01   2.18544E-01   7.55710E-04   1.12002E-03   0.00000E+00   6.67674E-03   1.00000E+00   0.00000E+00   3.87578E+00   2.86301E-15            16   3.43974E-10   3.13440E+00
         931   1.11720E+02   1.20000E-01   2.18544E-01   7.53852E-04   1.11866E-03   0.00000E+00   6.48288E-03   1.00000E+00   0.00000E+00   3.87578E+00   2.86299E-15            16   3.43348E-10   3.13453E+00
         932   1.11840E+02   1.20000E-01   2.18544E-01   7.51981E-04   1.11728E-03   0.00000E+00   6.28921E-03   1.00000E+00   0.00000E+00   3.87578E+00   2.85998E-15            16   3.42730E-10   3.13465E+00
         933   1.11960E+02   1.20000E-01   2.18544E-01   7.50095E-04   1.11587E-03   0.00000E+00   6.09574E-03   1.00000E+00   0.00000E+00   3.87578E+00   2.85705E-15            16   3.42125E-10   3.13477E+00
         934   1.12080E+02   1.20000E-01   2.18544E-01   7.48196E-04   1.11444E-03   0.00000E+00   5.90247E-03   1.00000E+00   0.00000E+00   3.87578E+00   2.85977E-15            16   3.41535E-10   3.13489E+00
         935   1.12200E+02   1.20000E-01   2.18544E-01   7.46283E-04   1.11298E-03   0.00000E+00   5.70942E-03   1.00000E+00   0.00000E+00   3.87578E+00   2.85895E-15            16   3.40965E-10   3.13502E+00
         936   1.12320E+02   1.20000E-01   2.18544E-01   7.44356E-04   1.11150E-03   0.00000E+00   5.51656E-03   1.00000E+00   0.00000E+00   3.87578E+00   2.85467E-15            16   3.40414E-10   3.13514E+00
         937   1.12440E+02   1.20000E-01   2.18544E-01   7.42416E-04   1.10999E-03   0.00000E+00   5.32394E-03   1.00000E+00   0.00000E+00   3.87578E+00   2.85378E-15            16   3.39882E-10   3.13526E+00
         938   1.12560E+02   1.20000E-01   2.18544E-01   7.40462E-04   1.10846E-03   0.00000E+00   5.13152E-03   1.00000E+00   0.00000E+00   3.87578E+00   2.85194E-15            16   3.39374E-10   3.13539E+00
         939   1.12680E+02   1.20000E-01   2.18544E-01   7.38495E-04   1.10706E-03   0.00000E+00   4.93934E-03   1.00000E+00   0.00000E+00   3.87578E+00   2.85091E-15            16   3.38895E-10   3.13551E+00
         940   1.12800E+02   1.20000E-01   2.18544E-01   7.36514E-04   1.10565E-03   0.00000E+00   4.74738E-03   1.00000E+00   0.00000E+00   3.87578E+00   2.84995E-15            16   3.38450E-10   3.13563E+00
         941   1.12920E+02   1.20000E-01   2.18544E-01   7.34520E-04   1.10422E-03   0.00000E+00   4.55566E-03   1.00000E+00   0.00000E+00   3.87578E+00   2.84940E-15            16   3.38041E-10   3.13575E+00
         942   1.13040E+02   1.20000E-01   2.18544E-01   7.32513E-04   1.10276E-03   0.00000E+00   4.36418E-03   1.00000E+00   0.00000E+00   3.87578E+00   2.84828E-15            16   3.37674E-10   3.13587E+00
         943   1.13160E+02   1.20000E-01   2.18544E-01   7.30493E-04   1.10128E-03   0.00000E+00   4.17294E-03   1.00000E+00   0.00000E+00   3.87578E+00   2.84653E-15            16   3.37320E-10   3.13600E+00
         944   1.13280E+02   1.20000E-01   2.18544E-01   7.28460E-04   1.09978E-03   0.00000E+00   3.98196E-03   1.00000E+00   0.00000E+00   3.87578E+00   2.84576E-15            16   3.37267E-10   3.13612E+00
         945   1.13400E+02   1.20000E-01   2.18544E-01   7.26414E-04   1.09825E-03   0.00000E+00   3.79123E-03   1.00000E+00   0.00000E+00   3.87578E+00   2.83639E-15            16   3.36774E-10   3.13624E+00
         946   1.13520E+02   1.20000E-01   2.18544E-01   7.24355E-04   1.09669E-03   0.00000E+00   3.60076E-03   1.00000E+00   0.00000E+00   3.87578E+00   2.83503E-15            16   3.36852E-10   3.13636E+00
         947   1.13640E+02   1.20000E-01   2.18544E-01   7.22283E-04   1.09512E-03   0.00000E+00   3.41055E-03   1.00000E+00   0.00000E+00   3.87578E+00   2.83647E-15            16   3.36530E-10   3.13648E+00
         948   1.13760E+02   1.20000E-01   2.18544E-01   7.20198E-04   1.09352E-03   0.00000E+00   3.22061E-03   1.00000E+00   0.00000E+00   3.87578E+00   2.86053E-15            16   3.36607E-10   3.13660E+00
         949   1.13880E+02   1.20000E-01   2.18544E-01   7.18101E-04   1.09189E-03   0.00000E+00   3.03093E-03   1.00000E+00   0.00000E+00   3.87578E+00   2.88288E-15            16   3.36656E-10   3.13672E+00
         950   1.14000E+02   1.20000E-01   2.18544E-01   7.15992E-04   1.09025E-03   0.00000E+00   2.84154E-03   1.00000E+00   0.00000E+00   3.87578E+00   2.90748E-15            16   3.36783E-10   3.13684E+00
         951   1.14120E+02   1.20000E-01   2.18544E-01   7.13870E-04   1.08858E-03   0.00000E+00   2.65242E-03   1.00000E+00   0.00000E+00   3.87578E+00   2.93062E-15            16   3.36969E-10   3.13696E+00
         952   1.14240E+02   1.20000E-01   2.18544E-01   7.12165E-04   1.08688E-03   0.00000E+00   2.46359E-03   1.00000E+00   0.00000E+00   3.87578E+00   2.95586E-15            16   3.37248E-10   3.13708E+00
         953   1.14360E+02   1.20000E-01   2.18544E-01   7.10565E-04   1.08516E-03   0.00000E+00   2.27505E-03   1.00000E+00   0.00000E+00   3.87578E+00   2.98159E-15            16   3.37617E-10   3.13721E+00
         954   1.14480E+02   1.20000E-01   2.18544E-01   7.08951E-04   1.08342E-03   0.00000E+00   2.08681E-03   1.00000E+00   0.00000E+00   3.87578E+00   3.00515E-15            16   3.38094E-10   3.13733E+00
         955   1.14600E+02   1.20000E-01   2.18544E-01   7.07324E-04   1.08166E-03   0.00000E+00   1.89886E-03   1.00000E+00   0.00000E+00   3.87578E+00   3.03207E-15            16   3.38609E-10   3.13745E+00
         956   1.14720E+02   1.20000E-01   2.18544E-01   7.05683E-04   1.07987E-03   0.00000E+00   1.71121E-03   1.00000E+00   0.00000E+00   3.87578E+00   3.05142E-15            16   3.39300E-10   3.13756E+00
         957   1.14840E+02   1.20000E-01   2.18544E-01   7.04029E-04   1.07807E-03   0.00000E+00   1.52387E-03   1.00000E+00   0.00000E+00   3.87578E+00   3.07927E-15            16   3.40042E-10   3.13768E+00
         958   1.14960E+02   1.20000E-01   2.18544E-01   7.02362E-04   1.07623E-03   0.00000E+00   1.40198E-03   1.00000E+00   0.00000E+00   3.87578E+00   3.10209E-15            16   3.40890E-10   3.13780E+00
         959   1.15080E+02   1.20000E-01   2.18544E-01   7.00681E-04   1.07438E-03   0.00000E+00   1.37996E-03   1.00000E+00   0.00000E+00   3.87578E+00   3.12123E-15            16   3.41868E-10   3.13792E+00
         960   1.15200E+02   1.20000E-01   2.18544E-01   6.98987E-04   1.07250E-03   0.00000E+00   1.35791E-03   1.00000E+00   0.00000E+00   3.87578E+00   3.13976E-15            16   3.42942E-10   3.13804E+00
         961   1.15320E+02   1.20000E-01   2.18544E-01   6.97280E-04   1.07061E-03   0.00000E+00   1.33584E-03   1.00000E+00   0.00000E+00   3.87578E+00   3.15704E-15            16   3.44116E-10   3.13816E+00
         962   1.15440E+02   1.20000E-01   2.18544E-01   6.95560E-04   1.06869E-03   0.00000E+00   1.31375E-03   1.00000E+00   0.00000E+00   3.87578E+00   3.17235E-15            16   3.45386E-10   3.13828E+00
         963   1.15560E+02   1.20000E-01   2.18544E-01   6.93827E-04   1.06674E-03   0.00000E+00   1.29164E-03   1.00000E+00   0.00000E+00   3.87578E+00   3.19024E-15            16   3.46722E-10   3.13840E+00
         964   1.15680E+02   1.20000E-01   2.18544E-01   6.92081E-04   1.06478E-03   0.00000E+00   1.26951E-03   1.00000E+00   0.00000E+00   3.87578E+00   3.19901E-15            16   3.48154E-10   3.13852E+00
         965   1.15800E+02   1.20000E-01   2.18544E-01   6.90322E-04   1.06279E-03   0.00000E+00   1.24735E-03   1.00000E+00   0.00000E+00   3.87578E+00   3.20506E-15            16   3.49659E-10   3.13863E+00
         966   1.15920E+02   1.20000E-01   2.18544E-01   6.88551E-04   1.06078E-03   0.00000E+00   1.22517E-03   1.00000E+00   0.00000E+00   3.87578E+00   3.20863E-15            16   3.51220E-10   3.13875E+00
         967   1.16040E+02   1.20000E-01   2.18544E-01   6.86767E-04   1.05875E-03   0.00000E+00   1.20297E-03   1.00000E+00   0.00000E+00   3.87578E+00   3.20886E-15            16   3.52816E-10   3.13887E+00
         968   1.16160E+02   1.20000E-01   2.18544E-01   6.84970E-04   1.05670E-03   0.00000E+00   1.33699E-03   1.00000E+00   0.00000E+00   3.87578E+00   3.25403E-15            16   3.55239E-10   3.13899E+00
         969   1.16280E+02   1.20000E-01   2.18544E-01   6.83160E-04   1.05463E-03   0.00000E+00   1.51795E-03   1.00000E+00   0.00000E+00   3.87578E+00   3.17860E-15            16   3.55590E-10   3.13911E+00
         970   1.16400E+02   1.20000E-01   2.18544E-01   6.81338E-04   1.05253E-03   0.00000E+00   1.69828E-03   1.00000E+00   0.00000E+00   3.87578E+00   3.21936E-15            16   3.58411E-10   3.13922E+00
         971   1.16520E+02   1.20000E-01   2.18544E-01   6.79503E-04   1.05042E-03   0.00000E+00   1.87854E-03   1.00000E+00   0.00000E+00   3.87578E+00   3.18643E-15            16   3.59428E-10   3.13934E+00
         972   1.16640E+02   1.20000E-01   2.18544E-01   6.77656E-04   1.04828E-03   0.00000E+00   2.05856E-03   1.00000E+00   0.00000E+00   3.87578E+00   3.14612E-15            16   3.60496E-10   3.13946E+00
         973   1.16760E+02   1.20000E-01   2.18544E-01   6.75797E-04   1.04614E-03   0.00000E+00   2.23832E-03   1.00000E+00   0.00000E+00   3.87578E+00   3.10172E-15            16   3.61510E-10   3.13957E+00
         974   1.16880E+02   1.20000E-01   2.18544E-01   6.73925E-04   1.04415E-03   0.00000E+00   2.41783E-03   1.00000E+00   0.00000E+00   3.87578E+00   3.05620E-15            16   3.62095E-10   3.13969E+00
         975   1.17000E+02   1.20000E-01   2.18544E-01   6.72041E-04   1.04214E-03   0.00000E+00   2.59711E-03   1.00000E+00   0.00000E+00   3.87578E+00   2.99517E-15            16   3.62206E-10   3.13980E+00
         976   1.17120E+02   1.20000E-01   2.18544E-01   6.70144E-04   1.04010E-03   0.00000E+00   2.77610E-03   1.00000E+00   0.00000E+00   3.87578E+00   2.92789E-15            16   3.61800E-10   3.13992E+00
         977   1.17240E+02   1.20000E-01   2.18544E-01   6.68236E-04   1.03804E-03   0.00000E+00   2.95485E-03   1.00000E+00   0.00000E+00   3.87578E+00   2.84346E-15            16   3.60532E-10   3.14004E+00
         978   1.17360E+02   1.20000E-01   2.18544E-01   6.66315E-04   1.03596E-03   0.00000E+00   3.13332E-03   1.00000E+00   0.00000E+00   3.87578E+00   2.74717E-15            16   3.58300E-10   3.14015E+00
         979   1.17480E+02   1.20000E-01   2.18544E-01   6.64383E-04   1.03386E-03   0.00000E+00   3.31154E-03   1.00000E+00   0.00000E+00   3.87578E+00   2.63805E-15            16   3.54860E-10   3.14027E+00
         980   1.17600E+02   1.20000E-01   2.18544E-01   6.62438E-04   1.03173E-03   0.00000E+00   3.48947E-03   1.00000E+00   0.00000E+00   3.87578E+00   2.51566E-15            16   3.49969E-10   3.14038E+00
         981   1.17720E+02   1.20000E-01   2.18544E-01   6.60482E-04   1.02959E-03   0.00000E+00   3.66715E-03   1.00000E+00   0.00000E+00   3.87578E+00   2.37662E-15            16   3.43279E-10   3.14050E+00
         982   1.17840E+02   1.20000E-01   2.18544E-01   6.58514E-04   1.02742E-03   0.00000E+00   3.84453E-03   1.00000E+00   0.00000E+00   3.87578E+00   2.22144E-15            16   3.34473E-10   3.14061E+00
         983   1.17960E+02   1.20000E-01   2.18544E-01   6.56534E-04   1.02523E-03   0.00000E+00   4.02164E-03   1.00000E+00   0.00000E+00   3.87578E+00   2.04896E-15            16   3.23166E-10   3.14072E+00
         984   1.18080E+02   1.20000E-01   2.18544E-01   6.54542E-04   1.02302E-03   0.00000E+00   4.19916E-03   1.00000E+00   0.00000E+00   3.87578E+00   1.97379E-15            16   3.16810E-10   3.14084E+00
         985   1.18200E+02   1.20000E-01   2.18544E-01   6.52538E-04   1.02079E-03   0.00000E+00   4.37553E-03   1.00000E+00   0.00000E+00   3.87578E+00   1.72185E-15            16   3.13357E-10   3.14095E+00
         986   1.18320E+02   1.20000E-01   2.18544E-01   6.50521E-04   1.01853E-03   0.00000E+00   4.55224E-03   1.00000E+00   0.00000E+00   3.87578E+00   1.83499E-15            16   3.04918E-10   3.14107E+00
         987   1.18440E+02   1.20000E-01   2.18544E-01   6.48495E-04   1.01626E-03   0.00000E+00   4.72815E-03   1.00000E+00   0.00000E+00   3.87578E+00   1.94272E-15            16   3.22761E-10   3.14118E+00
         988   1.18560E+02   1.20000E-01   2.18544E-01   6.46459E-04   1.01397E-03   0.00000E+00   4.90250E-03   1.00000E+00   0.00000E+00   3.87578E+00   2.16100E-15            16   3.10808E-10   3.14129E+00
         989   1.18680E+02   1.20000E-01   2.18544E-01   6.44410E-04   1.01166E-03   0.00000E+00   5.07952E-03   1.00000E+00   0.00000E+00   3.87578E+00   3.18841E-15            16   3.72931E-10   3.14140E+00
         990   1.18800E+02   1.20000E-01   2.18544E-01   6.42352E-04   1.00935E-03   0.00000E+00   5.26830E-03   1.00000E+00   0.00000E+00   3.87578E+00   5.12364E-15            16   4.96306E-10   3.14152E+00
         991   1.18920E+02   1.20000E-01   2.18544E-01   6.40277E-04   1.00714E-03   0.00000E+00   5.47577E-03   1.00000E+00   0.00000E+00   3.87578E+00   1.08695E-14            15   8.38022E-10   3.14163E+00
         992   1.19040E+02   1.20000E-01   2.18544E-01   6.38197E-04   1.00528E-03   0.00000E+00   5.66116E-03   1.00000E+00   0.00000E+00   3.87578E+00   4.02694E-15            16   4.78499E-10   3.14174E+00
         993   1.19160E+02   1.20000E-01   2.18544E-01   6.36105E-04   1.00286E-03   0.00000E+00   5.82944E-03   1.00000E+00   0.00000E+00   3.87578E+00   3.02922E-15            16   4.55044E-10   3.14185E+00
         994   1.19280E+02   1.20000E-01   2.18544E-01   6.34003E-04   1.00048E-03   0.00000E+00   5.99606E-03   1.00000E+00   0.00000E+00   3.87578E+00   2.82158E-15            16   3.76360E-10   3.14196E+00
         995   1.19400E+02   1.20000E-01   2.18544E-01   6.31892E-04   9.98081E-04   0.00000E+00   6.16374E-03   1.00000E+00   0.00000E+00   3.87578E+00   2.77479E-15            16   3.76828E-10   3.14207E+00
         996   1.19520E+02   1.20000E-01   2.18544E-01   6.29769E-04   9.95645E-04   0.00000E+00   6.32989E-03   1.00000E+00   0.00000E+00   3.87578E+00   2.33881E-15            16   3.77745E-10   3.14219E+00
         997   1.19640E+02   1.20000E-01   2.18544E-01   6.27637E-04   9.93202E-04   0.00000E+00   6.49738E-03   1.00000E+00   0.00000E+00   3.87578E+00   1.81482E-15            16   3.61596E-10   3.14230E+00
         998   1.19760E+02   1.20000E-01   2.18544E-01   6.25493E-04   9.90719E-04   0.00000E+00   6.66176E-03   1.00000E+00   0.00000E+00   3.87578E+00   1.76953E-15            16   3.80890E-10   3.14241E+00
         999   1.19880E+02   1.20000E-01   2.18544E-01   6.23339E-04   9.88233E-04   0.00000E+00   6.82734E-03   1.00000E+00   0.00000E+00   3.87578E+00   1.82353E-15            16   3.77009E-10   3.14252E+00
        1000   1.20000E+02   1.20000E-01   2.18544E-01   6.21174E-04   9.85711E-04   0.00000E+00   6.99108E-03   1.00000E+00   0.00000E+00   3.87578E+00   1.87828E-15            16   3.75779E-10   3.14263E+00
        1001   1.20120E+02   1.20000E-01   2.18544E-01   6.18999E-04   9.83184E-04   0.00000E+00   7.15535E-03   1.00000E+00   0.00000E+00   3.87578E+00   1.81893E-15            16   3.77646E-10   3.14274E+00
        1002   1.20240E+02   1.20000E-01   2.18544E-01   6.16814E-04   9.80622E-04   0.00000E+00   7.31785E-03   1.00000E+00   0.00000E+00   3.87578E+00   1.81336E-15            16   3.75167E-10   3.14285E+00
        1003   1.20360E+02   1.20000E-01   2.18544E-01   6.14619E-04   9.78054E-04   0.00000E+00   7.48085E-03   1.00000E+00   0.00000E+00   3.87578E+00   1.91102E-15            16   3.76184E-10   3.14295E+00
        1004   1.20480E+02   1.20000E-01   2.18544E-01   6.12414E-04   9.75453E-04   0.00000E+00   7.64209E-03   1.00000E+00   0.00000E+00   3.87578E+00   1.92642E-15            16   3.72875E-10   3.14306E+00
        1005   1.20600E+02   1.20000E-01   2.18544E-01   6.10199E-04   9.72844E-04   0.00000E+00   7.80388E-03   1.00000E+00   0.00000E+00   3.87578E+00   2.08014E-15            16   3.73280E-10   3.14317E+00
        1006   1.20720E+02   1.20000E-01   2.18544E-01   6.07975E-04   9.70203E-04   0.00000E+00   7.96391E-03   1.00000E+00   0.00000E+00   3.87578E+00   2.09932E-15            16   3.69281E-10   3.14328E+00
        1007   1.20840E+02   1.20000E-01   2.18544E-01   6.05741E-04   9.67554E-04   0.00000E+00   8.12444E-03   1.00000E+00   0.00000E+00   3.87578E+00   2.22403E-15            16   3.69272E-10   3.14339E+00
        1008   1.20960E+02   1.20000E-01   2.18544E-01   6.03497E-04   9.64875E-04   0.00000E+00   8.28327E-03   1.00000E+00   0.00000E+00   3.87578E+00   2.21155E-15            16   3.64895E-10   3.14349E+00
        1009   1.21080E+02   1.20000E-01   2.18544E-01   6.01244E-04   9.62186E-04   0.00000E+00   8.44256E-03   1.00000E+00   0.00000E+00   3.87578E+00   2.34047E-15            16   3.64633E-10   3.14360E+00
        1010   1.21200E+02   1.20000E-01   2.18544E-01   5.98981E-04   9.59468E-04   0.00000E+00   8.60033E-03   1.00000E+00   0.00000E+00   3.87578E+00   2.28300E-15            16   3.58553E-10   3.14371E+00
        1011   1.21320E+02   1.20000E-01   2.18544E-01   5.96709E-04   9.56741E-04   0.00000E+00   8.75832E-03   1.00000E+00   0.00000E+00   3.87578E+00   2.40995E-15            16   3.69332E-10   3.14381E+00
        1012   1.21440E+02   1.20000E-01   2.18544E-01   5.94429E-04   9.53985E-04   0.00000E+00   8.91470E-03   1.00000E+00   0.00000E+00   3.87578E+00   2.36603E-15            16   3.56691E-10   3.14392E+00
        1013   1.21560E+02   1.20000E-01   2.18544E-01   5.92138E-04   9.51220E-04   0.00000E+00   9.07154E-03   1.00000E+00   0.00000E+00   3.87578E+00   2.48073E-15            16   3.56456E-10   3.14403E+00
        1014   1.21680E+02   1.20000E-01   2.18544E-01   5.89839E-04   9.48426E-04   0.00000E+00   9.22673E-03   1.00000E+00   0.00000E+00   3.87578E+00   2.39762E-15            16   3.50424E-10   3.14413E+00
        1015   1.21800E+02   1.20000E-01   2.18544E-01   5.87531E-04   9.45623E-04   0.00000E+00   9.38217E-03   1.00000E+00   0.00000E+00   3.87578E+00   2.50143E-15            16   3.50097E-10   3.14424E+00
        1016   1.21920E+02   1.20000E-01   2.18544E-01   5.85214E-04   9.42793E-04   0.00000E+00   9.53611E-03   1.00000E+00   0.00000E+00   3.87578E+00   2.45991E-15            16   3.45809E-10   3.14434E+00
        1017   1.22040E+02   1.20000E-01   2.18544E-01   5.82888E-04   9.39952E-04   0.00000E+00   9.69029E-03   1.00000E+00   0.00000E+00   3.87578E+00   2.51012E-15            16   3.45748E-10   3.14445E+00
        1018   1.22160E+02   1.20000E-01   2.18544E-01   5.80554E-04   9.37085E-04   0.00000E+00   9.84300E-03   1.00000E+00   0.00000E+00   3.87578E+00   2.51152E-15            16   3.41645E-10   3.14455E+00
        1019   1.22280E+02   1.20000E-01   2.18544E-01   5.78210E-04   9.34207E-04   0.00000E+00   9.99590E-03   1.00000E+00   0.00000E+00   3.87578E+00   2.53451E-15            16   3.41742E-10   3.14466E+00
        1020   1.22400E+02   1.20000E-01   2.18544E-01   5.75859E-04   9.31305E-04   0.00000E+00   1.01474E-02   1.00000E+00   0.00000E+00   3.87578E+00   2.53849E-15            16   3.37895E-10   3.14476E+00
        1021   1.22520E+02   1.20000E-01   2.18544E-01   5.73499E-04   9.28391E-04   0.00000E+00   1.02990E-02   1.00000E+00   0.00000E+00   3.87578E+00   2.55002E-15            16   3.38149E-10   3.14486E+00
        1022   1.22640E+02   1.20000E-01   2.18544E-01   5.71130E-04   9.25452E-04   0.00000E+00   1.04493E-02   1.00000E+00   0.00000E+00   3.87578E+00   2.54889E-15            16   3.34600E-10   3.14497E+00
        1023   1.22760E+02   1.20000E-01   2.18544E-01   5.68753E-04   9.22502E-04   0.00000E+00   1.05996E-02   1.00000E+00   0.00000E+00   3.87578E+00   2.54976E-15            16   3.35015E-10   3.14507E+00
        1024   1.22880E+02   1.20000E-01   2.18544E-01   5.66368E-04   9.19529E-04   0.00000E+00   1.07486E-02   1.00000E+00   0.00000E+00   3.87578E+00   2.53877E-15            16   3.31780E-10   3.14517E+00
        1025   1.23000E+02   1.20000E-01   2.18544E-01   5.63975E-04   9.16543E-04   0.00000E+00   1.08977E-02   1.00000E+00   0.00000E+00   3.87578E+00   2.53441E-15            16   3.32328E-10   3.14527E+00
        1026   1.23120E+02   1.20000E-01   2.18544E-01   5.61573E-04   9.13535E-04   0.00000E+00   1.10454E-02   1.00000E+00   0.00000E+00   3.87578E+00   2.51760E-15            16   3.29386E-10   3.14538E+00
        1027   1.23240E+02   1.20000E-01   2.18544E-01   5.59164E-04   9.10515E-04   0.00000E+00   1.11932E-02   1.00000E+00   0.00000E+00   3.87578E+00   2.50038E-15            16   3.30092E-10   3.14548E+00
        1028   1.23360E+02   1.20000E-01   2.18544E-01   5.56746E-04   9.07473E-04   0.00000E+00   1.13397E-02   1.00000E+00   0.00000E+00   3.87578E+00   2.47364E-15            16   3.27487E-10   3.14558E+00
        1029   1.23480E+02   1.20000E-01   2.18544E-01   5.54321E-04   9.04418E-04   0.00000E+00   1.14861E-02   1.00000E+00   0.00000E+00   3.87578E+00   2.44876E-15            16   3.28334E-10   3.14568E+00
        1030   1.23600E+02   1.20000E-01   2.18544E-01   5.51888E-04   9.01342E-04   0.00000E+00   1.16314E-02   1.00000E+00   0.00000E+00   3.87578E+00   2.41873E-15            16   3.26062E-10   3.14578E+00
        1031   1.23720E+02   1.20000E-01   2.18544E-01   5.49447E-04   8.98254E-04   0.00000E+00   1.17766E-02   1.00000E+00   0.00000E+00   3.87578E+00   2.39319E-15            16   3.27022E-10   3.14588E+00
        1032   1.23840E+02   1.20000E-01   2.18544E-01   5.46999E-04   8.95145E-04   0.00000E+00   1.19205E-02   1.00000E+00   0.00000E+00   3.87578E+00   2.35772E-15            16   3.25047E-10   3.14598E+00
        1033   1.23960E+02   1.20000E-01   2.18544E-01   5.44543E-04   8.92023E-04   0.00000E+00   1.20644E-02   1.00000E+00   0.00000E+00   3.87578E+00   2.32848E-15            16   3.26113E-10   3.14608E+00
        1034   1.24080E+02   1.20000E-01   2.18544E-01   5.42079E-04   8.88881E-04   0.00000E+00   1.22071E-02   1.00000E+00   0.00000E+00   3.87578E+00   2.29049E-15            16   3.24469E-10   3.14618E+00
        1035   1.24200E+02   1.20000E-01   2.18544E-01   5.39608E-04   8.85727E-04   0.00000E+00   1.23497E-02   1.00000E+00   0.00000E+00   3.87578E+00   2.26312E-15            16   3.25575E-10   3.14628E+00
        1036   1.24320E+02   1.20000E-01   2.18544E-01   5.37130E-04   8.82553E-04   0.00000E+00   1.24911E-02   1.00000E+00   0.00000E+00   3.87578E+00   2.21918E-15            16   3.24230E-10   3.14638E+00
        1037   1.24440E+02   1.20000E-01   2.18544E-01   5.34644E-04   8.79366E-04   0.00000E+00   1.26323E-02   1.00000E+00   0.00000E+00   3.87578E+00   2.18406E-15            16   3.25424E-10   3.14647E+00
        1038   1.24560E+02   1.20000E-01   2.18544E-01   5.32151E-04   8.76160E-04   0.00000E+00   1.27724E-02   1.00000E+00   0.00000E+00   3.87578E+00   2.13949E-15            16   3.24348E-10   3.14657E+00
        1039   1.24680E+02   1.20000E-01   2.18544E-01   5.29652E-04   8.72941E-04   0.00000E+00   1.29123E-02   1.00000E+00   0.00000E+00   3.87578E+00   2.10666E-15            16   3.25609E-10   3.14667E+00
        1040   1.24800E+02   1.20000E-01   2.18544E-01   5.27145E-04   8.69703E-04   0.00000E+00   1.30512E-02   1.00000E+00   0.00000E+00   3.87578E+00   2.06379E-15            16   3.24819E-10   3.14677E+00
        1041   1.24920E+02   1.20000E-01   2.18544E-01   5.24631E-04   8.66453E-04   0.00000E+00   1.31897E-02   1.00000E+00   0.00000E+00   3.87578E+00   2.03327E-15            16   3.26073E-10   3.14686E+00
        1042   1.25040E+02   1.20000E-01   2.18544E-01   5.22717E-04   8.63185E-04   0.00000E+00   1.33272E-02   1.00000E+00   0.00000E+00   3.87578E+00   1.98968E-15            16   3.25548E-10   3.14696E+00
        1043   1.25160E+02   1.20000E-01   2.18544E-01   5.20822E-04   8.59904E-04   0.00000E+00   1.34644E-02   1.00000E+00   0.00000E+00   3.87578E+00   1.95965E-15            16   3.26817E-10   3.14705E+00
        1044   1.25280E+02   1.20000E-01   2.18544E-01   5.18917E-04   8.56604E-04   0.00000E+00   1.36006E-02   1.00000E+00   0.00000E+00   3.87578E+00   1.91712E-15            16   3.26486E-10   3.14715E+00
        1045   1.25400E+02   1.20000E-01   2.18544E-01   5.17004E-04   8.53293E-04   0.00000E+00   1.37364E-02   1.00000E+00   0.00000E+00   3.87578E+00   1.88672E-15            16   3.27825E-10   3.14725E+00
        1046   1.25520E+02   1.20000E-01   2.18544E-01   5.15082E-04   8.49964E-04   0.00000E+00   1.38713E-02   1.00000E+00   0.00000E+00   3.87578E+00   1.84574E-15            16   3.27627E-10   3.14734E+00
        1047   1.25640E+02   1.20000E-01   2.18544E-01   5.13152E-04   8.46622E-04   0.00000E+00   1.40058E-02   1.00000E+00   0.00000E+00   3.87578E+00   1.81468E-15            16   3.28991E-10   3.14743E+00
        1048   1.25760E+02   1.20000E-01   2.18544E-01   5.11213E-04   8.43263E-04   0.00000E+00   1.41392E-02   1.00000E+00   0.00000E+00   3.87578E+00   1.77427E-15            16   3.28953E-10   3.14753E+00
        1049   1.25880E+02   1.20000E-01   2.18544E-01   5.09266E-04   8.39892E-04   0.00000E+00   1.42724E-02   1.00000E+00   0.00000E+00   3.87578E+00   1.74657E-15            16   3.30316E-10   3.14762E+00
        1050   1.26000E+02   1.20000E-01   2.18544E-01   5.07311E-04   8.36505E-04   0.00000E+00   1.44045E-02   1.00000E+00   0.00000E+00   3.87578E+00   1.73598E-15            16   3.30425E-10   3.14772E+00
        1051   1.26120E+02   1.20000E-01   2.18544E-01   5.05347E-04   8.33105E-04   0.00000E+00   1.45363E-02   1.00000E+00   0.00000E+00   3.87578E+00   1.73662E-15            16   3.31785E-10   3.14781E+00
        1052   1.26240E+02   1.20000E-01   2.18544E-01   5.03375E-04   8.29688E-04   0.00000E+00   1.46671E-02   1.00000E+00   0.00000E+00   3.87578E+00   1.74969E-15            16   3.32024E-10   3.14790E+00
        1053   1.26360E+02   1.20000E-01   2.18544E-01   5.01395E-04   8.26259E-04   0.00000E+00   1.47974E-02   1.00000E+00   0.00000E+00   3.87578E+00   1.75111E-15            16   3.33377E-10   3.14799E+00
        1054   1.26480E+02   1.20000E-01   2.18544E-01   4.99407E-04   8.22815E-04   0.00000E+00   1.49269E-02   1.00000E+00   0.00000E+00   3.87578E+00   1.76268E-15            16   3.33729E-10   3.14809E+00
        1055   1.26600E+02   1.20000E-01   2.18544E-01   4.97410E-04   8.19358E-04   0.00000E+00   1.50559E-02   1.00000E+00   0.00000E+00   3.87578E+00   1.76460E-15            16   3.35072E-10   3.14818E+00
        1056   1.26720E+02   1.20000E-01   2.18544E-01   4.95406E-04   8.15886E-04   0.00000E+00   1.51839E-02   1.00000E+00   0.00000E+00   3.87578E+00   1.77419E-15            16   3.35519E-10   3.14827E+00
        1057   1.26840E+02   1.20000E-01   2.18544E-01   4.93394E-04   8.12402E-04   0.00000E+00   1.53115E-02   1.00000E+00   0.00000E+00   3.87578E+00   1.77528E-15            16   3.36848E-10   3.14836E+00
        1058   1.26960E+02   1.20000E-01   2.18544E-01   4.91375E-04   8.08902E-04   0.00000E+00   1.54382E-02   1.00000E+00   0.00000E+00   3.87578E+00   1.78469E-15            16   3.37376E-10   3.14845E+00
        1059   1.27080E+02   1.20000E-01   2.18544E-01   4.89347E-04   8.05391E-04   0.00000E+00   1.55644E-02   1.00000E+00   0.00000E+00   3.87578E+00   1.78464E-15            16   3.38688E-10   3.14854E+00
        1060   1.27200E+02   1.20000E-01   2.18544E-01   4.87312E-04   8.01865E-04   0.00000E+00   1.56898E-02   1.00000E+00   0.00000E+00   3.87578E+00   1.79191E-15            16   3.39289E-10   3.14863E+00
        1061   1.27320E+02   1.20000E-01   2.18544E-01   4.85269E-04   7.98327E-04   0.00000E+00   1.58146E-02   1.00000E+00   0.00000E+00   3.87578E+00   1.79238E-15            16   3.40587E-10   3.14872E+00
        1062   1.27440E+02   1.20000E-01   2.18544E-01   4.83219E-04   7.94775E-04   0.00000E+00   1.59385E-02   1.00000E+00   0.00000E+00   3.87578E+00   1.79957E-15            16   3.41228E-10   3.14881E+00
        1063   1.27560E+02   1.20000E-01   2.18544E-01   4.81161E-04   7.91211E-04   0.00000E+00   1.60619E-02   1.00000E+00   0.00000E+00   3.87578E+00   1.79959E-15            16   3.42493E-10   3.14890E+00
        1064   1.27680E+02   1.20000E-01   2.18544E-01   4.79096E-04   7.87633E-04   0.00000E+00   1.61844E-02   1.00000E+00   0.00000E+00   3.87578E+00   1.80545E-15            16   3.43192E-10   3.14898E+00
        1065   1.27800E+02   1.20000E-01   2.18544E-01   4.77023E-04   7.84043E-04   0.00000E+00   1.63064E-02   1.00000E+00   0.00000E+00   3.87578E+00   1.80465E-15            16   3.44432E-10   3.14907E+00
        1066   1.27920E+02   1.20000E-01   2.18544E-01   4.74944E-04   7.80440E-04   0.00000E+00   1.64276E-02   1.00000E+00   0.00000E+00   3.87578E+00   1.80858E-15            16   3.45180E-10   3.14916E+00
        1067   1.28040E+02   1.20000E-01   2.18544E-01   4.72857E-04   7.76825E-04   0.00000E+00   1.65482E-02   1.00000E+00   0.00000E+00   3.87578E+00   1.80776E-15            16   3.46387E-10   3.14925E+00
        1068   1.28160E+02   1.20000E-01   2.18544E-01   4.70762E-04   7.73197E-04   0.00000E+00   1.66679E-02   1.00000E+00   0.00000E+00   3.87578E+00   1.81233E-15            16   3.47159E-10   3.14933E+00
        1069   1.28280E+02   1.20000E-01   2.18544E-01   4.68661E-04   7.69557E-04   0.00000E+00   1.67871E-02   1.00000E+00   0.00000E+00   3.87578E+00   1.81057E-15            16   3.48347E-10   3.14942E+00
        1070   1.28400E+02   1.20000E-01   2.18544E-01   4.66553E-04   7.65905E-04   0.00000E+00   1.69054E-02   1.00000E+00   0.00000E+00   3.87578E+00   1.81295E-15            16   3.49130E-10   3.14950E+00
        1071   1.28520E+02   1.20000E-01   2.18544E-01   4.64438E-04   7.62242E-04   0.00000E+00   1.70231E-02   1.00000E+00   0.00000E+00   3.87578E+00   1.81206E-15            16   3.50295E-10   3.14959E+00
        1072   1.28640E+02   1.20000E-01   2.18544E-01   4.62316E-04   7.58565E-04   0.00000E+00   1.71401E-02   1.00000E+00   0.00000E+00   3.87578E+00   1.81369E-15            16   3.51095E-10   3.14967E+00
        1073   1.28760E+02   1.20000E-01   2.18544E-01   4.60188E-04   7.54878E-04   0.00000E+00   1.72564E-02   1.00000E+00   0.00000E+00   3.87578E+00   1.81050E-15            16   3.52231E-10   3.14976E+00
        1074   1.28880E+02   1.20000E-01   2.18544E-01   4.58052E-04   7.51179E-04   0.00000E+00   1.73719E-02   1.00000E+00   0.00000E+00   3.87578E+00   1.81260E-15            16   3.53041E-10   3.14984E+00
        1075   1.29000E+02   1.20000E-01   2.18544E-01   4.55910E-04   7.47469E-04   0.00000E+00   1.74868E-02   1.00000E+00   0.00000E+00   3.87578E+00   1.80964E-15            16   3.54151E-10   3.14993E+00
        1076   1.29120E+02   1.20000E-01   2.18544E-01   4.53762E-04   7.43747E-04   0.00000E+00   1.76009E-02   1.00000E+00   0.00000E+00   3.87578E+00   1.80977E-15            16   3.54966E-10   3.15001E+00
        1077   1.29240E+02   1.20000E-01   2.18544E-01   4.51606E-04   7.40014E-04   0.00000E+00   1.77144E-02   1.00000E+00   0.00000E+00   3.87578E+00   1.80670E-15            16   3.56049E-10   3.15009E+00
        1078   1.29360E+02   1.20000E-01   2.18544E-01   4.49445E-04   7.36269E-04   0.00000E+00   1.78270E-02   1.00000E+00   0.00000E+00   3.87578E+00   1.80592E-15            16   3.56865E-10   3.15018E+00
        1079   1.29480E+02   1.20000E-01   2.18544E-01   4.47277E-04   7.32515E-04   0.00000E+00   1.79391E-02   1.00000E+00   0.00000E+00   3.87578E+00   1.80317E-15            16   3.57927E-10   3.15026E+00
        1080   1.29600E+02   1.20000E-01   2.18544E-01   4.45103E-04   7.28748E-04   0.00000E+00   1.80503E-02   1.00000E+00   0.00000E+00   3.87578E+00   1.80208E-15            16   3.58741E-10   3.15034E+00
        1081   1.29720E+02   1.20000E-01   2.18544E-01   4.42922E-04   7.24972E-04   0.00000E+00   1.81609E-02   1.00000E+00   0.00000E+00   3.87578E+00   1.79771E-15            16   3.59780E-10   3.15042E+00
        1082   1.29840E+02   1.20000E-01   2.18544E-01   4.40736E-04   7.21184E-04   0.00000E+00   1.82708E-02   1.00000E+00   0.00000E+00   3.87578E+00   1.79571E-15            16   3.60583E-10   3.15050E+00
        1083   1.29960E+02   1.20000E-01   2.18544E-01   4.38543E-04   7.17387E-04   0.00000E+00   1.83800E-02   1.00000E+00   0.00000E+00   3.87578E+00   1.79143E-15            16   3.61599E-10   3.15058E+00
        1084   1.30080E+02   1.20000E-01   2.18544E-01   4.36344E-04   7.13578E-04   0.00000E+00   1.84883E-02   1.00000E+00   0.00000E+00   3.87578E+00   1.78874E-15            16   3.62405E-10   3.15066E+00
        1085   1.30200E+02   1.20000E-01   2.18544E-01   4.34139E-04   7.09760E-04   0.00000E+00   1.85961E-02   1.00000E+00   0.00000E+00   3.87578E+00   1.78361E-15            16   3.63396E-10   3.15074E+00
        1086   1.30320E+02   1.20000E-01   2.18544E-01   4.31929E-04   7.05931E-04   0.00000E+00   1.87030E-02   1.00000E+00   0.00000E+00   3.87578E+00   1.78092E-15            16   3.64196E-10   3.15082E+00
        1087   1.30440E+02   1.20000E-01   2.18544E-01   4.29712E-04   7.02093E-04   0.00000E+00   1.88094E-02   1.00000E+00   0.00000E+00   3.87578E+00   1.77535E-15            16   3.65166E-10   3.15090E+00
        1088   1.30560E+02   1.20000E-01   2.18544E-01   4.27490E-04   6.98245E-04   0.00000E+00   1.89149E-02   1.00000E+00   0.00000E+00   3.87578E+00   1.77191E-15            16   3.65956E-10   3.15098E+00
        1089   1.30680E+02   1.20000E-01   2.18544E-01   4.25262E-04   6.94387E-04   0.00000E+00   1.90197E-02   1.00000E+00   0.00000E+00   3.87578E+00   1.76616E-15            16   3.66893E-10   3.15106E+00
        1090   1.30800E+02   1.20000E-01   2.18544E-01   4.23028E-04   6.90519E-04   0.00000E+00   1.91238E-02   1.00000E+00   0.00000E+00   3.87578E+00   1.76245E-15            16   3.67683E-10   3.15113E+00
        1091   1.30920E+02   1.20000E-01   2.18544E-01   4.20789E-04   6.86642E-04   0.00000E+00   1.92272E-02   1.00000E+00   0.00000E+00   3.87578E+00   1.75547E-15            16   3.68598E-10   3.15121E+00
        1092   1.31040E+02   1.20000E-01   2.18544E-01   4.18545E-04   6.82755E-04   0.00000E+00   1.93298E-02   1.00000E+00   0.00000E+00   3.87578E+00   1.75140E-15            16   3.69380E-10   3.15129E+00
        1093   1.31160E+02   1.20000E-01   2.18544E-01   4.16295E-04   6.78860E-04   0.00000E+00   1.94318E-02   1.00000E+00   0.00000E+00   3.87578E+00   1.74469E-15            16   3.70274E-10   3.15136E+00
        1094   1.31280E+02   1.20000E-01   2.18544E-01   4.14039E-04   6.74955E-04   0.00000E+00   1.95329E-02   1.00000E+00   0.00000E+00   3.87578E+00   1.73865E-15            16   3.71046E-10   3.15144E+00
        1095   1.31400E+02   1.20000E-01   2.18544E-01   4.11779E-04   6.71041E-04   0.00000E+00   1.96335E-02   1.00000E+00   0.00000E+00   3.87578E+00   1.73188E-15            16   3.71920E-10   3.15151E+00
        1096   1.31520E+02   1.20000E-01   2.18544E-01   4.09513E-04   6.67119E-04   0.00000E+00   1.97332E-02   1.00000E+00   0.00000E+00   3.87578E+00   1.72589E-15            16   3.72682E-10   3.15159E+00
        1097   1.31640E+02   1.20000E-01   2.18544E-01   4.07242E-04   6.63187E-04   0.00000E+00   1.98322E-02   1.00000E+00   0.00000E+00   3.87578E+00   1.71916E-15            16   3.73536E-10   3.15166E+00
        1098   1.31760E+02   1.20000E-01   2.18544E-01   4.04966E-04   6.59247E-04   0.00000E+00   1.99305E-02   1.00000E+00   0.00000E+00   3.87578E+00   1.71190E-15            16   3.74288E-10   3.15174E+00
        1099   1.31880E+02   1.20000E-01   2.18544E-01   4.02685E-04   6.55299E-04   0.00000E+00   2.00281E-02   1.00000E+00   0.00000E+00   3.87578E+00   1.70461E-15            16   3.75124E-10   3.15181E+00
        1100   1.32000E+02   1.20000E-01   2.18544E-01   4.00399E-04   6.51342E-04   0.00000E+00   2.01249E-02   1.00000E+00   0.00000E+00   3.87578E+00   1.69797E-15            16   3.75866E-10   3.15188E+00
        1101   1.32120E+02   1.20000E-01   2.18544E-01   3.98108E-04   6.47378E-04   0.00000E+00   2.02210E-02   1.00000E+00   0.00000E+00   3.87578E+00   1.69004E-15            16   3.76684E-10   3.15196E+00
        1102   1.32240E+02   1.20000E-01   2.18544E-01   3.95812E-04   6.43404E-04   0.00000E+00   2.03164E-02   1.00000E+00   0.00000E+00   3.87578E+00   1.68283E-15            16   3.77415E-10   3.15203E+00
        1103   1.32360E+02   1.20000E-01   2.18544E-01   3.93512E-04   6.39424E-04   0.00000E+00   2.04111E-02   1.00000E+00   0.00000E+00   3.87578E+00   1.67409E-15            16   3.78216E-10   3.15210E+00
        1104   1.32480E+02   1.20000E-01   2.18544E-01   3.91207E-04   6.35435E-04   0.00000E+00   2.05050E-02   1.00000E+00   0.00000E+00   3.87578E+00   1.66591E-15            16   3.78937E-10   3.15217E+00
        1105   1.32600E+02   1.20000E-01   2.18544E-01   3.88897E-04   6.31438E-04   0.00000E+00   2.05982E-02   1.00000E+00   0.00000E+00   3.87578E+00   1.65815E-15            16   3.79722E-10   3.15224E+00
        1106   1.32720E+02   1.20000E-01   2.18544E-01   3.86583E-04   6.27434E-04   0.00000E+00   2.06906E-02   1.00000E+00   0.00000E+00   3.87578E+00   1.64970E-15            16   3.80433E-10   3.15231E+00
        1107   1.32840E+02   1.20000E-01   2.18544E-01   3.84264E-04   6.23423E-04   0.00000E+00   2.07824E-02   1.00000E+00   0.00000E+00   3.87578E+00   1.64097E-15            16   3.81202E-10   3.15238E+00
        1108   1.32960E+02   1.20000E-01   2.18544E-01   3.81941E-04   6.19403E-04   0.00000E+00   2.08733E-02   1.00000E+00   0.00000E+00   3.87578E+00   1.63290E-15            16   3.81904E-10   3.15245E+00
        1109   1.33080E+02   1.20000E-01   2.18544E-01   3.79614E-04   6.15377E-04   0.00000E+00   2.09636E-02   1.00000E+00   0.00000E+00   3.87578E+00   1.62392E-15            16   3.82659E-10   3.15252E+00
        1110   1.33200E+02   1.20000E-01   2.18544E-01   3.77282E-04   6.11344E-04   0.00000E+00   2.10532E-02   1.00000E+00   0.00000E+00   3.87578E+00   1.61517E-15            16   3.83351E-10   3.15259E+00
        1111   1.33320E+02   1.20000E-01   2.18544E-01   3.74965E-04   6.07304E-04   0.00000E+00   2.11420E-02   1.00000E+00   0.00000E+00   3.87578E+00   1.60491E-15            16   3.84093E-10   3.15266E+00
        1112   1.33440E+02   1.20000E-01   2.18544E-01   3.73092E-04   6.03257E-04   0.00000E+00   2.12300E-02   1.00000E+00   0.00000E+00   3.87578E+00   1.59583E-15            16   3.84776E-10   3.15273E+00
        1113   1.33560E+02   1.20000E-01   2.18544E-01   3.71214E-04   5.99203E-04   0.00000E+00   2.13174E-02   1.00000E+00   0.00000E+00   3.87578E+00   1.58691E-15            16   3.85505E-10   3.15280E+00
        1114   1.33680E+02   1.20000E-01   2.18544E-01   3.69331E-04   5.95237E-04   0.00000E+00   2.14040E-02   1.00000E+00   0.00000E+00   3.87578E+00   1.57741E-15            16   3.86181E-10   3.15286E+00
        1115   1.33800E+02   1.20000E-01   2.18544E-01   3.67443E-04   5.91591E-04   0.00000E+00   2.14899E-02   1.00000E+00   0.00000E+00   3.87578E+00   1.56692E-15            16   3.86898E-10   3.15293E+00
        1116   1.33920E+02   1.20000E-01   2.18544E-01   3.65551E-04   5.87939E-04   0.00000E+00   2.15750E-02   1.00000E+00   0.00000E+00   3.87578E+00   1.55770E-15            16   3.87566E-10   3.15300E+00
        1117   1.34040E+02   1.20000E-01   2.18544E-01   3.63653E-04   5.84279E-04   0.00000E+00   2.16594E-02   1.00000E+00   0.00000E+00   3.87578E+00   1.54736E-15            16   3.88272E-10   3.15306E+00
        1118   1.34160E+02   1.20000E-01   2.18544E-01   3.61751E-04   5.80612E-04   0.00000E+00   2.17431E-02   1.00000E+00   0.00000E+00   3.87578E+00   1.53786E-15            16   3.88933E-10   3.15313E+00
        1119   1.34280E+02   1.20000E-01   2.18544E-01   3.59843E-04   5.76939E-04   0.00000E+00   2.18260E-02   1.00000E+00   0.00000E+00   3.87578E+00   1.52757E-15            16   3.89630E-10   3.15319E+00
        1120   1.34400E+02   1.20000E-01   2.18544E-01   3.57932E-04   5.73259E-04   0.00000E+00   2.19082E-02   1.00000E+00   0.00000E+00   3.87578E+00   1.51679E-15            16   3.90285E-10   3.15326E+00
        1121   1.34520E+02   1.20000E-01   2.18544E-01   3.56015E-04   5.69572E-04   0.00000E+00   2.19897E-02   1.00000E+00   0.00000E+00   3.87578E+00   1.50662E-15            16   3.90973E-10   3.15332E+00
        1122   1.34640E+02   1.20000E-01   2.18544E-01   3.54094E-04   5.65879E-04   0.00000E+00   2.20704E-02   1.00000E+00   0.00000E+00   3.87578E+00   1.49612E-15            16   3.91623E-10   3.15339E+00
        1123   1.34760E+02   1.20000E-01   2.18544E-01   3.52169E-04   5.62180E-04   0.00000E+00   2.21504E-02   1.00000E+00   0.00000E+00   3.87578E+00   1.48540E-15            16   3.92304E-10   3.15345E+00
        1124   1.34880E+02   1.20000E-01   2.18544E-01   3.50239E-04   5.58474E-04   0.00000E+00   2.22297E-02   1.00000E+00   0.00000E+00   3.87578E+00   1.47436E-15            16   3.92950E-10   3.15351E+00
        1125   1.35000E+02   1.20000E-01   2.18544E-01   3.48305E-04   5.54762E-04   0.00000E+00   2.23082E-02   1.00000E+00   0.00000E+00   3.87578E+00   1.46373E-15            16   3.93625E-10   3.15357E+00
        1126   1.35120E+02   1.20000E-01   2.18544E-01   3.46367E-04   5.51044E-04   0.00000E+00   2.23860E-02   1.00000E+00   0.00000E+00   3.87578E+00   1.45298E-15            16   3.94267E-10   3.15364E+00
        1127   1.35240E+02   1.20000E-01   2.18544E-01   3.44424E-04   5.47320E-04   0.00000E+00   2.24631E-02   1.00000E+00   0.00000E+00   3.87578E+00   1.44161E-15            16   3.94937E-10   3.15370E+00
        1128   1.35360E+02   1.20000E-01   2.18544E-01   3.42477E-04   5.43590E-04   0.00000E+00   2.25394E-02   1.00000E+00   0.00000E+00   3.87578E+00   1.43049E-15            16   3.95577E-10   3.15376E+00
        1129   1.35480E+02   1.20000E-01   2.18544E-01   3.40526E-04   5.39855E-04   0.00000E+00   2.26150E-02   1.00000E+00   0.00000E+00   3.87578E+00   1.41953E-15            16   3.96243E-10   3.15382E+00
        1130   1.35600E+02   1.20000E-01   2.18544E-01   3.38571E-04   5.36114E-04   0.00000E+00   2.26898E-02   1.00000E+00   0.00000E+00   3.87578E+00   1.40768E-15            16   3.96882E-10   3.15388E+00
        1131   1.35720E+02   1.20000E-01   2.18544E-01   3.36612E-04   5.32367E-04   0.00000E+00   2.27639E-02   1.00000E+00   0.00000E+00   3.87578E+00   1.39622E-15            16   3.97546E-10   3.15394E+00
        1132   1.35840E+02   1.20000E-01   2.18544E-01   3.34649E-04   5.28615E-04   0.00000E+00   2.28373E-02   1.00000E+00   0.00000E+00   3.87578E+00   1.38464E-15            16   3.98185E-10   3.15400E+00
        1133   1.35960E+02   1.20000E-01   2.18544E-01   3.32683E-04   5.24858E-04   0.00000E+00   2.29100E-02   1.00000E+00   0.00000E+00   3.87578E+00   1.37309E-15            16   3.98848E-10   3.15405E+00
        1134   1.36080E+02   1.20000E-01   2.18544E-01   3.30712E-04   5.21096E-04   0.00000E+00   2.29819E-02   1.00000E+00   0.00000E+00   3.87578E+00   1.36195E-15            16   3.99489E-10   3.15411E+00
        1135   1.36200E+02   1.20000E-01   2.18544E-01   3.28737E-04   5.17329E-04   0.00000E+00   2.30531E-02   1.00000E+00   0.00000E+00   3.87578E+00   1.34968E-15            16   4.00152E-10   3.15417E+00
        1136   1.36320E+02   1.20000E-01   2.18544E-01   3.26759E-04   5.13557E-04   0.00000E+00   2.31235E-02   1.00000E+00   0.00000E+00   3.87578E+00   1.33767E-15            16   4.00797E-10   3.15423E+00
        1137   1.36440E+02   1.20000E-01   2.18544E-01   3.24777E-04   5.09779E-04   0.00000E+00   2.31932E-02   1.00000E+00   0.00000E+00   3.87578E+00   1.32564E-15            16   4.01462E-10   3.15428E+00
        1138   1.36560E+02   1.20000E-01   2.18544E-01   3.22792E-04   5.05998E-04   0.00000E+00   2.32622E-02   1.00000E+00   0.00000E+00   3.87578E+00   1.31391E-15            16   4.02111E-10   3.15434E+00
        1139   1.36680E+02   1.20000E-01   2.18544E-01   3.20803E-04   5.02211E-04   0.00000E+00   2.33304E-02   1.00000E+00   0.00000E+00   3.87578E+00   1.30231E-15            16   4.02780E-10   3.15440E+00
        1140   1.36800E+02   1.20000E-01   2.18544E-01   3.18811E-04   4.98421E-04   0.00000E+00   2.33979E-02   1.00000E+00   0.00000E+00   3.87578E+00   1.28977E-15            16   4.03435E-10   3.15445E+00
        1141   1.36920E+02   1.20000E-01   2.18544E-01   3.16815E-04   4.94625E-04   0.00000E+00   2.34647E-02   1.00000E+00   0.00000E+00   3.87578E+00   1.27830E-15            16   4.04110E-10   3.15451E+00
        1142   1.37040E+02   1.20000E-01   2.18544E-01   3.14815E-04   4.90826E-04   0.00000E+00   2.35307E-02   1.00000E+00   0.00000E+00   3.87578E+00   1.26559E-15            16   4.04773E-10   3.15456E+00
        1143   1.37160E+02   1.20000E-01   2.18544E-01   3.12813E-04   4.87022E-04   0.00000E+00   2.35960E-02   1.00000E+00   0.00000E+00   3.87578E+00   1.25348E-15            16   4.05455E-10   3.15462E+00
        1144   1.37280E+02   1.20000E-01   2.18544E-01   3.10807E-04   4.83214E-04   0.00000E+00   2.36606E-02   1.00000E+00   0.00000E+00   3.87578E+00   1.24090E-15            16   4.06128E-10   3.15467E+00
        1145   1.37400E+02   1.20000E-01   2.18544E-01   3.08798E-04   4.79403E-04   0.00000E+00   2.37244E-02   1.00000E+00   0.00000E+00   3.87578E+00   1.22892E-15            16   4.06819E-10   3.15472E+00
        1146   1.37520E+02   1.20000E-01   2.18544E-01   3.06786E-04   4.75587E-04   0.00000E+00   2.37875E-02   1.00000E+00   0.00000E+00   3.87578E+00   1.21682E-15            16   4.07504E-10   3.15478E+00
        1147   1.37640E+02   1.20000E-01   2.18544E-01   3.04771E-04   4.71768E-04   0.00000E+00   2.38499E-02   1.00000E+00   0.00000E+00   3.87578E+00   1.20421E-15            16   4.08207E-10   3.15483E+00
        1148   1.37760E+02   1.20000E-01   2.18544E-01   3.02752E-04   4.67945E-04   0.00000E+00   2.39115E-02   1.00000E+00   0.00000E+00   3.87578E+00   1.19097E-15            16   4.08906E-10   3.15488E+00
        1149   1.37880E+02   1.20000E-01   2.18544E-01   3.00731E-04   4.64119E-04   0.00000E+00   2.39724E-02   1.00000E+00   0.00000E+00   3.87578E+00   1.17870E-15            16   4.09623E-10   3.15493E+00
        1150   1.38000E+02   1.20000E-01   2.18544E-01   2.98707E-04   4.60289E-04   0.00000E+00   2.40325E-02   1.00000E+00   0.00000E+00   3.87578E+00   1.16636E-15            16   4.10337E-10   3.15498E+00
        1151   1.38120E+02   1.20000E-01   2.18544E-01   2.96680E-04   4.56456E-04   0.00000E+00   2.40920E-02   1.00000E+00   0.00000E+00   3.87578E+00   1.16637E-15            16   4.11071E-10   3.15503E+00
        1152   1.38240E+02   1.20000E-01   2.18544E-01   2.94650E-04   4.52620E-04   0.00000E+00   2.41506E-02   1.00000E+00   0.00000E+00   3.87578E+00   1.16876E-15            16   4.11804E-10   3.15508E+00
        1153   1.38360E+02   1.20000E-01   2.18544E-01   2.92618E-04   4.48781E-04   0.00000E+00   2.42086E-02   1.00000E+00   0.00000E+00   3.87578E+00   1.17067E-15            16   4.12556E-10   3.15513E+00
        1154   1.38480E+02   1.20000E-01   2.18544E-01   2.90583E-04   4.44939E-04   0.00000E+00   2.42658E-02   1.00000E+00   0.00000E+00   3.87578E+00   1.17236E-15            16   4.13311E-10   3.15518E+00
        1155   1.38600E+02   1.20000E-01   2.18544E-01   2.88545E-04   4.41094E-04   0.00000E+00   2.43223E-02   1.00000E+00   0.00000E+00   3.87578E+00   1.17402E-15            16   4.14085E-10   3.15523E+00
        1156   1.38720E+02   1.20000E-01   2.18544E-01   2.86504E-04   4.37246E-04   0.00000E+00   2.43781E-02   1.00000E+00   0.00000E+00   3.87578E+00   1.17540E-15            16   4.14865E-10   3.15528E+00
        1157   1.38840E+02   1.20000E-01   2.18544E-01   2.84461E-04   4.33396E-04   0.00000E+00   2.44331E-02   1.00000E+00   0.00000E+00   3.87578E+00   1.17688E-15            16   4.15665E-10   3.15533E+00
        1158   1.38960E+02   1.20000E-01   2.18544E-01   2.82416E-04   4.29543E-04   0.00000E+00   2.44874E-02   1.00000E+00   0.00000E+00   3.87578E+00   1.17800E-15            16   4.16521E-10   3.15537E+00
        1159   1.39080E+02   1.20000E-01   2.18544E-01   2.80368E-04   4.25687E-04   0.00000E+00   2.45410E-02   1.00000E+00   0.00000E+00   3.87578E+00   1.17878E-15            16   4.17382E-10   3.15542E+00
        1160   1.39200E+02   1.20000E-01   2.18544E-01   2.78318E-04   4.21830E-04   0.00000E+00   2.45939E-02   1.00000E+00   0.00000E+00   3.87578E+00   1.17925E-15            16   4.18259E-10   3.15547E+00
        1161   1.39320E+02   1.20000E-01   2.18544E-01   2.76266E-04   4.17970E-04   0.00000E+00   2.46460E-02   1.00000E+00   0.00000E+00   3.87578E+00   1.17981E-15            16   4.19174E-10   3.15551E+00
        1162   1.39440E+02   1.20000E-01   2.18544E-01   2.74211E-04   4.14108E-04   0.00000E+00   2.46973E-02   1.00000E+00   0.00000E+00   3.87578E+00   1.18027E-15            16   4.20085E-10   3.15556E+00
        1163   1.39560E+02   1.20000E-01   2.18544E-01   2.72155E-04   4.10244E-04   0.00000E+00   2.47480E-02   1.00000E+00   0.00000E+00   3.87578E+00   1.18070E-15            16   4.21014E-10   3.15560E+00
        1164   1.39680E+02   1.20000E-01   2.18544E-01   2.70096E-04   4.06841E-04   0.00000E+00   2.47979E-02   1.00000E+00   0.00000E+00   3.87578E+00   1.18101E-15            16   4.21953E-10   3.15565E+00
        1165   1.39800E+02   1.20000E-01   2.18544E-01   2.68035E-04   4.03500E-04   0.00000E+00   2.48471E-02   1.00000E+00   0.00000E+00   3.87578E+00   1.18114E-15            16   4.22890E-10   3.15569E+00
        1166   1.39920E+02   1.20000E-01   2.18544E-01   2.65972E-04   4.00156E-04   0.00000E+00   2.48956E-02   1.00000E+00   0.00000E+00   3.87578E+00   1.18096E-15            16   4.23851E-10   3.15573E+00
        1167   1.40040E+02   1.20000E-01   2.18544E-01   2.63907E-04   3.96809E-04   0.00000E+00   2.49433E-02   1.00000E+00   0.00000E+00   3.87578E+00   1.17060E-15            16   4.25837E-10   3.15578E+00
        1168   1.40160E+02   1.20000E-01   2.18544E-01   2.61840E-04   3.93460E-04   0.00000E+00   2.49903E-02   1.00000E+00   0.00000E+00   3.87578E+00   1.18041E-15            16   4.25785E-10   3.15582E+00
        1169   1.40280E+02   1.20000E-01   2.18544E-01   2.59772E-04   3.90108E-04   0.00000E+00   2.50366E-02   1.00000E+00   0.00000E+00   3.87578E+00   1.18145E-15            16   4.26856E-10   3.15586E+00
        1170   1.40400E+02   1.20000E-01   2.18544E-01   2.57701E-04   3.86754E-04   0.00000E+00   2.50822E-02   1.00000E+00   0.00000E+00   3.87578E+00   1.18094E-15            16   4.27912E-10   3.15590E+00
        1171   1.40520E+02   1.20000E-01   2.18544E-01   2.55986E-04   3.83397E-04   0.00000E+00   2.51270E-02   1.00000E+00   0.00000E+00   3.87578E+00   1.17989E-15            16   4.28980E-10   3.15594E+00
        1172   1.40640E+02   1.20000E-01   2.18544E-01   2.54305E-04   3.80039E-04   0.00000E+00   2.51711E-02   1.00000E+00   0.00000E+00   3.87578E+00   1.17842E-15            16   4.30071E-10   3.15598E+00
        1173   1.40760E+02   1.20000E-01   2.18544E-01   2.52622E-04   3.76678E-04   0.00000E+00   2.52146E-02   1.00000E+00   0.00000E+00   3.87578E+00   1.17788E-15            16   4.31164E-10   3.15603E+00
        1174   1.40880E+02   1.20000E-01   2.18544E-01   2.50936E-04   3.73315E-04   0.00000E+00   2.52573E-02   1.00000E+00   0.00000E+00   3.87578E+00   1.17522E-15            16   4.31970E-10   3.15607E+00
        1175   1.41000E+02   1.20000E-01   2.18544E-01   2.49248E-04   3.69950E-04   0.00000E+00   2.52992E-02   1.00000E+00   0.00000E+00   3.87578E+00   1.17426E-15            16   4.33715E-10   3.15610E+00
        1176   1.41120E+02   1.20000E-01   2.18544E-01   2.47558E-04   3.66583E-04   0.00000E+00   2.53405E-02   1.00000E+00   0.00000E+00   3.87578E+00   1.17279E-15            16   4.34810E-10   3.15614E+00
        1177   1.41240E+02   1.20000E-01   2.18544E-01   2.45865E-04   3.63214E-04   0.00000E+00   2.53810E-02   1.00000E+00   0.00000E+00   3.87578E+00   1.17116E-15            16   4.36028E-10   3.15618E+00
        1178   1.41360E+02   1.20000E-01   2.18544E-01   2.44170E-04   3.59844E-04   0.00000E+00   2.54208E-02   1.00000E+00   0.00000E+00   3.87578E+00   1.16876E-15            16   4.37264E-10   3.15622E+00
        1179   1.41480E+02   1.20000E-01   2.18544E-01   2.42473E-04   3.56472E-04   0.00000E+00   2.54599E-02   1.00000E+00   0.00000E+00   3.87578E+00   1.16668E-15            16   4.38570E-10   3.15626E+00
        1180   1.41600E+02   1.20000E-01   2.18544E-01   2.40774E-04   3.53098E-04   0.00000E+00   2.54983E-02   1.00000E+00   0.00000E+00   3.87578E+00   1.16459E-15            16   4.39923E-10   3.15629E+00
        1181   1.41720E+02   1.20000E-01   2.18544E-01   2.39073E-04   3.49723E-04   0.00000E+00   2.55359E-02   1.00000E+00   0.00000E+00   3.87578E+00   1.16216E-15            16   4.41320E-10   3.15633E+00
        1182   1.41840E+02   1.20000E-01   2.18544E-01   2.37370E-04   3.46347E-04   0.00000E+00   2.55729E-02   1.00000E+00   0.00000E+00   3.87578E+00   1.15975E-15            16   4.42761E-10   3.15637E+00
        1183   1.41960E+02   1.20000E-01   2.18544E-01   2.35664E-04   3.42969E-04   0.00000E+00   2.56091E-02   1.00000E+00   0.00000E+00   3.87578E+00   1.15729E-15            16   4.44245E-10   3.15640E+00
        1184   1.42080E+02   1.20000E-01   2.18544E-01   2.33957E-04   3.39591E-04   0.00000E+00   2.56446E-02   1.00000E+00   0.00000E+00   3.87578E+00   1.15466E-15            16   4.45774E-10   3.15644E+00
        1185   1.42200E+02   1.20000E-01   2.18544E-01   2.32248E-04   3.36211E-04   0.00000E+00   2.56794E-02   1.00000E+00   0.00000E+00   3.87578E+00   1.15189E-15            16   4.47350E-10   3.15647E+00
        1186   1.42320E+02   1.20000E-01   2.18544E-01   2.30537E-04   3.32830E-04   0.00000E+00   2.57135E-02   1.00000E+00   0.00000E+00   3.87578E+00   1.14910E-15            16   4.48975E-10   3.15651E+00
        1187   1.42440E+02   1.20000E-01   2.18544E-01   2.28824E-04   3.29449E-04   0.00000E+00   2.57469E-02   1.00000E+00   0.00000E+00   3.87578E+00   1.14621E-15            16   4.50649E-10   3.15654E+00
        1188   1.42560E+02   1.20000E-01   2.18544E-01   2.27109E-04   3.26066E-04   0.00000E+00   2.57796E-02   1.00000E+00   0.00000E+00   3.87578E+00   1.14321E-15            16   4.52378E-10   3.15657E+00
        1189   1.42680E+02   1.20000E-01   2.18544E-01   2.25393E-04   3.22683E-04   0.00000E+00   2.58115E-02   1.00000E+00   0.00000E+00   3.87578E+00   1.13984E-15            16   4.54162E-10   3.15661E+00
        1190   1.42800E+02   1.20000E-01   2.18544E-01   2.23674E-04   3.19300E-04   0.00000E+00   2.58428E-02   1.00000E+00   0.00000E+00   3.87578E+00   1.13660E-15            16   4.56007E-10   3.15664E+00
        1191   1.42920E+02   1.20000E-01   2.18544E-01   2.21955E-04   3.15916E-04   0.00000E+00   2.58733E-02   1.00000E+00   0.00000E+00   3.87578E+00   1.13318E-15            16   4.57925E-10   3.15667E+00
        1192   1.43040E+02   1.20000E-01   2.18544E-01   2.20233E-04   3.12531E-04   0.00000E+00   2.59032E-02   1.00000E+00   0.00000E+00   3.87578E+00   1.12996E-15            16   4.59957E-10   3.15670E+00
        1193   1.43160E+02   1.20000E-01   2.18544E-01   2.18511E-04   3.09146E-04   0.00000E+00   2.59323E-02   1.00000E+00   0.00000E+00   3.87578E+00   1.12702E-15            16   4.62195E-10   3.15673E+00
        1194   1.43280E+02   1.20000E-01   2.18544E-01   2.16786E-04   3.05761E-04   0.00000E+00   2.59607E-02   1.00000E+00   0.00000E+00   3.87578E+00   1.12436E-15            16   4.64542E-10   3.15676E+00
        1195   1.43400E+02   1.20000E-01   2.18544E-01   2.15061E-04   3.02376E-04   0.00000E+00   2.59885E-02   1.00000E+00   0.00000E+00   3.87578E+00   1.11355E-15            16   4.65241E-10   3.15680E+00
        1196   1.43520E+02   1.20000E-01   2.18544E-01   2.13333E-04   2.98990E-04   0.00000E+00   2.60155E-02   1.00000E+00   0.00000E+00   3.87578E+00   1.11414E-15            16   4.68301E-10   3.15682E+00
        1197   1.43640E+02   1.20000E-01   2.18544E-01   2.11605E-04   2.95605E-04   0.00000E+00   2.60418E-02   1.00000E+00   0.00000E+00   3.87578E+00   1.10979E-15            16   4.70687E-10   3.15685E+00
        1198   1.43760E+02   1.20000E-01   2.18544E-01   2.09875E-04   2.92219E-04   0.00000E+00   2.60674E-02   1.00000E+00   0.00000E+00   3.87578E+00   1.10538E-15            16   4.73057E-10   3.15688E+00
        1199   1.43880E+02   1.20000E-01   2.18544E-01   2.08144E-04   2.89011E-04   0.00000E+00   2.60923E-02   1.00000E+00   0.00000E+00   3.87578E+00   1.10080E-15            16   4.75493E-10   3.15691E+00
        1200   1.44000E+02   1.20000E-01   2.18544E-01   2.06412E-04   2.86180E-04   0.00000E+00   2.61165E-02   1.00000E+00   0.00000E+00   3.87578E+00   1.09587E-15            16   4.78021E-10   3.15694E+00
        1201   1.44120E+02   1.20000E-01   2.18544E-01   2.04678E-04   2.83349E-04   0.00000E+00   2.61400E-02   1.00000E+00   0.00000E+00   3.87578E+00   1.09120E-15            16   4.80623E-10   3.15697E+00
        1202   1.44240E+02   1.20000E-01   2.18544E-01   2.02944E-04   2.80518E-04   0.00000E+00   2.61628E-02   1.00000E+00   0.00000E+00   3.87578E+00   1.06517E-15            16   4.84886E-10   3.15699E+00
        1203   1.44360E+02   1.20000E-01   2.18544E-01   2.01208E-04   2.77686E-04   0.00000E+00   2.61849E-02   1.00000E+00   0.00000E+00   3.87578E+00   1.08014E-15            16   4.86227E-10   3.15702E+00
        1204   1.44480E+02   1.20000E-01   2.18544E-01   1.99472E-04   2.74854E-04   0.00000E+00   2.62063E-02   1.00000E+00   0.00000E+00   3.87578E+00   1.07399E-15            16   4.88944E-10   3.15705E+00
        1205   1.44600E+02   1.20000E-01   2.18544E-01   1.97734E-04   2.72022E-04   0.00000E+00   2.62270E-02   1.00000E+00   0.00000E+00   3.87578E+00   1.06879E-15            16   4.91871E-10   3.15707E+00
        1206   1.44720E+02   1.20000E-01   2.18544E-01   1.95995E-04   2.69190E-04   0.00000E+00   2.62471E-02   1.00000E+00   0.00000E+00   3.87578E+00   1.06355E-15            16   4.94944E-10   3.15710E+00
        1207   1.44840E+02   1.20000E-01   2.18544E-01   1.94256E-04   2.66357E-04   0.00000E+00   2.62664E-02   1.00000E+00   0.00000E+00   3.87578E+00   1.05767E-15            16   4.98138E-10   3.15712E+00
        1208   1.44960E+02   1.20000E-01   2.18544E-01   1.92516E-04   2.63525E-04   0.00000E+00   2.62851E-02   1.00000E+00   0.00000E+00   3.87578E+00   1.05118E-15            16   5.01439E-10   3.15715E+00
        1209   1.45080E+02   1.20000E-01   2.18544E-01   1.90775E-04   2.60692E-04   0.00000E+00   2.63031E-02   1.00000E+00   0.00000E+00   3.87578E+00   1.04459E-15            16   5.04842E-10   3.15717E+00
        1210   1.45200E+02   1.20000E-01   2.18544E-01   1.89033E-04   2.57860E-04   0.00000E+00   2.63203E-02   1.00000E+00   0.00000E+00   3.87578E+00   1.03787E-15            16   5.08359E-10   3.15719E+00
        1211   1.45320E+02   1.20000E-01   2.18544E-01   1.87291E-04   2.55028E-04   0.00000E+00   2.63369E-02   1.00000E+00   0.00000E+00   3.87578E+00   1.03088E-15            16   5.11996E-10   3.15722E+00
        1212   1.45440E+02   1.20000E-01   2.18544E-01   1.85717E-04   2.52196E-04   0.00000E+00   2.63528E-02   1.00000E+00   0.00000E+00   3.87578E+00   1.02370E-15            16   5.15760E-10   3.15724E+00
        1213   1.45560E+02   1.20000E-01   2.18544E-01   1.87165E-04   2.49365E-04   0.00000E+00   2.63681E-02   1.00000E+00   0.00000E+00   3.87578E+00   1.01620E-15            16   5.19653E-10   3.15726E+00
        1214   1.45680E+02   1.20000E-01   2.18544E-01   1.88604E-04   2.46534E-04   0.00000E+00   2.63826E-02   1.00000E+00   0.00000E+00   3.87578E+00   1.00848E-15            16   5.23682E-10   3.15728E+00
        1215   1.45800E+02   1.20000E-01   2.18544E-01   1.90036E-04   2.43704E-04   0.00000E+00   2.63964E-02   1.00000E+00   0.00000E+00   3.87578E+00   1.00046E-15            16   5.27848E-10   3.15730E+00
        1216   1.45920E+02   1.20000E-01   2.18544E-01   1.91460E-04   2.40874E-04   0.00000E+00   2.64096E-02   1.00000E+00   0.00000E+00   3.87578E+00   9.92222E-16            16   5.32158E-10   3.15732E+00
        1217   1.46040E+02   1.20000E-01   2.18544E-01   1.92876E-04   2.38044E-04   0.00000E+00   2.64221E-02   1.00000E+00   0.00000E+00   3.87578E+00   9.83597E-16            16   5.36617E-10   3.15734E+00
        1218   1.46160E+02   1.20000E-01   2.18544E-01   1.94285E-04   2.35216E-04   0.00000E+00   2.64339E-02   1.00000E+00   0.00000E+00   3.87578E+00   9.75113E-16            16   5.41286E-10   3.15736E+00
        1219   1.46280E+02   1.20000E-01   2.18544E-01   1.95686E-04   2.32388E-04   0.00000E+00   2.64450E-02   1.00000E+00   0.00000E+00   3.87578E+00   9.66081E-16            16   5.46095E-10   3.15738E+00
        1220   1.46400E+02   1.20000E-01   2.18544E-01   1.97079E-04   2.29561E-04   0.00000E+00   2.64555E-02   1.00000E+00   0.00000E+00   3.87578E+00   9.56593E-16            16   5.51048E-10   3.15740E+00
        1221   1.46520E+02   1.20000E-01   2.18544E-01   1.98464E-04   2.26735E-04   0.00000E+00   2.64653E-02   1.00000E+00   0.00000E+00   3.87578E+00   9.46955E-16            16   5.56177E-10   3.15742E+00
        1222   1.46640E+02   1.20000E-01   2.18544E-01   1.99842E-04   2.23909E-04   0.00000E+00   2.64744E-02   1.00000E+00   0.00000E+00   3.87578E+00   9.36938E-16            16   5.61489E-10   3.15744E+00
        1223   1.46760E+02   1.20000E-01   2.18544E-01   2.01211E-04   2.21085E-04   0.00000E+00   2.64828E-02   1.00000E+00   0.00000E+00   3.87578E+00   9.26799E-16            16   5.66990E-10   3.15745E+00
        1224   1.46880E+02   1.20000E-01   2.18544E-01   2.02573E-04   2.18262E-04   0.00000E+00   2.64906E-02   1.00000E+00   0.00000E+00   3.87578E+00   9.16168E-16            16   5.72689E-10   3.15747E+00
        1225   1.47000E+02   1.20000E-01   2.18544E-01   2.03927E-04   2.15440E-04   0.00000E+00   2.64977E-02   1.00000E+00   0.00000E+00   3.87578E+00   9.05301E-16            16   5.78593E-10   3.15749E+00
        1226   1.47120E+02   1.20000E-01   2.18544E-01   2.05273E-04   2.12620E-04   0.00000E+00   2.65041E-02   1.00000E+00   0.00000E+00   3.87578E+00   8.94045E-16            16   5.84712E-10   3.15750E+00
        1227   1.47240E+02   1.20000E-01   2.18544E-01   2.06611E-04   2.09800E-04   0.00000E+00   2.65098E-02   1.00000E+00   0.00000E+00   3.87578E+00   8.82643E-16            16   5.91051E-10   3.15752E+00
        1228   1.47360E+02   1.20000E-01   2.18544E-01   2.07942E-04   2.06983E-04   0.00000E+00   2.65149E-02   1.00000E+00   0.00000E+00   3.87578E+00   8.70869E-16            16   5.97622E-10   3.15754E+00
        1229   1.47480E+02   1.20000E-01   2.18544E-01   2.09264E-04   2.04166E-04   0.00000E+00   2.65193E-02   1.00000E+00   0.00000E+00   3.87578E+00   8.58942E-16            16   6.04431E-10   3.15755E+00
        1230   1.47600E+02   1.20000E-01   2.18544E-01   2.10578E-04   2.01351E-04   0.00000E+00   2.65231E-02   1.00000E+00   0.00000E+00   3.87578E+00   8.46677E-16            16   6.11488E-10   3.15756E+00
        1231   1.47720E+02   1.20000E-01   2.18544E-01   2.11885E-04   1.98538E-04   0.00000E+00   2.65262E-02   1.00000E+00   0.00000E+00   3.87578E+00   8.34071E-16            16   6.18801E-10   3.15758E+00
        1232   1.47840E+02   1.20000E-01   2.18544E-01   2.13183E-04   1.95726E-04   0.00000E+00   2.65286E-02   1.00000E+00   0.00000E+00   3.87578E+00   8.21179E-16            16   6.26377E-10   3.15759E+00
        1233   1.47960E+02   1.20000E-01   2.18544E-01   2.14474E-04   1.92916E-04   0.00000E+00   2.65303E-02   1.00000E+00   0.00000E+00   3.87578E+00   8.08096E-16            16   6.34224E-10   3.15760E+00
        1234   1.48080E+02   1.20000E-01   2.18544E-01   2.15756E-04   1.90107E-04   0.00000E+00   2.65315E-02   1.00000E+00   0.00000E+00   3.87578E+00   7.94693E-16            16   6.42349E-10   3.15762E+00
        1235   1.48200E+02   1.20000E-01   2.18544E-01   2.17031E-04   1.87523E-04   0.00000E+00   2.65319E-02   1.00000E+00   0.00000E+00   3.87578E+00   7.80902E-16            16   6.50756E-10   3.15763E+00
        1236   1.48320E+02   1.20000E-01   2.18544E-01   2.18297E-04   1.85203E-04   0.00000E+00   2.65317E-02   1.00000E+00   0.00000E+00   3.87578E+00   7.67102E-16            16   6.59449E-10   3.15764E+00
        1237   1.48440E+02   1.20000E-01   2.18544E-01   2.19556E-04   1.82883E-04   0.00000E+00   2.65308E-02   1.00000E+00   0.00000E+00   3.87578E+00   7.53054E-16            16   6.68428E-10   3.15765E+00
        1238   1.48560E+02   1.20000E-01   2.18544E-01   2.20806E-04   1.80565E-04   0.00000E+00   2.65293E-02   1.00000E+00   0.00000E+00   3.87578E+00   7.38789E-16            16   6.77691E-10   3.15766E+00
        1239   1.48680E+02   1.20000E-01   2.18544E-01   2.22048E-04   1.78247E-04   0.00000E+00   2.65271E-02   1.00000E+00   0.00000E+00   3.87578E+00   7.24139E-16            16   6.87230E-10   3.15767E+00
        1240   1.48800E+02   1.20000E-01   2.18544E-01   2.23282E-04   1.75931E-04   0.00000E+00   2.65243E-02   1.00000E+00   0.00000E+00   3.87578E+00   7.09372E-16            16   6.97034E-10   3.15768E+00
        1241   1.48920E+02   1.20000E-01   2.18544E-01   2.24508E-04   1.73615E-04   0.00000E+00   2.65209E-02   1.00000E+00   0.00000E+00   3.87578E+00   6.94627E-16            16   7.07082E-10   3.15769E+00
        1242   1.49040E+02   1.20000E-01   2.18544E-01   2.25726E-04   1.71301E-04   0.00000E+00   2.65167E-02   1.00000E+00   0.00000E+00   3.87578E+00   6.79392E-16            16   7.17343E-10   3.15770E+00
        1243   1.49160E+02   1.20000E-01   2.18544E-01   2.26936E-04   1.68988E-04   0.00000E+00   2.65120E-02   1.00000E+00   0.00000E+00   3.87578E+00   6.64205E-16            16   7.27774E-10   3.15771E+00
        1244   1.49280E+02   1.20000E-01   2.18544E-01   2.28137E-04   1.66676E-04   0.00000E+00   2.65066E-02   1.00000E+00   0.00000E+00   3.87578E+00   6.48799E-16            16   7.38314E-10   3.15772E+00
        1245   1.49400E+02   1.20000E-01   2.18544E-01   2.29331E-04   1.64365E-04   0.00000E+00   2.65005E-02   1.00000E+00   0.00000E+00   3.87578E+00   6.33205E-16            16   7.48878E-10   3.15773E+00
        1246   1.49520E+02   1.20000E-01   2.18544E-01   2.30516E-04   1.62056E-04   0.00000E+00   2.64938E-02   1.00000E+00   0.00000E+00   3.87578E+00   6.17840E-16            16   7.59352E-10   3.15773E+00
        1247   1.49640E+02   1.20000E-01   2.18544E-01   2.31693E-04   1.59748E-04   0.00000E+00   2.64865E-02   1.00000E+00   0.00000E+00   3.87578E+00   6.02214E-16            16   7.69582E-10   3.15774E+00
        1248   1.49760E+02   1.20000E-01   2.18544E-01   2.32862E-04   1.57442E-04   0.00000E+00   2.64785E-02   1.00000E+00   0.00000E+00   3.87578E+00   5.86608E-16            16   7.79366E-10   3.15775E+00
        1249   1.49880E+02   1.20000E-01   2.18544E-01   2.34023E-04   1.55137E-04   0.00000E+00   2.64699E-02   1.00000E+00   0.00000E+00   3.87578E+00   5.71029E-16            16   7.88439E-10   3.15775E+00
        1250   1.50000E+02   1.20000E-01   2.18544E-01   2.35175E-04   1.52834E-04   0.00000E+00   2.64607E-02   1.00000E+00   0.00000E+00   3.87578E+00   5.55543E-16            16   7.96466E-10   3.15776E+00
        1251   1.50120E+02   1.20000E-01   2.18544E-01   2.36319E-04   1.50532E-04   0.00000E+00   2.64508E-02   1.00000E+00   0.00000E+00   3.87578E+00   5.40240E-16            16   8.03031E-10   3.15776E+00
        1252   1.50240E+02   1.20000E-01   2.18544E-01   2.37455E-04   1.48232E-04   0.00000E+00   2.64403E-02   1.00000E+00   0.00000E+00   3.87578E+00   5.25141E-16            16   8.07637E-10   3.15777E+00
        1253   1.50360E+02   1.20000E-01   2.18544E-01   2.38583E-04   1.45934E-04   0.00000E+00   2.64292E-02   1.00000E+00   0.00000E+00   3.87578E+00   5.10216E-16            16   8.09712E-10   3.15777E+00
        1254   1.50480E+02   1.20000E-01   2.18544E-01   2.39702E-04   1.43637E-04   0.00000E+00   2.64174E-02   1.00000E+00   0.00000E+00   3.87578E+00   4.95512E-16            16   8.08627E-10   3.15778E+00
        1255   1.50600E+02   1.20000E-01   2.18544E-01   2.40813E-04   1.41343E-04   0.00000E+00   2.64050E-02   1.00000E+00   0.00000E+00   3.87578E+00   4.81199E-16            16   8.03732E-10   3.15778E+00
        1256   1.50720E+02   1.20000E-01   2.18544E-01   2.41916E-04   1.39050E-04   0.00000E+00   2.63920E-02   1.00000E+00   0.00000E+00   3.87578E+00   4.67161E-16            16   7.94398E-10   3.15778E+00
        1257   1.50840E+02   1.20000E-01   2.18544E-01   2.43011E-04   1.36759E-04   0.00000E+00   2.63784E-02   1.00000E+00   0.00000E+00   3.87578E+00   4.52604E-16            16   7.80081E-10   3.15779E+00
        1258   1.50960E+02   1.20000E-01   2.18544E-01   2.44097E-04   1.34470E-04   0.00000E+00   2.63641E-02   1.00000E+00   0.00000E+00   3.87578E+00   4.36807E-16            16   7.60379E-10   3.15779E+00
        1259   1.51080E+02   1.20000E-01   2.18544E-01   2.45175E-04   1.32184E-04   0.00000E+00   2.63492E-02   1.00000E+00   0.00000E+00   3.87578E+00   4.17680E-16            16   7.34997E-10   3.15779E+00
        1260   1.51200E+02   1.20000E-01   2.18544E-01   2.46244E-04   1.29899E-04   0.00000E+00   2.63337E-02   1.00000E+00   0.00000E+00   3.87578E+00   3.92417E-16            16   7.03429E-10   3.15779E+00
        1261   1.51320E+02   1.20000E-01   2.18544E-01   2.47306E-04   1.27616E-04   0.00000E+00   2.63176E-02   1.00000E+00   0.00000E+00   3.87578E+00   3.59067E-16            16   6.64083E-10   3.15779E+00
        1262   1.51440E+02   1.20000E-01   2.18544E-01   2.48358E-04   1.25336E-04   0.00000E+00   2.63008E-02   1.00000E+00   0.00000E+00   3.87578E+00   3.15813E-16            16   6.12508E-10   3.15779E+00
        1263   1.51560E+02   1.20000E-01   2.18544E-01   2.49403E-04   1.23058E-04   0.00000E+00   2.62835E-02   1.00000E+00   0.00000E+00   3.87578E+00   2.65981E-16            16   5.47323E-10   3.15779E+00
        1264   1.51680E+02   1.20000E-01   2.18544E-01   2.50439E-04   1.20782E-04   0.00000E+00   2.62655E-02   1.00000E+00   0.00000E+00   3.87578E+00   2.18461E-16            16   4.76358E-10   3.15779E+00
        1265   1.51800E+02   1.20000E-01   2.18544E-01   2.51467E-04   1.18509E-04   0.00000E+00   2.62469E-02   1.00000E+00   0.00000E+00   3.87578E+00   1.93327E-16            16   4.35122E-10   3.15779E+00
        1266   1.51920E+02   1.20000E-01   2.18544E-01   2.52486E-04   1.16238E-04   0.00000E+00   2.62277E-02   1.00000E+00   0.00000E+00   3.87578E+00   1.87600E-16            16   4.26733E-10   3.15779E+00
        1267   1.52040E+02   1.20000E-01   2.18544E-01   2.53497E-04   1.13970E-04   0.00000E+00   2.62079E-02   1.00000E+00   0.00000E+00   3.87578E+00   2.22137E-16            16   4.85569E-10   3.15779E+00
        1268   1.52160E+02   1.20000E-01   2.18544E-01   2.54499E-04   1.12088E-04   0.00000E+00   2.61875E-02   1.00000E+00   0.00000E+00   3.87578E+00   2.47251E-16            16   5.21342E-10   3.15779E+00
        1269   1.52280E+02   1.20000E-01   2.18544E-01   2.55494E-04   1.10252E-04   0.00000E+00   2.61665E-02   1.00000E+00   0.00000E+00   3.87578E+00   2.69791E-16            16   5.47528E-10   3.15779E+00
        1270   1.52400E+02   1.20000E-01   2.18544E-01   2.56479E-04   1.08417E-04   0.00000E+00   2.61449E-02   1.00000E+00   0.00000E+00   3.87578E+00   2.89450E-16            16   5.65740E-10   3.15778E+00
        1271   1.52520E+02   1.20000E-01   2.18544E-01   2.57456E-04   1.06584E-04   0.00000E+00   2.61227E-02   1.00000E+00   0.00000E+00   3.87578E+00   3.06795E-16            16   5.78295E-10   3.15778E+00
        1272   1.52640E+02   1.20000E-01   2.18544E-01   2.58425E-04   1.04752E-04   0.00000E+00   2.60999E-02   1.00000E+00   0.00000E+00   3.87578E+00   3.22227E-16            16   5.86890E-10   3.15778E+00
        1273   1.52760E+02   1.20000E-01   2.18544E-01   2.59386E-04   1.02922E-04   0.00000E+00   2.60765E-02   1.00000E+00   0.00000E+00   3.87578E+00   3.35869E-16            16   5.92616E-10   3.15777E+00
        1274   1.52880E+02   1.20000E-01   2.18544E-01   2.60338E-04   1.01094E-04   0.00000E+00   2.60525E-02   1.00000E+00   0.00000E+00   3.87578E+00   3.47741E-16            16   5.96172E-10   3.15777E+00
        1275   1.53000E+02   1.20000E-01   2.18544E-01   2.61281E-04   9.92682E-05   0.00000E+00   2.60279E-02   1.00000E+00   0.00000E+00   3.87578E+00   3.57493E-16            16   5.98020E-10   3.15776E+00
        1276   1.53120E+02   1.20000E-01   2.18544E-01   2.62216E-04   9.74439E-05   0.00000E+00   2.60027E-02   1.00000E+00   0.00000E+00   3.87578E+00   3.64988E-16            16   5.98486E-10   3.15776E+00
        1277   1.53240E+02   1.20000E-01   2.18544E-01   2.63143E-04   9.76072E-05   0.00000E+00   2.59770E-02   1.00000E+00   0.00000E+00   3.87578E+00   3.70074E-16            16   5.97810E-10   3.15775E+00
        1278   1.53360E+02   1.20000E-01   2.18544E-01   2.64061E-04   1.01231E-04   0.00000E+00   2.59506E-02   1.00000E+00   0.00000E+00   3.87578E+00   3.72783E-16            16   5.96179E-10   3.15775E+00
        1279   1.53480E+02   1.20000E-01   2.18544E-01   2.64970E-04   1.04843E-04   0.00000E+00   2.59237E-02   1.00000E+00   0.00000E+00   3.87578E+00   3.72390E-16            16   5.93749E-10   3.15774E+00
        1280   1.53600E+02   1.20000E-01   2.18544E-01   2.65871E-04   1.08445E-04   0.00000E+00   2.58961E-02   1.00000E+00   0.00000E+00   3.87578E+00   3.69096E-16            16   5.90648E-10   3.15773E+00
        1281   1.53720E+02   1.20000E-01   2.18544E-01   2.66764E-04   1.12035E-04   0.00000E+00   2.58680E-02   1.00000E+00   0.00000E+00   3.87578E+00   3.75614E-16            16   5.86985E-10   3.15773E+00
        1282   1.53840E+02   1.20000E-01   2.18544E-01   2.67648E-04   1.15614E-04   0.00000E+00   2.58393E-02   1.00000E+00   0.00000E+00   3.87578E+00   3.86961E-16            16   5.82855E-10   3.15772E+00
        1283   1.53960E+02   1.20000E-01   2.18544E-01   2.68524E-04   1.19182E-04   0.00000E+00   2.58101E-02   1.00000E+00   0.00000E+00   3.87578E+00   3.97296E-16            16   5.78347E-10   3.15771E+00
        1284   1.54080E+02   1.20000E-01   2.18544E-01   2.69391E-04   1.22738E-04   0.00000E+00   2.57802E-02   1.00000E+00   0.00000E+00   3.87578E+00   4.06830E-16            16   5.73536E-10   3.15770E+00
        1285   1.54200E+02   1.20000E-01   2.18544E-01   2.70250E-04   1.26283E-04   0.00000E+00   2.57498E-02   1.00000E+00   0.00000E+00   3.87578E+00   4.15545E-16            16   5.68497E-10   3.15769E+00
        1286   1.54320E+02   1.20000E-01   2.18544E-01   2.71100E-04   1.29816E-04   0.00000E+00   2.57188E-02   1.00000E+00   0.00000E+00   3.87578E+00   4.23707E-16            16   5.63301E-10   3.15768E+00
        1287   1.54440E+02   1.20000E-01   2.18544E-01   2.72516E-04   1.33338E-04   0.00000E+00   2.56872E-02   1.00000E+00   0.00000E+00   3.87578E+00   4.31068E-16            16   5.58019E-10   3.15767E+00
        1288   1.54560E+02   1.20000E-01   2.18544E-01   2.74083E-04   1.36848E-04   0.00000E+00   2.56551E-02   1.00000E+00   0.00000E+00   3.87578E+00   4.38095E-16            16   5.52723E-10   3.15766E+00
        1289   1.54680E+02   1.20000E-01   2.18544E-01   2.75640E-04   1.40346E-04   0.00000E+00   2.56224E-02   1.00000E+00   0.00000E+00   3.87578E+00   4.44932E-16            16   5.47485E-10   3.15765E+00
        1290   1.54800E+02   1.20000E-01   2.18544E-01   2.77187E-04   1.43832E-04   0.00000E+00   2.55891E-02   1.00000E+00   0.00000E+00   3.87578E+00   4.51634E-16            16   5.42376E-10   3.15764E+00
        1291   1.54920E+02   1.20000E-01   2.18544E-01   2.78723E-04   1.47307E-04   0.00000E+00   2.55553E-02   1.00000E+00   0.00000E+00   3.87578E+00   4.58332E-16            16   5.37466E-10   3.15763E+00
        1292   1.55040E+02   1.20000E-01   2.18544E-01   2.80249E-04   1.50770E-04   0.00000E+00   2.55209E-02   1.00000E+00   0.00000E+00   3.87578E+00   4.65260E-16            16   5.32817E-10   3.15762E+00
        1293   1.55160E+02   1.20000E-01   2.18544E-01   2.81764E-04   1.54220E-04   0.00000E+00   2.54859E-02   1.00000E+00   0.00000E+00   3.87578E+00   4.72685E-16            16   5.28480E-10   3.15761E+00
        1294   1.55280E+02   1.20000E-01   2.18544E-01   2.83269E-04   1.57659E-04   0.00000E+00   2.54504E-02   1.00000E+00   0.00000E+00   3.87578E+00   4.80757E-16            16   5.24494E-10   3.15760E+00
        1295   1.55400E+02   1.20000E-01   2.18544E-01   2.84764E-04   1.61085E-04   0.00000E+00   2.54143E-02   1.00000E+00   0.00000E+00   3.87578E+00   4.89406E-16            16   5.20880E-10   3.15758E+00
        1296   1.55520E+02   1.20000E-01   2.18544E-01   2.86248E-04   1.64499E-04   0.00000E+00   2.53777E-02   1.00000E+00   0.00000E+00   3.87578E+00   4.98800E-16            16   5.17644E-10   3.15757E+00
        1297   1.55640E+02   1.20000E-01   2.18544E-01   2.87721E-04   1.67901E-04   0.00000E+00   2.53405E-02   1.00000E+00   0.00000E+00   3.87578E+00   5.08861E-16            16   5.14773E-10   3.15756E+00
        1298   1.55760E+02   1.20000E-01   2.18544E-01   2.89185E-04   1.71291E-04   0.00000E+00   2.53028E-02   1.00000E+00   0.00000E+00   3.87578E+00   5.19803E-16            16   5.12242E-10   3.15754E+00
        1299   1.55880E+02   1.20000E-01   2.18544E-01   2.90637E-04   1.74668E-04   0.00000E+00   2.52645E-02   1.00000E+00   0.00000E+00   3.87578E+00   5.31200E-16            16   5.10014E-10   3.15753E+00
        1300   1.56000E+02   1.20000E-01   2.18544E-01   2.92079E-04   1.78033E-04   0.00000E+00   2.52257E-02   1.00000E+00   0.00000E+00   3.87578E+00   5.43313E-16            16   5.08048E-10   3.15751E+00
        1301   1.56120E+02   1.20000E-01   2.18544E-01   2.93511E-04   1.81386E-04   0.00000E+00   2.51863E-02   1.00000E+00   0.00000E+00   3.87578E+00   5.66618E-16            16   5.06302E-10   3.15750E+00
        1302   1.56240E+02   1.20000E-01   2.18544E-01   2.94932E-04   1.84725E-04   0.00000E+00   2.51464E-02   1.00000E+00   0.00000E+00   3.87578E+00   5.95663E-16            16   5.04731E-10   3.15748E+00
        1303   1.56360E+02   1.20000E-01   2.18544E-01   2.96343E-04   1.88053E-04   0.00000E+00   2.51060E-02   1.00000E+00   0.00000E+00   3.87578E+00   6.23639E-16            16   5.03297E-10   3.15747E+00
        1304   1.56480E+02   1.20000E-01   2.18544E-01   2.97743E-04   1.91367E-04   0.00000E+00   2.50650E-02   1.00000E+00   0.00000E+00   3.87578E+00   6.51023E-16            16   5.01966E-10   3.15745E+00
        1305   1.56600E+02   1.20000E-01   2.18544E-01   2.99132E-04   1.94669E-04   0.00000E+00   2.50235E-02   1.00000E+00   0.00000E+00   3.87578E+00   6.77160E-16            16   5.00709E-10   3.15744E+00
        1306   1.56720E+02   1.20000E-01   2.18544E-01   3.00511E-04   1.97958E-04   0.00000E+00   2.49814E-02   1.00000E+00   0.00000E+00   3.87578E+00   7.02199E-16            16   4.99503E-10   3.15742E+00
        1307   1.56840E+02   1.20000E-01   2.18544E-01   3.01879E-04   2.01234E-04   0.00000E+00   2.49389E-02   1.00000E+00   0.00000E+00   3.87578E+00   7.26344E-16            16   4.98330E-10   3.15740E+00
        1308   1.56960E+02   1.20000E-01   2.18544E-01   3.03237E-04   2.04497E-04   0.00000E+00   2.48957E-02   1.00000E+00   0.00000E+00   3.87578E+00   7.49205E-16            16   4.97175E-10   3.15738E+00
        1309   1.57080E+02   1.20000E-01   2.18544E-01   3.04584E-04   2.07748E-04   0.00000E+00   2.48521E-02   1.00000E+00   0.00000E+00   3.87578E+00   7.71088E-16            16   4.96030E-10   3.15737E+00
        1310   1.57200E+02   1.20000E-01   2.18544E-01   3.05921E-04   2.10985E-04   0.00000E+00   2.48079E-02   1.00000E+00   0.00000E+00   3.87578E+00   7.92201E-16            16   4.94887E-10   3.15735E+00
        1311   1.57320E+02   1.20000E-01   2.18544E-01   3.07246E-04   2.14209E-04   0.00000E+00   2.47632E-02   1.00000E+00   0.00000E+00   3.87578E+00   8.12318E-16            16   4.93741E-10   3.15733E+00
        1312   1.57440E+02   1.20000E-01   2.18544E-01   3.08561E-04   2.17420E-04   0.00000E+00   2.47180E-02   1.00000E+00   0.00000E+00   3.87578E+00   8.31018E-16            16   4.92590E-10   3.15731E+00
        1313   1.57560E+02   1.20000E-01   2.18544E-01   3.09866E-04   2.20618E-04   0.00000E+00   2.46723E-02   1.00000E+00   0.00000E+00   3.87578E+00   8.49282E-16            16   4.91433E-10   3.15729E+00
        1314   1.57680E+02   1.20000E-01   2.18544E-01   3.11160E-04   2.23803E-04   0.00000E+00   2.46260E-02   1.00000E+00   0.00000E+00   3.87578E+00   8.66906E-16            16   4.90268E-10   3.15727E+00
        1315   1.57800E+02   1.20000E-01   2.18544E-01   3.12443E-04   2.26974E-04   0.00000E+00   2.45793E-02   1.00000E+00   0.00000E+00   3.87578E+00   8.83700E-16            16   4.89097E-10   3.15725E+00
        1316   1.57920E+02   1.20000E-01   2.18544E-01   3.13715E-04   2.30132E-04   0.00000E+00   2.45320E-02   1.00000E+00   0.00000E+00   3.87578E+00   8.99701E-16            16   4.87919E-10   3.15723E+00
        1317   1.58040E+02   1.20000E-01   2.18544E-01   3.14977E-04   2.33277E-04   0.00000E+00   2.44842E-02   1.00000E+00   0.00000E+00   3.87578E+00   9.14939E-16            16   4.86737E-10   3.15721E+00
        1318   1.58160E+02   1.20000E-01   2.18544E-01   3.16228E-04   2.36408E-04   0.00000E+00   2.44359E-02   1.00000E+00   0.00000E+00   3.87578E+00   9.29774E-16            16   4.85550E-10   3.15719E+00
        1319   1.58280E+02   1.20000E-01   2.18544E-01   3.17468E-04   2.39526E-04   0.00000E+00   2.43871E-02   1.00000E+00   0.00000E+00   3.87578E+00   9.43865E-16            16   4.84361E-10   3.15717E+00
        1320   1.58400E+02   1.20000E-01   2.18544E-01   3.18698E-04   2.42630E-04   0.00000E+00   2.43378E-02   1.00000E+00   0.00000E+00   3.87578E+00   9.57541E-16            16   4.83171E-10   3.15714E+00
        1321   1.58520E+02   1.20000E-01   2.18544E-01   3.19917E-04   2.45721E-04   0.00000E+00   2.42880E-02   1.00000E+00   0.00000E+00   3.87578E+00   9.70774E-16            16   4.81981E-10   3.15712E+00
        1322   1.58640E+02   1.20000E-01   2.18544E-01   3.21125E-04   2.48797E-04   0.00000E+00   2.42377E-02   1.00000E+00   0.00000E+00   3.87578E+00   9.83238E-16            16   4.80791E-10   3.15710E+00
        1323   1.58760E+02   1.20000E-01   2.18544E-01   3.22322E-04   2.51861E-04   0.00000E+00   2.41869E-02   1.00000E+00   0.00000E+00   3.87578E+00   9.95629E-16            16   4.79604E-10   3.15708E+00
        1324   1.58880E+02   1.20000E-01   2.18544E-01   3.23509E-04   2.54910E-04   0.00000E+00   2.41356E-02   1.00000E+00   0.00000E+00   3.87578E+00   1.00715E-15            16   4.78420E-10   3.15705E+00
        1325   1.59000E+02   1.20000E-01   2.18544E-01   3.24685E-04   2.57946E-04   0.00000E+00   2.40838E-02   1.00000E+00   0.00000E+00   3.87578E+00   1.01859E-15            16   4.77239E-10   3.15703E+00
        1326   1.59120E+02   1.20000E-01   2.18544E-01   3.25850E-04   2.60968E-04   0.00000E+00   2.40315E-02   1.00000E+00   0.00000E+00   3.87578E+00   1.02937E-15            16   4.76064E-10   3.15700E+00
        1327   1.59240E+02   1.20000E-01   2.18544E-01   3.27004E-04   2.63976E-04   0.00000E+00   2.39787E-02   1.00000E+00   0.00000E+00   3.87578E+00   1.04010E-15            16   4.74894E-10   3.15698E+00
        1328   1.59360E+02   1.20000E-01   2.18544E-01   3.28148E-04   2.66970E-04   0.00000E+00   2.39255E-02   1.00000E+00   0.00000E+00   3.87578E+00   1.05029E-15            16   4.73730E-10   3.15696E+00
        1329   1.59480E+02   1.20000E-01   2.18544E-01   3.29280E-04   2.69950E-04   0.00000E+00   2.38717E-02   1.00000E+00   0.00000E+00   3.87578E+00   1.06029E-15            16   4.72573E-10   3.15693E+00
        1330   1.59600E+02   1.20000E-01   2.18544E-01   3.30402E-04   2.72916E-04   0.00000E+00   2.38175E-02   1.00000E+00   0.00000E+00   3.87578E+00   1.06949E-15            16   4.71423E-10   3.15691E+00
        1331   1.59720E+02   1.20000E-01   2.18544E-01   3.31513E-04   2.75868E-04   0.00000E+00   2.37628E-02   1.00000E+00   0.00000E+00   3.87578E+00   1.07869E-15            16   4.70281E-10   3.15688E+00
        1332   1.59840E+02   1.20000E-01   2.18544E-01   3.32614E-04   2.78806E-04   0.00000E+00   2.37076E-02   1.00000E+00   0.00000E+00   3.87578E+00   1.08739E-15            16   4.69146E-10   3.15685E+00
        1333   1.59960E+02   1.20000E-01   2.18544E-01   3.33703E-04   2.81730E-04   0.00000E+00   2.36519E-02   1.00000E+00   0.00000E+00   3.87578E+00   1.09599E-15            16   4.68020E-10   3.15683E+00
        1334   1.60080E+02   1.20000E-01   2.18544E-01   3.34782E-04   2.84639E-04   0.00000E+00   2.35958E-02   1.00000E+00   0.00000E+00   3.87578E+00   1.10441E-15            16   4.66902E-10   3.15680E+00
        1335   1.60200E+02   1.20000E-01   2.18544E-01   3.35850E-04   2.87535E-04   0.00000E+00   2.35392E-02   1.00000E+00   0.00000E+00   3.87578E+00   1.11240E-15            16   4.65792E-10   3.15677E+00
        1336   1.60320E+02   1.20000E-01   2.18544E-01   3.36907E-04   2.90416E-04   0.00000E+00   2.34821E-02   1.00000E+00   0.00000E+00   3.87578E+00   1.12043E-15            16   4.64692E-10   3.15675E+00
        1337   1.60440E+02   1.20000E-01   2.18544E-01   3.37953E-04   2.93282E-04   0.00000E+00   2.34246E-02   1.00000E+00   0.00000E+00   3.87578E+00   1.12756E-15            16   4.63600E-10   3.15672E+00
        1338   1.60560E+02   1.20000E-01   2.18544E-01   3.38989E-04   2.96135E-04   0.00000E+00   2.33666E-02   1.00000E+00   0.00000E+00   3.87578E+00   1.13474E-15            16   4.62517E-10   3.15669E+00
        1339   1.60680E+02   1.20000E-01   2.18544E-01   3.40013E-04   2.98973E-04   0.00000E+00   2.33081E-02   1.00000E+00   0.00000E+00   3.87578E+00   1.14184E-15            16   4.61443E-10   3.15666E+00
        1340   1.60800E+02   1.20000E-01   2.18544E-01   3.41027E-04   3.01796E-04   0.00000E+00   2.32492E-02   1.00000E+00   0.00000E+00   3.87578E+00   1.14848E-15            16   4.60378E-10   3.15663E+00
        1341   1.60920E+02   1.20000E-01   2.18544E-01   3.42030E-04   3.04605E-04   0.00000E+00   2.31898E-02   1.00000E+00   0.00000E+00   3.87578E+00   1.15484E-15            16   4.59322E-10   3.15660E+00
        1342   1.61040E+02   1.20000E-01   2.18544E-01   3.43022E-04   3.07399E-04   0.00000E+00   2.31300E-02   1.00000E+00   0.00000E+00   3.87578E+00   1.16089E-15            16   4.58275E-10   3.15657E+00
        1343   1.61160E+02   1.20000E-01   2.18544E-01   3.44004E-04   3.10179E-04   0.00000E+00   2.30697E-02   1.00000E+00   0.00000E+00   3.87578E+00   1.16714E-15            16   4.57237E-10   3.15654E+00
        1344   1.61280E+02   1.20000E-01   2.18544E-01   3.44974E-04   3.12945E-04   0.00000E+00   2.30089E-02   1.00000E+00   0.00000E+00   3.87578E+00   1.17273E-15            16   4.56208E-10   3.15651E+00
        1345   1.61400E+02   1.20000E-01   2.18544E-01   3.45934E-04   3.15695E-04   0.00000E+00   2.29477E-02   1.00000E+00   0.00000E+00   3.87578E+00   1.17816E-15            16   4.55188E-10   3.15648E+00
        1346   1.61520E+02   1.20000E-01   2.18544E-01   3.46882E-04   3.18431E-04   0.00000E+00   2.28861E-02   1.00000E+00   0.00000E+00   3.87578E+00   1.18350E-15            16   4.54177E-10   3.15645E+00
        1347   1.61640E+02   1.20000E-01   2.18544E-01   3.47820E-04   3.21152E-04   0.00000E+00   2.28240E-02   1.00000E+00   0.00000E+00   3.87578E+00   1.18893E-15            16   4.53174E-10   3.15642E+00
        1348   1.61760E+02   1.20000E-01   2.18544E-01   3.48747E-04   3.23859E-04   0.00000E+00   2.27615E-02   1.00000E+00   0.00000E+00   3.87578E+00   1.19351E-15            16   4.52189E-10   3.15639E+00
        1349   1.61880E+02   1.20000E-01   2.18544E-01   3.49664E-04   3.26550E-04   0.00000E+00   2.26986E-02   1.00000E+00   0.00000E+00   3.87578E+00   1.19850E-15            16   4.51184E-10   3.15636E+00
        1350   1.62000E+02   1.20000E-01   2.18544E-01   3.50569E-04   3.29227E-04   0.00000E+00   2.26352E-02   1.00000E+00   0.00000E+00   3.87578E+00   1.20181E-15            16   4.50233E-10   3.15633E+00
        1351   1.62120E+02   1.20000E-01   2.18544E-01   3.51464E-04   3.31889E-04   0.00000E+00   2.25713E-02   1.00000E+00   0.00000E+00   3.87578E+00   1.20689E-15            16   4.49253E-10   3.15630E+00
        1352   1.62240E+02   1.20000E-01   2.18544E-01   3.52347E-04   3.34536E-04   0.00000E+00   2.25071E-02   1.00000E+00   0.00000E+00   3.87578E+00   1.21006E-15            16   4.48311E-10   3.15626E+00
        1353   1.62360E+02   1.20000E-01   2.18544E-01   3.53220E-04   3.37168E-04   0.00000E+00   2.24424E-02   1.00000E+00   0.00000E+00   3.87578E+00   1.21455E-15            16   4.47352E-10   3.15623E+00
        1354   1.62480E+02   1.20000E-01   2.18544E-01   3.54082E-04   3.39785E-04   0.00000E+00   2.23773E-02   1.00000E+00   0.00000E+00   3.87578E+00   1.21796E-15            16   4.46395E-10   3.15620E+00
        1355   1.62600E+02   1.20000E-01   2.18544E-01   3.54934E-04   3.42387E-04   0.00000E+00   2.23117E-02   1.00000E+00   0.00000E+00   3.87578E+00   1.22098E-15            16   4.45447E-10   3.15616E+00
        1356   1.62720E+02   1.20000E-01   2.18544E-01   3.55774E-04   3.44975E-04   0.00000E+00   2.22458E-02   1.00000E+00   0.00000E+00   3.87578E+00   1.22431E-15            16   4.44529E-10   3.15613E+00
        1357   1.62840E+02   1.20000E-01   2.18544E-01   3.56604E-04   3.47547E-04   0.00000E+00   2.21794E-02   1.00000E+00   0.00000E+00   3.87578E+00   1.22694E-15            16   4.43618E-10   3.15610E+00
        1358   1.62960E+02   1.20000E-01   2.18544E-01   3.57422E-04   3.50103E-04   0.00000E+00   2.21126E-02   1.00000E+00   0.00000E+00   3.87578E+00   1.22987E-15            16   4.42712E-10   3.15606E+00
        1359   1.63080E+02   1.20000E-01   2.18544E-01   3.58230E-04   3.52645E-04   0.00000E+00   2.20454E-02   1.00000E+00   0.00000E+00   3.87578E+00   1.23268E-15            16   4.41826E-10   3.15603E+00
        1360   1.63200E+02   1.20000E-01   2.18544E-01   3.59027E-04   3.55172E-04   0.00000E+00   2.19778E-02   1.00000E+00   0.00000E+00   3.87578E+00   1.24042E-15            16   4.40848E-10   3.15599E+00
        1361   1.63320E+02   1.20000E-01   2.18544E-01   3.59814E-04   3.57683E-04   0.00000E+00   2.19098E-02   1.00000E+00   0.00000E+00   3.87578E+00   1.24884E-15            16   4.40159E-10   3.15596E+00
        1362   1.63440E+02   1.20000E-01   2.18544E-01   3.60589E-04   3.60180E-04   0.00000E+00   2.18413E-02   1.00000E+00   0.00000E+00   3.87578E+00   1.25700E-15            16   4.39111E-10   3.15592E+00
        1363   1.63560E+02   1.20000E-01   2.18544E-01   3.61354E-04   3.62660E-04   0.00000E+00   2.17725E-02   1.00000E+00   0.00000E+00   3.87578E+00   1.26550E-15            16   4.38352E-10   3.15589E+00
        1364   1.63680E+02   1.20000E-01   2.18544E-01   3.62108E-04   3.65126E-04   0.00000E+00   2.17033E-02   1.00000E+00   0.00000E+00   3.87578E+00   1.27299E-15            16   4.37496E-10   3.15585E+00
        1365   1.63800E+02   1.20000E-01   2.18544E-01   3.62851E-04   3.67576E-04   0.00000E+00   2.16336E-02   1.00000E+00   0.00000E+00   3.87578E+00   1.28094E-15            16   4.36652E-10   3.15581E+00
        1366   1.63920E+02   1.20000E-01   2.18544E-01   3.63583E-04   3.70012E-04   0.00000E+00   2.15636E-02   1.00000E+00   0.00000E+00   3.87578E+00   1.28869E-15            16   4.35811E-10   3.15578E+00
        1367   1.64040E+02   1.20000E-01   2.18544E-01   3.64304E-04   3.72431E-04   0.00000E+00   2.14932E-02   1.00000E+00   0.00000E+00   3.87578E+00   1.29640E-15            16   4.34977E-10   3.15574E+00
        1368   1.64160E+02   1.20000E-01   2.18544E-01   3.65015E-04   3.74835E-04   0.00000E+00   2.14223E-02   1.00000E+00   0.00000E+00   3.87578E+00   1.30465E-15            16   4.34146E-10   3.15570E+00
        1369   1.64280E+02   1.20000E-01   2.18544E-01   3.65715E-04   3.77224E-04   0.00000E+00   2.13511E-02   1.00000E+00   0.00000E+00   3.87578E+00   1.31220E-15            16   4.33322E-10   3.15566E+00
        1370   1.64400E+02   1.20000E-01   2.18544E-01   3.66404E-04   3.79598E-04   0.00000E+00   2.12795E-02   1.00000E+00   0.00000E+00   3.87578E+00   1.32037E-15            16   4.32502E-10   3.15563E+00
        1371   1.64520E+02   1.20000E-01   2.18544E-01   3.67082E-04   3.81956E-04   0.00000E+00   2.12075E-02   1.00000E+00   0.00000E+00   3.87578E+00   1.32800E-15            16   4.31688E-10   3.15559E+00
        1372   1.64640E+02   1.20000E-01   2.18544E-01   3.67750E-04   3.84298E-04   0.00000E+00   2.11352E-02   1.00000E+00   0.00000E+00   3.87578E+00   1.33602E-15            16   4.30880E-10   3.15555E+00
        1373   1.64760E+02   1.20000E-01   2.18544E-01   3.68407E-04   3.86625E-04   0.00000E+00   2.10624E-02   1.00000E+00   0.00000E+00   3.87578E+00   1.34365E-15            16   4.30077E-10   3.15551E+00
        1374   1.64880E+02   1.20000E-01   2.18544E-01   3.69053E-04   3.88936E-04   0.00000E+00   2.09893E-02   1.00000E+00   0.00000E+00   3.87578E+00   1.35147E-15            16   4.29280E-10   3.15547E+00
        1375   1.65000E+02   1.20000E-01   2.18544E-01   3.69688E-04   3.91232E-04   0.00000E+00   2.09158E-02   1.00000E+00   0.00000E+00   3.87578E+00   1.35920E-15            16   4.28489E-10   3.15543E+00
        1376   1.65120E+02   1.20000E-01   2.18544E-01   3.70313E-04   3.93512E-04   0.00000E+00   2.08420E-02   1.00000E+00   0.00000E+00   3.87578E+00   1.36705E-15            16   4.27719E-10   3.15539E+00
        1377   1.65240E+02   1.20000E-01   2.18544E-01   3.70926E-04   3.95777E-04   0.00000E+00   2.07677E-02   1.00000E+00   0.00000E+00   3.87578E+00   1.37419E-15            16   4.26961E-10   3.15535E+00
        1378   1.65360E+02   1.20000E-01   2.18544E-01   3.71529E-04   3.98026E-04   0.00000E+00   2.06931E-02   1.00000E+00   0.00000E+00   3.87578E+00   1.38172E-15            16   4.26183E-10   3.15531E+00
        1379   1.65480E+02   1.20000E-01   2.18544E-01   3.72122E-04   4.00259E-04   0.00000E+00   2.06182E-02   1.00000E+00   0.00000E+00   3.87578E+00   1.38872E-15            16   4.25411E-10   3.15527E+00
        1380   1.65600E+02   1.20000E-01   2.18544E-01   3.72704E-04   4.02477E-04   0.00000E+00   2.05428E-02   1.00000E+00   0.00000E+00   3.87578E+00   1.39618E-15            16   4.24645E-10   3.15523E+00
        1381   1.65720E+02   1.20000E-01   2.18544E-01   3.73274E-04   4.04679E-04   0.00000E+00   2.04671E-02   1.00000E+00   0.00000E+00   3.87578E+00   1.40343E-15            16   4.23884E-10   3.15519E+00
        1382   1.65840E+02   1.20000E-01   2.18544E-01   3.73835E-04   4.06865E-04   0.00000E+00   2.03911E-02   1.00000E+00   0.00000E+00   3.87578E+00   1.41031E-15            16   4.23129E-10   3.15515E+00
        1383   1.65960E+02   1.20000E-01   2.18544E-01   3.74384E-04   4.09035E-04   0.00000E+00   2.03147E-02   1.00000E+00   0.00000E+00   3.87578E+00   1.41732E-15            16   4.22380E-10   3.15511E+00
        1384   1.66080E+02   1.20000E-01   2.18544E-01   3.74923E-04   4.11190E-04   0.00000E+00   2.02380E-02   1.00000E+00   0.00000E+00   3.87578E+00   1.42405E-15            16   4.21636E-10   3.15507E+00
        1385   1.66200E+02   1.20000E-01   2.18544E-01   3.75452E-04   4.13329E-04   0.00000E+00   2.01609E-02   1.00000E+00   0.00000E+00   3.87578E+00   1.43052E-15            16   4.20898E-10   3.15503E+00
        1386   1.66320E+02   1.20000E-01   2.18544E-01   3.75969E-04   4.15452E-04   0.00000E+00   2.00834E-02   1.00000E+00   0.00000E+00   3.87578E+00   1.43716E-15            16   4.20166E-10   3.15498E+00
        1387   1.66440E+02   1.20000E-01   2.18544E-01   3.76476E-04   4.17560E-04   0.00000E+00   2.00056E-02   1.00000E+00   0.00000E+00   3.87578E+00   1.44370E-15            16   4.19439E-10   3.15494E+00
        1388   1.66560E+02   1.20000E-01   2.18544E-01   3.76973E-04   4.19651E-04   0.00000E+00   1.99275E-02   1.00000E+00   0.00000E+00   3.87578E+00   1.44970E-15            16   4.18718E-10   3.15490E+00
        1389   1.66680E+02   1.20000E-01   2.18544E-01   3.77458E-04   4.21727E-04   0.00000E+00   1.98490E-02   1.00000E+00   0.00000E+00   3.87578E+00   1.45625E-15            16   4.18002E-10   3.15486E+00
        1390   1.66800E+02   1.20000E-01   2.18544E-01   3.77934E-04   4.23787E-04   0.00000E+00   1.97702E-02   1.00000E+00   0.00000E+00   3.87578E+00   1.46267E-15            16   4.17292E-10   3.15481E+00
        1391   1.66920E+02   1.20000E-01   2.18544E-01   3.78398E-04   4.25830E-04   0.00000E+00   1.96911E-02   1.00000E+00   0.00000E+00   3.87578E+00   1.46811E-15            16   4.16587E-10   3.15477E+00
        1392   1.67040E+02   1.20000E-01   2.18544E-01   3.78852E-04   4.27859E-04   0.00000E+00   1.96116E-02   1.00000E+00   0.00000E+00   3.87578E+00   1.47433E-15            16   4.15888E-10   3.15473E+00
        1393   1.67160E+02   1.20000E-01   2.18544E-01   3.79296E-04   4.29871E-04   0.00000E+00   1.95318E-02   1.00000E+00   0.00000E+00   3.87578E+00   1.48012E-15            16   4.15194E-10   3.15468E+00
        1394   1.67280E+02   1.20000E-01   2.18544E-01   3.79728E-04   4.31867E-04   0.00000E+00   1.94517E-02   1.00000E+00   0.00000E+00   3.87578E+00   1.48547E-15            16   4.14505E-10   3.15464E+00
        1395   1.67400E+02   1.20000E-01   2.18544E-01   3.80151E-04   4.33847E-04   0.00000E+00   1.93713E-02   1.00000E+00   0.00000E+00   3.87578E+00   1.49110E-15            16   4.13821E-10   3.15459E+00
        1396   1.67520E+02   1.20000E-01   2.18544E-01   3.80563E-04   4.35811E-04   0.00000E+00   1.92905E-02   1.00000E+00   0.00000E+00   3.87578E+00   1.49684E-15            16   4.13143E-10   3.15455E+00
        1397   1.67640E+02   1.20000E-01   2.18544E-01   3.80964E-04   4.37760E-04   0.00000E+00   1.92094E-02   1.00000E+00   0.00000E+00   3.87578E+00   1.50206E-15            16   4.12470E-10   3.15451E+00
        1398   1.67760E+02   1.20000E-01   2.18544E-01   3.81355E-04   4.39692E-04   0.00000E+00   1.91280E-02   1.00000E+00   0.00000E+00   3.87578E+00   1.50704E-15            16   4.11801E-10   3.15446E+00
        1399   1.67880E+02   1.20000E-01   2.18544E-01   3.81735E-04   4.41608E-04   0.00000E+00   1.90463E-02   1.00000E+00   0.00000E+00   3.87578E+00   1.51235E-15            16   4.11137E-10   3.15442E+00
        1400   1.68000E+02   1.20000E-01   2.18544E-01   3.82105E-04   4.43509E-04   0.00000E+00   1.89643E-02   1.00000E+00   0.00000E+00   3.87578E+00   1.51694E-15            16   4.10479E-10   3.15437E+00
        1401   1.68120E+02   1.20000E-01   2.18544E-01   3.82464E-04   4.45393E-04   0.00000E+00   1.88820E-02   1.00000E+00   0.00000E+00   3.87578E+00   1.52220E-15            16   4.09825E-10   3.15432E+00
        1402   1.68240E+02   1.20000E-01   2.18544E-01   3.82813E-04   4.47262E-04   0.00000E+00   1.87993E-02   1.00000E+00   0.00000E+00   3.87578E+00   1.52695E-15            16   4.09176E-10   3.15428E+00
        1403   1.68360E+02   1.20000E-01   2.18544E-01   3.83151E-04   4.49114E-04   0.00000E+00   1.87164E-02   1.00000E+00   0.00000E+00   3.87578E+00   1.53128E-15            16   4.08531E-10   3.15423E+00
        1404   1.68480E+02   1.20000E-01   2.18544E-01   3.83479E-04   4.50950E-04   0.00000E+00   1.86332E-02   1.00000E+00   0.00000E+00   3.87578E+00   1.53588E-15            16   4.07891E-10   3.15419E+00
        1405   1.68600E+02   1.20000E-01   2.18544E-01   3.83797E-04   4.52770E-04   0.00000E+00   1.85497E-02   1.00000E+00   0.00000E+00   3.87578E+00   1.54062E-15            16   4.07255E-10   3.15414E+00
        1406   1.68720E+02   1.20000E-01   2.18544E-01   3.84104E-04   4.54574E-04   0.00000E+00   1.84658E-02   1.00000E+00   0.00000E+00   3.87578E+00   1.54457E-15            16   4.06624E-10   3.15409E+00
        1407   1.68840E+02   1.20000E-01   2.18544E-01   3.84400E-04   4.56362E-04   0.00000E+00   1.83818E-02   1.00000E+00   0.00000E+00   3.87578E+00   1.60926E-15            16   4.19106E-10   3.15405E+00
        1408   1.68960E+02   1.20000E-01   2.18544E-01   3.84687E-04   4.58134E-04   0.00000E+00   1.82974E-02   1.00000E+00   0.00000E+00   3.87578E+00   1.49919E-15            16   3.91214E-10   3.15400E+00
        1409   1.69080E+02   1.20000E-01   2.18544E-01   3.84963E-04   4.59890E-04   0.00000E+00   1.82127E-02   1.00000E+00   0.00000E+00   3.87578E+00   1.55133E-15            16   4.04990E-10   3.15395E+00
        1410   1.69200E+02   1.20000E-01   2.18544E-01   3.85228E-04   4.61630E-04   0.00000E+00   1.81277E-02   1.00000E+00   0.00000E+00   3.87578E+00   1.55613E-15            16   4.04089E-10   3.15390E+00
        1411   1.69320E+02   1.20000E-01   2.18544E-01   3.85484E-04   4.63353E-04   0.00000E+00   1.80425E-02   1.00000E+00   0.00000E+00   3.87578E+00   1.56208E-15            16   4.03488E-10   3.15385E+00
        1412   1.69440E+02   1.20000E-01   2.18544E-01   3.85729E-04   4.65061E-04   0.00000E+00   1.79569E-02   1.00000E+00   0.00000E+00   3.87578E+00   1.56601E-15            16   4.02877E-10   3.15381E+00
        1413   1.69560E+02   1.20000E-01   2.18544E-01   3.85964E-04   4.66752E-04   0.00000E+00   1.78711E-02   1.00000E+00   0.00000E+00   3.87578E+00   1.57017E-15            16   4.02264E-10   3.15376E+00
        1414   1.69680E+02   1.20000E-01   2.18544E-01   3.86188E-04   4.68428E-04   0.00000E+00   1.77850E-02   1.00000E+00   0.00000E+00   3.87578E+00   1.57435E-15            16   4.01658E-10   3.15371E+00
        1415   1.69800E+02   1.20000E-01   2.18544E-01   3.86402E-04   4.70087E-04   0.00000E+00   1.76987E-02   1.00000E+00   0.00000E+00   3.87578E+00   1.57842E-15            16   4.01058E-10   3.15366E+00
        1416   1.69920E+02   1.20000E-01   2.18544E-01   3.86606E-04   4.71730E-04   0.00000E+00   1.76121E-02   1.00000E+00   0.00000E+00   3.87578E+00   1.58246E-15            16   4.00465E-10   3.15361E+00
        1417   1.70040E+02   1.20000E-01   2.18544E-01   3.86800E-04   4.73357E-04   0.00000E+00   1.75252E-02   1.00000E+00   0.00000E+00   3.87578E+00   1.58630E-15            16   3.99875E-10   3.15356E+00
        1418   1.70160E+02   1.20000E-01   2.18544E-01   3.86983E-04   4.74967E-04   0.00000E+00   1.74380E-02   1.00000E+00   0.00000E+00   3.87578E+00   1.59012E-15            16   3.99289E-10   3.15351E+00
        1419   1.70280E+02   1.20000E-01   2.18544E-01   3.87157E-04   4.76562E-04   0.00000E+00   1.73506E-02   1.00000E+00   0.00000E+00   3.87578E+00   1.59355E-15            16   3.98707E-10   3.15346E+00
        1420   1.70400E+02   1.20000E-01   2.18544E-01   3.87320E-04   4.78140E-04   0.00000E+00   1.72630E-02   1.00000E+00   0.00000E+00   3.87578E+00   1.59743E-15            16   3.98128E-10   3.15341E+00
        1421   1.70520E+02   1.20000E-01   2.18544E-01   3.87473E-04   4.79703E-04   0.00000E+00   1.71750E-02   1.00000E+00   0.00000E+00   3.87578E+00   1.60052E-15            16   3.97554E-10   3.15336E+00
        1422   1.70640E+02   1.20000E-01   2.18544E-01   3.87616E-04   4.81249E-04   0.00000E+00   1.70869E-02   1.00000E+00   0.00000E+00   3.87578E+00   1.60435E-15            16   3.96983E-10   3.15331E+00
        1423   1.70760E+02   1.20000E-01   2.18544E-01   3.87748E-04   4.82779E-04   0.00000E+00   1.69985E-02   1.00000E+00   0.00000E+00   3.87578E+00   1.60772E-15            16   3.96416E-10   3.15326E+00
        1424   1.70880E+02   1.20000E-01   2.18544E-01   3.87871E-04   4.84293E-04   0.00000E+00   1.69098E-02   1.00000E+00   0.00000E+00   3.87578E+00   1.61085E-15            16   3.95858E-10   3.15321E+00
        1425   1.71000E+02   1.20000E-01   2.18544E-01   3.87984E-04   4.85790E-04   0.00000E+00   1.68209E-02   1.00000E+00   0.00000E+00   3.87578E+00   1.61403E-15            16   3.95292E-10   3.15316E+00
        1426   1.71120E+02   1.20000E-01   2.18544E-01   3.88086E-04   4.87272E-04   0.00000E+00   1.67317E-02   1.00000E+00   0.00000E+00   3.87578E+00   1.61705E-15            16   3.94740E-10   3.15311E+00
        1427   1.71240E+02   1.20000E-01   2.18544E-01   3.88179E-04   4.88737E-04   0.00000E+00   1.66424E-02   1.00000E+00   0.00000E+00   3.87578E+00   1.61960E-15            16   3.94189E-10   3.15306E+00
        1428   1.71360E+02   1.20000E-01   2.18544E-01   3.88261E-04   4.90186E-04   0.00000E+00   1.65527E-02   1.00000E+00   0.00000E+00   3.87578E+00   1.62242E-15            16   3.93644E-10   3.15301E+00
        1429   1.71480E+02   1.20000E-01   2.18544E-01   3.88333E-04   4.91619E-04   0.00000E+00   1.64629E-02   1.00000E+00   0.00000E+00   3.87578E+00   1.62525E-15            16   3.93101E-10   3.15296E+00
        1430   1.71600E+02   1.20000E-01   2.18544E-01   3.88396E-04   4.93036E-04   0.00000E+00   1.63728E-02   1.00000E+00   0.00000E+00   3.87578E+00   1.62745E-15            16   3.92562E-10   3.15291E+00
        1431   1.71720E+02   1.20000E-01   2.18544E-01   3.88448E-04   4.94437E-04   0.00000E+00   1.62825E-02   1.00000E+00   0.00000E+00   3.87578E+00   1.63005E-15            16   3.92024E-10   3.15285E+00
        1432   1.71840E+02   1.20000E-01   2.18544E-01   3.88491E-04   4.95821E-04   0.00000E+00   1.61919E-02   1.00000E+00   0.00000E+00   3.87578E+00   1.63261E-15            16   3.91462E-10   3.15280E+00
        1433   1.71960E+02   1.20000E-01   2.18544E-01   3.88524E-04   4.97190E-04   0.00000E+00   1.61012E-02   1.00000E+00   0.00000E+00   3.87578E+00   1.63384E-15            16   3.90609E-10   3.15275E+00
        1434   1.72080E+02   1.20000E-01   2.18544E-01   3.88546E-04   4.98542E-04   0.00000E+00   1.60102E-02   1.00000E+00   0.00000E+00   3.87578E+00   1.65286E-15            16   3.94119E-10   3.15270E+00
        1435   1.72200E+02   1.20000E-01   2.18544E-01   3.88559E-04   4.99878E-04   0.00000E+00   1.59190E-02   1.00000E+00   0.00000E+00   3.87578E+00   1.61424E-15            16   3.84140E-10   3.15264E+00
        1436   1.72320E+02   1.20000E-01   2.18544E-01   3.88562E-04   5.01198E-04   0.00000E+00   1.58276E-02   1.00000E+00   0.00000E+00   3.87578E+00   1.64785E-15            16   3.90717E-10   3.15259E+00
        1437   1.72440E+02   1.20000E-01   2.18544E-01   3.88555E-04   5.02502E-04   0.00000E+00   1.57360E-02   1.00000E+00   0.00000E+00   3.87578E+00   1.64335E-15            16   3.88626E-10   3.15254E+00
        1438   1.72560E+02   1.20000E-01   2.18544E-01   3.88891E-04   5.03790E-04   0.00000E+00   1.56442E-02   1.00000E+00   0.00000E+00   3.87578E+00   1.65133E-15            16   3.89922E-10   3.15249E+00
        1439   1.72680E+02   1.20000E-01   2.18544E-01   3.89261E-04   5.05062E-04   0.00000E+00   1.55521E-02   1.00000E+00   0.00000E+00   3.87578E+00   1.64579E-15            16   3.87650E-10   3.15243E+00
        1440   1.72800E+02   1.20000E-01   2.18544E-01   3.89620E-04   5.06317E-04   0.00000E+00   1.54599E-02   1.00000E+00   0.00000E+00   3.87578E+00   1.64768E-15            16   3.87141E-10   3.15238E+00
        1441   1.72920E+02   1.20000E-01   2.18544E-01   3.89969E-04   5.07557E-04   0.00000E+00   1.53674E-02   1.00000E+00   0.00000E+00   3.87578E+00   1.64973E-15            16   3.86637E-10   3.15233E+00
        1442   1.73040E+02   1.20000E-01   2.18544E-01   3.90306E-04   5.08780E-04   0.00000E+00   1.52748E-02   1.00000E+00   0.00000E+00   3.87578E+00   1.65221E-15            16   3.86130E-10   3.15227E+00
        1443   1.73160E+02   1.20000E-01   2.18544E-01   3.90633E-04   5.09987E-04   0.00000E+00   1.51820E-02   1.00000E+00   0.00000E+00   3.87578E+00   1.65427E-15            16   3.85623E-10   3.15222E+00
        1444   1.73280E+02   1.20000E-01   2.18544E-01   3.90949E-04   5.11178E-04   0.00000E+00   1.50889E-02   1.00000E+00   0.00000E+00   3.87578E+00   1.65645E-15            16   3.85117E-10   3.15216E+00
        1445   1.73400E+02   1.20000E-01   2.18544E-01   3.91255E-04   5.12353E-04   0.00000E+00   1.49957E-02   1.00000E+00   0.00000E+00   3.87578E+00   1.65783E-15            16   3.84612E-10   3.15211E+00
        1446   1.73520E+02   1.20000E-01   2.18544E-01   3.91550E-04   5.13513E-04   0.00000E+00   1.49023E-02   1.00000E+00   0.00000E+00   3.87578E+00   1.65987E-15            16   3.84109E-10   3.15206E+00
        1447   1.73640E+02   1.20000E-01   2.18544E-01   3.91834E-04   5.14655E-04   0.00000E+00   1.48087E-02   1.00000E+00   0.00000E+00   3.87578E+00   1.66158E-15            16   3.83608E-10   3.15200E+00
        1448   1.73760E+02   1.20000E-01   2.18544E-01   3.92107E-04   5.15782E-04   0.00000E+00   1.47149E-02   1.00000E+00   0.00000E+00   3.87578E+00   1.66335E-15            16   3.83109E-10   3.15195E+00
        1449   1.73880E+02   1.20000E-01   2.18544E-01   3.92370E-04   5.16893E-04   0.00000E+00   1.46210E-02   1.00000E+00   0.00000E+00   3.87578E+00   1.66476E-15            16   3.82612E-10   3.15189E+00
        1450   1.74000E+02   1.20000E-01   2.18544E-01   3.92622E-04   5.17988E-04   0.00000E+00   1.45269E-02   1.00000E+00   0.00000E+00   3.87578E+00   1.66599E-15            16   3.82117E-10   3.15184E+00
        1451   1.74120E+02   1.20000E-01   2.18544E-01   3.92864E-04   5.19067E-04   0.00000E+00   1.44326E-02   1.00000E+00   0.00000E+00   3.87578E+00   1.66752E-15            16   3.81623E-10   3.15178E+00
        1452   1.74240E+02   1.20000E-01   2.18544E-01   3.93095E-04   5.20130E-04   0.00000E+00   1.43381E-02   1.00000E+00   0.00000E+00   3.87578E+00   1.66860E-15            16   3.81132E-10   3.15173E+00
        1453   1.74360E+02   1.20000E-01   2.18544E-01   3.93316E-04   5.21177E-04   0.00000E+00   1.42434E-02   1.00000E+00   0.00000E+00   3.87578E+00   1.66972E-15            16   3.80642E-10   3.15167E+00
        1454   1.74480E+02   1.20000E-01   2.18544E-01   3.93526E-04   5.22208E-04   0.00000E+00   1.41487E-02   1.00000E+00   0.00000E+00   3.87578E+00   1.67490E-15            16   3.81340E-10   3.15162E+00
        1455   1.74600E+02   1.20000E-01   2.18544E-01   3.93725E-04   5.23222E-04   0.00000E+00   1.40537E-02   1.00000E+00   0.00000E+00   3.87578E+00   1.67926E-15            16   3.79611E-10   3.15156E+00
        1456   1.74720E+02   1.20000E-01   2.18544E-01   3.93914E-04   5.24221E-04   0.00000E+00   1.39586E-02   1.00000E+00   0.00000E+00   3.87578E+00   1.67714E-15            16   3.79125E-10   3.15150E+00
        1457   1.74840E+02   1.20000E-01   2.18544E-01   3.94092E-04   5.25204E-04   0.00000E+00   1.38633E-02   1.00000E+00   0.00000E+00   3.87578E+00   1.67625E-15            16   3.78660E-10   3.15145E+00
        1458   1.74960E+02   1.20000E-01   2.18544E-01   3.94260E-04   5.26171E-04   0.00000E+00   1.37679E-02   1.00000E+00   0.00000E+00   3.87578E+00   1.67615E-15            16   3.78186E-10   3.15139E+00
        1459   1.75080E+02   1.20000E-01   2.18544E-01   3.94418E-04   5.27123E-04   0.00000E+00   1.36723E-02   1.00000E+00   0.00000E+00   3.87578E+00   1.67671E-15            16   3.77715E-10   3.15134E+00
        1460   1.75200E+02   1.20000E-01   2.18544E-01   3.94565E-04   5.28058E-04   0.00000E+00   1.35765E-02   1.00000E+00   0.00000E+00   3.87578E+00   1.67728E-15            16   3.77246E-10   3.15128E+00
        1461   1.75320E+02   1.20000E-01   2.18544E-01   3.94702E-04   5.28977E-04   0.00000E+00   1.34806E-02   1.00000E+00   0.00000E+00   3.87578E+00   1.67763E-15            16   3.76778E-10   3.15122E+00
        1462   1.75440E+02   1.20000E-01   2.18544E-01   3.94828E-04   5.29881E-04   0.00000E+00   1.33846E-02   1.00000E+00   0.00000E+00   3.87578E+00   1.67729E-15            16   3.76311E-10   3.15117E+00
        1463   1.75560E+02   1.20000E-01   2.18544E-01   3.94944E-04   5.30768E-04   0.00000E+00   1.32884E-02   1.00000E+00   0.00000E+00   3.87578E+00   1.67793E-15            16   3.75844E-10   3.15111E+00
        1464   1.75680E+02   1.20000E-01   2.18544E-01   3.95049E-04   5.31640E-04   0.00000E+00   1.31921E-02   1.00000E+00   0.00000E+00   3.87578E+00   1.67849E-15            16   3.75379E-10   3.15105E+00
        1465   1.75800E+02   1.20000E-01   2.18544E-01   3.95144E-04   5.32496E-04   0.00000E+00   1.30957E-02   1.00000E+00   0.00000E+00   3.87578E+00   1.67799E-15            16   3.74915E-10   3.15100E+00
        1466   1.75920E+02   1.20000E-01   2.18544E-01   3.95229E-04   5.33336E-04   0.00000E+00   1.29991E-02   1.00000E+00   0.00000E+00   3.87578E+00   1.67819E-15            16   3.74452E-10   3.15094E+00
        1467   1.76040E+02   1.20000E-01   2.18544E-01   3.95304E-04   5.34160E-04   0.00000E+00   1.29024E-02   1.00000E+00   0.00000E+00   3.87578E+00   1.67867E-15            16   3.73990E-10   3.15088E+00
        1468   1.76160E+02   1.20000E-01   2.18544E-01   3.95368E-04   5.34969E-04   0.00000E+00   1.28055E-02   1.00000E+00   0.00000E+00   3.87578E+00   1.67870E-15            16   3.73530E-10   3.15083E+00
        1469   1.76280E+02   1.20000E-01   2.18544E-01   3.95422E-04   5.35762E-04   0.00000E+00   1.27085E-02   1.00000E+00   0.00000E+00   3.87578E+00   1.67837E-15            16   3.73066E-10   3.15077E+00
        1470   1.76400E+02   1.20000E-01   2.18544E-01   3.95466E-04   5.36539E-04   0.00000E+00   1.26115E-02   1.00000E+00   0.00000E+00   3.87578E+00   1.67890E-15            16   3.72608E-10   3.15071E+00
        1471   1.76520E+02   1.20000E-01   2.18544E-01   3.95499E-04   5.37300E-04   0.00000E+00   1.25142E-02   1.00000E+00   0.00000E+00   3.87578E+00   1.67705E-15            16   3.72157E-10   3.15065E+00
        1472   1.76640E+02   1.20000E-01   2.18544E-01   3.95523E-04   5.38046E-04   0.00000E+00   1.24169E-02   1.00000E+00   0.00000E+00   3.87578E+00   1.68054E-15            16   3.71706E-10   3.15059E+00
        1473   1.76760E+02   1.20000E-01   2.18544E-01   3.95536E-04   5.38776E-04   0.00000E+00   1.23195E-02   1.00000E+00   0.00000E+00   3.87578E+00   1.67752E-15            16   3.71256E-10   3.15054E+00
        1474   1.76880E+02   1.20000E-01   2.18544E-01   3.95539E-04   5.39490E-04   0.00000E+00   1.22219E-02   1.00000E+00   0.00000E+00   3.87578E+00   1.68042E-15            16   3.70809E-10   3.15048E+00
        1475   1.77000E+02   1.20000E-01   2.18544E-01   3.95532E-04   5.40188E-04   0.00000E+00   1.21242E-02   1.00000E+00   0.00000E+00   3.87578E+00   1.67670E-15            16   3.70359E-10   3.15042E+00
        1476   1.77120E+02   1.20000E-01   2.18544E-01   3.95515E-04   5.40871E-04   0.00000E+00   1.20265E-02   1.00000E+00   0.00000E+00   3.87578E+00   1.67923E-15            16   3.69914E-10   3.15036E+00
        1477   1.77240E+02   1.20000E-01   2.18544E-01   3.95488E-04   5.41539E-04   0.00000E+00   1.19286E-02   1.00000E+00   0.00000E+00   3.87578E+00   1.67581E-15            16   3.69466E-10   3.15030E+00
        1478   1.77360E+02   1.20000E-01   2.18544E-01   3.95450E-04   5.42190E-04   0.00000E+00   1.18306E-02   1.00000E+00   0.00000E+00   3.87578E+00   1.67802E-15            16   3.69023E-10   3.15025E+00
        1479   1.77480E+02   1.20000E-01   2.18544E-01   3.95403E-04   5.42827E-04   0.00000E+00   1.17325E-02   1.00000E+00   0.00000E+00   3.87578E+00   1.67539E-15            16   3.68579E-10   3.15019E+00
        1480   1.77600E+02   1.20000E-01   2.18544E-01   3.95346E-04   5.43447E-04   0.00000E+00   1.16344E-02   1.00000E+00   0.00000E+00   3.87578E+00   1.67642E-15            16   3.68119E-10   3.15013E+00
        1481   1.77720E+02   1.20000E-01   2.18544E-01   3.95278E-04   5.44052E-04   0.00000E+00   1.15361E-02   1.00000E+00   0.00000E+00   3.87578E+00   1.67469E-15            16   3.67664E-10   3.15007E+00
        1482   1.77840E+02   1.20000E-01   2.18544E-01   3.95201E-04   5.44642E-04   0.00000E+00   1.14377E-02   1.00000E+00   0.00000E+00   3.87578E+00   1.67265E-15            16   3.67219E-10   3.15001E+00
        1483   1.77960E+02   1.20000E-01   2.18544E-01   3.95114E-04   5.45216E-04   0.00000E+00   1.13393E-02   1.00000E+00   0.00000E+00   3.87578E+00   1.67388E-15            16   3.66780E-10   3.14995E+00
        1484   1.78080E+02   1.20000E-01   2.18544E-01   3.95017E-04   5.45775E-04   0.00000E+00   1.12407E-02   1.00000E+00   0.00000E+00   3.87578E+00   1.67441E-15            16   3.66345E-10   3.14989E+00
        1485   1.78200E+02   1.20000E-01   2.18544E-01   3.94910E-04   5.46318E-04   0.00000E+00   1.11421E-02   1.00000E+00   0.00000E+00   3.87578E+00   1.67476E-15            16   3.65911E-10   3.14984E+00
        1486   1.78320E+02   1.20000E-01   2.18544E-01   3.94793E-04   5.46846E-04   0.00000E+00   1.10434E-02   1.00000E+00   0.00000E+00   3.87578E+00   1.67440E-15            16   3.65478E-10   3.14978E+00
        1487   1.78440E+02   1.20000E-01   2.18544E-01   3.94666E-04   5.47358E-04   0.00000E+00   1.09447E-02   1.00000E+00   0.00000E+00   3.87578E+00   1.67402E-15            16   3.65045E-10   3.14972E+00
        1488   1.78560E+02   1.20000E-01   2.18544E-01   3.94529E-04   5.47855E-04   0.00000E+00   1.08458E-02   1.00000E+00   0.00000E+00   3.87578E+00   1.67357E-15            16   3.64614E-10   3.14966E+00
        1489   1.78680E+02   1.20000E-01   2.18544E-01   3.94383E-04   5.48337E-04   0.00000E+00   1.07469E-02   1.00000E+00   0.00000E+00   3.87578E+00   1.67337E-15            16   3.64185E-10   3.14960E+00
        1490   1.78800E+02   1.20000E-01   2.18544E-01   3.94227E-04   5.48803E-04   0.00000E+00   1.06479E-02   1.00000E+00   0.00000E+00   3.87578E+00   1.67299E-15            16   3.63757E-10   3.14954E+00
        1491   1.78920E+02   1.20000E-01   2.18544E-01   3.94061E-04   5.49254E-04   0.00000E+00   1.05488E-02   1.00000E+00   0.00000E+00   3.87578E+00   1.67234E-15            16   3.63332E-10   3.14948E+00
        1492   1.79040E+02   1.20000E-01   2.18544E-01   3.93886E-04   5.49690E-04   0.00000E+00   1.04497E-02   1.00000E+00   0.00000E+00   3.87578E+00   1.67182E-15            16   3.62922E-10   3.14942E+00
        1493   1.79160E+02   1.20000E-01   2.18544E-01   3.93700E-04   5.50111E-04   0.00000E+00   1.03505E-02   1.00000E+00   0.00000E+00   3.87578E+00   1.67260E-15            16   3.62493E-10   3.14936E+00
        1494   1.79280E+02   1.20000E-01   2.18544E-01   3.93505E-04   5.50516E-04   0.00000E+00   1.02513E-02   1.00000E+00   0.00000E+00   3.87578E+00   1.66877E-15            16   3.62072E-10   3.14930E+00
        1495   1.79400E+02   1.20000E-01   2.18544E-01   3.93301E-04   5.50906E-04   0.00000E+00   1.01520E-02   1.00000E+00   0.00000E+00   3.87578E+00   1.66922E-15            16   3.61659E-10   3.14924E+00
        1496   1.79520E+02   1.20000E-01   2.18544E-01   3.93087E-04   5.51281E-04   0.00000E+00   1.00526E-02   1.00000E+00   0.00000E+00   3.87578E+00   1.66795E-15            16   3.61243E-10   3.14918E+00
        1497   1.79640E+02   1.20000E-01   2.18544E-01   3.92863E-04   5.51641E-04   0.00000E+00   9.95320E-03   1.00000E+00   0.00000E+00   3.87578E+00   1.66635E-15            16   3.60823E-10   3.14912E+00
        1498   1.79760E+02   1.20000E-01   2.18544E-01   3.92630E-04   5.51986E-04   0.00000E+00   9.85374E-03   1.00000E+00   0.00000E+00   3.87578E+00   1.66468E-15            16   3.60402E-10   3.14906E+00
        1499   1.79880E+02   1.20000E-01   2.18544E-01   3.92387E-04   5.52316E-04   0.00000E+00   9.75424E-03   1.00000E+00   0.00000E+00   3.87578E+00   1.66343E-15            16   3.59984E-10   3.14900E+00
        1500   1.80000E+02   1.20000E-01   2.18544E-01   3.92134E-04   5.52630E-04   0.00000E+00   9.65469E-03   1.00000E+00   0.00000E+00   3.87578E+00   1.66179E-15            16   3.59574E-10   3.14894E+00
        1501   1.80120E+02   1.20000E-01   2.18544E-01   3.91873E-04   5.52930E-04   0.00000E+00   9.55510E-03   1.00000E+00   0.00000E+00   3.87578E+00   1.66119E-15            16   3.59166E-10   3.14888E+00
        1502   1.80240E+02   1.20000E-01   2.18544E-01   3.91601E-04   5.53215E-04   0.00000E+00   9.45547E-03   1.00000E+00   0.00000E+00   3.87578E+00   1.66280E-15            16   3.58763E-10   3.14882E+00
        1503   1.80360E+02   1.20000E-01   2.18544E-01   3.91321E-04   5.53484E-04   0.00000E+00   9.35581E-03   1.00000E+00   0.00000E+00   3.87578E+00   1.66205E-15            16   3.58363E-10   3.14876E+00
        1504   1.80480E+02   1.20000E-01   2.18544E-01   3.91031E-04   5.53739E-04   0.00000E+00   9.25611E-03   1.00000E+00   0.00000E+00   3.87578E+00   1.66112E-15            16   3.57965E-10   3.14870E+00
        1505   1.80600E+02   1.20000E-01   2.18544E-01   3.90731E-04   5.53979E-04   0.00000E+00   9.15638E-03   1.00000E+00   0.00000E+00   3.87578E+00   1.65998E-15            16   3.57569E-10   3.14864E+00
        1506   1.80720E+02   1.20000E-01   2.18544E-01   3.90422E-04   5.54204E-04   0.00000E+00   9.05662E-03   1.00000E+00   0.00000E+00   3.87578E+00   1.65851E-15            16   3.57176E-10   3.14858E+00
        1507   1.80840E+02   1.20000E-01   2.18544E-01   3.90104E-04   5.54414E-04   0.00000E+00   8.95684E-03   1.00000E+00   0.00000E+00   3.87578E+00   1.65768E-15            16   3.56785E-10   3.14852E+00
        1508   1.80960E+02   1.20000E-01   2.18544E-01   3.89777E-04   5.54609E-04   0.00000E+00   8.85704E-03   1.00000E+00   0.00000E+00   3.87578E+00   1.65607E-15            16   3.56398E-10   3.14846E+00
        1509   1.81080E+02   1.20000E-01   2.18544E-01   3.89440E-04   5.54789E-04   0.00000E+00   8.75721E-03   1.00000E+00   0.00000E+00   3.87578E+00   1.65535E-15            16   3.56013E-10   3.14840E+00
        1510   1.81200E+02   1.20000E-01   2.18544E-01   3.89095E-04   5.54955E-04   0.00000E+00   8.65737E-03   1.00000E+00   0.00000E+00   3.87578E+00   1.65398E-15            16   3.55631E-10   3.14834E+00
        1511   1.81320E+02   1.20000E-01   2.18544E-01   3.88740E-04   5.55106E-04   0.00000E+00   8.55751E-03   1.00000E+00   0.00000E+00   3.87578E+00   1.65293E-15            16   3.55253E-10   3.14828E+00
        1512   1.81440E+02   1.20000E-01   2.18544E-01   3.88375E-04   5.55242E-04   0.00000E+00   8.45764E-03   1.00000E+00   0.00000E+00   3.87578E+00   1.65136E-15            16   3.54878E-10   3.14822E+00
        1513   1.81560E+02   1.20000E-01   2.18544E-01   3.88002E-04   5.55364E-04   0.00000E+00   8.35775E-03   1.00000E+00   0.00000E+00   3.87578E+00   1.64982E-15            16   3.54507E-10   3.14816E+00
        1514   1.81680E+02   1.20000E-01   2.18544E-01   3.87620E-04   5.55470E-04   0.00000E+00   8.25786E-03   1.00000E+00   0.00000E+00   3.87578E+00   1.64876E-15            16   3.54140E-10   3.14810E+00
        1515   1.81800E+02   1.20000E-01   2.18544E-01   3.87228E-04   5.55563E-04   0.00000E+00   8.15797E-03   1.00000E+00   0.00000E+00   3.87578E+00   1.64712E-15            16   3.53776E-10   3.14803E+00
        1516   1.81920E+02   1.20000E-01   2.18544E-01   3.86828E-04   5.55640E-04   0.00000E+00   8.05808E-03   1.00000E+00   0.00000E+00   3.87578E+00   1.64549E-15            16   3.53417E-10   3.14797E+00
        1517   1.82040E+02   1.20000E-01   2.18544E-01   3.86418E-04   5.55704E-04   0.00000E+00   7.95818E-03   1.00000E+00   0.00000E+00   3.87578E+00   1.64359E-15            16   3.53061E-10   3.14791E+00
        1518   1.82160E+02   1.20000E-01   2.18544E-01   3.86000E-04   5.55752E-04   0.00000E+00   7.85829E-03   1.00000E+00   0.00000E+00   3.87578E+00   1.64224E-15            16   3.52711E-10   3.14785E+00
        1519   1.82280E+02   1.20000E-01   2.18544E-01   3.85572E-04   5.55786E-04   0.00000E+00   7.75840E-03   1.00000E+00   0.00000E+00   3.87578E+00   1.64031E-15            16   3.52365E-10   3.14779E+00
        1520   1.82400E+02   1.20000E-01   2.18544E-01   3.85136E-04   5.55806E-04   0.00000E+00   7.65852E-03   1.00000E+00   0.00000E+00   3.87578E+00   1.63882E-15            16   3.52025E-10   3.14773E+00
        1521   1.82520E+02   1.20000E-01   2.18544E-01   3.84691E-04   5.55811E-04   0.00000E+00   7.55865E-03   1.00000E+00   0.00000E+00   3.87578E+00   1.63807E-15            16   3.51680E-10   3.14767E+00
        1522   1.82640E+02   1.20000E-01   2.18544E-01   3.84236E-04   5.55802E-04   0.00000E+00   7.45880E-03   1.00000E+00   0.00000E+00   3.87578E+00   1.63388E-15            16   3.51351E-10   3.14761E+00
        1523   1.82760E+02   1.20000E-01   2.18544E-01   3.83774E-04   5.55779E-04   0.00000E+00   7.35895E-03   1.00000E+00   0.00000E+00   3.87578E+00   1.63322E-15            16   3.51020E-10   3.14755E+00
        1524   1.82880E+02   1.20000E-01   2.18544E-01   3.83302E-04   5.55741E-04   0.00000E+00   7.25913E-03   1.00000E+00   0.00000E+00   3.87578E+00   1.62949E-15            16   3.50701E-10   3.14749E+00
        1525   1.83000E+02   1.20000E-01   2.18544E-01   3.82821E-04   5.55689E-04   0.00000E+00   7.15932E-03   1.00000E+00   0.00000E+00   3.87578E+00   1.62918E-15            16   3.50382E-10   3.14742E+00
        1526   1.83120E+02   1.20000E-01   2.18544E-01   3.82332E-04   5.55623E-04   0.00000E+00   7.05954E-03   1.00000E+00   0.00000E+00   3.87578E+00   1.62611E-15            16   3.50076E-10   3.14736E+00
        1527   1.83240E+02   1.20000E-01   2.18544E-01   3.81834E-04   5.55542E-04   0.00000E+00   6.95978E-03   1.00000E+00   0.00000E+00   3.87578E+00   1.62555E-15            16   3.49771E-10   3.14730E+00
        1528   1.83360E+02   1.20000E-01   2.18544E-01   3.81327E-04   5.55447E-04   0.00000E+00   6.86006E-03   1.00000E+00   0.00000E+00   3.87578E+00   1.62296E-15            16   3.49478E-10   3.14724E+00
        1529   1.83480E+02   1.20000E-01   2.18544E-01   3.80812E-04   5.55338E-04   0.00000E+00   6.76036E-03   1.00000E+00   0.00000E+00   3.87578E+00   1.62190E-15            16   3.49189E-10   3.14718E+00
        1530   1.83600E+02   1.20000E-01   2.18544E-01   3.80288E-04   5.55215E-04   0.00000E+00   6.66069E-03   1.00000E+00   0.00000E+00   3.87578E+00   1.61875E-15            16   3.48912E-10   3.14712E+00
        1531   1.83720E+02   1.20000E-01   2.18544E-01   3.79756E-04   5.55078E-04   0.00000E+00   6.56106E-03   1.00000E+00   0.00000E+00   3.87578E+00   1.61837E-15            16   3.48638E-10   3.14706E+00
        1532   1.83840E+02   1.20000E-01   2.18544E-01   3.79215E-04   5.54927E-04   0.00000E+00   6.46147E-03   1.00000E+00   0.00000E+00   3.87578E+00   1.61598E-15            16   3.48376E-10   3.14700E+00
        1533   1.83960E+02   1.20000E-01   2.18544E-01   3.78666E-04   5.54762E-04   0.00000E+00   6.36191E-03   1.00000E+00   0.00000E+00   3.87578E+00   1.61530E-15            16   3.48119E-10   3.14694E+00
        1534   1.84080E+02   1.20000E-01   2.18544E-01   3.78108E-04   5.54583E-04   0.00000E+00   6.26240E-03   1.00000E+00   0.00000E+00   3.87578E+00   1.61276E-15            16   3.47851E-10   3.14687E+00
        1535   1.84200E+02   1.20000E-01   2.18544E-01   3.77541E-04   5.54390E-04   0.00000E+00   6.16293E-03   1.00000E+00   0.00000E+00   3.87578E+00   1.61282E-15            16   3.47695E-10   3.14681E+00
        1536   1.84320E+02   1.20000E-01   2.18544E-01   3.76966E-04   5.54183E-04   0.00000E+00   6.06352E-03   1.00000E+00   0.00000E+00   3.87578E+00   1.60894E-15            16   3.47363E-10   3.14675E+00
        1537   1.84440E+02   1.20000E-01   2.18544E-01   3.76383E-04   5.53962E-04   0.00000E+00   5.96415E-03   1.00000E+00   0.00000E+00   3.87578E+00   1.60756E-15            16   3.47256E-10   3.14669E+00
        1538   1.84560E+02   1.20000E-01   2.18544E-01   3.75792E-04   5.53728E-04   0.00000E+00   5.86483E-03   1.00000E+00   0.00000E+00   3.87578E+00   1.60425E-15            16   3.46936E-10   3.14663E+00
        1539   1.84680E+02   1.20000E-01   2.18544E-01   3.75192E-04   5.53480E-04   0.00000E+00   5.76557E-03   1.00000E+00   0.00000E+00   3.87578E+00   1.60278E-15            16   3.46861E-10   3.14657E+00
        1540   1.84800E+02   1.20000E-01   2.18544E-01   3.74584E-04   5.53218E-04   0.00000E+00   5.66637E-03   1.00000E+00   0.00000E+00   3.87578E+00   1.59915E-15            16   3.46646E-10   3.14651E+00
        1541   1.84920E+02   1.20000E-01   2.18544E-01   3.73968E-04   5.52943E-04   0.00000E+00   5.56722E-03   1.00000E+00   0.00000E+00   3.87578E+00   1.59633E-15            16   3.46501E-10   3.14645E+00
        1542   1.85040E+02   1.20000E-01   2.18544E-01   3.73343E-04   5.52653E-04   0.00000E+00   5.46814E-03   1.00000E+00   0.00000E+00   3.87578E+00   1.59221E-15            16   3.46335E-10   3.14639E+00
        1543   1.85160E+02   1.20000E-01   2.18544E-01   3.72710E-04   5.52351E-04   0.00000E+00   5.36912E-03   1.00000E+00   0.00000E+00   3.87578E+00   1.58957E-15            16   3.46214E-10   3.14632E+00
        1544   1.85280E+02   1.20000E-01   2.18544E-01   3.72070E-04   5.52035E-04   0.00000E+00   5.27017E-03   1.00000E+00   0.00000E+00   3.87578E+00   1.58896E-15            16   3.46056E-10   3.14626E+00
        1545   1.85400E+02   1.20000E-01   2.18544E-01   3.71421E-04   5.51705E-04   0.00000E+00   5.17129E-03   1.00000E+00   0.00000E+00   3.87578E+00   1.58332E-15            16   3.45937E-10   3.14620E+00
        1546   1.85520E+02   1.20000E-01   2.18544E-01   3.70764E-04   5.51362E-04   0.00000E+00   5.07248E-03   1.00000E+00   0.00000E+00   3.87578E+00   1.57890E-15            16   3.45853E-10   3.14614E+00
        1547   1.85640E+02   1.20000E-01   2.18544E-01   3.70099E-04   5.51005E-04   0.00000E+00   4.97375E-03   1.00000E+00   0.00000E+00   3.87578E+00   1.57570E-15            16   3.45769E-10   3.14608E+00
        1548   1.85760E+02   1.20000E-01   2.18544E-01   3.69426E-04   5.50635E-04   0.00000E+00   4.87509E-03   1.00000E+00   0.00000E+00   3.87578E+00   1.57186E-15            16   3.45687E-10   3.14602E+00
        1549   1.85880E+02   1.20000E-01   2.18544E-01   3.68745E-04   5.50252E-04   0.00000E+00   4.77651E-03   1.00000E+00   0.00000E+00   3.87578E+00   1.56717E-15            16   3.45617E-10   3.14596E+00
        1550   1.86000E+02   1.20000E-01   2.18544E-01   3.68056E-04   5.49855E-04   0.00000E+00   4.67801E-03   1.00000E+00   0.00000E+00   3.87578E+00   1.56482E-15            16   3.45570E-10   3.14590E+00
        1551   1.86120E+02   1.20000E-01   2.18544E-01   3.67359E-04   5.49445E-04   0.00000E+00   4.57960E-03   1.00000E+00   0.00000E+00   3.87578E+00   1.56010E-15            16   3.45533E-10   3.14584E+00
        1552   1.86240E+02   1.20000E-01   2.18544E-01   3.66654E-04   5.49022E-04   0.00000E+00   4.48127E-03   1.00000E+00   0.00000E+00   3.87578E+00   1.55590E-15            16   3.45519E-10   3.14577E+00
        1553   1.86360E+02   1.20000E-01   2.18544E-01   3.65942E-04   5.48586E-04   0.00000E+00   4.38303E-03   1.00000E+00   0.00000E+00   3.87578E+00   1.55180E-15            16   3.45506E-10   3.14571E+00
        1554   1.86480E+02   1.20000E-01   2.18544E-01   3.65221E-04   5.48136E-04   0.00000E+00   4.28488E-03   1.00000E+00   0.00000E+00   3.87578E+00   1.54903E-15            16   3.45522E-10   3.14565E+00
        1555   1.86600E+02   1.20000E-01   2.18544E-01   3.64493E-04   5.47673E-04   0.00000E+00   4.18683E-03   1.00000E+00   0.00000E+00   3.87578E+00   1.55037E-15            16   3.45557E-10   3.14559E+00
        1556   1.86720E+02   1.20000E-01   2.18544E-01   3.63757E-04   5.47198E-04   0.00000E+00   4.08887E-03   1.00000E+00   0.00000E+00   3.87578E+00   1.55443E-15            16   3.45598E-10   3.14553E+00
        1557   1.86840E+02   1.20000E-01   2.18544E-01   3.63014E-04   5.46709E-04   0.00000E+00   3.99101E-03   1.00000E+00   0.00000E+00   3.87578E+00   1.55849E-15            16   3.45658E-10   3.14547E+00
        1558   1.86960E+02   1.20000E-01   2.18544E-01   3.62263E-04   5.46207E-04   0.00000E+00   3.89325E-03   1.00000E+00   0.00000E+00   3.87578E+00   1.56231E-15            16   3.45734E-10   3.14541E+00
        1559   1.87080E+02   1.20000E-01   2.18544E-01   3.61504E-04   5.45693E-04   0.00000E+00   3.79559E-03   1.00000E+00   0.00000E+00   3.87578E+00   1.56643E-15            16   3.45834E-10   3.14535E+00
        1560   1.87200E+02   1.20000E-01   2.18544E-01   3.60738E-04   5.45165E-04   0.00000E+00   3.69804E-03   1.00000E+00   0.00000E+00   3.87578E+00   1.57029E-15            16   3.45952E-10   3.14529E+00
        1561   1.87320E+02   1.20000E-01   2.18544E-01   3.59964E-04   5.44625E-04   0.00000E+00   3.60059E-03   1.00000E+00   0.00000E+00   3.87578E+00   1.57423E-15            16   3.46087E-10   3.14523E+00
        1562   1.87440E+02   1.20000E-01   2.18544E-01   3.59183E-04   5.44072E-04   0.00000E+00   3.50325E-03   1.00000E+00   0.00000E+00   3.87578E+00   1.57781E-15            16   3.46237E-10   3.14517E+00
        1563   1.87560E+02   1.20000E-01   2.18544E-01   3.58394E-04   5.43506E-04   0.00000E+00   3.40603E-03   1.00000E+00   0.00000E+00   3.87578E+00   1.58118E-15            16   3.46408E-10   3.14511E+00
        1564   1.87680E+02   1.20000E-01   2.18544E-01   3.57598E-04   5.42927E-04   0.00000E+00   3.30891E-03   1.00000E+00   0.00000E+00   3.87578E+00   1.58440E-15            16   3.46598E-10   3.14505E+00
        1565   1.87800E+02   1.20000E-01   2.18544E-01   3.56794E-04   5.42336E-04   0.00000E+00   3.21192E-03   1.00000E+00   0.00000E+00   3.87578E+00   1.58748E-15            16   3.46808E-10   3.14498E+00
        1566   1.87920E+02   1.20000E-01   2.18544E-01   3.55984E-04   5.41732E-04   0.00000E+00   3.11504E-03   1.00000E+00   0.00000E+00   3.87578E+00   1.59033E-15            16   3.47036E-10   3.14492E+00
        1567   1.88040E+02   1.20000E-01   2.18544E-01   3.55165E-04   5.41115E-04   0.00000E+00   3.01829E-03   1.00000E+00   0.00000E+00   3.87578E+00   1.59288E-15            16   3.47283E-10   3.14486E+00
        1568   1.88160E+02   1.20000E-01   2.18544E-01   3.54340E-04   5.40486E-04   0.00000E+00   2.92165E-03   1.00000E+00   0.00000E+00   3.87578E+00   1.59511E-15            16   3.47547E-10   3.14480E+00
        1569   1.88280E+02   1.20000E-01   2.18544E-01   3.53507E-04   5.39845E-04   0.00000E+00   2.82515E-03   1.00000E+00   0.00000E+00   3.87578E+00   1.59712E-15            16   3.47829E-10   3.14474E+00
        1570   1.88400E+02   1.20000E-01   2.18544E-01   3.52667E-04   5.39191E-04   0.00000E+00   2.72877E-03   1.00000E+00   0.00000E+00   3.87578E+00   1.59872E-15            16   3.48127E-10   3.14468E+00
        1571   1.88520E+02   1.20000E-01   2.18544E-01   3.51820E-04   5.38524E-04   0.00000E+00   2.63252E-03   1.00000E+00   0.00000E+00   3.87578E+00   1.60001E-15            16   3.48441E-10   3.14462E+00
        1572   1.88640E+02   1.20000E-01   2.18544E-01   3.50966E-04   5.37845E-04   0.00000E+00   2.53641E-03   1.00000E+00   0.00000E+00   3.87578E+00   1.60084E-15            16   3.48759E-10   3.14456E+00
        1573   1.88760E+02   1.20000E-01   2.18544E-01   3.50105E-04   5.37154E-04   0.00000E+00   2.44042E-03   1.00000E+00   0.00000E+00   3.87578E+00   1.60348E-15            16   3.49112E-10   3.14450E+00
        1574   1.88880E+02   1.20000E-01   2.18544E-01   3.49236E-04   5.36451E-04   0.00000E+00   2.34458E-03   1.00000E+00   0.00000E+00   3.87578E+00   1.60258E-15            16   3.49459E-10   3.14444E+00
        1575   1.89000E+02   1.20000E-01   2.18544E-01   3.48361E-04   5.35735E-04   0.00000E+00   2.24887E-03   1.00000E+00   0.00000E+00   3.87578E+00   1.60156E-15            16   3.49822E-10   3.14438E+00
        1576   1.89120E+02   1.20000E-01   2.18544E-01   3.47479E-04   5.35007E-04   0.00000E+00   2.15331E-03   1.00000E+00   0.00000E+00   3.87578E+00   1.59997E-15            16   3.50194E-10   3.14432E+00
        1577   1.89240E+02   1.20000E-01   2.18544E-01   3.46589E-04   5.34267E-04   0.00000E+00   2.05788E-03   1.00000E+00   0.00000E+00   3.87578E+00   1.59804E-15            16   3.50583E-10   3.14426E+00
        1578   1.89360E+02   1.20000E-01   2.18544E-01   3.45693E-04   5.33515E-04   0.00000E+00   1.96261E-03   1.00000E+00   0.00000E+00   3.87578E+00   1.59692E-15            16   3.50958E-10   3.14420E+00
        1579   1.89480E+02   1.20000E-01   2.18544E-01   3.44790E-04   5.32751E-04   0.00000E+00   1.86748E-03   1.00000E+00   0.00000E+00   3.87578E+00   1.59434E-15            16   3.51343E-10   3.14414E+00
        1580   1.89600E+02   1.20000E-01   2.18544E-01   3.43880E-04   5.31975E-04   0.00000E+00   1.77251E-03   1.00000E+00   0.00000E+00   3.87578E+00   1.59113E-15            16   3.51716E-10   3.14408E+00
        1581   1.89720E+02   1.20000E-01   2.18544E-01   3.42963E-04   5.31187E-04   0.00000E+00   1.67768E-03   1.00000E+00   0.00000E+00   3.87578E+00   1.58716E-15            16   3.52090E-10   3.14402E+00
        1582   1.89840E+02   1.20000E-01   2.18544E-01   3.42040E-04   5.30388E-04   0.00000E+00   1.58301E-03   1.00000E+00   0.00000E+00   3.87578E+00   1.58221E-15            16   3.52448E-10   3.14396E+00
        1583   1.89960E+02   1.20000E-01   2.18544E-01   3.41110E-04   5.29597E-04   0.00000E+00   1.48850E-03   1.00000E+00   0.00000E+00   3.87578E+00   1.57816E-15            16   3.52786E-10   3.14390E+00
        1584   1.90080E+02   1.20000E-01   2.18544E-01   3.40173E-04   5.28819E-04   0.00000E+00   1.39415E-03   1.00000E+00   0.00000E+00   3.87578E+00   1.57222E-15            16   3.53103E-10   3.14384E+00
        1585   1.90200E+02   1.20000E-01   2.18544E-01   3.39254E-04   5.28029E-04   0.00000E+00   1.29997E-03   1.00000E+00   0.00000E+00   3.87578E+00   1.56539E-15            16   3.53405E-10   3.14378E+00
        1586   1.90320E+02   1.20000E-01   2.18544E-01   3.38596E-04   5.27227E-04   0.00000E+00   1.20594E-03   1.00000E+00   0.00000E+00   3.87578E+00   1.55791E-15            16   3.53663E-10   3.14373E+00
        1587   1.90440E+02   1.20000E-01   2.18544E-01   3.37931E-04   5.26413E-04   0.00000E+00   1.11209E-03   1.00000E+00   0.00000E+00   3.87578E+00   1.54909E-15            16   3.53879E-10   3.14367E+00
        1588   1.90560E+02   1.20000E-01   2.18544E-01   3.37259E-04   5.25587E-04   0.00000E+00   1.01839E-03   1.00000E+00   0.00000E+00   3.87578E+00   1.53912E-15            16   3.54045E-10   3.14361E+00
        1589   1.90680E+02   1.20000E-01   2.18544E-01   3.36580E-04   5.24749E-04   0.00000E+00   9.86117E-04   1.00000E+00   0.00000E+00   3.87578E+00   1.52770E-15            16   3.54149E-10   3.14355E+00
        1590   1.90800E+02   1.20000E-01   2.18544E-01   3.35894E-04   5.23899E-04   0.00000E+00   9.74743E-04   1.00000E+00   0.00000E+00   3.87578E+00   1.51647E-15            16   3.54171E-10   3.14349E+00
        1591   1.90920E+02   1.20000E-01   2.18544E-01   3.35200E-04   5.23037E-04   0.00000E+00   9.63364E-04   1.00000E+00   0.00000E+00   3.87578E+00   1.50336E-15            16   3.54112E-10   3.14343E+00
        1592   1.91040E+02   1.20000E-01   2.18544E-01   3.34499E-04   5.22164E-04   0.00000E+00   9.51980E-04   1.00000E+00   0.00000E+00   3.87578E+00   1.48919E-15            16   3.53956E-10   3.14337E+00
        1593   1.91160E+02   1.20000E-01   2.18544E-01   3.33792E-04   5.21279E-04   0.00000E+00   9.40593E-04   1.00000E+00   0.00000E+00   3.87578E+00   1.47348E-15            16   3.53696E-10   3.14331E+00
        1594   1.91280E+02   1.20000E-01   2.18544E-01   3.33077E-04   5.20382E-04   0.00000E+00   9.29206E-04   1.00000E+00   0.00000E+00   3.87578E+00   1.45813E-15            16   3.53282E-10   3.14325E+00
        1595   1.91400E+02   1.20000E-01   2.18544E-01   3.32355E-04   5.19473E-04   0.00000E+00   9.17821E-04   1.00000E+00   0.00000E+00   3.87578E+00   1.43820E-15            16   3.52752E-10   3.14319E+00
        1596   1.91520E+02   1.20000E-01   2.18544E-01   3.31626E-04   5.18553E-04   0.00000E+00   9.06437E-04   1.00000E+00   0.00000E+00   3.87578E+00   1.41970E-15            16   3.52015E-10   3.14314E+00
        1597   1.91640E+02   1.20000E-01   2.18544E-01   3.30891E-04   5.17621E-04   0.00000E+00   8.95054E-04   1.00000E+00   0.00000E+00   3.87578E+00   1.39665E-15            16   3.51098E-10   3.14308E+00
        1598   1.91760E+02   1.20000E-01   2.18544E-01   3.30148E-04   5.16678E-04   0.00000E+00   8.83675E-04   1.00000E+00   0.00000E+00   3.87578E+00   1.37546E-15            16   3.49937E-10   3.14302E+00
        1599   1.91880E+02   1.20000E-01   2.18544E-01   3.29399E-04   5.15724E-04   0.00000E+00   8.72297E-04   1.00000E+00   0.00000E+00   3.87578E+00   1.34979E-15            16   3.48516E-10   3.14296E+00
        1600   1.92000E+02   1.20000E-01   2.18544E-01   3.28642E-04   5.14758E-04   0.00000E+00   8.61175E-04   1.00000E+00   0.00000E+00   3.87578E+00   1.31514E-15            16   3.59443E-10   3.14290E+00
        1601   1.92120E+02   1.20000E-01   2.18544E-01   3.27879E-04   5.13780E-04   0.00000E+00   8.49887E-04   1.00000E+00   0.00000E+00   3.87578E+00   1.24036E-15            16   3.51776E-10   3.14284E+00
        1602   1.92240E+02   1.20000E-01   2.18544E-01   3.27110E-04   5.12791E-04   0.00000E+00   8.38554E-04   1.00000E+00   0.00000E+00   3.87578E+00   1.27862E-15            16   3.67644E-10   3.14279E+00
        1603   1.92360E+02   1.20000E-01   2.18544E-01   3.26333E-04   5.11791E-04   0.00000E+00   8.26945E-04   1.00000E+00   0.00000E+00   3.87578E+00   1.17313E-15            16   3.43154E-10   3.14273E+00
        1604   1.92480E+02   1.20000E-01   2.18544E-01   3.25550E-04   5.10780E-04   0.00000E+00   8.16087E-04   1.00000E+00   0.00000E+00   3.87578E+00   1.13198E-15            16   3.37927E-10   3.14267E+00
        1605   1.92600E+02   1.20000E-01   2.18544E-01   3.24760E-04   5.09758E-04   0.00000E+00   8.04333E-04   1.00000E+00   0.00000E+00   3.87578E+00   1.14590E-15            16   3.46106E-10   3.14261E+00
        1606   1.92720E+02   1.20000E-01   2.18544E-01   3.23963E-04   5.08725E-04   0.00000E+00   7.93452E-04   1.00000E+00   0.00000E+00   3.87578E+00   1.04607E-15            16   3.28396E-10   3.14256E+00
        1607   1.92840E+02   1.20000E-01   2.18544E-01   3.23160E-04   5.07680E-04   0.00000E+00   8.77583E-04   1.00000E+00   0.00000E+00   3.87578E+00   1.08335E-15            16   3.39587E-10   3.14250E+00
        1608   1.92960E+02   1.20000E-01   2.18544E-01   3.22351E-04   5.06625E-04   0.00000E+00   9.66733E-04   1.00000E+00   0.00000E+00   3.87578E+00   9.54184E-16            16   3.16722E-10   3.14244E+00
        1609   1.93080E+02   1.20000E-01   2.18544E-01   3.21534E-04   5.05558E-04   0.00000E+00   1.05640E-03   1.00000E+00   0.00000E+00   3.87578E+00   1.02398E-15            16   3.29919E-10   3.14238E+00
        1610   1.93200E+02   1.20000E-01   2.18544E-01   3.20712E-04   5.04481E-04   0.00000E+00   1.14524E-03   1.00000E+00   0.00000E+00   3.87578E+00   8.63413E-16            16   3.03652E-10   3.14233E+00
        1611   1.93320E+02   1.20000E-01   2.18544E-01   3.19882E-04   5.03393E-04   0.00000E+00   1.23454E-03   1.00000E+00   0.00000E+00   3.87578E+00   9.57105E-16            16   3.16363E-10   3.14227E+00
        1612   1.93440E+02   1.20000E-01   2.18544E-01   3.19047E-04   5.02294E-04   0.00000E+00   1.32191E-03   1.00000E+00   0.00000E+00   3.87578E+00   7.96332E-16            16   2.49258E-10   3.14221E+00
        1613   1.93560E+02   1.20000E-01   2.18544E-01   3.18205E-04   5.01183E-04   0.00000E+00   1.41053E-03   1.00000E+00   0.00000E+00   3.87578E+00   8.66537E-16            16   2.96785E-10   3.14215E+00
        1614   1.93680E+02   1.20000E-01   2.18544E-01   3.17358E-04   5.00063E-04   0.00000E+00   1.49899E-03   1.00000E+00   0.00000E+00   3.87578E+00   8.62637E-16            16   2.86655E-10   3.14210E+00
        1615   1.93800E+02   1.20000E-01   2.18544E-01   3.16503E-04   4.98931E-04   0.00000E+00   1.58691E-03   1.00000E+00   0.00000E+00   3.87578E+00   8.13127E-16            16   2.51753E-10   3.14204E+00
        1616   1.93920E+02   1.20000E-01   2.18544E-01   3.15643E-04   4.97789E-04   0.00000E+00   1.67469E-03   1.00000E+00   0.00000E+00   3.87578E+00   8.20630E-16            16   2.46457E-10   3.14198E+00
        1617   1.94040E+02   1.20000E-01   2.18544E-01   3.14775E-04   4.96636E-04   0.00000E+00   1.76380E-03   1.00000E+00   0.00000E+00   3.87578E+00   1.00776E-15            16   3.30320E-10   3.14193E+00
        1618   1.94160E+02   1.20000E-01   2.18544E-01   3.13903E-04   4.95472E-04   0.00000E+00   1.84844E-03   1.00000E+00   0.00000E+00   3.87578E+00   1.20796E-15            16   4.00172E-10   3.14187E+00
        1619   1.94280E+02   1.20000E-01   2.18544E-01   3.13024E-04   4.94298E-04   0.00000E+00   1.93730E-03   1.00000E+00   0.00000E+00   3.87578E+00   2.04158E-15            16   3.83339E-10   3.14182E+00
        1620   1.94400E+02   1.20000E-01   2.18544E-01   3.12140E-04   4.93115E-04   0.00000E+00   2.03213E-03   1.00000E+00   0.00000E+00   3.87578E+00   5.45185E-15            16   4.66330E-10   3.14176E+00
        1621   1.94520E+02   1.20000E-01   2.18544E-01   3.11253E-04   4.91921E-04   0.00000E+00   2.39911E-03   1.00000E+00   0.00000E+00   3.87578E+00   1.02166E-14            16   3.74227E-10   3.14170E+00
        1622   1.94640E+02   1.20000E-01   2.18544E-01   3.10364E-04   4.90857E-04   0.00000E+00   2.21585E-03   1.00000E+00   0.00000E+00   3.87578E+00   7.72484E-15            16   4.73142E-10   3.14165E+00
        1623   1.94760E+02   1.20000E-01   2.18544E-01   3.09472E-04   4.89838E-04   0.00000E+00   2.30298E-03   1.00000E+00   0.00000E+00   3.87578E+00   3.38925E-15            16   8.21586E-10   3.14160E+00
        1624   1.94880E+02   1.20000E-01   2.18544E-01   3.08558E-04   4.88580E-04   0.00000E+00   2.38890E-03   1.00000E+00   0.00000E+00   3.87578E+00   1.38455E-15            16   5.40578E-10   3.14154E+00
        1625   1.95000E+02   1.20000E-01   2.18544E-01   3.07650E-04   4.87348E-04   0.00000E+00   2.47324E-03   1.00000E+00   0.00000E+00   3.87578E+00   7.67029E-15            16   5.62402E-10   3.14148E+00
        1626   1.95120E+02   1.20000E-01   2.18544E-01   3.06727E-04   4.86087E-04   0.00000E+00   2.55805E-03   1.00000E+00   0.00000E+00   3.87578E+00   5.83688E-15            16   4.44475E-10   3.14143E+00
        1627   1.95240E+02   1.20000E-01   2.18544E-01   3.05803E-04   4.84861E-04   0.00000E+00   2.64463E-03   1.00000E+00   0.00000E+00   3.87578E+00   1.16914E-15            16   3.23928E-10   3.14137E+00
        1628   1.95360E+02   1.20000E-01   2.18544E-01   3.04871E-04   4.83579E-04   0.00000E+00   2.72988E-03   1.00000E+00   0.00000E+00   3.87578E+00   1.04106E-15            16   3.07220E-10   3.14132E+00
        1629   1.95480E+02   1.20000E-01   2.18544E-01   3.03934E-04   4.82325E-04   0.00000E+00   2.81474E-03   1.00000E+00   0.00000E+00   3.87578E+00   9.19393E-16            16   3.18472E-10   3.14126E+00
        1630   1.95600E+02   1.20000E-01   2.18544E-01   3.02990E-04   4.81024E-04   0.00000E+00   2.89935E-03   1.00000E+00   0.00000E+00   3.87578E+00   7.73733E-16            16   3.46315E-10   3.14121E+00
        1631   1.95720E+02   1.20000E-01   2.18544E-01   3.02041E-04   4.79750E-04   0.00000E+00   2.98374E-03   1.00000E+00   0.00000E+00   3.87578E+00   6.89427E-16            16   3.34174E-10   3.14115E+00
        1632   1.95840E+02   1.20000E-01   2.18544E-01   3.01086E-04   4.78433E-04   0.00000E+00   3.06743E-03   1.00000E+00   0.00000E+00   3.87578E+00   6.58928E-16            16   3.50902E-10   3.14110E+00
        1633   1.95960E+02   1.20000E-01   2.18544E-01   3.00126E-04   4.77138E-04   0.00000E+00   3.15086E-03   1.00000E+00   0.00000E+00   3.87578E+00   7.27544E-16            16   3.46165E-10   3.14104E+00
        1634   1.96080E+02   1.20000E-01   2.18544E-01   2.99160E-04   4.75804E-04   0.00000E+00   3.23375E-03   1.00000E+00   0.00000E+00   3.87578E+00   7.22666E-16            16   3.54031E-10   3.14099E+00
        1635   1.96200E+02   1.20000E-01   2.18544E-01   2.98189E-04   4.74488E-04   0.00000E+00   3.31634E-03   1.00000E+00   0.00000E+00   3.87578E+00   8.06760E-16            16   3.23984E-10   3.14093E+00
        1636   1.96320E+02   1.20000E-01   2.18544E-01   2.97211E-04   4.73136E-04   0.00000E+00   3.39868E-03   1.00000E+00   0.00000E+00   3.87578E+00   8.35991E-16            16   3.72483E-10   3.14088E+00
        1637   1.96440E+02   1.20000E-01   2.18544E-01   2.96230E-04   4.71800E-04   0.00000E+00   3.48064E-03   1.00000E+00   0.00000E+00   3.87578E+00   8.75186E-16            16   3.49100E-10   3.14082E+00
        1638   1.96560E+02   1.20000E-01   2.18544E-01   2.95241E-04   4.70430E-04   0.00000E+00   3.56198E-03   1.00000E+00   0.00000E+00   3.87578E+00   8.62417E-16            16   3.32450E-10   3.14077E+00
        1639   1.96680E+02   1.20000E-01   2.18544E-01   2.94248E-04   4.69075E-04   0.00000E+00   3.64297E-03   1.00000E+00   0.00000E+00   3.87578E+00   8.46671E-16            16   3.34297E-10   3.14072E+00
        1640   1.96800E+02   1.20000E-01   2.18544E-01   2.93249E-04   4.67686E-04   0.00000E+00   3.72351E-03   1.00000E+00   0.00000E+00   3.87578E+00   8.58652E-16            16   3.37108E-10   3.14066E+00
        1641   1.96920E+02   1.20000E-01   2.18544E-01   2.92246E-04   4.66311E-04   0.00000E+00   3.80378E-03   1.00000E+00   0.00000E+00   3.87578E+00   8.80765E-16            16   3.38079E-10   3.14061E+00
        1642   1.97040E+02   1.20000E-01   2.18544E-01   2.91236E-04   4.64905E-04   0.00000E+00   3.88367E-03   1.00000E+00   0.00000E+00   3.87578E+00   9.15942E-16            16   3.39985E-10   3.14056E+00
        1643   1.97160E+02   1.20000E-01   2.18544E-01   2.90222E-04   4.63510E-04   0.00000E+00   3.96328E-03   1.00000E+00   0.00000E+00   3.87578E+00   9.20880E-16            16   3.40622E-10   3.14050E+00
        1644   1.97280E+02   1.20000E-01   2.18544E-01   2.89202E-04   4.62086E-04   0.00000E+00   4.04252E-03   1.00000E+00   0.00000E+00   3.87578E+00   9.39039E-16            16   3.41930E-10   3.14045E+00
        1645   1.97400E+02   1.20000E-01   2.18544E-01   2.88177E-04   4.60672E-04   0.00000E+00   4.12152E-03   1.00000E+00   0.00000E+00   3.87578E+00   9.49313E-16            16   3.42105E-10   3.14040E+00
        1646   1.97520E+02   1.20000E-01   2.18544E-01   2.87147E-04   4.59231E-04   0.00000E+00   4.20016E-03   1.00000E+00   0.00000E+00   3.87578E+00   9.67744E-16            16   3.42982E-10   3.14035E+00
        1647   1.97640E+02   1.20000E-01   2.18544E-01   2.86112E-04   4.57798E-04   0.00000E+00   4.27856E-03   1.00000E+00   0.00000E+00   3.87578E+00   9.87653E-16            16   3.42786E-10   3.14029E+00
        1648   1.97760E+02   1.20000E-01   2.18544E-01   2.85071E-04   4.56340E-04   0.00000E+00   4.35663E-03   1.00000E+00   0.00000E+00   3.87578E+00   1.00574E-15            16   3.43316E-10   3.14024E+00
        1649   1.97880E+02   1.20000E-01   2.18544E-01   2.84026E-04   4.54889E-04   0.00000E+00   4.43446E-03   1.00000E+00   0.00000E+00   3.87578E+00   1.02348E-15            16   3.42806E-10   3.14019E+00
        1650   1.98000E+02   1.20000E-01   2.18544E-01   2.82976E-04   4.53414E-04   0.00000E+00   4.51198E-03   1.00000E+00   0.00000E+00   3.87578E+00   1.03874E-15            16   3.43096E-10   3.14014E+00
        1651   1.98120E+02   1.20000E-01   2.18544E-01   2.81921E-04   4.51945E-04   0.00000E+00   4.58927E-03   1.00000E+00   0.00000E+00   3.87578E+00   1.05577E-15            16   3.42299E-10   3.14008E+00
        1652   1.98240E+02   1.20000E-01   2.18544E-01   2.80860E-04   4.50453E-04   0.00000E+00   4.66625E-03   1.00000E+00   0.00000E+00   3.87578E+00   1.06974E-15            16   3.42351E-10   3.14003E+00
        1653   1.98360E+02   1.20000E-01   2.18544E-01   2.79795E-04   4.48967E-04   0.00000E+00   4.74302E-03   1.00000E+00   0.00000E+00   3.87578E+00   1.08453E-15            16   3.41364E-10   3.13998E+00
        1654   1.98480E+02   1.20000E-01   2.18544E-01   2.78725E-04   4.47459E-04   0.00000E+00   4.81948E-03   1.00000E+00   0.00000E+00   3.87578E+00   1.09687E-15            16   3.41226E-10   3.13993E+00
        1655   1.98600E+02   1.20000E-01   2.18544E-01   2.77651E-04   4.45955E-04   0.00000E+00   4.89573E-03   1.00000E+00   0.00000E+00   3.87578E+00   1.10887E-15            16   3.40136E-10   3.13988E+00
        1656   1.98720E+02   1.20000E-01   2.18544E-01   2.76571E-04   4.44430E-04   0.00000E+00   4.97166E-03   1.00000E+00   0.00000E+00   3.87578E+00   1.12046E-15            16   3.39839E-10   3.13983E+00
        1657   1.98840E+02   1.20000E-01   2.18544E-01   2.75487E-04   4.42910E-04   0.00000E+00   5.04818E-03   1.00000E+00   0.00000E+00   3.87578E+00   1.13060E-15            16   3.38634E-10   3.13978E+00
        1658   1.98960E+02   1.20000E-01   2.18544E-01   2.74398E-04   4.41369E-04   0.00000E+00   5.12443E-03   1.00000E+00   0.00000E+00   3.87578E+00   1.14032E-15            16   3.38231E-10   3.13972E+00
        1659   1.99080E+02   1.20000E-01   2.18544E-01   2.73305E-04   4.39890E-04   0.00000E+00   5.20037E-03   1.00000E+00   0.00000E+00   3.87578E+00   1.14814E-15            16   3.36953E-10   3.13967E+00
        1660   1.99200E+02   1.20000E-01   2.18544E-01   2.72206E-04   4.38418E-04   0.00000E+00   5.27589E-03   1.00000E+00   0.00000E+00   3.87578E+00   1.15574E-15            16   3.36474E-10   3.13962E+00
        1661   1.99320E+02   1.20000E-01   2.18544E-01   2.71104E-04   4.36936E-04   0.00000E+00   5.35109E-03   1.00000E+00   0.00000E+00   3.87578E+00   1.16122E-15            16   3.35155E-10   3.13957E+00
        1662   1.99440E+02   1.20000E-01   2.18544E-01   2.69996E-04   4.35447E-04   0.00000E+00   5.42589E-03   1.00000E+00   0.00000E+00   3.87578E+00   1.16658E-15            16   3.34633E-10   3.13952E+00
        1663   1.99560E+02   1.20000E-01   2.18544E-01   2.68885E-04   4.33949E-04   0.00000E+00   5.50036E-03   1.00000E+00   0.00000E+00   3.87578E+00   1.16978E-15            16   3.33283E-10   3.13947E+00
        1664   1.99680E+02   1.20000E-01   2.18544E-01   2.67769E-04   4.32443E-04   0.00000E+00   5.57443E-03   1.00000E+00   0.00000E+00   3.87578E+00   1.17338E-15            16   3.32721E-10   3.13942E+00
        1665   1.99800E+02   1.20000E-01   2.18544E-01   2.66648E-04   4.30929E-04   0.00000E+00   5.64818E-03   1.00000E+00   0.00000E+00   3.87578E+00   1.17432E-15            16   3.31369E-10   3.13937E+00
        1666   1.99920E+02   1.20000E-01   2.18544E-01   2.65523E-04   4.29407E-04   0.00000E+00   5.72153E-03   1.00000E+00   0.00000E+00   3.87578E+00   1.17575E-15            16   3.30794E-10   3.13932E+00
        1667   2.00040E+02   1.20000E-01   2.18544E-01   2.64394E-04   4.27877E-04   0.00000E+00   5.79456E-03   1.00000E+00   0.00000E+00   3.87578E+00   1.17476E-15            16   3.29434E-10   3.13927E+00
        1668   2.00160E+02   1.20000E-01   2.18544E-01   2.63260E-04   4.26340E-04   0.00000E+00   5.86720E-03   1.00000E+00   0.00000E+00   3.87578E+00   1.17480E-15            16   3.28846E-10   3.13922E+00
        1669   2.00280E+02   1.20000E-01   2.18544E-01   2.62123E-04   4.24794E-04   0.00000E+00   5.93952E-03   1.00000E+00   0.00000E+00   3.87578E+00   1.17222E-15            16   3.27493E-10   3.13918E+00
        1670   2.00400E+02   1.20000E-01   2.18544E-01   2.60980E-04   4.23241E-04   0.00000E+00   6.01145E-03   1.00000E+00   0.00000E+00   3.87578E+00   1.17080E-15            16   3.26887E-10   3.13913E+00
        1671   2.00520E+02   1.20000E-01   2.18544E-01   2.59834E-04   4.21679E-04   0.00000E+00   6.08307E-03   1.00000E+00   0.00000E+00   3.87578E+00   1.16663E-15            16   3.25551E-10   3.13908E+00
        1672   2.00640E+02   1.20000E-01   2.18544E-01   2.58684E-04   4.20111E-04   0.00000E+00   6.15431E-03   1.00000E+00   0.00000E+00   3.87578E+00   1.16382E-15            16   3.24934E-10   3.13903E+00
        1673   2.00760E+02   1.20000E-01   2.18544E-01   2.57529E-04   4.18534E-04   0.00000E+00   6.22524E-03   1.00000E+00   0.00000E+00   3.87578E+00   1.16021E-15            16   3.23599E-10   3.13898E+00
        1674   2.00880E+02   1.20000E-01   2.18544E-01   2.56371E-04   4.16951E-04   0.00000E+00   6.29579E-03   1.00000E+00   0.00000E+00   3.87578E+00   1.16660E-15            16   3.22980E-10   3.13893E+00
        1675   2.01000E+02   1.20000E-01   2.18544E-01   2.55208E-04   4.15359E-04   0.00000E+00   6.36603E-03   1.00000E+00   0.00000E+00   3.87578E+00   1.16809E-15            16   3.21659E-10   3.13888E+00
        1676   2.01120E+02   1.20000E-01   2.18544E-01   2.54042E-04   4.13761E-04   0.00000E+00   6.43591E-03   1.00000E+00   0.00000E+00   3.87578E+00   1.17304E-15            16   3.21034E-10   3.13884E+00
        1677   2.01240E+02   1.20000E-01   2.18544E-01   2.52871E-04   4.12155E-04   0.00000E+00   6.50548E-03   1.00000E+00   0.00000E+00   3.87578E+00   1.17373E-15            16   3.19731E-10   3.13879E+00
        1678   2.01360E+02   1.20000E-01   2.18544E-01   2.51697E-04   4.10542E-04   0.00000E+00   6.57469E-03   1.00000E+00   0.00000E+00   3.87578E+00   1.17560E-15            16   3.19095E-10   3.13874E+00
        1679   2.01480E+02   1.20000E-01   2.18544E-01   2.50519E-04   4.08921E-04   0.00000E+00   6.64358E-03   1.00000E+00   0.00000E+00   3.87578E+00   1.17437E-15            16   3.17820E-10   3.13869E+00
        1680   2.01600E+02   1.20000E-01   2.18544E-01   2.49337E-04   4.07294E-04   0.00000E+00   6.71213E-03   1.00000E+00   0.00000E+00   3.87578E+00   1.17482E-15            16   3.17181E-10   3.13865E+00
        1681   2.01720E+02   1.20000E-01   2.18544E-01   2.48151E-04   4.05659E-04   0.00000E+00   6.78036E-03   1.00000E+00   0.00000E+00   3.87578E+00   1.17156E-15            16   3.15926E-10   3.13860E+00
        1682   2.01840E+02   1.20000E-01   2.18544E-01   2.46961E-04   4.04018E-04   0.00000E+00   6.84824E-03   1.00000E+00   0.00000E+00   3.87578E+00   1.17061E-15            16   3.15307E-10   3.13855E+00
        1683   2.01960E+02   1.20000E-01   2.18544E-01   2.45768E-04   4.02369E-04   0.00000E+00   6.91582E-03   1.00000E+00   0.00000E+00   3.87578E+00   1.16551E-15            16   3.14090E-10   3.13851E+00
        1684   2.02080E+02   1.20000E-01   2.18544E-01   2.44571E-04   4.00713E-04   0.00000E+00   6.98305E-03   1.00000E+00   0.00000E+00   3.87578E+00   1.16228E-15            16   3.13489E-10   3.13846E+00
        1685   2.02200E+02   1.20000E-01   2.18544E-01   2.43370E-04   3.99050E-04   0.00000E+00   7.04996E-03   1.00000E+00   0.00000E+00   3.87578E+00   1.15537E-15            16   3.12315E-10   3.13841E+00
        1686   2.02320E+02   1.20000E-01   2.18544E-01   2.42166E-04   3.97381E-04   0.00000E+00   7.11653E-03   1.00000E+00   0.00000E+00   3.87578E+00   1.15073E-15            16   3.11738E-10   3.13837E+00
        1687   2.02440E+02   1.20000E-01   2.18544E-01   2.40958E-04   3.95705E-04   0.00000E+00   7.18280E-03   1.00000E+00   0.00000E+00   3.87578E+00   1.14191E-15            16   3.10614E-10   3.13832E+00
        1688   2.02560E+02   1.20000E-01   2.18544E-01   2.39971E-04   3.94022E-04   0.00000E+00   7.24871E-03   1.00000E+00   0.00000E+00   3.87578E+00   1.13573E-15            16   3.10065E-10   3.13828E+00
        1689   2.02680E+02   1.20000E-01   2.18544E-01   2.39014E-04   3.92332E-04   0.00000E+00   7.31431E-03   1.00000E+00   0.00000E+00   3.87578E+00   1.12550E-15            16   3.08998E-10   3.13823E+00
        1690   2.02800E+02   1.20000E-01   2.18544E-01   2.38052E-04   3.90636E-04   0.00000E+00   7.37957E-03   1.00000E+00   0.00000E+00   3.87578E+00   1.11772E-15            16   3.08482E-10   3.13819E+00
        1691   2.02920E+02   1.20000E-01   2.18544E-01   2.37087E-04   3.88933E-04   0.00000E+00   7.44452E-03   1.00000E+00   0.00000E+00   3.87578E+00   1.10593E-15            16   3.07475E-10   3.13814E+00
        1692   2.03040E+02   1.20000E-01   2.18544E-01   2.36117E-04   3.87224E-04   0.00000E+00   7.50926E-03   1.00000E+00   0.00000E+00   3.87578E+00   1.09667E-15            16   3.06996E-10   3.13809E+00
        1693   2.03160E+02   1.20000E-01   2.18544E-01   2.35144E-04   3.85508E-04   0.00000E+00   7.57365E-03   1.00000E+00   0.00000E+00   3.87578E+00   1.08440E-15            16   3.06055E-10   3.13805E+00
        1694   2.03280E+02   1.20000E-01   2.18544E-01   2.34167E-04   3.83786E-04   0.00000E+00   7.63769E-03   1.00000E+00   0.00000E+00   3.87578E+00   1.07405E-15            16   3.05619E-10   3.13801E+00
        1695   2.03400E+02   1.20000E-01   2.18544E-01   2.33186E-04   3.82057E-04   0.00000E+00   7.70139E-03   1.00000E+00   0.00000E+00   3.87578E+00   1.05975E-15            16   3.04237E-10   3.13796E+00
        1696   2.03520E+02   1.20000E-01   2.18544E-01   2.32200E-04   3.80323E-04   0.00000E+00   7.76473E-03   1.00000E+00   0.00000E+00   3.87578E+00   1.04846E-15            16   3.04286E-10   3.13792E+00
        1697   2.03640E+02   1.20000E-01   2.18544E-01   2.31211E-04   3.78582E-04   0.00000E+00   7.82774E-03   1.00000E+00   0.00000E+00   3.87578E+00   1.03392E-15            16   3.03438E-10   3.13787E+00
        1698   2.03760E+02   1.20000E-01   2.18544E-01   2.30219E-04   3.76835E-04   0.00000E+00   7.89038E-03   1.00000E+00   0.00000E+00   3.87578E+00   1.02203E-15            16   3.02513E-10   3.13783E+00
        1699   2.03880E+02   1.20000E-01   2.18544E-01   2.29222E-04   3.75081E-04   0.00000E+00   7.95268E-03   1.00000E+00   0.00000E+00   3.87578E+00   1.00639E-15            16   3.02742E-10   3.13779E+00
        1700   2.04000E+02   1.20000E-01   2.18544E-01   2.28222E-04   3.73322E-04   0.00000E+00   8.01463E-03   1.00000E+00   0.00000E+00   3.87578E+00   9.92923E-16            16   3.02238E-10   3.13774E+00
        1701   2.04120E+02   1.20000E-01   2.18544E-01   2.27218E-04   3.71557E-04   0.00000E+00   8.07623E-03   1.00000E+00   0.00000E+00   3.87578E+00   9.77893E-16            16   3.01489E-10   3.13770E+00
        1702   2.04240E+02   1.20000E-01   2.18544E-01   2.26210E-04   3.69785E-04   0.00000E+00   8.13748E-03   1.00000E+00   0.00000E+00   3.87578E+00   9.67470E-16            16   3.02236E-10   3.13766E+00
        1703   2.04360E+02   1.20000E-01   2.18544E-01   2.25199E-04   3.68008E-04   0.00000E+00   8.19836E-03   1.00000E+00   0.00000E+00   3.87578E+00   9.57325E-16            16   3.05013E-10   3.13761E+00
        1704   2.04480E+02   1.20000E-01   2.18544E-01   2.24184E-04   3.66225E-04   0.00000E+00   8.25889E-03   1.00000E+00   0.00000E+00   3.87578E+00   9.29413E-16            16   2.95891E-10   3.13757E+00
        1705   2.04600E+02   1.20000E-01   2.18544E-01   2.23166E-04   3.64436E-04   0.00000E+00   8.31910E-03   1.00000E+00   0.00000E+00   3.87578E+00   9.26626E-16            16   2.99774E-10   3.13753E+00
        1706   2.04720E+02   1.20000E-01   2.18544E-01   2.22144E-04   3.62642E-04   0.00000E+00   8.37895E-03   1.00000E+00   0.00000E+00   3.87578E+00   9.11255E-16            16   2.99368E-10   3.13749E+00
        1707   2.04840E+02   1.20000E-01   2.18544E-01   2.21119E-04   3.60842E-04   0.00000E+00   8.43845E-03   1.00000E+00   0.00000E+00   3.87578E+00   8.94064E-16            16   2.98931E-10   3.13744E+00
        1708   2.04960E+02   1.20000E-01   2.18544E-01   2.20090E-04   3.59036E-04   0.00000E+00   8.49760E-03   1.00000E+00   0.00000E+00   3.87578E+00   8.79998E-16            16   2.98761E-10   3.13740E+00
        1709   2.05080E+02   1.20000E-01   2.18544E-01   2.19058E-04   3.57225E-04   0.00000E+00   8.55640E-03   1.00000E+00   0.00000E+00   3.87578E+00   8.63196E-16            16   2.98352E-10   3.13736E+00
        1710   2.05200E+02   1.20000E-01   2.18544E-01   2.18022E-04   3.55408E-04   0.00000E+00   8.61484E-03   1.00000E+00   0.00000E+00   3.87578E+00   8.50194E-16            16   2.98231E-10   3.13732E+00
        1711   2.05320E+02   1.20000E-01   2.18544E-01   2.16983E-04   3.53586E-04   0.00000E+00   8.67293E-03   1.00000E+00   0.00000E+00   3.87578E+00   8.33272E-16            16   2.97886E-10   3.13728E+00
        1712   2.05440E+02   1.20000E-01   2.18544E-01   2.15940E-04   3.51759E-04   0.00000E+00   8.73067E-03   1.00000E+00   0.00000E+00   3.87578E+00   8.19774E-16            16   2.97806E-10   3.13724E+00
        1713   2.05560E+02   1.20000E-01   2.18544E-01   2.14895E-04   3.49926E-04   0.00000E+00   8.78805E-03   1.00000E+00   0.00000E+00   3.87578E+00   8.03024E-16            16   2.97520E-10   3.13719E+00
        1714   2.05680E+02   1.20000E-01   2.18544E-01   2.13846E-04   3.48088E-04   0.00000E+00   8.84507E-03   1.00000E+00   0.00000E+00   3.87578E+00   7.89166E-16            16   2.97481E-10   3.13715E+00
        1715   2.05800E+02   1.20000E-01   2.18544E-01   2.12794E-04   3.46245E-04   0.00000E+00   8.90175E-03   1.00000E+00   0.00000E+00   3.87578E+00   7.72850E-16            16   2.97271E-10   3.13711E+00
        1716   2.05920E+02   1.20000E-01   2.18544E-01   2.11739E-04   3.44397E-04   0.00000E+00   8.95806E-03   1.00000E+00   0.00000E+00   3.87578E+00   7.58671E-16            16   2.97300E-10   3.13707E+00
        1717   2.06040E+02   1.20000E-01   2.18544E-01   2.10680E-04   3.42543E-04   0.00000E+00   9.01402E-03   1.00000E+00   0.00000E+00   3.87578E+00   7.43183E-16            16   2.97166E-10   3.13703E+00
        1718   2.06160E+02   1.20000E-01   2.18544E-01   2.09619E-04   3.40685E-04   0.00000E+00   9.06962E-03   1.00000E+00   0.00000E+00   3.87578E+00   7.42802E-16            16   2.97240E-10   3.13699E+00
        1719   2.06280E+02   1.20000E-01   2.18544E-01   2.08554E-04   3.38822E-04   0.00000E+00   9.12486E-03   1.00000E+00   0.00000E+00   3.87578E+00   7.44086E-16            16   2.97191E-10   3.13695E+00
        1720   2.06400E+02   1.20000E-01   2.18544E-01   2.07486E-04   3.36954E-04   0.00000E+00   9.17974E-03   1.00000E+00   0.00000E+00   3.87578E+00   7.44156E-16            16   2.97302E-10   3.13691E+00
        1721   2.06520E+02   1.20000E-01   2.18544E-01   2.06416E-04   3.35081E-04   0.00000E+00   9.23427E-03   1.00000E+00   0.00000E+00   3.87578E+00   7.45140E-16            16   2.97263E-10   3.13687E+00
        1722   2.06640E+02   1.20000E-01   2.18544E-01   2.05342E-04   3.33203E-04   0.00000E+00   9.28843E-03   1.00000E+00   0.00000E+00   3.87578E+00   7.44530E-16            16   2.97253E-10   3.13684E+00
        1723   2.06760E+02   1.20000E-01   2.18544E-01   2.04265E-04   3.31321E-04   0.00000E+00   9.34224E-03   1.00000E+00   0.00000E+00   3.87578E+00   7.44663E-16            16   2.97274E-10   3.13680E+00
        1724   2.06880E+02   1.20000E-01   2.18544E-01   2.03186E-04   3.29434E-04   0.00000E+00   9.39569E-03   1.00000E+00   0.00000E+00   3.87578E+00   7.44415E-16            16   2.97283E-10   3.13676E+00
        1725   2.07000E+02   1.20000E-01   2.18544E-01   2.02103E-04   3.27542E-04   0.00000E+00   9.44877E-03   1.00000E+00   0.00000E+00   3.87578E+00   7.44320E-16            16   2.97352E-10   3.13672E+00
        1726   2.07120E+02   1.20000E-01   2.18544E-01   2.01018E-04   3.25646E-04   0.00000E+00   9.50149E-03   1.00000E+00   0.00000E+00   3.87578E+00   7.43848E-16            16   2.97571E-10   3.13668E+00
        1727   2.07240E+02   1.20000E-01   2.18544E-01   1.99930E-04   3.23745E-04   0.00000E+00   9.55385E-03   1.00000E+00   0.00000E+00   3.87578E+00   7.43728E-16            16   2.97782E-10   3.13664E+00
        1728   2.07360E+02   1.20000E-01   2.18544E-01   1.98839E-04   3.21840E-04   0.00000E+00   9.60585E-03   1.00000E+00   0.00000E+00   3.87578E+00   7.43032E-16            16   2.98044E-10   3.13661E+00
        1729   2.07480E+02   1.20000E-01   2.18544E-01   1.97746E-04   3.19931E-04   0.00000E+00   9.65748E-03   1.00000E+00   0.00000E+00   3.87578E+00   7.42115E-16            16   2.98233E-10   3.13657E+00
        1730   2.07600E+02   1.20000E-01   2.18544E-01   1.96649E-04   3.18018E-04   0.00000E+00   9.70875E-03   1.00000E+00   0.00000E+00   3.87578E+00   7.41320E-16            16   2.98555E-10   3.13653E+00
        1731   2.07720E+02   1.20000E-01   2.18544E-01   1.95551E-04   3.16100E-04   0.00000E+00   9.75967E-03   1.00000E+00   0.00000E+00   3.87578E+00   7.40026E-16            16   2.98750E-10   3.13649E+00
        1732   2.07840E+02   1.20000E-01   2.18544E-01   1.94449E-04   3.14178E-04   0.00000E+00   9.81021E-03   1.00000E+00   0.00000E+00   3.87578E+00   7.38865E-16            16   2.99095E-10   3.13646E+00
        1733   2.07960E+02   1.20000E-01   2.18544E-01   1.93345E-04   3.12252E-04   0.00000E+00   9.86039E-03   1.00000E+00   0.00000E+00   3.87578E+00   7.37776E-16            16   2.99392E-10   3.13642E+00
        1734   2.08080E+02   1.20000E-01   2.18544E-01   1.92238E-04   3.10322E-04   0.00000E+00   9.91021E-03   1.00000E+00   0.00000E+00   3.87578E+00   7.36318E-16            16   2.99753E-10   3.13638E+00
        1735   2.08200E+02   1.20000E-01   2.18544E-01   1.91129E-04   3.08388E-04   0.00000E+00   9.95965E-03   1.00000E+00   0.00000E+00   3.87578E+00   7.34995E-16            16   3.00086E-10   3.13635E+00
        1736   2.08320E+02   1.20000E-01   2.18544E-01   1.90017E-04   3.06450E-04   0.00000E+00   1.00087E-02   1.00000E+00   0.00000E+00   3.87578E+00   7.32813E-16            16   3.00484E-10   3.13631E+00
        1737   2.08440E+02   1.20000E-01   2.18544E-01   1.88903E-04   3.04508E-04   0.00000E+00   1.00574E-02   1.00000E+00   0.00000E+00   3.87578E+00   7.30852E-16            16   3.00859E-10   3.13627E+00
        1738   2.08560E+02   1.20000E-01   2.18544E-01   1.87786E-04   3.02563E-04   0.00000E+00   1.01058E-02   1.00000E+00   0.00000E+00   3.87578E+00   7.28758E-16            16   3.01291E-10   3.13624E+00
        1739   2.08680E+02   1.20000E-01   2.18544E-01   1.86667E-04   3.00613E-04   0.00000E+00   1.01538E-02   1.00000E+00   0.00000E+00   3.87578E+00   7.26725E-16            16   3.01706E-10   3.13620E+00
        1740   2.08800E+02   1.20000E-01   2.18544E-01   1.85546E-04   2.98660E-04   0.00000E+00   1.02014E-02   1.00000E+00   0.00000E+00   3.87578E+00   7.24307E-16            16   3.02170E-10   3.13617E+00
        1741   2.08920E+02   1.20000E-01   2.18544E-01   1.84422E-04   2.96704E-04   0.00000E+00   1.02486E-02   1.00000E+00   0.00000E+00   3.87578E+00   7.22392E-16            16   3.02621E-10   3.13613E+00
        1742   2.09040E+02   1.20000E-01   2.18544E-01   1.83296E-04   2.94744E-04   0.00000E+00   1.02955E-02   1.00000E+00   0.00000E+00   3.87578E+00   7.19540E-16            16   3.03116E-10   3.13610E+00
        1743   2.09160E+02   1.20000E-01   2.18544E-01   1.82168E-04   2.92780E-04   0.00000E+00   1.03419E-02   1.00000E+00   0.00000E+00   3.87578E+00   7.16972E-16            16   3.03601E-10   3.13606E+00
        1744   2.09280E+02   1.20000E-01   2.18544E-01   1.81037E-04   2.90813E-04   0.00000E+00   1.03881E-02   1.00000E+00   0.00000E+00   3.87578E+00   7.14266E-16            16   3.04124E-10   3.13603E+00
        1745   2.09400E+02   1.20000E-01   2.18544E-01   1.79904E-04   2.88843E-04   0.00000E+00   1.04338E-02   1.00000E+00   0.00000E+00   3.87578E+00   7.11416E-16            16   3.04657E-10   3.13600E+00
        1746   2.09520E+02   1.20000E-01   2.18544E-01   1.78769E-04   2.86869E-04   0.00000E+00   1.04792E-02   1.00000E+00   0.00000E+00   3.87578E+00   7.07855E-16            16   3.05186E-10   3.13596E+00
        1747   2.09640E+02   1.20000E-01   2.18544E-01   1.77632E-04   2.84892E-04   0.00000E+00   1.05242E-02   1.00000E+00   0.00000E+00   3.87578E+00   7.05228E-16            16   3.05733E-10   3.13593E+00
        1748   2.09760E+02   1.20000E-01   2.18544E-01   1.76493E-04   2.82912E-04   0.00000E+00   1.05689E-02   1.00000E+00   0.00000E+00   3.87578E+00   7.01770E-16            16   3.06307E-10   3.13589E+00
        1749   2.09880E+02   1.20000E-01   2.18544E-01   1.75352E-04   2.80929E-04   0.00000E+00   1.06131E-02   1.00000E+00   0.00000E+00   3.87578E+00   6.98527E-16            16   3.06881E-10   3.13586E+00
        1750   2.10000E+02   1.20000E-01   2.18544E-01   1.74209E-04   2.78943E-04   0.00000E+00   1.06570E-02   1.00000E+00   0.00000E+00   3.87578E+00   6.94886E-16            16   3.07477E-10   3.13583E+00
        1751   2.10120E+02   1.20000E-01   2.18544E-01   1.73064E-04   2.76954E-04   0.00000E+00   1.07006E-02   1.00000E+00   0.00000E+00   3.87578E+00   6.91062E-16            16   3.08076E-10   3.13579E+00
        1752   2.10240E+02   1.20000E-01   2.18544E-01   1.71917E-04   2.74962E-04   0.00000E+00   1.07437E-02   1.00000E+00   0.00000E+00   3.87578E+00   6.87286E-16            16   3.08694E-10   3.13576E+00
        1753   2.10360E+02   1.20000E-01   2.18544E-01   1.70768E-04   2.72967E-04   0.00000E+00   1.07865E-02   1.00000E+00   0.00000E+00   3.87578E+00   6.83584E-16            16   3.09315E-10   3.13573E+00
        1754   2.10480E+02   1.20000E-01   2.18544E-01   1.69617E-04   2.70969E-04   0.00000E+00   1.08289E-02   1.00000E+00   0.00000E+00   3.87578E+00   6.79257E-16            16   3.09933E-10   3.13570E+00
        1755   2.10600E+02   1.20000E-01   2.18544E-01   1.68464E-04   2.68968E-04   0.00000E+00   1.08710E-02   1.00000E+00   0.00000E+00   3.87578E+00   6.75463E-16            16   3.10597E-10   3.13567E+00
        1756   2.10720E+02   1.20000E-01   2.18544E-01   1.67309E-04   2.66965E-04   0.00000E+00   1.09126E-02   1.00000E+00   0.00000E+00   3.87578E+00   6.71072E-16            16   3.11251E-10   3.13563E+00
        1757   2.10840E+02   1.20000E-01   2.18544E-01   1.66153E-04   2.64959E-04   0.00000E+00   1.09539E-02   1.00000E+00   0.00000E+00   3.87578E+00   6.66796E-16            16   3.11912E-10   3.13560E+00
        1758   2.10960E+02   1.20000E-01   2.18544E-01   1.65046E-04   2.62950E-04   0.00000E+00   1.09949E-02   1.00000E+00   0.00000E+00   3.87578E+00   6.62442E-16            16   3.12582E-10   3.13557E+00
        1759   2.11080E+02   1.20000E-01   2.18544E-01   1.64113E-04   2.60939E-04   0.00000E+00   1.10354E-02   1.00000E+00   0.00000E+00   3.87578E+00   6.57929E-16            16   3.13260E-10   3.13554E+00
        1760   2.11200E+02   1.20000E-01   2.18544E-01   1.63178E-04   2.59026E-04   0.00000E+00   1.10756E-02   1.00000E+00   0.00000E+00   3.87578E+00   6.53455E-16            16   3.13948E-10   3.13551E+00
        1761   2.11320E+02   1.20000E-01   2.18544E-01   1.62241E-04   2.57213E-04   0.00000E+00   1.11154E-02   1.00000E+00   0.00000E+00   3.87578E+00   6.48357E-16            16   3.14642E-10   3.13548E+00
        1762   2.11440E+02   1.20000E-01   2.18544E-01   1.61302E-04   2.55397E-04   0.00000E+00   1.11548E-02   1.00000E+00   0.00000E+00   3.87578E+00   6.43355E-16            16   3.15345E-10   3.13545E+00
        1763   2.11560E+02   1.20000E-01   2.18544E-01   1.60361E-04   2.53579E-04   0.00000E+00   1.11939E-02   1.00000E+00   0.00000E+00   3.87578E+00   6.38330E-16            16   3.16055E-10   3.13542E+00
        1764   2.11680E+02   1.20000E-01   2.18544E-01   1.59418E-04   2.51758E-04   0.00000E+00   1.12326E-02   1.00000E+00   0.00000E+00   3.87578E+00   6.33325E-16            16   3.16773E-10   3.13539E+00
        1765   2.11800E+02   1.20000E-01   2.18544E-01   1.58472E-04   2.49934E-04   0.00000E+00   1.12709E-02   1.00000E+00   0.00000E+00   3.87578E+00   6.28384E-16            16   3.17502E-10   3.13536E+00
        1766   2.11920E+02   1.20000E-01   2.18544E-01   1.57525E-04   2.48107E-04   0.00000E+00   1.13088E-02   1.00000E+00   0.00000E+00   3.87578E+00   6.22993E-16            16   3.18238E-10   3.13533E+00
        1767   2.12040E+02   1.20000E-01   2.18544E-01   1.56575E-04   2.46278E-04   0.00000E+00   1.13464E-02   1.00000E+00   0.00000E+00   3.87578E+00   6.17897E-16            16   3.18983E-10   3.13530E+00
        1768   2.12160E+02   1.20000E-01   2.18544E-01   1.55624E-04   2.44446E-04   0.00000E+00   1.13836E-02   1.00000E+00   0.00000E+00   3.87578E+00   6.12717E-16            16   3.19735E-10   3.13527E+00
        1769   2.12280E+02   1.20000E-01   2.18544E-01   1.54670E-04   2.42612E-04   0.00000E+00   1.14204E-02   1.00000E+00   0.00000E+00   3.87578E+00   6.07139E-16            16   3.20484E-10   3.13524E+00
        1770   2.12400E+02   1.20000E-01   2.18544E-01   1.53715E-04   2.40776E-04   0.00000E+00   1.14569E-02   1.00000E+00   0.00000E+00   3.87578E+00   6.01665E-16            16   3.21220E-10   3.13521E+00
        1771   2.12520E+02   1.20000E-01   2.18544E-01   1.52758E-04   2.38937E-04   0.00000E+00   1.14930E-02   1.00000E+00   0.00000E+00   3.87578E+00   5.95779E-16            16   3.21943E-10   3.13518E+00
        1772   2.12640E+02   1.20000E-01   2.18544E-01   1.51799E-04   2.37096E-04   0.00000E+00   1.15287E-02   1.00000E+00   0.00000E+00   3.87578E+00   5.78139E-16            16   3.17667E-10   3.13516E+00
        1773   2.12760E+02   1.20000E-01   2.18544E-01   1.50838E-04   2.35253E-04   0.00000E+00   1.15640E-02   1.00000E+00   0.00000E+00   3.87578E+00   5.97105E-16            16   3.30700E-10   3.13513E+00
        1774   2.12880E+02   1.20000E-01   2.18544E-01   1.49875E-04   2.33407E-04   0.00000E+00   1.15989E-02   1.00000E+00   0.00000E+00   3.87578E+00   5.74539E-16            16   3.21864E-10   3.13510E+00
        1775   2.13000E+02   1.20000E-01   2.18544E-01   1.48910E-04   2.31560E-04   0.00000E+00   1.16335E-02   1.00000E+00   0.00000E+00   3.87578E+00   5.73114E-16            16   3.25255E-10   3.13507E+00
        1776   2.13120E+02   1.20000E-01   2.18544E-01   1.47944E-04   2.29710E-04   0.00000E+00   1.16677E-02   1.00000E+00   0.00000E+00   3.87578E+00   5.66985E-16            16   3.25807E-10   3.13505E+00
        1777   2.13240E+02   1.20000E-01   2.18544E-01   1.46976E-04   2.27858E-04   0.00000E+00   1.17016E-02   1.00000E+00   0.00000E+00   3.87578E+00   5.60732E-16            16   3.26546E-10   3.13502E+00
        1778   2.13360E+02   1.20000E-01   2.18544E-01   1.46006E-04   2.26004E-04   0.00000E+00   1.17350E-02   1.00000E+00   0.00000E+00   3.87578E+00   5.54666E-16            16   3.27326E-10   3.13499E+00
        1779   2.13480E+02   1.20000E-01   2.18544E-01   1.45034E-04   2.24149E-04   0.00000E+00   1.17681E-02   1.00000E+00   0.00000E+00   3.87578E+00   5.48264E-16            16   3.28159E-10   3.13496E+00
        1780   2.13600E+02   1.20000E-01   2.18544E-01   1.44061E-04   2.22291E-04   0.00000E+00   1.18008E-02   1.00000E+00   0.00000E+00   3.87578E+00   5.42164E-16            16   3.28928E-10   3.13494E+00
        1781   2.13720E+02   1.20000E-01   2.18544E-01   1.43086E-04   2.20432E-04   0.00000E+00   1.18332E-02   1.00000E+00   0.00000E+00   3.87578E+00   5.35845E-16            16   3.29756E-10   3.13491E+00
        1782   2.13840E+02   1.20000E-01   2.18544E-01   1.42110E-04   2.18571E-04   0.00000E+00   1.18652E-02   1.00000E+00   0.00000E+00   3.87578E+00   5.29626E-16            16   3.30582E-10   3.13489E+00
        1783   2.13960E+02   1.20000E-01   2.18544E-01   1.41132E-04   2.16708E-04   0.00000E+00   1.18968E-02   1.00000E+00   0.00000E+00   3.87578E+00   5.23113E-16            16   3.31413E-10   3.13486E+00
        1784   2.14080E+02   1.20000E-01   2.18544E-01   1.40152E-04   2.14843E-04   0.00000E+00   1.19280E-02   1.00000E+00   0.00000E+00   3.87578E+00   5.16539E-16            16   3.32252E-10   3.13484E+00
        1785   2.14200E+02   1.20000E-01   2.18544E-01   1.39171E-04   2.12977E-04   0.00000E+00   1.19588E-02   1.00000E+00   0.00000E+00   3.87578E+00   5.10463E-16            16   3.33097E-10   3.13481E+00
        1786   2.14320E+02   1.20000E-01   2.18544E-01   1.38189E-04   2.11110E-04   0.00000E+00   1.19893E-02   1.00000E+00   0.00000E+00   3.87578E+00   5.03942E-16            16   3.33951E-10   3.13479E+00
        1787   2.14440E+02   1.20000E-01   2.18544E-01   1.37205E-04   2.09241E-04   0.00000E+00   1.20194E-02   1.00000E+00   0.00000E+00   3.87578E+00   4.97287E-16            16   3.34814E-10   3.13476E+00
        1788   2.14560E+02   1.20000E-01   2.18544E-01   1.36220E-04   2.07370E-04   0.00000E+00   1.20492E-02   1.00000E+00   0.00000E+00   3.87578E+00   4.90818E-16            16   3.35685E-10   3.13474E+00
        1789   2.14680E+02   1.20000E-01   2.18544E-01   1.35233E-04   2.05498E-04   0.00000E+00   1.20785E-02   1.00000E+00   0.00000E+00   3.87578E+00   4.84348E-16            16   3.36565E-10   3.13471E+00
        1790   2.14800E+02   1.20000E-01   2.18544E-01   1.34245E-04   2.03625E-04   0.00000E+00   1.21075E-02   1.00000E+00   0.00000E+00   3.87578E+00   4.77640E-16            16   3.37458E-10   3.13469E+00
        1791   2.14920E+02   1.20000E-01   2.18544E-01   1.33256E-04   2.01750E-04   0.00000E+00   1.21361E-02   1.00000E+00   0.00000E+00   3.87578E+00   4.70958E-16            16   3.38360E-10   3.13466E+00
        1792   2.15040E+02   1.20000E-01   2.18544E-01   1.32265E-04   1.99874E-04   0.00000E+00   1.21644E-02   1.00000E+00   0.00000E+00   3.87578E+00   4.64330E-16            16   3.39273E-10   3.13464E+00
        1793   2.15160E+02   1.20000E-01   2.18544E-01   1.31273E-04   1.97997E-04   0.00000E+00   1.21923E-02   1.00000E+00   0.00000E+00   3.87578E+00   4.57811E-16            16   3.40200E-10   3.13462E+00
        1794   2.15280E+02   1.20000E-01   2.18544E-01   1.30280E-04   1.96119E-04   0.00000E+00   1.22198E-02   1.00000E+00   0.00000E+00   3.87578E+00   4.51024E-16            16   3.41139E-10   3.13459E+00
        1795   2.15400E+02   1.20000E-01   2.18544E-01   1.29285E-04   1.94240E-04   0.00000E+00   1.22469E-02   1.00000E+00   0.00000E+00   3.87578E+00   4.44291E-16            16   3.42093E-10   3.13457E+00
        1796   2.15520E+02   1.20000E-01   2.18544E-01   1.28290E-04   1.92359E-04   0.00000E+00   1.22736E-02   1.00000E+00   0.00000E+00   3.87578E+00   4.37484E-16            16   3.43060E-10   3.13455E+00
        1797   2.15640E+02   1.20000E-01   2.18544E-01   1.27293E-04   1.90478E-04   0.00000E+00   1.23000E-02   1.00000E+00   0.00000E+00   3.87578E+00   4.30970E-16            16   3.44043E-10   3.13453E+00
        1798   2.15760E+02   1.20000E-01   2.18544E-01   1.26295E-04   1.88596E-04   0.00000E+00   1.23261E-02   1.00000E+00   0.00000E+00   3.87578E+00   4.26899E-16            16   3.45065E-10   3.13450E+00
        1799   2.15880E+02   1.20000E-01   2.18544E-01   1.25296E-04   1.86713E-04   0.00000E+00   1.23517E-02   1.00000E+00   0.00000E+00   3.87578E+00   4.28656E-16            16   3.46019E-10   3.13448E+00
        1800   2.16000E+02   1.20000E-01   2.18544E-01   1.24296E-04   1.84829E-04   0.00000E+00   1.23770E-02   1.00000E+00   0.00000E+00   3.87578E+00   4.30206E-16            16   3.47104E-10   3.13446E+00
        1801   2.16120E+02   1.20000E-01   2.18544E-01   1.23295E-04   1.82944E-04   0.00000E+00   1.24019E-02   1.00000E+00   0.00000E+00   3.87578E+00   4.31702E-16            16   3.48158E-10   3.13444E+00
        1802   2.16240E+02   1.20000E-01   2.18544E-01   1.22293E-04   1.81095E-04   0.00000E+00   1.24264E-02   1.00000E+00   0.00000E+00   3.87578E+00   4.32914E-16            16   3.49231E-10   3.13442E+00
        1803   2.16360E+02   1.20000E-01   2.18544E-01   1.21289E-04   1.79469E-04   0.00000E+00   1.24506E-02   1.00000E+00   0.00000E+00   3.87578E+00   4.34126E-16            16   3.50326E-10   3.13440E+00
        1804   2.16480E+02   1.20000E-01   2.18544E-01   1.20285E-04   1.77843E-04   0.00000E+00   1.24744E-02   1.00000E+00   0.00000E+00   3.87578E+00   4.35043E-16            16   3.51439E-10   3.13437E+00
        1805   2.16600E+02   1.20000E-01   2.18544E-01   1.19280E-04   1.76215E-04   0.00000E+00   1.24978E-02   1.00000E+00   0.00000E+00   3.87578E+00   4.36097E-16            16   3.52591E-10   3.13435E+00
        1806   2.16720E+02   1.20000E-01   2.18544E-01   1.18274E-04   1.74586E-04   0.00000E+00   1.25209E-02   1.00000E+00   0.00000E+00   3.87578E+00   4.36477E-16            16   3.53732E-10   3.13433E+00
        1807   2.16840E+02   1.20000E-01   2.18544E-01   1.17267E-04   1.72956E-04   0.00000E+00   1.25436E-02   1.00000E+00   0.00000E+00   3.87578E+00   4.37187E-16            16   3.54943E-10   3.13431E+00
        1808   2.16960E+02   1.20000E-01   2.18544E-01   1.16260E-04   1.71325E-04   0.00000E+00   1.25659E-02   1.00000E+00   0.00000E+00   3.87578E+00   4.37559E-16            16   3.56141E-10   3.13429E+00
        1809   2.17080E+02   1.20000E-01   2.18544E-01   1.15251E-04   1.69693E-04   0.00000E+00   1.25879E-02   1.00000E+00   0.00000E+00   3.87578E+00   4.37957E-16            16   3.57397E-10   3.13427E+00
        1810   2.17200E+02   1.20000E-01   2.18544E-01   1.14242E-04   1.68060E-04   0.00000E+00   1.26095E-02   1.00000E+00   0.00000E+00   3.87578E+00   4.37877E-16            16   3.58601E-10   3.13425E+00
        1811   2.17320E+02   1.20000E-01   2.18544E-01   1.13232E-04   1.66427E-04   0.00000E+00   1.26307E-02   1.00000E+00   0.00000E+00   3.87578E+00   4.38012E-16            16   3.59863E-10   3.13424E+00
        1812   2.17440E+02   1.20000E-01   2.18544E-01   1.12221E-04   1.64793E-04   0.00000E+00   1.26515E-02   1.00000E+00   0.00000E+00   3.87578E+00   4.38127E-16            16   3.61185E-10   3.13422E+00
        1813   2.17560E+02   1.20000E-01   2.18544E-01   1.11209E-04   1.63158E-04   0.00000E+00   1.26720E-02   1.00000E+00   0.00000E+00   3.87578E+00   4.37605E-16            16   3.62524E-10   3.13420E+00
        1814   2.17680E+02   1.20000E-01   2.18544E-01   1.10345E-04   1.61522E-04   0.00000E+00   1.26921E-02   1.00000E+00   0.00000E+00   3.87578E+00   4.37507E-16            16   3.63919E-10   3.13418E+00
        1815   2.17800E+02   1.20000E-01   2.18544E-01   1.09523E-04   1.59886E-04   0.00000E+00   1.27119E-02   1.00000E+00   0.00000E+00   3.87578E+00   4.37104E-16            16   3.65328E-10   3.13416E+00
        1816   2.17920E+02   1.20000E-01   2.18544E-01   1.08700E-04   1.58249E-04   0.00000E+00   1.27313E-02   1.00000E+00   0.00000E+00   3.87578E+00   4.36677E-16            16   3.66882E-10   3.13414E+00
        1817   2.18040E+02   1.20000E-01   2.18544E-01   1.07876E-04   1.56612E-04   0.00000E+00   1.27503E-02   1.00000E+00   0.00000E+00   3.87578E+00   4.36324E-16            16   3.68522E-10   3.13412E+00
        1818   2.18160E+02   1.20000E-01   2.18544E-01   1.07050E-04   1.54974E-04   0.00000E+00   1.27690E-02   1.00000E+00   0.00000E+00   3.87578E+00   4.35408E-16            16   3.70078E-10   3.13411E+00
        1819   2.18280E+02   1.20000E-01   2.18544E-01   1.06224E-04   1.53336E-04   0.00000E+00   1.27872E-02   1.00000E+00   0.00000E+00   3.87578E+00   4.34557E-16            16   3.71676E-10   3.13409E+00
        1820   2.18400E+02   1.20000E-01   2.18544E-01   1.05397E-04   1.51697E-04   0.00000E+00   1.28052E-02   1.00000E+00   0.00000E+00   3.87578E+00   4.33671E-16            16   3.73318E-10   3.13407E+00
        1821   2.18520E+02   1.20000E-01   2.18544E-01   1.04569E-04   1.50058E-04   0.00000E+00   1.28227E-02   1.00000E+00   0.00000E+00   3.87578E+00   4.32519E-16            16   3.74975E-10   3.13406E+00
        1822   2.18640E+02   1.20000E-01   2.18544E-01   1.03740E-04   1.48418E-04   0.00000E+00   1.28399E-02   1.00000E+00   0.00000E+00   3.87578E+00   4.31139E-16            16   3.76726E-10   3.13404E+00
        1823   2.18760E+02   1.20000E-01   2.18544E-01   1.02910E-04   1.46779E-04   0.00000E+00   1.28568E-02   1.00000E+00   0.00000E+00   3.87578E+00   4.30046E-16            16   3.78610E-10   3.13402E+00
        1824   2.18880E+02   1.20000E-01   2.18544E-01   1.02079E-04   1.45139E-04   0.00000E+00   1.28732E-02   1.00000E+00   0.00000E+00   3.87578E+00   4.28847E-16            16   3.80475E-10   3.13401E+00
        1825   2.19000E+02   1.20000E-01   2.18544E-01   1.01247E-04   1.43498E-04   0.00000E+00   1.28893E-02   1.00000E+00   0.00000E+00   3.87578E+00   4.27723E-16            16   3.82398E-10   3.13399E+00
        1826   2.19120E+02   1.20000E-01   2.18544E-01   1.00415E-04   1.41858E-04   0.00000E+00   1.29051E-02   1.00000E+00   0.00000E+00   3.87578E+00   4.26711E-16            16   3.84337E-10   3.13397E+00
        1827   2.19240E+02   1.20000E-01   2.18544E-01   9.95811E-05   1.40218E-04   0.00000E+00   1.29205E-02   1.00000E+00   0.00000E+00   3.87578E+00   4.25291E-16            16   3.86365E-10   3.13396E+00
        1828   2.19360E+02   1.20000E-01   2.18544E-01   9.87469E-05   1.38577E-04   0.00000E+00   1.29355E-02   1.00000E+00   0.00000E+00   3.87578E+00   4.23423E-16            16   3.88455E-10   3.13394E+00
        1829   2.19480E+02   1.20000E-01   2.18544E-01   9.79118E-05   1.36937E-04   0.00000E+00   1.29502E-02   1.00000E+00   0.00000E+00   3.87578E+00   4.22236E-16            16   3.90564E-10   3.13393E+00
        1830   2.19600E+02   1.20000E-01   2.18544E-01   9.70761E-05   1.35296E-04   0.00000E+00   1.29645E-02   1.00000E+00   0.00000E+00   3.87578E+00   4.20191E-16            16   3.92707E-10   3.13391E+00
        1831   2.19720E+02   1.20000E-01   2.18544E-01   9.62396E-05   1.33656E-04   0.00000E+00   1.29784E-02   1.00000E+00   0.00000E+00   3.87578E+00   4.18522E-16            16   3.94846E-10   3.13390E+00
        1832   2.19840E+02   1.20000E-01   2.18544E-01   9.54024E-05   1.32015E-04   0.00000E+00   1.29920E-02   1.00000E+00   0.00000E+00   3.87578E+00   4.16406E-16            16   3.97227E-10   3.13388E+00
        1833   2.19960E+02   1.20000E-01   2.18544E-01   9.45645E-05   1.30375E-04   0.00000E+00   1.30052E-02   1.00000E+00   0.00000E+00   3.87578E+00   4.14512E-16            16   3.99623E-10   3.13387E+00
        1834   2.20080E+02   1.20000E-01   2.18544E-01   9.37259E-05   1.28735E-04   0.00000E+00   1.30181E-02   1.00000E+00   0.00000E+00   3.87578E+00   4.12119E-16            16   4.02086E-10   3.13386E+00
        1835   2.20200E+02   1.20000E-01   2.18544E-01   9.28867E-05   1.27095E-04   0.00000E+00   1.30306E-02   1.00000E+00   0.00000E+00   3.87578E+00   4.09827E-16            16   4.04220E-10   3.13384E+00
        1836   2.20320E+02   1.20000E-01   2.18544E-01   9.20469E-05   1.25455E-04   0.00000E+00   1.30427E-02   1.00000E+00   0.00000E+00   3.87578E+00   4.07830E-16            16   4.08049E-10   3.13383E+00
        1837   2.20440E+02   1.20000E-01   2.18544E-01   9.12065E-05   1.23947E-04   0.00000E+00   1.30545E-02   1.00000E+00   0.00000E+00   3.87578E+00   4.05192E-16            16   4.09713E-10   3.13382E+00
        1838   2.20560E+02   1.20000E-01   2.18544E-01   9.03655E-05   1.22566E-04   0.00000E+00   1.30660E-02   1.00000E+00   0.00000E+00   3.87578E+00   4.02111E-16            16   4.13366E-10   3.13380E+00
        1839   2.20680E+02   1.20000E-01   2.18544E-01   8.95240E-05   1.21184E-04   0.00000E+00   1.30770E-02   1.00000E+00   0.00000E+00   3.87578E+00   3.99310E-16            16   4.15597E-10   3.13379E+00
        1840   2.20800E+02   1.20000E-01   2.18544E-01   8.86819E-05   1.19803E-04   0.00000E+00   1.30878E-02   1.00000E+00   0.00000E+00   3.87578E+00   3.96543E-16            16   4.18828E-10   3.13378E+00
        1841   2.20920E+02   1.20000E-01   2.18544E-01   8.78394E-05   1.18421E-04   0.00000E+00   1.30981E-02   1.00000E+00   0.00000E+00   3.87578E+00   3.94214E-16            16   4.21998E-10   3.13377E+00
        1842   2.21040E+02   1.20000E-01   2.18544E-01   8.69964E-05   1.17039E-04   0.00000E+00   1.31082E-02   1.00000E+00   0.00000E+00   3.87578E+00   3.91205E-16            16   4.25203E-10   3.13375E+00
        1843   2.21160E+02   1.20000E-01   2.18544E-01   8.61529E-05   1.15657E-04   0.00000E+00   1.31178E-02   1.00000E+00   0.00000E+00   3.87578E+00   3.87951E-16            16   4.28493E-10   3.13374E+00
        1844   2.21280E+02   1.20000E-01   2.18544E-01   8.53090E-05   1.14275E-04   0.00000E+00   1.31271E-02   1.00000E+00   0.00000E+00   3.87578E+00   3.84687E-16            16   4.31892E-10   3.13373E+00
        1845   2.21400E+02   1.20000E-01   2.18544E-01   8.59853E-05   1.12892E-04   0.00000E+00   1.31361E-02   1.00000E+00   0.00000E+00   3.87578E+00   3.81279E-16            16   4.35409E-10   3.13372E+00
        1846   2.21520E+02   1.20000E-01   2.18544E-01   8.67186E-05   1.11510E-04   0.00000E+00   1.31447E-02   1.00000E+00   0.00000E+00   3.87578E+00   3.77789E-16            16   4.39047E-10   3.13371E+00
        1847   2.21640E+02   1.20000E-01   2.18544E-01   8.74483E-05   1.10128E-04   0.00000E+00   1.31529E-02   1.00000E+00   0.00000E+00   3.87578E+00   3.74194E-16            16   4.42809E-10   3.13370E+00
        1848   2.21760E+02   1.20000E-01   2.18544E-01   8.81744E-05   1.08747E-04   0.00000E+00   1.31608E-02   1.00000E+00   0.00000E+00   3.87578E+00   3.70434E-16            16   4.46700E-10   3.13369E+00
        1849   2.21880E+02   1.20000E-01   2.18544E-01   8.88968E-05   1.07365E-04   0.00000E+00   1.31684E-02   1.00000E+00   0.00000E+00   3.87578E+00   3.66714E-16            16   4.50724E-10   3.13367E+00
        1850   2.22000E+02   1.20000E-01   2.18544E-01   8.96156E-05   1.05983E-04   0.00000E+00   1.31756E-02   1.00000E+00   0.00000E+00   3.87578E+00   3.62772E-16            16   4.54887E-10   3.13366E+00
        1851   2.22120E+02   1.20000E-01   2.18544E-01   9.03307E-05   1.04602E-04   0.00000E+00   1.31824E-02   1.00000E+00   0.00000E+00   3.87578E+00   3.58736E-16            16   4.59193E-10   3.13365E+00
        1852   2.22240E+02   1.20000E-01   2.18544E-01   9.10421E-05   1.03221E-04   0.00000E+00   1.31889E-02   1.00000E+00   0.00000E+00   3.87578E+00   3.54536E-16            16   4.63648E-10   3.13364E+00
        1853   2.22360E+02   1.20000E-01   2.18544E-01   9.17499E-05   1.01840E-04   0.00000E+00   1.31951E-02   1.00000E+00   0.00000E+00   3.87578E+00   3.50325E-16            16   4.68256E-10   3.13364E+00
        1854   2.22480E+02   1.20000E-01   2.18544E-01   9.24539E-05   1.00460E-04   0.00000E+00   1.32009E-02   1.00000E+00   0.00000E+00   3.87578E+00   3.46006E-16            16   4.73023E-10   3.13363E+00
        1855   2.22600E+02   1.20000E-01   2.18544E-01   9.31542E-05   9.90798E-05   0.00000E+00   1.32064E-02   1.00000E+00   0.00000E+00   3.87578E+00   3.41534E-16            16   4.77955E-10   3.13362E+00
        1856   2.22720E+02   1.20000E-01   2.18544E-01   9.38508E-05   9.77001E-05   0.00000E+00   1.32115E-02   1.00000E+00   0.00000E+00   3.87578E+00   3.36917E-16            16   4.83056E-10   3.13361E+00
        1857   2.22840E+02   1.20000E-01   2.18544E-01   9.45437E-05   9.63209E-05   0.00000E+00   1.32162E-02   1.00000E+00   0.00000E+00   3.87578E+00   3.32300E-16            16   4.88333E-10   3.13360E+00
        1858   2.22960E+02   1.20000E-01   2.18544E-01   9.52328E-05   9.49421E-05   0.00000E+00   1.32207E-02   1.00000E+00   0.00000E+00   3.87578E+00   3.27528E-16            16   4.93791E-10   3.13359E+00
        1859   2.23080E+02   1.20000E-01   2.18544E-01   9.59182E-05   9.35638E-05   0.00000E+00   1.32247E-02   1.00000E+00   0.00000E+00   3.87578E+00   3.22670E-16            16   4.99435E-10   3.13358E+00
        1860   2.23200E+02   1.20000E-01   2.18544E-01   9.65998E-05   9.21860E-05   0.00000E+00   1.32285E-02   1.00000E+00   0.00000E+00   3.87578E+00   3.17631E-16            16   5.05271E-10   3.13357E+00
        1861   2.23320E+02   1.20000E-01   2.18544E-01   9.72776E-05   9.08088E-05   0.00000E+00   1.32319E-02   1.00000E+00   0.00000E+00   3.87578E+00   3.12581E-16            16   5.11302E-10   3.13357E+00
        1862   2.23440E+02   1.20000E-01   2.18544E-01   9.79516E-05   8.94322E-05   0.00000E+00   1.32349E-02   1.00000E+00   0.00000E+00   3.87578E+00   3.08297E-16            16   5.17534E-10   3.13356E+00
        1863   2.23560E+02   1.20000E-01   2.18544E-01   9.86218E-05   8.80563E-05   0.00000E+00   1.32376E-02   1.00000E+00   0.00000E+00   3.87578E+00   3.04011E-16            16   5.23971E-10   3.13355E+00
        1864   2.23680E+02   1.20000E-01   2.18544E-01   9.92882E-05   8.68603E-05   0.00000E+00   1.32400E-02   1.00000E+00   0.00000E+00   3.87578E+00   2.99130E-16            16   5.30615E-10   3.13354E+00
        1865   2.23800E+02   1.20000E-01   2.18544E-01   9.99508E-05   8.56973E-05   0.00000E+00   1.32420E-02   1.00000E+00   0.00000E+00   3.87578E+00   2.93755E-16            16   5.37468E-10   3.13354E+00
        1866   2.23920E+02   1.20000E-01   2.18544E-01   1.00610E-04   8.45347E-05   0.00000E+00   1.32437E-02   1.00000E+00   0.00000E+00   3.87578E+00   2.87932E-16            16   5.44531E-10   3.13353E+00
        1867   2.24040E+02   1.20000E-01   2.18544E-01   1.01264E-04   8.33726E-05   0.00000E+00   1.32450E-02   1.00000E+00   0.00000E+00   3.87578E+00   2.81503E-16            16   5.51803E-10   3.13352E+00
        1868   2.24160E+02   1.20000E-01   2.18544E-01   1.01916E-04   8.22111E-05   0.00000E+00   1.32460E-02   1.00000E+00   0.00000E+00   3.87578E+00   2.74530E-16            16   5.59280E-10   3.13352E+00
        1869   2.24280E+02   1.20000E-01   2.18544E-01   1.02563E-04   8.10501E-05   0.00000E+00   1.32467E-02   1.00000E+00   0.00000E+00   3.87578E+00   2.68646E-16            16   5.66956E-10   3.13351E+00
        1870   2.24400E+02   1.20000E-01   2.18544E-01   1.03206E-04   7.98897E-05   0.00000E+00   1.32471E-02   1.00000E+00   0.00000E+00   3.87578E+00   2.62774E-16            16   5.74819E-10   3.13351E+00
        1871   2.24520E+02   1.20000E-01   2.18544E-01   1.03846E-04   7.87299E-05   0.00000E+00   1.32471E-02   1.00000E+00   0.00000E+00   3.87578E+00   2.56802E-16            16   5.82854E-10   3.13350E+00
        1872   2.24640E+02   1.20000E-01   2.18544E-01   1.04481E-04   7.75708E-05   0.00000E+00   1.32467E-02   1.00000E+00   0.00000E+00   3.87578E+00   2.50763E-16            16   5.91035E-10   3.13349E+00
        1873   2.24760E+02   1.20000E-01   2.18544E-01   1.05113E-04   7.64123E-05   0.00000E+00   1.32460E-02   1.00000E+00   0.00000E+00   3.87578E+00   2.44662E-16            16   5.99328E-10   3.13349E+00
        1874   2.24880E+02   1.20000E-01   2.18544E-01   1.05741E-04   7.52545E-05   0.00000E+00   1.32450E-02   1.00000E+00   0.00000E+00   3.87578E+00   2.38492E-16            16   6.07686E-10   3.13348E+00
        1875   2.25000E+02   1.20000E-01   2.18544E-01   1.06364E-04   7.40975E-05   0.00000E+00   1.32437E-02   1.00000E+00   0.00000E+00   3.87578E+00   2.32218E-16            16   6.16041E-10   3.13348E+00
        1876   2.25120E+02   1.20000E-01   2.18544E-01   1.06984E-04   7.29412E-05   0.00000E+00   1.32420E-02   1.00000E+00   0.00000E+00   3.87578E+00   2.25878E-16            16   6.24303E-10   3.13348E+00
        1877   2.25240E+02   1.20000E-01   2.18544E-01   1.07600E-04   7.17857E-05   0.00000E+00   1.32400E-02   1.00000E+00   0.00000E+00   3.87578E+00   2.19456E-16            16   6.32349E-10   3.13347E+00
        1878   2.25360E+02   1.20000E-01   2.18544E-01   1.08212E-04   7.06309E-05   0.00000E+00   1.32377E-02   1.00000E+00   0.00000E+00   3.87578E+00   2.12881E-16            16   6.40015E-10   3.13347E+00
        1879   2.25480E+02   1.20000E-01   2.18544E-01   1.08821E-04   6.94771E-05   0.00000E+00   1.32350E-02   1.00000E+00   0.00000E+00   3.87578E+00   2.06290E-16            16   6.47090E-10   3.13346E+00
        1880   2.25600E+02   1.20000E-01   2.18544E-01   1.09425E-04   6.83241E-05   0.00000E+00   1.32321E-02   1.00000E+00   0.00000E+00   3.87578E+00   1.99532E-16            16   6.53306E-10   3.13346E+00
        1881   2.25720E+02   1.20000E-01   2.18544E-01   1.10025E-04   6.71719E-05   0.00000E+00   1.32287E-02   1.00000E+00   0.00000E+00   3.87578E+00   1.92655E-16            16   6.58336E-10   3.13346E+00
        1882   2.25840E+02   1.20000E-01   2.18544E-01   1.10621E-04   6.60207E-05   0.00000E+00   1.32251E-02   1.00000E+00   0.00000E+00   3.87578E+00   1.85558E-16            16   6.61793E-10   3.13345E+00
        1883   2.25960E+02   1.20000E-01   2.18544E-01   1.11213E-04   6.49469E-05   0.00000E+00   1.32211E-02   1.00000E+00   0.00000E+00   3.87578E+00   1.78260E-16            16   6.63248E-10   3.13345E+00
        1884   2.26080E+02   1.20000E-01   2.18544E-01   1.11802E-04   6.40076E-05   0.00000E+00   1.32168E-02   1.00000E+00   0.00000E+00   3.87578E+00   1.70731E-16            16   6.62251E-10   3.13345E+00
        1885   2.26200E+02   1.20000E-01   2.18544E-01   1.12386E-04   6.30688E-05   0.00000E+00   1.32122E-02   1.00000E+00   0.00000E+00   3.87578E+00   1.63028E-16            16   6.58377E-10   3.13344E+00
        1886   2.26320E+02   1.20000E-01   2.18544E-01   1.12966E-04   6.21305E-05   0.00000E+00   1.32072E-02   1.00000E+00   0.00000E+00   3.87578E+00   1.55302E-16            16   6.51277E-10   3.13344E+00
        1887   2.26440E+02   1.20000E-01   2.18544E-01   1.13543E-04   6.11929E-05   0.00000E+00   1.32020E-02   1.00000E+00   0.00000E+00   3.87578E+00   1.47607E-16            16   6.40745E-10   3.13344E+00
        1888   2.26560E+02   1.20000E-01   2.18544E-01   1.14115E-04   6.02559E-05   0.00000E+00   1.31964E-02   1.00000E+00   0.00000E+00   3.87578E+00   1.40329E-16            16   6.26783E-10   3.13344E+00
        1889   2.26680E+02   1.20000E-01   2.18544E-01   1.14683E-04   5.93195E-05   0.00000E+00   1.31905E-02   1.00000E+00   0.00000E+00   3.87578E+00   1.33722E-16            16   6.09672E-10   3.13344E+00
        1890   2.26800E+02   1.20000E-01   2.18544E-01   1.15247E-04   5.83838E-05   0.00000E+00   1.31842E-02   1.00000E+00   0.00000E+00   3.87578E+00   1.28346E-16            16   5.90037E-10   3.13343E+00
        1891   2.26920E+02   1.20000E-01   2.18544E-01   1.15808E-04   5.74487E-05   0.00000E+00   1.31777E-02   1.00000E+00   0.00000E+00   3.87578E+00   1.24532E-16            16   5.68937E-10   3.13343E+00
        1892   2.27040E+02   1.20000E-01   2.18544E-01   1.16364E-04   5.65144E-05   0.00000E+00   1.31708E-02   1.00000E+00   0.00000E+00   3.87578E+00   1.22089E-16            16   5.47997E-10   3.13343E+00
        1893   2.27160E+02   1.20000E-01   2.18544E-01   1.16921E-04   5.55808E-05   0.00000E+00   1.31636E-02   1.00000E+00   0.00000E+00   3.87578E+00   1.20070E-16            16   5.29480E-10   3.13343E+00
        1894   2.27280E+02   1.20000E-01   2.18544E-01   1.17813E-04   5.46480E-05   0.00000E+00   1.31561E-02   1.00000E+00   0.00000E+00   3.87578E+00   1.16824E-16            16   5.15737E-10   3.13343E+00
        1895   2.27400E+02   1.20000E-01   2.18544E-01   1.18700E-04   5.37159E-05   0.00000E+00   1.31483E-02   1.00000E+00   0.00000E+00   3.87578E+00   1.11806E-16            16   5.07684E-10   3.13343E+00
        1896   2.27520E+02   1.20000E-01   2.18544E-01   1.19582E-04   5.27846E-05   0.00000E+00   1.31401E-02   1.00000E+00   0.00000E+00   3.87578E+00   1.05621E-16            16   5.03007E-10   3.13343E+00
        1897   2.27640E+02   1.20000E-01   2.18544E-01   1.20459E-04   5.18541E-05   0.00000E+00   1.31317E-02   1.00000E+00   0.00000E+00   3.87578E+00   9.82281E-17            16   4.94012E-10   3.13343E+00
        1898   2.27760E+02   1.20000E-01   2.18544E-01   1.21332E-04   5.09245E-05   0.00000E+00   1.31229E-02   1.00000E+00   0.00000E+00   3.87578E+00   9.99407E-17            16   4.72983E-10   3.13343E+00
        1899   2.27880E+02   1.20000E-01   2.18544E-01   1.22199E-04   4.99957E-05   0.00000E+00   1.31138E-02   1.00000E+00   0.00000E+00   3.87578E+00   1.00459E-16            16   4.53663E-10   3.13343E+00
        1900   2.28000E+02   1.20000E-01   2.18544E-01   1.23062E-04   4.90678E-05   0.00000E+00   1.31044E-02   1.00000E+00   0.00000E+00   3.87578E+00   9.93943E-17            16   4.60543E-10   3.13343E+00
        1901   2.28120E+02   1.20000E-01   2.18544E-01   1.23920E-04   4.81408E-05   0.00000E+00   1.30947E-02   1.00000E+00   0.00000E+00   3.87578E+00   9.75247E-17            16   4.80086E-10   3.13343E+00
        1902   2.28240E+02   1.20000E-01   2.18544E-01   1.24773E-04   4.72147E-05   0.00000E+00   1.30847E-02   1.00000E+00   0.00000E+00   3.87578E+00   9.56911E-17            16   5.00471E-10   3.13343E+00
        1903   2.28360E+02   1.20000E-01   2.18544E-01   1.25621E-04   4.62896E-05   0.00000E+00   1.30743E-02   1.00000E+00   0.00000E+00   3.87578E+00   9.38663E-17            16   5.18453E-10   3.13343E+00
        1904   2.28480E+02   1.20000E-01   2.18544E-01   1.26464E-04   4.53654E-05   0.00000E+00   1.30637E-02   1.00000E+00   0.00000E+00   3.87578E+00   1.00868E-16            16   5.33360E-10   3.13344E+00
        1905   2.28600E+02   1.20000E-01   2.18544E-01   1.27302E-04   4.44422E-05   0.00000E+00   1.30528E-02   1.00000E+00   0.00000E+00   3.87578E+00   1.10356E-16            16   5.45220E-10   3.13344E+00
        1906   2.28720E+02   1.20000E-01   2.18544E-01   1.28135E-04   4.35200E-05   0.00000E+00   1.30415E-02   1.00000E+00   0.00000E+00   3.87578E+00   1.19654E-16            16   5.54256E-10   3.13344E+00
        1907   2.28840E+02   1.20000E-01   2.18544E-01   1.28963E-04   4.48624E-05   0.00000E+00   1.30300E-02   1.00000E+00   0.00000E+00   3.87578E+00   1.28669E-16            16   5.60750E-10   3.13344E+00
        1908   2.28960E+02   1.20000E-01   2.18544E-01   1.29787E-04   4.66600E-05   0.00000E+00   1.30181E-02   1.00000E+00   0.00000E+00   3.87578E+00   1.37232E-16            16   5.65003E-10   3.13344E+00
        1909   2.29080E+02   1.20000E-01   2.18544E-01   1.30605E-04   4.84525E-05   0.00000E+00   1.30059E-02   1.00000E+00   0.00000E+00   3.87578E+00   1.45230E-16            16   5.67305E-10   3.13345E+00
        1910   2.29200E+02   1.20000E-01   2.18544E-01   1.31418E-04   5.02398E-05   0.00000E+00   1.29935E-02   1.00000E+00   0.00000E+00   3.87578E+00   1.52606E-16            16   5.67932E-10   3.13345E+00
        1911   2.29320E+02   1.20000E-01   2.18544E-01   1.32226E-04   5.20219E-05   0.00000E+00   1.29807E-02   1.00000E+00   0.00000E+00   3.87578E+00   1.59241E-16            16   5.67139E-10   3.13345E+00
        1912   2.29440E+02   1.20000E-01   2.18544E-01   1.33030E-04   5.37988E-05   0.00000E+00   1.29676E-02   1.00000E+00   0.00000E+00   3.87578E+00   2.47763E-16            16   8.51613E-10   3.13345E+00
        1913   2.29560E+02   1.20000E-01   2.18544E-01   1.33828E-04   5.55703E-05   0.00000E+00   1.29542E-02   1.00000E+00   0.00000E+00   3.87578E+00   1.69084E-16            16   5.58576E-10   3.13346E+00
        1914   2.29680E+02   1.20000E-01   2.18544E-01   1.34621E-04   5.73366E-05   0.00000E+00   1.29405E-02   1.00000E+00   0.00000E+00   3.87578E+00   1.85561E-16            16   5.95912E-10   3.13346E+00
        1915   2.29800E+02   1.20000E-01   2.18544E-01   1.35408E-04   5.90975E-05   0.00000E+00   1.29266E-02   1.00000E+00   0.00000E+00   3.87578E+00   1.76896E-16            16   5.53782E-10   3.13346E+00
        1916   2.29920E+02   1.20000E-01   2.18544E-01   1.36191E-04   6.08530E-05   0.00000E+00   1.29123E-02   1.00000E+00   0.00000E+00   3.87578E+00   1.78856E-16            16   5.48892E-10   3.13347E+00
        1917   2.30040E+02   1.20000E-01   2.18544E-01   1.36969E-04   6.26030E-05   0.00000E+00   1.28978E-02   1.00000E+00   0.00000E+00   3.87578E+00   1.80339E-16            16   5.43897E-10   3.13347E+00
        1918   2.30160E+02   1.20000E-01   2.18544E-01   1.37742E-04   6.43476E-05   0.00000E+00   1.28829E-02   1.00000E+00   0.00000E+00   3.87578E+00   1.86245E-16            16   5.38865E-10   3.13348E+00
        1919   2.30280E+02   1.20000E-01   2.18544E-01   1.38509E-04   6.60867E-05   0.00000E+00   1.28678E-02   1.00000E+00   0.00000E+00   3.87578E+00   1.91828E-16            16   5.33897E-10   3.13348E+00
        1920   2.30400E+02   1.20000E-01   2.18544E-01   1.39272E-04   6.78203E-05   0.00000E+00   1.28523E-02   1.00000E+00   0.00000E+00   3.87578E+00   1.97459E-16            16   5.29107E-10   3.13349E+00
        1921   2.30520E+02   1.20000E-01   2.18544E-01   1.40030E-04   6.95483E-05   0.00000E+00   1.28366E-02   1.00000E+00   0.00000E+00   3.87578E+00   2.03140E-16            16   5.24573E-10   3.13349E+00
        1922   2.30640E+02   1.20000E-01   2.18544E-01   1.40782E-04   7.12707E-05   0.00000E+00   1.28206E-02   1.00000E+00   0.00000E+00   3.87578E+00   2.08883E-16            16   5.20367E-10   3.13350E+00
        1923   2.30760E+02   1.20000E-01   2.18544E-01   1.41530E-04   7.29875E-05   0.00000E+00   1.28043E-02   1.00000E+00   0.00000E+00   3.87578E+00   2.14644E-16            16   5.16527E-10   3.13350E+00
        1924   2.30880E+02   1.20000E-01   2.18544E-01   1.42272E-04   7.46986E-05   0.00000E+00   1.27877E-02   1.00000E+00   0.00000E+00   3.87578E+00   2.30121E-16            16   5.13065E-10   3.13351E+00
        1925   2.31000E+02   1.20000E-01   2.18544E-01   1.43010E-04   7.64041E-05   0.00000E+00   1.27708E-02   1.00000E+00   0.00000E+00   3.87578E+00   2.47064E-16            16   5.09965E-10   3.13351E+00
        1926   2.31120E+02   1.20000E-01   2.18544E-01   1.43742E-04   7.81038E-05   0.00000E+00   1.27536E-02   1.00000E+00   0.00000E+00   3.87578E+00   2.63118E-16            16   5.07195E-10   3.13352E+00
        1927   2.31240E+02   1.20000E-01   2.18544E-01   1.44469E-04   7.97978E-05   0.00000E+00   1.27362E-02   1.00000E+00   0.00000E+00   3.87578E+00   2.78034E-16            16   5.04713E-10   3.13352E+00
        1928   2.31360E+02   1.20000E-01   2.18544E-01   1.45191E-04   8.14859E-05   0.00000E+00   1.27184E-02   1.00000E+00   0.00000E+00   3.87578E+00   2.91910E-16            16   5.02468E-10   3.13353E+00
        1929   2.31480E+02   1.20000E-01   2.18544E-01   1.45908E-04   8.31683E-05   0.00000E+00   1.27004E-02   1.00000E+00   0.00000E+00   3.87578E+00   3.04575E-16            16   5.00413E-10   3.13354E+00
        1930   2.31600E+02   1.20000E-01   2.18544E-01   1.46620E-04   8.48448E-05   0.00000E+00   1.26821E-02   1.00000E+00   0.00000E+00   3.87578E+00   3.16007E-16            16   4.98504E-10   3.13354E+00
        1931   2.31720E+02   1.20000E-01   2.18544E-01   1.47327E-04   8.65154E-05   0.00000E+00   1.26635E-02   1.00000E+00   0.00000E+00   3.87578E+00   3.26321E-16            16   4.96700E-10   3.13355E+00
        1932   2.31840E+02   1.20000E-01   2.18544E-01   1.48028E-04   8.81801E-05   0.00000E+00   1.26446E-02   1.00000E+00   0.00000E+00   3.87578E+00   3.35544E-16            16   4.94969E-10   3.13356E+00
        1933   2.31960E+02   1.20000E-01   2.18544E-01   1.48724E-04   8.98389E-05   0.00000E+00   1.26255E-02   1.00000E+00   0.00000E+00   3.87578E+00   3.43811E-16            16   4.93287E-10   3.13356E+00
        1934   2.32080E+02   1.20000E-01   2.18544E-01   1.49415E-04   9.14917E-05   0.00000E+00   1.26061E-02   1.00000E+00   0.00000E+00   3.87578E+00   3.51208E-16            16   4.91633E-10   3.13357E+00
        1935   2.32200E+02   1.20000E-01   2.18544E-01   1.50101E-04   9.31385E-05   0.00000E+00   1.25864E-02   1.00000E+00   0.00000E+00   3.87578E+00   3.57656E-16            16   4.89994E-10   3.13358E+00
        1936   2.32320E+02   1.20000E-01   2.18544E-01   1.50782E-04   9.47792E-05   0.00000E+00   1.25664E-02   1.00000E+00   0.00000E+00   3.87578E+00   3.63563E-16            16   4.88360E-10   3.13359E+00
        1937   2.32440E+02   1.20000E-01   2.18544E-01   1.51457E-04   9.64139E-05   0.00000E+00   1.25461E-02   1.00000E+00   0.00000E+00   3.87578E+00   3.68737E-16            16   4.86726E-10   3.13360E+00
        1938   2.32560E+02   1.20000E-01   2.18544E-01   1.52127E-04   9.80425E-05   0.00000E+00   1.25256E-02   1.00000E+00   0.00000E+00   3.87578E+00   3.73398E-16            16   4.85087E-10   3.13360E+00
        1939   2.32680E+02   1.20000E-01   2.18544E-01   1.52792E-04   9.96650E-05   0.00000E+00   1.25048E-02   1.00000E+00   0.00000E+00   3.87578E+00   3.77525E-16            16   4.83444E-10   3.13361E+00
        1940   2.32800E+02   1.20000E-01   2.18544E-01   1.53452E-04   1.01281E-04   0.00000E+00   1.24837E-02   1.00000E+00   0.00000E+00   3.87578E+00   3.81369E-16            16   4.81795E-10   3.13362E+00
        1941   2.32920E+02   1.20000E-01   2.18544E-01   1.54106E-04   1.02892E-04   0.00000E+00   1.24624E-02   1.00000E+00   0.00000E+00   3.87578E+00   3.84719E-16            16   4.80143E-10   3.13363E+00
        1942   2.33040E+02   1.20000E-01   2.18544E-01   1.54756E-04   1.04495E-04   0.00000E+00   1.24408E-02   1.00000E+00   0.00000E+00   3.87578E+00   4.47831E-16            16   5.59634E-10   3.13364E+00
        1943   2.33160E+02   1.20000E-01   2.18544E-01   1.55400E-04   1.06093E-04   0.00000E+00   1.24190E-02   1.00000E+00   0.00000E+00   3.87578E+00   3.35395E-16            16   4.03123E-10   3.13365E+00
        1944   2.33280E+02   1.20000E-01   2.18544E-01   1.56039E-04   1.07685E-04   0.00000E+00   1.23968E-02   1.00000E+00   0.00000E+00   3.87578E+00   3.93480E-16            16   4.78105E-10   3.13366E+00
        1945   2.33400E+02   1.20000E-01   2.18544E-01   1.56673E-04   1.09270E-04   0.00000E+00   1.23744E-02   1.00000E+00   0.00000E+00   3.87578E+00   3.94077E-16            16   4.73682E-10   3.13367E+00
        1946   2.33520E+02   1.20000E-01   2.18544E-01   1.57302E-04   1.10849E-04   0.00000E+00   1.23517E-02   1.00000E+00   0.00000E+00   3.87578E+00   3.96863E-16            16   4.72140E-10   3.13368E+00
        1947   2.33640E+02   1.20000E-01   2.18544E-01   1.57925E-04   1.12421E-04   0.00000E+00   1.23288E-02   1.00000E+00   0.00000E+00   3.87578E+00   3.99096E-16            16   4.70465E-10   3.13369E+00
        1948   2.33760E+02   1.20000E-01   2.18544E-01   1.58543E-04   1.13987E-04   0.00000E+00   1.23056E-02   1.00000E+00   0.00000E+00   3.87578E+00   4.01168E-16            16   4.68805E-10   3.13369E+00
        1949   2.33880E+02   1.20000E-01   2.18544E-01   1.59155E-04   1.15547E-04   0.00000E+00   1.22821E-02   1.00000E+00   0.00000E+00   3.87578E+00   4.02798E-16            16   4.67170E-10   3.13371E+00
        1950   2.34000E+02   1.20000E-01   2.18544E-01   1.59762E-04   1.17100E-04   0.00000E+00   1.22584E-02   1.00000E+00   0.00000E+00   3.87578E+00   4.04456E-16            16   4.65556E-10   3.13372E+00
        1951   2.34120E+02   1.20000E-01   2.18544E-01   1.60364E-04   1.18647E-04   0.00000E+00   1.22344E-02   1.00000E+00   0.00000E+00   3.87578E+00   4.06161E-16            16   4.63963E-10   3.13373E+00
        1952   2.34240E+02   1.20000E-01   2.18544E-01   1.60960E-04   1.20187E-04   0.00000E+00   1.22101E-02   1.00000E+00   0.00000E+00   3.87578E+00   4.07600E-16            16   4.62387E-10   3.13374E+00
        1953   2.34360E+02   1.20000E-01   2.18544E-01   1.61552E-04   1.21721E-04   0.00000E+00   1.21856E-02   1.00000E+00   0.00000E+00   3.87578E+00   4.09177E-16            16   4.60817E-10   3.13375E+00
        1954   2.34480E+02   1.20000E-01   2.18544E-01   1.62137E-04   1.23248E-04   0.00000E+00   1.21609E-02   1.00000E+00   0.00000E+00   3.87578E+00   4.10354E-16            16   4.59343E-10   3.13376E+00
        1955   2.34600E+02   1.20000E-01   2.18544E-01   1.62718E-04   1.24769E-04   0.00000E+00   1.21359E-02   1.00000E+00   0.00000E+00   3.87578E+00   4.12058E-16            16   4.57734E-10   3.13377E+00
        1956   2.34720E+02   1.20000E-01   2.18544E-01   1.63293E-04   1.26283E-04   0.00000E+00   1.21106E-02   1.00000E+00   0.00000E+00   3.87578E+00   4.12762E-16            16   4.56334E-10   3.13378E+00
        1957   2.34840E+02   1.20000E-01   2.18544E-01   1.63863E-04   1.27791E-04   0.00000E+00   1.20851E-02   1.00000E+00   0.00000E+00   3.87578E+00   4.14310E-16            16   4.54813E-10   3.13379E+00
        1958   2.34960E+02   1.20000E-01   2.18544E-01   1.64427E-04   1.29292E-04   0.00000E+00   1.20593E-02   1.00000E+00   0.00000E+00   3.87578E+00   4.15029E-16            16   4.53401E-10   3.13380E+00
        1959   2.35080E+02   1.20000E-01   2.18544E-01   1.64987E-04   1.30786E-04   0.00000E+00   1.20333E-02   1.00000E+00   0.00000E+00   3.87578E+00   4.16633E-16            16   4.51927E-10   3.13382E+00
        1960   2.35200E+02   1.20000E-01   2.18544E-01   1.65540E-04   1.32274E-04   0.00000E+00   1.20070E-02   1.00000E+00   0.00000E+00   3.87578E+00   4.17266E-16            16   4.50557E-10   3.13383E+00
        1961   2.35320E+02   1.20000E-01   2.18544E-01   1.66089E-04   1.33755E-04   0.00000E+00   1.19805E-02   1.00000E+00   0.00000E+00   3.87578E+00   4.21211E-16            16   4.49130E-10   3.13384E+00
        1962   2.35440E+02   1.20000E-01   2.18544E-01   1.66632E-04   1.35229E-04   0.00000E+00   1.19538E-02   1.00000E+00   0.00000E+00   3.87578E+00   4.27862E-16            16   4.47801E-10   3.13385E+00
        1963   2.35560E+02   1.20000E-01   2.18544E-01   1.67170E-04   1.36696E-04   0.00000E+00   1.19268E-02   1.00000E+00   0.00000E+00   3.87578E+00   4.35266E-16            16   4.46421E-10   3.13387E+00
        1964   2.35680E+02   1.20000E-01   2.18544E-01   1.67702E-04   1.38157E-04   0.00000E+00   1.18995E-02   1.00000E+00   0.00000E+00   3.87578E+00   4.41633E-16            16   4.45132E-10   3.13388E+00
        1965   2.35800E+02   1.20000E-01   2.18544E-01   1.68230E-04   1.39611E-04   0.00000E+00   1.18720E-02   1.00000E+00   0.00000E+00   3.87578E+00   4.48853E-16            16   4.43798E-10   3.13389E+00
        1966   2.35920E+02   1.20000E-01   2.18544E-01   1.68751E-04   1.41058E-04   0.00000E+00   1.18443E-02   1.00000E+00   0.00000E+00   3.87578E+00   4.55034E-16            16   4.42538E-10   3.13390E+00
        1967   2.36040E+02   1.20000E-01   2.18544E-01   1.69268E-04   1.42498E-04   0.00000E+00   1.18163E-02   1.00000E+00   0.00000E+00   3.87578E+00   4.61486E-16            16   4.41313E-10   3.13392E+00
        1968   2.36160E+02   1.20000E-01   2.18544E-01   1.69779E-04   1.43932E-04   0.00000E+00   1.17881E-02   1.00000E+00   0.00000E+00   3.87578E+00   4.68450E-16            16   4.39996E-10   3.13393E+00
        1969   2.36280E+02   1.20000E-01   2.18544E-01   1.70285E-04   1.45358E-04   0.00000E+00   1.17597E-02   1.00000E+00   0.00000E+00   3.87578E+00   4.73955E-16            16   4.38836E-10   3.13395E+00
        1970   2.36400E+02   1.20000E-01   2.18544E-01   1.70786E-04   1.46778E-04   0.00000E+00   1.17310E-02   1.00000E+00   0.00000E+00   3.87578E+00   4.80291E-16            16   4.37648E-10   3.13396E+00
        1971   2.36520E+02   1.20000E-01   2.18544E-01   1.71281E-04   1.48190E-04   0.00000E+00   1.17020E-02   1.00000E+00   0.00000E+00   3.87578E+00   4.86660E-16            16   4.36441E-10   3.13397E+00
        1972   2.36640E+02   1.20000E-01   2.18544E-01   1.71771E-04   1.49596E-04   0.00000E+00   1.16729E-02   1.00000E+00   0.00000E+00   3.87578E+00   4.92406E-16            16   4.35294E-10   3.13399E+00
        1973   2.36760E+02   1.20000E-01   2.18544E-01   1.72255E-04   1.50995E-04   0.00000E+00   1.16435E-02   1.00000E+00   0.00000E+00   3.87578E+00   4.98098E-16            16   4.34159E-10   3.13400E+00
        1974   2.36880E+02   1.20000E-01   2.18544E-01   1.72734E-04   1.52387E-04   0.00000E+00   1.16139E-02   1.00000E+00   0.00000E+00   3.87578E+00   5.03927E-16            16   4.33036E-10   3.13402E+00
        1975   2.37000E+02   1.20000E-01   2.18544E-01   1.73208E-04   1.53771E-04   0.00000E+00   1.15840E-02   1.00000E+00   0.00000E+00   3.87578E+00   5.09448E-16            16   4.31929E-10   3.13403E+00
        1976   2.37120E+02   1.20000E-01   2.18544E-01   1.73677E-04   1.55149E-04   0.00000E+00   1.15539E-02   1.00000E+00   0.00000E+00   3.87578E+00   5.14980E-16            16   4.30837E-10   3.13405E+00
        1977   2.37240E+02   1.20000E-01   2.18544E-01   1.74140E-04   1.56520E-04   0.00000E+00   1.15236E-02   1.00000E+00   0.00000E+00   3.87578E+00   5.20515E-16            16   4.29762E-10   3.13406E+00
        1978   2.37360E+02   1.20000E-01   2.18544E-01   1.74598E-04   1.57883E-04   0.00000E+00   1.14931E-02   1.00000E+00   0.00000E+00   3.87578E+00   5.26034E-16            16   4.28704E-10   3.13408E+00
        1979   2.37480E+02   1.20000E-01   2.18544E-01   1.75050E-04   1.59240E-04   0.00000E+00   1.14623E-02   1.00000E+00   0.00000E+00   3.87578E+00   5.31404E-16            16   4.27663E-10   3.13409E+00
        1980   2.37600E+02   1.20000E-01   2.18544E-01   1.75497E-04   1.60589E-04   0.00000E+00   1.14313E-02   1.00000E+00   0.00000E+00   3.87578E+00   5.36738E-16            16   4.26638E-10   3.13411E+00
        1981   2.37720E+02   1.20000E-01   2.18544E-01   1.75939E-04   1.61931E-04   0.00000E+00   1.14001E-02   1.00000E+00   0.00000E+00   3.87578E+00   5.41891E-16            16   4.25629E-10   3.13412E+00
        1982   2.37840E+02   1.20000E-01   2.18544E-01   1.76376E-04   1.63266E-04   0.00000E+00   1.13687E-02   1.00000E+00   0.00000E+00   3.87578E+00   5.47137E-16            16   4.24637E-10   3.13414E+00
        1983   2.37960E+02   1.20000E-01   2.18544E-01   1.76807E-04   1.64594E-04   0.00000E+00   1.13370E-02   1.00000E+00   0.00000E+00   3.87578E+00   5.52134E-16            16   4.23661E-10   3.13415E+00
        1984   2.38080E+02   1.20000E-01   2.18544E-01   1.77233E-04   1.65915E-04   0.00000E+00   1.13052E-02   1.00000E+00   0.00000E+00   3.87578E+00   5.57231E-16            16   4.22702E-10   3.13417E+00
        1985   2.38200E+02   1.20000E-01   2.18544E-01   1.77653E-04   1.67228E-04   0.00000E+00   1.12731E-02   1.00000E+00   0.00000E+00   3.87578E+00   5.62229E-16            16   4.21748E-10   3.13419E+00
        1986   2.38320E+02   1.20000E-01   2.18544E-01   1.78069E-04   1.68534E-04   0.00000E+00   1.12408E-02   1.00000E+00   0.00000E+00   3.87578E+00   5.66765E-16            16   4.20864E-10   3.13420E+00
        1987   2.38440E+02   1.20000E-01   2.18544E-01   1.78478E-04   1.69833E-04   0.00000E+00   1.12083E-02   1.00000E+00   0.00000E+00   3.87578E+00   5.72458E-16            16   4.19883E-10   3.13422E+00
        1988   2.38560E+02   1.20000E-01   2.18544E-01   1.78883E-04   1.71125E-04   0.00000E+00   1.11755E-02   1.00000E+00   0.00000E+00   3.87578E+00   5.76233E-16            16   4.19035E-10   3.13423E+00
        1989   2.38680E+02   1.20000E-01   2.18544E-01   1.79282E-04   1.72409E-04   0.00000E+00   1.11426E-02   1.00000E+00   0.00000E+00   3.87578E+00   5.81437E-16            16   4.18108E-10   3.13425E+00
        1990   2.38800E+02   1.20000E-01   2.18544E-01   1.79676E-04   1.73687E-04   0.00000E+00   1.11094E-02   1.00000E+00   0.00000E+00   3.87578E+00   5.84977E-16            16   4.17278E-10   3.13427E+00
        1991   2.38920E+02   1.20000E-01   2.18544E-01   1.80064E-04   1.74956E-04   0.00000E+00   1.10760E-02   1.00000E+00   0.00000E+00   3.87578E+00   5.90405E-16            16   4.16359E-10   3.13429E+00
        1992   2.39040E+02   1.20000E-01   2.18544E-01   1.80448E-04   1.76219E-04   0.00000E+00   1.10425E-02   1.00000E+00   0.00000E+00   3.87578E+00   5.93556E-16            16   4.15570E-10   3.13430E+00
        1993   2.39160E+02   1.20000E-01   2.18544E-01   1.80825E-04   1.77474E-04   0.00000E+00   1.10087E-02   1.00000E+00   0.00000E+00   3.87578E+00   5.99066E-16            16   4.14666E-10   3.13432E+00
        1994   2.39280E+02   1.20000E-01   2.18544E-01   1.81198E-04   1.78722E-04   0.00000E+00   1.09747E-02   1.00000E+00   0.00000E+00   3.87578E+00   6.02042E-16            16   4.13904E-10   3.13434E+00
        1995   2.39400E+02   1.20000E-01   2.18544E-01   1.81565E-04   1.79962E-04   0.00000E+00   1.09405E-02   1.00000E+00   0.00000E+00   3.87578E+00   6.07226E-16            16   4.13054E-10   3.13436E+00
        1996   2.39520E+02   1.20000E-01   2.18544E-01   1.81927E-04   1.81195E-04   0.00000E+00   1.09061E-02   1.00000E+00   0.00000E+00   3.87578E+00   6.11045E-16            16   4.12268E-10   3.13437E+00
        1997   2.39640E+02   1.20000E-01   2.18544E-01   1.82283E-04   1.82420E-04   0.00000E+00   1.08715E-02   1.00000E+00   0.00000E+00   3.87578E+00   6.14821E-16            16   4.11476E-10   3.13439E+00
        1998   2.39760E+02   1.20000E-01   2.18544E-01   1.82635E-04   1.83639E-04   0.00000E+00   1.08366E-02   1.00000E+00   0.00000E+00   3.87578E+00   6.18759E-16            16   4.10694E-10   3.13441E+00
        1999   2.39880E+02   1.20000E-01   2.18544E-01   1.82980E-04   1.84849E-04   0.00000E+00   1.08016E-02   1.00000E+00   0.00000E+00   3.87578E+00   6.22528E-16            16   4.09923E-10   3.13443E+00
        2000   2.40000E+02   1.20000E-01   2.18544E-01   1.83321E-04   1.86052E-04   0.00000E+00   1.07664E-02   1.00000E+00   0.00000E+00   3.87578E+00   6.26596E-16            16   4.09163E-10   3.13445E+00
        2001   2.40120E+02   1.20000E-01   2.18544E-01   1.83656E-04   1.87248E-04   0.00000E+00   1.07310E-02   1.00000E+00   0.00000E+00   3.87578E+00   6.30226E-16            16   4.08413E-10   3.13446E+00
        2002   2.40240E+02   1.20000E-01   2.18544E-01   1.83986E-04   1.88436E-04   0.00000E+00   1.06954E-02   1.00000E+00   0.00000E+00   3.87578E+00   6.34031E-16            16   4.07673E-10   3.13448E+00
        2003   2.40360E+02   1.20000E-01   2.18544E-01   1.84311E-04   1.89617E-04   0.00000E+00   1.06596E-02   1.00000E+00   0.00000E+00   3.87578E+00   6.37905E-16            16   4.06943E-10   3.13450E+00
        2004   2.40480E+02   1.20000E-01   2.18544E-01   1.84630E-04   1.90790E-04   0.00000E+00   1.06236E-02   1.00000E+00   0.00000E+00   3.87578E+00   6.41594E-16            16   4.06221E-10   3.13452E+00
        2005   2.40600E+02   1.20000E-01   2.18544E-01   1.84944E-04   1.91956E-04   0.00000E+00   1.05874E-02   1.00000E+00   0.00000E+00   3.87578E+00   6.45245E-16            16   4.05510E-10   3.13454E+00
        2006   2.40720E+02   1.20000E-01   2.18544E-01   1.85252E-04   1.93114E-04   0.00000E+00   1.05511E-02   1.00000E+00   0.00000E+00   3.87578E+00   6.48833E-16            16   4.04807E-10   3.13456E+00
        2007   2.40840E+02   1.20000E-01   2.18544E-01   1.85556E-04   1.94264E-04   0.00000E+00   1.05145E-02   1.00000E+00   0.00000E+00   3.87578E+00   6.52466E-16            16   4.04112E-10   3.13458E+00
        2008   2.40960E+02   1.20000E-01   2.18544E-01   1.85854E-04   1.95407E-04   0.00000E+00   1.04778E-02   1.00000E+00   0.00000E+00   3.87578E+00   6.56018E-16            16   4.03427E-10   3.13460E+00
        2009   2.41080E+02   1.20000E-01   2.18544E-01   1.86146E-04   1.96543E-04   0.00000E+00   1.04408E-02   1.00000E+00   0.00000E+00   3.87578E+00   6.59572E-16            16   4.02749E-10   3.13462E+00
        2010   2.41200E+02   1.20000E-01   2.18544E-01   1.86434E-04   1.97671E-04   0.00000E+00   1.04037E-02   1.00000E+00   0.00000E+00   3.87578E+00   6.62852E-16            16   4.02080E-10   3.13464E+00
        2011   2.41320E+02   1.20000E-01   2.18544E-01   1.86716E-04   1.98791E-04   0.00000E+00   1.03664E-02   1.00000E+00   0.00000E+00   3.87578E+00   6.66244E-16            16   4.01419E-10   3.13466E+00
        2012   2.41440E+02   1.20000E-01   2.18544E-01   1.86993E-04   1.99904E-04   0.00000E+00   1.03289E-02   1.00000E+00   0.00000E+00   3.87578E+00   6.69750E-16            16   4.00763E-10   3.13468E+00
        2013   2.41560E+02   1.20000E-01   2.18544E-01   1.87265E-04   2.01009E-04   0.00000E+00   1.02912E-02   1.00000E+00   0.00000E+00   3.87578E+00   6.72989E-16            16   4.00117E-10   3.13470E+00
        2014   2.41680E+02   1.20000E-01   2.18544E-01   1.87531E-04   2.02106E-04   0.00000E+00   1.02533E-02   1.00000E+00   0.00000E+00   3.87578E+00   6.76274E-16            16   3.99490E-10   3.13472E+00
        2015   2.41800E+02   1.20000E-01   2.18544E-01   1.87792E-04   2.03196E-04   0.00000E+00   1.02153E-02   1.00000E+00   0.00000E+00   3.87578E+00   6.79579E-16            16   3.98860E-10   3.13474E+00
        2016   2.41920E+02   1.20000E-01   2.18544E-01   1.88048E-04   2.04278E-04   0.00000E+00   1.01771E-02   1.00000E+00   0.00000E+00   3.87578E+00   6.82899E-16            16   3.98241E-10   3.13476E+00
        2017   2.42040E+02   1.20000E-01   2.18544E-01   1.88298E-04   2.05352E-04   0.00000E+00   1.01387E-02   1.00000E+00   0.00000E+00   3.87578E+00   6.86225E-16            16   3.97630E-10   3.13478E+00
        2018   2.42160E+02   1.20000E-01   2.18544E-01   1.88543E-04   2.06419E-04   0.00000E+00   1.01001E-02   1.00000E+00   0.00000E+00   3.87578E+00   6.89126E-16            16   3.97026E-10   3.13480E+00
        2019   2.42280E+02   1.20000E-01   2.18544E-01   1.88783E-04   2.07478E-04   0.00000E+00   1.00614E-02   1.00000E+00   0.00000E+00   3.87578E+00   6.92145E-16            16   3.96429E-10   3.13482E+00
        2020   2.42400E+02   1.20000E-01   2.18544E-01   1.89018E-04   2.08529E-04   0.00000E+00   1.00225E-02   1.00000E+00   0.00000E+00   3.87578E+00   6.95371E-16            16   3.95840E-10   3.13484E+00
        2021   2.42520E+02   1.20000E-01   2.18544E-01   1.89248E-04   2.09573E-04   0.00000E+00   9.98340E-03   1.00000E+00   0.00000E+00   3.87578E+00   6.98270E-16            16   3.95257E-10   3.13486E+00
        2022   2.42640E+02   1.20000E-01   2.18544E-01   1.89472E-04   2.10609E-04   0.00000E+00   9.94414E-03   1.00000E+00   0.00000E+00   3.87578E+00   7.01102E-16            16   3.94681E-10   3.13489E+00
        2023   2.42760E+02   1.20000E-01   2.18544E-01   1.89691E-04   2.11637E-04   0.00000E+00   9.90472E-03   1.00000E+00   0.00000E+00   3.87578E+00   7.04101E-16            16   3.94111E-10   3.13491E+00
        2024   2.42880E+02   1.20000E-01   2.18544E-01   1.89905E-04   2.12658E-04   0.00000E+00   9.86513E-03   1.00000E+00   0.00000E+00   3.87578E+00   7.06972E-16            16   3.93548E-10   3.13493E+00
        2025   2.43000E+02   1.20000E-01   2.18544E-01   1.90114E-04   2.13670E-04   0.00000E+00   9.82538E-03   1.00000E+00   0.00000E+00   3.87578E+00   7.09795E-16            16   3.92988E-10   3.13495E+00
        2026   2.43120E+02   1.20000E-01   2.18544E-01   1.90317E-04   2.14675E-04   0.00000E+00   9.78546E-03   1.00000E+00   0.00000E+00   3.87578E+00   7.12761E-16            16   3.92436E-10   3.13497E+00
        2027   2.43240E+02   1.20000E-01   2.18544E-01   1.90515E-04   2.15673E-04   0.00000E+00   9.74538E-03   1.00000E+00   0.00000E+00   3.87578E+00   7.15466E-16            16   3.91881E-10   3.13499E+00
        2028   2.43360E+02   1.20000E-01   2.18544E-01   1.90708E-04   2.16662E-04   0.00000E+00   9.70513E-03   1.00000E+00   0.00000E+00   3.87578E+00   7.18013E-16            16   3.91272E-10   3.13502E+00
        2029   2.43480E+02   1.20000E-01   2.18544E-01   1.90896E-04   2.17644E-04   0.00000E+00   9.66473E-03   1.00000E+00   0.00000E+00   3.87578E+00   7.20714E-16            16   3.90758E-10   3.13504E+00
        2030   2.43600E+02   1.20000E-01   2.18544E-01   1.91079E-04   2.18618E-04   0.00000E+00   9.62416E-03   1.00000E+00   0.00000E+00   3.87578E+00   7.23318E-16            16   3.90244E-10   3.13506E+00
        2031   2.43720E+02   1.20000E-01   2.18544E-01   1.91256E-04   2.19584E-04   0.00000E+00   9.58344E-03   1.00000E+00   0.00000E+00   3.87578E+00   7.25861E-16            16   3.89728E-10   3.13508E+00
        2032   2.43840E+02   1.20000E-01   2.18544E-01   1.91429E-04   2.20542E-04   0.00000E+00   9.54256E-03   1.00000E+00   0.00000E+00   3.87578E+00   7.28628E-16            16   3.89213E-10   3.13511E+00
        2033   2.43960E+02   1.20000E-01   2.18544E-01   1.91596E-04   2.21493E-04   0.00000E+00   9.50152E-03   1.00000E+00   0.00000E+00   3.87578E+00   7.31251E-16            16   3.88671E-10   3.13513E+00
        2034   2.44080E+02   1.20000E-01   2.18544E-01   1.91758E-04   2.22435E-04   0.00000E+00   9.46034E-03   1.00000E+00   0.00000E+00   3.87578E+00   7.32791E-16            16   3.88255E-10   3.13515E+00
        2035   2.44200E+02   1.20000E-01   2.18544E-01   1.91915E-04   2.23370E-04   0.00000E+00   9.41898E-03   1.00000E+00   0.00000E+00   3.87578E+00   7.38122E-16            16   3.87446E-10   3.13517E+00
        2036   2.44320E+02   1.20000E-01   2.18544E-01   1.92067E-04   2.24297E-04   0.00000E+00   9.37749E-03   1.00000E+00   0.00000E+00   3.87578E+00   7.36404E-16            16   3.87436E-10   3.13520E+00
        2037   2.44440E+02   1.20000E-01   2.18544E-01   1.92213E-04   2.25216E-04   0.00000E+00   9.33585E-03   1.00000E+00   0.00000E+00   3.87578E+00   7.39865E-16            16   3.86780E-10   3.13522E+00
        2038   2.44560E+02   1.20000E-01   2.18544E-01   1.92355E-04   2.26128E-04   0.00000E+00   9.29407E-03   1.00000E+00   0.00000E+00   3.87578E+00   7.42336E-16            16   3.86273E-10   3.13524E+00
        2039   2.44680E+02   1.20000E-01   2.18544E-01   1.92491E-04   2.27031E-04   0.00000E+00   9.25213E-03   1.00000E+00   0.00000E+00   3.87578E+00   7.44420E-16            16   3.85732E-10   3.13527E+00
        2040   2.44800E+02   1.20000E-01   2.18544E-01   1.92623E-04   2.27927E-04   0.00000E+00   9.21004E-03   1.00000E+00   0.00000E+00   3.87578E+00   7.60426E-16            16   3.92542E-10   3.13529E+00
        2041   2.44920E+02   1.20000E-01   2.18544E-01   1.92749E-04   2.28815E-04   0.00000E+00   9.16782E-03   1.00000E+00   0.00000E+00   3.87578E+00   7.45773E-16            16   3.82430E-10   3.13531E+00
        2042   2.45040E+02   1.20000E-01   2.18544E-01   1.92870E-04   2.29695E-04   0.00000E+00   9.12545E-03   1.00000E+00   0.00000E+00   3.87578E+00   7.39482E-16            16   3.78233E-10   3.13534E+00
        2043   2.45160E+02   1.20000E-01   2.18544E-01   1.92986E-04   2.30567E-04   0.00000E+00   9.08294E-03   1.00000E+00   0.00000E+00   3.87578E+00   7.51190E-16            16   3.82699E-10   3.13536E+00
        2044   2.45280E+02   1.20000E-01   2.18544E-01   1.93097E-04   2.31431E-04   0.00000E+00   9.04030E-03   1.00000E+00   0.00000E+00   3.87578E+00   7.55208E-16            16   3.83942E-10   3.13539E+00
        2045   2.45400E+02   1.20000E-01   2.18544E-01   1.93202E-04   2.32287E-04   0.00000E+00   8.99751E-03   1.00000E+00   0.00000E+00   3.87578E+00   7.57439E-16            16   3.83562E-10   3.13541E+00
        2046   2.45520E+02   1.20000E-01   2.18544E-01   1.93303E-04   2.33135E-04   0.00000E+00   8.95459E-03   1.00000E+00   0.00000E+00   3.87578E+00   7.59763E-16            16   3.82896E-10   3.13543E+00
        2047   2.45640E+02   1.20000E-01   2.18544E-01   1.93399E-04   2.33976E-04   0.00000E+00   8.91153E-03   1.00000E+00   0.00000E+00   3.87578E+00   7.60411E-16            16   3.82326E-10   3.13546E+00
        2048   2.45760E+02   1.20000E-01   2.18544E-01   1.93489E-04   2.34808E-04   0.00000E+00   8.86834E-03   1.00000E+00   0.00000E+00   3.87578E+00   7.62897E-16            16   3.81791E-10   3.13548E+00
        2049   2.45880E+02   1.20000E-01   2.18544E-01   1.93575E-04   2.35633E-04   0.00000E+00   8.82501E-03   1.00000E+00   0.00000E+00   3.87578E+00   7.63646E-16            16   3.81311E-10   3.13551E+00
        2050   2.46000E+02   1.20000E-01   2.18544E-01   1.93655E-04   2.36450E-04   0.00000E+00   8.78155E-03   1.00000E+00   0.00000E+00   3.87578E+00   7.66043E-16            16   3.80830E-10   3.13553E+00
        2051   2.46120E+02   1.20000E-01   2.18544E-01   1.93731E-04   2.37258E-04   0.00000E+00   8.73796E-03   1.00000E+00   0.00000E+00   3.87578E+00   7.67092E-16            16   3.80386E-10   3.13556E+00
        2052   2.46240E+02   1.20000E-01   2.18544E-01   1.93801E-04   2.38059E-04   0.00000E+00   8.69424E-03   1.00000E+00   0.00000E+00   3.87578E+00   7.69523E-16            16   3.79931E-10   3.13558E+00
        2053   2.46360E+02   1.20000E-01   2.18544E-01   1.93867E-04   2.38852E-04   0.00000E+00   8.65039E-03   1.00000E+00   0.00000E+00   3.87578E+00   7.70351E-16            16   3.79495E-10   3.13561E+00
        2054   2.46480E+02   1.20000E-01   2.18544E-01   1.94100E-04   2.39637E-04   0.00000E+00   8.60642E-03   1.00000E+00   0.00000E+00   3.87578E+00   7.72933E-16            16   3.79086E-10   3.13563E+00
        2055   2.46600E+02   1.20000E-01   2.18544E-01   1.94334E-04   2.40414E-04   0.00000E+00   8.56232E-03   1.00000E+00   0.00000E+00   3.87578E+00   7.73847E-16            16   3.78648E-10   3.13566E+00
        2056   2.46720E+02   1.20000E-01   2.18544E-01   1.94563E-04   2.41184E-04   0.00000E+00   8.51810E-03   1.00000E+00   0.00000E+00   3.87578E+00   7.76093E-16            16   3.78201E-10   3.13568E+00
        2057   2.46840E+02   1.20000E-01   2.18544E-01   1.94786E-04   2.41945E-04   0.00000E+00   8.47375E-03   1.00000E+00   0.00000E+00   3.87578E+00   7.76809E-16            16   3.77812E-10   3.13571E+00
        2058   2.46960E+02   1.20000E-01   2.18544E-01   1.95004E-04   2.42698E-04   0.00000E+00   8.42928E-03   1.00000E+00   0.00000E+00   3.87578E+00   7.79121E-16            16   3.77400E-10   3.13573E+00
        2059   2.47080E+02   1.20000E-01   2.18544E-01   1.95217E-04   2.43444E-04   0.00000E+00   8.38470E-03   1.00000E+00   0.00000E+00   3.87578E+00   7.79932E-16            16   3.77019E-10   3.13576E+00
        2060   2.47200E+02   1.20000E-01   2.18544E-01   1.95424E-04   2.44181E-04   0.00000E+00   8.33999E-03   1.00000E+00   0.00000E+00   3.87578E+00   7.82146E-16            16   3.76615E-10   3.13578E+00
        2061   2.47320E+02   1.20000E-01   2.18544E-01   1.95626E-04   2.44911E-04   0.00000E+00   8.29517E-03   1.00000E+00   0.00000E+00   3.87578E+00   7.82820E-16            16   3.76242E-10   3.13581E+00
        2062   2.47440E+02   1.20000E-01   2.18544E-01   1.95822E-04   2.45633E-04   0.00000E+00   8.25024E-03   1.00000E+00   0.00000E+00   3.87578E+00   7.85033E-16            16   3.75844E-10   3.13583E+00
        2063   2.47560E+02   1.20000E-01   2.18544E-01   1.96013E-04   2.46347E-04   0.00000E+00   8.20518E-03   1.00000E+00   0.00000E+00   3.87578E+00   7.85589E-16            16   3.75481E-10   3.13586E+00
        2064   2.47680E+02   1.20000E-01   2.18544E-01   1.96199E-04   2.47052E-04   0.00000E+00   8.16002E-03   1.00000E+00   0.00000E+00   3.87578E+00   7.87665E-16            16   3.75091E-10   3.13589E+00
        2065   2.47800E+02   1.20000E-01   2.18544E-01   1.96379E-04   2.47750E-04   0.00000E+00   8.11480E-03   1.00000E+00   0.00000E+00   3.87578E+00   7.78865E-16            16   3.75257E-10   3.13591E+00
        2066   2.47920E+02   1.20000E-01   2.18544E-01   1.96554E-04   2.48440E-04   0.00000E+00   8.06941E-03   1.00000E+00   0.00000E+00   3.87578E+00   7.96376E-16            16   3.74257E-10   3.13594E+00
        2067   2.48040E+02   1.20000E-01   2.18544E-01   1.96724E-04   2.49123E-04   0.00000E+00   8.02392E-03   1.00000E+00   0.00000E+00   3.87578E+00   7.94508E-16            16   3.73903E-10   3.13596E+00
        2068   2.48160E+02   1.20000E-01   2.18544E-01   1.96888E-04   2.49797E-04   0.00000E+00   7.97832E-03   1.00000E+00   0.00000E+00   3.87578E+00   7.95028E-16            16   3.73564E-10   3.13599E+00
        2069   2.48280E+02   1.20000E-01   2.18544E-01   1.97048E-04   2.50463E-04   0.00000E+00   7.93261E-03   1.00000E+00   0.00000E+00   3.87578E+00   7.94541E-16            16   3.73230E-10   3.13602E+00
        2070   2.48400E+02   1.20000E-01   2.18544E-01   1.97201E-04   2.51121E-04   0.00000E+00   7.88680E-03   1.00000E+00   0.00000E+00   3.87578E+00   7.96453E-16            16   3.72868E-10   3.13604E+00
        2071   2.48520E+02   1.20000E-01   2.18544E-01   1.97350E-04   2.51772E-04   0.00000E+00   7.84088E-03   1.00000E+00   0.00000E+00   3.87578E+00   7.96695E-16            16   3.72544E-10   3.13607E+00
        2072   2.48640E+02   1.20000E-01   2.18544E-01   1.97493E-04   2.52414E-04   0.00000E+00   7.79487E-03   1.00000E+00   0.00000E+00   3.87578E+00   7.98517E-16            16   3.72193E-10   3.13610E+00
        2073   2.48760E+02   1.20000E-01   2.18544E-01   1.97631E-04   2.53049E-04   0.00000E+00   7.74875E-03   1.00000E+00   0.00000E+00   3.87578E+00   7.98608E-16            16   3.71876E-10   3.13612E+00
        2074   2.48880E+02   1.20000E-01   2.18544E-01   1.97764E-04   2.53676E-04   0.00000E+00   7.70253E-03   1.00000E+00   0.00000E+00   3.87578E+00   8.00204E-16            16   3.71529E-10   3.13615E+00
        2075   2.49000E+02   1.20000E-01   2.18544E-01   1.97891E-04   2.54295E-04   0.00000E+00   7.65622E-03   1.00000E+00   0.00000E+00   3.87578E+00   8.00263E-16            16   3.71217E-10   3.13618E+00
        2076   2.49120E+02   1.20000E-01   2.18544E-01   1.98014E-04   2.54906E-04   0.00000E+00   7.60981E-03   1.00000E+00   0.00000E+00   3.87578E+00   8.01909E-16            16   3.70877E-10   3.13620E+00
        2077   2.49240E+02   1.20000E-01   2.18544E-01   1.98131E-04   2.55509E-04   0.00000E+00   7.56330E-03   1.00000E+00   0.00000E+00   3.87578E+00   8.01845E-16            16   3.70571E-10   3.13623E+00
        2078   2.49360E+02   1.20000E-01   2.18544E-01   1.98242E-04   2.56104E-04   0.00000E+00   7.51670E-03   1.00000E+00   0.00000E+00   3.87578E+00   8.03443E-16            16   3.70238E-10   3.13626E+00
        2079   2.49480E+02   1.20000E-01   2.18544E-01   1.98349E-04   2.56691E-04   0.00000E+00   7.47001E-03   1.00000E+00   0.00000E+00   3.87578E+00   8.03285E-16            16   3.69938E-10   3.13628E+00
        2080   2.49600E+02   1.20000E-01   2.18544E-01   1.98450E-04   2.57270E-04   0.00000E+00   7.42323E-03   1.00000E+00   0.00000E+00   3.87578E+00   8.04838E-16            16   3.69612E-10   3.13631E+00
        2081   2.49720E+02   1.20000E-01   2.18544E-01   1.98546E-04   2.57842E-04   0.00000E+00   7.37636E-03   1.00000E+00   0.00000E+00   3.87578E+00   8.04889E-16            16   3.69318E-10   3.13634E+00
        2082   2.49840E+02   1.20000E-01   2.18544E-01   1.98637E-04   2.58405E-04   0.00000E+00   7.32940E-03   1.00000E+00   0.00000E+00   3.87578E+00   8.06395E-16            16   3.68998E-10   3.13637E+00
        2083   2.49960E+02   1.20000E-01   2.18544E-01   1.98723E-04   2.58961E-04   0.00000E+00   7.28235E-03   1.00000E+00   0.00000E+00   3.87578E+00   8.06265E-16            16   3.68711E-10   3.13639E+00
        2084   2.50080E+02   1.20000E-01   2.18544E-01   1.98804E-04   2.59508E-04   0.00000E+00   7.23522E-03   1.00000E+00   0.00000E+00   3.87578E+00   8.07580E-16            16   3.68398E-10   3.13642E+00
        2085   2.50200E+02   1.20000E-01   2.18544E-01   1.98879E-04   2.60048E-04   0.00000E+00   7.18800E-03   1.00000E+00   0.00000E+00   3.87578E+00   8.07507E-16            16   3.68116E-10   3.13645E+00
        2086   2.50320E+02   1.20000E-01   2.18544E-01   1.98949E-04   2.60580E-04   0.00000E+00   7.14071E-03   1.00000E+00   0.00000E+00   3.87578E+00   8.08866E-16            16   3.67769E-10   3.13648E+00
        2087   2.50440E+02   1.20000E-01   2.18544E-01   1.99014E-04   2.61104E-04   0.00000E+00   7.09333E-03   1.00000E+00   0.00000E+00   3.87578E+00   8.08960E-16            16   3.67625E-10   3.13650E+00
        2088   2.50560E+02   1.20000E-01   2.18544E-01   1.99074E-04   2.61621E-04   0.00000E+00   7.04587E-03   1.00000E+00   0.00000E+00   3.87578E+00   8.09998E-16            16   3.67171E-10   3.13653E+00
        2089   2.50680E+02   1.20000E-01   2.18544E-01   1.99129E-04   2.62129E-04   0.00000E+00   6.99833E-03   1.00000E+00   0.00000E+00   3.87578E+00   8.09892E-16            16   3.67070E-10   3.13656E+00
        2090   2.50800E+02   1.20000E-01   2.18544E-01   1.99179E-04   2.62630E-04   0.00000E+00   6.95072E-03   1.00000E+00   0.00000E+00   3.87578E+00   8.10671E-16            16   3.66608E-10   3.13659E+00
        2091   2.50920E+02   1.20000E-01   2.18544E-01   1.99224E-04   2.63122E-04   0.00000E+00   6.90303E-03   1.00000E+00   0.00000E+00   3.87578E+00   8.09511E-16            16   3.66536E-10   3.13661E+00
        2092   2.51040E+02   1.20000E-01   2.18544E-01   1.99263E-04   2.63607E-04   0.00000E+00   6.85527E-03   1.00000E+00   0.00000E+00   3.87578E+00   8.10320E-16            16   3.66074E-10   3.13664E+00
        2093   2.51160E+02   1.20000E-01   2.18544E-01   1.99298E-04   2.64084E-04   0.00000E+00   6.80743E-03   1.00000E+00   0.00000E+00   3.87578E+00   8.09666E-16            16   3.66010E-10   3.13667E+00
        2094   2.51280E+02   1.20000E-01   2.18544E-01   1.99327E-04   2.64553E-04   0.00000E+00   6.75952E-03   1.00000E+00   0.00000E+00   3.87578E+00   8.10624E-16            16   3.65543E-10   3.13670E+00
        2095   2.51400E+02   1.20000E-01   2.18544E-01   1.99351E-04   2.65014E-04   0.00000E+00   6.71154E-03   1.00000E+00   0.00000E+00   3.87578E+00   8.10130E-16            16   3.65493E-10   3.13673E+00
        2096   2.51520E+02   1.20000E-01   2.18544E-01   1.99371E-04   2.65468E-04   0.00000E+00   6.66350E-03   1.00000E+00   0.00000E+00   3.87578E+00   8.10929E-16            16   3.65057E-10   3.13676E+00
        2097   2.51640E+02   1.20000E-01   2.18544E-01   1.99385E-04   2.65913E-04   0.00000E+00   6.61538E-03   1.00000E+00   0.00000E+00   3.87578E+00   8.09594E-16            16   3.64990E-10   3.13678E+00
        2098   2.51760E+02   1.20000E-01   2.18544E-01   1.99394E-04   2.66351E-04   0.00000E+00   6.56720E-03   1.00000E+00   0.00000E+00   3.87578E+00   8.11741E-16            16   3.64729E-10   3.13681E+00
        2099   2.51880E+02   1.20000E-01   2.18544E-01   1.99398E-04   2.66781E-04   0.00000E+00   6.51896E-03   1.00000E+00   0.00000E+00   3.87578E+00   8.09165E-16            16   3.64416E-10   3.13684E+00
        2100   2.52000E+02   1.20000E-01   2.18544E-01   1.99397E-04   2.67203E-04   0.00000E+00   6.47065E-03   1.00000E+00   0.00000E+00   3.87578E+00   8.09365E-16            16   3.64238E-10   3.13687E+00
        2101   2.52120E+02   1.20000E-01   2.18544E-01   1.99391E-04   2.67618E-04   0.00000E+00   6.42228E-03   1.00000E+00   0.00000E+00   3.87578E+00   8.06937E-16            16   3.63988E-10   3.13690E+00
        2102   2.52240E+02   1.20000E-01   2.18544E-01   1.99380E-04   2.68024E-04   0.00000E+00   6.37385E-03   1.00000E+00   0.00000E+00   3.87578E+00   8.07736E-16            16   3.63750E-10   3.13693E+00
        2103   2.52360E+02   1.20000E-01   2.18544E-01   1.99364E-04   2.68423E-04   0.00000E+00   6.32536E-03   1.00000E+00   0.00000E+00   3.87578E+00   8.06718E-16            16   3.63534E-10   3.13696E+00
        2104   2.52480E+02   1.20000E-01   2.18544E-01   1.99344E-04   2.68814E-04   0.00000E+00   6.27681E-03   1.00000E+00   0.00000E+00   3.87578E+00   8.07302E-16            16   3.63281E-10   3.13698E+00
        2105   2.52600E+02   1.20000E-01   2.18544E-01   1.99318E-04   2.69198E-04   0.00000E+00   6.22821E-03   1.00000E+00   0.00000E+00   3.87578E+00   8.06670E-16            16   3.63074E-10   3.13701E+00
        2106   2.52720E+02   1.20000E-01   2.18544E-01   1.99287E-04   2.69573E-04   0.00000E+00   6.17955E-03   1.00000E+00   0.00000E+00   3.87578E+00   8.06432E-16            16   3.62828E-10   3.13704E+00
        2107   2.52840E+02   1.20000E-01   2.18544E-01   1.99251E-04   2.69941E-04   0.00000E+00   6.13084E-03   1.00000E+00   0.00000E+00   3.87578E+00   8.06968E-16            16   3.62614E-10   3.13707E+00
        2108   2.52960E+02   1.20000E-01   2.18544E-01   1.99210E-04   2.70301E-04   0.00000E+00   6.08207E-03   1.00000E+00   0.00000E+00   3.87578E+00   8.06673E-16            16   3.62388E-10   3.13710E+00
        2109   2.53080E+02   1.20000E-01   2.18544E-01   1.99165E-04   2.70653E-04   0.00000E+00   6.03326E-03   1.00000E+00   0.00000E+00   3.87578E+00   8.06874E-16            16   3.62162E-10   3.13713E+00
        2110   2.53200E+02   1.20000E-01   2.18544E-01   1.99114E-04   2.70998E-04   0.00000E+00   5.98440E-03   1.00000E+00   0.00000E+00   3.87578E+00   8.06383E-16            16   3.61956E-10   3.13716E+00
        2111   2.53320E+02   1.20000E-01   2.18544E-01   1.99059E-04   2.71335E-04   0.00000E+00   5.93548E-03   1.00000E+00   0.00000E+00   3.87578E+00   8.06272E-16            16   3.61751E-10   3.13719E+00
        2112   2.53440E+02   1.20000E-01   2.18544E-01   1.98998E-04   2.71664E-04   0.00000E+00   5.88652E-03   1.00000E+00   0.00000E+00   3.87578E+00   8.07013E-16            16   3.61536E-10   3.13722E+00
        2113   2.53560E+02   1.20000E-01   2.18544E-01   1.98933E-04   2.71985E-04   0.00000E+00   5.83752E-03   1.00000E+00   0.00000E+00   3.87578E+00   8.06852E-16            16   3.61336E-10   3.13725E+00
        2114   2.53680E+02   1.20000E-01   2.18544E-01   1.98863E-04   2.72299E-04   0.00000E+00   5.78847E-03   1.00000E+00   0.00000E+00   3.87578E+00   8.06635E-16            16   3.61138E-10   3.13727E+00
        2115   2.53800E+02   1.20000E-01   2.18544E-01   1.98788E-04   2.72605E-04   0.00000E+00   5.73937E-03   1.00000E+00   0.00000E+00   3.87578E+00   8.06832E-16            16   3.60946E-10   3.13730E+00
        2116   2.53920E+02   1.20000E-01   2.18544E-01   1.98708E-04   2.72903E-04   0.00000E+00   5.69024E-03   1.00000E+00   0.00000E+00   3.87578E+00   8.07084E-16            16   3.60758E-10   3.13733E+00
        2117   2.54040E+02   1.20000E-01   2.18544E-01   1.98624E-04   2.73193E-04   0.00000E+00   5.64107E-03   1.00000E+00   0.00000E+00   3.87578E+00   8.07147E-16            16   3.60575E-10   3.13736E+00
        2118   2.54160E+02   1.20000E-01   2.18544E-01   1.98534E-04   2.73476E-04   0.00000E+00   5.59185E-03   1.00000E+00   0.00000E+00   3.87578E+00   8.07354E-16            16   3.60396E-10   3.13739E+00
        2119   2.54280E+02   1.20000E-01   2.18544E-01   1.98440E-04   2.73752E-04   0.00000E+00   5.54260E-03   1.00000E+00   0.00000E+00   3.87578E+00   8.07489E-16            16   3.60224E-10   3.13742E+00
        2120   2.54400E+02   1.20000E-01   2.18544E-01   1.98341E-04   2.74019E-04   0.00000E+00   5.49331E-03   1.00000E+00   0.00000E+00   3.87578E+00   8.07275E-16            16   3.60069E-10   3.13745E+00
        2121   2.54520E+02   1.20000E-01   2.18544E-01   1.98237E-04   2.74279E-04   0.00000E+00   5.44399E-03   1.00000E+00   0.00000E+00   3.87578E+00   8.07931E-16            16   3.59907E-10   3.13748E+00
        2122   2.54640E+02   1.20000E-01   2.18544E-01   1.98128E-04   2.74532E-04   0.00000E+00   5.39463E-03   1.00000E+00   0.00000E+00   3.87578E+00   8.08128E-16            16   3.59750E-10   3.13751E+00
        2123   2.54760E+02   1.20000E-01   2.18544E-01   1.98015E-04   2.74777E-04   0.00000E+00   5.34524E-03   1.00000E+00   0.00000E+00   3.87578E+00   8.08424E-16            16   3.59584E-10   3.13754E+00
        2124   2.54880E+02   1.20000E-01   2.18544E-01   1.97897E-04   2.75014E-04   0.00000E+00   5.29582E-03   1.00000E+00   0.00000E+00   3.87578E+00   8.08263E-16            16   3.59436E-10   3.13757E+00
        2125   2.55000E+02   1.20000E-01   2.18544E-01   1.97774E-04   2.75244E-04   0.00000E+00   5.24637E-03   1.00000E+00   0.00000E+00   3.87578E+00   8.07907E-16            16   3.59292E-10   3.13760E+00
        2126   2.55120E+02   1.20000E-01   2.18544E-01   1.97647E-04   2.75466E-04   0.00000E+00   5.19690E-03   1.00000E+00   0.00000E+00   3.87578E+00   8.07411E-16            16   3.59143E-10   3.13763E+00
        2127   2.55240E+02   1.20000E-01   2.18544E-01   1.97514E-04   2.75681E-04   0.00000E+00   5.14739E-03   1.00000E+00   0.00000E+00   3.87578E+00   8.07520E-16            16   3.59008E-10   3.13766E+00
        2128   2.55360E+02   1.20000E-01   2.18544E-01   1.97377E-04   2.75888E-04   0.00000E+00   5.09786E-03   1.00000E+00   0.00000E+00   3.87578E+00   8.06819E-16            16   3.58878E-10   3.13769E+00
        2129   2.55480E+02   1.20000E-01   2.18544E-01   1.97236E-04   2.76087E-04   0.00000E+00   5.04830E-03   1.00000E+00   0.00000E+00   3.87578E+00   8.06204E-16            16   3.58752E-10   3.13772E+00
        2130   2.55600E+02   1.20000E-01   2.18544E-01   1.97089E-04   2.76279E-04   0.00000E+00   4.99872E-03   1.00000E+00   0.00000E+00   3.87578E+00   8.05607E-16            16   3.58631E-10   3.13775E+00
        2131   2.55720E+02   1.20000E-01   2.18544E-01   1.96939E-04   2.76464E-04   0.00000E+00   4.94912E-03   1.00000E+00   0.00000E+00   3.87578E+00   8.05141E-16            16   3.58513E-10   3.13778E+00
        2132   2.55840E+02   1.20000E-01   2.18544E-01   1.96783E-04   2.76641E-04   0.00000E+00   4.89949E-03   1.00000E+00   0.00000E+00   3.87578E+00   8.04689E-16            16   3.58416E-10   3.13781E+00
        2133   2.55960E+02   1.20000E-01   2.18544E-01   1.96623E-04   2.76810E-04   0.00000E+00   4.84985E-03   1.00000E+00   0.00000E+00   3.87578E+00   8.03418E-16            16   3.58287E-10   3.13784E+00
        2134   2.56080E+02   1.20000E-01   2.18544E-01   1.96458E-04   2.76972E-04   0.00000E+00   4.80019E-03   1.00000E+00   0.00000E+00   3.87578E+00   8.03457E-16            16   3.58213E-10   3.13787E+00
        2135   2.56200E+02   1.20000E-01   2.18544E-01   1.96289E-04   2.77127E-04   0.00000E+00   4.75051E-03   1.00000E+00   0.00000E+00   3.87578E+00   8.01940E-16            16   3.58097E-10   3.13790E+00
        2136   2.56320E+02   1.20000E-01   2.18544E-01   1.96115E-04   2.77274E-04   0.00000E+00   4.70082E-03   1.00000E+00   0.00000E+00   3.87578E+00   8.02128E-16            16   3.58008E-10   3.13793E+00
        2137   2.56440E+02   1.20000E-01   2.18544E-01   1.95936E-04   2.77414E-04   0.00000E+00   4.65111E-03   1.00000E+00   0.00000E+00   3.87578E+00   8.03606E-16            16   3.57926E-10   3.13796E+00
        2138   2.56560E+02   1.20000E-01   2.18544E-01   1.95753E-04   2.77546E-04   0.00000E+00   4.60139E-03   1.00000E+00   0.00000E+00   3.87578E+00   8.05078E-16            16   3.57848E-10   3.13799E+00
        2139   2.56680E+02   1.20000E-01   2.18544E-01   1.95566E-04   2.77671E-04   0.00000E+00   4.55166E-03   1.00000E+00   0.00000E+00   3.87578E+00   8.06482E-16            16   3.57774E-10   3.13802E+00
        2140   2.56800E+02   1.20000E-01   2.18544E-01   1.95374E-04   2.77788E-04   0.00000E+00   4.50192E-03   1.00000E+00   0.00000E+00   3.87578E+00   8.07875E-16            16   3.57704E-10   3.13805E+00
        2141   2.56920E+02   1.20000E-01   2.18544E-01   1.95177E-04   2.77898E-04   0.00000E+00   4.45216E-03   1.00000E+00   0.00000E+00   3.87578E+00   8.09210E-16            16   3.57639E-10   3.13808E+00
        2142   2.57040E+02   1.20000E-01   2.18544E-01   1.94976E-04   2.78001E-04   0.00000E+00   4.40240E-03   1.00000E+00   0.00000E+00   3.87578E+00   8.10499E-16            16   3.57579E-10   3.13811E+00
        2143   2.57160E+02   1.20000E-01   2.18544E-01   1.94770E-04   2.78097E-04   0.00000E+00   4.35264E-03   1.00000E+00   0.00000E+00   3.87578E+00   8.11816E-16            16   3.57524E-10   3.13814E+00
        2144   2.57280E+02   1.20000E-01   2.18544E-01   1.94560E-04   2.78185E-04   0.00000E+00   4.30287E-03   1.00000E+00   0.00000E+00   3.87578E+00   8.12980E-16            16   3.57474E-10   3.13817E+00
        2145   2.57400E+02   1.20000E-01   2.18544E-01   1.94346E-04   2.78265E-04   0.00000E+00   4.25309E-03   1.00000E+00   0.00000E+00   3.87578E+00   8.14210E-16            16   3.57430E-10   3.13820E+00
        2146   2.57520E+02   1.20000E-01   2.18544E-01   1.94127E-04   2.78339E-04   0.00000E+00   4.20331E-03   1.00000E+00   0.00000E+00   3.87578E+00   8.15353E-16            16   3.57390E-10   3.13823E+00
        2147   2.57640E+02   1.20000E-01   2.18544E-01   1.93904E-04   2.78405E-04   0.00000E+00   4.15353E-03   1.00000E+00   0.00000E+00   3.87578E+00   8.16443E-16            16   3.57354E-10   3.13826E+00
        2148   2.57760E+02   1.20000E-01   2.18544E-01   1.93676E-04   2.78464E-04   0.00000E+00   4.10375E-03   1.00000E+00   0.00000E+00   3.87578E+00   8.17517E-16            16   3.57324E-10   3.13829E+00
        2149   2.57880E+02   1.20000E-01   2.18544E-01   1.93444E-04   2.78516E-04   0.00000E+00   4.05397E-03   1.00000E+00   0.00000E+00   3.87578E+00   8.18494E-16            16   3.57298E-10   3.13832E+00
        2150   2.58000E+02   1.20000E-01   2.18544E-01   1.93208E-04   2.78560E-04   0.00000E+00   4.00419E-03   1.00000E+00   0.00000E+00   3.87578E+00   8.19492E-16            16   3.57276E-10   3.13835E+00
        2151   2.58120E+02   1.20000E-01   2.18544E-01   1.92967E-04   2.78598E-04   0.00000E+00   3.95442E-03   1.00000E+00   0.00000E+00   3.87578E+00   8.20468E-16            16   3.57260E-10   3.13838E+00
        2152   2.58240E+02   1.20000E-01   2.18544E-01   1.92722E-04   2.78628E-04   0.00000E+00   3.90465E-03   1.00000E+00   0.00000E+00   3.87578E+00   8.21340E-16            16   3.57247E-10   3.13841E+00
        2153   2.58360E+02   1.20000E-01   2.18544E-01   1.92473E-04   2.78650E-04   0.00000E+00   3.85489E-03   1.00000E+00   0.00000E+00   3.87578E+00   8.22145E-16            16   3.57237E-10   3.13844E+00
        2154   2.58480E+02   1.20000E-01   2.18544E-01   1.92219E-04   2.78666E-04   0.00000E+00   3.80513E-03   1.00000E+00   0.00000E+00   3.87578E+00   8.22962E-16            16   3.57237E-10   3.13847E+00
        2155   2.58600E+02   1.20000E-01   2.18544E-01   1.91961E-04   2.78675E-04   0.00000E+00   3.75538E-03   1.00000E+00   0.00000E+00   3.87578E+00   8.23675E-16            16   3.57236E-10   3.13850E+00
        2156   2.58720E+02   1.20000E-01   2.18544E-01   1.91699E-04   2.78676E-04   0.00000E+00   3.70565E-03   1.00000E+00   0.00000E+00   3.87578E+00   8.24362E-16            16   3.57240E-10   3.13853E+00
        2157   2.58840E+02   1.20000E-01   2.18544E-01   1.91432E-04   2.78670E-04   0.00000E+00   3.65592E-03   1.00000E+00   0.00000E+00   3.87578E+00   8.25060E-16            16   3.57248E-10   3.13856E+00
        2158   2.58960E+02   1.20000E-01   2.18544E-01   1.91162E-04   2.78657E-04   0.00000E+00   3.60621E-03   1.00000E+00   0.00000E+00   3.87578E+00   8.25629E-16            16   3.57261E-10   3.13859E+00
        2159   2.59080E+02   1.20000E-01   2.18544E-01   1.90887E-04   2.78637E-04   0.00000E+00   3.55651E-03   1.00000E+00   0.00000E+00   3.87578E+00   8.26155E-16            16   3.57277E-10   3.13863E+00
        2160   2.59200E+02   1.20000E-01   2.18544E-01   1.90608E-04   2.78610E-04   0.00000E+00   3.50682E-03   1.00000E+00   0.00000E+00   3.87578E+00   8.26622E-16            16   3.57296E-10   3.13866E+00
        2161   2.59320E+02   1.20000E-01   2.18544E-01   1.90324E-04   2.78576E-04   0.00000E+00   3.45715E-03   1.00000E+00   0.00000E+00   3.87578E+00   8.27030E-16            16   3.57319E-10   3.13869E+00
        2162   2.59440E+02   1.20000E-01   2.18544E-01   1.90037E-04   2.78535E-04   0.00000E+00   3.40750E-03   1.00000E+00   0.00000E+00   3.87578E+00   8.27391E-16            16   3.57346E-10   3.13872E+00
        2163   2.59560E+02   1.20000E-01   2.18544E-01   1.89745E-04   2.78487E-04   0.00000E+00   3.35787E-03   1.00000E+00   0.00000E+00   3.87578E+00   8.27540E-16            16   3.57364E-10   3.13875E+00
        2164   2.59680E+02   1.20000E-01   2.18544E-01   1.89450E-04   2.78432E-04   0.00000E+00   3.30826E-03   1.00000E+00   0.00000E+00   3.87578E+00   8.29052E-16            16   3.57408E-10   3.13878E+00
        2165   2.59800E+02   1.20000E-01   2.18544E-01   1.89150E-04   2.78369E-04   0.00000E+00   3.25867E-03   1.00000E+00   0.00000E+00   3.87578E+00   8.27246E-16            16   3.57440E-10   3.13881E+00
        2166   2.59920E+02   1.20000E-01   2.18544E-01   1.88846E-04   2.78300E-04   0.00000E+00   3.20910E-03   1.00000E+00   0.00000E+00   3.87578E+00   8.29036E-16            16   3.57468E-10   3.13884E+00
        2167   2.60040E+02   1.20000E-01   2.18544E-01   1.88538E-04   2.78224E-04   0.00000E+00   3.15955E-03   1.00000E+00   0.00000E+00   3.87578E+00   8.28471E-16            16   3.57515E-10   3.13887E+00
        2168   2.60160E+02   1.20000E-01   2.18544E-01   1.88225E-04   2.78141E-04   0.00000E+00   3.11003E-03   1.00000E+00   0.00000E+00   3.87578E+00   8.28338E-16            16   3.57547E-10   3.13890E+00
        2169   2.60280E+02   1.20000E-01   2.18544E-01   1.87909E-04   2.78051E-04   0.00000E+00   3.06054E-03   1.00000E+00   0.00000E+00   3.87578E+00   8.27901E-16            16   3.57602E-10   3.13893E+00
        2170   2.60400E+02   1.20000E-01   2.18544E-01   1.87589E-04   2.77954E-04   0.00000E+00   3.01107E-03   1.00000E+00   0.00000E+00   3.87578E+00   8.27683E-16            16   3.57648E-10   3.13896E+00
        2171   2.60520E+02   1.20000E-01   2.18544E-01   1.87265E-04   2.77850E-04   0.00000E+00   2.96163E-03   1.00000E+00   0.00000E+00   3.87578E+00   8.27024E-16            16   3.57698E-10   3.13899E+00
        2172   2.60640E+02   1.20000E-01   2.18544E-01   1.86937E-04   2.77740E-04   0.00000E+00   2.91222E-03   1.00000E+00   0.00000E+00   3.87578E+00   8.27341E-16            16   3.57745E-10   3.13902E+00
        2173   2.60760E+02   1.20000E-01   2.18544E-01   1.86604E-04   2.77622E-04   0.00000E+00   2.86284E-03   1.00000E+00   0.00000E+00   3.87578E+00   8.26176E-16            16   3.57793E-10   3.13905E+00
        2174   2.60880E+02   1.20000E-01   2.18544E-01   1.86268E-04   2.77498E-04   0.00000E+00   2.81349E-03   1.00000E+00   0.00000E+00   3.87578E+00   8.26045E-16            16   3.57847E-10   3.13908E+00
        2175   2.61000E+02   1.20000E-01   2.18544E-01   1.85928E-04   2.77366E-04   0.00000E+00   2.76417E-03   1.00000E+00   0.00000E+00   3.87578E+00   8.25443E-16            16   3.57920E-10   3.13911E+00
        2176   2.61120E+02   1.20000E-01   2.18544E-01   1.85584E-04   2.77228E-04   0.00000E+00   2.71490E-03   1.00000E+00   0.00000E+00   3.87578E+00   8.25026E-16            16   3.58000E-10   3.13914E+00
        2177   2.61240E+02   1.20000E-01   2.18544E-01   1.85236E-04   2.77084E-04   0.00000E+00   2.66565E-03   1.00000E+00   0.00000E+00   3.87578E+00   8.23574E-16            16   3.58040E-10   3.13917E+00
        2178   2.61360E+02   1.20000E-01   2.18544E-01   1.84884E-04   2.76932E-04   0.00000E+00   2.61645E-03   1.00000E+00   0.00000E+00   3.87578E+00   8.24042E-16            16   3.58385E-10   3.13921E+00
        2179   2.61480E+02   1.20000E-01   2.18544E-01   1.84528E-04   2.76774E-04   0.00000E+00   2.56728E-03   1.00000E+00   0.00000E+00   3.87578E+00   8.19610E-16            16   3.57886E-10   3.13924E+00
        2180   2.61600E+02   1.20000E-01   2.18544E-01   1.84169E-04   2.76608E-04   0.00000E+00   2.51817E-03   1.00000E+00   0.00000E+00   3.87578E+00   8.17897E-16            16   3.57859E-10   3.13927E+00
        2181   2.61720E+02   1.20000E-01   2.18544E-01   1.83805E-04   2.76437E-04   0.00000E+00   2.46908E-03   1.00000E+00   0.00000E+00   3.87578E+00   8.19195E-16            16   3.58185E-10   3.13930E+00
        2182   2.61840E+02   1.20000E-01   2.18544E-01   1.83438E-04   2.76258E-04   0.00000E+00   2.42003E-03   1.00000E+00   0.00000E+00   3.87578E+00   8.18111E-16            16   3.58192E-10   3.13933E+00
        2183   2.61960E+02   1.20000E-01   2.18544E-01   1.83067E-04   2.76073E-04   0.00000E+00   2.37103E-03   1.00000E+00   0.00000E+00   3.87578E+00   8.16086E-16            16   3.58221E-10   3.13936E+00
        2184   2.62080E+02   1.20000E-01   2.18544E-01   1.82692E-04   2.75881E-04   0.00000E+00   2.32207E-03   1.00000E+00   0.00000E+00   3.87578E+00   8.14534E-16            16   3.58234E-10   3.13939E+00
        2185   2.62200E+02   1.20000E-01   2.18544E-01   1.82313E-04   2.75683E-04   0.00000E+00   2.27316E-03   1.00000E+00   0.00000E+00   3.87578E+00   8.12864E-16            16   3.58252E-10   3.13942E+00
        2186   2.62320E+02   1.20000E-01   2.18544E-01   1.81931E-04   2.75478E-04   0.00000E+00   2.22430E-03   1.00000E+00   0.00000E+00   3.87578E+00   8.10928E-16            16   3.58266E-10   3.13945E+00
        2187   2.62440E+02   1.20000E-01   2.18544E-01   1.81545E-04   2.75266E-04   0.00000E+00   2.17548E-03   1.00000E+00   0.00000E+00   3.87578E+00   8.09211E-16            16   3.58260E-10   3.13948E+00
        2188   2.62560E+02   1.20000E-01   2.18544E-01   1.81155E-04   2.75048E-04   0.00000E+00   2.12672E-03   1.00000E+00   0.00000E+00   3.87578E+00   8.06904E-16            16   3.58259E-10   3.13951E+00
        2189   2.62680E+02   1.20000E-01   2.18544E-01   1.80761E-04   2.74823E-04   0.00000E+00   2.07800E-03   1.00000E+00   0.00000E+00   3.87578E+00   8.04747E-16            16   3.58237E-10   3.13954E+00
        2190   2.62800E+02   1.20000E-01   2.18544E-01   1.80364E-04   2.74592E-04   0.00000E+00   2.02933E-03   1.00000E+00   0.00000E+00   3.87578E+00   8.02087E-16            16   3.58216E-10   3.13957E+00
        2191   2.62920E+02   1.20000E-01   2.18544E-01   1.79963E-04   2.74354E-04   0.00000E+00   1.98071E-03   1.00000E+00   0.00000E+00   3.87578E+00   7.99715E-16            16   3.58170E-10   3.13960E+00
        2192   2.63040E+02   1.20000E-01   2.18544E-01   1.79558E-04   2.74110E-04   0.00000E+00   1.93215E-03   1.00000E+00   0.00000E+00   3.87578E+00   7.96734E-16            16   3.58123E-10   3.13963E+00
        2193   2.63160E+02   1.20000E-01   2.18544E-01   1.79150E-04   2.73859E-04   0.00000E+00   1.88364E-03   1.00000E+00   0.00000E+00   3.87578E+00   7.93757E-16            16   3.58053E-10   3.13966E+00
        2194   2.63280E+02   1.20000E-01   2.18544E-01   1.78738E-04   2.73602E-04   0.00000E+00   1.83518E-03   1.00000E+00   0.00000E+00   3.87578E+00   7.90731E-16            16   3.57977E-10   3.13969E+00
        2195   2.63400E+02   1.20000E-01   2.18544E-01   1.78323E-04   2.73339E-04   0.00000E+00   1.78678E-03   1.00000E+00   0.00000E+00   3.87578E+00   7.87386E-16            16   3.57868E-10   3.13972E+00
        2196   2.63520E+02   1.20000E-01   2.18544E-01   1.77904E-04   2.73069E-04   0.00000E+00   1.73845E-03   1.00000E+00   0.00000E+00   3.87578E+00   7.83685E-16            16   3.57753E-10   3.13975E+00
        2197   2.63640E+02   1.20000E-01   2.18544E-01   1.77481E-04   2.72793E-04   0.00000E+00   1.69016E-03   1.00000E+00   0.00000E+00   3.87578E+00   7.80352E-16            16   3.57605E-10   3.13978E+00
        2198   2.63760E+02   1.20000E-01   2.18544E-01   1.77055E-04   2.72510E-04   0.00000E+00   1.64194E-03   1.00000E+00   0.00000E+00   3.87578E+00   7.76357E-16            16   3.57448E-10   3.13981E+00
        2199   2.63880E+02   1.20000E-01   2.18544E-01   1.76626E-04   2.72221E-04   0.00000E+00   1.59378E-03   1.00000E+00   0.00000E+00   3.87578E+00   7.72626E-16            16   3.57256E-10   3.13984E+00
        2200   2.64000E+02   1.20000E-01   2.18544E-01   1.76193E-04   2.71926E-04   0.00000E+00   1.54568E-03   1.00000E+00   0.00000E+00   3.87578E+00   7.68345E-16            16   3.57047E-10   3.13987E+00
        2201   2.64120E+02   1.20000E-01   2.18544E-01   1.75756E-04   2.71625E-04   0.00000E+00   1.49764E-03   1.00000E+00   0.00000E+00   3.87578E+00   7.64046E-16            16   3.56807E-10   3.13990E+00
        2202   2.64240E+02   1.20000E-01   2.18544E-01   1.75316E-04   2.71317E-04   0.00000E+00   1.44960E-03   1.00000E+00   0.00000E+00   3.87578E+00   7.69281E-16            16   3.57213E-10   3.13993E+00
        2203   2.64360E+02   1.20000E-01   2.18544E-01   1.74872E-04   2.71003E-04   0.00000E+00   1.40168E-03   1.00000E+00   0.00000E+00   3.87578E+00   7.53280E-16            16   3.56233E-10   3.13996E+00
        2204   2.64480E+02   1.20000E-01   2.18544E-01   1.74425E-04   2.70683E-04   0.00000E+00   1.35384E-03   1.00000E+00   0.00000E+00   3.87578E+00   7.48454E-16            16   3.55914E-10   3.13999E+00
        2205   2.64600E+02   1.20000E-01   2.18544E-01   1.73975E-04   2.70357E-04   0.00000E+00   1.30606E-03   1.00000E+00   0.00000E+00   3.87578E+00   7.43056E-16            16   3.55523E-10   3.14002E+00
        2206   2.64720E+02   1.20000E-01   2.18544E-01   1.73521E-04   2.70024E-04   0.00000E+00   1.25835E-03   1.00000E+00   0.00000E+00   3.87578E+00   7.38763E-16            16   3.55116E-10   3.14005E+00
        2207   2.64840E+02   1.20000E-01   2.18544E-01   1.73064E-04   2.69686E-04   0.00000E+00   1.21071E-03   1.00000E+00   0.00000E+00   3.87578E+00   7.32375E-16            16   3.54659E-10   3.14008E+00
        2208   2.64960E+02   1.20000E-01   2.18544E-01   1.72604E-04   2.69341E-04   0.00000E+00   1.16315E-03   1.00000E+00   0.00000E+00   3.87578E+00   7.27264E-16            16   3.54168E-10   3.14011E+00
        2209   2.65080E+02   1.20000E-01   2.18544E-01   1.72140E-04   2.68990E-04   0.00000E+00   1.11565E-03   1.00000E+00   0.00000E+00   3.87578E+00   7.20350E-16            16   3.53620E-10   3.14014E+00
        2210   2.65200E+02   1.20000E-01   2.18544E-01   1.71673E-04   2.68633E-04   0.00000E+00   1.06822E-03   1.00000E+00   0.00000E+00   3.87578E+00   7.15021E-16            16   3.53033E-10   3.14017E+00
        2211   2.65320E+02   1.20000E-01   2.18544E-01   1.71202E-04   2.68270E-04   0.00000E+00   1.02087E-03   1.00000E+00   0.00000E+00   3.87578E+00   7.07510E-16            16   3.52382E-10   3.14020E+00
        2212   2.65440E+02   1.20000E-01   2.18544E-01   1.70729E-04   2.67901E-04   0.00000E+00   9.73588E-04   1.00000E+00   0.00000E+00   3.87578E+00   7.01878E-16            16   3.51671E-10   3.14023E+00
        2213   2.65560E+02   1.20000E-01   2.18544E-01   1.70252E-04   2.67526E-04   0.00000E+00   9.26384E-04   1.00000E+00   0.00000E+00   3.87578E+00   6.94379E-16            16   3.50892E-10   3.14026E+00
        2214   2.65680E+02   1.20000E-01   2.18544E-01   1.69873E-04   2.67145E-04   0.00000E+00   8.79257E-04   1.00000E+00   0.00000E+00   3.87578E+00   6.87555E-16            16   3.50058E-10   3.14029E+00
        2215   2.65800E+02   1.20000E-01   2.18544E-01   1.69523E-04   2.66758E-04   0.00000E+00   8.32208E-04   1.00000E+00   0.00000E+00   3.87578E+00   6.80026E-16            16   3.49148E-10   3.14032E+00
        2216   2.65920E+02   1.20000E-01   2.18544E-01   1.69170E-04   2.66365E-04   0.00000E+00   7.85232E-04   1.00000E+00   0.00000E+00   3.87578E+00   6.72456E-16            16   3.48156E-10   3.14035E+00
        2217   2.66040E+02   1.20000E-01   2.18544E-01   1.68813E-04   2.65966E-04   0.00000E+00   7.38339E-04   1.00000E+00   0.00000E+00   3.87578E+00   6.64369E-16            16   3.47088E-10   3.14038E+00
        2218   2.66160E+02   1.20000E-01   2.18544E-01   1.68453E-04   2.65561E-04   0.00000E+00   6.91529E-04   1.00000E+00   0.00000E+00   3.87578E+00   6.56220E-16            16   3.45937E-10   3.14041E+00
        2219   2.66280E+02   1.20000E-01   2.18544E-01   1.68090E-04   2.65150E-04   0.00000E+00   6.44795E-04   1.00000E+00   0.00000E+00   3.87578E+00   6.47888E-16            16   3.44694E-10   3.14044E+00
        2220   2.66400E+02   1.20000E-01   2.18544E-01   1.67723E-04   2.64734E-04   0.00000E+00   5.98147E-04   1.00000E+00   0.00000E+00   3.87578E+00   6.39128E-16            16   3.43361E-10   3.14047E+00
        2221   2.66520E+02   1.20000E-01   2.18544E-01   1.67353E-04   2.64311E-04   0.00000E+00   5.51582E-04   1.00000E+00   0.00000E+00   3.87578E+00   6.30374E-16            16   3.41923E-10   3.14050E+00
        2222   2.66640E+02   1.20000E-01   2.18544E-01   1.66979E-04   2.63883E-04   0.00000E+00   5.05101E-04   1.00000E+00   0.00000E+00   3.87578E+00   6.21343E-16            16   3.40378E-10   3.14053E+00
        2223   2.66760E+02   1.20000E-01   2.18544E-01   1.66602E-04   2.63449E-04   0.00000E+00   4.58708E-04   1.00000E+00   0.00000E+00   3.87578E+00   6.12027E-16            16   3.38722E-10   3.14056E+00
        2224   2.66880E+02   1.20000E-01   2.18544E-01   1.66221E-04   2.63009E-04   0.00000E+00   4.12399E-04   1.00000E+00   0.00000E+00   3.87578E+00   6.02566E-16            16   3.36945E-10   3.14059E+00
        2225   2.67000E+02   1.20000E-01   2.18544E-01   1.65871E-04   2.62564E-04   0.00000E+00   3.74580E-04   1.00000E+00   0.00000E+00   3.87578E+00   5.92822E-16            16   3.35046E-10   3.14062E+00
        2226   2.67120E+02   1.20000E-01   2.18544E-01   1.65525E-04   2.62125E-04   0.00000E+00   3.69195E-04   1.00000E+00   0.00000E+00   3.87578E+00   5.82938E-16            16   3.33014E-10   3.14065E+00
        2227   2.67240E+02   1.20000E-01   2.18544E-01   1.65175E-04   2.61680E-04   0.00000E+00   3.63809E-04   1.00000E+00   0.00000E+00   3.87578E+00   5.72802E-16            16   3.30844E-10   3.14068E+00
        2228   2.67360E+02   1.20000E-01   2.18544E-01   1.64822E-04   2.61230E-04   0.00000E+00   3.58430E-04   1.00000E+00   0.00000E+00   3.87578E+00   5.62137E-16            16   3.28449E-10   3.14071E+00
        2229   2.67480E+02   1.20000E-01   2.18544E-01   1.64465E-04   2.60773E-04   0.00000E+00   3.53038E-04   1.00000E+00   0.00000E+00   3.87578E+00   5.52218E-16            16   3.26086E-10   3.14073E+00
        2230   2.67600E+02   1.20000E-01   2.18544E-01   1.64105E-04   2.60311E-04   0.00000E+00   3.47659E-04   1.00000E+00   0.00000E+00   3.87578E+00   5.41208E-16            16   3.23340E-10   3.14076E+00
        2231   2.67720E+02   1.20000E-01   2.18544E-01   1.63741E-04   2.59844E-04   0.00000E+00   3.42266E-04   1.00000E+00   0.00000E+00   3.87578E+00   5.30788E-16            16   3.20699E-10   3.14079E+00
        2232   2.67840E+02   1.20000E-01   2.18544E-01   1.63374E-04   2.59371E-04   0.00000E+00   3.36881E-04   1.00000E+00   0.00000E+00   3.87578E+00   5.19960E-16            16   3.17801E-10   3.14082E+00
        2233   2.67960E+02   1.20000E-01   2.18544E-01   1.63003E-04   2.58892E-04   0.00000E+00   3.31497E-04   1.00000E+00   0.00000E+00   3.87578E+00   5.09617E-16            16   3.14356E-10   3.14085E+00
        2234   2.68080E+02   1.20000E-01   2.18544E-01   1.62629E-04   2.58407E-04   0.00000E+00   3.26105E-04   1.00000E+00   0.00000E+00   3.87578E+00   4.97768E-16            16   3.11462E-10   3.14088E+00
        2235   2.68200E+02   1.20000E-01   2.18544E-01   1.62252E-04   2.57917E-04   0.00000E+00   3.20724E-04   1.00000E+00   0.00000E+00   3.87578E+00   4.86860E-16            16   3.07479E-10   3.14091E+00
        2236   2.68320E+02   1.20000E-01   2.18544E-01   1.61871E-04   2.57422E-04   0.00000E+00   3.15333E-04   1.00000E+00   0.00000E+00   3.87578E+00   4.75441E-16            16   3.04296E-10   3.14094E+00
        2237   2.68440E+02   1.20000E-01   2.18544E-01   1.61487E-04   2.56921E-04   0.00000E+00   3.09952E-04   1.00000E+00   0.00000E+00   3.87578E+00   4.64526E-16            16   2.99948E-10   3.14097E+00
        2238   2.68560E+02   1.20000E-01   2.18544E-01   1.61100E-04   2.56414E-04   0.00000E+00   3.04568E-04   1.00000E+00   0.00000E+00   3.87578E+00   4.53372E-16            16   2.96014E-10   3.14100E+00
        2239   2.68680E+02   1.20000E-01   2.18544E-01   1.60709E-04   2.55903E-04   0.00000E+00   3.11994E-04   1.00000E+00   0.00000E+00   3.87578E+00   4.42130E-16            16   2.91818E-10   3.14102E+00
        2240   2.68800E+02   1.20000E-01   2.18544E-01   1.60316E-04   2.55385E-04   0.00000E+00   3.56656E-04   1.00000E+00   0.00000E+00   3.87578E+00   4.32046E-16            16   2.87446E-10   3.14105E+00
        2241   2.68920E+02   1.20000E-01   2.18544E-01   1.59918E-04   2.54862E-04   0.00000E+00   4.00937E-04   1.00000E+00   0.00000E+00   3.87578E+00   4.15691E-16            16   3.31078E-10   3.14108E+00
        2242   2.69040E+02   1.20000E-01   2.18544E-01   1.59518E-04   2.54334E-04   0.00000E+00   4.45267E-04   1.00000E+00   0.00000E+00   3.87578E+00   4.39356E-16            16   3.45331E-10   3.14111E+00
        2243   2.69160E+02   1.20000E-01   2.18544E-01   1.59114E-04   2.53800E-04   0.00000E+00   4.89879E-04   1.00000E+00   0.00000E+00   3.87578E+00   4.47286E-16            16   3.25151E-10   3.14114E+00
        2244   2.69280E+02   1.20000E-01   2.18544E-01   1.58708E-04   2.53261E-04   0.00000E+00   5.33264E-04   1.00000E+00   0.00000E+00   3.87578E+00   4.63562E-16            16   3.69741E-10   3.14117E+00
        2245   2.69400E+02   1.20000E-01   2.18544E-01   1.58298E-04   2.52715E-04   0.00000E+00   5.76590E-04   1.00000E+00   0.00000E+00   3.87578E+00   5.75837E-16            16   3.69741E-10   3.14120E+00
        2246   2.69520E+02   1.20000E-01   2.18544E-01   1.57884E-04   2.52165E-04   0.00000E+00   6.20791E-04   1.00000E+00   0.00000E+00   3.87578E+00   4.24026E-16            16   3.25266E-10   3.14122E+00
        2247   2.69640E+02   1.20000E-01   2.18544E-01   1.57468E-04   2.51609E-04   0.00000E+00   6.64720E-04   1.00000E+00   0.00000E+00   3.87578E+00   5.38603E-16            16   3.71140E-10   3.14125E+00
        2248   2.69760E+02   1.20000E-01   2.18544E-01   1.57049E-04   2.51049E-04   0.00000E+00   7.10023E-04   1.00000E+00   0.00000E+00   3.87578E+00   1.31890E-15            16   5.50604E-10   3.14128E+00
        2249   2.69880E+02   1.20000E-01   2.18544E-01   1.56626E-04   2.50482E-04   0.00000E+00   7.52035E-04   1.00000E+00   0.00000E+00   3.87578E+00   7.11372E-16            16   4.93271E-10   3.14131E+00
        2250   2.70000E+02   1.20000E-01   2.18544E-01   1.56201E-04   2.49911E-04   0.00000E+00   7.97386E-04   1.00000E+00   0.00000E+00   3.87578E+00   1.33394E-15            16   5.39049E-10   3.14134E+00
        2251   2.70120E+02   1.20000E-01   2.18544E-01   1.55772E-04   2.49349E-04   0.00000E+00   8.38828E-04   1.00000E+00   0.00000E+00   3.87578E+00   9.87151E-16            16   5.80822E-10   3.14137E+00
        2252   2.70240E+02   1.20000E-01   2.18544E-01   1.55340E-04   2.48805E-04   0.00000E+00   8.84948E-04   1.00000E+00   0.00000E+00   3.87578E+00   9.58129E-16            16   7.56432E-10   3.14139E+00
        2253   2.70360E+02   1.20000E-01   2.18544E-01   1.54905E-04   2.48257E-04   0.00000E+00   9.28645E-04   1.00000E+00   0.00000E+00   3.87578E+00   1.18000E-15            16   5.26320E-10   3.14142E+00
        2254   2.70480E+02   1.20000E-01   2.18544E-01   1.54467E-04   2.47704E-04   0.00000E+00   9.73118E-04   1.00000E+00   0.00000E+00   3.87578E+00   1.40443E-15            16   6.00830E-10   3.14145E+00
        2255   2.70600E+02   1.20000E-01   2.18544E-01   1.54027E-04   2.47145E-04   0.00000E+00   9.96621E-04   1.00000E+00   0.00000E+00   3.87578E+00   2.06018E-15            16   7.00393E-10   3.14148E+00
        2256   2.70720E+02   1.20000E-01   2.18544E-01   1.53585E-04   2.46580E-04   0.00000E+00   1.04920E-03   1.00000E+00   0.00000E+00   3.87578E+00   1.65799E-15            16   7.29067E-10   3.14151E+00
        2257   2.70840E+02   1.20000E-01   2.18544E-01   1.53140E-04   2.46011E-04   0.00000E+00   1.09154E-03   1.00000E+00   0.00000E+00   3.87578E+00   4.21635E-15            16   5.81249E-10   3.14153E+00
        2258   2.70960E+02   1.20000E-01   2.18544E-01   1.52695E-04   2.45428E-04   0.00000E+00   1.14829E-03   1.00000E+00   0.00000E+00   3.87578E+00   4.86203E-15            16   7.99136E-10   3.14156E+00
        2259   2.71080E+02   1.20000E-01   2.18544E-01   1.52245E-04   2.44881E-04   0.00000E+00   1.21234E-03   1.00000E+00   0.00000E+00   3.87578E+00   5.26933E-15            16   7.50756E-10   3.14160E+00
        2260   2.71200E+02   1.20000E-01   2.18544E-01   1.51790E-04   2.44315E-04   0.00000E+00   1.23086E-03   1.00000E+00   0.00000E+00   3.87578E+00   2.73783E-15            16   7.59433E-10   3.14162E+00
        2261   2.71320E+02   1.20000E-01   2.18544E-01   1.51332E-04   2.43728E-04   0.00000E+00   1.27554E-03   1.00000E+00   0.00000E+00   3.87578E+00   2.76261E-15            16   5.27809E-10   3.14164E+00
        2262   2.71440E+02   1.20000E-01   2.18544E-01   1.50871E-04   2.43133E-04   0.00000E+00   1.31574E-03   1.00000E+00   0.00000E+00   3.87578E+00   8.34180E-16            16   4.71177E-10   3.14167E+00
        2263   2.71560E+02   1.20000E-01   2.18544E-01   1.50407E-04   2.42533E-04   0.00000E+00   1.35898E-03   1.00000E+00   0.00000E+00   3.87578E+00   1.33613E-15            16   5.69627E-10   3.14170E+00
        2264   2.71680E+02   1.20000E-01   2.18544E-01   1.49940E-04   2.41932E-04   0.00000E+00   1.40026E-03   1.00000E+00   0.00000E+00   3.87578E+00   5.74722E-16            16   3.99608E-10   3.14173E+00
        2265   2.71800E+02   1.20000E-01   2.18544E-01   1.49471E-04   2.41324E-04   0.00000E+00   1.44156E-03   1.00000E+00   0.00000E+00   3.87578E+00   5.90905E-16            16   3.22751E-10   3.14175E+00
        2266   2.71920E+02   1.20000E-01   2.18544E-01   1.48999E-04   2.40711E-04   0.00000E+00   1.48311E-03   1.00000E+00   0.00000E+00   3.87578E+00   5.32249E-16            16   4.09104E-10   3.14178E+00
        2267   2.72040E+02   1.20000E-01   2.18544E-01   1.48523E-04   2.40093E-04   0.00000E+00   1.52375E-03   1.00000E+00   0.00000E+00   3.87578E+00   5.61909E-16            16   3.83156E-10   3.14181E+00
        2268   2.72160E+02   1.20000E-01   2.18544E-01   1.48045E-04   2.39470E-04   0.00000E+00   1.56491E-03   1.00000E+00   0.00000E+00   3.87578E+00   4.63259E-16            16   3.61240E-10   3.14183E+00
        2269   2.72280E+02   1.20000E-01   2.18544E-01   1.47565E-04   2.38842E-04   0.00000E+00   1.60629E-03   1.00000E+00   0.00000E+00   3.87578E+00   6.41894E-16            16   4.15064E-10   3.14186E+00
        2270   2.72400E+02   1.20000E-01   2.18544E-01   1.47082E-04   2.38210E-04   0.00000E+00   1.64723E-03   1.00000E+00   0.00000E+00   3.87578E+00   5.66242E-16            16   4.20210E-10   3.14189E+00
        2271   2.72520E+02   1.20000E-01   2.18544E-01   1.46596E-04   2.37572E-04   0.00000E+00   1.68821E-03   1.00000E+00   0.00000E+00   3.87578E+00   4.78497E-16            16   3.30660E-10   3.14192E+00
        2272   2.72640E+02   1.20000E-01   2.18544E-01   1.46107E-04   2.36930E-04   0.00000E+00   1.72895E-03   1.00000E+00   0.00000E+00   3.87578E+00   5.48323E-16            16   3.96943E-10   3.14194E+00
        2273   2.72760E+02   1.20000E-01   2.18544E-01   1.45615E-04   2.36283E-04   0.00000E+00   1.76942E-03   1.00000E+00   0.00000E+00   3.87578E+00   6.01583E-16            16   4.08836E-10   3.14197E+00
        2274   2.72880E+02   1.20000E-01   2.18544E-01   1.45121E-04   2.35634E-04   0.00000E+00   1.80996E-03   1.00000E+00   0.00000E+00   3.87578E+00   4.23016E-16            16   3.18768E-10   3.14200E+00
        2275   2.73000E+02   1.20000E-01   2.18544E-01   1.44624E-04   2.34980E-04   0.00000E+00   1.85032E-03   1.00000E+00   0.00000E+00   3.87578E+00   3.21355E-16            16   2.98589E-10   3.14202E+00
        2276   2.73120E+02   1.20000E-01   2.18544E-01   1.44124E-04   2.34322E-04   0.00000E+00   1.89045E-03   1.00000E+00   0.00000E+00   3.87578E+00   3.28406E-16            16   3.10690E-10   3.14205E+00
        2277   2.73240E+02   1.20000E-01   2.18544E-01   1.43621E-04   2.33659E-04   0.00000E+00   1.93043E-03   1.00000E+00   0.00000E+00   3.87578E+00   3.35831E-16            16   3.17922E-10   3.14207E+00
        2278   2.73360E+02   1.20000E-01   2.18544E-01   1.43116E-04   2.32991E-04   0.00000E+00   1.97025E-03   1.00000E+00   0.00000E+00   3.87578E+00   3.48007E-16            16   3.21999E-10   3.14210E+00
        2279   2.73480E+02   1.20000E-01   2.18544E-01   1.42609E-04   2.32318E-04   0.00000E+00   2.00994E-03   1.00000E+00   0.00000E+00   3.87578E+00   3.58431E-16            16   3.23476E-10   3.14213E+00
        2280   2.73600E+02   1.20000E-01   2.18544E-01   1.42098E-04   2.31641E-04   0.00000E+00   2.04949E-03   1.00000E+00   0.00000E+00   3.87578E+00   3.77773E-16            16   3.25943E-10   3.14215E+00
        2281   2.73720E+02   1.20000E-01   2.18544E-01   1.41585E-04   2.30960E-04   0.00000E+00   2.08886E-03   1.00000E+00   0.00000E+00   3.87578E+00   4.15627E-16            16   3.32983E-10   3.14218E+00
        2282   2.73840E+02   1.20000E-01   2.18544E-01   1.41070E-04   2.30273E-04   0.00000E+00   2.12811E-03   1.00000E+00   0.00000E+00   3.87578E+00   4.23840E-16            16   3.29508E-10   3.14221E+00
        2283   2.73960E+02   1.20000E-01   2.18544E-01   1.40552E-04   2.29582E-04   0.00000E+00   2.16753E-03   1.00000E+00   0.00000E+00   3.87578E+00   4.47851E-16            16   3.31547E-10   3.14223E+00
        2284   2.74080E+02   1.20000E-01   2.18544E-01   1.40032E-04   2.28887E-04   0.00000E+00   2.20676E-03   1.00000E+00   0.00000E+00   3.87578E+00   4.63580E-16            16   3.32455E-10   3.14226E+00
        2285   2.74200E+02   1.20000E-01   2.18544E-01   1.39509E-04   2.28187E-04   0.00000E+00   2.24584E-03   1.00000E+00   0.00000E+00   3.87578E+00   4.89090E-16            16   3.33692E-10   3.14228E+00
        2286   2.74320E+02   1.20000E-01   2.18544E-01   1.38983E-04   2.27483E-04   0.00000E+00   2.28475E-03   1.00000E+00   0.00000E+00   3.87578E+00   4.99390E-16            16   3.33585E-10   3.14231E+00
        2287   2.74440E+02   1.20000E-01   2.18544E-01   1.38456E-04   2.26774E-04   0.00000E+00   2.32353E-03   1.00000E+00   0.00000E+00   3.87578E+00   5.12801E-16            16   3.32849E-10   3.14234E+00
        2288   2.74560E+02   1.20000E-01   2.18544E-01   1.37925E-04   2.26061E-04   0.00000E+00   2.36213E-03   1.00000E+00   0.00000E+00   3.87578E+00   5.20410E-16            16   3.32957E-10   3.14236E+00
        2289   2.74680E+02   1.20000E-01   2.18544E-01   1.37393E-04   2.25344E-04   0.00000E+00   2.40057E-03   1.00000E+00   0.00000E+00   3.87578E+00   5.26670E-16            16   3.33318E-10   3.14239E+00
        2290   2.74800E+02   1.20000E-01   2.18544E-01   1.36858E-04   2.24622E-04   0.00000E+00   2.43884E-03   1.00000E+00   0.00000E+00   3.87578E+00   5.26325E-16            16   3.33005E-10   3.14241E+00
        2291   2.74920E+02   1.20000E-01   2.18544E-01   1.36321E-04   2.23896E-04   0.00000E+00   2.47696E-03   1.00000E+00   0.00000E+00   3.87578E+00   5.24935E-16            16   3.34129E-10   3.14244E+00
        2292   2.75040E+02   1.20000E-01   2.18544E-01   1.35781E-04   2.23166E-04   0.00000E+00   2.51491E-03   1.00000E+00   0.00000E+00   3.87578E+00   5.18793E-16            16   3.34522E-10   3.14246E+00
        2293   2.75160E+02   1.20000E-01   2.18544E-01   1.35239E-04   2.22432E-04   0.00000E+00   2.55269E-03   1.00000E+00   0.00000E+00   3.87578E+00   5.12321E-16            16   3.35646E-10   3.14249E+00
        2294   2.75280E+02   1.20000E-01   2.18544E-01   1.34695E-04   2.21693E-04   0.00000E+00   2.59030E-03   1.00000E+00   0.00000E+00   3.87578E+00   5.03065E-16            16   3.36691E-10   3.14251E+00
        2295   2.75400E+02   1.20000E-01   2.18544E-01   1.34148E-04   2.20951E-04   0.00000E+00   2.62774E-03   1.00000E+00   0.00000E+00   3.87578E+00   4.92826E-16            16   3.37799E-10   3.14254E+00
        2296   2.75520E+02   1.20000E-01   2.18544E-01   1.33600E-04   2.20204E-04   0.00000E+00   2.66502E-03   1.00000E+00   0.00000E+00   3.87578E+00   4.86938E-16            16   3.38767E-10   3.14256E+00
        2297   2.75640E+02   1.20000E-01   2.18544E-01   1.33049E-04   2.19454E-04   0.00000E+00   2.70214E-03   1.00000E+00   0.00000E+00   3.87578E+00   4.84167E-16            16   3.39692E-10   3.14259E+00
        2298   2.75760E+02   1.20000E-01   2.18544E-01   1.32496E-04   2.18700E-04   0.00000E+00   2.73907E-03   1.00000E+00   0.00000E+00   3.87578E+00   4.79684E-16            16   3.40368E-10   3.14261E+00
        2299   2.75880E+02   1.20000E-01   2.18544E-01   1.31940E-04   2.17941E-04   0.00000E+00   2.77585E-03   1.00000E+00   0.00000E+00   3.87578E+00   4.78018E-16            16   3.40941E-10   3.14264E+00
        2300   2.76000E+02   1.20000E-01   2.18544E-01   1.31383E-04   2.17179E-04   0.00000E+00   2.81245E-03   1.00000E+00   0.00000E+00   3.87578E+00   4.74799E-16            16   3.41240E-10   3.14266E+00
        2301   2.76120E+02   1.20000E-01   2.18544E-01   1.30823E-04   2.16413E-04   0.00000E+00   2.84889E-03   1.00000E+00   0.00000E+00   3.87578E+00   4.74160E-16            16   3.41428E-10   3.14269E+00
        2302   2.76240E+02   1.20000E-01   2.18544E-01   1.30262E-04   2.15643E-04   0.00000E+00   2.88516E-03   1.00000E+00   0.00000E+00   3.87578E+00   4.71854E-16            16   3.41351E-10   3.14271E+00
        2303   2.76360E+02   1.20000E-01   2.18544E-01   1.29698E-04   2.14870E-04   0.00000E+00   2.92127E-03   1.00000E+00   0.00000E+00   3.87578E+00   4.71791E-16            16   3.41192E-10   3.14274E+00
        2304   2.76480E+02   1.20000E-01   2.18544E-01   1.29132E-04   2.14093E-04   0.00000E+00   2.95721E-03   1.00000E+00   0.00000E+00   3.87578E+00   4.69991E-16            16   3.40793E-10   3.14276E+00
        2305   2.76600E+02   1.20000E-01   2.18544E-01   1.28564E-04   2.13313E-04   0.00000E+00   2.99298E-03   1.00000E+00   0.00000E+00   3.87578E+00   4.70038E-16            16   3.40347E-10   3.14278E+00
        2306   2.76720E+02   1.20000E-01   2.18544E-01   1.27994E-04   2.12529E-04   0.00000E+00   3.02859E-03   1.00000E+00   0.00000E+00   3.87578E+00   4.68129E-16            16   3.39698E-10   3.14281E+00
        2307   2.76840E+02   1.20000E-01   2.18544E-01   1.27422E-04   2.11741E-04   0.00000E+00   3.06403E-03   1.00000E+00   0.00000E+00   3.87578E+00   4.68089E-16            16   3.39052E-10   3.14283E+00
        2308   2.76960E+02   1.20000E-01   2.18544E-01   1.26848E-04   2.10949E-04   0.00000E+00   3.09930E-03   1.00000E+00   0.00000E+00   3.87578E+00   4.66140E-16            16   3.38232E-10   3.14286E+00
        2309   2.77080E+02   1.20000E-01   2.18544E-01   1.26272E-04   2.10154E-04   0.00000E+00   3.13442E-03   1.00000E+00   0.00000E+00   3.87578E+00   4.65805E-16            16   3.37457E-10   3.14288E+00
        2310   2.77200E+02   1.20000E-01   2.18544E-01   1.25731E-04   2.09355E-04   0.00000E+00   3.16936E-03   1.00000E+00   0.00000E+00   3.87578E+00   4.72378E-16            16   3.36561E-10   3.14290E+00
        2311   2.77320E+02   1.20000E-01   2.18544E-01   1.25280E-04   2.08553E-04   0.00000E+00   3.20415E-03   1.00000E+00   0.00000E+00   3.87578E+00   4.82531E-16            16   3.35727E-10   3.14293E+00
        2312   2.77440E+02   1.20000E-01   2.18544E-01   1.24826E-04   2.07747E-04   0.00000E+00   3.23876E-03   1.00000E+00   0.00000E+00   3.87578E+00   4.92445E-16            16   3.34814E-10   3.14295E+00
        2313   2.77560E+02   1.20000E-01   2.18544E-01   1.24370E-04   2.06937E-04   0.00000E+00   3.27322E-03   1.00000E+00   0.00000E+00   3.87578E+00   5.01871E-16            16   3.33982E-10   3.14298E+00
        2314   2.77680E+02   1.20000E-01   2.18544E-01   1.23912E-04   2.06125E-04   0.00000E+00   3.30751E-03   1.00000E+00   0.00000E+00   3.87578E+00   5.10946E-16            16   3.33108E-10   3.14300E+00
        2315   2.77800E+02   1.20000E-01   2.18544E-01   1.23452E-04   2.05308E-04   0.00000E+00   3.34164E-03   1.00000E+00   0.00000E+00   3.87578E+00   5.19516E-16            16   3.32334E-10   3.14302E+00
        2316   2.77920E+02   1.20000E-01   2.18544E-01   1.22990E-04   2.04489E-04   0.00000E+00   3.37560E-03   1.00000E+00   0.00000E+00   3.87578E+00   5.27603E-16            16   3.31534E-10   3.14305E+00
        2317   2.78040E+02   1.20000E-01   2.18544E-01   1.22526E-04   2.03665E-04   0.00000E+00   3.40940E-03   1.00000E+00   0.00000E+00   3.87578E+00   5.34660E-16            16   3.30874E-10   3.14307E+00
        2318   2.78160E+02   1.20000E-01   2.18544E-01   1.22059E-04   2.02839E-04   0.00000E+00   3.44304E-03   1.00000E+00   0.00000E+00   3.87578E+00   5.40994E-16            16   3.30189E-10   3.14309E+00
        2319   2.78280E+02   1.20000E-01   2.18544E-01   1.21591E-04   2.02009E-04   0.00000E+00   3.47652E-03   1.00000E+00   0.00000E+00   3.87578E+00   5.45948E-16            16   3.29650E-10   3.14312E+00
        2320   2.78400E+02   1.20000E-01   2.18544E-01   1.21120E-04   2.01176E-04   0.00000E+00   3.50983E-03   1.00000E+00   0.00000E+00   3.87578E+00   5.49522E-16            16   3.29088E-10   3.14314E+00
        2321   2.78520E+02   1.20000E-01   2.18544E-01   1.20647E-04   2.00339E-04   0.00000E+00   3.54299E-03   1.00000E+00   0.00000E+00   3.87578E+00   5.51306E-16            16   3.28645E-10   3.14316E+00
        2322   2.78640E+02   1.20000E-01   2.18544E-01   1.20172E-04   1.99500E-04   0.00000E+00   3.57597E-03   1.00000E+00   0.00000E+00   3.87578E+00   5.52214E-16            16   3.28137E-10   3.14318E+00
        2323   2.78760E+02   1.20000E-01   2.18544E-01   1.19696E-04   1.98657E-04   0.00000E+00   3.60879E-03   1.00000E+00   0.00000E+00   3.87578E+00   5.51192E-16            16   3.27783E-10   3.14321E+00
        2324   2.78880E+02   1.20000E-01   2.18544E-01   1.19217E-04   1.97811E-04   0.00000E+00   3.64149E-03   1.00000E+00   0.00000E+00   3.87578E+00   5.49261E-16            16   3.27357E-10   3.14323E+00
        2325   2.79000E+02   1.20000E-01   2.18544E-01   1.18736E-04   1.96962E-04   0.00000E+00   3.67404E-03   1.00000E+00   0.00000E+00   3.87578E+00   5.46269E-16            16   3.27016E-10   3.14325E+00
        2326   2.79120E+02   1.20000E-01   2.18544E-01   1.18253E-04   1.96110E-04   0.00000E+00   3.70641E-03   1.00000E+00   0.00000E+00   3.87578E+00   5.42806E-16            16   3.26574E-10   3.14327E+00
        2327   2.79240E+02   1.20000E-01   2.18544E-01   1.17768E-04   1.95255E-04   0.00000E+00   3.73863E-03   1.00000E+00   0.00000E+00   3.87578E+00   5.38570E-16            16   3.26185E-10   3.14330E+00
        2328   2.79360E+02   1.20000E-01   2.18544E-01   1.17282E-04   1.94396E-04   0.00000E+00   3.77066E-03   1.00000E+00   0.00000E+00   3.87578E+00   5.33981E-16            16   3.25685E-10   3.14332E+00
        2329   2.79480E+02   1.20000E-01   2.18544E-01   1.16793E-04   1.93535E-04   0.00000E+00   3.80253E-03   1.00000E+00   0.00000E+00   3.87578E+00   5.29258E-16            16   3.25219E-10   3.14334E+00
        2330   2.79600E+02   1.20000E-01   2.18544E-01   1.16302E-04   1.92670E-04   0.00000E+00   3.83423E-03   1.00000E+00   0.00000E+00   3.87578E+00   5.24048E-16            16   3.24633E-10   3.14336E+00
        2331   2.79720E+02   1.20000E-01   2.18544E-01   1.15810E-04   1.91802E-04   0.00000E+00   3.86576E-03   1.00000E+00   0.00000E+00   3.87578E+00   5.18867E-16            16   3.24073E-10   3.14338E+00
        2332   2.79840E+02   1.20000E-01   2.18544E-01   1.15315E-04   1.90931E-04   0.00000E+00   3.89711E-03   1.00000E+00   0.00000E+00   3.87578E+00   5.13503E-16            16   3.23396E-10   3.14341E+00
        2333   2.79960E+02   1.20000E-01   2.18544E-01   1.14819E-04   1.90058E-04   0.00000E+00   3.92830E-03   1.00000E+00   0.00000E+00   3.87578E+00   5.08041E-16            16   3.22742E-10   3.14343E+00
        2334   2.80080E+02   1.20000E-01   2.18544E-01   1.14321E-04   1.89181E-04   0.00000E+00   3.95932E-03   1.00000E+00   0.00000E+00   3.87578E+00   5.02620E-16            16   3.21981E-10   3.14345E+00
        2335   2.80200E+02   1.20000E-01   2.18544E-01   1.13821E-04   1.88301E-04   0.00000E+00   3.99016E-03   1.00000E+00   0.00000E+00   3.87578E+00   4.97227E-16            16   3.21246E-10   3.14347E+00
        2336   2.80320E+02   1.20000E-01   2.18544E-01   1.13319E-04   1.87418E-04   0.00000E+00   4.02084E-03   1.00000E+00   0.00000E+00   3.87578E+00   4.91907E-16            16   3.20417E-10   3.14349E+00
        2337   2.80440E+02   1.20000E-01   2.18544E-01   1.12816E-04   1.86533E-04   0.00000E+00   4.05134E-03   1.00000E+00   0.00000E+00   3.87578E+00   4.86654E-16            16   3.19621E-10   3.14351E+00
        2338   2.80560E+02   1.20000E-01   2.18544E-01   1.12311E-04   1.85644E-04   0.00000E+00   4.08168E-03   1.00000E+00   0.00000E+00   3.87578E+00   4.81351E-16            16   3.18745E-10   3.14354E+00
        2339   2.80680E+02   1.20000E-01   2.18544E-01   1.11803E-04   1.84753E-04   0.00000E+00   4.11186E-03   1.00000E+00   0.00000E+00   3.87578E+00   4.77417E-16            16   3.18172E-10   3.14356E+00
        2340   2.80800E+02   1.20000E-01   2.18544E-01   1.11295E-04   1.83858E-04   0.00000E+00   4.14185E-03   1.00000E+00   0.00000E+00   3.87578E+00   4.70946E-16            16   3.17035E-10   3.14358E+00
        2341   2.80920E+02   1.20000E-01   2.18544E-01   1.10784E-04   1.82961E-04   0.00000E+00   4.17167E-03   1.00000E+00   0.00000E+00   3.87578E+00   4.66009E-16            16   3.16400E-10   3.14360E+00
        2342   2.81040E+02   1.20000E-01   2.18544E-01   1.10272E-04   1.82061E-04   0.00000E+00   4.20133E-03   1.00000E+00   0.00000E+00   3.87578E+00   4.62725E-16            16   3.15255E-10   3.14362E+00
        2343   2.81160E+02   1.20000E-01   2.18544E-01   1.09758E-04   1.81159E-04   0.00000E+00   4.23081E-03   1.00000E+00   0.00000E+00   3.87578E+00   4.58588E-16            16   3.14385E-10   3.14364E+00
        2344   2.81280E+02   1.20000E-01   2.18544E-01   1.09242E-04   1.80253E-04   0.00000E+00   4.26013E-03   1.00000E+00   0.00000E+00   3.87578E+00   4.54745E-16            16   3.13515E-10   3.14366E+00
        2345   2.81400E+02   1.20000E-01   2.18544E-01   1.08725E-04   1.79345E-04   0.00000E+00   4.28928E-03   1.00000E+00   0.00000E+00   3.87578E+00   4.51137E-16            16   3.12693E-10   3.14368E+00
        2346   2.81520E+02   1.20000E-01   2.18544E-01   1.08206E-04   1.78434E-04   0.00000E+00   4.31825E-03   1.00000E+00   0.00000E+00   3.87578E+00   4.48034E-16            16   3.11842E-10   3.14370E+00
        2347   2.81640E+02   1.20000E-01   2.18544E-01   1.07685E-04   1.77521E-04   0.00000E+00   4.34706E-03   1.00000E+00   0.00000E+00   3.87578E+00   4.45232E-16            16   3.11051E-10   3.14372E+00
        2348   2.81760E+02   1.20000E-01   2.18544E-01   1.07163E-04   1.76605E-04   0.00000E+00   4.37569E-03   1.00000E+00   0.00000E+00   3.87578E+00   4.42822E-16            16   3.10214E-10   3.14374E+00
        2349   2.81880E+02   1.20000E-01   2.18544E-01   1.06639E-04   1.75686E-04   0.00000E+00   4.40416E-03   1.00000E+00   0.00000E+00   3.87578E+00   4.40712E-16            16   3.09447E-10   3.14376E+00
        2350   2.82000E+02   1.20000E-01   2.18544E-01   1.06114E-04   1.74764E-04   0.00000E+00   4.43245E-03   1.00000E+00   0.00000E+00   3.87578E+00   4.38980E-16            16   3.08640E-10   3.14378E+00
        2351   2.82120E+02   1.20000E-01   2.18544E-01   1.05587E-04   1.73841E-04   0.00000E+00   4.46058E-03   1.00000E+00   0.00000E+00   3.87578E+00   4.39067E-16            16   3.07890E-10   3.14380E+00
        2352   2.82240E+02   1.20000E-01   2.18544E-01   1.05058E-04   1.72914E-04   0.00000E+00   4.48853E-03   1.00000E+00   0.00000E+00   3.87578E+00   4.39714E-16            16   3.07093E-10   3.14382E+00
        2353   2.82360E+02   1.20000E-01   2.18544E-01   1.04528E-04   1.71985E-04   0.00000E+00   4.51631E-03   1.00000E+00   0.00000E+00   3.87578E+00   4.40063E-16            16   3.06350E-10   3.14384E+00
        2354   2.82480E+02   1.20000E-01   2.18544E-01   1.03997E-04   1.71054E-04   0.00000E+00   4.54392E-03   1.00000E+00   0.00000E+00   3.87578E+00   4.41080E-16            16   3.05539E-10   3.14386E+00
        2355   2.82600E+02   1.20000E-01   2.18544E-01   1.03463E-04   1.70120E-04   0.00000E+00   4.57136E-03   1.00000E+00   0.00000E+00   3.87578E+00   4.41882E-16            16   3.04772E-10   3.14388E+00
        2356   2.82720E+02   1.20000E-01   2.18544E-01   1.02929E-04   1.69184E-04   0.00000E+00   4.59862E-03   1.00000E+00   0.00000E+00   3.87578E+00   4.43168E-16            16   3.03941E-10   3.14390E+00
        2357   2.82840E+02   1.20000E-01   2.18544E-01   1.02393E-04   1.68245E-04   0.00000E+00   4.62571E-03   1.00000E+00   0.00000E+00   3.87578E+00   4.44204E-16            16   3.03154E-10   3.14392E+00
        2358   2.82960E+02   1.20000E-01   2.18544E-01   1.01856E-04   1.67304E-04   0.00000E+00   4.65262E-03   1.00000E+00   0.00000E+00   3.87578E+00   4.45083E-16            16   3.02299E-10   3.14394E+00
        2359   2.83080E+02   1.20000E-01   2.18544E-01   1.01317E-04   1.66361E-04   0.00000E+00   4.67937E-03   1.00000E+00   0.00000E+00   3.87578E+00   4.46377E-16            16   3.01451E-10   3.14396E+00
        2360   2.83200E+02   1.20000E-01   2.18544E-01   1.00776E-04   1.65416E-04   0.00000E+00   4.70593E-03   1.00000E+00   0.00000E+00   3.87578E+00   4.47363E-16            16   3.00549E-10   3.14398E+00
        2361   2.83320E+02   1.20000E-01   2.18544E-01   1.00235E-04   1.64468E-04   0.00000E+00   4.73232E-03   1.00000E+00   0.00000E+00   3.87578E+00   4.48439E-16            16   2.99659E-10   3.14400E+00
        2362   2.83440E+02   1.20000E-01   2.18544E-01   9.96917E-05   1.63518E-04   0.00000E+00   4.75851E-03   1.00000E+00   0.00000E+00   3.87578E+00   4.53926E-16            16   2.98581E-10   3.14402E+00
        2363   2.83560E+02   1.20000E-01   2.18544E-01   9.91473E-05   1.62566E-04   0.00000E+00   4.78452E-03   1.00000E+00   0.00000E+00   3.87578E+00   4.45720E-16            16   3.02430E-10   3.14403E+00
        2364   2.83680E+02   1.20000E-01   2.18544E-01   9.86015E-05   1.61612E-04   0.00000E+00   4.81038E-03   1.00000E+00   0.00000E+00   3.87578E+00   4.45280E-16            16   2.96680E-10   3.14405E+00
        2365   2.83800E+02   1.20000E-01   2.18544E-01   9.80545E-05   1.60656E-04   0.00000E+00   4.83607E-03   1.00000E+00   0.00000E+00   3.87578E+00   4.47629E-16            16   2.95695E-10   3.14407E+00
        2366   2.83920E+02   1.20000E-01   2.18544E-01   9.75061E-05   1.59697E-04   0.00000E+00   4.86157E-03   1.00000E+00   0.00000E+00   3.87578E+00   4.49143E-16            16   2.94709E-10   3.14409E+00
        2367   2.84040E+02   1.20000E-01   2.18544E-01   9.69565E-05   1.58737E-04   0.00000E+00   4.88690E-03   1.00000E+00   0.00000E+00   3.87578E+00   4.49541E-16            16   2.93713E-10   3.14411E+00
        2368   2.84160E+02   1.20000E-01   2.18544E-01   9.64055E-05   1.57774E-04   0.00000E+00   4.91204E-03   1.00000E+00   0.00000E+00   3.87578E+00   4.49185E-16            16   2.92651E-10   3.14413E+00
        2369   2.84280E+02   1.20000E-01   2.18544E-01   9.58533E-05   1.56810E-04   0.00000E+00   4.93701E-03   1.00000E+00   0.00000E+00   3.87578E+00   4.48579E-16            16   2.91592E-10   3.14414E+00
        2370   2.84400E+02   1.20000E-01   2.18544E-01   9.52999E-05   1.55844E-04   0.00000E+00   4.96180E-03   1.00000E+00   0.00000E+00   3.87578E+00   4.47683E-16            16   2.90512E-10   3.14416E+00
        2371   2.84520E+02   1.20000E-01   2.18544E-01   9.47453E-05   1.54876E-04   0.00000E+00   4.98640E-03   1.00000E+00   0.00000E+00   3.87578E+00   4.46384E-16            16   2.89455E-10   3.14418E+00
        2372   2.84640E+02   1.20000E-01   2.18544E-01   9.41894E-05   1.53905E-04   0.00000E+00   5.01082E-03   1.00000E+00   0.00000E+00   3.87578E+00   4.45069E-16            16   2.88328E-10   3.14420E+00
        2373   2.84760E+02   1.20000E-01   2.18544E-01   9.36323E-05   1.52934E-04   0.00000E+00   5.03506E-03   1.00000E+00   0.00000E+00   3.87578E+00   4.43221E-16            16   2.87234E-10   3.14422E+00
        2374   2.84880E+02   1.20000E-01   2.18544E-01   9.30741E-05   1.51960E-04   0.00000E+00   5.05912E-03   1.00000E+00   0.00000E+00   3.87578E+00   4.41189E-16            16   2.86094E-10   3.14423E+00
        2375   2.85000E+02   1.20000E-01   2.18544E-01   9.25147E-05   1.50984E-04   0.00000E+00   5.08299E-03   1.00000E+00   0.00000E+00   3.87578E+00   4.38755E-16            16   2.84967E-10   3.14425E+00
        2376   2.85120E+02   1.20000E-01   2.18544E-01   9.19542E-05   1.50007E-04   0.00000E+00   5.10668E-03   1.00000E+00   0.00000E+00   3.87578E+00   4.35826E-16            16   2.83790E-10   3.14427E+00
        2377   2.85240E+02   1.20000E-01   2.18544E-01   9.13926E-05   1.49028E-04   0.00000E+00   5.13020E-03   1.00000E+00   0.00000E+00   3.87578E+00   4.29465E-16            16   2.84402E-10   3.14429E+00
        2378   2.85360E+02   1.20000E-01   2.18544E-01   9.08299E-05   1.48048E-04   0.00000E+00   5.15351E-03   1.00000E+00   0.00000E+00   3.87578E+00   4.29726E-16            16   2.81373E-10   3.14430E+00
        2379   2.85480E+02   1.20000E-01   2.18544E-01   9.02660E-05   1.47066E-04   0.00000E+00   5.17664E-03   1.00000E+00   0.00000E+00   3.87578E+00   4.28624E-16            16   2.79661E-10   3.14432E+00
        2380   2.85600E+02   1.20000E-01   2.18544E-01   8.97011E-05   1.46082E-04   0.00000E+00   5.19959E-03   1.00000E+00   0.00000E+00   3.87578E+00   4.20791E-16            16   2.79257E-10   3.14434E+00
        2381   2.85720E+02   1.20000E-01   2.18544E-01   8.91352E-05   1.45096E-04   0.00000E+00   5.22235E-03   1.00000E+00   0.00000E+00   3.87578E+00   4.16595E-16            16   2.78041E-10   3.14435E+00
        2382   2.85840E+02   1.20000E-01   2.18544E-01   8.85884E-05   1.44110E-04   0.00000E+00   5.24492E-03   1.00000E+00   0.00000E+00   3.87578E+00   4.11655E-16            16   2.76822E-10   3.14437E+00
        2383   2.85960E+02   1.20000E-01   2.18544E-01   8.81339E-05   1.43121E-04   0.00000E+00   5.26731E-03   1.00000E+00   0.00000E+00   3.87578E+00   4.06518E-16            16   2.75607E-10   3.14439E+00
        2384   2.86080E+02   1.20000E-01   2.18544E-01   8.76781E-05   1.42155E-04   0.00000E+00   5.28950E-03   1.00000E+00   0.00000E+00   3.87578E+00   4.00690E-16            16   2.74374E-10   3.14440E+00
        2385   2.86200E+02   1.20000E-01   2.18544E-01   8.72212E-05   1.41264E-04   0.00000E+00   5.31151E-03   1.00000E+00   0.00000E+00   3.87578E+00   3.94981E-16            16   2.73174E-10   3.14442E+00
        2386   2.86320E+02   1.20000E-01   2.18544E-01   8.67630E-05   1.40372E-04   0.00000E+00   5.33333E-03   1.00000E+00   0.00000E+00   3.87578E+00   3.88960E-16            16   2.71962E-10   3.14444E+00
        2387   2.86440E+02   1.20000E-01   2.18544E-01   8.63036E-05   1.39478E-04   0.00000E+00   5.35497E-03   1.00000E+00   0.00000E+00   3.87578E+00   3.82799E-16            16   2.70761E-10   3.14445E+00
        2388   2.86560E+02   1.20000E-01   2.18544E-01   8.58430E-05   1.38582E-04   0.00000E+00   5.37641E-03   1.00000E+00   0.00000E+00   3.87578E+00   3.76068E-16            16   2.69534E-10   3.14447E+00
        2389   2.86680E+02   1.20000E-01   2.18544E-01   8.53813E-05   1.37685E-04   0.00000E+00   5.39766E-03   1.00000E+00   0.00000E+00   3.87578E+00   3.69328E-16            16   2.68327E-10   3.14448E+00
        2390   2.86800E+02   1.20000E-01   2.18544E-01   8.49183E-05   1.36787E-04   0.00000E+00   5.41872E-03   1.00000E+00   0.00000E+00   3.87578E+00   3.62106E-16            16   2.67099E-10   3.14450E+00
        2391   2.86920E+02   1.20000E-01   2.18544E-01   8.44543E-05   1.35886E-04   0.00000E+00   5.43960E-03   1.00000E+00   0.00000E+00   3.87578E+00   3.54800E-16            16   2.65896E-10   3.14452E+00
        2392   2.87040E+02   1.20000E-01   2.18544E-01   8.39891E-05   1.34985E-04   0.00000E+00   5.46028E-03   1.00000E+00   0.00000E+00   3.87578E+00   3.47191E-16            16   2.64679E-10   3.14453E+00
        2393   2.87160E+02   1.20000E-01   2.18544E-01   8.35228E-05   1.34082E-04   0.00000E+00   5.48077E-03   1.00000E+00   0.00000E+00   3.87578E+00   3.39528E-16            16   2.63491E-10   3.14455E+00
        2394   2.87280E+02   1.20000E-01   2.18544E-01   8.30554E-05   1.33177E-04   0.00000E+00   5.50107E-03   1.00000E+00   0.00000E+00   3.87578E+00   3.31660E-16            16   2.62294E-10   3.14456E+00
        2395   2.87400E+02   1.20000E-01   2.18544E-01   8.25869E-05   1.32271E-04   0.00000E+00   5.52119E-03   1.00000E+00   0.00000E+00   3.87578E+00   3.25242E-16            16   2.61129E-10   3.14458E+00
        2396   2.87520E+02   1.20000E-01   2.18544E-01   8.21173E-05   1.31364E-04   0.00000E+00   5.54111E-03   1.00000E+00   0.00000E+00   3.87578E+00   3.18792E-16            16   2.59963E-10   3.14459E+00
        2397   2.87640E+02   1.20000E-01   2.18544E-01   8.16467E-05   1.30455E-04   0.00000E+00   5.56084E-03   1.00000E+00   0.00000E+00   3.87578E+00   3.12183E-16            16   2.58834E-10   3.14461E+00
        2398   2.87760E+02   1.20000E-01   2.18544E-01   8.11750E-05   1.29545E-04   0.00000E+00   5.58038E-03   1.00000E+00   0.00000E+00   3.87578E+00   3.05732E-16            16   2.57711E-10   3.14462E+00
        2399   2.87880E+02   1.20000E-01   2.18544E-01   8.07023E-05   1.28634E-04   0.00000E+00   5.59972E-03   1.00000E+00   0.00000E+00   3.87578E+00   2.98910E-16            16   2.56633E-10   3.14464E+00
        2400   2.88000E+02   1.20000E-01   2.18544E-01   8.02286E-05   1.27721E-04   0.00000E+00   5.61888E-03   1.00000E+00   0.00000E+00   3.87578E+00   2.92082E-16            16   2.55568E-10   3.14465E+00
        2401   2.88120E+02   1.20000E-01   2.18544E-01   7.97539E-05   1.26807E-04   0.00000E+00   5.63785E-03   1.00000E+00   0.00000E+00   3.87578E+00   2.85276E-16            16   2.54554E-10   3.14467E+00
        2402   2.88240E+02   1.20000E-01   2.18544E-01   7.92782E-05   1.25892E-04   0.00000E+00   5.65662E-03   1.00000E+00   0.00000E+00   3.87578E+00   2.78268E-16            16   2.53563E-10   3.14468E+00
        2403   2.88360E+02   1.20000E-01   2.18544E-01   7.88015E-05   1.24976E-04   0.00000E+00   5.67521E-03   1.00000E+00   0.00000E+00   3.87578E+00   2.71270E-16            16   2.52630E-10   3.14470E+00
        2404   2.88480E+02   1.20000E-01   2.18544E-01   7.83239E-05   1.24059E-04   0.00000E+00   5.69360E-03   1.00000E+00   0.00000E+00   3.87578E+00   2.64168E-16            16   2.51729E-10   3.14471E+00
        2405   2.88600E+02   1.20000E-01   2.18544E-01   7.78453E-05   1.23140E-04   0.00000E+00   5.71181E-03   1.00000E+00   0.00000E+00   3.87578E+00   2.57101E-16            16   2.50894E-10   3.14472E+00
        2406   2.88720E+02   1.20000E-01   2.18544E-01   7.73658E-05   1.22221E-04   0.00000E+00   5.72982E-03   1.00000E+00   0.00000E+00   3.87578E+00   2.49918E-16            16   2.50100E-10   3.14474E+00
        2407   2.88840E+02   1.20000E-01   2.18544E-01   7.68853E-05   1.21300E-04   0.00000E+00   5.74764E-03   1.00000E+00   0.00000E+00   3.87578E+00   2.42646E-16            16   2.49378E-10   3.14475E+00
        2408   2.88960E+02   1.20000E-01   2.18544E-01   7.64040E-05   1.20378E-04   0.00000E+00   5.76527E-03   1.00000E+00   0.00000E+00   3.87578E+00   2.35434E-16            16   2.48708E-10   3.14477E+00
        2409   2.89080E+02   1.20000E-01   2.18544E-01   7.59218E-05   1.19455E-04   0.00000E+00   5.78272E-03   1.00000E+00   0.00000E+00   3.87578E+00   2.31480E-16            16   2.48116E-10   3.14478E+00
        2410   2.89200E+02   1.20000E-01   2.18544E-01   7.54387E-05   1.18531E-04   0.00000E+00   5.79997E-03   1.00000E+00   0.00000E+00   3.87578E+00   2.30515E-16            16   2.47585E-10   3.14479E+00
        2411   2.89320E+02   1.20000E-01   2.18544E-01   7.49548E-05   1.17607E-04   0.00000E+00   5.81703E-03   1.00000E+00   0.00000E+00   3.87578E+00   2.29451E-16            16   2.47139E-10   3.14481E+00
        2412   2.89440E+02   1.20000E-01   2.18544E-01   7.44700E-05   1.16681E-04   0.00000E+00   5.83390E-03   1.00000E+00   0.00000E+00   3.87578E+00   2.28389E-16            16   2.46761E-10   3.14482E+00
        2413   2.89560E+02   1.20000E-01   2.18544E-01   7.39844E-05   1.15754E-04   0.00000E+00   5.85059E-03   1.00000E+00   0.00000E+00   3.87578E+00   2.27120E-16            16   2.46475E-10   3.14483E+00
        2414   2.89680E+02   1.20000E-01   2.18544E-01   7.34979E-05   1.14827E-04   0.00000E+00   5.86708E-03   1.00000E+00   0.00000E+00   3.87578E+00   2.25760E-16            16   2.46263E-10   3.14485E+00
        2415   2.89800E+02   1.20000E-01   2.18544E-01   7.30107E-05   1.13898E-04   0.00000E+00   5.88339E-03   1.00000E+00   0.00000E+00   3.87578E+00   2.24252E-16            16   2.46147E-10   3.14486E+00
        2416   2.89920E+02   1.20000E-01   2.18544E-01   7.25227E-05   1.12969E-04   0.00000E+00   5.89951E-03   1.00000E+00   0.00000E+00   3.87578E+00   2.22864E-16            16   2.46111E-10   3.14487E+00
        2417   2.90040E+02   1.20000E-01   2.18544E-01   7.20339E-05   1.12038E-04   0.00000E+00   5.91544E-03   1.00000E+00   0.00000E+00   3.87578E+00   2.21053E-16            16   2.46173E-10   3.14489E+00
        2418   2.90160E+02   1.20000E-01   2.18544E-01   7.15443E-05   1.11107E-04   0.00000E+00   5.93118E-03   1.00000E+00   0.00000E+00   3.87578E+00   2.19314E-16            16   2.46319E-10   3.14490E+00
        2419   2.90280E+02   1.20000E-01   2.18544E-01   7.10540E-05   1.10176E-04   0.00000E+00   5.94673E-03   1.00000E+00   0.00000E+00   3.87578E+00   2.17501E-16            16   2.46564E-10   3.14491E+00
        2420   2.90400E+02   1.20000E-01   2.18544E-01   7.05630E-05   1.09243E-04   0.00000E+00   5.96209E-03   1.00000E+00   0.00000E+00   3.87578E+00   2.15425E-16            16   2.46896E-10   3.14492E+00
        2421   2.90520E+02   1.20000E-01   2.18544E-01   7.00713E-05   1.08310E-04   0.00000E+00   5.97727E-03   1.00000E+00   0.00000E+00   3.87578E+00   2.13409E-16            16   2.47326E-10   3.14494E+00
        2422   2.90640E+02   1.20000E-01   2.18544E-01   6.95788E-05   1.07376E-04   0.00000E+00   5.99226E-03   1.00000E+00   0.00000E+00   3.87578E+00   2.11257E-16            16   2.47844E-10   3.14495E+00
        2423   2.90760E+02   1.20000E-01   2.18544E-01   6.90857E-05   1.06441E-04   0.00000E+00   6.00706E-03   1.00000E+00   0.00000E+00   3.87578E+00   2.08907E-16            16   2.48458E-10   3.14496E+00
        2424   2.90880E+02   1.20000E-01   2.18544E-01   6.85919E-05   1.05506E-04   0.00000E+00   6.02168E-03   1.00000E+00   0.00000E+00   3.87578E+00   2.06508E-16            16   2.49159E-10   3.14497E+00
        2425   2.91000E+02   1.20000E-01   2.18544E-01   6.80974E-05   1.04570E-04   0.00000E+00   6.03611E-03   1.00000E+00   0.00000E+00   3.87578E+00   2.04100E-16            16   2.49952E-10   3.14498E+00
        2426   2.91120E+02   1.20000E-01   2.18544E-01   6.76023E-05   1.03634E-04   0.00000E+00   6.05035E-03   1.00000E+00   0.00000E+00   3.87578E+00   2.06221E-16            16   2.50828E-10   3.14500E+00
        2427   2.91240E+02   1.20000E-01   2.18544E-01   6.71066E-05   1.02696E-04   0.00000E+00   6.06441E-03   1.00000E+00   0.00000E+00   3.87578E+00   2.12815E-16            16   2.51793E-10   3.14501E+00
        2428   2.91360E+02   1.20000E-01   2.18544E-01   6.66102E-05   1.01759E-04   0.00000E+00   6.07828E-03   1.00000E+00   0.00000E+00   3.87578E+00   2.18804E-16            16   2.52837E-10   3.14502E+00
        2429   2.91480E+02   1.20000E-01   2.18544E-01   6.61133E-05   1.00821E-04   0.00000E+00   6.09196E-03   1.00000E+00   0.00000E+00   3.87578E+00   2.24404E-16            16   2.53963E-10   3.14503E+00
        2430   2.91600E+02   1.20000E-01   2.18544E-01   6.56157E-05   9.98820E-05   0.00000E+00   6.10546E-03   1.00000E+00   0.00000E+00   3.87578E+00   2.29645E-16            16   2.55164E-10   3.14504E+00
        2431   2.91720E+02   1.20000E-01   2.18544E-01   6.51176E-05   9.89428E-05   0.00000E+00   6.11878E-03   1.00000E+00   0.00000E+00   3.87578E+00   2.34279E-16            16   2.56441E-10   3.14505E+00
        2432   2.91840E+02   1.20000E-01   2.18544E-01   6.46189E-05   9.80904E-05   0.00000E+00   6.13190E-03   1.00000E+00   0.00000E+00   3.87578E+00   2.38612E-16            16   2.57787E-10   3.14506E+00
        2433   2.91960E+02   1.20000E-01   2.18544E-01   6.41197E-05   9.72767E-05   0.00000E+00   6.14485E-03   1.00000E+00   0.00000E+00   3.87578E+00   2.42387E-16            16   2.59202E-10   3.14508E+00
        2434   2.92080E+02   1.20000E-01   2.18544E-01   6.36199E-05   9.64622E-05   0.00000E+00   6.15761E-03   1.00000E+00   0.00000E+00   3.87578E+00   2.45793E-16            16   2.60681E-10   3.14509E+00
        2435   2.92200E+02   1.20000E-01   2.18544E-01   6.31196E-05   9.56471E-05   0.00000E+00   6.17018E-03   1.00000E+00   0.00000E+00   3.87578E+00   2.48773E-16            16   2.62223E-10   3.14510E+00
        2436   2.92320E+02   1.20000E-01   2.18544E-01   6.26188E-05   9.48314E-05   0.00000E+00   6.18257E-03   1.00000E+00   0.00000E+00   3.87578E+00   2.51281E-16            16   2.63823E-10   3.14511E+00
        2437   2.92440E+02   1.20000E-01   2.18544E-01   6.21176E-05   9.40151E-05   0.00000E+00   6.19478E-03   1.00000E+00   0.00000E+00   3.87578E+00   2.53394E-16            16   2.65480E-10   3.14512E+00
        2438   2.92560E+02   1.20000E-01   2.18544E-01   6.16158E-05   9.31982E-05   0.00000E+00   6.20680E-03   1.00000E+00   0.00000E+00   3.87578E+00   2.55128E-16            16   2.67189E-10   3.14513E+00
        2439   2.92680E+02   1.20000E-01   2.18544E-01   6.11716E-05   9.23807E-05   0.00000E+00   6.21863E-03   1.00000E+00   0.00000E+00   3.87578E+00   2.56443E-16            16   2.68950E-10   3.14514E+00
        2440   2.92800E+02   1.20000E-01   2.18544E-01   6.07643E-05   9.15626E-05   0.00000E+00   6.23029E-03   1.00000E+00   0.00000E+00   3.87578E+00   2.57353E-16            16   2.70759E-10   3.14515E+00
        2441   2.92920E+02   1.20000E-01   2.18544E-01   6.03565E-05   9.07441E-05   0.00000E+00   6.24176E-03   1.00000E+00   0.00000E+00   3.87578E+00   2.57993E-16            16   2.72615E-10   3.14516E+00
        2442   2.93040E+02   1.20000E-01   2.18544E-01   5.99479E-05   8.99251E-05   0.00000E+00   6.25304E-03   1.00000E+00   0.00000E+00   3.87578E+00   2.58247E-16            16   2.74514E-10   3.14517E+00
        2443   2.93160E+02   1.20000E-01   2.18544E-01   5.95388E-05   8.91055E-05   0.00000E+00   6.26414E-03   1.00000E+00   0.00000E+00   3.87578E+00   2.58152E-16            16   2.76444E-10   3.14518E+00
        2444   2.93280E+02   1.20000E-01   2.18544E-01   5.91290E-05   8.82856E-05   0.00000E+00   6.27506E-03   1.00000E+00   0.00000E+00   3.87578E+00   2.57779E-16            16   2.78443E-10   3.14519E+00
        2445   2.93400E+02   1.20000E-01   2.18544E-01   5.87187E-05   8.74652E-05   0.00000E+00   6.28580E-03   1.00000E+00   0.00000E+00   3.87578E+00   2.57011E-16            16   2.80466E-10   3.14520E+00
        2446   2.93520E+02   1.20000E-01   2.18544E-01   5.83078E-05   8.66444E-05   0.00000E+00   6.29635E-03   1.00000E+00   0.00000E+00   3.87578E+00   2.56101E-16            16   2.82528E-10   3.14521E+00
        2447   2.93640E+02   1.20000E-01   2.18544E-01   5.78963E-05   8.58232E-05   0.00000E+00   6.30673E-03   1.00000E+00   0.00000E+00   3.87578E+00   2.54847E-16            16   2.84629E-10   3.14522E+00
        2448   2.93760E+02   1.20000E-01   2.18544E-01   5.74843E-05   8.50016E-05   0.00000E+00   6.31691E-03   1.00000E+00   0.00000E+00   3.87578E+00   2.53475E-16            16   2.86766E-10   3.14523E+00
        2449   2.93880E+02   1.20000E-01   2.18544E-01   5.70717E-05   8.41797E-05   0.00000E+00   6.32692E-03   1.00000E+00   0.00000E+00   3.87578E+00   2.51755E-16            16   2.88941E-10   3.14524E+00
        2450   2.94000E+02   1.20000E-01   2.18544E-01   5.66586E-05   8.33575E-05   0.00000E+00   6.33674E-03   1.00000E+00   0.00000E+00   3.87578E+00   2.49838E-16            16   2.91153E-10   3.14525E+00
        2451   2.94120E+02   1.20000E-01   2.18544E-01   5.62449E-05   8.25349E-05   0.00000E+00   6.34639E-03   1.00000E+00   0.00000E+00   3.87578E+00   2.47700E-16            16   2.93402E-10   3.14525E+00
        2452   2.94240E+02   1.20000E-01   2.18544E-01   5.58308E-05   8.17121E-05   0.00000E+00   6.35585E-03   1.00000E+00   0.00000E+00   3.87578E+00   2.45466E-16            16   2.95690E-10   3.14526E+00
        2453   2.94360E+02   1.20000E-01   2.18544E-01   5.54161E-05   8.08891E-05   0.00000E+00   6.36512E-03   1.00000E+00   0.00000E+00   3.87578E+00   2.42991E-16            16   2.98015E-10   3.14527E+00
        2454   2.94480E+02   1.20000E-01   2.18544E-01   5.50010E-05   8.00658E-05   0.00000E+00   6.37422E-03   1.00000E+00   0.00000E+00   3.87578E+00   2.40409E-16            16   3.00380E-10   3.14528E+00
        2455   2.94600E+02   1.20000E-01   2.18544E-01   5.45853E-05   7.92431E-05   0.00000E+00   6.38313E-03   1.00000E+00   0.00000E+00   3.87578E+00   2.37670E-16            16   3.02784E-10   3.14529E+00
        2456   2.94720E+02   1.20000E-01   2.18544E-01   5.41693E-05   7.84208E-05   0.00000E+00   6.39187E-03   1.00000E+00   0.00000E+00   3.87578E+00   2.34782E-16            16   3.05230E-10   3.14530E+00
        2457   2.94840E+02   1.20000E-01   2.18544E-01   5.37527E-05   7.75984E-05   0.00000E+00   6.40042E-03   1.00000E+00   0.00000E+00   3.87578E+00   2.31821E-16            16   3.07718E-10   3.14531E+00
        2458   2.94960E+02   1.20000E-01   2.18544E-01   5.33358E-05   7.67758E-05   0.00000E+00   6.40879E-03   1.00000E+00   0.00000E+00   3.87578E+00   2.28772E-16            16   3.10237E-10   3.14531E+00
        2459   2.95080E+02   1.20000E-01   2.18544E-01   5.29184E-05   7.59531E-05   0.00000E+00   6.41698E-03   1.00000E+00   0.00000E+00   3.87578E+00   2.25495E-16            16   3.12845E-10   3.14532E+00
        2460   2.95200E+02   1.20000E-01   2.18544E-01   5.25005E-05   7.51304E-05   0.00000E+00   6.42499E-03   1.00000E+00   0.00000E+00   3.87578E+00   2.22410E-16            16   3.15443E-10   3.14533E+00
        2461   2.95320E+02   1.20000E-01   2.18544E-01   5.20823E-05   7.43076E-05   0.00000E+00   6.43282E-03   1.00000E+00   0.00000E+00   3.87578E+00   2.18857E-16            16   3.18132E-10   3.14534E+00
        2462   2.95440E+02   1.20000E-01   2.18544E-01   5.16637E-05   7.34847E-05   0.00000E+00   6.44046E-03   1.00000E+00   0.00000E+00   3.87578E+00   2.15690E-16            16   3.20837E-10   3.14534E+00
        2463   2.95560E+02   1.20000E-01   2.18544E-01   5.12447E-05   7.26618E-05   0.00000E+00   6.44793E-03   1.00000E+00   0.00000E+00   3.87578E+00   2.11864E-16            16   3.23624E-10   3.14535E+00
        2464   2.95680E+02   1.20000E-01   2.18544E-01   5.08253E-05   7.18390E-05   0.00000E+00   6.45522E-03   1.00000E+00   0.00000E+00   3.87578E+00   2.08656E-16            16   3.26448E-10   3.14536E+00
        2465   2.95800E+02   1.20000E-01   2.18544E-01   5.04056E-05   7.10161E-05   0.00000E+00   6.46233E-03   1.00000E+00   0.00000E+00   3.87578E+00   2.04965E-16            16   3.29356E-10   3.14537E+00
        2466   2.95920E+02   1.20000E-01   2.18544E-01   4.99855E-05   7.01933E-05   0.00000E+00   6.46925E-03   1.00000E+00   0.00000E+00   3.87578E+00   2.01593E-16            16   3.32293E-10   3.14537E+00
        2467   2.96040E+02   1.20000E-01   2.18544E-01   4.95651E-05   6.93706E-05   0.00000E+00   6.47600E-03   1.00000E+00   0.00000E+00   3.87578E+00   1.97822E-16            16   3.35321E-10   3.14538E+00
        2468   2.96160E+02   1.20000E-01   2.18544E-01   4.91444E-05   6.85480E-05   0.00000E+00   6.48257E-03   1.00000E+00   0.00000E+00   3.87578E+00   1.94337E-16            16   3.38388E-10   3.14539E+00
        2469   2.96280E+02   1.20000E-01   2.18544E-01   4.87233E-05   6.78039E-05   0.00000E+00   6.48896E-03   1.00000E+00   0.00000E+00   3.87578E+00   1.90563E-16            16   3.41548E-10   3.14540E+00
        2470   2.96400E+02   1.20000E-01   2.18544E-01   4.83020E-05   6.71101E-05   0.00000E+00   6.49517E-03   1.00000E+00   0.00000E+00   3.87578E+00   1.87058E-16            16   3.44754E-10   3.14540E+00
        2471   2.96520E+02   1.20000E-01   2.18544E-01   4.78803E-05   6.64161E-05   0.00000E+00   6.50121E-03   1.00000E+00   0.00000E+00   3.87578E+00   1.83293E-16            16   3.48056E-10   3.14541E+00
        2472   2.96640E+02   1.20000E-01   2.18544E-01   4.74584E-05   6.57220E-05   0.00000E+00   6.50706E-03   1.00000E+00   0.00000E+00   3.87578E+00   1.79696E-16            16   3.51410E-10   3.14542E+00
        2473   2.96760E+02   1.20000E-01   2.18544E-01   4.70362E-05   6.50277E-05   0.00000E+00   6.51274E-03   1.00000E+00   0.00000E+00   3.87578E+00   1.75950E-16            16   3.54852E-10   3.14542E+00
        2474   2.96880E+02   1.20000E-01   2.18544E-01   4.66138E-05   6.43334E-05   0.00000E+00   6.51823E-03   1.00000E+00   0.00000E+00   3.87578E+00   1.72252E-16            16   3.58392E-10   3.14543E+00
        2475   2.97000E+02   1.20000E-01   2.18544E-01   4.61911E-05   6.36391E-05   0.00000E+00   6.52355E-03   1.00000E+00   0.00000E+00   3.87578E+00   1.68697E-16            16   3.61973E-10   3.14543E+00
        2476   2.97120E+02   1.20000E-01   2.18544E-01   4.57682E-05   6.29446E-05   0.00000E+00   6.52869E-03   1.00000E+00   0.00000E+00   3.87578E+00   1.64913E-16            16   3.65661E-10   3.14544E+00
        2477   2.97240E+02   1.20000E-01   2.18544E-01   4.53450E-05   6.22502E-05   0.00000E+00   6.53366E-03   1.00000E+00   0.00000E+00   3.87578E+00   1.61180E-16            16   3.69448E-10   3.14545E+00
        2478   2.97360E+02   1.20000E-01   2.18544E-01   4.49217E-05   6.15557E-05   0.00000E+00   6.53845E-03   1.00000E+00   0.00000E+00   3.87578E+00   1.57609E-16            16   3.73299E-10   3.14545E+00
        2479   2.97480E+02   1.20000E-01   2.18544E-01   4.44981E-05   6.08613E-05   0.00000E+00   6.54306E-03   1.00000E+00   0.00000E+00   3.87578E+00   1.53891E-16            16   3.77255E-10   3.14546E+00
        2480   2.97600E+02   1.20000E-01   2.18544E-01   4.40744E-05   6.01668E-05   0.00000E+00   6.54749E-03   1.00000E+00   0.00000E+00   3.87578E+00   1.50272E-16            16   3.81305E-10   3.14546E+00
        2481   2.97720E+02   1.20000E-01   2.18544E-01   4.36504E-05   5.94724E-05   0.00000E+00   6.55175E-03   1.00000E+00   0.00000E+00   3.87578E+00   1.47903E-16            16   3.85454E-10   3.14547E+00
        2482   2.97840E+02   1.20000E-01   2.18544E-01   4.38132E-05   5.87781E-05   0.00000E+00   6.55583E-03   1.00000E+00   0.00000E+00   3.87578E+00   1.46509E-16            16   3.89683E-10   3.14548E+00
        2483   2.97960E+02   1.20000E-01   2.18544E-01   4.41707E-05   5.80838E-05   0.00000E+00   6.55974E-03   1.00000E+00   0.00000E+00   3.87578E+00   1.44811E-16            16   3.94029E-10   3.14548E+00
        2484   2.98080E+02   1.20000E-01   2.18544E-01   4.45263E-05   5.73896E-05   0.00000E+00   6.56347E-03   1.00000E+00   0.00000E+00   3.87578E+00   1.43090E-16            16   3.98476E-10   3.14549E+00
        2485   2.98200E+02   1.20000E-01   2.18544E-01   4.48799E-05   5.66956E-05   0.00000E+00   6.56702E-03   1.00000E+00   0.00000E+00   3.87578E+00   1.41268E-16            16   4.03025E-10   3.14549E+00
        2486   2.98320E+02   1.20000E-01   2.18544E-01   4.52317E-05   5.60016E-05   0.00000E+00   6.57040E-03   1.00000E+00   0.00000E+00   3.87578E+00   1.39390E-16            16   4.07735E-10   3.14550E+00
        2487   2.98440E+02   1.20000E-01   2.18544E-01   4.55816E-05   5.53078E-05   0.00000E+00   6.57361E-03   1.00000E+00   0.00000E+00   3.87578E+00   1.37442E-16            16   4.12482E-10   3.14550E+00
        2488   2.98560E+02   1.20000E-01   2.18544E-01   4.59296E-05   5.46142E-05   0.00000E+00   6.57664E-03   1.00000E+00   0.00000E+00   3.87578E+00   1.36869E-16            16   4.17384E-10   3.14551E+00
        2489   2.98680E+02   1.20000E-01   2.18544E-01   4.62757E-05   5.39207E-05   0.00000E+00   6.57950E-03   1.00000E+00   0.00000E+00   3.87578E+00   1.37354E-16            16   4.22398E-10   3.14551E+00
        2490   2.98800E+02   1.20000E-01   2.18544E-01   4.66199E-05   5.32275E-05   0.00000E+00   6.58218E-03   1.00000E+00   0.00000E+00   3.87578E+00   1.37664E-16            16   4.27534E-10   3.14551E+00
        2491   2.98920E+02   1.20000E-01   2.18544E-01   4.69622E-05   5.25344E-05   0.00000E+00   6.58469E-03   1.00000E+00   0.00000E+00   3.87578E+00   1.37842E-16            16   4.32807E-10   3.14552E+00
        2492   2.99040E+02   1.20000E-01   2.18544E-01   4.73025E-05   5.18416E-05   0.00000E+00   6.58703E-03   1.00000E+00   0.00000E+00   3.87578E+00   1.37857E-16            16   4.38217E-10   3.14552E+00
        2493   2.99160E+02   1.20000E-01   2.18544E-01   4.76409E-05   5.11491E-05   0.00000E+00   6.58919E-03   1.00000E+00   0.00000E+00   3.87578E+00   1.37870E-16            16   4.43755E-10   3.14553E+00
        2494   2.99280E+02   1.20000E-01   2.18544E-01   4.79774E-05   5.04568E-05   0.00000E+00   6.59118E-03   1.00000E+00   0.00000E+00   3.87578E+00   1.37727E-16            16   4.49454E-10   3.14553E+00
        2495   2.99400E+02   1.20000E-01   2.18544E-01   4.83120E-05   4.97647E-05   0.00000E+00   6.59300E-03   1.00000E+00   0.00000E+00   3.87578E+00   1.37378E-16            16   4.55322E-10   3.14554E+00
        2496   2.99520E+02   1.20000E-01   2.18544E-01   4.86446E-05   4.90730E-05   0.00000E+00   6.59465E-03   1.00000E+00   0.00000E+00   3.87578E+00   1.36987E-16            16   4.61380E-10   3.14554E+00
        2497   2.99640E+02   1.20000E-01   2.18544E-01   4.89753E-05   4.83816E-05   0.00000E+00   6.59613E-03   1.00000E+00   0.00000E+00   3.87578E+00   1.36393E-16            16   4.67624E-10   3.14554E+00
        2498   2.99760E+02   1.20000E-01   2.18544E-01   4.93040E-05   4.76905E-05   0.00000E+00   6.59743E-03   1.00000E+00   0.00000E+00   3.87578E+00   1.35793E-16            16   4.74082E-10   3.14555E+00
        2499   2.99880E+02   1.20000E-01   2.18544E-01   4.96308E-05   4.69998E-05   0.00000E+00   6.59857E-03   1.00000E+00   0.00000E+00   3.87578E+00   1.35016E-16            16   4.80769E-10   3.14555E+00
        2500   3.00000E+02   1.20000E-01   2.18544E-01   4.99556E-05   4.63094E-05   0.00000E+00   6.59953E-03   1.00000E+00   0.00000E+00   3.87578E+00   1.34077E-16            16   4.87726E-10   3.14555E+00
        2501   3.00120E+02   1.20000E-01   2.18544E-01   5.02785E-05   4.56195E-05   0.00000E+00   6.60033E-03   1.00000E+00   0.00000E+00   3.87578E+00   1.33088E-16            16   4.94957E-10   3.14556E+00
        2502   3.00240E+02   1.20000E-01   2.18544E-01   5.05994E-05   4.49299E-05   0.00000E+00   6.60095E-03   1.00000E+00   0.00000E+00   3.87578E+00   1.32075E-16            16   5.02501E-10   3.14556E+00
        2503   3.00360E+02   1.20000E-01   2.18544E-01   5.09183E-05   4.43000E-05   0.00000E+00   6.60141E-03   1.00000E+00   0.00000E+00   3.87578E+00   1.30880E-16            16   5.10385E-10   3.14556E+00
        2504   3.00480E+02   1.20000E-01   2.18544E-01   5.12352E-05   4.37311E-05   0.00000E+00   6.60169E-03   1.00000E+00   0.00000E+00   3.87578E+00   1.29614E-16            16   5.18595E-10   3.14557E+00
        2505   3.00600E+02   1.20000E-01   2.18544E-01   5.15502E-05   4.31624E-05   0.00000E+00   6.60181E-03   1.00000E+00   0.00000E+00   3.87578E+00   1.28286E-16            16   5.27207E-10   3.14557E+00
        2506   3.00720E+02   1.20000E-01   2.18544E-01   5.18632E-05   4.25939E-05   0.00000E+00   6.60176E-03   1.00000E+00   0.00000E+00   3.87578E+00   1.26836E-16            16   5.36181E-10   3.14557E+00
        2507   3.00840E+02   1.20000E-01   2.18544E-01   5.21742E-05   4.20256E-05   0.00000E+00   6.60154E-03   1.00000E+00   0.00000E+00   3.87578E+00   1.25151E-16            16   5.45467E-10   3.14557E+00
        2508   3.00960E+02   1.20000E-01   2.18544E-01   5.24832E-05   4.14576E-05   0.00000E+00   6.60116E-03   1.00000E+00   0.00000E+00   3.87578E+00   1.23506E-16            16   5.55039E-10   3.14558E+00
        2509   3.01080E+02   1.20000E-01   2.18544E-01   5.27902E-05   4.08898E-05   0.00000E+00   6.60060E-03   1.00000E+00   0.00000E+00   3.87578E+00   1.21484E-16            16   5.64640E-10   3.14558E+00
        2510   3.01200E+02   1.20000E-01   2.18544E-01   5.30953E-05   4.03222E-05   0.00000E+00   6.59988E-03   1.00000E+00   0.00000E+00   3.87578E+00   1.19207E-16            16   5.73822E-10   3.14558E+00
        2511   3.01320E+02   1.20000E-01   2.18544E-01   5.33983E-05   3.97549E-05   0.00000E+00   6.59899E-03   1.00000E+00   0.00000E+00   3.87578E+00   1.16649E-16            16   5.82261E-10   3.14558E+00
        2512   3.01440E+02   1.20000E-01   2.18544E-01   5.36993E-05   3.91879E-05   0.00000E+00   6.59794E-03   1.00000E+00   0.00000E+00   3.87578E+00   1.24075E-16            16   6.44392E-10   3.14559E+00
        2513   3.01560E+02   1.20000E-01   2.18544E-01   5.39984E-05   3.86212E-05   0.00000E+00   6.59672E-03   1.00000E+00   0.00000E+00   3.87578E+00   1.08956E-16            16   5.92638E-10   3.14559E+00
        2514   3.01680E+02   1.20000E-01   2.18544E-01   5.42954E-05   3.80547E-05   0.00000E+00   6.59533E-03   1.00000E+00   0.00000E+00   3.87578E+00   1.20738E-16            16   6.83470E-10   3.14559E+00
        2515   3.01800E+02   1.20000E-01   2.18544E-01   5.45904E-05   3.74886E-05   0.00000E+00   6.59378E-03   1.00000E+00   0.00000E+00   3.87578E+00   1.06485E-16            16   6.25865E-10   3.14559E+00
        2516   3.01920E+02   1.20000E-01   2.18544E-01   5.48833E-05   3.69229E-05   0.00000E+00   6.59207E-03   1.00000E+00   0.00000E+00   3.87578E+00   1.02872E-16            16   6.34072E-10   3.14559E+00
        2517   3.02040E+02   1.20000E-01   2.18544E-01   5.51743E-05   3.63574E-05   0.00000E+00   6.59019E-03   1.00000E+00   0.00000E+00   3.87578E+00   9.90689E-17            16   6.40784E-10   3.14560E+00
        2518   3.02160E+02   1.20000E-01   2.18544E-01   5.54632E-05   3.57924E-05   0.00000E+00   6.58815E-03   1.00000E+00   0.00000E+00   3.87578E+00   9.49640E-17            16   6.46231E-10   3.14560E+00
        2519   3.02280E+02   1.20000E-01   2.18544E-01   5.57501E-05   3.52277E-05   0.00000E+00   6.58595E-03   1.00000E+00   0.00000E+00   3.87578E+00   9.05581E-17            16   6.49601E-10   3.14560E+00
        2520   3.02400E+02   1.20000E-01   2.18544E-01   5.60349E-05   3.46634E-05   0.00000E+00   6.58358E-03   1.00000E+00   0.00000E+00   3.87578E+00   8.60282E-17            16   6.50763E-10   3.14560E+00
        2521   3.02520E+02   1.20000E-01   2.18544E-01   5.63178E-05   3.40995E-05   0.00000E+00   6.58105E-03   1.00000E+00   0.00000E+00   3.87578E+00   8.11328E-17            16   6.49295E-10   3.14560E+00
        2522   3.02640E+02   1.20000E-01   2.18544E-01   5.65986E-05   3.35360E-05   0.00000E+00   6.57836E-03   1.00000E+00   0.00000E+00   3.87578E+00   7.60200E-17            16   6.44611E-10   3.14560E+00
        2523   3.02760E+02   1.20000E-01   2.18544E-01   5.68773E-05   3.29730E-05   0.00000E+00   6.57550E-03   1.00000E+00   0.00000E+00   3.87578E+00   7.07684E-17            16   6.36672E-10   3.14560E+00
        2524   3.02880E+02   1.20000E-01   2.18544E-01   5.71541E-05   3.24104E-05   0.00000E+00   6.57249E-03   1.00000E+00   0.00000E+00   3.87578E+00   6.52244E-17            16   6.25243E-10   3.14560E+00
        2525   3.03000E+02   1.20000E-01   2.18544E-01   5.74287E-05   3.18482E-05   0.00000E+00   6.56932E-03   1.00000E+00   0.00000E+00   3.87578E+00   5.92022E-17            16   6.09726E-10   3.14560E+00
        2526   3.03120E+02   1.20000E-01   2.18544E-01   5.77014E-05   3.12866E-05   0.00000E+00   6.56598E-03   1.00000E+00   0.00000E+00   3.87578E+00   5.54820E-17            16   5.90488E-10   3.14561E+00
        2527   3.03240E+02   1.20000E-01   2.18544E-01   5.79719E-05   3.07254E-05   0.00000E+00   6.56249E-03   1.00000E+00   0.00000E+00   3.87578E+00   5.71830E-17            16   5.67620E-10   3.14561E+00
        2528   3.03360E+02   1.20000E-01   2.18544E-01   5.82405E-05   3.01647E-05   0.00000E+00   6.55883E-03   1.00000E+00   0.00000E+00   3.87578E+00   5.85584E-17            16   5.43197E-10   3.14561E+00
        2529   3.03480E+02   1.20000E-01   2.18544E-01   5.85069E-05   2.96045E-05   0.00000E+00   6.55502E-03   1.00000E+00   0.00000E+00   3.87578E+00   5.85325E-17            16   5.22533E-10   3.14561E+00
        2530   3.03600E+02   1.20000E-01   2.18544E-01   5.87713E-05   2.90448E-05   0.00000E+00   6.55105E-03   1.00000E+00   0.00000E+00   3.87578E+00   5.61705E-17            16   5.08118E-10   3.14561E+00
        2531   3.03720E+02   1.20000E-01   2.18544E-01   5.90337E-05   2.84856E-05   0.00000E+00   6.54692E-03   1.00000E+00   0.00000E+00   3.87578E+00   5.29243E-17            16   4.96345E-10   3.14561E+00
        2532   3.03840E+02   1.20000E-01   2.18544E-01   5.92940E-05   2.79271E-05   0.00000E+00   6.54263E-03   1.00000E+00   0.00000E+00   3.87578E+00   4.99684E-17            16   4.85851E-10   3.14561E+00
        2533   3.03960E+02   1.20000E-01   2.18544E-01   5.95522E-05   2.73690E-05   0.00000E+00   6.53819E-03   1.00000E+00   0.00000E+00   3.87578E+00   4.79293E-17            16   4.84839E-10   3.14561E+00
        2534   3.04080E+02   1.20000E-01   2.18544E-01   5.98084E-05   2.68464E-05   0.00000E+00   6.53359E-03   1.00000E+00   0.00000E+00   3.87578E+00   5.00032E-17            16   4.99915E-10   3.14561E+00
        2535   3.04200E+02   1.20000E-01   2.18544E-01   6.00625E-05   2.63951E-05   0.00000E+00   6.52883E-03   1.00000E+00   0.00000E+00   3.87578E+00   5.15285E-17            16   5.02365E-10   3.14561E+00
        2536   3.04320E+02   1.20000E-01   2.18544E-01   6.03145E-05   2.59441E-05   0.00000E+00   6.52392E-03   1.00000E+00   0.00000E+00   3.87578E+00   5.18073E-17            16   5.00037E-10   3.14561E+00
        2537   3.04440E+02   1.20000E-01   2.18544E-01   6.05645E-05   2.54935E-05   0.00000E+00   6.51885E-03   1.00000E+00   0.00000E+00   3.87578E+00   5.18792E-17            16   4.99638E-10   3.14561E+00
        2538   3.04560E+02   1.20000E-01   2.18544E-01   6.08123E-05   2.50433E-05   0.00000E+00   6.51363E-03   1.00000E+00   0.00000E+00   3.87578E+00   5.26212E-17            16   5.00938E-10   3.14561E+00
        2539   3.04680E+02   1.20000E-01   2.18544E-01   6.10582E-05   2.45935E-05   0.00000E+00   6.50825E-03   1.00000E+00   0.00000E+00   3.87578E+00   5.48069E-17            16   5.03182E-10   3.14560E+00
        2540   3.04800E+02   1.20000E-01   2.18544E-01   6.13019E-05   2.41441E-05   0.00000E+00   6.50272E-03   1.00000E+00   0.00000E+00   3.87578E+00   5.70487E-17            16   5.05687E-10   3.14560E+00
        2541   3.04920E+02   1.20000E-01   2.18544E-01   6.15435E-05   2.36951E-05   0.00000E+00   6.49704E-03   1.00000E+00   0.00000E+00   3.87578E+00   5.93421E-17            16   5.08034E-10   3.14560E+00
        2542   3.05040E+02   1.20000E-01   2.18544E-01   6.17831E-05   2.32466E-05   0.00000E+00   6.49120E-03   1.00000E+00   0.00000E+00   3.87578E+00   6.14124E-17            16   5.10000E-10   3.14560E+00
        2543   3.05160E+02   1.20000E-01   2.18544E-01   6.20206E-05   2.27985E-05   0.00000E+00   6.48521E-03   1.00000E+00   0.00000E+00   3.87578E+00   6.32480E-17            16   5.11460E-10   3.14560E+00
        2544   3.05280E+02   1.20000E-01   2.18544E-01   6.22560E-05   2.25556E-05   0.00000E+00   6.47907E-03   1.00000E+00   0.00000E+00   3.87578E+00   6.49771E-17            16   5.12416E-10   3.14560E+00
        2545   3.05400E+02   1.20000E-01   2.18544E-01   6.24893E-05   2.34418E-05   0.00000E+00   6.47278E-03   1.00000E+00   0.00000E+00   3.87578E+00   6.63481E-17            16   5.12913E-10   3.14560E+00
        2546   3.05520E+02   1.20000E-01   2.18544E-01   6.27205E-05   2.43254E-05   0.00000E+00   6.46633E-03   1.00000E+00   0.00000E+00   3.87578E+00   6.74224E-17            16   5.13013E-10   3.14560E+00
        2547   3.05640E+02   1.20000E-01   2.18544E-01   6.29497E-05   2.52064E-05   0.00000E+00   6.45974E-03   1.00000E+00   0.00000E+00   3.87578E+00   6.91185E-17            16   5.12785E-10   3.14560E+00
        2548   3.05760E+02   1.20000E-01   2.18544E-01   6.31767E-05   2.60848E-05   0.00000E+00   6.45299E-03   1.00000E+00   0.00000E+00   3.87578E+00   7.23463E-17            16   5.12329E-10   3.14559E+00
        2549   3.05880E+02   1.20000E-01   2.18544E-01   6.34017E-05   2.69605E-05   0.00000E+00   6.44610E-03   1.00000E+00   0.00000E+00   3.87578E+00   7.56337E-17            16   5.11694E-10   3.14559E+00
        2550   3.06000E+02   1.20000E-01   2.18544E-01   6.37692E-05   2.78336E-05   0.00000E+00   6.43906E-03   1.00000E+00   0.00000E+00   3.87578E+00   7.86563E-17            16   5.10911E-10   3.14559E+00
        2551   3.06120E+02   1.20000E-01   2.18544E-01   6.41702E-05   2.87040E-05   0.00000E+00   6.43186E-03   1.00000E+00   0.00000E+00   3.87578E+00   8.15189E-17            16   5.10053E-10   3.14559E+00
        2552   3.06240E+02   1.20000E-01   2.18544E-01   6.45686E-05   2.95718E-05   0.00000E+00   6.42453E-03   1.00000E+00   0.00000E+00   3.87578E+00   8.44694E-17            16   5.09113E-10   3.14559E+00
        2553   3.06360E+02   1.20000E-01   2.18544E-01   6.49646E-05   3.04368E-05   0.00000E+00   6.41704E-03   1.00000E+00   0.00000E+00   3.87578E+00   9.00303E-17            16   5.08091E-10   3.14558E+00
        2554   3.06480E+02   1.20000E-01   2.18544E-01   6.53580E-05   3.12991E-05   0.00000E+00   6.40940E-03   1.00000E+00   0.00000E+00   3.87578E+00   9.58555E-17            16   5.07033E-10   3.14558E+00
        2555   3.06600E+02   1.20000E-01   2.18544E-01   6.57489E-05   3.21587E-05   0.00000E+00   6.40162E-03   1.00000E+00   0.00000E+00   3.87578E+00   1.01240E-16            16   5.05901E-10   3.14558E+00
        2556   3.06720E+02   1.20000E-01   2.18544E-01   6.61373E-05   3.30156E-05   0.00000E+00   6.39370E-03   1.00000E+00   0.00000E+00   3.87578E+00   1.06176E-16            16   5.04688E-10   3.14558E+00
        2557   3.06840E+02   1.20000E-01   2.18544E-01   6.65231E-05   3.38696E-05   0.00000E+00   6.38562E-03   1.00000E+00   0.00000E+00   3.87578E+00   1.10804E-16            16   5.03430E-10   3.14557E+00
        2558   3.06960E+02   1.20000E-01   2.18544E-01   6.69064E-05   3.47209E-05   0.00000E+00   6.37741E-03   1.00000E+00   0.00000E+00   3.87578E+00   1.15064E-16            16   5.02104E-10   3.14557E+00
        2559   3.07080E+02   1.20000E-01   2.18544E-01   6.72872E-05   3.55695E-05   0.00000E+00   6.36904E-03   1.00000E+00   0.00000E+00   3.87578E+00   1.18921E-16            16   5.00692E-10   3.14557E+00
        2560   3.07200E+02   1.20000E-01   2.18544E-01   6.76654E-05   3.64151E-05   0.00000E+00   6.36054E-03   1.00000E+00   0.00000E+00   3.87578E+00   1.22555E-16            16   4.99233E-10   3.14557E+00
        2561   3.07320E+02   1.20000E-01   2.18544E-01   6.80411E-05   3.72580E-05   0.00000E+00   6.35189E-03   1.00000E+00   0.00000E+00   3.87578E+00   1.25978E-16            16   4.97710E-10   3.14556E+00
        2562   3.07440E+02   1.20000E-01   2.18544E-01   6.84143E-05   3.80980E-05   0.00000E+00   6.34310E-03   1.00000E+00   0.00000E+00   3.87578E+00   1.29012E-16            16   4.96132E-10   3.14556E+00
        2563   3.07560E+02   1.20000E-01   2.18544E-01   6.87848E-05   3.89352E-05   0.00000E+00   6.33417E-03   1.00000E+00   0.00000E+00   3.87578E+00   1.31868E-16            16   4.94471E-10   3.14556E+00
        2564   3.07680E+02   1.20000E-01   2.18544E-01   6.91528E-05   3.97695E-05   0.00000E+00   6.32509E-03   1.00000E+00   0.00000E+00   3.87578E+00   1.34648E-16            16   4.92781E-10   3.14555E+00
        2565   3.07800E+02   1.20000E-01   2.18544E-01   6.95183E-05   4.06009E-05   0.00000E+00   6.31587E-03   1.00000E+00   0.00000E+00   3.87578E+00   1.37265E-16            16   4.91112E-10   3.14555E+00
        2566   3.07920E+02   1.20000E-01   2.18544E-01   6.98812E-05   4.14294E-05   0.00000E+00   6.30652E-03   1.00000E+00   0.00000E+00   3.87578E+00   1.39620E-16            16   4.89370E-10   3.14555E+00
        2567   3.08040E+02   1.20000E-01   2.18544E-01   7.02415E-05   4.22550E-05   0.00000E+00   6.29702E-03   1.00000E+00   0.00000E+00   3.87578E+00   1.41832E-16            16   4.87565E-10   3.14554E+00
        2568   3.08160E+02   1.20000E-01   2.18544E-01   7.05992E-05   4.30777E-05   0.00000E+00   6.28738E-03   1.00000E+00   0.00000E+00   3.87578E+00   1.44044E-16            16   4.85756E-10   3.14554E+00
        2569   3.08280E+02   1.20000E-01   2.18544E-01   7.09544E-05   4.38974E-05   0.00000E+00   6.27763E-03   1.00000E+00   0.00000E+00   3.87578E+00   1.42668E-16            16   4.71190E-10   3.14554E+00
        2570   3.08400E+02   1.20000E-01   2.18544E-01   7.13069E-05   4.47142E-05   0.00000E+00   6.26772E-03   1.00000E+00   0.00000E+00   3.87578E+00   1.49187E-16            16   4.81950E-10   3.14553E+00
        2571   3.08520E+02   1.20000E-01   2.18544E-01   7.16569E-05   4.55280E-05   0.00000E+00   6.25769E-03   1.00000E+00   0.00000E+00   3.87578E+00   1.78380E-16            16   5.78883E-10   3.14553E+00
        2572   3.08640E+02   1.20000E-01   2.18544E-01   7.20043E-05   4.63388E-05   0.00000E+00   6.24750E-03   1.00000E+00   0.00000E+00   3.87578E+00   1.50789E-16            16   4.77949E-10   3.14553E+00
        2573   3.08760E+02   1.20000E-01   2.18544E-01   7.23491E-05   4.71465E-05   0.00000E+00   6.23717E-03   1.00000E+00   0.00000E+00   3.87578E+00   1.52583E-16            16   4.76330E-10   3.14552E+00
        2574   3.08880E+02   1.20000E-01   2.18544E-01   7.26913E-05   4.79513E-05   0.00000E+00   6.22671E-03   1.00000E+00   0.00000E+00   3.87578E+00   1.54631E-16            16   4.74630E-10   3.14552E+00
        2575   3.09000E+02   1.20000E-01   2.18544E-01   7.30310E-05   4.87530E-05   0.00000E+00   6.21611E-03   1.00000E+00   0.00000E+00   3.87578E+00   1.56444E-16            16   4.72865E-10   3.14551E+00
        2576   3.09120E+02   1.20000E-01   2.18544E-01   7.33680E-05   4.95517E-05   0.00000E+00   6.20538E-03   1.00000E+00   0.00000E+00   3.87578E+00   1.58766E-16            16   4.71094E-10   3.14551E+00
        2577   3.09240E+02   1.20000E-01   2.18544E-01   7.37024E-05   5.03473E-05   0.00000E+00   6.19451E-03   1.00000E+00   0.00000E+00   3.87578E+00   1.61709E-16            16   4.69352E-10   3.14551E+00
        2578   3.09360E+02   1.20000E-01   2.18544E-01   7.40342E-05   5.11398E-05   0.00000E+00   6.18351E-03   1.00000E+00   0.00000E+00   3.87578E+00   1.64580E-16            16   4.67636E-10   3.14550E+00
        2579   3.09480E+02   1.20000E-01   2.18544E-01   7.43634E-05   5.19293E-05   0.00000E+00   6.17237E-03   1.00000E+00   0.00000E+00   3.87578E+00   1.67350E-16            16   4.65942E-10   3.14550E+00
        2580   3.09600E+02   1.20000E-01   2.18544E-01   7.46900E-05   5.27156E-05   0.00000E+00   6.16111E-03   1.00000E+00   0.00000E+00   3.87578E+00   1.70117E-16            16   4.64266E-10   3.14549E+00
        2581   3.09720E+02   1.20000E-01   2.18544E-01   7.50139E-05   5.34989E-05   0.00000E+00   6.14971E-03   1.00000E+00   0.00000E+00   3.87578E+00   1.72812E-16            16   4.62610E-10   3.14549E+00
        2582   3.09840E+02   1.20000E-01   2.18544E-01   7.53353E-05   5.42790E-05   0.00000E+00   6.13817E-03   1.00000E+00   0.00000E+00   3.87578E+00   1.75562E-16            16   4.60978E-10   3.14548E+00
        2583   3.09960E+02   1.20000E-01   2.18544E-01   7.56540E-05   5.50560E-05   0.00000E+00   6.12651E-03   1.00000E+00   0.00000E+00   3.87578E+00   1.78209E-16            16   4.59369E-10   3.14548E+00
        2584   3.10080E+02   1.20000E-01   2.18544E-01   7.59701E-05   5.58298E-05   0.00000E+00   6.11472E-03   1.00000E+00   0.00000E+00   3.87578E+00   1.80781E-16            16   4.57785E-10   3.14547E+00
        2585   3.10200E+02   1.20000E-01   2.18544E-01   7.62836E-05   5.66004E-05   0.00000E+00   6.10279E-03   1.00000E+00   0.00000E+00   3.87578E+00   1.83371E-16            16   4.56226E-10   3.14547E+00
        2586   3.10320E+02   1.20000E-01   2.18544E-01   7.65944E-05   5.73679E-05   0.00000E+00   6.09074E-03   1.00000E+00   0.00000E+00   3.87578E+00   1.85930E-16            16   4.54692E-10   3.14546E+00
        2587   3.10440E+02   1.20000E-01   2.18544E-01   7.69026E-05   5.81322E-05   0.00000E+00   6.07856E-03   1.00000E+00   0.00000E+00   3.87578E+00   1.88458E-16            16   4.53182E-10   3.14546E+00
        2588   3.10560E+02   1.20000E-01   2.18544E-01   7.72082E-05   5.88932E-05   0.00000E+00   6.06625E-03   1.00000E+00   0.00000E+00   3.87578E+00   1.90954E-16            16   4.51697E-10   3.14545E+00
        2589   3.10680E+02   1.20000E-01   2.18544E-01   7.75111E-05   5.96511E-05   0.00000E+00   6.05381E-03   1.00000E+00   0.00000E+00   3.87578E+00   1.93386E-16            16   4.50237E-10   3.14545E+00
        2590   3.10800E+02   1.20000E-01   2.18544E-01   7.78115E-05   6.04057E-05   0.00000E+00   6.04124E-03   1.00000E+00   0.00000E+00   3.87578E+00   1.95826E-16            16   4.48804E-10   3.14544E+00
        2591   3.10920E+02   1.20000E-01   2.18544E-01   7.81091E-05   6.11570E-05   0.00000E+00   6.02855E-03   1.00000E+00   0.00000E+00   3.87578E+00   1.98237E-16            16   4.47394E-10   3.14543E+00
        2592   3.11040E+02   1.20000E-01   2.18544E-01   7.84042E-05   6.19051E-05   0.00000E+00   6.01574E-03   1.00000E+00   0.00000E+00   3.87578E+00   2.00621E-16            16   4.46010E-10   3.14543E+00
        2593   3.11160E+02   1.20000E-01   2.18544E-01   7.86965E-05   6.26499E-05   0.00000E+00   6.00279E-03   1.00000E+00   0.00000E+00   3.87578E+00   2.02951E-16            16   4.44651E-10   3.14542E+00
        2594   3.11280E+02   1.20000E-01   2.18544E-01   7.89863E-05   6.33915E-05   0.00000E+00   5.98973E-03   1.00000E+00   0.00000E+00   3.87578E+00   2.05287E-16            16   4.43317E-10   3.14542E+00
        2595   3.11400E+02   1.20000E-01   2.18544E-01   7.92734E-05   6.41297E-05   0.00000E+00   5.97653E-03   1.00000E+00   0.00000E+00   3.87578E+00   2.07562E-16            16   4.42009E-10   3.14541E+00
        2596   3.11520E+02   1.20000E-01   2.18544E-01   7.95578E-05   6.48646E-05   0.00000E+00   5.96322E-03   1.00000E+00   0.00000E+00   3.87578E+00   2.09861E-16            16   4.40728E-10   3.14541E+00
        2597   3.11640E+02   1.20000E-01   2.18544E-01   7.98396E-05   6.55962E-05   0.00000E+00   5.94978E-03   1.00000E+00   0.00000E+00   3.87578E+00   2.12112E-16            16   4.39475E-10   3.14540E+00
        2598   3.11760E+02   1.20000E-01   2.18544E-01   8.01188E-05   6.63244E-05   0.00000E+00   5.93622E-03   1.00000E+00   0.00000E+00   3.87578E+00   2.14338E-16            16   4.38272E-10   3.14539E+00
        2599   3.11880E+02   1.20000E-01   2.18544E-01   8.03953E-05   6.70493E-05   0.00000E+00   5.92254E-03   1.00000E+00   0.00000E+00   3.87578E+00   2.16556E-16            16   4.37018E-10   3.14539E+00
        2600   3.12000E+02   1.20000E-01   2.18544E-01   8.06691E-05   6.77709E-05   0.00000E+00   5.90874E-03   1.00000E+00   0.00000E+00   3.87578E+00   2.18977E-16            16   4.35854E-10   3.14538E+00
        2601   3.12120E+02   1.20000E-01   2.18544E-01   8.09403E-05   6.84890E-05   0.00000E+00   5.89481E-03   1.00000E+00   0.00000E+00   3.87578E+00   2.21055E-16            16   4.34657E-10   3.14537E+00
        2602   3.12240E+02   1.20000E-01   2.18544E-01   8.12089E-05   6.92038E-05   0.00000E+00   5.88079E-03   1.00000E+00   0.00000E+00   3.87578E+00   2.40354E-16            16   4.73896E-10   3.14537E+00
        2603   3.12360E+02   1.20000E-01   2.18544E-01   8.14748E-05   6.99152E-05   0.00000E+00   5.86663E-03   1.00000E+00   0.00000E+00   3.87578E+00   2.25042E-16            16   4.30980E-10   3.14536E+00
        2604   3.12480E+02   1.20000E-01   2.18544E-01   8.17380E-05   7.06232E-05   0.00000E+00   5.85235E-03   1.00000E+00   0.00000E+00   3.87578E+00   2.27825E-16            16   4.31059E-10   3.14535E+00
        2605   3.12600E+02   1.20000E-01   2.18544E-01   8.19986E-05   7.13277E-05   0.00000E+00   5.83797E-03   1.00000E+00   0.00000E+00   3.87578E+00   2.14005E-16            16   4.12225E-10   3.14535E+00
        2606   3.12720E+02   1.20000E-01   2.18544E-01   8.22565E-05   7.20289E-05   0.00000E+00   5.82345E-03   1.00000E+00   0.00000E+00   3.87578E+00   2.34141E-16            16   4.30847E-10   3.14534E+00
        2607   3.12840E+02   1.20000E-01   2.18544E-01   8.25117E-05   7.27266E-05   0.00000E+00   5.80882E-03   1.00000E+00   0.00000E+00   3.87578E+00   2.35064E-16            16   4.28252E-10   3.14533E+00
        2608   3.12960E+02   1.20000E-01   2.18544E-01   8.27643E-05   7.34209E-05   0.00000E+00   5.79407E-03   1.00000E+00   0.00000E+00   3.87578E+00   2.37082E-16            16   4.27366E-10   3.14533E+00
        2609   3.13080E+02   1.20000E-01   2.18544E-01   8.30143E-05   7.41117E-05   0.00000E+00   5.77920E-03   1.00000E+00   0.00000E+00   3.87578E+00   2.38778E-16            16   4.26286E-10   3.14532E+00
        2610   3.13200E+02   1.20000E-01   2.18544E-01   8.32615E-05   7.47991E-05   0.00000E+00   5.76422E-03   1.00000E+00   0.00000E+00   3.87578E+00   2.41016E-16            16   4.25291E-10   3.14531E+00
        2611   3.13320E+02   1.20000E-01   2.18544E-01   8.35062E-05   7.54831E-05   0.00000E+00   5.74912E-03   1.00000E+00   0.00000E+00   3.87578E+00   2.42954E-16            16   4.24322E-10   3.14531E+00
        2612   3.13440E+02   1.20000E-01   2.18544E-01   8.37481E-05   7.61636E-05   0.00000E+00   5.73391E-03   1.00000E+00   0.00000E+00   3.87578E+00   2.44835E-16            16   4.23373E-10   3.14530E+00
        2613   3.13560E+02   1.20000E-01   2.18544E-01   8.39874E-05   7.68406E-05   0.00000E+00   5.71859E-03   1.00000E+00   0.00000E+00   3.87578E+00   2.46713E-16            16   4.22438E-10   3.14529E+00
        2614   3.13680E+02   1.20000E-01   2.18544E-01   8.42241E-05   7.75141E-05   0.00000E+00   5.70316E-03   1.00000E+00   0.00000E+00   3.87578E+00   2.48579E-16            16   4.21519E-10   3.14528E+00
        2615   3.13800E+02   1.20000E-01   2.18544E-01   8.44580E-05   7.81841E-05   0.00000E+00   5.68761E-03   1.00000E+00   0.00000E+00   3.87578E+00   2.50429E-16            16   4.20616E-10   3.14528E+00
        2616   3.13920E+02   1.20000E-01   2.18544E-01   8.46893E-05   7.88506E-05   0.00000E+00   5.67195E-03   1.00000E+00   0.00000E+00   3.87578E+00   2.52329E-16            16   4.19732E-10   3.14527E+00
        2617   3.14040E+02   1.20000E-01   2.18544E-01   8.49180E-05   7.95136E-05   0.00000E+00   5.65619E-03   1.00000E+00   0.00000E+00   3.87578E+00   2.54177E-16            16   4.18865E-10   3.14526E+00
        2618   3.14160E+02   1.20000E-01   2.18544E-01   8.51440E-05   8.01730E-05   0.00000E+00   5.64031E-03   1.00000E+00   0.00000E+00   3.87578E+00   2.56036E-16            16   4.18015E-10   3.14525E+00
        2619   3.14280E+02   1.20000E-01   2.18544E-01   8.53673E-05   8.08290E-05   0.00000E+00   5.62432E-03   1.00000E+00   0.00000E+00   3.87578E+00   2.57869E-16            16   4.17181E-10   3.14524E+00
        2620   3.14400E+02   1.20000E-01   2.18544E-01   8.55880E-05   8.14813E-05   0.00000E+00   5.60822E-03   1.00000E+00   0.00000E+00   3.87578E+00   2.59701E-16            16   4.16363E-10   3.14524E+00
        2621   3.14520E+02   1.20000E-01   2.18544E-01   8.58060E-05   8.21302E-05   0.00000E+00   5.59202E-03   1.00000E+00   0.00000E+00   3.87578E+00   2.61572E-16            16   4.15560E-10   3.14523E+00
        2622   3.14640E+02   1.20000E-01   2.18544E-01   8.60213E-05   8.27754E-05   0.00000E+00   5.57571E-03   1.00000E+00   0.00000E+00   3.87578E+00   2.63400E-16            16   4.14772E-10   3.14522E+00
        2623   3.14760E+02   1.20000E-01   2.18544E-01   8.62340E-05   8.34171E-05   0.00000E+00   5.55929E-03   1.00000E+00   0.00000E+00   3.87578E+00   2.65223E-16            16   4.13999E-10   3.14521E+00
        2624   3.14880E+02   1.20000E-01   2.18544E-01   8.64441E-05   8.40552E-05   0.00000E+00   5.54277E-03   1.00000E+00   0.00000E+00   3.87578E+00   2.67066E-16            16   4.13241E-10   3.14520E+00
        2625   3.15000E+02   1.20000E-01   2.18544E-01   8.66514E-05   8.46897E-05   0.00000E+00   5.52614E-03   1.00000E+00   0.00000E+00   3.87578E+00   2.68855E-16            16   4.12497E-10   3.14520E+00
        2626   3.15120E+02   1.20000E-01   2.18544E-01   8.68561E-05   8.53206E-05   0.00000E+00   5.50941E-03   1.00000E+00   0.00000E+00   3.87578E+00   2.70678E-16            16   4.11766E-10   3.14519E+00
        2627   3.15240E+02   1.20000E-01   2.18544E-01   8.70582E-05   8.59478E-05   0.00000E+00   5.49257E-03   1.00000E+00   0.00000E+00   3.87578E+00   2.72523E-16            16   4.11050E-10   3.14518E+00
        2628   3.15360E+02   1.20000E-01   2.18544E-01   8.72576E-05   8.65715E-05   0.00000E+00   5.47563E-03   1.00000E+00   0.00000E+00   3.87578E+00   2.74307E-16            16   4.10346E-10   3.14517E+00
        2629   3.15480E+02   1.20000E-01   2.18544E-01   8.74543E-05   8.71915E-05   0.00000E+00   5.45858E-03   1.00000E+00   0.00000E+00   3.87578E+00   2.76112E-16            16   4.09656E-10   3.14516E+00
        2630   3.15600E+02   1.20000E-01   2.18544E-01   8.76484E-05   8.78079E-05   0.00000E+00   5.44144E-03   1.00000E+00   0.00000E+00   3.87578E+00   2.77920E-16            16   4.08978E-10   3.14515E+00
        2631   3.15720E+02   1.20000E-01   2.18544E-01   8.78398E-05   8.84206E-05   0.00000E+00   5.42419E-03   1.00000E+00   0.00000E+00   3.87578E+00   2.79723E-16            16   4.08312E-10   3.14514E+00
        2632   3.15840E+02   1.20000E-01   2.18544E-01   8.80285E-05   8.90297E-05   0.00000E+00   5.40684E-03   1.00000E+00   0.00000E+00   3.87578E+00   2.81505E-16            16   4.07659E-10   3.14513E+00
        2633   3.15960E+02   1.20000E-01   2.18544E-01   8.82146E-05   8.96351E-05   0.00000E+00   5.38939E-03   1.00000E+00   0.00000E+00   3.87578E+00   2.83290E-16            16   4.07017E-10   3.14513E+00
        2634   3.16080E+02   1.20000E-01   2.18544E-01   8.83981E-05   9.02369E-05   0.00000E+00   5.37184E-03   1.00000E+00   0.00000E+00   3.87578E+00   2.85089E-16            16   4.06386E-10   3.14512E+00
        2635   3.16200E+02   1.20000E-01   2.18544E-01   8.85789E-05   9.08349E-05   0.00000E+00   5.35420E-03   1.00000E+00   0.00000E+00   3.87578E+00   2.86868E-16            16   4.05767E-10   3.14511E+00
        2636   3.16320E+02   1.20000E-01   2.18544E-01   8.87570E-05   9.14293E-05   0.00000E+00   5.33645E-03   1.00000E+00   0.00000E+00   3.87578E+00   2.88629E-16            16   4.05159E-10   3.14510E+00
        2637   3.16440E+02   1.20000E-01   2.18544E-01   8.89325E-05   9.20200E-05   0.00000E+00   5.31861E-03   1.00000E+00   0.00000E+00   3.87578E+00   2.90396E-16            16   4.04562E-10   3.14509E+00
        2638   3.16560E+02   1.20000E-01   2.18544E-01   8.91054E-05   9.26070E-05   0.00000E+00   5.30067E-03   1.00000E+00   0.00000E+00   3.87578E+00   2.92156E-16            16   4.03975E-10   3.14508E+00
        2639   3.16680E+02   1.20000E-01   2.18544E-01   8.92755E-05   9.31902E-05   0.00000E+00   5.28264E-03   1.00000E+00   0.00000E+00   3.87578E+00   2.93910E-16            16   4.03399E-10   3.14507E+00
        2640   3.16800E+02   1.20000E-01   2.18544E-01   8.94431E-05   9.37698E-05   0.00000E+00   5.26451E-03   1.00000E+00   0.00000E+00   3.87578E+00   2.95646E-16            16   4.02832E-10   3.14506E+00
        2641   3.16920E+02   1.20000E-01   2.18544E-01   8.96080E-05   9.43456E-05   0.00000E+00   5.24628E-03   1.00000E+00   0.00000E+00   3.87578E+00   2.97405E-16            16   4.02276E-10   3.14505E+00
        2642   3.17040E+02   1.20000E-01   2.18544E-01   8.97703E-05   9.49177E-05   0.00000E+00   5.22796E-03   1.00000E+00   0.00000E+00   3.87578E+00   2.99122E-16            16   4.01728E-10   3.14504E+00
        2643   3.17160E+02   1.20000E-01   2.18544E-01   8.99299E-05   9.54861E-05   0.00000E+00   5.20955E-03   1.00000E+00   0.00000E+00   3.87578E+00   3.00867E-16            16   4.01191E-10   3.14503E+00
        2644   3.17280E+02   1.20000E-01   2.18544E-01   9.00868E-05   9.60507E-05   0.00000E+00   5.19104E-03   1.00000E+00   0.00000E+00   3.87578E+00   3.02564E-16            16   4.00662E-10   3.14502E+00
        2645   3.17400E+02   1.20000E-01   2.18544E-01   9.02412E-05   9.66116E-05   0.00000E+00   5.17244E-03   1.00000E+00   0.00000E+00   3.87578E+00   3.04254E-16            16   4.00143E-10   3.14501E+00
        2646   3.17520E+02   1.20000E-01   2.18544E-01   9.03929E-05   9.71687E-05   0.00000E+00   5.15375E-03   1.00000E+00   0.00000E+00   3.87578E+00   3.05964E-16            16   3.99632E-10   3.14500E+00
        2647   3.17640E+02   1.20000E-01   2.18544E-01   9.05419E-05   9.77221E-05   0.00000E+00   5.13497E-03   1.00000E+00   0.00000E+00   3.87578E+00   3.07629E-16            16   3.99130E-10   3.14499E+00
        2648   3.17760E+02   1.20000E-01   2.18544E-01   9.06884E-05   9.82717E-05   0.00000E+00   5.11610E-03   1.00000E+00   0.00000E+00   3.87578E+00   3.09296E-16            16   3.98636E-10   3.14498E+00
        2649   3.17880E+02   1.20000E-01   2.18544E-01   9.08322E-05   9.88175E-05   0.00000E+00   5.09714E-03   1.00000E+00   0.00000E+00   3.87578E+00   3.10952E-16            16   3.98151E-10   3.14497E+00
        2650   3.18000E+02   1.20000E-01   2.18544E-01   9.09733E-05   9.93596E-05   0.00000E+00   5.07809E-03   1.00000E+00   0.00000E+00   3.87578E+00   3.12611E-16            16   3.97674E-10   3.14496E+00
        2651   3.18120E+02   1.20000E-01   2.18544E-01   9.11119E-05   9.98978E-05   0.00000E+00   5.05895E-03   1.00000E+00   0.00000E+00   3.87578E+00   3.14276E-16            16   3.97205E-10   3.14495E+00
        2652   3.18240E+02   1.20000E-01   2.18544E-01   9.12478E-05   1.00432E-04   0.00000E+00   5.03973E-03   1.00000E+00   0.00000E+00   3.87578E+00   3.15890E-16            16   3.96744E-10   3.14494E+00
        2653   3.18360E+02   1.20000E-01   2.18544E-01   9.13811E-05   1.00963E-04   0.00000E+00   5.02041E-03   1.00000E+00   0.00000E+00   3.87578E+00   3.17497E-16            16   3.96290E-10   3.14493E+00
        2654   3.18480E+02   1.20000E-01   2.18544E-01   9.15118E-05   1.01490E-04   0.00000E+00   5.00101E-03   1.00000E+00   0.00000E+00   3.87578E+00   3.19085E-16            16   3.95844E-10   3.14492E+00
        2655   3.18600E+02   1.20000E-01   2.18544E-01   9.16398E-05   1.02013E-04   0.00000E+00   4.98153E-03   1.00000E+00   0.00000E+00   3.87578E+00   3.20685E-16            16   3.95406E-10   3.14491E+00
        2656   3.18720E+02   1.20000E-01   2.18544E-01   9.17652E-05   1.02532E-04   0.00000E+00   4.96196E-03   1.00000E+00   0.00000E+00   3.87578E+00   3.22254E-16            16   3.94974E-10   3.14490E+00
        2657   3.18840E+02   1.20000E-01   2.18544E-01   9.18881E-05   1.03048E-04   0.00000E+00   4.94231E-03   1.00000E+00   0.00000E+00   3.87578E+00   3.23850E-16            16   3.94550E-10   3.14489E+00
        2658   3.18960E+02   1.20000E-01   2.18544E-01   9.20083E-05   1.03560E-04   0.00000E+00   4.92257E-03   1.00000E+00   0.00000E+00   3.87578E+00   3.25398E-16            16   3.94133E-10   3.14488E+00
        2659   3.19080E+02   1.20000E-01   2.18544E-01   9.21259E-05   1.04067E-04   0.00000E+00   4.90275E-03   1.00000E+00   0.00000E+00   3.87578E+00   3.26927E-16            16   3.93722E-10   3.14487E+00
        2660   3.19200E+02   1.20000E-01   2.18544E-01   9.22409E-05   1.04571E-04   0.00000E+00   4.88285E-03   1.00000E+00   0.00000E+00   3.87578E+00   3.28451E-16            16   3.93318E-10   3.14486E+00
        2661   3.19320E+02   1.20000E-01   2.18544E-01   9.23533E-05   1.05072E-04   0.00000E+00   4.86287E-03   1.00000E+00   0.00000E+00   3.87578E+00   3.29983E-16            16   3.92921E-10   3.14485E+00
        2662   3.19440E+02   1.20000E-01   2.18544E-01   9.24631E-05   1.05568E-04   0.00000E+00   4.84280E-03   1.00000E+00   0.00000E+00   3.87578E+00   3.31485E-16            16   3.92530E-10   3.14484E+00
        2663   3.19560E+02   1.20000E-01   2.18544E-01   9.25703E-05   1.06061E-04   0.00000E+00   4.82266E-03   1.00000E+00   0.00000E+00   3.87578E+00   3.33020E-16            16   3.92145E-10   3.14483E+00
        2664   3.19680E+02   1.20000E-01   2.18544E-01   9.26750E-05   1.06549E-04   0.00000E+00   4.80243E-03   1.00000E+00   0.00000E+00   3.87578E+00   3.34466E-16            16   3.91767E-10   3.14482E+00
        2665   3.19800E+02   1.20000E-01   2.18544E-01   9.27770E-05   1.07034E-04   0.00000E+00   4.78213E-03   1.00000E+00   0.00000E+00   3.87578E+00   3.35945E-16            16   3.91395E-10   3.14480E+00
        2666   3.19920E+02   1.20000E-01   2.18544E-01   9.28764E-05   1.07515E-04   0.00000E+00   4.76175E-03   1.00000E+00   0.00000E+00   3.87578E+00   3.37399E-16            16   3.91028E-10   3.14479E+00
        2667   3.20040E+02   1.20000E-01   2.18544E-01   9.29733E-05   1.07992E-04   0.00000E+00   4.74129E-03   1.00000E+00   0.00000E+00   3.87578E+00   3.38831E-16            16   3.90668E-10   3.14478E+00
        2668   3.20160E+02   1.20000E-01   2.18544E-01   9.30676E-05   1.08466E-04   0.00000E+00   4.72076E-03   1.00000E+00   0.00000E+00   3.87578E+00   3.40256E-16            16   3.90313E-10   3.14477E+00
        2669   3.20280E+02   1.20000E-01   2.18544E-01   9.31593E-05   1.08935E-04   0.00000E+00   4.70015E-03   1.00000E+00   0.00000E+00   3.87578E+00   3.41696E-16            16   3.89963E-10   3.14476E+00
        2670   3.20400E+02   1.20000E-01   2.18544E-01   9.32484E-05   1.09401E-04   0.00000E+00   4.67946E-03   1.00000E+00   0.00000E+00   3.87578E+00   3.43091E-16            16   3.89619E-10   3.14475E+00
        2671   3.20520E+02   1.20000E-01   2.18544E-01   9.33349E-05   1.09862E-04   0.00000E+00   4.65870E-03   1.00000E+00   0.00000E+00   3.87578E+00   3.44496E-16            16   3.89281E-10   3.14474E+00
        2672   3.20640E+02   1.20000E-01   2.18544E-01   9.34189E-05   1.10320E-04   0.00000E+00   4.63786E-03   1.00000E+00   0.00000E+00   3.87578E+00   3.45884E-16            16   3.88947E-10   3.14473E+00
        2673   3.20760E+02   1.20000E-01   2.18544E-01   9.35004E-05   1.10774E-04   0.00000E+00   4.61696E-03   1.00000E+00   0.00000E+00   3.87578E+00   3.47257E-16            16   3.88619E-10   3.14471E+00
        2674   3.20880E+02   1.20000E-01   2.18544E-01   9.35792E-05   1.11224E-04   0.00000E+00   4.59597E-03   1.00000E+00   0.00000E+00   3.87578E+00   3.48627E-16            16   3.88296E-10   3.14470E+00
        2675   3.21000E+02   1.20000E-01   2.18544E-01   9.36555E-05   1.11671E-04   0.00000E+00   4.57492E-03   1.00000E+00   0.00000E+00   3.87578E+00   3.49971E-16            16   3.87978E-10   3.14469E+00
        2676   3.21120E+02   1.20000E-01   2.18544E-01   9.37293E-05   1.12113E-04   0.00000E+00   4.55380E-03   1.00000E+00   0.00000E+00   3.87578E+00   3.51299E-16            16   3.87664E-10   3.14468E+00
        2677   3.21240E+02   1.20000E-01   2.18544E-01   9.38005E-05   1.12551E-04   0.00000E+00   4.53260E-03   1.00000E+00   0.00000E+00   3.87578E+00   3.52612E-16            16   3.87356E-10   3.14467E+00
        2678   3.21360E+02   1.20000E-01   2.18544E-01   9.38692E-05   1.12986E-04   0.00000E+00   4.51134E-03   1.00000E+00   0.00000E+00   3.87578E+00   3.53943E-16            16   3.87052E-10   3.14466E+00
        2679   3.21480E+02   1.20000E-01   2.18544E-01   9.39353E-05   1.13417E-04   0.00000E+00   4.49000E-03   1.00000E+00   0.00000E+00   3.87578E+00   3.55231E-16            16   3.86753E-10   3.14464E+00
        2680   3.21600E+02   1.20000E-01   2.18544E-01   9.39989E-05   1.13844E-04   0.00000E+00   4.46860E-03   1.00000E+00   0.00000E+00   3.87578E+00   3.56493E-16            16   3.86458E-10   3.14463E+00
        2681   3.21720E+02   1.20000E-01   2.18544E-01   9.40599E-05   1.14266E-04   0.00000E+00   4.44713E-03   1.00000E+00   0.00000E+00   3.87578E+00   3.57770E-16            16   3.86167E-10   3.14462E+00
        2682   3.21840E+02   1.20000E-01   2.18544E-01   9.41184E-05   1.14685E-04   0.00000E+00   4.42559E-03   1.00000E+00   0.00000E+00   3.87578E+00   3.59035E-16            16   3.85881E-10   3.14461E+00
        2683   3.21960E+02   1.20000E-01   2.18544E-01   9.41744E-05   1.15101E-04   0.00000E+00   4.40399E-03   1.00000E+00   0.00000E+00   3.87578E+00   3.60279E-16            16   3.85599E-10   3.14460E+00
        2684   3.22080E+02   1.20000E-01   2.18544E-01   9.42279E-05   1.15512E-04   0.00000E+00   4.38232E-03   1.00000E+00   0.00000E+00   3.87578E+00   3.61514E-16            16   3.85321E-10   3.14458E+00
        2685   3.22200E+02   1.20000E-01   2.18544E-01   9.42788E-05   1.15919E-04   0.00000E+00   4.36059E-03   1.00000E+00   0.00000E+00   3.87578E+00   3.62731E-16            16   3.85048E-10   3.14457E+00
        2686   3.22320E+02   1.20000E-01   2.18544E-01   9.43273E-05   1.16323E-04   0.00000E+00   4.33879E-03   1.00000E+00   0.00000E+00   3.87578E+00   3.63965E-16            16   3.84778E-10   3.14456E+00
        2687   3.22440E+02   1.20000E-01   2.18544E-01   9.43732E-05   1.16722E-04   0.00000E+00   4.31693E-03   1.00000E+00   0.00000E+00   3.87578E+00   3.65135E-16            16   3.84513E-10   3.14455E+00
        2688   3.22560E+02   1.20000E-01   2.18544E-01   9.44166E-05   1.17118E-04   0.00000E+00   4.29500E-03   1.00000E+00   0.00000E+00   3.87578E+00   3.66322E-16            16   3.84251E-10   3.14454E+00
        2689   3.22680E+02   1.20000E-01   2.18544E-01   9.44576E-05   1.17510E-04   0.00000E+00   4.27301E-03   1.00000E+00   0.00000E+00   3.87578E+00   3.67489E-16            16   3.83993E-10   3.14452E+00
        2690   3.22800E+02   1.20000E-01   2.18544E-01   9.44960E-05   1.17897E-04   0.00000E+00   4.25097E-03   1.00000E+00   0.00000E+00   3.87578E+00   3.68649E-16            16   3.83739E-10   3.14451E+00
        2691   3.22920E+02   1.20000E-01   2.18544E-01   9.45319E-05   1.18281E-04   0.00000E+00   4.22886E-03   1.00000E+00   0.00000E+00   3.87578E+00   3.69776E-16            16   3.83488E-10   3.14450E+00
        2692   3.23040E+02   1.20000E-01   2.18544E-01   9.45654E-05   1.18661E-04   0.00000E+00   4.20669E-03   1.00000E+00   0.00000E+00   3.87578E+00   3.70891E-16            16   3.83241E-10   3.14449E+00
        2693   3.23160E+02   1.20000E-01   2.18544E-01   9.45963E-05   1.19037E-04   0.00000E+00   4.18446E-03   1.00000E+00   0.00000E+00   3.87578E+00   3.71995E-16            16   3.82998E-10   3.14447E+00
        2694   3.23280E+02   1.20000E-01   2.18544E-01   9.46248E-05   1.19410E-04   0.00000E+00   4.16217E-03   1.00000E+00   0.00000E+00   3.87578E+00   3.73089E-16            16   3.82758E-10   3.14446E+00
        2695   3.23400E+02   1.20000E-01   2.18544E-01   9.46509E-05   1.19778E-04   0.00000E+00   4.13982E-03   1.00000E+00   0.00000E+00   3.87578E+00   3.74181E-16            16   3.82521E-10   3.14445E+00
        2696   3.23520E+02   1.20000E-01   2.18544E-01   9.46744E-05   1.20142E-04   0.00000E+00   4.11742E-03   1.00000E+00   0.00000E+00   3.87578E+00   3.75248E-16            16   3.82289E-10   3.14444E+00
        2697   3.23640E+02   1.20000E-01   2.18544E-01   9.46955E-05   1.20503E-04   0.00000E+00   4.09496E-03   1.00000E+00   0.00000E+00   3.87578E+00   3.76146E-16            16   3.82036E-10   3.14442E+00
        2698   3.23760E+02   1.20000E-01   2.18544E-01   9.47141E-05   1.20859E-04   0.00000E+00   4.07245E-03   1.00000E+00   0.00000E+00   3.87578E+00   3.77993E-16            16   3.81855E-10   3.14441E+00
        2699   3.23880E+02   1.20000E-01   2.18544E-01   9.47303E-05   1.21212E-04   0.00000E+00   4.04988E-03   1.00000E+00   0.00000E+00   3.87578E+00   3.78043E-16            16   3.81585E-10   3.14440E+00
        2700   3.24000E+02   1.20000E-01   2.18544E-01   9.48159E-05   1.21561E-04   0.00000E+00   4.02725E-03   1.00000E+00   0.00000E+00   3.87578E+00   3.79874E-16            16   3.81410E-10   3.14439E+00
        2701   3.24120E+02   1.20000E-01   2.18544E-01   9.49249E-05   1.21905E-04   0.00000E+00   4.00457E-03   1.00000E+00   0.00000E+00   3.87578E+00   3.79967E-16            16   3.81151E-10   3.14437E+00
        2702   3.24240E+02   1.20000E-01   2.18544E-01   9.50312E-05   1.22246E-04   0.00000E+00   3.98184E-03   1.00000E+00   0.00000E+00   3.87578E+00   3.81769E-16            16   3.80981E-10   3.14436E+00
        2703   3.24360E+02   1.20000E-01   2.18544E-01   9.51349E-05   1.22583E-04   0.00000E+00   3.95905E-03   1.00000E+00   0.00000E+00   3.87578E+00   3.81865E-16            16   3.80730E-10   3.14435E+00
        2704   3.24480E+02   1.20000E-01   2.18544E-01   9.52359E-05   1.22916E-04   0.00000E+00   3.93622E-03   1.00000E+00   0.00000E+00   3.87578E+00   3.83540E-16            16   3.80549E-10   3.14433E+00
        2705   3.24600E+02   1.20000E-01   2.18544E-01   9.53342E-05   1.23245E-04   0.00000E+00   3.91333E-03   1.00000E+00   0.00000E+00   3.87578E+00   3.83693E-16            16   3.80314E-10   3.14432E+00
        2706   3.24720E+02   1.20000E-01   2.18544E-01   9.54299E-05   1.23571E-04   0.00000E+00   3.89039E-03   1.00000E+00   0.00000E+00   3.87578E+00   3.85268E-16            16   3.80129E-10   3.14431E+00
        2707   3.24840E+02   1.20000E-01   2.18544E-01   9.55229E-05   1.23892E-04   0.00000E+00   3.86740E-03   1.00000E+00   0.00000E+00   3.87578E+00   3.86136E-16            16   3.79934E-10   3.14429E+00
        2708   3.24960E+02   1.20000E-01   2.18544E-01   9.56133E-05   1.24209E-04   0.00000E+00   3.84437E-03   1.00000E+00   0.00000E+00   3.87578E+00   3.86954E-16            16   3.79738E-10   3.14428E+00
        2709   3.25080E+02   1.20000E-01   2.18544E-01   9.57011E-05   1.24523E-04   0.00000E+00   3.82128E-03   1.00000E+00   0.00000E+00   3.87578E+00   3.87744E-16            16   3.79544E-10   3.14427E+00
        2710   3.25200E+02   1.20000E-01   2.18544E-01   9.57862E-05   1.24832E-04   0.00000E+00   3.79815E-03   1.00000E+00   0.00000E+00   3.87578E+00   3.88540E-16            16   3.79354E-10   3.14425E+00
        2711   3.25320E+02   1.20000E-01   2.18544E-01   9.58687E-05   1.25138E-04   0.00000E+00   3.77497E-03   1.00000E+00   0.00000E+00   3.87578E+00   3.89346E-16            16   3.79166E-10   3.14424E+00
        2712   3.25440E+02   1.20000E-01   2.18544E-01   9.59485E-05   1.25440E-04   0.00000E+00   3.75174E-03   1.00000E+00   0.00000E+00   3.87578E+00   3.90156E-16            16   3.78981E-10   3.14423E+00
        2713   3.25560E+02   1.20000E-01   2.18544E-01   9.60258E-05   1.25738E-04   0.00000E+00   3.72847E-03   1.00000E+00   0.00000E+00   3.87578E+00   3.90939E-16            16   3.78795E-10   3.14421E+00
        2714   3.25680E+02   1.20000E-01   2.18544E-01   9.61004E-05   1.26032E-04   0.00000E+00   3.70516E-03   1.00000E+00   0.00000E+00   3.87578E+00   3.91710E-16            16   3.78632E-10   3.14420E+00
        2715   3.25800E+02   1.20000E-01   2.18544E-01   9.61723E-05   1.26322E-04   0.00000E+00   3.68180E-03   1.00000E+00   0.00000E+00   3.87578E+00   3.92327E-16            16   3.78428E-10   3.14419E+00
        2716   3.25920E+02   1.20000E-01   2.18544E-01   9.62417E-05   1.26608E-04   0.00000E+00   3.65839E-03   1.00000E+00   0.00000E+00   3.87578E+00   3.93218E-16            16   3.78266E-10   3.14417E+00
        2717   3.26040E+02   1.20000E-01   2.18544E-01   9.63084E-05   1.26890E-04   0.00000E+00   3.63495E-03   1.00000E+00   0.00000E+00   3.87578E+00   3.93984E-16            16   3.78092E-10   3.14416E+00
        2718   3.26160E+02   1.20000E-01   2.18544E-01   9.63726E-05   1.27168E-04   0.00000E+00   3.61146E-03   1.00000E+00   0.00000E+00   3.87578E+00   3.94643E-16            16   3.77903E-10   3.14415E+00
        2719   3.26280E+02   1.20000E-01   2.18544E-01   9.64341E-05   1.27443E-04   0.00000E+00   3.58793E-03   1.00000E+00   0.00000E+00   3.87578E+00   3.95457E-16            16   3.77746E-10   3.14413E+00
        2720   3.26400E+02   1.20000E-01   2.18544E-01   9.64930E-05   1.27713E-04   0.00000E+00   3.56436E-03   1.00000E+00   0.00000E+00   3.87578E+00   3.96119E-16            16   3.77572E-10   3.14412E+00
        2721   3.26520E+02   1.20000E-01   2.18544E-01   9.65494E-05   1.27980E-04   0.00000E+00   3.54075E-03   1.00000E+00   0.00000E+00   3.87578E+00   3.96800E-16            16   3.77401E-10   3.14411E+00
        2722   3.26640E+02   1.20000E-01   2.18544E-01   9.66031E-05   1.28242E-04   0.00000E+00   3.51710E-03   1.00000E+00   0.00000E+00   3.87578E+00   3.97456E-16            16   3.77247E-10   3.14409E+00
        2723   3.26760E+02   1.20000E-01   2.18544E-01   9.66543E-05   1.28501E-04   0.00000E+00   3.49342E-03   1.00000E+00   0.00000E+00   3.87578E+00   3.98084E-16            16   3.77066E-10   3.14408E+00
        2724   3.26880E+02   1.20000E-01   2.18544E-01   9.67029E-05   1.28756E-04   0.00000E+00   3.46969E-03   1.00000E+00   0.00000E+00   3.87578E+00   3.98690E-16            16   3.76915E-10   3.14407E+00
        2725   3.27000E+02   1.20000E-01   2.18544E-01   9.67489E-05   1.29007E-04   0.00000E+00   3.44593E-03   1.00000E+00   0.00000E+00   3.87578E+00   3.99487E-16            16   3.76746E-10   3.14405E+00
        2726   3.27120E+02   1.20000E-01   2.18544E-01   9.67923E-05   1.29254E-04   0.00000E+00   3.42213E-03   1.00000E+00   0.00000E+00   3.87578E+00   3.99857E-16            16   3.76599E-10   3.14404E+00
        2727   3.27240E+02   1.20000E-01   2.18544E-01   9.68331E-05   1.29497E-04   0.00000E+00   3.39829E-03   1.00000E+00   0.00000E+00   3.87578E+00   4.00620E-16            16   3.76425E-10   3.14402E+00
        2728   3.27360E+02   1.20000E-01   2.18544E-01   9.68714E-05   1.29737E-04   0.00000E+00   3.37442E-03   1.00000E+00   0.00000E+00   3.87578E+00   4.01021E-16            16   3.76278E-10   3.14401E+00
        2729   3.27480E+02   1.20000E-01   2.18544E-01   9.69071E-05   1.29972E-04   0.00000E+00   3.35052E-03   1.00000E+00   0.00000E+00   3.87578E+00   4.01746E-16            16   3.76109E-10   3.14400E+00
        2730   3.27600E+02   1.20000E-01   2.18544E-01   9.69403E-05   1.30204E-04   0.00000E+00   3.32658E-03   1.00000E+00   0.00000E+00   3.87578E+00   4.02098E-16            16   3.75966E-10   3.14398E+00
        2731   3.27720E+02   1.20000E-01   2.18544E-01   9.69709E-05   1.30432E-04   0.00000E+00   3.30261E-03   1.00000E+00   0.00000E+00   3.87578E+00   4.02789E-16            16   3.75798E-10   3.14397E+00
        2732   3.27840E+02   1.20000E-01   2.18544E-01   9.69990E-05   1.30655E-04   0.00000E+00   3.27861E-03   1.00000E+00   0.00000E+00   3.87578E+00   4.03045E-16            16   3.75658E-10   3.14395E+00
        2733   3.27960E+02   1.20000E-01   2.18544E-01   9.70245E-05   1.30875E-04   0.00000E+00   3.25458E-03   1.00000E+00   0.00000E+00   3.87578E+00   4.03625E-16            16   3.75488E-10   3.14394E+00
        2734   3.28080E+02   1.20000E-01   2.18544E-01   9.70475E-05   1.31091E-04   0.00000E+00   3.23051E-03   1.00000E+00   0.00000E+00   3.87578E+00   4.03874E-16            16   3.75355E-10   3.14393E+00
        2735   3.28200E+02   1.20000E-01   2.18544E-01   9.70680E-05   1.31304E-04   0.00000E+00   3.20642E-03   1.00000E+00   0.00000E+00   3.87578E+00   4.04466E-16            16   3.75190E-10   3.14391E+00
        2736   3.28320E+02   1.20000E-01   2.18544E-01   9.70860E-05   1.31512E-04   0.00000E+00   3.18229E-03   1.00000E+00   0.00000E+00   3.87578E+00   4.04649E-16            16   3.75054E-10   3.14390E+00
        2737   3.28440E+02   1.20000E-01   2.18544E-01   9.71014E-05   1.31717E-04   0.00000E+00   3.15814E-03   1.00000E+00   0.00000E+00   3.87578E+00   4.05231E-16            16   3.74887E-10   3.14388E+00
        2738   3.28560E+02   1.20000E-01   2.18544E-01   9.71143E-05   1.31917E-04   0.00000E+00   3.13396E-03   1.00000E+00   0.00000E+00   3.87578E+00   4.05193E-16            16   3.74767E-10   3.14387E+00
        2739   3.28680E+02   1.20000E-01   2.18544E-01   9.71247E-05   1.32114E-04   0.00000E+00   3.10974E-03   1.00000E+00   0.00000E+00   3.87578E+00   4.05389E-16            16   3.74616E-10   3.14386E+00
        2740   3.28800E+02   1.20000E-01   2.18544E-01   9.71325E-05   1.32307E-04   0.00000E+00   3.08551E-03   1.00000E+00   0.00000E+00   3.87578E+00   4.05614E-16            16   3.74462E-10   3.14384E+00
        2741   3.28920E+02   1.20000E-01   2.18544E-01   9.71379E-05   1.32496E-04   0.00000E+00   3.06125E-03   1.00000E+00   0.00000E+00   3.87578E+00   4.06025E-16            16   3.74303E-10   3.14383E+00
        2742   3.29040E+02   1.20000E-01   2.18544E-01   9.71408E-05   1.32682E-04   0.00000E+00   3.03696E-03   1.00000E+00   0.00000E+00   3.87578E+00   4.06368E-16            16   3.74148E-10   3.14381E+00
        2743   3.29160E+02   1.20000E-01   2.18544E-01   9.71412E-05   1.32863E-04   0.00000E+00   3.01265E-03   1.00000E+00   0.00000E+00   3.87578E+00   4.06673E-16            16   3.73996E-10   3.14380E+00
        2744   3.29280E+02   1.20000E-01   2.18544E-01   9.71391E-05   1.33041E-04   0.00000E+00   2.98831E-03   1.00000E+00   0.00000E+00   3.87578E+00   4.06850E-16            16   3.73854E-10   3.14378E+00
        2745   3.29400E+02   1.20000E-01   2.18544E-01   9.71346E-05   1.33215E-04   0.00000E+00   2.96395E-03   1.00000E+00   0.00000E+00   3.87578E+00   4.07128E-16            16   3.73705E-10   3.14377E+00
        2746   3.29520E+02   1.20000E-01   2.18544E-01   9.71275E-05   1.33385E-04   0.00000E+00   2.93956E-03   1.00000E+00   0.00000E+00   3.87578E+00   4.07126E-16            16   3.73558E-10   3.14376E+00
        2747   3.29640E+02   1.20000E-01   2.18544E-01   9.71180E-05   1.33551E-04   0.00000E+00   2.91516E-03   1.00000E+00   0.00000E+00   3.87578E+00   4.07339E-16            16   3.73408E-10   3.14374E+00
        2748   3.29760E+02   1.20000E-01   2.18544E-01   9.71061E-05   1.33713E-04   0.00000E+00   2.89073E-03   1.00000E+00   0.00000E+00   3.87578E+00   4.07385E-16            16   3.73262E-10   3.14373E+00
        2749   3.29880E+02   1.20000E-01   2.18544E-01   9.70917E-05   1.33872E-04   0.00000E+00   2.86628E-03   1.00000E+00   0.00000E+00   3.87578E+00   4.07468E-16            16   3.73107E-10   3.14371E+00
        2750   3.30000E+02   1.20000E-01   2.18544E-01   9.70748E-05   1.34027E-04   0.00000E+00   2.84181E-03   1.00000E+00   0.00000E+00   3.87578E+00   4.07511E-16            16   3.72961E-10   3.14370E+00
        2751   3.30120E+02   1.20000E-01   2.18544E-01   9.70555E-05   1.34177E-04   0.00000E+00   2.81732E-03   1.00000E+00   0.00000E+00   3.87578E+00   4.07504E-16            16   3.72807E-10   3.14368E+00
        2752   3.30240E+02   1.20000E-01   2.18544E-01   9.70337E-05   1.34325E-04   0.00000E+00   2.79274E-03   1.00000E+00   0.00000E+00   3.87578E+00   4.16863E-16            16   3.76237E-10   3.14367E+00
        2753   3.30360E+02   1.20000E-01   2.18544E-01   9.70095E-05   1.34468E-04   0.00000E+00   2.76822E-03   1.00000E+00   0.00000E+00   3.87578E+00   4.05087E-16            16   3.72515E-10   3.14365E+00
        2754   3.30480E+02   1.20000E-01   2.18544E-01   9.69829E-05   1.34608E-04   0.00000E+00   2.74367E-03   1.00000E+00   0.00000E+00   3.87578E+00   4.04884E-16            16   3.72402E-10   3.14364E+00
        2755   3.30600E+02   1.20000E-01   2.18544E-01   9.69539E-05   1.34743E-04   0.00000E+00   2.71911E-03   1.00000E+00   0.00000E+00   3.87578E+00   4.05398E-16            16   3.72213E-10   3.14363E+00
        2756   3.30720E+02   1.20000E-01   2.18544E-01   9.69224E-05   1.34875E-04   0.00000E+00   2.69453E-03   1.00000E+00   0.00000E+00   3.87578E+00   4.05646E-16            16   3.72048E-10   3.14361E+00
        2757   3.30840E+02   1.20000E-01   2.18544E-01   9.68885E-05   1.35004E-04   0.00000E+00   2.66994E-03   1.00000E+00   0.00000E+00   3.87578E+00   4.05500E-16            16   3.71890E-10   3.14360E+00
        2758   3.30960E+02   1.20000E-01   2.18544E-01   9.68523E-05   1.35128E-04   0.00000E+00   2.64533E-03   1.00000E+00   0.00000E+00   3.87578E+00   4.05306E-16            16   3.71741E-10   3.14358E+00
        2759   3.31080E+02   1.20000E-01   2.18544E-01   9.68136E-05   1.35249E-04   0.00000E+00   2.62070E-03   1.00000E+00   0.00000E+00   3.87578E+00   4.05048E-16            16   3.71586E-10   3.14357E+00
        2760   3.31200E+02   1.20000E-01   2.18544E-01   9.67726E-05   1.35366E-04   0.00000E+00   2.59606E-03   1.00000E+00   0.00000E+00   3.87578E+00   4.04855E-16            16   3.71436E-10   3.14355E+00
        2761   3.31320E+02   1.20000E-01   2.18544E-01   9.67291E-05   1.35479E-04   0.00000E+00   2.57141E-03   1.00000E+00   0.00000E+00   3.87578E+00   4.04638E-16            16   3.71266E-10   3.14354E+00
        2762   3.31440E+02   1.20000E-01   2.18544E-01   9.66833E-05   1.35588E-04   0.00000E+00   2.54675E-03   1.00000E+00   0.00000E+00   3.87578E+00   4.04419E-16            16   3.71100E-10   3.14352E+00
        2763   3.31560E+02   1.20000E-01   2.18544E-01   9.66351E-05   1.35694E-04   0.00000E+00   2.52208E-03   1.00000E+00   0.00000E+00   3.87578E+00   4.04097E-16            16   3.70928E-10   3.14351E+00
        2764   3.31680E+02   1.20000E-01   2.18544E-01   9.65846E-05   1.35796E-04   0.00000E+00   2.49739E-03   1.00000E+00   0.00000E+00   3.87578E+00   4.03841E-16            16   3.70756E-10   3.14349E+00
        2765   3.31800E+02   1.20000E-01   2.18544E-01   9.65317E-05   1.35894E-04   0.00000E+00   2.47269E-03   1.00000E+00   0.00000E+00   3.87578E+00   4.03511E-16            16   3.70579E-10   3.14348E+00
        2766   3.31920E+02   1.20000E-01   2.18544E-01   9.64764E-05   1.35989E-04   0.00000E+00   2.44799E-03   1.00000E+00   0.00000E+00   3.87578E+00   4.03191E-16            16   3.70400E-10   3.14346E+00
        2767   3.32040E+02   1.20000E-01   2.18544E-01   9.64188E-05   1.36080E-04   0.00000E+00   2.42327E-03   1.00000E+00   0.00000E+00   3.87578E+00   4.02806E-16            16   3.70215E-10   3.14345E+00
        2768   3.32160E+02   1.20000E-01   2.18544E-01   9.63589E-05   1.36167E-04   0.00000E+00   2.39855E-03   1.00000E+00   0.00000E+00   3.87578E+00   4.02439E-16            16   3.70028E-10   3.14343E+00
        2769   3.32280E+02   1.20000E-01   2.18544E-01   9.62966E-05   1.36251E-04   0.00000E+00   2.37382E-03   1.00000E+00   0.00000E+00   3.87578E+00   4.01955E-16            16   3.69834E-10   3.14342E+00
        2770   3.32400E+02   1.20000E-01   2.18544E-01   9.62320E-05   1.36330E-04   0.00000E+00   2.34908E-03   1.00000E+00   0.00000E+00   3.87578E+00   4.01547E-16            16   3.69639E-10   3.14340E+00
        2771   3.32520E+02   1.20000E-01   2.18544E-01   9.61651E-05   1.36406E-04   0.00000E+00   2.32433E-03   1.00000E+00   0.00000E+00   3.87578E+00   4.01006E-16            16   3.69436E-10   3.14339E+00
        2772   3.32640E+02   1.20000E-01   2.18544E-01   9.60958E-05   1.36479E-04   0.00000E+00   2.29958E-03   1.00000E+00   0.00000E+00   3.87578E+00   4.00523E-16            16   3.69232E-10   3.14337E+00
        2773   3.32760E+02   1.20000E-01   2.18544E-01   9.60243E-05   1.36548E-04   0.00000E+00   2.27482E-03   1.00000E+00   0.00000E+00   3.87578E+00   3.99918E-16            16   3.69019E-10   3.14336E+00
        2774   3.32880E+02   1.20000E-01   2.18544E-01   9.59505E-05   1.36613E-04   0.00000E+00   2.25006E-03   1.00000E+00   0.00000E+00   3.87578E+00   3.99331E-16            16   3.68804E-10   3.14335E+00
        2775   3.33000E+02   1.20000E-01   2.18544E-01   9.58743E-05   1.36674E-04   0.00000E+00   2.22530E-03   1.00000E+00   0.00000E+00   3.87578E+00   3.98675E-16            16   3.68581E-10   3.14333E+00
        2776   3.33120E+02   1.20000E-01   2.18544E-01   9.57959E-05   1.36732E-04   0.00000E+00   2.20053E-03   1.00000E+00   0.00000E+00   3.87578E+00   3.98041E-16            16   3.68355E-10   3.14332E+00
        2777   3.33240E+02   1.20000E-01   2.18544E-01   9.57152E-05   1.36786E-04   0.00000E+00   2.17576E-03   1.00000E+00   0.00000E+00   3.87578E+00   3.97332E-16            16   3.68121E-10   3.14330E+00
        2778   3.33360E+02   1.20000E-01   2.18544E-01   9.56323E-05   1.36836E-04   0.00000E+00   2.15099E-03   1.00000E+00   0.00000E+00   3.87578E+00   3.96549E-16            16   3.67881E-10   3.14329E+00
        2779   3.33480E+02   1.20000E-01   2.18544E-01   9.55471E-05   1.36883E-04   0.00000E+00   2.12621E-03   1.00000E+00   0.00000E+00   3.87578E+00   3.95766E-16            16   3.67638E-10   3.14327E+00
        2780   3.33600E+02   1.20000E-01   2.18544E-01   9.54596E-05   1.36926E-04   0.00000E+00   2.10144E-03   1.00000E+00   0.00000E+00   3.87578E+00   3.94917E-16            16   3.67383E-10   3.14326E+00
        2781   3.33720E+02   1.20000E-01   2.18544E-01   9.53699E-05   1.36966E-04   0.00000E+00   2.07667E-03   1.00000E+00   0.00000E+00   3.87578E+00   3.94077E-16            16   3.67126E-10   3.14324E+00
        2782   3.33840E+02   1.20000E-01   2.18544E-01   9.52779E-05   1.37002E-04   0.00000E+00   2.05189E-03   1.00000E+00   0.00000E+00   3.87578E+00   3.93127E-16            16   3.66857E-10   3.14323E+00
        2783   3.33960E+02   1.20000E-01   2.18544E-01   9.51837E-05   1.37034E-04   0.00000E+00   2.02712E-03   1.00000E+00   0.00000E+00   3.87578E+00   3.92113E-16            16   3.66573E-10   3.14321E+00
        2784   3.34080E+02   1.20000E-01   2.18544E-01   9.50873E-05   1.37063E-04   0.00000E+00   2.00235E-03   1.00000E+00   0.00000E+00   3.87578E+00   3.91457E-16            16   3.66294E-10   3.14320E+00
        2785   3.34200E+02   1.20000E-01   2.18544E-01   9.49886E-05   1.37088E-04   0.00000E+00   1.97759E-03   1.00000E+00   0.00000E+00   3.87578E+00   3.90346E-16            16   3.66017E-10   3.14318E+00
        2786   3.34320E+02   1.20000E-01   2.18544E-01   9.48878E-05   1.37110E-04   0.00000E+00   1.95282E-03   1.00000E+00   0.00000E+00   3.87578E+00   3.88920E-16            16   3.65705E-10   3.14317E+00
        2787   3.34440E+02   1.20000E-01   2.18544E-01   9.47847E-05   1.37128E-04   0.00000E+00   1.92806E-03   1.00000E+00   0.00000E+00   3.87578E+00   3.88076E-16            16   3.65403E-10   3.14315E+00
        2788   3.34560E+02   1.20000E-01   2.18544E-01   9.46794E-05   1.37142E-04   0.00000E+00   1.90331E-03   1.00000E+00   0.00000E+00   3.87578E+00   3.86822E-16            16   3.65089E-10   3.14314E+00
        2789   3.34680E+02   1.20000E-01   2.18544E-01   9.45720E-05   1.37153E-04   0.00000E+00   1.87856E-03   1.00000E+00   0.00000E+00   3.87578E+00   3.85669E-16            16   3.64765E-10   3.14312E+00
        2790   3.34800E+02   1.20000E-01   2.18544E-01   9.44624E-05   1.37160E-04   0.00000E+00   1.85381E-03   1.00000E+00   0.00000E+00   3.87578E+00   3.84257E-16            16   3.64431E-10   3.14311E+00
        2791   3.34920E+02   1.20000E-01   2.18544E-01   9.43506E-05   1.37164E-04   0.00000E+00   1.82907E-03   1.00000E+00   0.00000E+00   3.87578E+00   3.83014E-16            16   3.64089E-10   3.14309E+00
        2792   3.35040E+02   1.20000E-01   2.18544E-01   9.42366E-05   1.37164E-04   0.00000E+00   1.80434E-03   1.00000E+00   0.00000E+00   3.87578E+00   3.81547E-16            16   3.63734E-10   3.14308E+00
        2793   3.35160E+02   1.20000E-01   2.18544E-01   9.41205E-05   1.37161E-04   0.00000E+00   1.77962E-03   1.00000E+00   0.00000E+00   3.87578E+00   3.80232E-16            16   3.63370E-10   3.14306E+00
        2794   3.35280E+02   1.20000E-01   2.18544E-01   9.40022E-05   1.37154E-04   0.00000E+00   1.75490E-03   1.00000E+00   0.00000E+00   3.87578E+00   3.78715E-16            16   3.62992E-10   3.14305E+00
        2795   3.35400E+02   1.20000E-01   2.18544E-01   9.38817E-05   1.37143E-04   0.00000E+00   1.73020E-03   1.00000E+00   0.00000E+00   3.87578E+00   3.77307E-16            16   3.62606E-10   3.14303E+00
        2796   3.35520E+02   1.20000E-01   2.18544E-01   9.37592E-05   1.37129E-04   0.00000E+00   1.70550E-03   1.00000E+00   0.00000E+00   3.87578E+00   3.75693E-16            16   3.62203E-10   3.14302E+00
        2797   3.35640E+02   1.20000E-01   2.18544E-01   9.36345E-05   1.37112E-04   0.00000E+00   1.68081E-03   1.00000E+00   0.00000E+00   3.87578E+00   3.74228E-16            16   3.61792E-10   3.14300E+00
        2798   3.35760E+02   1.20000E-01   2.18544E-01   9.35077E-05   1.37091E-04   0.00000E+00   1.65614E-03   1.00000E+00   0.00000E+00   3.87578E+00   3.72564E-16            16   3.61361E-10   3.14299E+00
        2799   3.35880E+02   1.20000E-01   2.18544E-01   9.33788E-05   1.37067E-04   0.00000E+00   1.63147E-03   1.00000E+00   0.00000E+00   3.87578E+00   3.71012E-16            16   3.60925E-10   3.14297E+00
        2800   3.36000E+02   1.20000E-01   2.18544E-01   9.32477E-05   1.37039E-04   0.00000E+00   1.60681E-03   1.00000E+00   0.00000E+00   3.87578E+00   3.69205E-16            16   3.60468E-10   3.14296E+00
        2801   3.36120E+02   1.20000E-01   2.18544E-01   9.31146E-05   1.37008E-04   0.00000E+00   1.58217E-03   1.00000E+00   0.00000E+00   3.87578E+00   3.67518E-16            16   3.59999E-10   3.14294E+00
        2802   3.36240E+02   1.20000E-01   2.18544E-01   9.29794E-05   1.36973E-04   0.00000E+00   1.55754E-03   1.00000E+00   0.00000E+00   3.87578E+00   3.65695E-16            16   3.59510E-10   3.14292E+00
        2803   3.36360E+02   1.20000E-01   2.18544E-01   9.28421E-05   1.36935E-04   0.00000E+00   1.53293E-03   1.00000E+00   0.00000E+00   3.87578E+00   3.64026E-16            16   3.59001E-10   3.14291E+00
        2804   3.36480E+02   1.20000E-01   2.18544E-01   9.27028E-05   1.36893E-04   0.00000E+00   1.50833E-03   1.00000E+00   0.00000E+00   3.87578E+00   3.62132E-16            16   3.58484E-10   3.14289E+00
        2805   3.36600E+02   1.20000E-01   2.18544E-01   9.25613E-05   1.36848E-04   0.00000E+00   1.48374E-03   1.00000E+00   0.00000E+00   3.87578E+00   3.60168E-16            16   3.57952E-10   3.14288E+00
        2806   3.36720E+02   1.20000E-01   2.18544E-01   9.24178E-05   1.36799E-04   0.00000E+00   1.45917E-03   1.00000E+00   0.00000E+00   3.87578E+00   3.58215E-16            16   3.57401E-10   3.14286E+00
        2807   3.36840E+02   1.20000E-01   2.18544E-01   9.22723E-05   1.36747E-04   0.00000E+00   1.43461E-03   1.00000E+00   0.00000E+00   3.87578E+00   3.56207E-16            16   3.56834E-10   3.14285E+00
        2808   3.36960E+02   1.20000E-01   2.18544E-01   9.21247E-05   1.36692E-04   0.00000E+00   1.41008E-03   1.00000E+00   0.00000E+00   3.87578E+00   3.54182E-16            16   3.56246E-10   3.14283E+00
        2809   3.37080E+02   1.20000E-01   2.18544E-01   9.19751E-05   1.36633E-04   0.00000E+00   1.38555E-03   1.00000E+00   0.00000E+00   3.87578E+00   3.52167E-16            16   3.55640E-10   3.14282E+00
        2810   3.37200E+02   1.20000E-01   2.18544E-01   9.18235E-05   1.36571E-04   0.00000E+00   1.36105E-03   1.00000E+00   0.00000E+00   3.87578E+00   3.50060E-16            16   3.55015E-10   3.14280E+00
        2811   3.37320E+02   1.20000E-01   2.18544E-01   9.16699E-05   1.36506E-04   0.00000E+00   1.33657E-03   1.00000E+00   0.00000E+00   3.87578E+00   3.47906E-16            16   3.54369E-10   3.14279E+00
        2812   3.37440E+02   1.20000E-01   2.18544E-01   9.15142E-05   1.36437E-04   0.00000E+00   1.31210E-03   1.00000E+00   0.00000E+00   3.87578E+00   3.45755E-16            16   3.53700E-10   3.14277E+00
        2813   3.37560E+02   1.20000E-01   2.18544E-01   9.13566E-05   1.36365E-04   0.00000E+00   1.28765E-03   1.00000E+00   0.00000E+00   3.87578E+00   3.43522E-16            16   3.53012E-10   3.14276E+00
        2814   3.37680E+02   1.20000E-01   2.18544E-01   9.11969E-05   1.36289E-04   0.00000E+00   1.26323E-03   1.00000E+00   0.00000E+00   3.87578E+00   3.41288E-16            16   3.52299E-10   3.14274E+00
        2815   3.37800E+02   1.20000E-01   2.18544E-01   9.10353E-05   1.36210E-04   0.00000E+00   1.23882E-03   1.00000E+00   0.00000E+00   3.87578E+00   3.39023E-16            16   3.51563E-10   3.14273E+00
        2816   3.37920E+02   1.20000E-01   2.18544E-01   9.08717E-05   1.36128E-04   0.00000E+00   1.21444E-03   1.00000E+00   0.00000E+00   3.87578E+00   3.36706E-16            16   3.50804E-10   3.14271E+00
        2817   3.38040E+02   1.20000E-01   2.18544E-01   9.07062E-05   1.36043E-04   0.00000E+00   1.19007E-03   1.00000E+00   0.00000E+00   3.87578E+00   3.34330E-16            16   3.50019E-10   3.14270E+00
        2818   3.38160E+02   1.20000E-01   2.18544E-01   9.05387E-05   1.35954E-04   0.00000E+00   1.16573E-03   1.00000E+00   0.00000E+00   3.87578E+00   3.31930E-16            16   3.49209E-10   3.14268E+00
        2819   3.38280E+02   1.20000E-01   2.18544E-01   9.03692E-05   1.35862E-04   0.00000E+00   1.14142E-03   1.00000E+00   0.00000E+00   3.87578E+00   3.29500E-16            16   3.48371E-10   3.14267E+00
        2820   3.38400E+02   1.20000E-01   2.18544E-01   9.01978E-05   1.35766E-04   0.00000E+00   1.11712E-03   1.00000E+00   0.00000E+00   3.87578E+00   3.27021E-16            16   3.47508E-10   3.14265E+00
        2821   3.38520E+02   1.20000E-01   2.18544E-01   9.00245E-05   1.35668E-04   0.00000E+00   1.09285E-03   1.00000E+00   0.00000E+00   3.87578E+00   3.24506E-16            16   3.46614E-10   3.14264E+00
        2822   3.38640E+02   1.20000E-01   2.18544E-01   8.98492E-05   1.35566E-04   0.00000E+00   1.06861E-03   1.00000E+00   0.00000E+00   3.87578E+00   3.21969E-16            16   3.45693E-10   3.14262E+00
        2823   3.38760E+02   1.20000E-01   2.18544E-01   8.96721E-05   1.35460E-04   0.00000E+00   1.04438E-03   1.00000E+00   0.00000E+00   3.87578E+00   3.19363E-16            16   3.44741E-10   3.14261E+00
        2824   3.38880E+02   1.20000E-01   2.18544E-01   8.94930E-05   1.35352E-04   0.00000E+00   1.02019E-03   1.00000E+00   0.00000E+00   3.87578E+00   3.16729E-16            16   3.43759E-10   3.14259E+00
        2825   3.39000E+02   1.20000E-01   2.18544E-01   8.93121E-05   1.35240E-04   0.00000E+00   9.96024E-04   1.00000E+00   0.00000E+00   3.87578E+00   3.14047E-16            16   3.42745E-10   3.14258E+00
        2826   3.39120E+02   1.20000E-01   2.18544E-01   8.91292E-05   1.35125E-04   0.00000E+00   9.71884E-04   1.00000E+00   0.00000E+00   3.87578E+00   3.11318E-16            16   3.41698E-10   3.14256E+00
        2827   3.39240E+02   1.20000E-01   2.18544E-01   8.89445E-05   1.35007E-04   0.00000E+00   9.47772E-04   1.00000E+00   0.00000E+00   3.87578E+00   3.08549E-16            16   3.40618E-10   3.14255E+00
        2828   3.39360E+02   1.20000E-01   2.18544E-01   8.87579E-05   1.34886E-04   0.00000E+00   9.23689E-04   1.00000E+00   0.00000E+00   3.87578E+00   3.05775E-16            16   3.39504E-10   3.14253E+00
        2829   3.39480E+02   1.20000E-01   2.18544E-01   8.85694E-05   1.34761E-04   0.00000E+00   8.99629E-04   1.00000E+00   0.00000E+00   3.87578E+00   3.02914E-16            16   3.38354E-10   3.14252E+00
        2830   3.39600E+02   1.20000E-01   2.18544E-01   8.83791E-05   1.34633E-04   0.00000E+00   8.75601E-04   1.00000E+00   0.00000E+00   3.87578E+00   3.00048E-16            16   3.37167E-10   3.14250E+00
        2831   3.39720E+02   1.20000E-01   2.18544E-01   8.81870E-05   1.34503E-04   0.00000E+00   8.51601E-04   1.00000E+00   0.00000E+00   3.87578E+00   2.97114E-16            16   3.35944E-10   3.14249E+00
        2832   3.39840E+02   1.20000E-01   2.18544E-01   8.79930E-05   1.34368E-04   0.00000E+00   8.27653E-04   1.00000E+00   0.00000E+00   3.87578E+00   2.94197E-16            16   3.34679E-10   3.14247E+00
        2833   3.39960E+02   1.20000E-01   2.18544E-01   8.77972E-05   1.34231E-04   0.00000E+00   8.03713E-04   1.00000E+00   0.00000E+00   3.87578E+00   2.91199E-16            16   3.33380E-10   3.14246E+00
        2834   3.40080E+02   1.20000E-01   2.18544E-01   8.75996E-05   1.34091E-04   0.00000E+00   7.79807E-04   1.00000E+00   0.00000E+00   3.87578E+00   2.88177E-16            16   3.32038E-10   3.14244E+00
        2835   3.40200E+02   1.20000E-01   2.18544E-01   8.74001E-05   1.33947E-04   0.00000E+00   7.55928E-04   1.00000E+00   0.00000E+00   3.87578E+00   2.84860E-16            16   3.30453E-10   3.14243E+00
        2836   3.40320E+02   1.20000E-01   2.18544E-01   8.71989E-05   1.33801E-04   0.00000E+00   7.32092E-04   1.00000E+00   0.00000E+00   3.87578E+00   2.82169E-16            16   3.29379E-10   3.14241E+00
        2837   3.40440E+02   1.20000E-01   2.18544E-01   8.69959E-05   1.33651E-04   0.00000E+00   7.08279E-04   1.00000E+00   0.00000E+00   3.87578E+00   2.78833E-16            16   3.27882E-10   3.14240E+00
        2838   3.40560E+02   1.20000E-01   2.18544E-01   8.67911E-05   1.33498E-04   0.00000E+00   6.84501E-04   1.00000E+00   0.00000E+00   3.87578E+00   2.76294E-16            16   3.26106E-10   3.14238E+00
        2839   3.40680E+02   1.20000E-01   2.18544E-01   8.65845E-05   1.33342E-04   0.00000E+00   6.60759E-04   1.00000E+00   0.00000E+00   3.87578E+00   2.72299E-16            16   3.24827E-10   3.14237E+00
        2840   3.40800E+02   1.20000E-01   2.18544E-01   8.63762E-05   1.33183E-04   0.00000E+00   6.37052E-04   1.00000E+00   0.00000E+00   3.87578E+00   2.69591E-16            16   3.22906E-10   3.14235E+00
        2841   3.40920E+02   1.20000E-01   2.18544E-01   8.61661E-05   1.33021E-04   0.00000E+00   6.13379E-04   1.00000E+00   0.00000E+00   3.87578E+00   2.65877E-16            16   3.21589E-10   3.14234E+00
        2842   3.41040E+02   1.20000E-01   2.18544E-01   8.59543E-05   1.32856E-04   0.00000E+00   5.89738E-04   1.00000E+00   0.00000E+00   3.87578E+00   2.63018E-16            16   3.19526E-10   3.14232E+00
        2843   3.41160E+02   1.20000E-01   2.18544E-01   8.57407E-05   1.32688E-04   0.00000E+00   5.66160E-04   1.00000E+00   0.00000E+00   3.87578E+00   2.59445E-16            16   3.18158E-10   3.14231E+00
        2844   3.41280E+02   1.20000E-01   2.18544E-01   8.55254E-05   1.32516E-04   0.00000E+00   5.42586E-04   1.00000E+00   0.00000E+00   3.87578E+00   2.55996E-16            16   3.15805E-10   3.14230E+00
        2845   3.41400E+02   1.20000E-01   2.18544E-01   8.53084E-05   1.32342E-04   0.00000E+00   5.19059E-04   1.00000E+00   0.00000E+00   3.87578E+00   2.52594E-16            16   3.14690E-10   3.14228E+00
        2846   3.41520E+02   1.20000E-01   2.18544E-01   8.50897E-05   1.32165E-04   0.00000E+00   4.95562E-04   1.00000E+00   0.00000E+00   3.87578E+00   2.49239E-16            16   3.12018E-10   3.14227E+00
        2847   3.41640E+02   1.20000E-01   2.18544E-01   8.48693E-05   1.31984E-04   0.00000E+00   4.72108E-04   1.00000E+00   0.00000E+00   3.87578E+00   2.45795E-16            16   3.10262E-10   3.14225E+00
        2848   3.41760E+02   1.20000E-01   2.18544E-01   8.46472E-05   1.31801E-04   0.00000E+00   4.48694E-04   1.00000E+00   0.00000E+00   3.87578E+00   2.42307E-16            16   3.08307E-10   3.14224E+00
        2849   3.41880E+02   1.20000E-01   2.18544E-01   8.44875E-05   1.31615E-04   0.00000E+00   4.25317E-04   1.00000E+00   0.00000E+00   3.87578E+00   2.38858E-16            16   3.06268E-10   3.14222E+00
        2850   3.42000E+02   1.20000E-01   2.18544E-01   8.43342E-05   1.31425E-04   0.00000E+00   4.01981E-04   1.00000E+00   0.00000E+00   3.87578E+00   2.35545E-16            16   3.04168E-10   3.14221E+00
        2851   3.42120E+02   1.20000E-01   2.18544E-01   8.41791E-05   1.31233E-04   0.00000E+00   3.78684E-04   1.00000E+00   0.00000E+00   3.87578E+00   2.32201E-16            16   3.02028E-10   3.14219E+00
        2852   3.42240E+02   1.20000E-01   2.18544E-01   8.40221E-05   1.31038E-04   0.00000E+00   3.55429E-04   1.00000E+00   0.00000E+00   3.87578E+00   2.28941E-16            16   2.99833E-10   3.14218E+00
        2853   3.42360E+02   1.20000E-01   2.18544E-01   8.38633E-05   1.30840E-04   0.00000E+00   3.32214E-04   1.00000E+00   0.00000E+00   3.87578E+00   2.25632E-16            16   2.97600E-10   3.14216E+00
        2854   3.42480E+02   1.20000E-01   2.18544E-01   8.37027E-05   1.30639E-04   0.00000E+00   3.09059E-04   1.00000E+00   0.00000E+00   3.87578E+00   2.22479E-16            16   2.95306E-10   3.14215E+00
        2855   3.42600E+02   1.20000E-01   2.18544E-01   8.35403E-05   1.30435E-04   0.00000E+00   2.85927E-04   1.00000E+00   0.00000E+00   3.87578E+00   2.19226E-16            16   2.92994E-10   3.14213E+00
        2856   3.42720E+02   1.20000E-01   2.18544E-01   8.33762E-05   1.30228E-04   0.00000E+00   2.62834E-04   1.00000E+00   0.00000E+00   3.87578E+00   2.16141E-16            16   2.90622E-10   3.14212E+00
        2857   3.42840E+02   1.20000E-01   2.18544E-01   8.32102E-05   1.30018E-04   0.00000E+00   2.39792E-04   1.00000E+00   0.00000E+00   3.87578E+00   2.14175E-16            16   2.88217E-10   3.14210E+00
        2858   3.42960E+02   1.20000E-01   2.18544E-01   8.30425E-05   1.29805E-04   0.00000E+00   2.16795E-04   1.00000E+00   0.00000E+00   3.87578E+00   2.14279E-16            16   2.85775E-10   3.14209E+00
        2859   3.43080E+02   1.20000E-01   2.18544E-01   8.28730E-05   1.29590E-04   0.00000E+00   2.05818E-04   1.00000E+00   0.00000E+00   3.87578E+00   2.14341E-16            16   2.83275E-10   3.14208E+00
        2860   3.43200E+02   1.20000E-01   2.18544E-01   8.27018E-05   1.29372E-04   0.00000E+00   2.03106E-04   1.00000E+00   0.00000E+00   3.87578E+00   2.14502E-16            16   2.80763E-10   3.14206E+00
        2861   3.43320E+02   1.20000E-01   2.18544E-01   8.25288E-05   1.29150E-04   0.00000E+00   2.00394E-04   1.00000E+00   0.00000E+00   3.87578E+00   2.14578E-16            16   2.78190E-10   3.14205E+00
        2862   3.43440E+02   1.20000E-01   2.18544E-01   8.23540E-05   1.28926E-04   0.00000E+00   1.97682E-04   1.00000E+00   0.00000E+00   3.87578E+00   2.14614E-16            16   2.75584E-10   3.14203E+00
        2863   3.43560E+02   1.20000E-01   2.18544E-01   8.21776E-05   1.28699E-04   0.00000E+00   1.94971E-04   1.00000E+00   0.00000E+00   3.87578E+00   2.14621E-16            16   2.72940E-10   3.14202E+00
        2864   3.43680E+02   1.20000E-01   2.18544E-01   8.19994E-05   1.28470E-04   0.00000E+00   1.92259E-04   1.00000E+00   0.00000E+00   3.87578E+00   2.14684E-16            16   2.70255E-10   3.14200E+00
        2865   3.43800E+02   1.20000E-01   2.18544E-01   8.18195E-05   1.28237E-04   0.00000E+00   1.89549E-04   1.00000E+00   0.00000E+00   3.87578E+00   2.14365E-16            16   2.67515E-10   3.14199E+00
        2866   3.43920E+02   1.20000E-01   2.18544E-01   8.16379E-05   1.28003E-04   0.00000E+00   1.87280E-04   1.00000E+00   0.00000E+00   3.87578E+00   3.76443E-16            16   3.97451E-10   3.14197E+00
        2867   3.44040E+02   1.20000E-01   2.18544E-01   8.14547E-05   1.27767E-04   0.00000E+00   1.85794E-04   1.00000E+00   0.00000E+00   3.87578E+00   3.79034E-16            16   5.50828E-10   3.14196E+00
        2868   3.44160E+02   1.20000E-01   2.18544E-01   8.12699E-05   1.27528E-04   0.00000E+00   1.83960E-04   1.00000E+00   0.00000E+00   3.87578E+00   8.38533E-16            16   6.33974E-10   3.14195E+00
        2869   3.44280E+02   1.20000E-01   2.18544E-01   8.10837E-05   1.27287E-04   0.00000E+00   1.78485E-04   1.00000E+00   0.00000E+00   3.87578E+00   1.55996E-15            16   8.52305E-10   3.14193E+00
        2870   3.44400E+02   1.20000E-01   2.18544E-01   8.08955E-05   1.27043E-04   0.00000E+00   1.76975E-04   1.00000E+00   0.00000E+00   3.87578E+00   1.00373E-15            16   5.26473E-10   3.14192E+00
        2871   3.44520E+02   1.20000E-01   2.18544E-01   8.07057E-05   1.26796E-04   0.00000E+00   1.73041E-04   1.00000E+00   0.00000E+00   3.87578E+00   9.01196E-16            16   5.62094E-10   3.14190E+00
        2872   3.44640E+02   1.20000E-01   2.18544E-01   8.05144E-05   1.26547E-04   0.00000E+00   1.71423E-04   1.00000E+00   0.00000E+00   3.87578E+00   7.40942E-16            16   4.15444E-10   3.14189E+00
        2873   3.44760E+02   1.20000E-01   2.18544E-01   8.03215E-05   1.26295E-04   0.00000E+00   1.68695E-04   1.00000E+00   0.00000E+00   3.87578E+00   8.57965E-16            16   4.93723E-10   3.14187E+00
        2874   3.44880E+02   1.20000E-01   2.18544E-01   8.01267E-05   1.26040E-04   0.00000E+00   1.66018E-04   1.00000E+00   0.00000E+00   3.87578E+00   8.01005E-16            16   4.59802E-10   3.14186E+00
        2875   3.45000E+02   1.20000E-01   2.18544E-01   7.99306E-05   1.25782E-04   0.00000E+00   1.75858E-04   1.00000E+00   0.00000E+00   3.87578E+00   1.02713E-15            16   5.24898E-10   3.14185E+00
        2876   3.45120E+02   1.20000E-01   2.18544E-01   7.97327E-05   1.25522E-04   0.00000E+00   1.97133E-04   1.00000E+00   0.00000E+00   3.87578E+00   8.94892E-16            16   5.75655E-10   3.14183E+00
        2877   3.45240E+02   1.20000E-01   2.18544E-01   7.95333E-05   1.25259E-04   0.00000E+00   2.19688E-04   1.00000E+00   0.00000E+00   3.87578E+00   7.93347E-16            16   3.89399E-10   3.14182E+00
        2878   3.45360E+02   1.20000E-01   2.18544E-01   7.93323E-05   1.24993E-04   0.00000E+00   2.41197E-04   1.00000E+00   0.00000E+00   3.87578E+00   6.49836E-16            16   5.38068E-10   3.14180E+00
        2879   3.45480E+02   1.20000E-01   2.18544E-01   7.91297E-05   1.24725E-04   0.00000E+00   2.63582E-04   1.00000E+00   0.00000E+00   3.87578E+00   3.64205E-16            16   4.02092E-10   3.14179E+00
        2880   3.45600E+02   1.20000E-01   2.18544E-01   7.89257E-05   1.24454E-04   0.00000E+00   2.85902E-04   1.00000E+00   0.00000E+00   3.87578E+00   4.06874E-16            16   3.94878E-10   3.14177E+00
        2881   3.45720E+02   1.20000E-01   2.18544E-01   7.87198E-05   1.24181E-04   0.00000E+00   3.08193E-04   1.00000E+00   0.00000E+00   3.87578E+00   4.08540E-16            16   4.86895E-10   3.14176E+00
        2882   3.45840E+02   1.20000E-01   2.18544E-01   7.85123E-05   1.23905E-04   0.00000E+00   3.29665E-04   1.00000E+00   0.00000E+00   3.87578E+00   2.79780E-16            16   3.49414E-10   3.14175E+00
        2883   3.45960E+02   1.20000E-01   2.18544E-01   7.83031E-05   1.23627E-04   0.00000E+00   3.52390E-04   1.00000E+00   0.00000E+00   3.87578E+00   5.22720E-16            16   5.69337E-10   3.14173E+00
        2884   3.46080E+02   1.20000E-01   2.18544E-01   7.80923E-05   1.23345E-04   0.00000E+00   3.71342E-04   1.00000E+00   0.00000E+00   3.87578E+00   4.18212E-16            17   3.05342E-10   3.14172E+00
        2885   3.46200E+02   1.20000E-01   2.18544E-01   7.78804E-05   1.23062E-04   0.00000E+00   3.97086E-04   1.00000E+00   0.00000E+00   3.87578E+00   4.38914E-16            17   3.03107E-10   3.14170E+00
        2886   3.46320E+02   1.20000E-01   2.18544E-01   7.76671E-05   1.22774E-04   0.00000E+00   4.13868E-04   1.00000E+00   0.00000E+00   3.87578E+00   1.12008E-15            17   3.92826E-10   3.14169E+00
        2887   3.46440E+02   1.20000E-01   2.18544E-01   7.74531E-05   1.22485E-04   0.00000E+00   4.44487E-04   1.00000E+00   0.00000E+00   3.87578E+00   6.78758E-16            17   3.55345E-10   3.14168E+00
        2888   3.46560E+02   1.20000E-01   2.18544E-01   7.72357E-05   1.22197E-04   0.00000E+00   4.58079E-04   1.00000E+00   0.00000E+00   3.87578E+00   8.62927E-16            17   3.48958E-10   3.14166E+00
        2889   3.46680E+02   1.20000E-01   2.18544E-01   7.70199E-05   1.22250E-04   0.00000E+00   6.95667E-04   1.00000E+00   0.00000E+00   3.87578E+00   1.13934E-14            16   7.36919E-10   3.14165E+00
        2890   3.46800E+02   1.20000E-01   2.18544E-01   7.68025E-05   1.22237E-04   0.00000E+00   5.47787E-04   1.00000E+00   0.00000E+00   3.87578E+00   9.47791E-15            16   5.35954E-10   3.14165E+00
        2891   3.46920E+02   1.20000E-01   2.18544E-01   7.65843E-05   1.22415E-04   0.00000E+00   6.06459E-04   1.00000E+00   0.00000E+00   3.87578E+00   5.61083E-15            16   8.17106E-10   3.14163E+00
        2892   3.47040E+02   1.20000E-01   2.18544E-01   7.63597E-05   1.22056E-04   0.00000E+00   6.35082E-04   1.00000E+00   0.00000E+00   3.87578E+00   5.60026E-15            16   7.11556E-10   3.14161E+00
        2893   3.47160E+02   1.20000E-01   2.18544E-01   7.61310E-05   1.21648E-04   0.00000E+00   6.08983E-04   1.00000E+00   0.00000E+00   3.87578E+00   4.95788E-15            16   7.26817E-10   3.14160E+00
        2894   3.47280E+02   1.20000E-01   2.18544E-01   7.59119E-05   1.21051E-04   0.00000E+00   5.88923E-04   1.00000E+00   0.00000E+00   3.87578E+00   6.01603E-15            16   8.28130E-10   3.14160E+00
        2895   3.47400E+02   1.20000E-01   2.18544E-01   7.56820E-05   1.20498E-04   0.00000E+00   6.12400E-04   1.00000E+00   0.00000E+00   3.87578E+00   2.79803E-15            16   9.90385E-10   3.14159E+00
        2896   3.47520E+02   1.20000E-01   2.18544E-01   7.54547E-05   1.20048E-04   0.00000E+00   6.40178E-04   1.00000E+00   0.00000E+00   3.87578E+00   5.06147E-16            17   2.75626E-10   3.14155E+00
        2897   3.47640E+02   1.20000E-01   2.18544E-01   7.52248E-05   1.19665E-04   0.00000E+00   6.59936E-04   1.00000E+00   0.00000E+00   3.87578E+00   6.10981E-16            17   3.27086E-10   3.14154E+00
        2898   3.47760E+02   1.20000E-01   2.18544E-01   7.49942E-05   1.19306E-04   0.00000E+00   7.75737E-04   1.00000E+00   0.00000E+00   3.87578E+00   1.51991E-15            16   6.51537E-10   3.14153E+00
        2899   3.47880E+02   1.20000E-01   2.18544E-01   7.47614E-05   1.18931E-04   0.00000E+00   7.00666E-04   1.00000E+00   0.00000E+00   3.87578E+00   7.98907E-16            17   2.59119E-10   3.14151E+00
        2900   3.48000E+02   1.20000E-01   2.18544E-01   7.45277E-05   1.18683E-04   0.00000E+00   7.29700E-04   1.00000E+00   0.00000E+00   3.87578E+00   8.25503E-16            17   3.09588E-10   3.14150E+00
        2901   3.48120E+02   1.20000E-01   2.18544E-01   7.42921E-05   1.18353E-04   0.00000E+00   7.46189E-04   1.00000E+00   0.00000E+00   3.87578E+00   5.97336E-16            17   3.00916E-10   3.14149E+00
        2902   3.48240E+02   1.20000E-01   2.18544E-01   7.40559E-05   1.17994E-04   0.00000E+00   7.69228E-04   1.00000E+00   0.00000E+00   3.87578E+00   7.24630E-16            16   9.02729E-10   3.14147E+00
        2903   3.48360E+02   1.20000E-01   2.18544E-01   7.38176E-05   1.17723E-04   0.00000E+00   7.87770E-04   1.00000E+00   0.00000E+00   3.87578E+00   1.32994E-15            16   7.69002E-10   3.14146E+00
        2904   3.48480E+02   1.20000E-01   2.18544E-01   7.35783E-05   1.17442E-04   0.00000E+00   8.09751E-04   1.00000E+00   0.00000E+00   3.87578E+00   8.71810E-16            16   8.01040E-10   3.14145E+00
        2905   3.48600E+02   1.20000E-01   2.18544E-01   7.33372E-05   1.17148E-04   0.00000E+00   8.27904E-04   1.00000E+00   0.00000E+00   3.87578E+00   1.17424E-15            16   6.81994E-10   3.14143E+00
        2906   3.48720E+02   1.20000E-01   2.18544E-01   7.30951E-05   1.16845E-04   0.00000E+00   8.50154E-04   1.00000E+00   0.00000E+00   3.87578E+00   8.71266E-16            16   9.81310E-10   3.14142E+00
        2907   3.48840E+02   1.20000E-01   2.18544E-01   7.28512E-05   1.16533E-04   0.00000E+00   8.67158E-04   1.00000E+00   0.00000E+00   3.87578E+00   8.57886E-16            16   8.83003E-10   3.14141E+00
        2908   3.48960E+02   1.20000E-01   2.18544E-01   7.26067E-05   1.16215E-04   0.00000E+00   8.88828E-04   1.00000E+00   0.00000E+00   3.87578E+00   1.57215E-15            16   8.88778E-10   3.14139E+00
        2909   3.49080E+02   1.20000E-01   2.18544E-01   7.23600E-05   1.15886E-04   0.00000E+00   9.05507E-04   1.00000E+00   0.00000E+00   3.87578E+00   2.23460E-15            16   6.15445E-10   3.14138E+00
        2910   3.49200E+02   1.20000E-01   2.18544E-01   7.21128E-05   1.15551E-04   0.00000E+00   9.26799E-04   1.00000E+00   0.00000E+00   3.87578E+00   1.68700E-15            16   6.90551E-10   3.14137E+00
        2911   3.49320E+02   1.20000E-01   2.18544E-01   7.18631E-05   1.15206E-04   0.00000E+00   9.42748E-04   1.00000E+00   0.00000E+00   3.87578E+00   1.46280E-15            16   9.04735E-10   3.14135E+00
        2912   3.49440E+02   1.20000E-01   2.18544E-01   7.16128E-05   1.14857E-04   0.00000E+00   9.62898E-04   1.00000E+00   0.00000E+00   3.87578E+00   1.24488E-15            16   6.88222E-10   3.14134E+00
        2913   3.49560E+02   1.20000E-01   2.18544E-01   7.13611E-05   1.14497E-04   0.00000E+00   9.81150E-04   1.00000E+00   0.00000E+00   3.87578E+00   1.27740E-15            16   4.48742E-10   3.14133E+00
        2914   3.49680E+02   1.20000E-01   2.18544E-01   7.11079E-05   1.14135E-04   0.00000E+00   1.00034E-03   1.00000E+00   0.00000E+00   3.87578E+00   7.74351E-16            16   5.77795E-10   3.14131E+00
        2915   3.49800E+02   1.20000E-01   2.18544E-01   7.08531E-05   1.13765E-04   0.00000E+00   1.01944E-03   1.00000E+00   0.00000E+00   3.87578E+00   5.47442E-16            16   4.82595E-10   3.14130E+00
        2916   3.49920E+02   1.20000E-01   2.18544E-01   7.05977E-05   1.13390E-04   0.00000E+00   1.03884E-03   1.00000E+00   0.00000E+00   3.87578E+00   4.31982E-16            16   4.17305E-10   3.14129E+00
        2917   3.50040E+02   1.20000E-01   2.18544E-01   7.03404E-05   1.13018E-04   0.00000E+00   1.05776E-03   1.00000E+00   0.00000E+00   3.87578E+00   9.68143E-16            16   4.85828E-10   3.14127E+00
        2918   3.50160E+02   1.20000E-01   2.18544E-01   7.00822E-05   1.12674E-04   0.00000E+00   1.07702E-03   1.00000E+00   0.00000E+00   3.87578E+00   4.62229E-16            16   4.45243E-10   3.14126E+00
        2919   3.50280E+02   1.20000E-01   2.18544E-01   6.98226E-05   1.12326E-04   0.00000E+00   1.09604E-03   1.00000E+00   0.00000E+00   3.87578E+00   2.66082E-16            16   3.40082E-10   3.14125E+00
        2920   3.50400E+02   1.20000E-01   2.18544E-01   6.95619E-05   1.11976E-04   0.00000E+00   1.11494E-03   1.00000E+00   0.00000E+00   3.87578E+00   2.06630E-16            16   3.27862E-10   3.14124E+00
        2921   3.50520E+02   1.20000E-01   2.18544E-01   6.93000E-05   1.11622E-04   0.00000E+00   1.13377E-03   1.00000E+00   0.00000E+00   3.87578E+00   2.27279E-16            16   3.32920E-10   3.14122E+00
        2922   3.50640E+02   1.20000E-01   2.18544E-01   6.90368E-05   1.11266E-04   0.00000E+00   1.15252E-03   1.00000E+00   0.00000E+00   3.87578E+00   2.33900E-16            16   3.36121E-10   3.14121E+00
        2923   3.50760E+02   1.20000E-01   2.18544E-01   6.87725E-05   1.10908E-04   0.00000E+00   1.17120E-03   1.00000E+00   0.00000E+00   3.87578E+00   2.36987E-16            16   3.38241E-10   3.14120E+00
        2924   3.50880E+02   1.20000E-01   2.18544E-01   6.85069E-05   1.10547E-04   0.00000E+00   1.18981E-03   1.00000E+00   0.00000E+00   3.87578E+00   2.40286E-16            16   3.39039E-10   3.14119E+00
        2925   3.51000E+02   1.20000E-01   2.18544E-01   6.82402E-05   1.10184E-04   0.00000E+00   1.20837E-03   1.00000E+00   0.00000E+00   3.87578E+00   2.45426E-16            16   3.38220E-10   3.14117E+00
        2926   3.51120E+02   1.20000E-01   2.18544E-01   6.79724E-05   1.09818E-04   0.00000E+00   1.22686E-03   1.00000E+00   0.00000E+00   3.87578E+00   2.51265E-16            16   3.37169E-10   3.14116E+00
        2927   3.51240E+02   1.20000E-01   2.18544E-01   6.77034E-05   1.09451E-04   0.00000E+00   1.24531E-03   1.00000E+00   0.00000E+00   3.87578E+00   2.55357E-16            16   3.35929E-10   3.14115E+00
        2928   3.51360E+02   1.20000E-01   2.18544E-01   6.74333E-05   1.09082E-04   0.00000E+00   1.26369E-03   1.00000E+00   0.00000E+00   3.87578E+00   2.57902E-16            16   3.35235E-10   3.14114E+00
        2929   3.51480E+02   1.20000E-01   2.18544E-01   6.71621E-05   1.08710E-04   0.00000E+00   1.28238E-03   1.00000E+00   0.00000E+00   3.87578E+00   2.57781E-16            16   3.34659E-10   3.14112E+00
        2930   3.51600E+02   1.20000E-01   2.18544E-01   6.68898E-05   1.08337E-04   0.00000E+00   1.30105E-03   1.00000E+00   0.00000E+00   3.87578E+00   2.55864E-16            16   3.34245E-10   3.14111E+00
        2931   3.51720E+02   1.20000E-01   2.18544E-01   6.66164E-05   1.07963E-04   0.00000E+00   1.31963E-03   1.00000E+00   0.00000E+00   3.87578E+00   2.52143E-16            16   3.33747E-10   3.14110E+00
        2932   3.51840E+02   1.20000E-01   2.18544E-01   6.63420E-05   1.07586E-04   0.00000E+00   1.33813E-03   1.00000E+00   0.00000E+00   3.87578E+00   2.47865E-16            16   3.33170E-10   3.14109E+00
        2933   3.51960E+02   1.20000E-01   2.18544E-01   6.60664E-05   1.07208E-04   0.00000E+00   1.35653E-03   1.00000E+00   0.00000E+00   3.87578E+00   2.42881E-16            16   3.32466E-10   3.14107E+00
        2934   3.52080E+02   1.20000E-01   2.18544E-01   6.57898E-05   1.06829E-04   0.00000E+00   1.37484E-03   1.00000E+00   0.00000E+00   3.87578E+00   2.38045E-16            16   3.31673E-10   3.14106E+00
        2935   3.52200E+02   1.20000E-01   2.18544E-01   6.55122E-05   1.06448E-04   0.00000E+00   1.39305E-03   1.00000E+00   0.00000E+00   3.87578E+00   2.32927E-16            16   3.30772E-10   3.14105E+00
        2936   3.52320E+02   1.20000E-01   2.18544E-01   6.52335E-05   1.06066E-04   0.00000E+00   1.41117E-03   1.00000E+00   0.00000E+00   3.87578E+00   2.29821E-16            16   3.29782E-10   3.14104E+00
        2937   3.52440E+02   1.20000E-01   2.18544E-01   6.49538E-05   1.05691E-04   0.00000E+00   1.42920E-03   1.00000E+00   0.00000E+00   3.87578E+00   2.27422E-16            16   3.28685E-10   3.14103E+00
        2938   3.52560E+02   1.20000E-01   2.18544E-01   6.46731E-05   1.05313E-04   0.00000E+00   1.44713E-03   1.00000E+00   0.00000E+00   3.87578E+00   2.23581E-16            16   3.27520E-10   3.14101E+00
        2939   3.52680E+02   1.20000E-01   2.18544E-01   6.43913E-05   1.04933E-04   0.00000E+00   1.46497E-03   1.00000E+00   0.00000E+00   3.87578E+00   2.19099E-16            16   3.26304E-10   3.14100E+00
        2940   3.52800E+02   1.20000E-01   2.18544E-01   6.41086E-05   1.04551E-04   0.00000E+00   1.48272E-03   1.00000E+00   0.00000E+00   3.87578E+00   2.13960E-16            16   3.25168E-10   3.14099E+00
        2941   3.52920E+02   1.20000E-01   2.18544E-01   6.38249E-05   1.04167E-04   0.00000E+00   1.50038E-03   1.00000E+00   0.00000E+00   3.87578E+00   2.08838E-16            16   3.24147E-10   3.14098E+00
        2942   3.53040E+02   1.20000E-01   2.18544E-01   6.35401E-05   1.03780E-04   0.00000E+00   1.51795E-03   1.00000E+00   0.00000E+00   3.87578E+00   2.03661E-16            16   3.23442E-10   3.14097E+00
        2943   3.53160E+02   1.20000E-01   2.18544E-01   6.32544E-05   1.03392E-04   0.00000E+00   1.53542E-03   1.00000E+00   0.00000E+00   3.87578E+00   1.98797E-16            16   3.23030E-10   3.14095E+00
        2944   3.53280E+02   1.20000E-01   2.18544E-01   6.29677E-05   1.03001E-04   0.00000E+00   1.55281E-03   1.00000E+00   0.00000E+00   3.87578E+00   1.94129E-16            16   3.23035E-10   3.14094E+00
        2945   3.53400E+02   1.20000E-01   2.18544E-01   6.26801E-05   1.02608E-04   0.00000E+00   1.57011E-03   1.00000E+00   0.00000E+00   3.87578E+00   1.89504E-16            16   3.23309E-10   3.14093E+00
        2946   3.53520E+02   1.20000E-01   2.18544E-01   6.23915E-05   1.02213E-04   0.00000E+00   1.58732E-03   1.00000E+00   0.00000E+00   3.87578E+00   1.84797E-16            16   3.23737E-10   3.14092E+00
        2947   3.53640E+02   1.20000E-01   2.18544E-01   6.21020E-05   1.01817E-04   0.00000E+00   1.60445E-03   1.00000E+00   0.00000E+00   3.87578E+00   1.81982E-16            16   3.24986E-10   3.14091E+00
        2948   3.53760E+02   1.20000E-01   2.18544E-01   6.18115E-05   1.01418E-04   0.00000E+00   1.62149E-03   1.00000E+00   0.00000E+00   3.87578E+00   1.88426E-16            16   3.24538E-10   3.14089E+00
        2949   3.53880E+02   1.20000E-01   2.18544E-01   6.15201E-05   1.01017E-04   0.00000E+00   1.63845E-03   1.00000E+00   0.00000E+00   3.87578E+00   1.95227E-16            16   3.26357E-10   3.14088E+00
        2950   3.54000E+02   1.20000E-01   2.18544E-01   6.12278E-05   1.00615E-04   0.00000E+00   1.65532E-03   1.00000E+00   0.00000E+00   3.87578E+00   1.99363E-16            16   3.26410E-10   3.14087E+00
        2951   3.54120E+02   1.20000E-01   2.18544E-01   6.09346E-05   1.00210E-04   0.00000E+00   1.67211E-03   1.00000E+00   0.00000E+00   3.87578E+00   2.04466E-16            16   3.27233E-10   3.14086E+00
        2952   3.54240E+02   1.20000E-01   2.18544E-01   6.06563E-05   9.98040E-05   0.00000E+00   1.68882E-03   1.00000E+00   0.00000E+00   3.87578E+00   2.06793E-16            16   3.27525E-10   3.14085E+00
        2953   3.54360E+02   1.20000E-01   2.18544E-01   6.04250E-05   9.93961E-05   0.00000E+00   1.70544E-03   1.00000E+00   0.00000E+00   3.87578E+00   2.09825E-16            16   3.28201E-10   3.14084E+00
        2954   3.54480E+02   1.20000E-01   2.18544E-01   6.01926E-05   9.89862E-05   0.00000E+00   1.72199E-03   1.00000E+00   0.00000E+00   3.87578E+00   2.10029E-16            16   3.28465E-10   3.14083E+00
        2955   3.54600E+02   1.20000E-01   2.18544E-01   5.99592E-05   9.85748E-05   0.00000E+00   1.73865E-03   1.00000E+00   0.00000E+00   3.87578E+00   1.68368E-16            16   3.45951E-10   3.14081E+00
        2956   3.54720E+02   1.20000E-01   2.18544E-01   5.97248E-05   9.81617E-05   0.00000E+00   1.75499E-03   1.00000E+00   0.00000E+00   3.87578E+00   2.15014E-16            16   3.44127E-10   3.14080E+00
        2957   3.54840E+02   1.20000E-01   2.18544E-01   5.94893E-05   9.77469E-05   0.00000E+00   1.77131E-03   1.00000E+00   0.00000E+00   3.87578E+00   2.03475E-16            16   3.25633E-10   3.14079E+00
        2958   3.54960E+02   1.20000E-01   2.18544E-01   5.92529E-05   9.73304E-05   0.00000E+00   1.78739E-03   1.00000E+00   0.00000E+00   3.87578E+00   2.92763E-16            16   3.85076E-10   3.14078E+00
        2959   3.55080E+02   1.20000E-01   2.18544E-01   5.90154E-05   9.69124E-05   0.00000E+00   1.80358E-03   1.00000E+00   0.00000E+00   3.87578E+00   1.87750E-16            16   3.26859E-10   3.14077E+00
        2960   3.55200E+02   1.20000E-01   2.18544E-01   5.87770E-05   9.64927E-05   0.00000E+00   1.81958E-03   1.00000E+00   0.00000E+00   3.87578E+00   2.02519E-16            16   3.28240E-10   3.14076E+00
        2961   3.55320E+02   1.20000E-01   2.18544E-01   5.85376E-05   9.60715E-05   0.00000E+00   1.83571E-03   1.00000E+00   0.00000E+00   3.87578E+00   2.22429E-16            16   3.35720E-10   3.14075E+00
        2962   3.55440E+02   1.20000E-01   2.18544E-01   5.82972E-05   9.56487E-05   0.00000E+00   1.85171E-03   1.00000E+00   0.00000E+00   3.87578E+00   2.22845E-16            16   3.29109E-10   3.14074E+00
        2963   3.55560E+02   1.20000E-01   2.18544E-01   5.80558E-05   9.52245E-05   0.00000E+00   1.86763E-03   1.00000E+00   0.00000E+00   3.87578E+00   2.24271E-16            16   3.30813E-10   3.14072E+00
        2964   3.55680E+02   1.20000E-01   2.18544E-01   5.78135E-05   9.47986E-05   0.00000E+00   1.88347E-03   1.00000E+00   0.00000E+00   3.87578E+00   2.24091E-16            16   3.29958E-10   3.14071E+00
        2965   3.55800E+02   1.20000E-01   2.18544E-01   5.75703E-05   9.43714E-05   0.00000E+00   1.89922E-03   1.00000E+00   0.00000E+00   3.87578E+00   2.23798E-16            16   3.29839E-10   3.14070E+00
        2966   3.55920E+02   1.20000E-01   2.18544E-01   5.73261E-05   9.39426E-05   0.00000E+00   1.91488E-03   1.00000E+00   0.00000E+00   3.87578E+00   2.23126E-16            16   3.29350E-10   3.14069E+00
        2967   3.56040E+02   1.20000E-01   2.18544E-01   5.70809E-05   9.35124E-05   0.00000E+00   1.93046E-03   1.00000E+00   0.00000E+00   3.87578E+00   2.21635E-16            16   3.28824E-10   3.14068E+00
        2968   3.56160E+02   1.20000E-01   2.18544E-01   5.68349E-05   9.30817E-05   0.00000E+00   1.94596E-03   1.00000E+00   0.00000E+00   3.87578E+00   2.19350E-16            16   3.28185E-10   3.14067E+00
        2969   3.56280E+02   1.20000E-01   2.18544E-01   5.65879E-05   9.26499E-05   0.00000E+00   1.96137E-03   1.00000E+00   0.00000E+00   3.87578E+00   2.16344E-16            16   3.27429E-10   3.14066E+00
        2970   3.56400E+02   1.20000E-01   2.18544E-01   5.63400E-05   9.22165E-05   0.00000E+00   1.97669E-03   1.00000E+00   0.00000E+00   3.87578E+00   2.12596E-16            16   3.26604E-10   3.14065E+00
        2971   3.56520E+02   1.20000E-01   2.18544E-01   5.60912E-05   9.17814E-05   0.00000E+00   1.99194E-03   1.00000E+00   0.00000E+00   3.87578E+00   2.08540E-16            16   3.25684E-10   3.14064E+00
        2972   3.56640E+02   1.20000E-01   2.18544E-01   5.58415E-05   9.13447E-05   0.00000E+00   2.00710E-03   1.00000E+00   0.00000E+00   3.87578E+00   2.03869E-16            16   3.24722E-10   3.14063E+00
        2973   3.56760E+02   1.20000E-01   2.18544E-01   5.55910E-05   9.09064E-05   0.00000E+00   2.02218E-03   1.00000E+00   0.00000E+00   3.87578E+00   1.98949E-16            16   3.23680E-10   3.14062E+00
        2974   3.56880E+02   1.20000E-01   2.18544E-01   5.53395E-05   9.04665E-05   0.00000E+00   2.03718E-03   1.00000E+00   0.00000E+00   3.87578E+00   1.93622E-16            16   3.22624E-10   3.14061E+00
        2975   3.57000E+02   1.20000E-01   2.18544E-01   5.50872E-05   9.00251E-05   0.00000E+00   2.05210E-03   1.00000E+00   0.00000E+00   3.87578E+00   1.88004E-16            16   3.21529E-10   3.14060E+00
        2976   3.57120E+02   1.20000E-01   2.18544E-01   5.48341E-05   8.95820E-05   0.00000E+00   2.06695E-03   1.00000E+00   0.00000E+00   3.87578E+00   1.82100E-16            16   3.20443E-10   3.14059E+00
        2977   3.57240E+02   1.20000E-01   2.18544E-01   5.45801E-05   8.91375E-05   0.00000E+00   2.08171E-03   1.00000E+00   0.00000E+00   3.87578E+00   1.76147E-16            16   3.19345E-10   3.14058E+00
        2978   3.57360E+02   1.20000E-01   2.18544E-01   5.43252E-05   8.86914E-05   0.00000E+00   2.09639E-03   1.00000E+00   0.00000E+00   3.87578E+00   1.70746E-16            16   3.18287E-10   3.14057E+00
        2979   3.57480E+02   1.20000E-01   2.18544E-01   5.40696E-05   8.82438E-05   0.00000E+00   2.11099E-03   1.00000E+00   0.00000E+00   3.87578E+00   1.66756E-16            16   3.17243E-10   3.14056E+00
        2980   3.57600E+02   1.20000E-01   2.18544E-01   5.38130E-05   8.77947E-05   0.00000E+00   2.12552E-03   1.00000E+00   0.00000E+00   3.87578E+00   1.63036E-16            16   3.16274E-10   3.14055E+00
        2981   3.57720E+02   1.20000E-01   2.18544E-01   5.35557E-05   8.73442E-05   0.00000E+00   2.13996E-03   1.00000E+00   0.00000E+00   3.87578E+00   1.59196E-16            16   3.15345E-10   3.14054E+00
        2982   3.57840E+02   1.20000E-01   2.18544E-01   5.32976E-05   8.68922E-05   0.00000E+00   2.15433E-03   1.00000E+00   0.00000E+00   3.87578E+00   1.55801E-16            16   3.14520E-10   3.14052E+00
        2983   3.57960E+02   1.20000E-01   2.18544E-01   5.30387E-05   8.64388E-05   0.00000E+00   2.16862E-03   1.00000E+00   0.00000E+00   3.87578E+00   1.52304E-16            16   3.13762E-10   3.14051E+00
        2984   3.58080E+02   1.20000E-01   2.18544E-01   5.27790E-05   8.59840E-05   0.00000E+00   2.18283E-03   1.00000E+00   0.00000E+00   3.87578E+00   1.49175E-16            16   3.13127E-10   3.14050E+00
        2985   3.58200E+02   1.20000E-01   2.18544E-01   5.25185E-05   8.55279E-05   0.00000E+00   2.19696E-03   1.00000E+00   0.00000E+00   3.87578E+00   1.46365E-16            16   3.12573E-10   3.14049E+00
        2986   3.58320E+02   1.20000E-01   2.18544E-01   5.22572E-05   8.50704E-05   0.00000E+00   2.21102E-03   1.00000E+00   0.00000E+00   3.87578E+00   1.47356E-16            16   3.12145E-10   3.14049E+00
        2987   3.58440E+02   1.20000E-01   2.18544E-01   5.19952E-05   8.46115E-05   0.00000E+00   2.22500E-03   1.00000E+00   0.00000E+00   3.87578E+00   1.48341E-16            16   3.11803E-10   3.14048E+00
        2988   3.58560E+02   1.20000E-01   2.18544E-01   5.17324E-05   8.41514E-05   0.00000E+00   2.23889E-03   1.00000E+00   0.00000E+00   3.87578E+00   1.49315E-16            16   3.11580E-10   3.14047E+00
        2989   3.58680E+02   1.20000E-01   2.18544E-01   5.14688E-05   8.36900E-05   0.00000E+00   2.25271E-03   1.00000E+00   0.00000E+00   3.87578E+00   1.50253E-16            16   3.11417E-10   3.14046E+00
        2990   3.58800E+02   1.20000E-01   2.18544E-01   5.12046E-05   8.32273E-05   0.00000E+00   2.26646E-03   1.00000E+00   0.00000E+00   3.87578E+00   1.51201E-16            16   3.11363E-10   3.14045E+00
        2991   3.58920E+02   1.20000E-01   2.18544E-01   5.09395E-05   8.27637E-05   0.00000E+00   2.28013E-03   1.00000E+00   0.00000E+00   3.87578E+00   1.52107E-16            16   3.11333E-10   3.14044E+00
        2992   3.59040E+02   1.20000E-01   2.18544E-01   5.06738E-05   8.22991E-05   0.00000E+00   2.29374E-03   1.00000E+00   0.00000E+00   3.87578E+00   1.52938E-16            16   3.11372E-10   3.14043E+00
        2993   3.59160E+02   1.20000E-01   2.18544E-01   5.04074E-05   8.18333E-05   0.00000E+00   2.30726E-03   1.00000E+00   0.00000E+00   3.87578E+00   1.53786E-16            16   3.11430E-10   3.14042E+00
        2994   3.59280E+02   1.20000E-01   2.18544E-01   5.01402E-05   8.13662E-05   0.00000E+00   2.32070E-03   1.00000E+00   0.00000E+00   3.87578E+00   1.54572E-16            16   3.11509E-10   3.14041E+00
        2995   3.59400E+02   1.20000E-01   2.18544E-01   4.98724E-05   8.08980E-05   0.00000E+00   2.33405E-03   1.00000E+00   0.00000E+00   3.87578E+00   1.55284E-16            16   3.11573E-10   3.14040E+00
        2996   3.59520E+02   1.20000E-01   2.18544E-01   4.96038E-05   8.04286E-05   0.00000E+00   2.34732E-03   1.00000E+00   0.00000E+00   3.87578E+00   1.55984E-16            16   3.11658E-10   3.14039E+00
        2997   3.59640E+02   1.20000E-01   2.18544E-01   4.93346E-05   7.99580E-05   0.00000E+00   2.36051E-03   1.00000E+00   0.00000E+00   3.87578E+00   1.56605E-16            16   3.11686E-10   3.14038E+00
        2998   3.59760E+02   1.20000E-01   2.18544E-01   4.90647E-05   7.94863E-05   0.00000E+00   2.37360E-03   1.00000E+00   0.00000E+00   3.87578E+00   1.57151E-16            16   3.11712E-10   3.14037E+00
        2999   3.59880E+02   1.20000E-01   2.18544E-01   4.87941E-05   7.90135E-05   0.00000E+00   2.38662E-03   1.00000E+00   0.00000E+00   3.87578E+00   1.57656E-16            16   3.11694E-10   3.14036E+00
        3000   3.60000E+02   1.20000E-01   2.18544E-01   4.85229E-05   7.85396E-05   0.00000E+00   2.39954E-03   1.00000E+00   0.00000E+00   3.87578E+00   1.58078E-16            16   3.11636E-10   3.14035E+00
        3001   3.60120E+02   1.20000E-01   2.18544E-01   4.82511E-05   7.80647E-05   0.00000E+00   2.41237E-03   1.00000E+00   0.00000E+00   3.87578E+00   1.58429E-16            16   3.11526E-10   3.14034E+00
        3002   3.60240E+02   1.20000E-01   2.18544E-01   4.79786E-05   7.75887E-05   0.00000E+00   2.42512E-03   1.00000E+00   0.00000E+00   3.87578E+00   1.58751E-16            16   3.11393E-10   3.14033E+00
        3003   3.60360E+02   1.20000E-01   2.18544E-01   4.77054E-05   7.71117E-05   0.00000E+00   2.43778E-03   1.00000E+00   0.00000E+00   3.87578E+00   1.58955E-16            16   3.11178E-10   3.14032E+00
        3004   3.60480E+02   1.20000E-01   2.18544E-01   4.74317E-05   7.66337E-05   0.00000E+00   2.45034E-03   1.00000E+00   0.00000E+00   3.87578E+00   1.59100E-16            16   3.10942E-10   3.14032E+00
        3005   3.60600E+02   1.20000E-01   2.18544E-01   4.71573E-05   7.61548E-05   0.00000E+00   2.46282E-03   1.00000E+00   0.00000E+00   3.87578E+00   1.59188E-16            16   3.10639E-10   3.14031E+00
        3006   3.60720E+02   1.20000E-01   2.18544E-01   4.68824E-05   7.56749E-05   0.00000E+00   2.47520E-03   1.00000E+00   0.00000E+00   3.87578E+00   1.59188E-16            16   3.10298E-10   3.14030E+00
        3007   3.60840E+02   1.20000E-01   2.18544E-01   4.66068E-05   7.51941E-05   0.00000E+00   2.48749E-03   1.00000E+00   0.00000E+00   3.87578E+00   1.59135E-16            16   3.09903E-10   3.14029E+00
        3008   3.60960E+02   1.20000E-01   2.18544E-01   4.63306E-05   7.47123E-05   0.00000E+00   2.49968E-03   1.00000E+00   0.00000E+00   3.87578E+00   1.58979E-16            16   3.09480E-10   3.14028E+00
        3009   3.61080E+02   1.20000E-01   2.18544E-01   4.60539E-05   7.42297E-05   0.00000E+00   2.51179E-03   1.00000E+00   0.00000E+00   3.87578E+00   1.58804E-16            16   3.09001E-10   3.14027E+00
        3010   3.61200E+02   1.20000E-01   2.18544E-01   4.57766E-05   7.37463E-05   0.00000E+00   2.52379E-03   1.00000E+00   0.00000E+00   3.87578E+00   1.58487E-16            16   3.08501E-10   3.14026E+00
        3011   3.61320E+02   1.20000E-01   2.18544E-01   4.54987E-05   7.32620E-05   0.00000E+00   2.53570E-03   1.00000E+00   0.00000E+00   3.87578E+00   1.58211E-16            16   3.07914E-10   3.14025E+00
        3012   3.61440E+02   1.20000E-01   2.18544E-01   4.52203E-05   7.27769E-05   0.00000E+00   2.54752E-03   1.00000E+00   0.00000E+00   3.87578E+00   1.57743E-16            16   3.07358E-10   3.14025E+00
        3013   3.61560E+02   1.20000E-01   2.18544E-01   4.49413E-05   7.22910E-05   0.00000E+00   2.55924E-03   1.00000E+00   0.00000E+00   3.87578E+00   1.57350E-16            16   3.06692E-10   3.14024E+00
        3014   3.61680E+02   1.20000E-01   2.18544E-01   4.46618E-05   7.18043E-05   0.00000E+00   2.57086E-03   1.00000E+00   0.00000E+00   3.87578E+00   1.56758E-16            16   3.06065E-10   3.14023E+00
        3015   3.61800E+02   1.20000E-01   2.18544E-01   4.43818E-05   7.13169E-05   0.00000E+00   2.58238E-03   1.00000E+00   0.00000E+00   3.87578E+00   1.56228E-16            16   3.05337E-10   3.14022E+00
        3016   3.61920E+02   1.20000E-01   2.18544E-01   4.41012E-05   7.08288E-05   0.00000E+00   2.59380E-03   1.00000E+00   0.00000E+00   3.87578E+00   1.55534E-16            16   3.04657E-10   3.14021E+00
        3017   3.62040E+02   1.20000E-01   2.18544E-01   4.38201E-05   7.03399E-05   0.00000E+00   2.60513E-03   1.00000E+00   0.00000E+00   3.87578E+00   1.54902E-16            16   3.03884E-10   3.14020E+00
        3018   3.62160E+02   1.20000E-01   2.18544E-01   4.35386E-05   6.98504E-05   0.00000E+00   2.61635E-03   1.00000E+00   0.00000E+00   3.87578E+00   1.54119E-16            16   3.03161E-10   3.14020E+00
        3019   3.62280E+02   1.20000E-01   2.18544E-01   4.32565E-05   6.93602E-05   0.00000E+00   2.62748E-03   1.00000E+00   0.00000E+00   3.87578E+00   1.53417E-16            16   3.02355E-10   3.14019E+00
        3020   3.62400E+02   1.20000E-01   2.18544E-01   4.29739E-05   6.88693E-05   0.00000E+00   2.63850E-03   1.00000E+00   0.00000E+00   3.87578E+00   1.52570E-16            16   3.01604E-10   3.14018E+00
        3021   3.62520E+02   1.20000E-01   2.18544E-01   4.26909E-05   6.83780E-05   0.00000E+00   2.64942E-03   1.00000E+00   0.00000E+00   3.87578E+00   1.51786E-16            16   3.00780E-10   3.14017E+00
        3022   3.62640E+02   1.20000E-01   2.18544E-01   4.24074E-05   6.78862E-05   0.00000E+00   2.66025E-03   1.00000E+00   0.00000E+00   3.87578E+00   1.50915E-16            16   3.00016E-10   3.14016E+00
        3023   3.62760E+02   1.20000E-01   2.18544E-01   4.21234E-05   6.73937E-05   0.00000E+00   2.67097E-03   1.00000E+00   0.00000E+00   3.87578E+00   1.50106E-16            16   2.99196E-10   3.14016E+00
        3024   3.62880E+02   1.20000E-01   2.18544E-01   4.18714E-05   6.69266E-05   0.00000E+00   2.68159E-03   1.00000E+00   0.00000E+00   3.87578E+00   1.49234E-16            16   2.98420E-10   3.14015E+00
        3025   3.63000E+02   1.20000E-01   2.18544E-01   4.16426E-05   6.64829E-05   0.00000E+00   2.69210E-03   1.00000E+00   0.00000E+00   3.87578E+00   1.48382E-16            16   2.97608E-10   3.14014E+00
        3026   3.63120E+02   1.20000E-01   2.18544E-01   4.14133E-05   6.60384E-05   0.00000E+00   2.70252E-03   1.00000E+00   0.00000E+00   3.87578E+00   1.47489E-16            16   2.96856E-10   3.14013E+00
        3027   3.63240E+02   1.20000E-01   2.18544E-01   4.11834E-05   6.55933E-05   0.00000E+00   2.71283E-03   1.00000E+00   0.00000E+00   3.87578E+00   1.46672E-16            16   2.96058E-10   3.14012E+00
        3028   3.63360E+02   1.20000E-01   2.18544E-01   4.09529E-05   6.51474E-05   0.00000E+00   2.72304E-03   1.00000E+00   0.00000E+00   3.87578E+00   1.45800E-16            16   2.95327E-10   3.14012E+00
        3029   3.63480E+02   1.20000E-01   2.18544E-01   4.07219E-05   6.47009E-05   0.00000E+00   2.73315E-03   1.00000E+00   0.00000E+00   3.87578E+00   1.44971E-16            16   2.94559E-10   3.14011E+00
        3030   3.63600E+02   1.20000E-01   2.18544E-01   4.04904E-05   6.42537E-05   0.00000E+00   2.74316E-03   1.00000E+00   0.00000E+00   3.87578E+00   1.44151E-16            16   2.93855E-10   3.14010E+00
        3031   3.63720E+02   1.20000E-01   2.18544E-01   4.02583E-05   6.38058E-05   0.00000E+00   2.75306E-03   1.00000E+00   0.00000E+00   3.87578E+00   1.43333E-16            16   2.93117E-10   3.14009E+00
        3032   3.63840E+02   1.20000E-01   2.18544E-01   4.00257E-05   6.33573E-05   0.00000E+00   2.76286E-03   1.00000E+00   0.00000E+00   3.87578E+00   1.42530E-16            16   2.92442E-10   3.14009E+00
        3033   3.63960E+02   1.20000E-01   2.18544E-01   3.97926E-05   6.29081E-05   0.00000E+00   2.77256E-03   1.00000E+00   0.00000E+00   3.87578E+00   1.41739E-16            16   2.91735E-10   3.14008E+00
        3034   3.64080E+02   1.20000E-01   2.18544E-01   3.95590E-05   6.24584E-05   0.00000E+00   2.78216E-03   1.00000E+00   0.00000E+00   3.87578E+00   1.40974E-16            16   2.91085E-10   3.14007E+00
        3035   3.64200E+02   1.20000E-01   2.18544E-01   3.93249E-05   6.20080E-05   0.00000E+00   2.79166E-03   1.00000E+00   0.00000E+00   3.87578E+00   1.40218E-16            16   2.90409E-10   3.14006E+00
        3036   3.64320E+02   1.20000E-01   2.18544E-01   3.90903E-05   6.15571E-05   0.00000E+00   2.80105E-03   1.00000E+00   0.00000E+00   3.87578E+00   1.39449E-16            16   2.89762E-10   3.14006E+00
        3037   3.64440E+02   1.20000E-01   2.18544E-01   3.88551E-05   6.11056E-05   0.00000E+00   2.81034E-03   1.00000E+00   0.00000E+00   3.87578E+00   1.38710E-16            16   2.89117E-10   3.14005E+00
        3038   3.64560E+02   1.20000E-01   2.18544E-01   3.86196E-05   6.06535E-05   0.00000E+00   2.81954E-03   1.00000E+00   0.00000E+00   3.87578E+00   1.37960E-16            16   2.88483E-10   3.14004E+00
        3039   3.64680E+02   1.20000E-01   2.18544E-01   3.83835E-05   6.02008E-05   0.00000E+00   2.82863E-03   1.00000E+00   0.00000E+00   3.87578E+00   1.37187E-16            16   2.87832E-10   3.14004E+00
        3040   3.64800E+02   1.20000E-01   2.18544E-01   3.81470E-05   5.97476E-05   0.00000E+00   2.83762E-03   1.00000E+00   0.00000E+00   3.87578E+00   1.36491E-16            16   2.87205E-10   3.14003E+00
        3041   3.64920E+02   1.20000E-01   2.18544E-01   3.79100E-05   5.92939E-05   0.00000E+00   2.84651E-03   1.00000E+00   0.00000E+00   3.87578E+00   1.35704E-16            16   2.86557E-10   3.14002E+00
        3042   3.65040E+02   1.20000E-01   2.18544E-01   3.76725E-05   5.88397E-05   0.00000E+00   2.85531E-03   1.00000E+00   0.00000E+00   3.87578E+00   1.34957E-16            16   2.85914E-10   3.14002E+00
        3043   3.65160E+02   1.20000E-01   2.18544E-01   3.74346E-05   5.83849E-05   0.00000E+00   2.86400E-03   1.00000E+00   0.00000E+00   3.87578E+00   1.34179E-16            16   2.85243E-10   3.14001E+00
        3044   3.65280E+02   1.20000E-01   2.18544E-01   3.71963E-05   5.79297E-05   0.00000E+00   2.87260E-03   1.00000E+00   0.00000E+00   3.87578E+00   1.33428E-16            16   2.84594E-10   3.14000E+00
        3045   3.65400E+02   1.20000E-01   2.18544E-01   3.69575E-05   5.74740E-05   0.00000E+00   2.88109E-03   1.00000E+00   0.00000E+00   3.87578E+00   1.32612E-16            16   2.83903E-10   3.13999E+00
        3046   3.65520E+02   1.20000E-01   2.18544E-01   3.67183E-05   5.70178E-05   0.00000E+00   2.88949E-03   1.00000E+00   0.00000E+00   3.87578E+00   1.31789E-16            16   2.83212E-10   3.13999E+00
        3047   3.65640E+02   1.20000E-01   2.18544E-01   3.64787E-05   5.65612E-05   0.00000E+00   2.89780E-03   1.00000E+00   0.00000E+00   3.87578E+00   1.30955E-16            16   2.82494E-10   3.13998E+00
        3048   3.65760E+02   1.20000E-01   2.18544E-01   3.62387E-05   5.61041E-05   0.00000E+00   2.90600E-03   1.00000E+00   0.00000E+00   3.87578E+00   1.30075E-16            16   2.81769E-10   3.13997E+00
        3049   3.65880E+02   1.20000E-01   2.18544E-01   3.59983E-05   5.56466E-05   0.00000E+00   2.91411E-03   1.00000E+00   0.00000E+00   3.87578E+00   1.29198E-16            16   2.81017E-10   3.13997E+00
        3050   3.66000E+02   1.20000E-01   2.18544E-01   3.57574E-05   5.51887E-05   0.00000E+00   2.92213E-03   1.00000E+00   0.00000E+00   3.87578E+00   1.28248E-16            16   2.80248E-10   3.13996E+00
        3051   3.66120E+02   1.20000E-01   2.18544E-01   3.55162E-05   5.47304E-05   0.00000E+00   2.93006E-03   1.00000E+00   0.00000E+00   3.87578E+00   1.27277E-16            16   2.79456E-10   3.13996E+00
        3052   3.66240E+02   1.20000E-01   2.18544E-01   3.52746E-05   5.42716E-05   0.00000E+00   2.93789E-03   1.00000E+00   0.00000E+00   3.87578E+00   1.26259E-16            16   2.78649E-10   3.13995E+00
        3053   3.66360E+02   1.20000E-01   2.18544E-01   3.50326E-05   5.38125E-05   0.00000E+00   2.94562E-03   1.00000E+00   0.00000E+00   3.87578E+00   1.25213E-16            16   2.77817E-10   3.13994E+00
        3054   3.66480E+02   1.20000E-01   2.18544E-01   3.47903E-05   5.33531E-05   0.00000E+00   2.95326E-03   1.00000E+00   0.00000E+00   3.87578E+00   1.24082E-16            16   2.76970E-10   3.13994E+00
        3055   3.66600E+02   1.20000E-01   2.18544E-01   3.45476E-05   5.28932E-05   0.00000E+00   2.96081E-03   1.00000E+00   0.00000E+00   3.87578E+00   1.22913E-16            16   2.76100E-10   3.13993E+00
        3056   3.66720E+02   1.20000E-01   2.18544E-01   3.43045E-05   5.24330E-05   0.00000E+00   2.96826E-03   1.00000E+00   0.00000E+00   3.87578E+00   1.21691E-16            16   2.75222E-10   3.13992E+00
        3057   3.66840E+02   1.20000E-01   2.18544E-01   3.40611E-05   5.19725E-05   0.00000E+00   2.97562E-03   1.00000E+00   0.00000E+00   3.87578E+00   1.20357E-16            16   2.74321E-10   3.13992E+00
        3058   3.66960E+02   1.20000E-01   2.18544E-01   3.38174E-05   5.15117E-05   0.00000E+00   2.98289E-03   1.00000E+00   0.00000E+00   3.87578E+00   1.18990E-16            16   2.73417E-10   3.13991E+00
        3059   3.67080E+02   1.20000E-01   2.18544E-01   3.35733E-05   5.10505E-05   0.00000E+00   2.99007E-03   1.00000E+00   0.00000E+00   3.87578E+00   1.17529E-16            16   2.72498E-10   3.13991E+00
        3060   3.67200E+02   1.20000E-01   2.18544E-01   3.33289E-05   5.05890E-05   0.00000E+00   2.99715E-03   1.00000E+00   0.00000E+00   3.87578E+00   1.15987E-16            16   2.71579E-10   3.13990E+00
        3061   3.67320E+02   1.20000E-01   2.18544E-01   3.30842E-05   5.01273E-05   0.00000E+00   3.00414E-03   1.00000E+00   0.00000E+00   3.87578E+00   1.14351E-16            16   2.70657E-10   3.13989E+00
        3062   3.67440E+02   1.20000E-01   2.18544E-01   3.28391E-05   4.96653E-05   0.00000E+00   3.01104E-03   1.00000E+00   0.00000E+00   3.87578E+00   1.12636E-16            16   2.69743E-10   3.13989E+00
        3063   3.67560E+02   1.20000E-01   2.18544E-01   3.25938E-05   4.92030E-05   0.00000E+00   3.01785E-03   1.00000E+00   0.00000E+00   3.87578E+00   1.10785E-16            16   2.68834E-10   3.13988E+00
        3064   3.67680E+02   1.20000E-01   2.18544E-01   3.23482E-05   4.87404E-05   0.00000E+00   3.02457E-03   1.00000E+00   0.00000E+00   3.87578E+00   1.08848E-16            16   2.67949E-10   3.13988E+00
        3065   3.67800E+02   1.20000E-01   2.18544E-01   3.21022E-05   4.82777E-05   0.00000E+00   3.03120E-03   1.00000E+00   0.00000E+00   3.87578E+00   1.06795E-16            16   2.67081E-10   3.13987E+00
        3066   3.67920E+02   1.20000E-01   2.18544E-01   3.18560E-05   4.78147E-05   0.00000E+00   3.03773E-03   1.00000E+00   0.00000E+00   3.87578E+00   1.04630E-16            16   2.66246E-10   3.13987E+00
        3067   3.68040E+02   1.20000E-01   2.18544E-01   3.16095E-05   4.73514E-05   0.00000E+00   3.04418E-03   1.00000E+00   0.00000E+00   3.87578E+00   1.02333E-16            16   2.65451E-10   3.13986E+00
        3068   3.68160E+02   1.20000E-01   2.18544E-01   3.13627E-05   4.68880E-05   0.00000E+00   3.05054E-03   1.00000E+00   0.00000E+00   3.87578E+00   9.99333E-17            16   2.64701E-10   3.13986E+00
        3069   3.68280E+02   1.20000E-01   2.18544E-01   3.11157E-05   4.64266E-05   0.00000E+00   3.05680E-03   1.00000E+00   0.00000E+00   3.87578E+00   9.73984E-17            16   2.64012E-10   3.13985E+00
        3070   3.68400E+02   1.20000E-01   2.18544E-01   3.08684E-05   4.60252E-05   0.00000E+00   3.06298E-03   1.00000E+00   0.00000E+00   3.87578E+00   9.47502E-17            16   2.63384E-10   3.13985E+00
        3071   3.68520E+02   1.20000E-01   2.18544E-01   3.06209E-05   4.56234E-05   0.00000E+00   3.06907E-03   1.00000E+00   0.00000E+00   3.87578E+00   9.19617E-17            16   2.62838E-10   3.13984E+00
        3072   3.68640E+02   1.20000E-01   2.18544E-01   3.03731E-05   4.52214E-05   0.00000E+00   3.07507E-03   1.00000E+00   0.00000E+00   3.87578E+00   8.90798E-17            16   2.62373E-10   3.13983E+00
        3073   3.68760E+02   1.20000E-01   2.18544E-01   3.01251E-05   4.48190E-05   0.00000E+00   3.08098E-03   1.00000E+00   0.00000E+00   3.87578E+00   8.60573E-17            16   2.62011E-10   3.13983E+00
        3074   3.68880E+02   1.20000E-01   2.18544E-01   2.98768E-05   4.44164E-05   0.00000E+00   3.08680E-03   1.00000E+00   0.00000E+00   3.87578E+00   8.29219E-17            16   2.61750E-10   3.13982E+00
        3075   3.69000E+02   1.20000E-01   2.18544E-01   2.96284E-05   4.40135E-05   0.00000E+00   3.09254E-03   1.00000E+00   0.00000E+00   3.87578E+00   7.96908E-17            16   2.61613E-10   3.13982E+00
        3076   3.69120E+02   1.20000E-01   2.18544E-01   2.93797E-05   4.36104E-05   0.00000E+00   3.09818E-03   1.00000E+00   0.00000E+00   3.87578E+00   7.63542E-17            16   2.61597E-10   3.13981E+00
        3077   3.69240E+02   1.20000E-01   2.18544E-01   2.91308E-05   4.32070E-05   0.00000E+00   3.10374E-03   1.00000E+00   0.00000E+00   3.87578E+00   7.29256E-17            16   2.61723E-10   3.13981E+00
        3078   3.69360E+02   1.20000E-01   2.18544E-01   2.88817E-05   4.28033E-05   0.00000E+00   3.10920E-03   1.00000E+00   0.00000E+00   3.87578E+00   7.18165E-17            16   2.61988E-10   3.13980E+00
        3079   3.69480E+02   1.20000E-01   2.18544E-01   2.86324E-05   4.23995E-05   0.00000E+00   3.11458E-03   1.00000E+00   0.00000E+00   3.87578E+00   7.64118E-17            16   2.62410E-10   3.13980E+00
        3080   3.69600E+02   1.20000E-01   2.18544E-01   2.84007E-05   4.19955E-05   0.00000E+00   3.11987E-03   1.00000E+00   0.00000E+00   3.87578E+00   8.08945E-17            16   2.62984E-10   3.13979E+00
        3081   3.69720E+02   1.20000E-01   2.18544E-01   2.81983E-05   4.15912E-05   0.00000E+00   3.12508E-03   1.00000E+00   0.00000E+00   3.87578E+00   8.51432E-17            16   2.63727E-10   3.13979E+00
        3082   3.69840E+02   1.20000E-01   2.18544E-01   2.79955E-05   4.11868E-05   0.00000E+00   3.13019E-03   1.00000E+00   0.00000E+00   3.87578E+00   8.91642E-17            16   2.64630E-10   3.13979E+00
        3083   3.69960E+02   1.20000E-01   2.18544E-01   2.77925E-05   4.07821E-05   0.00000E+00   3.13522E-03   1.00000E+00   0.00000E+00   3.87578E+00   9.28897E-17            16   2.65708E-10   3.13978E+00
        3084   3.70080E+02   1.20000E-01   2.18544E-01   2.75892E-05   4.03774E-05   0.00000E+00   3.14016E-03   1.00000E+00   0.00000E+00   3.87578E+00   9.63545E-17            16   2.66949E-10   3.13978E+00
        3085   3.70200E+02   1.20000E-01   2.18544E-01   2.73857E-05   3.99724E-05   0.00000E+00   3.14501E-03   1.00000E+00   0.00000E+00   3.87578E+00   9.95653E-17            16   2.68363E-10   3.13977E+00
        3086   3.70320E+02   1.20000E-01   2.18544E-01   2.71819E-05   3.95673E-05   0.00000E+00   3.14977E-03   1.00000E+00   0.00000E+00   3.87578E+00   1.02507E-16            16   2.69939E-10   3.13977E+00
        3087   3.70440E+02   1.20000E-01   2.18544E-01   2.69778E-05   3.91621E-05   0.00000E+00   3.15444E-03   1.00000E+00   0.00000E+00   3.87578E+00   1.05113E-16            16   2.71683E-10   3.13976E+00
        3088   3.70560E+02   1.20000E-01   2.18544E-01   2.67735E-05   3.87568E-05   0.00000E+00   3.15903E-03   1.00000E+00   0.00000E+00   3.87578E+00   1.07436E-16            16   2.73580E-10   3.13976E+00
        3089   3.70680E+02   1.20000E-01   2.18544E-01   2.65690E-05   3.83513E-05   0.00000E+00   3.16352E-03   1.00000E+00   0.00000E+00   3.87578E+00   1.09439E-16            16   2.75635E-10   3.13975E+00
        3090   3.70800E+02   1.20000E-01   2.18544E-01   2.63642E-05   3.79457E-05   0.00000E+00   3.16793E-03   1.00000E+00   0.00000E+00   3.87578E+00   1.11145E-16            16   2.77833E-10   3.13975E+00
        3091   3.70920E+02   1.20000E-01   2.18544E-01   2.61592E-05   3.75401E-05   0.00000E+00   3.17225E-03   1.00000E+00   0.00000E+00   3.87578E+00   1.12555E-16            16   2.80174E-10   3.13975E+00
        3092   3.71040E+02   1.20000E-01   2.18544E-01   2.59540E-05   3.71343E-05   0.00000E+00   3.17648E-03   1.00000E+00   0.00000E+00   3.87578E+00   1.13699E-16            16   2.82640E-10   3.13974E+00
        3093   3.71160E+02   1.20000E-01   2.18544E-01   2.57485E-05   3.67287E-05   0.00000E+00   3.18063E-03   1.00000E+00   0.00000E+00   3.87578E+00   1.14478E-16            16   2.85242E-10   3.13974E+00
        3094   3.71280E+02   1.20000E-01   2.18544E-01   2.55428E-05   3.63232E-05   0.00000E+00   3.18469E-03   1.00000E+00   0.00000E+00   3.87578E+00   1.15032E-16            16   2.87954E-10   3.13973E+00
        3095   3.71400E+02   1.20000E-01   2.18544E-01   2.53370E-05   3.59177E-05   0.00000E+00   3.18865E-03   1.00000E+00   0.00000E+00   3.87578E+00   1.15310E-16            16   2.90779E-10   3.13973E+00
        3096   3.71520E+02   1.20000E-01   2.18544E-01   2.51309E-05   3.55121E-05   0.00000E+00   3.19253E-03   1.00000E+00   0.00000E+00   3.87578E+00   1.15349E-16            16   2.93701E-10   3.13973E+00
        3097   3.71640E+02   1.20000E-01   2.18544E-01   2.49246E-05   3.51065E-05   0.00000E+00   3.19632E-03   1.00000E+00   0.00000E+00   3.87578E+00   1.15095E-16            16   2.96723E-10   3.13972E+00
        3098   3.71760E+02   1.20000E-01   2.18544E-01   2.47181E-05   3.47009E-05   0.00000E+00   3.20003E-03   1.00000E+00   0.00000E+00   3.87578E+00   1.14647E-16            16   2.99825E-10   3.13972E+00
        3099   3.71880E+02   1.20000E-01   2.18544E-01   2.45115E-05   3.42953E-05   0.00000E+00   3.20364E-03   1.00000E+00   0.00000E+00   3.87578E+00   1.13987E-16            16   3.03013E-10   3.13972E+00
        3100   3.72000E+02   1.20000E-01   2.18544E-01   2.43046E-05   3.38897E-05   0.00000E+00   3.20717E-03   1.00000E+00   0.00000E+00   3.87578E+00   1.13090E-16            16   3.06268E-10   3.13971E+00
        3101   3.72120E+02   1.20000E-01   2.18544E-01   2.40976E-05   3.34842E-05   0.00000E+00   3.21061E-03   1.00000E+00   0.00000E+00   3.87578E+00   1.12044E-16            16   3.09598E-10   3.13971E+00
        3102   3.72240E+02   1.20000E-01   2.18544E-01   2.38905E-05   3.30786E-05   0.00000E+00   3.21396E-03   1.00000E+00   0.00000E+00   3.87578E+00   1.10783E-16            16   3.12981E-10   3.13970E+00
        3103   3.72360E+02   1.20000E-01   2.18544E-01   2.36831E-05   3.26731E-05   0.00000E+00   3.21722E-03   1.00000E+00   0.00000E+00   3.87578E+00   1.09401E-16            16   3.16428E-10   3.13970E+00
        3104   3.72480E+02   1.20000E-01   2.18544E-01   2.34756E-05   3.22677E-05   0.00000E+00   3.22039E-03   1.00000E+00   0.00000E+00   3.87578E+00   1.07862E-16            16   3.19917E-10   3.13970E+00
        3105   3.72600E+02   1.20000E-01   2.18544E-01   2.32680E-05   3.18623E-05   0.00000E+00   3.22348E-03   1.00000E+00   0.00000E+00   3.87578E+00   1.06196E-16            16   3.23462E-10   3.13969E+00
        3106   3.72720E+02   1.20000E-01   2.18544E-01   2.30602E-05   3.14970E-05   0.00000E+00   3.22648E-03   1.00000E+00   0.00000E+00   3.87578E+00   1.04381E-16            16   3.27038E-10   3.13969E+00
        3107   3.72840E+02   1.20000E-01   2.18544E-01   2.28523E-05   3.11555E-05   0.00000E+00   3.22939E-03   1.00000E+00   0.00000E+00   3.87578E+00   1.02493E-16            16   3.30663E-10   3.13969E+00
        3108   3.72960E+02   1.20000E-01   2.18544E-01   2.26442E-05   3.08140E-05   0.00000E+00   3.23221E-03   1.00000E+00   0.00000E+00   3.87578E+00   1.00475E-16            16   3.34311E-10   3.13968E+00
        3109   3.73080E+02   1.20000E-01   2.18544E-01   2.24361E-05   3.04724E-05   0.00000E+00   3.23494E-03   1.00000E+00   0.00000E+00   3.87578E+00   9.84232E-17            16   3.38003E-10   3.13968E+00
        3110   3.73200E+02   1.20000E-01   2.18544E-01   2.22278E-05   3.01307E-05   0.00000E+00   3.23759E-03   1.00000E+00   0.00000E+00   3.87578E+00   9.62571E-17            16   3.41710E-10   3.13968E+00
        3111   3.73320E+02   1.20000E-01   2.18544E-01   2.20193E-05   2.97890E-05   0.00000E+00   3.24015E-03   1.00000E+00   0.00000E+00   3.87578E+00   9.40482E-17            16   3.45458E-10   3.13968E+00
        3112   3.73440E+02   1.20000E-01   2.18544E-01   2.18108E-05   2.94474E-05   0.00000E+00   3.24262E-03   1.00000E+00   0.00000E+00   3.87578E+00   9.17635E-17            16   3.49216E-10   3.13967E+00
        3113   3.73560E+02   1.20000E-01   2.18544E-01   2.16022E-05   2.91057E-05   0.00000E+00   3.24500E-03   1.00000E+00   0.00000E+00   3.87578E+00   8.94287E-17            16   3.53015E-10   3.13967E+00
        3114   3.73680E+02   1.20000E-01   2.18544E-01   2.13934E-05   2.87640E-05   0.00000E+00   3.24729E-03   1.00000E+00   0.00000E+00   3.87578E+00   8.70793E-17            16   3.56820E-10   3.13967E+00
        3115   3.73800E+02   1.20000E-01   2.18544E-01   2.11846E-05   2.84223E-05   0.00000E+00   3.24950E-03   1.00000E+00   0.00000E+00   3.87578E+00   8.46844E-17            16   3.60671E-10   3.13966E+00
        3116   3.73920E+02   1.20000E-01   2.18544E-01   2.09757E-05   2.80806E-05   0.00000E+00   3.25162E-03   1.00000E+00   0.00000E+00   3.87578E+00   8.22599E-17            16   3.64531E-10   3.13966E+00
        3117   3.74040E+02   1.20000E-01   2.18544E-01   2.07667E-05   2.77389E-05   0.00000E+00   3.25365E-03   1.00000E+00   0.00000E+00   3.87578E+00   8.01293E-17            16   3.68446E-10   3.13966E+00
        3118   3.74160E+02   1.20000E-01   2.18544E-01   2.07429E-05   2.73973E-05   0.00000E+00   3.25559E-03   1.00000E+00   0.00000E+00   3.87578E+00   7.99058E-17            16   3.72378E-10   3.13966E+00
        3119   3.74280E+02   1.20000E-01   2.18544E-01   2.09214E-05   2.70557E-05   0.00000E+00   3.25745E-03   1.00000E+00   0.00000E+00   3.87578E+00   7.97287E-17            16   3.76382E-10   3.13965E+00
        3120   3.74400E+02   1.20000E-01   2.18544E-01   2.10990E-05   2.67142E-05   0.00000E+00   3.25922E-03   1.00000E+00   0.00000E+00   3.87578E+00   7.94001E-17            16   3.80423E-10   3.13965E+00
        3121   3.74520E+02   1.20000E-01   2.18544E-01   2.12757E-05   2.63727E-05   0.00000E+00   3.26090E-03   1.00000E+00   0.00000E+00   3.87578E+00   7.91138E-17            16   3.84563E-10   3.13965E+00
        3122   3.74640E+02   1.20000E-01   2.18544E-01   2.14514E-05   2.60313E-05   0.00000E+00   3.26250E-03   1.00000E+00   0.00000E+00   3.87578E+00   7.86938E-17            16   3.88770E-10   3.13965E+00
        3123   3.74760E+02   1.20000E-01   2.18544E-01   2.16262E-05   2.56900E-05   0.00000E+00   3.26401E-03   1.00000E+00   0.00000E+00   3.87578E+00   7.83043E-17            16   3.93116E-10   3.13964E+00
        3124   3.74880E+02   1.20000E-01   2.18544E-01   2.18000E-05   2.53488E-05   0.00000E+00   3.26543E-03   1.00000E+00   0.00000E+00   3.87578E+00   7.78107E-17            16   3.97574E-10   3.13964E+00
        3125   3.75000E+02   1.20000E-01   2.18544E-01   2.19729E-05   2.50076E-05   0.00000E+00   3.26677E-03   1.00000E+00   0.00000E+00   3.87578E+00   7.73654E-17            16   4.02226E-10   3.13964E+00
        3126   3.75120E+02   1.20000E-01   2.18544E-01   2.21448E-05   2.46666E-05   0.00000E+00   3.26801E-03   1.00000E+00   0.00000E+00   3.87578E+00   7.68252E-17            16   4.07047E-10   3.13964E+00
        3127   3.75240E+02   1.20000E-01   2.18544E-01   2.23158E-05   2.43256E-05   0.00000E+00   3.26918E-03   1.00000E+00   0.00000E+00   3.87578E+00   7.63392E-17            16   4.12131E-10   3.13964E+00
        3128   3.75360E+02   1.20000E-01   2.18544E-01   2.24858E-05   2.39848E-05   0.00000E+00   3.27025E-03   1.00000E+00   0.00000E+00   3.87578E+00   7.57441E-17            16   4.17453E-10   3.13963E+00
        3129   3.75480E+02   1.20000E-01   2.18544E-01   2.26548E-05   2.36441E-05   0.00000E+00   3.27124E-03   1.00000E+00   0.00000E+00   3.87578E+00   7.52240E-17            16   4.23112E-10   3.13963E+00
        3130   3.75600E+02   1.20000E-01   2.18544E-01   2.28229E-05   2.33036E-05   0.00000E+00   3.27215E-03   1.00000E+00   0.00000E+00   3.87578E+00   7.46175E-17            16   4.29084E-10   3.13963E+00
        3131   3.75720E+02   1.20000E-01   2.18544E-01   2.29900E-05   2.29632E-05   0.00000E+00   3.27297E-03   1.00000E+00   0.00000E+00   3.87578E+00   7.40834E-17            16   4.35464E-10   3.13963E+00
        3132   3.75840E+02   1.20000E-01   2.18544E-01   2.31561E-05   2.26229E-05   0.00000E+00   3.27370E-03   1.00000E+00   0.00000E+00   3.87578E+00   7.34750E-17            16   4.42219E-10   3.13963E+00
        3133   3.75960E+02   1.20000E-01   2.18544E-01   2.33213E-05   2.22828E-05   0.00000E+00   3.27435E-03   1.00000E+00   0.00000E+00   3.87578E+00   7.29308E-17            16   4.49437E-10   3.13962E+00
        3134   3.76080E+02   1.20000E-01   2.18544E-01   2.34855E-05   2.19429E-05   0.00000E+00   3.27491E-03   1.00000E+00   0.00000E+00   3.87578E+00   7.22784E-17            16   4.57067E-10   3.13962E+00
        3135   3.76200E+02   1.20000E-01   2.18544E-01   2.36487E-05   2.16032E-05   0.00000E+00   3.27539E-03   1.00000E+00   0.00000E+00   3.87578E+00   7.16708E-17            16   4.65177E-10   3.13962E+00
        3136   3.76320E+02   1.20000E-01   2.18544E-01   2.38109E-05   2.12636E-05   0.00000E+00   3.27578E-03   1.00000E+00   0.00000E+00   3.87578E+00   7.09678E-17            16   4.73694E-10   3.13962E+00
        3137   3.76440E+02   1.20000E-01   2.18544E-01   2.39721E-05   2.09242E-05   0.00000E+00   3.27609E-03   1.00000E+00   0.00000E+00   3.87578E+00   7.03051E-17            16   4.82658E-10   3.13962E+00
        3138   3.76560E+02   1.20000E-01   2.18544E-01   2.41324E-05   2.05851E-05   0.00000E+00   3.27631E-03   1.00000E+00   0.00000E+00   3.87578E+00   6.94921E-17            16   4.91971E-10   3.13962E+00
        3139   3.76680E+02   1.20000E-01   2.18544E-01   2.42917E-05   2.02813E-05   0.00000E+00   3.27645E-03   1.00000E+00   0.00000E+00   3.87578E+00   6.87011E-17            16   5.01643E-10   3.13961E+00
        3140   3.76800E+02   1.20000E-01   2.18544E-01   2.44500E-05   2.00020E-05   0.00000E+00   3.27650E-03   1.00000E+00   0.00000E+00   3.87578E+00   6.77430E-17            16   5.11553E-10   3.13961E+00
        3141   3.76920E+02   1.20000E-01   2.18544E-01   2.46073E-05   1.97228E-05   0.00000E+00   3.27647E-03   1.00000E+00   0.00000E+00   3.87578E+00   6.67813E-17            16   5.21682E-10   3.13961E+00
        3142   3.77040E+02   1.20000E-01   2.18544E-01   2.47636E-05   1.94437E-05   0.00000E+00   3.27636E-03   1.00000E+00   0.00000E+00   3.87578E+00   6.56305E-17            16   5.31893E-10   3.13961E+00
        3143   3.77160E+02   1.20000E-01   2.18544E-01   2.49189E-05   1.91647E-05   0.00000E+00   3.27616E-03   1.00000E+00   0.00000E+00   3.87578E+00   6.44770E-17            16   5.42151E-10   3.13961E+00
        3144   3.77280E+02   1.20000E-01   2.18544E-01   2.50732E-05   1.88858E-05   0.00000E+00   3.27588E-03   1.00000E+00   0.00000E+00   3.87578E+00   6.30879E-17            16   5.52306E-10   3.13961E+00
        3145   3.77400E+02   1.20000E-01   2.18544E-01   2.52265E-05   1.86071E-05   0.00000E+00   3.27552E-03   1.00000E+00   0.00000E+00   3.87578E+00   6.17100E-17            16   5.62317E-10   3.13961E+00
        3146   3.77520E+02   1.20000E-01   2.18544E-01   2.53788E-05   1.83284E-05   0.00000E+00   3.27507E-03   1.00000E+00   0.00000E+00   3.87578E+00   6.01474E-17            16   5.72032E-10   3.13961E+00
        3147   3.77640E+02   1.20000E-01   2.18544E-01   2.55301E-05   1.80499E-05   0.00000E+00   3.27454E-03   1.00000E+00   0.00000E+00   3.87578E+00   5.85354E-17            16   5.81410E-10   3.13960E+00
        3148   3.77760E+02   1.20000E-01   2.18544E-01   2.56804E-05   1.77716E-05   0.00000E+00   3.27393E-03   1.00000E+00   0.00000E+00   3.87578E+00   5.67849E-17            16   5.90300E-10   3.13960E+00
        3149   3.77880E+02   1.20000E-01   2.18544E-01   2.58297E-05   1.74934E-05   0.00000E+00   3.27323E-03   1.00000E+00   0.00000E+00   3.87578E+00   5.50008E-17            16   5.98662E-10   3.13960E+00
        3150   3.78000E+02   1.20000E-01   2.18544E-01   2.59780E-05   1.72153E-05   0.00000E+00   3.27245E-03   1.00000E+00   0.00000E+00   3.87578E+00   5.30788E-17            16   6.06349E-10   3.13960E+00
        3151   3.78120E+02   1.20000E-01   2.18544E-01   2.61252E-05   1.69374E-05   0.00000E+00   3.27159E-03   1.00000E+00   0.00000E+00   3.87578E+00   5.11610E-17            16   6.13315E-10   3.13960E+00
        3152   3.78240E+02   1.20000E-01   2.18544E-01   2.62715E-05   1.66597E-05   0.00000E+00   3.27065E-03   1.00000E+00   0.00000E+00   3.87578E+00   4.91446E-17            16   6.19406E-10   3.13960E+00
        3153   3.78360E+02   1.20000E-01   2.18544E-01   2.64168E-05   1.63821E-05   0.00000E+00   3.26962E-03   1.00000E+00   0.00000E+00   3.87578E+00   4.71222E-17            16   6.24559E-10   3.13960E+00
        3154   3.78480E+02   1.20000E-01   2.18544E-01   2.65610E-05   1.61048E-05   0.00000E+00   3.26852E-03   1.00000E+00   0.00000E+00   3.87578E+00   4.50352E-17            16   6.28597E-10   3.13960E+00
        3155   3.78600E+02   1.20000E-01   2.18544E-01   2.67042E-05   1.58276E-05   0.00000E+00   3.26733E-03   1.00000E+00   0.00000E+00   3.87578E+00   4.29563E-17            16   6.31422E-10   3.13960E+00
        3156   3.78720E+02   1.20000E-01   2.18544E-01   2.68464E-05   1.55506E-05   0.00000E+00   3.26606E-03   1.00000E+00   0.00000E+00   3.87578E+00   4.08160E-17            16   6.32799E-10   3.13960E+00
        3157   3.78840E+02   1.20000E-01   2.18544E-01   2.69876E-05   1.52738E-05   0.00000E+00   3.26471E-03   1.00000E+00   0.00000E+00   3.87578E+00   3.86538E-17            16   6.32545E-10   3.13960E+00
        3158   3.78960E+02   1.20000E-01   2.18544E-01   2.71278E-05   1.49973E-05   0.00000E+00   3.26329E-03   1.00000E+00   0.00000E+00   3.87578E+00   3.63922E-17            16   6.30291E-10   3.13960E+00
        3159   3.79080E+02   1.20000E-01   2.18544E-01   2.72669E-05   1.47209E-05   0.00000E+00   3.26178E-03   1.00000E+00   0.00000E+00   3.87578E+00   3.39764E-17            16   6.25615E-10   3.13960E+00
        3160   3.79200E+02   1.20000E-01   2.18544E-01   2.74050E-05   1.44448E-05   0.00000E+00   3.26018E-03   1.00000E+00   0.00000E+00   3.87578E+00   3.11190E-17            16   6.17731E-10   3.13960E+00
        3161   3.79320E+02   1.20000E-01   2.18544E-01   2.75421E-05   1.41689E-05   0.00000E+00   3.25851E-03   1.00000E+00   0.00000E+00   3.87578E+00   2.87208E-17            16   6.05597E-10   3.13960E+00
        3162   3.79440E+02   1.20000E-01   2.18544E-01   2.76782E-05   1.38932E-05   0.00000E+00   3.25676E-03   1.00000E+00   0.00000E+00   3.87578E+00   3.00043E-17            16   5.88749E-10   3.13960E+00
        3163   3.79560E+02   1.20000E-01   2.18544E-01   2.78132E-05   1.36178E-05   0.00000E+00   3.25493E-03   1.00000E+00   0.00000E+00   3.87578E+00   3.09892E-17            16   5.72398E-10   3.13959E+00
        3164   3.79680E+02   1.20000E-01   2.18544E-01   2.79472E-05   1.33426E-05   0.00000E+00   3.25303E-03   1.00000E+00   0.00000E+00   3.87578E+00   3.08448E-17            16   5.65533E-10   3.13959E+00
        3165   3.79800E+02   1.20000E-01   2.18544E-01   2.81153E-05   1.30677E-05   0.00000E+00   3.25104E-03   1.00000E+00   0.00000E+00   3.87578E+00   2.99195E-17            16   5.60962E-10   3.13959E+00
        3166   3.79920E+02   1.20000E-01   2.18544E-01   2.83342E-05   1.27930E-05   0.00000E+00   3.24897E-03   1.00000E+00   0.00000E+00   3.87578E+00   2.88685E-17            16   5.46185E-10   3.13959E+00
        3167   3.80040E+02   1.20000E-01   2.18544E-01   2.85519E-05   1.25187E-05   0.00000E+00   3.24682E-03   1.00000E+00   0.00000E+00   3.87578E+00   2.55175E-17            16   4.89446E-10   3.13959E+00
        3168   3.80160E+02   1.20000E-01   2.18544E-01   2.87684E-05   1.22445E-05   0.00000E+00   3.24460E-03   1.00000E+00   0.00000E+00   3.87578E+00   2.13893E-17            16   4.24232E-10   3.13959E+00
        3169   3.80280E+02   1.20000E-01   2.18544E-01   2.89837E-05   1.19985E-05   0.00000E+00   3.24230E-03   1.00000E+00   0.00000E+00   3.87578E+00   2.86200E-17            16   5.25367E-10   3.13959E+00
        3170   3.80400E+02   1.20000E-01   2.18544E-01   2.91977E-05   1.17772E-05   0.00000E+00   3.23992E-03   1.00000E+00   0.00000E+00   3.87578E+00   3.07961E-17            16   5.43734E-10   3.13959E+00
        3171   3.80520E+02   1.20000E-01   2.18544E-01   2.94106E-05   1.15562E-05   0.00000E+00   3.23746E-03   1.00000E+00   0.00000E+00   3.87578E+00   3.16582E-17            16   5.43102E-10   3.13960E+00
        3172   3.80640E+02   1.20000E-01   2.18544E-01   2.96222E-05   1.13353E-05   0.00000E+00   3.23492E-03   1.00000E+00   0.00000E+00   3.87578E+00   3.27491E-17            16   5.39626E-10   3.13960E+00
        3173   3.80760E+02   1.20000E-01   2.18544E-01   2.98326E-05   1.11146E-05   0.00000E+00   3.23231E-03   1.00000E+00   0.00000E+00   3.87578E+00   3.43898E-17            16   5.35897E-10   3.13960E+00
        3174   3.80880E+02   1.20000E-01   2.18544E-01   3.00417E-05   1.08941E-05   0.00000E+00   3.22962E-03   1.00000E+00   0.00000E+00   3.87578E+00   3.60801E-17            16   5.32479E-10   3.13960E+00
        3175   3.81000E+02   1.20000E-01   2.18544E-01   3.02497E-05   1.06739E-05   0.00000E+00   3.22685E-03   1.00000E+00   0.00000E+00   3.87578E+00   3.78558E-17            16   5.29428E-10   3.13960E+00
        3176   3.81120E+02   1.20000E-01   2.18544E-01   3.04564E-05   1.04538E-05   0.00000E+00   3.22401E-03   1.00000E+00   0.00000E+00   3.87578E+00   3.96553E-17            16   5.26707E-10   3.13960E+00
        3177   3.81240E+02   1.20000E-01   2.18544E-01   3.06618E-05   1.07803E-05   0.00000E+00   3.22109E-03   1.00000E+00   0.00000E+00   3.87578E+00   4.14994E-17            16   5.24235E-10   3.13960E+00
        3178   3.81360E+02   1.20000E-01   2.18544E-01   3.08661E-05   1.12202E-05   0.00000E+00   3.21809E-03   1.00000E+00   0.00000E+00   3.87578E+00   4.33622E-17            16   5.21945E-10   3.13960E+00
        3179   3.81480E+02   1.20000E-01   2.18544E-01   3.10690E-05   1.16589E-05   0.00000E+00   3.21502E-03   1.00000E+00   0.00000E+00   3.87578E+00   4.52521E-17            16   5.19783E-10   3.13960E+00
        3180   3.81600E+02   1.20000E-01   2.18544E-01   3.12708E-05   1.20964E-05   0.00000E+00   3.21188E-03   1.00000E+00   0.00000E+00   3.87578E+00   4.71129E-17            16   5.17698E-10   3.13960E+00
        3181   3.81720E+02   1.20000E-01   2.18544E-01   3.14713E-05   1.25326E-05   0.00000E+00   3.20865E-03   1.00000E+00   0.00000E+00   3.87578E+00   4.89652E-17            16   5.15670E-10   3.13960E+00
        3182   3.81840E+02   1.20000E-01   2.18544E-01   3.16705E-05   1.29675E-05   0.00000E+00   3.20536E-03   1.00000E+00   0.00000E+00   3.87578E+00   5.08050E-17            16   5.13664E-10   3.13960E+00
        3183   3.81960E+02   1.20000E-01   2.18544E-01   3.18685E-05   1.34011E-05   0.00000E+00   3.20198E-03   1.00000E+00   0.00000E+00   3.87578E+00   5.26460E-17            16   5.11681E-10   3.13960E+00
        3184   3.82080E+02   1.20000E-01   2.18544E-01   3.20653E-05   1.38333E-05   0.00000E+00   3.19854E-03   1.00000E+00   0.00000E+00   3.87578E+00   5.44266E-17            16   5.09695E-10   3.13960E+00
        3185   3.82200E+02   1.20000E-01   2.18544E-01   3.22608E-05   1.42643E-05   0.00000E+00   3.19502E-03   1.00000E+00   0.00000E+00   3.87578E+00   5.62071E-17            16   5.07721E-10   3.13960E+00
        3186   3.82320E+02   1.20000E-01   2.18544E-01   3.24550E-05   1.46940E-05   0.00000E+00   3.19142E-03   1.00000E+00   0.00000E+00   3.87578E+00   5.79405E-17            16   5.05733E-10   3.13960E+00
        3187   3.82440E+02   1.20000E-01   2.18544E-01   3.26480E-05   1.51223E-05   0.00000E+00   3.18775E-03   1.00000E+00   0.00000E+00   3.87578E+00   5.96564E-17            16   5.03757E-10   3.13961E+00
        3188   3.82560E+02   1.20000E-01   2.18544E-01   3.28397E-05   1.55494E-05   0.00000E+00   3.18401E-03   1.00000E+00   0.00000E+00   3.87578E+00   6.13481E-17            16   5.01768E-10   3.13961E+00
        3189   3.82680E+02   1.20000E-01   2.18544E-01   3.30301E-05   1.59750E-05   0.00000E+00   3.18019E-03   1.00000E+00   0.00000E+00   3.87578E+00   6.30208E-17            16   4.99794E-10   3.13961E+00
        3190   3.82800E+02   1.20000E-01   2.18544E-01   3.32193E-05   1.63993E-05   0.00000E+00   3.17631E-03   1.00000E+00   0.00000E+00   3.87578E+00   6.46324E-17            16   4.97810E-10   3.13961E+00
        3191   3.82920E+02   1.20000E-01   2.18544E-01   3.34072E-05   1.68223E-05   0.00000E+00   3.17234E-03   1.00000E+00   0.00000E+00   3.87578E+00   6.62417E-17            16   4.95848E-10   3.13961E+00
        3192   3.83040E+02   1.20000E-01   2.18544E-01   3.35939E-05   1.72439E-05   0.00000E+00   3.16831E-03   1.00000E+00   0.00000E+00   3.87578E+00   6.77963E-17            16   4.93880E-10   3.13961E+00
        3193   3.83160E+02   1.20000E-01   2.18544E-01   3.37793E-05   1.76641E-05   0.00000E+00   3.16420E-03   1.00000E+00   0.00000E+00   3.87578E+00   6.93624E-17            16   4.91939E-10   3.13961E+00
        3194   3.83280E+02   1.20000E-01   2.18544E-01   3.39634E-05   1.80830E-05   0.00000E+00   3.16003E-03   1.00000E+00   0.00000E+00   3.87578E+00   7.08761E-17            16   4.89998E-10   3.13961E+00
        3195   3.83400E+02   1.20000E-01   2.18544E-01   3.41462E-05   1.85004E-05   0.00000E+00   3.15578E-03   1.00000E+00   0.00000E+00   3.87578E+00   7.24033E-17            16   4.88089E-10   3.13962E+00
        3196   3.83520E+02   1.20000E-01   2.18544E-01   3.43278E-05   1.89165E-05   0.00000E+00   3.15146E-03   1.00000E+00   0.00000E+00   3.87578E+00   7.38363E-17            16   4.86184E-10   3.13962E+00
        3197   3.83640E+02   1.20000E-01   2.18544E-01   3.45081E-05   1.93312E-05   0.00000E+00   3.14706E-03   1.00000E+00   0.00000E+00   3.87578E+00   7.53179E-17            16   4.84313E-10   3.13962E+00
        3198   3.83760E+02   1.20000E-01   2.18544E-01   3.46871E-05   1.97444E-05   0.00000E+00   3.14260E-03   1.00000E+00   0.00000E+00   3.87578E+00   7.67034E-17            16   4.82451E-10   3.13962E+00
        3199   3.83880E+02   1.20000E-01   2.18544E-01   3.48648E-05   2.01562E-05   0.00000E+00   3.13807E-03   1.00000E+00   0.00000E+00   3.87578E+00   7.81529E-17            16   4.80627E-10   3.13962E+00
        3200   3.84000E+02   1.20000E-01   2.18544E-01   3.50413E-05   2.05666E-05   0.00000E+00   3.13346E-03   1.00000E+00   0.00000E+00   3.87578E+00   7.95082E-17            16   4.78814E-10   3.13962E+00
        3201   3.84120E+02   1.20000E-01   2.18544E-01   3.52164E-05   2.09756E-05   0.00000E+00   3.12879E-03   1.00000E+00   0.00000E+00   3.87578E+00   8.09133E-17            16   4.77041E-10   3.13962E+00
        3202   3.84240E+02   1.20000E-01   2.18544E-01   3.53903E-05   2.13831E-05   0.00000E+00   3.12405E-03   1.00000E+00   0.00000E+00   3.87578E+00   8.22236E-17            16   4.75280E-10   3.13963E+00
        3203   3.84360E+02   1.20000E-01   2.18544E-01   3.55629E-05   2.17892E-05   0.00000E+00   3.11923E-03   1.00000E+00   0.00000E+00   3.87578E+00   8.35982E-17            16   4.73561E-10   3.13963E+00
        3204   3.84480E+02   1.20000E-01   2.18544E-01   3.57342E-05   2.21938E-05   0.00000E+00   3.11435E-03   1.00000E+00   0.00000E+00   3.87578E+00   8.48779E-17            16   4.71857E-10   3.13963E+00
        3205   3.84600E+02   1.20000E-01   2.18544E-01   3.59042E-05   2.25970E-05   0.00000E+00   3.10940E-03   1.00000E+00   0.00000E+00   3.87578E+00   8.62135E-17            16   4.70195E-10   3.13963E+00
        3206   3.84720E+02   1.20000E-01   2.18544E-01   3.60730E-05   2.29987E-05   0.00000E+00   3.10438E-03   1.00000E+00   0.00000E+00   3.87578E+00   8.74563E-17            16   4.68548E-10   3.13963E+00
        3207   3.84840E+02   1.20000E-01   2.18544E-01   3.62404E-05   2.33989E-05   0.00000E+00   3.09929E-03   1.00000E+00   0.00000E+00   3.87578E+00   8.87663E-17            16   4.66943E-10   3.13964E+00
        3208   3.84960E+02   1.20000E-01   2.18544E-01   3.64066E-05   2.37977E-05   0.00000E+00   3.09413E-03   1.00000E+00   0.00000E+00   3.87578E+00   8.99645E-17            16   4.65354E-10   3.13964E+00
        3209   3.85080E+02   1.20000E-01   2.18544E-01   3.65715E-05   2.41949E-05   0.00000E+00   3.08891E-03   1.00000E+00   0.00000E+00   3.87578E+00   9.12467E-17            16   4.63806E-10   3.13964E+00
        3210   3.85200E+02   1.20000E-01   2.18544E-01   3.67351E-05   2.45906E-05   0.00000E+00   3.08362E-03   1.00000E+00   0.00000E+00   3.87578E+00   9.24502E-17            16   4.62276E-10   3.13964E+00
        3211   3.85320E+02   1.20000E-01   2.18544E-01   3.68974E-05   2.49849E-05   0.00000E+00   3.07826E-03   1.00000E+00   0.00000E+00   3.87578E+00   9.36797E-17            16   4.60786E-10   3.13964E+00
        3212   3.85440E+02   1.20000E-01   2.18544E-01   3.70584E-05   2.53776E-05   0.00000E+00   3.07283E-03   1.00000E+00   0.00000E+00   3.87578E+00   9.48585E-17            16   4.59313E-10   3.13965E+00
        3213   3.85560E+02   1.20000E-01   2.18544E-01   3.72181E-05   2.57688E-05   0.00000E+00   3.06734E-03   1.00000E+00   0.00000E+00   3.87578E+00   9.60828E-17            16   4.57879E-10   3.13965E+00
        3214   3.85680E+02   1.20000E-01   2.18544E-01   3.73765E-05   2.61585E-05   0.00000E+00   3.06178E-03   1.00000E+00   0.00000E+00   3.87578E+00   9.72178E-17            16   4.56463E-10   3.13965E+00
        3215   3.85800E+02   1.20000E-01   2.18544E-01   3.75336E-05   2.65467E-05   0.00000E+00   3.05616E-03   1.00000E+00   0.00000E+00   3.87578E+00   9.84291E-17            16   4.55084E-10   3.13965E+00
        3216   3.85920E+02   1.20000E-01   2.18544E-01   3.76894E-05   2.69333E-05   0.00000E+00   3.05047E-03   1.00000E+00   0.00000E+00   3.87578E+00   9.95492E-17            16   4.53723E-10   3.13966E+00
        3217   3.86040E+02   1.20000E-01   2.18544E-01   3.78439E-05   2.73184E-05   0.00000E+00   3.04471E-03   1.00000E+00   0.00000E+00   3.87578E+00   1.00729E-16            16   4.52397E-10   3.13966E+00
        3218   3.86160E+02   1.20000E-01   2.18544E-01   3.79971E-05   2.77019E-05   0.00000E+00   3.03889E-03   1.00000E+00   0.00000E+00   3.87578E+00   1.01828E-16            16   4.51089E-10   3.13966E+00
        3219   3.86280E+02   1.20000E-01   2.18544E-01   3.81490E-05   2.80838E-05   0.00000E+00   3.03300E-03   1.00000E+00   0.00000E+00   3.87578E+00   1.02995E-16            16   4.49815E-10   3.13966E+00
        3220   3.86400E+02   1.20000E-01   2.18544E-01   3.82996E-05   2.84642E-05   0.00000E+00   3.02705E-03   1.00000E+00   0.00000E+00   3.87578E+00   1.04061E-16            16   4.48559E-10   3.13967E+00
        3221   3.86520E+02   1.20000E-01   2.18544E-01   3.84489E-05   2.88431E-05   0.00000E+00   3.02104E-03   1.00000E+00   0.00000E+00   3.87578E+00   1.05199E-16            16   4.47334E-10   3.13967E+00
        3222   3.86640E+02   1.20000E-01   2.18544E-01   3.85969E-05   2.92203E-05   0.00000E+00   3.01496E-03   1.00000E+00   0.00000E+00   3.87578E+00   1.06255E-16            16   4.46127E-10   3.13967E+00
        3223   3.86760E+02   1.20000E-01   2.18544E-01   3.87435E-05   2.95960E-05   0.00000E+00   3.00881E-03   1.00000E+00   0.00000E+00   3.87578E+00   1.07386E-16            16   4.44951E-10   3.13967E+00
        3224   3.86880E+02   1.20000E-01   2.18544E-01   3.88889E-05   2.99701E-05   0.00000E+00   3.00261E-03   1.00000E+00   0.00000E+00   3.87578E+00   1.08424E-16            16   4.43791E-10   3.13968E+00
        3225   3.87000E+02   1.20000E-01   2.18544E-01   3.90329E-05   3.03426E-05   0.00000E+00   2.99634E-03   1.00000E+00   0.00000E+00   3.87578E+00   1.09538E-16            16   4.42660E-10   3.13968E+00
        3226   3.87120E+02   1.20000E-01   2.18544E-01   3.91757E-05   3.07135E-05   0.00000E+00   2.99001E-03   1.00000E+00   0.00000E+00   3.87578E+00   1.10557E-16            16   4.41546E-10   3.13968E+00
        3227   3.87240E+02   1.20000E-01   2.18544E-01   3.93171E-05   3.10827E-05   0.00000E+00   2.98361E-03   1.00000E+00   0.00000E+00   3.87578E+00   1.11643E-16            16   4.40459E-10   3.13968E+00
        3228   3.87360E+02   1.20000E-01   2.18544E-01   3.94572E-05   3.14504E-05   0.00000E+00   2.97715E-03   1.00000E+00   0.00000E+00   3.87578E+00   1.12648E-16            16   4.39388E-10   3.13969E+00
        3229   3.87480E+02   1.20000E-01   2.18544E-01   3.95960E-05   3.18164E-05   0.00000E+00   2.97064E-03   1.00000E+00   0.00000E+00   3.87578E+00   1.13724E-16            16   4.38342E-10   3.13969E+00
        3230   3.87600E+02   1.20000E-01   2.18544E-01   3.97335E-05   3.21809E-05   0.00000E+00   2.96405E-03   1.00000E+00   0.00000E+00   3.87578E+00   1.14698E-16            16   4.37312E-10   3.13969E+00
        3231   3.87720E+02   1.20000E-01   2.18544E-01   3.98697E-05   3.25437E-05   0.00000E+00   2.95741E-03   1.00000E+00   0.00000E+00   3.87578E+00   1.15766E-16            16   4.36306E-10   3.13970E+00
        3232   3.87840E+02   1.20000E-01   2.18544E-01   4.00046E-05   3.29048E-05   0.00000E+00   2.95071E-03   1.00000E+00   0.00000E+00   3.87578E+00   1.16715E-16            16   4.35316E-10   3.13970E+00
        3233   3.87960E+02   1.20000E-01   2.18544E-01   4.01381E-05   3.32643E-05   0.00000E+00   2.94395E-03   1.00000E+00   0.00000E+00   3.87578E+00   1.17759E-16            16   4.34348E-10   3.13970E+00
        3234   3.88080E+02   1.20000E-01   2.18544E-01   4.02704E-05   3.36222E-05   0.00000E+00   2.93712E-03   1.00000E+00   0.00000E+00   3.87578E+00   1.18713E-16            16   4.33394E-10   3.13971E+00
        3235   3.88200E+02   1.20000E-01   2.18544E-01   4.04013E-05   3.39784E-05   0.00000E+00   2.93024E-03   1.00000E+00   0.00000E+00   3.87578E+00   1.19743E-16            16   4.32462E-10   3.13971E+00
        3236   3.88320E+02   1.20000E-01   2.18544E-01   4.05309E-05   3.43329E-05   0.00000E+00   2.92329E-03   1.00000E+00   0.00000E+00   3.87578E+00   1.20666E-16            16   4.31544E-10   3.13971E+00
        3237   3.88440E+02   1.20000E-01   2.18544E-01   4.06592E-05   3.46858E-05   0.00000E+00   2.91629E-03   1.00000E+00   0.00000E+00   3.87578E+00   1.21681E-16            16   4.30645E-10   3.13972E+00
        3238   3.88560E+02   1.20000E-01   2.18544E-01   4.07862E-05   3.50370E-05   0.00000E+00   2.90922E-03   1.00000E+00   0.00000E+00   3.87578E+00   1.22597E-16            16   4.29762E-10   3.13972E+00
        3239   3.88680E+02   1.20000E-01   2.18544E-01   4.09118E-05   3.53866E-05   0.00000E+00   2.90210E-03   1.00000E+00   0.00000E+00   3.87578E+00   1.23601E-16            16   4.28895E-10   3.13972E+00
        3240   3.88800E+02   1.20000E-01   2.18544E-01   4.10362E-05   3.57344E-05   0.00000E+00   2.89492E-03   1.00000E+00   0.00000E+00   3.87578E+00   1.24494E-16            16   4.28043E-10   3.13973E+00
        3241   3.88920E+02   1.20000E-01   2.18544E-01   4.11592E-05   3.60806E-05   0.00000E+00   2.88768E-03   1.00000E+00   0.00000E+00   3.87578E+00   1.25471E-16            16   4.27207E-10   3.13973E+00
        3242   3.89040E+02   1.20000E-01   2.18544E-01   4.12809E-05   3.64251E-05   0.00000E+00   2.88038E-03   1.00000E+00   0.00000E+00   3.87578E+00   1.26363E-16            16   4.26386E-10   3.13973E+00
        3243   3.89160E+02   1.20000E-01   2.18544E-01   4.14013E-05   3.67679E-05   0.00000E+00   2.87303E-03   1.00000E+00   0.00000E+00   3.87578E+00   1.27324E-16            16   4.25578E-10   3.13974E+00
        3244   3.89280E+02   1.20000E-01   2.18544E-01   4.15203E-05   3.71089E-05   0.00000E+00   2.86562E-03   1.00000E+00   0.00000E+00   3.87578E+00   1.28197E-16            16   4.24786E-10   3.13974E+00
        3245   3.89400E+02   1.20000E-01   2.18544E-01   4.16381E-05   3.74483E-05   0.00000E+00   2.85815E-03   1.00000E+00   0.00000E+00   3.87578E+00   1.29147E-16            16   4.24006E-10   3.13974E+00
        3246   3.89520E+02   1.20000E-01   2.18544E-01   4.17545E-05   3.77860E-05   0.00000E+00   2.85062E-03   1.00000E+00   0.00000E+00   3.87578E+00   1.29984E-16            16   4.23240E-10   3.13975E+00
        3247   3.89640E+02   1.20000E-01   2.18544E-01   4.18696E-05   3.81219E-05   0.00000E+00   2.84304E-03   1.00000E+00   0.00000E+00   3.87578E+00   1.30928E-16            16   4.22487E-10   3.13975E+00
        3248   3.89760E+02   1.20000E-01   2.18544E-01   4.19834E-05   3.84561E-05   0.00000E+00   2.83540E-03   1.00000E+00   0.00000E+00   3.87578E+00   1.31759E-16            16   4.21747E-10   3.13975E+00
        3249   3.89880E+02   1.20000E-01   2.18544E-01   4.20959E-05   3.87886E-05   0.00000E+00   2.82770E-03   1.00000E+00   0.00000E+00   3.87578E+00   1.32679E-16            16   4.21018E-10   3.13976E+00
        3250   3.90000E+02   1.20000E-01   2.18544E-01   4.22071E-05   3.91194E-05   0.00000E+00   2.81995E-03   1.00000E+00   0.00000E+00   3.87578E+00   1.33489E-16            16   4.20303E-10   3.13976E+00
        3251   3.90120E+02   1.20000E-01   2.18544E-01   4.23169E-05   3.94484E-05   0.00000E+00   2.81214E-03   1.00000E+00   0.00000E+00   3.87578E+00   1.34404E-16            16   4.19597E-10   3.13977E+00
        3252   3.90240E+02   1.20000E-01   2.18544E-01   4.24254E-05   3.97757E-05   0.00000E+00   2.80428E-03   1.00000E+00   0.00000E+00   3.87578E+00   1.35204E-16            16   4.18905E-10   3.13977E+00
        3253   3.90360E+02   1.20000E-01   2.18544E-01   4.25326E-05   4.01012E-05   0.00000E+00   2.79637E-03   1.00000E+00   0.00000E+00   3.87578E+00   1.36093E-16            16   4.18221E-10   3.13977E+00
        3254   3.90480E+02   1.20000E-01   2.18544E-01   4.26385E-05   4.04250E-05   0.00000E+00   2.78840E-03   1.00000E+00   0.00000E+00   3.87578E+00   1.36878E-16            16   4.17551E-10   3.13978E+00
        3255   3.90600E+02   1.20000E-01   2.18544E-01   4.27431E-05   4.07470E-05   0.00000E+00   2.78037E-03   1.00000E+00   0.00000E+00   3.87578E+00   1.37770E-16            16   4.16888E-10   3.13978E+00
        3256   3.90720E+02   1.20000E-01   2.18544E-01   4.28463E-05   4.10673E-05   0.00000E+00   2.77230E-03   1.00000E+00   0.00000E+00   3.87578E+00   1.38531E-16            16   4.16239E-10   3.13979E+00
        3257   3.90840E+02   1.20000E-01   2.18544E-01   4.29483E-05   4.13858E-05   0.00000E+00   2.76416E-03   1.00000E+00   0.00000E+00   3.87578E+00   1.39404E-16            16   4.15596E-10   3.13979E+00
        3258   3.90960E+02   1.20000E-01   2.18544E-01   4.30489E-05   4.17026E-05   0.00000E+00   2.75598E-03   1.00000E+00   0.00000E+00   3.87578E+00   1.40140E-16            16   4.14966E-10   3.13979E+00
        3259   3.91080E+02   1.20000E-01   2.18544E-01   4.31482E-05   4.20175E-05   0.00000E+00   2.74774E-03   1.00000E+00   0.00000E+00   3.87578E+00   1.40990E-16            16   4.14342E-10   3.13980E+00
        3260   3.91200E+02   1.20000E-01   2.18544E-01   4.32461E-05   4.23307E-05   0.00000E+00   2.73945E-03   1.00000E+00   0.00000E+00   3.87578E+00   1.41719E-16            16   4.13730E-10   3.13980E+00
        3261   3.91320E+02   1.20000E-01   2.18544E-01   4.33428E-05   4.26421E-05   0.00000E+00   2.73111E-03   1.00000E+00   0.00000E+00   3.87578E+00   1.42547E-16            16   4.13124E-10   3.13981E+00
        3262   3.91440E+02   1.20000E-01   2.18544E-01   4.34382E-05   4.29517E-05   0.00000E+00   2.72272E-03   1.00000E+00   0.00000E+00   3.87578E+00   1.43272E-16            16   4.12530E-10   3.13981E+00
        3263   3.91560E+02   1.20000E-01   2.18544E-01   4.35322E-05   4.32595E-05   0.00000E+00   2.71428E-03   1.00000E+00   0.00000E+00   3.87578E+00   1.44095E-16            16   4.11941E-10   3.13981E+00
        3264   3.91680E+02   1.20000E-01   2.18544E-01   4.36249E-05   4.35656E-05   0.00000E+00   2.70578E-03   1.00000E+00   0.00000E+00   3.87578E+00   1.44778E-16            16   4.11364E-10   3.13982E+00
        3265   3.91800E+02   1.20000E-01   2.18544E-01   4.37163E-05   4.38698E-05   0.00000E+00   2.69723E-03   1.00000E+00   0.00000E+00   3.87578E+00   1.45587E-16            16   4.10790E-10   3.13982E+00
        3266   3.91920E+02   1.20000E-01   2.18544E-01   4.38064E-05   4.41722E-05   0.00000E+00   2.68864E-03   1.00000E+00   0.00000E+00   3.87578E+00   1.46274E-16            16   4.10229E-10   3.13983E+00
        3267   3.92040E+02   1.20000E-01   2.18544E-01   4.38952E-05   4.44729E-05   0.00000E+00   2.67999E-03   1.00000E+00   0.00000E+00   3.87578E+00   1.47070E-16            16   4.09670E-10   3.13983E+00
        3268   3.92160E+02   1.20000E-01   2.18544E-01   4.39826E-05   4.47717E-05   0.00000E+00   2.67129E-03   1.00000E+00   0.00000E+00   3.87578E+00   1.47739E-16            16   4.09124E-10   3.13984E+00
        3269   3.92280E+02   1.20000E-01   2.18544E-01   4.40688E-05   4.50687E-05   0.00000E+00   2.66255E-03   1.00000E+00   0.00000E+00   3.87578E+00   1.48500E-16            16   4.08579E-10   3.13984E+00
        3270   3.92400E+02   1.20000E-01   2.18544E-01   4.41536E-05   4.53639E-05   0.00000E+00   2.65375E-03   1.00000E+00   0.00000E+00   3.87578E+00   1.49152E-16            16   4.08048E-10   3.13985E+00
        3271   3.92520E+02   1.20000E-01   2.18544E-01   4.42372E-05   4.56572E-05   0.00000E+00   2.64491E-03   1.00000E+00   0.00000E+00   3.87578E+00   1.49915E-16            16   4.07516E-10   3.13985E+00
        3272   3.92640E+02   1.20000E-01   2.18544E-01   4.43194E-05   4.59488E-05   0.00000E+00   2.63601E-03   1.00000E+00   0.00000E+00   3.87578E+00   1.50541E-16            16   4.06998E-10   3.13985E+00
        3273   3.92760E+02   1.20000E-01   2.18544E-01   4.44003E-05   4.62385E-05   0.00000E+00   2.62707E-03   1.00000E+00   0.00000E+00   3.87578E+00   1.51289E-16            16   4.06479E-10   3.13986E+00
        3274   3.92880E+02   1.20000E-01   2.18544E-01   4.44799E-05   4.65263E-05   0.00000E+00   2.61808E-03   1.00000E+00   0.00000E+00   3.87578E+00   1.51909E-16            16   4.05974E-10   3.13986E+00
        3275   3.93000E+02   1.20000E-01   2.18544E-01   4.45582E-05   4.68124E-05   0.00000E+00   2.60905E-03   1.00000E+00   0.00000E+00   3.87578E+00   1.52621E-16            16   4.05468E-10   3.13987E+00
        3276   3.93120E+02   1.20000E-01   2.18544E-01   4.46352E-05   4.70966E-05   0.00000E+00   2.59996E-03   1.00000E+00   0.00000E+00   3.87578E+00   1.53300E-16            16   4.04968E-10   3.13987E+00
        3277   3.93240E+02   1.20000E-01   2.18544E-01   4.47109E-05   4.73789E-05   0.00000E+00   2.59083E-03   1.00000E+00   0.00000E+00   3.87578E+00   1.53902E-16            16   4.04480E-10   3.13988E+00
        3278   3.93360E+02   1.20000E-01   2.18544E-01   4.47852E-05   4.76595E-05   0.00000E+00   2.58166E-03   1.00000E+00   0.00000E+00   3.87578E+00   1.54581E-16            16   4.03991E-10   3.13988E+00
        3279   3.93480E+02   1.20000E-01   2.18544E-01   4.48583E-05   4.79381E-05   0.00000E+00   2.57243E-03   1.00000E+00   0.00000E+00   3.87578E+00   1.55195E-16            16   4.03509E-10   3.13989E+00
        3280   3.93600E+02   1.20000E-01   2.18544E-01   4.49301E-05   4.82150E-05   0.00000E+00   2.56316E-03   1.00000E+00   0.00000E+00   3.87578E+00   1.55783E-16            16   4.03037E-10   3.13989E+00
        3281   3.93720E+02   1.20000E-01   2.18544E-01   4.50006E-05   4.84899E-05   0.00000E+00   2.55385E-03   1.00000E+00   0.00000E+00   3.87578E+00   1.56461E-16            16   4.02563E-10   3.13990E+00
        3282   3.93840E+02   1.20000E-01   2.18544E-01   4.50697E-05   4.87630E-05   0.00000E+00   2.54449E-03   1.00000E+00   0.00000E+00   3.87578E+00   1.57018E-16            16   4.02100E-10   3.13990E+00
        3283   3.93960E+02   1.20000E-01   2.18544E-01   4.51376E-05   4.90343E-05   0.00000E+00   2.53509E-03   1.00000E+00   0.00000E+00   3.87578E+00   1.57691E-16            16   4.01634E-10   3.13991E+00
        3284   3.94080E+02   1.20000E-01   2.18544E-01   4.52042E-05   4.93037E-05   0.00000E+00   2.52564E-03   1.00000E+00   0.00000E+00   3.87578E+00   1.58187E-16            16   4.01182E-10   3.13991E+00
        3285   3.94200E+02   1.20000E-01   2.18544E-01   4.52694E-05   4.95712E-05   0.00000E+00   2.51614E-03   1.00000E+00   0.00000E+00   3.87578E+00   1.58837E-16            16   4.00726E-10   3.13992E+00
        3286   3.94320E+02   1.20000E-01   2.18544E-01   4.53334E-05   4.98368E-05   0.00000E+00   2.50661E-03   1.00000E+00   0.00000E+00   3.87578E+00   1.59360E-16            16   4.00282E-10   3.13992E+00
        3287   3.94440E+02   1.20000E-01   2.18544E-01   4.53961E-05   5.01006E-05   0.00000E+00   2.49703E-03   1.00000E+00   0.00000E+00   3.87578E+00   1.59990E-16            16   3.99834E-10   3.13993E+00
        3288   3.94560E+02   1.20000E-01   2.18544E-01   4.54575E-05   5.03625E-05   0.00000E+00   2.48741E-03   1.00000E+00   0.00000E+00   3.87578E+00   1.60468E-16            16   3.99399E-10   3.13993E+00
        3289   3.94680E+02   1.20000E-01   2.18544E-01   4.55175E-05   5.06225E-05   0.00000E+00   2.47774E-03   1.00000E+00   0.00000E+00   3.87578E+00   1.61081E-16            16   3.98959E-10   3.13994E+00
        3290   3.94800E+02   1.20000E-01   2.18544E-01   4.55763E-05   5.08807E-05   0.00000E+00   2.46803E-03   1.00000E+00   0.00000E+00   3.87578E+00   1.61607E-16            16   3.98527E-10   3.13994E+00
        3291   3.94920E+02   1.20000E-01   2.18544E-01   4.56339E-05   5.11370E-05   0.00000E+00   2.45828E-03   1.00000E+00   0.00000E+00   3.87578E+00   1.62100E-16            16   3.98101E-10   3.13995E+00
        3292   3.95040E+02   1.20000E-01   2.18544E-01   4.56901E-05   5.13914E-05   0.00000E+00   2.44849E-03   1.00000E+00   0.00000E+00   3.87578E+00   1.62685E-16            16   3.97671E-10   3.13995E+00
        3293   3.95160E+02   1.20000E-01   2.18544E-01   4.57450E-05   5.16439E-05   0.00000E+00   2.43865E-03   1.00000E+00   0.00000E+00   3.87578E+00   1.63112E-16            16   3.97251E-10   3.13996E+00
        3294   3.95280E+02   1.20000E-01   2.18544E-01   4.57986E-05   5.18945E-05   0.00000E+00   2.42878E-03   1.00000E+00   0.00000E+00   3.87578E+00   1.63615E-16            16   3.96818E-10   3.13996E+00
        3295   3.95400E+02   1.20000E-01   2.18544E-01   4.58510E-05   5.21432E-05   0.00000E+00   2.41886E-03   1.00000E+00   0.00000E+00   3.87578E+00   1.64158E-16            16   3.96409E-10   3.13997E+00
        3296   3.95520E+02   1.20000E-01   2.18544E-01   4.59021E-05   5.23900E-05   0.00000E+00   2.40891E-03   1.00000E+00   0.00000E+00   3.87578E+00   1.64575E-16            16   3.96008E-10   3.13997E+00
        3297   3.95640E+02   1.20000E-01   2.18544E-01   4.59519E-05   5.26349E-05   0.00000E+00   2.39891E-03   1.00000E+00   0.00000E+00   3.87578E+00   1.65093E-16            16   3.95594E-10   3.13998E+00
        3298   3.95760E+02   1.20000E-01   2.18544E-01   4.60004E-05   5.28780E-05   0.00000E+00   2.38888E-03   1.00000E+00   0.00000E+00   3.87578E+00   1.65772E-16            16   3.95192E-10   3.13999E+00
        3299   3.95880E+02   1.20000E-01   2.18544E-01   4.60476E-05   5.31191E-05   0.00000E+00   2.37880E-03   1.00000E+00   0.00000E+00   3.87578E+00   1.66109E-16            16   3.94784E-10   3.13999E+00
        3300   3.96000E+02   1.20000E-01   2.18544E-01   4.60936E-05   5.33583E-05   0.00000E+00   2.36869E-03   1.00000E+00   0.00000E+00   3.87578E+00   1.66382E-16            16   3.94390E-10   3.14000E+00
        3301   3.96120E+02   1.20000E-01   2.18544E-01   4.61383E-05   5.35957E-05   0.00000E+00   2.35853E-03   1.00000E+00   0.00000E+00   3.87578E+00   1.66769E-16            16   3.93982E-10   3.14000E+00
        3302   3.96240E+02   1.20000E-01   2.18544E-01   4.61817E-05   5.38311E-05   0.00000E+00   2.34834E-03   1.00000E+00   0.00000E+00   3.87578E+00   1.67558E-16            16   3.93603E-10   3.14001E+00
        3303   3.96360E+02   1.20000E-01   2.18544E-01   4.62238E-05   5.40646E-05   0.00000E+00   2.33811E-03   1.00000E+00   0.00000E+00   3.87578E+00   1.67816E-16            16   3.93209E-10   3.14001E+00
        3304   3.96480E+02   1.20000E-01   2.18544E-01   4.62647E-05   5.42962E-05   0.00000E+00   2.32785E-03   1.00000E+00   0.00000E+00   3.87578E+00   1.68037E-16            16   3.92800E-10   3.14002E+00
        3305   3.96600E+02   1.20000E-01   2.18544E-01   4.63043E-05   5.45259E-05   0.00000E+00   2.31754E-03   1.00000E+00   0.00000E+00   3.87578E+00   1.68759E-16            16   3.92433E-10   3.14002E+00
        3306   3.96720E+02   1.20000E-01   2.18544E-01   4.63426E-05   5.47537E-05   0.00000E+00   2.30720E-03   1.00000E+00   0.00000E+00   3.87578E+00   1.68962E-16            16   3.92041E-10   3.14003E+00
        3307   3.96840E+02   1.20000E-01   2.18544E-01   4.63797E-05   5.49796E-05   0.00000E+00   2.29682E-03   1.00000E+00   0.00000E+00   3.87578E+00   1.69164E-16            16   3.91645E-10   3.14004E+00
        3308   3.96960E+02   1.20000E-01   2.18544E-01   4.64155E-05   5.52035E-05   0.00000E+00   2.28641E-03   1.00000E+00   0.00000E+00   3.87578E+00   1.69961E-16            16   3.91268E-10   3.14004E+00
        3309   3.97080E+02   1.20000E-01   2.18544E-01   4.64500E-05   5.54256E-05   0.00000E+00   2.27596E-03   1.00000E+00   0.00000E+00   3.87578E+00   1.70013E-16            16   3.90880E-10   3.14005E+00
        3310   3.97200E+02   1.20000E-01   2.18544E-01   4.64833E-05   5.56457E-05   0.00000E+00   2.26548E-03   1.00000E+00   0.00000E+00   3.87578E+00   1.70335E-16            16   3.90502E-10   3.14005E+00
        3311   3.97320E+02   1.20000E-01   2.18544E-01   4.65154E-05   5.58639E-05   0.00000E+00   2.25496E-03   1.00000E+00   0.00000E+00   3.87578E+00   1.70906E-16            16   3.90125E-10   3.14006E+00
        3312   3.97440E+02   1.20000E-01   2.18544E-01   4.65461E-05   5.60802E-05   0.00000E+00   2.24440E-03   1.00000E+00   0.00000E+00   3.87578E+00   1.71101E-16            16   3.89749E-10   3.14006E+00
        3313   3.97560E+02   1.20000E-01   2.18544E-01   4.65757E-05   5.62946E-05   0.00000E+00   2.23381E-03   1.00000E+00   0.00000E+00   3.87578E+00   1.71553E-16            16   3.89371E-10   3.14007E+00
        3314   3.97680E+02   1.20000E-01   2.18544E-01   4.66039E-05   5.65070E-05   0.00000E+00   2.22319E-03   1.00000E+00   0.00000E+00   3.87578E+00   1.71732E-16            16   3.88996E-10   3.14008E+00
        3315   3.97800E+02   1.20000E-01   2.18544E-01   4.66310E-05   5.67175E-05   0.00000E+00   2.21253E-03   1.00000E+00   0.00000E+00   3.87578E+00   1.72151E-16            16   3.88619E-10   3.14008E+00
        3316   3.97920E+02   1.20000E-01   2.18544E-01   4.66567E-05   5.69261E-05   0.00000E+00   2.20184E-03   1.00000E+00   0.00000E+00   3.87578E+00   1.72323E-16            16   3.88250E-10   3.14009E+00
        3317   3.98040E+02   1.20000E-01   2.18544E-01   4.66813E-05   5.71328E-05   0.00000E+00   2.19111E-03   1.00000E+00   0.00000E+00   3.87578E+00   1.72746E-16            16   3.87872E-10   3.14009E+00
        3318   3.98160E+02   1.20000E-01   2.18544E-01   4.67046E-05   5.73375E-05   0.00000E+00   2.18036E-03   1.00000E+00   0.00000E+00   3.87578E+00   1.72898E-16            16   3.87505E-10   3.14010E+00
        3319   3.98280E+02   1.20000E-01   2.18544E-01   4.67266E-05   5.75403E-05   0.00000E+00   2.16957E-03   1.00000E+00   0.00000E+00   3.87578E+00   1.73304E-16            16   3.87126E-10   3.14011E+00
        3320   3.98400E+02   1.20000E-01   2.18544E-01   4.67474E-05   5.77412E-05   0.00000E+00   2.15875E-03   1.00000E+00   0.00000E+00   3.87578E+00   1.73419E-16            16   3.86762E-10   3.14011E+00
        3321   3.98520E+02   1.20000E-01   2.18544E-01   4.67670E-05   5.79401E-05   0.00000E+00   2.14789E-03   1.00000E+00   0.00000E+00   3.87578E+00   1.73820E-16            16   3.86382E-10   3.14012E+00
        3322   3.98640E+02   1.20000E-01   2.18544E-01   4.67948E-05   5.81371E-05   0.00000E+00   2.13701E-03   1.00000E+00   0.00000E+00   3.87578E+00   1.73922E-16            16   3.86020E-10   3.14012E+00
        3323   3.98760E+02   1.20000E-01   2.18544E-01   4.68559E-05   5.83322E-05   0.00000E+00   2.12609E-03   1.00000E+00   0.00000E+00   3.87578E+00   1.74303E-16            16   3.85638E-10   3.14013E+00
        3324   3.98880E+02   1.20000E-01   2.18544E-01   4.69156E-05   5.85254E-05   0.00000E+00   2.11515E-03   1.00000E+00   0.00000E+00   3.87578E+00   1.74381E-16            16   3.85279E-10   3.14014E+00
        3325   3.99000E+02   1.20000E-01   2.18544E-01   4.69740E-05   5.87166E-05   0.00000E+00   2.10417E-03   1.00000E+00   0.00000E+00   3.87578E+00   1.74748E-16            16   3.84895E-10   3.14014E+00
        3326   3.99120E+02   1.20000E-01   2.18544E-01   4.70311E-05   5.89059E-05   0.00000E+00   2.09316E-03   1.00000E+00   0.00000E+00   3.87578E+00   1.74787E-16            16   3.84537E-10   3.14015E+00
        3327   3.99240E+02   1.20000E-01   2.18544E-01   4.70869E-05   5.90932E-05   0.00000E+00   2.08213E-03   1.00000E+00   0.00000E+00   3.87578E+00   1.75158E-16            16   3.84151E-10   3.14016E+00
        3328   3.99360E+02   1.20000E-01   2.18544E-01   4.71413E-05   5.92786E-05   0.00000E+00   2.07106E-03   1.00000E+00   0.00000E+00   3.87578E+00   1.75177E-16            16   3.83794E-10   3.14016E+00
        3329   3.99480E+02   1.20000E-01   2.18544E-01   4.71944E-05   5.94621E-05   0.00000E+00   2.05997E-03   1.00000E+00   0.00000E+00   3.87578E+00   1.75542E-16            16   3.83406E-10   3.14017E+00
        3330   3.99600E+02   1.20000E-01   2.18544E-01   4.72462E-05   5.96436E-05   0.00000E+00   2.04884E-03   1.00000E+00   0.00000E+00   3.87578E+00   1.75524E-16            16   3.83050E-10   3.14017E+00
        3331   3.99720E+02   1.20000E-01   2.18544E-01   4.72967E-05   5.98233E-05   0.00000E+00   2.03769E-03   1.00000E+00   0.00000E+00   3.87578E+00   1.75908E-16            16   3.82655E-10   3.14018E+00
        3332   3.99840E+02   1.20000E-01   2.18544E-01   4.73459E-05   6.00009E-05   0.00000E+00   2.02651E-03   1.00000E+00   0.00000E+00   3.87578E+00   1.75758E-16            16   3.82308E-10   3.14019E+00
        3333   3.99960E+02   1.20000E-01   2.18544E-01   4.73937E-05   6.01766E-05   0.00000E+00   2.01530E-03   1.00000E+00   0.00000E+00   3.87578E+00   1.76204E-16            16   3.81903E-10   3.14019E+00
        3334   4.00080E+02   1.20000E-01   2.18544E-01   4.74402E-05   6.03504E-05   0.00000E+00   2.00407E-03   1.00000E+00   0.00000E+00   3.87578E+00   1.76031E-16            16   3.81555E-10   3.14020E+00
        3335   4.00200E+02   1.20000E-01   2.18544E-01   4.74854E-05   6.05223E-05   0.00000E+00   1.99281E-03   1.00000E+00   0.00000E+00   3.87578E+00   1.76463E-16            16   3.81150E-10   3.14021E+00
        3336   4.00320E+02   1.20000E-01   2.18544E-01   4.75293E-05   6.06922E-05   0.00000E+00   1.98152E-03   1.00000E+00   0.00000E+00   3.87578E+00   1.76255E-16            16   3.80801E-10   3.14021E+00
        3337   4.00440E+02   1.20000E-01   2.18544E-01   4.75719E-05   6.08602E-05   0.00000E+00   1.97021E-03   1.00000E+00   0.00000E+00   3.87578E+00   1.76657E-16            16   3.80394E-10   3.14022E+00
        3338   4.00560E+02   1.20000E-01   2.18544E-01   4.76132E-05   6.10263E-05   0.00000E+00   1.95887E-03   1.00000E+00   0.00000E+00   3.87578E+00   1.76427E-16            16   3.80042E-10   3.14022E+00
        3339   4.00680E+02   1.20000E-01   2.18544E-01   4.76532E-05   6.11904E-05   0.00000E+00   1.94751E-03   1.00000E+00   0.00000E+00   3.87578E+00   1.76808E-16            16   3.79633E-10   3.14023E+00
        3340   4.00800E+02   1.20000E-01   2.18544E-01   4.76919E-05   6.13525E-05   0.00000E+00   1.93612E-03   1.00000E+00   0.00000E+00   3.87578E+00   1.76556E-16            16   3.79279E-10   3.14024E+00
        3341   4.00920E+02   1.20000E-01   2.18544E-01   4.77293E-05   6.15128E-05   0.00000E+00   1.92471E-03   1.00000E+00   0.00000E+00   3.87578E+00   1.76913E-16            16   3.78863E-10   3.14024E+00
        3342   4.01040E+02   1.20000E-01   2.18544E-01   4.77653E-05   6.16710E-05   0.00000E+00   1.91327E-03   1.00000E+00   0.00000E+00   3.87578E+00   1.76582E-16            16   3.78495E-10   3.14025E+00
        3343   4.01160E+02   1.20000E-01   2.18544E-01   4.78001E-05   6.18274E-05   0.00000E+00   1.90181E-03   1.00000E+00   0.00000E+00   3.87578E+00   1.76947E-16            16   3.78093E-10   3.14026E+00
        3344   4.01280E+02   1.20000E-01   2.18544E-01   4.78336E-05   6.19818E-05   0.00000E+00   1.89032E-03   1.00000E+00   0.00000E+00   3.87578E+00   1.76604E-16            16   3.77721E-10   3.14026E+00
        3345   4.01400E+02   1.20000E-01   2.18544E-01   4.78658E-05   6.21343E-05   0.00000E+00   1.87881E-03   1.00000E+00   0.00000E+00   3.87578E+00   1.76905E-16            16   3.77320E-10   3.14027E+00
        3346   4.01520E+02   1.20000E-01   2.18544E-01   4.78967E-05   6.22848E-05   0.00000E+00   1.86728E-03   1.00000E+00   0.00000E+00   3.87578E+00   1.76915E-16            16   3.76928E-10   3.14028E+00
        3347   4.01640E+02   1.20000E-01   2.18544E-01   4.79263E-05   6.24335E-05   0.00000E+00   1.85573E-03   1.00000E+00   0.00000E+00   3.87578E+00   1.76817E-16            16   3.76539E-10   3.14028E+00
        3348   4.01760E+02   1.20000E-01   2.18544E-01   4.79546E-05   6.25801E-05   0.00000E+00   1.84415E-03   1.00000E+00   0.00000E+00   3.87578E+00   1.76783E-16            16   3.76143E-10   3.14029E+00
        3349   4.01880E+02   1.20000E-01   2.18544E-01   4.79816E-05   6.27249E-05   0.00000E+00   1.83255E-03   1.00000E+00   0.00000E+00   3.87578E+00   1.76668E-16            16   3.75753E-10   3.14030E+00
        3350   4.02000E+02   1.20000E-01   2.18544E-01   4.80074E-05   6.28677E-05   0.00000E+00   1.82093E-03   1.00000E+00   0.00000E+00   3.87578E+00   1.76684E-16            16   3.75350E-10   3.14030E+00
        3351   4.02120E+02   1.20000E-01   2.18544E-01   4.80319E-05   6.30086E-05   0.00000E+00   1.80929E-03   1.00000E+00   0.00000E+00   3.87578E+00   1.76577E-16            16   3.74953E-10   3.14031E+00
        3352   4.02240E+02   1.20000E-01   2.18544E-01   4.80551E-05   6.31475E-05   0.00000E+00   1.79763E-03   1.00000E+00   0.00000E+00   3.87578E+00   1.76516E-16            16   3.74551E-10   3.14032E+00
        3353   4.02360E+02   1.20000E-01   2.18544E-01   4.80770E-05   6.32845E-05   0.00000E+00   1.78595E-03   1.00000E+00   0.00000E+00   3.87578E+00   1.76385E-16            16   3.74149E-10   3.14032E+00
        3354   4.02480E+02   1.20000E-01   2.18544E-01   4.80976E-05   6.34196E-05   0.00000E+00   1.77425E-03   1.00000E+00   0.00000E+00   3.87578E+00   1.76343E-16            16   3.73737E-10   3.14033E+00
        3355   4.02600E+02   1.20000E-01   2.18544E-01   4.81170E-05   6.35528E-05   0.00000E+00   1.76253E-03   1.00000E+00   0.00000E+00   3.87578E+00   1.76228E-16            16   3.73329E-10   3.14034E+00
        3356   4.02720E+02   1.20000E-01   2.18544E-01   4.81351E-05   6.36840E-05   0.00000E+00   1.75079E-03   1.00000E+00   0.00000E+00   3.87578E+00   1.76086E-16            16   3.72920E-10   3.14034E+00
        3357   4.02840E+02   1.20000E-01   2.18544E-01   4.81519E-05   6.38133E-05   0.00000E+00   1.73902E-03   1.00000E+00   0.00000E+00   3.87578E+00   1.76009E-16            16   3.72499E-10   3.14035E+00
        3358   4.02960E+02   1.20000E-01   2.18544E-01   4.81675E-05   6.39407E-05   0.00000E+00   1.72725E-03   1.00000E+00   0.00000E+00   3.87578E+00   1.75856E-16            16   3.72083E-10   3.14036E+00
        3359   4.03080E+02   1.20000E-01   2.18544E-01   4.81818E-05   6.40661E-05   0.00000E+00   1.71545E-03   1.00000E+00   0.00000E+00   3.87578E+00   1.75677E-16            16   3.71666E-10   3.14036E+00
        3360   4.03200E+02   1.20000E-01   2.18544E-01   4.81949E-05   6.41897E-05   0.00000E+00   1.70363E-03   1.00000E+00   0.00000E+00   3.87578E+00   1.75566E-16            16   3.71235E-10   3.14037E+00
        3361   4.03320E+02   1.20000E-01   2.18544E-01   4.82067E-05   6.43113E-05   0.00000E+00   1.69180E-03   1.00000E+00   0.00000E+00   3.87578E+00   1.75388E-16            16   3.70809E-10   3.14038E+00
        3362   4.03440E+02   1.20000E-01   2.18544E-01   4.82172E-05   6.44310E-05   0.00000E+00   1.67995E-03   1.00000E+00   0.00000E+00   3.87578E+00   1.75172E-16            16   3.70382E-10   3.14039E+00
        3363   4.03560E+02   1.20000E-01   2.18544E-01   4.82265E-05   6.45487E-05   0.00000E+00   1.66808E-03   1.00000E+00   0.00000E+00   3.87578E+00   1.75056E-16            16   3.69941E-10   3.14039E+00
        3364   4.03680E+02   1.20000E-01   2.18544E-01   4.82345E-05   6.46646E-05   0.00000E+00   1.65619E-03   1.00000E+00   0.00000E+00   3.87578E+00   1.74830E-16            16   3.69504E-10   3.14040E+00
        3365   4.03800E+02   1.20000E-01   2.18544E-01   4.82413E-05   6.47785E-05   0.00000E+00   1.64429E-03   1.00000E+00   0.00000E+00   3.87578E+00   1.74590E-16            16   3.69066E-10   3.14041E+00
        3366   4.03920E+02   1.20000E-01   2.18544E-01   4.82469E-05   6.48905E-05   0.00000E+00   1.63237E-03   1.00000E+00   0.00000E+00   3.87578E+00   1.74418E-16            16   3.68615E-10   3.14041E+00
        3367   4.04040E+02   1.20000E-01   2.18544E-01   4.82512E-05   6.50006E-05   0.00000E+00   1.62044E-03   1.00000E+00   0.00000E+00   3.87578E+00   1.74188E-16            16   3.68166E-10   3.14042E+00
        3368   4.04160E+02   1.20000E-01   2.18544E-01   4.82543E-05   6.51088E-05   0.00000E+00   1.60849E-03   1.00000E+00   0.00000E+00   3.87578E+00   1.73908E-16            16   3.67715E-10   3.14043E+00
        3369   4.04280E+02   1.20000E-01   2.18544E-01   4.82561E-05   6.52151E-05   0.00000E+00   1.59653E-03   1.00000E+00   0.00000E+00   3.87578E+00   1.73695E-16            16   3.67252E-10   3.14043E+00
        3370   4.04400E+02   1.20000E-01   2.18544E-01   4.82567E-05   6.53195E-05   0.00000E+00   1.58455E-03   1.00000E+00   0.00000E+00   3.87578E+00   1.73421E-16            16   3.66790E-10   3.14044E+00
        3371   4.04520E+02   1.20000E-01   2.18544E-01   4.82561E-05   6.54219E-05   0.00000E+00   1.57255E-03   1.00000E+00   0.00000E+00   3.87578E+00   1.73118E-16            16   3.66327E-10   3.14045E+00
        3372   4.04640E+02   1.20000E-01   2.18544E-01   4.82543E-05   6.55225E-05   0.00000E+00   1.56055E-03   1.00000E+00   0.00000E+00   3.87578E+00   1.72889E-16            16   3.65850E-10   3.14045E+00
        3373   4.04760E+02   1.20000E-01   2.18544E-01   4.82512E-05   6.56211E-05   0.00000E+00   1.54852E-03   1.00000E+00   0.00000E+00   3.87578E+00   1.72573E-16            16   3.65375E-10   3.14046E+00
        3374   4.04880E+02   1.20000E-01   2.18544E-01   4.82469E-05   6.57178E-05   0.00000E+00   1.53649E-03   1.00000E+00   0.00000E+00   3.87578E+00   1.72237E-16            16   3.64895E-10   3.14047E+00
        3375   4.05000E+02   1.20000E-01   2.18544E-01   4.82414E-05   6.58127E-05   0.00000E+00   1.52444E-03   1.00000E+00   0.00000E+00   3.87578E+00   1.71922E-16            16   3.64407E-10   3.14048E+00
        3376   4.05120E+02   1.20000E-01   2.18544E-01   4.82346E-05   6.59056E-05   0.00000E+00   1.51238E-03   1.00000E+00   0.00000E+00   3.87578E+00   1.71602E-16            16   3.63916E-10   3.14048E+00
        3377   4.05240E+02   1.20000E-01   2.18544E-01   4.82267E-05   6.59966E-05   0.00000E+00   1.50031E-03   1.00000E+00   0.00000E+00   3.87578E+00   1.71264E-16            16   3.63420E-10   3.14049E+00
        3378   4.05360E+02   1.20000E-01   2.18544E-01   4.82176E-05   6.60858E-05   0.00000E+00   1.48822E-03   1.00000E+00   0.00000E+00   3.87578E+00   1.70874E-16            16   3.62922E-10   3.14050E+00
        3379   4.05480E+02   1.20000E-01   2.18544E-01   4.82072E-05   6.61730E-05   0.00000E+00   1.47613E-03   1.00000E+00   0.00000E+00   3.87578E+00   1.70507E-16            16   3.62413E-10   3.14050E+00
        3380   4.05600E+02   1.20000E-01   2.18544E-01   4.81956E-05   6.62584E-05   0.00000E+00   1.46402E-03   1.00000E+00   0.00000E+00   3.87578E+00   1.70173E-16            16   3.61899E-10   3.14051E+00
        3381   4.05720E+02   1.20000E-01   2.18544E-01   4.81829E-05   6.63418E-05   0.00000E+00   1.45190E-03   1.00000E+00   0.00000E+00   3.87578E+00   1.69723E-16            16   3.61385E-10   3.14052E+00
        3382   4.05840E+02   1.20000E-01   2.18544E-01   4.81689E-05   6.64234E-05   0.00000E+00   1.43977E-03   1.00000E+00   0.00000E+00   3.87578E+00   1.69366E-16            16   3.60858E-10   3.14053E+00
        3383   4.05960E+02   1.20000E-01   2.18544E-01   4.81537E-05   6.65031E-05   0.00000E+00   1.42763E-03   1.00000E+00   0.00000E+00   3.87578E+00   1.68942E-16            16   3.60330E-10   3.14053E+00
        3384   4.06080E+02   1.20000E-01   2.18544E-01   4.81374E-05   6.65809E-05   0.00000E+00   1.41548E-03   1.00000E+00   0.00000E+00   3.87578E+00   1.68520E-16            16   3.59793E-10   3.14054E+00
        3385   4.06200E+02   1.20000E-01   2.18544E-01   4.81198E-05   6.66568E-05   0.00000E+00   1.40332E-03   1.00000E+00   0.00000E+00   3.87578E+00   1.68059E-16            16   3.59254E-10   3.14055E+00
        3386   4.06320E+02   1.20000E-01   2.18544E-01   4.81011E-05   6.67309E-05   0.00000E+00   1.39115E-03   1.00000E+00   0.00000E+00   3.87578E+00   1.67638E-16            16   3.58705E-10   3.14055E+00
        3387   4.06440E+02   1.20000E-01   2.18544E-01   4.80812E-05   6.68030E-05   0.00000E+00   1.37897E-03   1.00000E+00   0.00000E+00   3.87578E+00   1.67139E-16            16   3.58154E-10   3.14056E+00
        3388   4.06560E+02   1.20000E-01   2.18544E-01   4.80601E-05   6.68733E-05   0.00000E+00   1.36678E-03   1.00000E+00   0.00000E+00   3.87578E+00   1.66720E-16            16   3.57591E-10   3.14057E+00
        3389   4.06680E+02   1.20000E-01   2.18544E-01   4.80378E-05   6.69417E-05   0.00000E+00   1.35458E-03   1.00000E+00   0.00000E+00   3.87578E+00   1.66184E-16            16   3.57027E-10   3.14058E+00
        3390   4.06800E+02   1.20000E-01   2.18544E-01   4.80144E-05   6.70082E-05   0.00000E+00   1.34238E-03   1.00000E+00   0.00000E+00   3.87578E+00   1.65741E-16            16   3.56451E-10   3.14058E+00
        3391   4.06920E+02   1.20000E-01   2.18544E-01   4.79898E-05   6.70729E-05   0.00000E+00   1.33017E-03   1.00000E+00   0.00000E+00   3.87578E+00   1.65173E-16            16   3.55874E-10   3.14059E+00
        3392   4.07040E+02   1.20000E-01   2.18544E-01   4.79640E-05   6.71357E-05   0.00000E+00   1.31795E-03   1.00000E+00   0.00000E+00   3.87578E+00   1.64697E-16            16   3.55285E-10   3.14060E+00
        3393   4.07160E+02   1.20000E-01   2.18544E-01   4.79371E-05   6.71966E-05   0.00000E+00   1.30573E-03   1.00000E+00   0.00000E+00   3.87578E+00   1.64180E-16            16   3.54689E-10   3.14061E+00
        3394   4.07280E+02   1.20000E-01   2.18544E-01   4.79090E-05   6.72557E-05   0.00000E+00   1.29349E-03   1.00000E+00   0.00000E+00   3.87578E+00   1.63592E-16            16   3.54090E-10   3.14061E+00
        3395   4.07400E+02   1.20000E-01   2.18544E-01   4.78797E-05   6.73129E-05   0.00000E+00   1.28126E-03   1.00000E+00   0.00000E+00   3.87578E+00   1.63037E-16            16   3.53481E-10   3.14062E+00
        3396   4.07520E+02   1.20000E-01   2.18544E-01   4.78493E-05   6.73683E-05   0.00000E+00   1.26901E-03   1.00000E+00   0.00000E+00   3.87578E+00   1.62467E-16            16   3.52866E-10   3.14063E+00
        3397   4.07640E+02   1.20000E-01   2.18544E-01   4.78177E-05   6.74218E-05   0.00000E+00   1.25676E-03   1.00000E+00   0.00000E+00   3.87578E+00   1.61875E-16            16   3.52242E-10   3.14063E+00
        3398   4.07760E+02   1.20000E-01   2.18544E-01   4.77850E-05   6.74734E-05   0.00000E+00   1.24451E-03   1.00000E+00   0.00000E+00   3.87578E+00   1.61289E-16            16   3.51610E-10   3.14064E+00
        3399   4.07880E+02   1.20000E-01   2.18544E-01   4.77512E-05   6.75232E-05   0.00000E+00   1.23225E-03   1.00000E+00   0.00000E+00   3.87578E+00   1.60686E-16            16   3.50971E-10   3.14065E+00
        3400   4.08000E+02   1.20000E-01   2.18544E-01   4.77162E-05   6.75712E-05   0.00000E+00   1.21998E-03   1.00000E+00   0.00000E+00   3.87578E+00   1.60068E-16            16   3.50324E-10   3.14066E+00
        3401   4.08120E+02   1.20000E-01   2.18544E-01   4.76800E-05   6.76173E-05   0.00000E+00   1.20771E-03   1.00000E+00   0.00000E+00   3.87578E+00   1.59442E-16            16   3.49669E-10   3.14066E+00
        3402   4.08240E+02   1.20000E-01   2.18544E-01   4.76428E-05   6.76615E-05   0.00000E+00   1.19544E-03   1.00000E+00   0.00000E+00   3.87578E+00   1.58818E-16            16   3.49005E-10   3.14067E+00
        3403   4.08360E+02   1.20000E-01   2.18544E-01   4.76044E-05   6.77040E-05   0.00000E+00   1.18316E-03   1.00000E+00   0.00000E+00   3.87578E+00   1.58161E-16            16   3.48332E-10   3.14068E+00
        3404   4.08480E+02   1.20000E-01   2.18544E-01   4.75649E-05   6.77446E-05   0.00000E+00   1.17088E-03   1.00000E+00   0.00000E+00   3.87578E+00   1.57505E-16            16   3.47651E-10   3.14069E+00
        3405   4.08600E+02   1.20000E-01   2.18544E-01   4.75242E-05   6.77834E-05   0.00000E+00   1.15859E-03   1.00000E+00   0.00000E+00   3.87578E+00   1.56844E-16            16   3.46960E-10   3.14069E+00
        3406   4.08720E+02   1.20000E-01   2.18544E-01   4.74825E-05   6.78203E-05   0.00000E+00   1.14630E-03   1.00000E+00   0.00000E+00   3.87578E+00   1.56168E-16            16   3.46262E-10   3.14070E+00
        3407   4.08840E+02   1.20000E-01   2.18544E-01   4.74396E-05   6.78555E-05   0.00000E+00   1.13401E-03   1.00000E+00   0.00000E+00   3.87578E+00   1.55478E-16            16   3.45554E-10   3.14071E+00
        3408   4.08960E+02   1.20000E-01   2.18544E-01   4.73956E-05   6.78888E-05   0.00000E+00   1.12172E-03   1.00000E+00   0.00000E+00   3.87578E+00   1.54792E-16            16   3.44837E-10   3.14072E+00
        3409   4.09080E+02   1.20000E-01   2.18544E-01   4.73505E-05   6.79203E-05   0.00000E+00   1.10943E-03   1.00000E+00   0.00000E+00   3.87578E+00   1.54084E-16            16   3.44109E-10   3.14072E+00
        3410   4.09200E+02   1.20000E-01   2.18544E-01   4.73043E-05   6.79500E-05   0.00000E+00   1.09713E-03   1.00000E+00   0.00000E+00   3.87578E+00   1.53372E-16            16   3.43372E-10   3.14073E+00
        3411   4.09320E+02   1.20000E-01   2.18544E-01   4.72570E-05   6.79779E-05   0.00000E+00   1.08483E-03   1.00000E+00   0.00000E+00   3.87578E+00   1.52642E-16            16   3.42626E-10   3.14074E+00
        3412   4.09440E+02   1.20000E-01   2.18544E-01   4.72086E-05   6.80039E-05   0.00000E+00   1.07253E-03   1.00000E+00   0.00000E+00   3.87578E+00   1.51908E-16            16   3.41871E-10   3.14074E+00
        3413   4.09560E+02   1.20000E-01   2.18544E-01   4.71591E-05   6.80282E-05   0.00000E+00   1.06023E-03   1.00000E+00   0.00000E+00   3.87578E+00   1.51181E-16            16   3.41102E-10   3.14075E+00
        3414   4.09680E+02   1.20000E-01   2.18544E-01   4.71086E-05   6.80507E-05   0.00000E+00   1.04793E-03   1.00000E+00   0.00000E+00   3.87578E+00   1.50427E-16            16   3.40325E-10   3.14076E+00
        3415   4.09800E+02   1.20000E-01   2.18544E-01   4.70569E-05   6.80713E-05   0.00000E+00   1.03563E-03   1.00000E+00   0.00000E+00   3.87578E+00   1.50017E-16            16   3.38974E-10   3.14077E+00
        3416   4.09920E+02   1.20000E-01   2.18544E-01   4.70042E-05   6.80902E-05   0.00000E+00   1.02334E-03   1.00000E+00   0.00000E+00   3.87578E+00   1.47853E-16            16   3.40100E-10   3.14077E+00
        3417   4.10040E+02   1.20000E-01   2.18544E-01   4.69504E-05   6.81073E-05   0.00000E+00   1.01103E-03   1.00000E+00   0.00000E+00   3.87578E+00   1.49761E-16            16   3.36730E-10   3.14078E+00
        3418   4.10160E+02   1.20000E-01   2.18544E-01   4.68955E-05   6.81226E-05   0.00000E+00   9.98739E-04   1.00000E+00   0.00000E+00   3.87578E+00   1.46065E-16            16   3.38521E-10   3.14079E+00
        3419   4.10280E+02   1.20000E-01   2.18544E-01   4.68395E-05   6.81361E-05   0.00000E+00   9.86437E-04   1.00000E+00   0.00000E+00   3.87578E+00   1.47868E-16            16   3.35004E-10   3.14080E+00
        3420   4.10400E+02   1.20000E-01   2.18544E-01   4.67825E-05   6.81479E-05   0.00000E+00   9.74149E-04   1.00000E+00   0.00000E+00   3.87578E+00   1.44312E-16            16   3.36893E-10   3.14080E+00
        3421   4.10520E+02   1.20000E-01   2.18544E-01   4.67244E-05   6.81578E-05   0.00000E+00   9.61846E-04   1.00000E+00   0.00000E+00   3.87578E+00   1.46233E-16            16   3.33258E-10   3.14081E+00
        3422   4.10640E+02   1.20000E-01   2.18544E-01   4.66652E-05   6.81660E-05   0.00000E+00   9.49560E-04   1.00000E+00   0.00000E+00   3.87578E+00   1.42659E-16            16   3.35210E-10   3.14082E+00
        3423   4.10760E+02   1.20000E-01   2.18544E-01   4.66050E-05   6.81724E-05   0.00000E+00   9.37266E-04   1.00000E+00   0.00000E+00   3.87578E+00   1.44514E-16            16   3.31475E-10   3.14083E+00
        3424   4.10880E+02   1.20000E-01   2.18544E-01   4.65438E-05   6.81771E-05   0.00000E+00   9.24987E-04   1.00000E+00   0.00000E+00   3.87578E+00   1.41007E-16            16   3.33471E-10   3.14083E+00
        3425   4.11000E+02   1.20000E-01   2.18544E-01   4.64815E-05   6.81800E-05   0.00000E+00   9.12698E-04   1.00000E+00   0.00000E+00   3.87578E+00   1.42783E-16            16   3.29660E-10   3.14084E+00
        3426   4.11120E+02   1.20000E-01   2.18544E-01   4.64181E-05   6.81811E-05   0.00000E+00   9.00425E-04   1.00000E+00   0.00000E+00   3.87578E+00   1.39301E-16            16   3.31672E-10   3.14085E+00
        3427   4.11240E+02   1.20000E-01   2.18544E-01   4.63538E-05   6.81805E-05   0.00000E+00   8.88145E-04   1.00000E+00   0.00000E+00   3.87578E+00   1.40941E-16            16   3.27802E-10   3.14086E+00
        3428   4.11360E+02   1.20000E-01   2.18544E-01   4.62883E-05   6.81781E-05   0.00000E+00   8.75879E-04   1.00000E+00   0.00000E+00   3.87578E+00   1.37495E-16            16   3.29794E-10   3.14086E+00
        3429   4.11480E+02   1.20000E-01   2.18544E-01   4.62219E-05   6.81740E-05   0.00000E+00   8.63607E-04   1.00000E+00   0.00000E+00   3.87578E+00   1.39070E-16            16   3.25906E-10   3.14087E+00
        3430   4.11600E+02   1.20000E-01   2.18544E-01   4.61544E-05   6.81681E-05   0.00000E+00   8.51349E-04   1.00000E+00   0.00000E+00   3.87578E+00   1.35731E-16            16   3.27856E-10   3.14088E+00
        3431   4.11720E+02   1.20000E-01   2.18544E-01   4.60859E-05   6.81605E-05   0.00000E+00   8.39102E-04   1.00000E+00   0.00000E+00   3.87578E+00   1.37185E-16            16   3.23972E-10   3.14089E+00
        3432   4.11840E+02   1.20000E-01   2.18544E-01   4.60164E-05   6.81512E-05   0.00000E+00   8.26850E-04   1.00000E+00   0.00000E+00   3.87578E+00   1.34087E-16            16   3.25548E-10   3.14089E+00
        3433   4.11960E+02   1.20000E-01   2.18544E-01   4.59459E-05   6.81401E-05   0.00000E+00   8.14600E-04   1.00000E+00   0.00000E+00   3.87578E+00   1.34377E-16            16   3.22939E-10   3.14090E+00
        3434   4.12080E+02   1.20000E-01   2.18544E-01   4.58809E-05   6.81274E-05   0.00000E+00   8.02358E-04   1.00000E+00   0.00000E+00   3.87578E+00   1.33174E-16            16   3.22171E-10   3.14091E+00
        3435   4.12200E+02   1.20000E-01   2.18544E-01   4.58163E-05   6.81128E-05   0.00000E+00   7.90124E-04   1.00000E+00   0.00000E+00   3.87578E+00   1.31969E-16            16   3.21201E-10   3.14092E+00
        3436   4.12320E+02   1.20000E-01   2.18544E-01   4.57506E-05   6.80966E-05   0.00000E+00   7.77896E-04   1.00000E+00   0.00000E+00   3.87578E+00   1.30964E-16            16   3.20157E-10   3.14092E+00
        3437   4.12440E+02   1.20000E-01   2.18544E-01   4.56839E-05   6.80787E-05   0.00000E+00   7.65676E-04   1.00000E+00   0.00000E+00   3.87578E+00   1.30022E-16            16   3.19110E-10   3.14093E+00
        3438   4.12560E+02   1.20000E-01   2.18544E-01   4.56162E-05   6.80590E-05   0.00000E+00   7.53461E-04   1.00000E+00   0.00000E+00   3.87578E+00   1.29019E-16            16   3.18029E-10   3.14094E+00
        3439   4.12680E+02   1.20000E-01   2.18544E-01   4.55474E-05   6.80377E-05   0.00000E+00   7.41254E-04   1.00000E+00   0.00000E+00   3.87578E+00   1.28060E-16            16   3.16954E-10   3.14095E+00
        3440   4.12800E+02   1.20000E-01   2.18544E-01   4.54776E-05   6.80146E-05   0.00000E+00   7.29054E-04   1.00000E+00   0.00000E+00   3.87578E+00   1.27043E-16            16   3.15843E-10   3.14095E+00
        3441   4.12920E+02   1.20000E-01   2.18544E-01   4.54068E-05   6.79899E-05   0.00000E+00   7.16860E-04   1.00000E+00   0.00000E+00   3.87578E+00   1.26117E-16            16   3.14739E-10   3.14096E+00
        3442   4.13040E+02   1.20000E-01   2.18544E-01   4.53350E-05   6.79635E-05   0.00000E+00   7.04678E-04   1.00000E+00   0.00000E+00   3.87578E+00   1.25053E-16            16   3.13601E-10   3.14097E+00
        3443   4.13160E+02   1.20000E-01   2.18544E-01   4.52622E-05   6.79353E-05   0.00000E+00   6.92503E-04   1.00000E+00   0.00000E+00   3.87578E+00   1.24138E-16            16   3.12474E-10   3.14098E+00
        3444   4.13280E+02   1.20000E-01   2.18544E-01   4.51883E-05   6.79055E-05   0.00000E+00   6.80338E-04   1.00000E+00   0.00000E+00   3.87578E+00   1.23134E-16            16   3.11306E-10   3.14098E+00
        3445   4.13400E+02   1.20000E-01   2.18544E-01   4.51135E-05   6.78741E-05   0.00000E+00   6.68180E-04   1.00000E+00   0.00000E+00   3.87578E+00   1.22209E-16            16   3.10153E-10   3.14099E+00
        3446   4.13520E+02   1.20000E-01   2.18544E-01   4.50377E-05   6.78409E-05   0.00000E+00   6.56033E-04   1.00000E+00   0.00000E+00   3.87578E+00   1.21213E-16            16   3.08954E-10   3.14100E+00
        3447   4.13640E+02   1.20000E-01   2.18544E-01   4.49608E-05   6.78061E-05   0.00000E+00   6.43897E-04   1.00000E+00   0.00000E+00   3.87578E+00   1.20292E-16            16   3.07772E-10   3.14101E+00
        3448   4.13760E+02   1.20000E-01   2.18544E-01   4.48830E-05   6.77696E-05   0.00000E+00   6.31769E-04   1.00000E+00   0.00000E+00   3.87578E+00   1.19294E-16            16   3.06545E-10   3.14101E+00
        3449   4.13880E+02   1.20000E-01   2.18544E-01   4.48042E-05   6.77315E-05   0.00000E+00   6.19652E-04   1.00000E+00   0.00000E+00   3.87578E+00   1.18384E-16            16   3.05334E-10   3.14102E+00
        3450   4.14000E+02   1.20000E-01   2.18544E-01   4.47244E-05   6.76917E-05   0.00000E+00   6.07548E-04   1.00000E+00   0.00000E+00   3.87578E+00   1.17396E-16            16   3.04076E-10   3.14103E+00
        3451   4.14120E+02   1.20000E-01   2.18544E-01   4.46436E-05   6.76503E-05   0.00000E+00   5.95452E-04   1.00000E+00   0.00000E+00   3.87578E+00   1.16489E-16            16   3.02838E-10   3.14104E+00
        3452   4.14240E+02   1.20000E-01   2.18544E-01   4.45618E-05   6.76072E-05   0.00000E+00   5.83368E-04   1.00000E+00   0.00000E+00   3.87578E+00   1.15488E-16            16   3.01551E-10   3.14104E+00
        3453   4.14360E+02   1.20000E-01   2.18544E-01   4.44791E-05   6.75625E-05   0.00000E+00   5.71294E-04   1.00000E+00   0.00000E+00   3.87578E+00   1.14606E-16            16   3.00283E-10   3.14105E+00
        3454   4.14480E+02   1.20000E-01   2.18544E-01   4.43954E-05   6.75162E-05   0.00000E+00   5.59233E-04   1.00000E+00   0.00000E+00   3.87578E+00   1.13615E-16            16   2.98965E-10   3.14106E+00
        3455   4.14600E+02   1.20000E-01   2.18544E-01   4.43108E-05   6.74682E-05   0.00000E+00   5.47184E-04   1.00000E+00   0.00000E+00   3.87578E+00   1.12733E-16            16   2.97668E-10   3.14107E+00
        3456   4.14720E+02   1.20000E-01   2.18544E-01   4.42252E-05   6.74186E-05   0.00000E+00   5.35147E-04   1.00000E+00   0.00000E+00   3.87578E+00   1.11727E-16            16   2.96322E-10   3.14107E+00
        3457   4.14840E+02   1.20000E-01   2.18544E-01   4.41386E-05   6.73674E-05   0.00000E+00   5.23122E-04   1.00000E+00   0.00000E+00   3.87578E+00   1.10855E-16            16   2.94996E-10   3.14108E+00
        3458   4.14960E+02   1.20000E-01   2.18544E-01   4.40511E-05   6.73146E-05   0.00000E+00   5.11111E-04   1.00000E+00   0.00000E+00   3.87578E+00   1.09866E-16            16   2.93621E-10   3.14109E+00
        3459   4.15080E+02   1.20000E-01   2.18544E-01   4.39626E-05   6.72601E-05   0.00000E+00   4.99112E-04   1.00000E+00   0.00000E+00   3.87578E+00   1.08999E-16            16   2.92267E-10   3.14110E+00
        3460   4.15200E+02   1.20000E-01   2.18544E-01   4.38732E-05   6.72041E-05   0.00000E+00   4.87127E-04   1.00000E+00   0.00000E+00   3.87578E+00   1.08021E-16            16   2.90875E-10   3.14110E+00
        3461   4.15320E+02   1.20000E-01   2.18544E-01   4.37829E-05   6.71465E-05   0.00000E+00   4.75155E-04   1.00000E+00   0.00000E+00   3.87578E+00   1.07126E-16            16   2.89481E-10   3.14111E+00
        3462   4.15440E+02   1.20000E-01   2.18544E-01   4.36916E-05   6.70872E-05   0.00000E+00   4.63198E-04   1.00000E+00   0.00000E+00   3.87578E+00   1.06429E-16            16   2.88063E-10   3.14112E+00
        3463   4.15560E+02   1.20000E-01   2.18544E-01   4.35994E-05   6.70264E-05   0.00000E+00   4.51254E-04   1.00000E+00   0.00000E+00   3.87578E+00   1.06385E-16            16   2.86642E-10   3.14113E+00
        3464   4.15680E+02   1.20000E-01   2.18544E-01   4.35063E-05   6.69640E-05   0.00000E+00   4.39326E-04   1.00000E+00   0.00000E+00   3.87578E+00   1.06287E-16            16   2.85200E-10   3.14113E+00
        3465   4.15800E+02   1.20000E-01   2.18544E-01   4.34122E-05   6.69001E-05   0.00000E+00   4.27411E-04   1.00000E+00   0.00000E+00   3.87578E+00   1.06149E-16            16   2.83746E-10   3.14114E+00
        3466   4.15920E+02   1.20000E-01   2.18544E-01   4.33173E-05   6.68345E-05   0.00000E+00   4.15513E-04   1.00000E+00   0.00000E+00   3.87578E+00   1.06102E-16            16   2.82279E-10   3.14115E+00
        3467   4.16040E+02   1.20000E-01   2.18544E-01   4.32214E-05   6.67674E-05   0.00000E+00   4.03628E-04   1.00000E+00   0.00000E+00   3.87578E+00   1.05976E-16            16   2.80799E-10   3.14116E+00
        3468   4.16160E+02   1.20000E-01   2.18544E-01   4.31246E-05   6.66987E-05   0.00000E+00   3.91760E-04   1.00000E+00   0.00000E+00   3.87578E+00   1.05937E-16            16   2.79307E-10   3.14116E+00
        3469   4.16280E+02   1.20000E-01   2.18544E-01   4.30269E-05   6.66285E-05   0.00000E+00   3.79907E-04   1.00000E+00   0.00000E+00   3.87578E+00   1.05795E-16            16   2.77801E-10   3.14117E+00
        3470   4.16400E+02   1.20000E-01   2.18544E-01   4.29284E-05   6.65567E-05   0.00000E+00   3.68071E-04   1.00000E+00   0.00000E+00   3.87578E+00   1.05728E-16            16   2.76282E-10   3.14118E+00
        3471   4.16520E+02   1.20000E-01   2.18544E-01   4.28289E-05   6.64834E-05   0.00000E+00   3.56251E-04   1.00000E+00   0.00000E+00   3.87578E+00   1.05573E-16            16   2.74748E-10   3.14118E+00
        3472   4.16640E+02   1.20000E-01   2.18544E-01   4.27285E-05   6.64085E-05   0.00000E+00   3.44447E-04   1.00000E+00   0.00000E+00   3.87578E+00   1.05468E-16            16   2.73200E-10   3.14119E+00
        3473   4.16760E+02   1.20000E-01   2.18544E-01   4.26273E-05   6.63321E-05   0.00000E+00   3.32660E-04   1.00000E+00   0.00000E+00   3.87578E+00   1.05331E-16            16   2.71635E-10   3.14120E+00
        3474   4.16880E+02   1.20000E-01   2.18544E-01   4.25251E-05   6.62542E-05   0.00000E+00   3.20891E-04   1.00000E+00   0.00000E+00   3.87578E+00   1.05106E-16            16   2.70054E-10   3.14121E+00
        3475   4.17000E+02   1.20000E-01   2.18544E-01   4.24221E-05   6.61747E-05   0.00000E+00   3.09137E-04   1.00000E+00   0.00000E+00   3.87578E+00   1.04924E-16            16   2.68451E-10   3.14121E+00
        3476   4.17120E+02   1.20000E-01   2.18544E-01   4.23182E-05   6.60937E-05   0.00000E+00   2.97403E-04   1.00000E+00   0.00000E+00   3.87578E+00   1.04772E-16            16   2.66831E-10   3.14122E+00
        3477   4.17240E+02   1.20000E-01   2.18544E-01   4.22135E-05   6.60113E-05   0.00000E+00   2.85688E-04   1.00000E+00   0.00000E+00   3.87578E+00   1.04530E-16            16   2.65180E-10   3.14123E+00
        3478   4.17360E+02   1.20000E-01   2.18544E-01   4.21080E-05   6.59273E-05   0.00000E+00   2.73723E-04   1.00000E+00   0.00000E+00   3.87578E+00   5.14299E-16            16   4.38630E-10   3.14124E+00
        3479   4.17480E+02   1.20000E-01   2.18544E-01   4.20237E-05   6.58422E-05   0.00000E+00   2.61176E-04   1.00000E+00   0.00000E+00   3.87578E+00   2.92575E-16            16   6.44430E-10   3.14124E+00
        3480   4.17600E+02   1.20000E-01   2.18544E-01   4.19527E-05   6.57550E-05   0.00000E+00   2.52163E-04   1.00000E+00   0.00000E+00   3.87578E+00   3.23897E-16            17   2.77472E-10   3.14125E+00
        3481   4.17720E+02   1.20000E-01   2.18544E-01   4.18803E-05   6.56656E-05   0.00000E+00   2.38323E-04   1.00000E+00   0.00000E+00   3.87578E+00   1.42464E-15            16   8.54876E-10   3.14126E+00
        3482   4.17840E+02   1.20000E-01   2.18544E-01   4.18076E-05   6.55767E-05   0.00000E+00   2.27797E-04   1.00000E+00   0.00000E+00   3.87578E+00   1.01449E-15            16   6.64640E-10   3.14127E+00
        3483   4.17960E+02   1.20000E-01   2.18544E-01   4.17334E-05   6.54839E-05   0.00000E+00   2.15417E-04   1.00000E+00   0.00000E+00   3.87578E+00   1.04577E-15            16   6.36939E-10   3.14127E+00
        3484   4.18080E+02   1.20000E-01   2.18544E-01   4.16586E-05   6.53915E-05   0.00000E+00   2.04478E-04   1.00000E+00   0.00000E+00   3.87578E+00   9.16469E-16            16   4.87248E-10   3.14128E+00
        3485   4.18200E+02   1.20000E-01   2.18544E-01   4.15829E-05   6.52966E-05   0.00000E+00   1.92502E-04   1.00000E+00   0.00000E+00   3.87578E+00   8.34533E-16            16   5.54744E-10   3.14129E+00
        3486   4.18320E+02   1.20000E-01   2.18544E-01   4.15063E-05   6.52010E-05   0.00000E+00   1.81106E-04   1.00000E+00   0.00000E+00   3.87578E+00   6.40092E-16            16   2.89811E-10   3.14130E+00
        3487   4.18440E+02   1.20000E-01   2.18544E-01   4.14286E-05   6.51029E-05   0.00000E+00   1.69886E-04   1.00000E+00   0.00000E+00   3.87578E+00   1.07776E-15            16   5.42788E-10   3.14130E+00
        3488   4.18560E+02   1.20000E-01   2.18544E-01   4.13503E-05   6.50038E-05   0.00000E+00   1.58062E-04   1.00000E+00   0.00000E+00   3.87578E+00   5.09914E-16            16   3.93609E-10   3.14131E+00
        3489   4.18680E+02   1.20000E-01   2.18544E-01   4.12709E-05   6.49039E-05   0.00000E+00   1.46548E-04   1.00000E+00   0.00000E+00   3.87578E+00   6.78799E-16            16   3.09487E-10   3.14132E+00
        3490   4.18800E+02   1.20000E-01   2.18544E-01   4.11906E-05   6.48017E-05   0.00000E+00   1.35473E-04   1.00000E+00   0.00000E+00   3.87578E+00   1.17731E-15            16   5.58425E-10   3.14132E+00
        3491   4.18920E+02   1.20000E-01   2.18544E-01   4.11096E-05   6.46980E-05   0.00000E+00   1.23665E-04   1.00000E+00   0.00000E+00   3.87578E+00   9.21082E-16            16   4.63596E-10   3.14133E+00
        3492   4.19040E+02   1.20000E-01   2.18544E-01   4.10276E-05   6.45937E-05   0.00000E+00   1.12233E-04   1.00000E+00   0.00000E+00   3.87578E+00   7.68321E-16            16   3.11907E-10   3.14134E+00
        3493   4.19160E+02   1.20000E-01   2.18544E-01   4.09447E-05   6.44873E-05   0.00000E+00   1.01207E-04   1.00000E+00   0.00000E+00   3.87578E+00   1.18991E-15            16   5.60263E-10   3.14135E+00
        3494   4.19280E+02   1.20000E-01   2.18544E-01   4.08610E-05   6.43793E-05   0.00000E+00   9.48571E-05   1.00000E+00   0.00000E+00   3.87578E+00   7.72758E-16            16   4.25666E-10   3.14135E+00
        3495   4.19400E+02   1.20000E-01   2.18544E-01   4.07764E-05   6.42708E-05   0.00000E+00   9.36113E-05   1.00000E+00   0.00000E+00   3.87578E+00   8.30313E-16            16   3.19480E-10   3.14136E+00
        3496   4.19520E+02   1.20000E-01   2.18544E-01   4.06909E-05   6.41601E-05   0.00000E+00   9.18116E-05   1.00000E+00   0.00000E+00   3.87578E+00   1.20812E-15            16   5.69196E-10   3.14137E+00
        3497   4.19640E+02   1.20000E-01   2.18544E-01   4.06046E-05   6.40478E-05   0.00000E+00   9.09471E-05   1.00000E+00   0.00000E+00   3.87578E+00   8.48630E-16            16   4.46184E-10   3.14137E+00
        3498   4.19760E+02   1.20000E-01   2.18544E-01   4.05174E-05   6.39353E-05   0.00000E+00   9.02076E-05   1.00000E+00   0.00000E+00   3.87578E+00   5.16921E-16            16   4.35910E-10   3.14138E+00
        3499   4.19880E+02   1.20000E-01   2.18544E-01   4.04294E-05   6.38207E-05   0.00000E+00   8.82249E-05   1.00000E+00   0.00000E+00   3.87578E+00   9.21934E-16            16   6.47693E-10   3.14139E+00
        3500   4.20000E+02   1.20000E-01   2.18544E-01   4.03405E-05   6.37037E-05   0.00000E+00   8.60392E-05   1.00000E+00   0.00000E+00   3.87578E+00   1.03949E-15            16   5.59090E-10   3.14140E+00
        3501   4.20120E+02   1.20000E-01   2.18544E-01   4.02509E-05   6.35865E-05   0.00000E+00   8.47172E-05   1.00000E+00   0.00000E+00   3.87578E+00   4.65531E-16            16   4.62733E-10   3.14140E+00
        3502   4.20240E+02   1.20000E-01   2.18544E-01   4.01603E-05   6.34681E-05   0.00000E+00   8.39324E-05   1.00000E+00   0.00000E+00   3.87578E+00   2.32924E-16            16   5.21288E-10   3.14141E+00
        3503   4.20360E+02   1.20000E-01   2.18544E-01   4.00688E-05   6.33484E-05   0.00000E+00   8.29002E-05   1.00000E+00   0.00000E+00   3.87578E+00   1.91449E-16            16   3.40675E-10   3.14142E+00
        3504   4.20480E+02   1.20000E-01   2.18544E-01   3.99764E-05   6.32274E-05   0.00000E+00   8.15444E-05   1.00000E+00   0.00000E+00   3.87578E+00   1.15774E-16            16   2.39530E-10   3.14142E+00
        3505   4.20600E+02   1.20000E-01   2.18544E-01   3.98833E-05   6.31049E-05   0.00000E+00   8.01557E-05   1.00000E+00   0.00000E+00   3.87578E+00   1.04252E-16            16   2.38903E-10   3.14143E+00
        3506   4.20720E+02   1.20000E-01   2.18544E-01   3.97893E-05   6.29811E-05   0.00000E+00   7.87798E-05   1.00000E+00   0.00000E+00   3.87578E+00   1.01375E-16            16   2.68305E-10   3.14144E+00
        3507   4.20840E+02   1.20000E-01   2.18544E-01   3.96945E-05   6.28560E-05   0.00000E+00   7.74331E-05   1.00000E+00   0.00000E+00   3.87578E+00   1.09861E-16            16   3.23928E-10   3.14145E+00
        3508   4.20960E+02   1.20000E-01   2.18544E-01   3.95989E-05   6.27295E-05   0.00000E+00   7.59667E-05   1.00000E+00   0.00000E+00   3.87578E+00   1.55991E-16            16   3.94940E-10   3.14145E+00
        3509   4.21080E+02   1.20000E-01   2.18544E-01   3.95024E-05   6.26017E-05   0.00000E+00   8.02290E-05   1.00000E+00   0.00000E+00   3.87578E+00   1.44852E-16            16   4.02229E-10   3.14146E+00
        3510   4.21200E+02   1.20000E-01   2.18544E-01   3.94051E-05   6.24727E-05   0.00000E+00   9.16722E-05   1.00000E+00   0.00000E+00   3.87578E+00   3.17395E-16            16   6.28128E-10   3.14147E+00
        3511   4.21320E+02   1.20000E-01   2.18544E-01   3.93070E-05   6.23418E-05   0.00000E+00   1.01821E-04   1.00000E+00   0.00000E+00   3.87578E+00   3.07029E-16            17   3.36853E-10   3.14147E+00
        3512   4.21440E+02   1.20000E-01   2.18544E-01   3.92082E-05   6.22108E-05   0.00000E+00   1.16984E-04   1.00000E+00   0.00000E+00   3.87578E+00   4.92660E-16            17   3.41486E-10   3.14148E+00
        3513   4.21560E+02   1.20000E-01   2.18544E-01   3.91083E-05   6.20776E-05   0.00000E+00   1.26549E-04   1.00000E+00   0.00000E+00   3.87578E+00   8.91799E-16            17   3.51689E-10   3.14149E+00
        3514   4.21680E+02   1.20000E-01   2.18544E-01   3.90088E-05   6.19420E-05   0.00000E+00   1.38614E-04   1.00000E+00   0.00000E+00   3.87578E+00   7.22588E-16            17   3.66504E-10   3.14150E+00
        3515   4.21800E+02   1.20000E-01   2.18544E-01   3.89076E-05   6.18079E-05   0.00000E+00   1.48221E-04   1.00000E+00   0.00000E+00   3.87578E+00   8.31124E-16            17   3.82171E-10   3.14150E+00
        3516   4.21920E+02   1.20000E-01   2.18544E-01   3.88061E-05   6.16703E-05   0.00000E+00   1.62282E-04   1.00000E+00   0.00000E+00   3.87578E+00   8.94544E-16            17   3.96014E-10   3.14151E+00
        3517   4.22040E+02   1.20000E-01   2.18544E-01   3.87037E-05   6.15337E-05   0.00000E+00   1.69965E-04   1.00000E+00   0.00000E+00   3.87578E+00   1.18867E-15            17   4.05543E-10   3.14152E+00
        3518   4.22160E+02   1.20000E-01   2.18544E-01   3.85994E-05   6.13942E-05   0.00000E+00   2.54872E-04   1.00000E+00   0.00000E+00   3.87578E+00   9.53065E-16            17   2.67497E-10   3.14152E+00
        3519   4.22280E+02   1.20000E-01   2.18544E-01   3.84959E-05   6.14829E-05   0.00000E+00   1.90507E-04   1.00000E+00   0.00000E+00   3.87578E+00   1.41424E-15            17   2.84830E-10   3.14153E+00
        3520   4.22400E+02   1.20000E-01   2.18544E-01   3.83936E-05   6.15667E-05   0.00000E+00   2.04468E-04   1.00000E+00   0.00000E+00   3.87578E+00   1.37434E-15            17   3.01405E-10   3.14154E+00
        3521   4.22520E+02   1.20000E-01   2.18544E-01   3.82861E-05   6.15005E-05   0.00000E+00   2.12224E-04   1.00000E+00   0.00000E+00   3.87578E+00   7.33988E-16            17   3.38936E-10   3.14154E+00
        3522   4.22640E+02   1.20000E-01   2.18544E-01   3.81818E-05   6.13284E-05   0.00000E+00   2.29767E-04   1.00000E+00   0.00000E+00   3.87578E+00   1.30900E-15            17   3.29135E-10   3.14155E+00
        3523   4.22760E+02   1.20000E-01   2.18544E-01   3.80792E-05   6.10599E-05   0.00000E+00   2.35592E-04   1.00000E+00   0.00000E+00   3.87578E+00   8.14910E-16            17   2.38188E-10   3.14156E+00
        3524   4.22880E+02   1.20000E-01   2.18544E-01   3.79692E-05   6.08757E-05   0.00000E+00   2.61330E-04   1.00000E+00   0.00000E+00   3.87578E+00   4.68491E-15            16   9.75287E-10   3.14156E+00
        3525   4.23000E+02   1.20000E-01   2.18544E-01   3.78575E-05   6.06238E-05   0.00000E+00   2.82481E-04   1.00000E+00   0.00000E+00   3.87578E+00   4.51110E-15            16   9.29461E-10   3.14157E+00
        3526   4.23120E+02   1.20000E-01   2.18544E-01   3.77455E-05   6.03616E-05   0.00000E+00   3.58351E-04   1.00000E+00   0.00000E+00   3.87578E+00   1.14560E-14            16   7.99052E-10   3.14160E+00
        3527   4.23240E+02   1.20000E-01   2.18544E-01   3.76313E-05   6.01876E-05   0.00000E+00   3.92367E-04   1.00000E+00   0.00000E+00   3.87578E+00   7.32856E-15            16   9.83852E-10   3.14160E+00
        3528   4.23360E+02   1.20000E-01   2.18544E-01   3.75217E-05   6.00559E-05   0.00000E+00   2.30771E-04   1.00000E+00   0.00000E+00   3.87578E+00   2.86805E-15            16   5.51983E-10   3.14160E+00
        3529   4.23480E+02   1.20000E-01   2.18544E-01   3.74170E-05   5.99682E-05   0.00000E+00   3.01941E-04   1.00000E+00   0.00000E+00   3.87578E+00   5.47509E-15            16   5.56392E-10   3.14160E+00
        3530   4.23600E+02   1.20000E-01   2.18544E-01   3.72999E-05   5.97804E-05   0.00000E+00   2.92549E-04   1.00000E+00   0.00000E+00   3.87578E+00   2.20842E-15            16   4.06640E-10   3.14161E+00
        3531   4.23720E+02   1.20000E-01   2.18544E-01   3.71897E-05   5.96000E-05   0.00000E+00   3.08356E-04   1.00000E+00   0.00000E+00   3.87578E+00   2.40736E-15            16   6.25146E-10   3.14161E+00
        3532   4.23840E+02   1.20000E-01   2.18544E-01   3.70743E-05   5.94007E-05   0.00000E+00   3.25363E-04   1.00000E+00   0.00000E+00   3.87578E+00   6.69842E-16            17   3.56906E-10   3.14162E+00
        3533   4.23960E+02   1.20000E-01   2.18544E-01   3.69610E-05   5.92382E-05   0.00000E+00   3.40137E-04   1.00000E+00   0.00000E+00   3.87578E+00   4.12905E-16            17   3.77248E-10   3.14163E+00
        3534   4.24080E+02   1.20000E-01   2.18544E-01   3.68464E-05   5.90868E-05   0.00000E+00   3.48028E-04   1.00000E+00   0.00000E+00   3.87578E+00   5.17412E-16            17   3.60836E-10   3.14163E+00
        3535   4.24200E+02   1.20000E-01   2.18544E-01   3.67311E-05   5.89347E-05   0.00000E+00   3.60702E-04   1.00000E+00   0.00000E+00   3.87578E+00   5.16087E-16            17   3.60574E-10   3.14164E+00
        3536   4.24320E+02   1.20000E-01   2.18544E-01   3.66149E-05   5.87818E-05   0.00000E+00   7.64088E-04   1.00000E+00   0.00000E+00   3.87578E+00   1.03268E-14            16   5.57712E-10   3.14165E+00
        3537   4.24440E+02   1.20000E-01   2.18544E-01   3.64978E-05   5.86280E-05   0.00000E+00   6.13990E-04   1.00000E+00   0.00000E+00   3.87578E+00   6.82075E-15            16   3.27016E-10   3.14165E+00
        3538   4.24560E+02   1.20000E-01   2.18544E-01   3.63802E-05   5.84722E-05   0.00000E+00   3.88792E-04   1.00000E+00   0.00000E+00   3.87578E+00   8.42468E-15            16   6.26482E-10   3.14166E+00
        3539   4.24680E+02   1.20000E-01   2.18544E-01   3.62618E-05   5.83183E-05   0.00000E+00   3.98492E-04   1.00000E+00   0.00000E+00   3.87578E+00   4.38228E-16            17   3.72130E-10   3.14167E+00
        3540   4.24800E+02   1.20000E-01   2.18544E-01   3.61422E-05   5.81624E-05   0.00000E+00   4.07137E-04   1.00000E+00   0.00000E+00   3.87578E+00   2.24583E-16            17   2.51209E-10   3.14167E+00
        3541   4.24920E+02   1.20000E-01   2.18544E-01   3.60219E-05   5.80044E-05   0.00000E+00   4.17436E-04   1.00000E+00   0.00000E+00   3.87578E+00   1.20507E-15            16   7.82115E-10   3.14168E+00
        3542   4.25040E+02   1.20000E-01   2.18544E-01   3.59017E-05   5.78452E-05   0.00000E+00   4.27374E-04   1.00000E+00   0.00000E+00   3.87578E+00   7.97709E-16            16   7.38210E-10   3.14168E+00
        3543   4.25160E+02   1.20000E-01   2.18544E-01   3.57805E-05   5.76848E-05   0.00000E+00   4.37318E-04   1.00000E+00   0.00000E+00   3.87578E+00   1.03861E-15            16   6.11384E-10   3.14169E+00
        3544   4.25280E+02   1.20000E-01   2.18544E-01   3.56586E-05   5.75225E-05   0.00000E+00   4.46894E-04   1.00000E+00   0.00000E+00   3.87578E+00   4.80276E-16            16   5.63331E-10   3.14170E+00
        3545   4.25400E+02   1.20000E-01   2.18544E-01   3.55361E-05   5.73590E-05   0.00000E+00   4.56895E-04   1.00000E+00   0.00000E+00   3.87578E+00   6.98032E-16            16   7.14945E-10   3.14170E+00
        3546   4.25520E+02   1.20000E-01   2.18544E-01   3.54127E-05   5.71942E-05   0.00000E+00   4.66481E-04   1.00000E+00   0.00000E+00   3.87578E+00   1.27516E-15            16   4.32983E-10   3.14171E+00
        3547   4.25640E+02   1.20000E-01   2.18544E-01   3.52888E-05   5.70279E-05   0.00000E+00   4.76149E-04   1.00000E+00   0.00000E+00   3.87578E+00   3.85796E-16            16   7.31027E-10   3.14172E+00
        3548   4.25760E+02   1.20000E-01   2.18544E-01   3.51641E-05   5.68604E-05   0.00000E+00   4.85924E-04   1.00000E+00   0.00000E+00   3.87578E+00   6.40020E-16            16   5.08232E-10   3.14172E+00
        3549   4.25880E+02   1.20000E-01   2.18544E-01   3.50389E-05   5.66922E-05   0.00000E+00   4.95786E-04   1.00000E+00   0.00000E+00   3.87578E+00   3.62246E-16            16   5.84389E-10   3.14173E+00
        3550   4.26000E+02   1.20000E-01   2.18544E-01   3.49128E-05   5.65257E-05   0.00000E+00   5.05182E-04   1.00000E+00   0.00000E+00   3.87578E+00   1.00490E-15            16   4.09434E-10   3.14174E+00
        3551   4.26120E+02   1.20000E-01   2.18544E-01   3.47865E-05   5.63577E-05   0.00000E+00   5.14863E-04   1.00000E+00   0.00000E+00   3.87578E+00   4.35058E-16            16   6.64788E-10   3.14174E+00
        3552   4.26240E+02   1.20000E-01   2.18544E-01   3.46590E-05   5.61889E-05   0.00000E+00   5.25086E-04   1.00000E+00   0.00000E+00   3.87578E+00   1.51558E-15            16   3.89093E-10   3.14175E+00
        3553   4.26360E+02   1.20000E-01   2.18544E-01   3.45311E-05   5.60189E-05   0.00000E+00   5.34528E-04   1.00000E+00   0.00000E+00   3.87578E+00   5.62648E-16            16   4.29331E-10   3.14176E+00
        3554   4.26480E+02   1.20000E-01   2.18544E-01   3.44017E-05   5.58475E-05   0.00000E+00   5.44552E-04   1.00000E+00   0.00000E+00   3.87578E+00   1.38385E-15            16   3.90995E-10   3.14176E+00
        3555   4.26600E+02   1.20000E-01   2.18544E-01   3.42713E-05   5.56751E-05   0.00000E+00   5.54324E-04   1.00000E+00   0.00000E+00   3.87578E+00   9.45955E-16            16   7.06951E-10   3.14177E+00
        3556   4.26720E+02   1.20000E-01   2.18544E-01   3.41400E-05   5.55018E-05   0.00000E+00   5.64983E-04   1.00000E+00   0.00000E+00   3.87578E+00   1.32854E-15            16   7.68402E-10   3.14178E+00
        3557   4.26840E+02   1.20000E-01   2.18544E-01   3.40091E-05   5.53275E-05   0.00000E+00   5.74977E-04   1.00000E+00   0.00000E+00   3.87578E+00   8.74986E-16            16   6.04574E-10   3.14178E+00
        3558   4.26960E+02   1.20000E-01   2.18544E-01   3.38770E-05   5.51520E-05   0.00000E+00   5.84742E-04   1.00000E+00   0.00000E+00   3.87578E+00   6.98746E-16            16   3.58140E-10   3.14179E+00
        3559   4.27080E+02   1.20000E-01   2.18544E-01   3.37448E-05   5.49754E-05   0.00000E+00   5.94238E-04   1.00000E+00   0.00000E+00   3.87578E+00   9.46317E-16            16   4.74688E-10   3.14179E+00
        3560   4.27200E+02   1.20000E-01   2.18544E-01   3.36116E-05   5.47979E-05   0.00000E+00   6.03928E-04   1.00000E+00   0.00000E+00   3.87578E+00   1.00788E-15            16   4.51285E-10   3.14180E+00
        3561   4.27320E+02   1.20000E-01   2.18544E-01   3.34783E-05   5.46189E-05   0.00000E+00   6.13371E-04   1.00000E+00   0.00000E+00   3.87578E+00   7.39604E-16            16   4.55040E-10   3.14181E+00
        3562   4.27440E+02   1.20000E-01   2.18544E-01   3.33440E-05   5.44393E-05   0.00000E+00   6.22818E-04   1.00000E+00   0.00000E+00   3.87578E+00   8.61488E-16            16   4.27108E-10   3.14181E+00
        3563   4.27560E+02   1.20000E-01   2.18544E-01   3.32098E-05   5.42582E-05   0.00000E+00   6.31282E-04   1.00000E+00   0.00000E+00   3.87578E+00   9.39656E-16            16   7.08649E-10   3.14182E+00
        3564   4.27680E+02   1.20000E-01   2.18544E-01   3.30744E-05   5.40762E-05   0.00000E+00   6.41693E-04   1.00000E+00   0.00000E+00   3.87578E+00   2.34982E-15            16   6.23529E-10   3.14183E+00
        3565   4.27800E+02   1.20000E-01   2.18544E-01   3.29400E-05   5.38936E-05   0.00000E+00   6.49915E-04   1.00000E+00   0.00000E+00   3.87578E+00   1.54782E-15            16   5.54310E-10   3.14183E+00
        3566   4.27920E+02   1.20000E-01   2.18544E-01   3.28033E-05   5.37095E-05   0.00000E+00   6.60193E-04   1.00000E+00   0.00000E+00   3.87578E+00   1.33847E-15            16   6.36773E-10   3.14184E+00
        3567   4.28040E+02   1.20000E-01   2.18544E-01   3.26666E-05   5.35253E-05   0.00000E+00   6.67863E-04   1.00000E+00   0.00000E+00   3.87578E+00   9.77517E-16            16   7.72085E-10   3.14184E+00
        3568   4.28160E+02   1.20000E-01   2.18544E-01   3.25298E-05   5.33388E-05   0.00000E+00   6.78214E-04   1.00000E+00   0.00000E+00   3.87578E+00   1.61202E-15            16   6.18819E-10   3.14185E+00
        3569   4.28280E+02   1.20000E-01   2.18544E-01   3.23930E-05   5.31532E-05   0.00000E+00   6.87276E-04   1.00000E+00   0.00000E+00   3.87578E+00   2.25127E-15            16   6.11511E-10   3.14186E+00
        3570   4.28400E+02   1.20000E-01   2.18544E-01   3.22548E-05   5.29658E-05   0.00000E+00   6.95027E-04   1.00000E+00   0.00000E+00   3.87578E+00   1.27918E-15            16   5.36672E-10   3.14186E+00
        3571   4.28520E+02   1.20000E-01   2.18544E-01   3.21162E-05   5.27771E-05   0.00000E+00   7.04089E-04   1.00000E+00   0.00000E+00   3.87578E+00   9.71769E-16            16   6.77632E-10   3.14187E+00
        3572   4.28640E+02   1.20000E-01   2.18544E-01   3.19776E-05   5.25881E-05   0.00000E+00   7.13846E-04   1.00000E+00   0.00000E+00   3.87578E+00   9.26540E-16            16   6.48845E-10   3.14187E+00
        3573   4.28760E+02   1.20000E-01   2.18544E-01   3.18385E-05   5.23985E-05   0.00000E+00   7.21856E-04   1.00000E+00   0.00000E+00   3.87578E+00   1.46073E-15            16   4.85279E-10   3.14188E+00
        3574   4.28880E+02   1.20000E-01   2.18544E-01   3.16986E-05   5.22080E-05   0.00000E+00   7.31013E-04   1.00000E+00   0.00000E+00   3.87578E+00   1.00327E-15            16   5.13588E-10   3.14189E+00
        3575   4.29000E+02   1.20000E-01   2.18544E-01   3.15582E-05   5.20163E-05   0.00000E+00   7.38834E-04   1.00000E+00   0.00000E+00   3.87578E+00   8.12199E-16            16   5.87184E-10   3.14189E+00
        3576   4.29120E+02   1.20000E-01   2.18544E-01   3.14178E-05   5.18238E-05   0.00000E+00   7.48173E-04   1.00000E+00   0.00000E+00   3.87578E+00   8.92656E-16            16   5.95598E-10   3.14190E+00
        3577   4.29240E+02   1.20000E-01   2.18544E-01   3.12767E-05   5.16312E-05   0.00000E+00   7.56389E-04   1.00000E+00   0.00000E+00   3.87578E+00   8.61768E-16            16   4.50866E-10   3.14190E+00
        3578   4.29360E+02   1.20000E-01   2.18544E-01   3.11350E-05   5.14373E-05   0.00000E+00   7.64810E-04   1.00000E+00   0.00000E+00   3.87578E+00   5.80062E-16            16   4.47771E-10   3.14191E+00
        3579   4.29480E+02   1.20000E-01   2.18544E-01   3.09929E-05   5.12423E-05   0.00000E+00   7.73070E-04   1.00000E+00   0.00000E+00   3.87578E+00   5.89346E-16            16   5.39690E-10   3.14192E+00
        3580   4.29600E+02   1.20000E-01   2.18544E-01   3.08507E-05   5.10469E-05   0.00000E+00   7.81869E-04   1.00000E+00   0.00000E+00   3.87578E+00   4.12824E-16            16   3.36410E-10   3.14192E+00
        3581   4.29720E+02   1.20000E-01   2.18544E-01   3.07078E-05   5.08508E-05   0.00000E+00   7.90481E-04   1.00000E+00   0.00000E+00   3.87578E+00   3.54437E-16            16   4.08118E-10   3.14193E+00
        3582   4.29840E+02   1.20000E-01   2.18544E-01   3.05645E-05   5.06540E-05   0.00000E+00   7.98931E-04   1.00000E+00   0.00000E+00   3.87578E+00   1.72581E-16            16   3.83256E-10   3.14193E+00
        3583   4.29960E+02   1.20000E-01   2.18544E-01   3.04479E-05   5.04563E-05   0.00000E+00   8.07290E-04   1.00000E+00   0.00000E+00   3.87578E+00   1.85427E-16            16   3.57778E-10   3.14194E+00
        3584   4.30080E+02   1.20000E-01   2.18544E-01   3.03353E-05   5.02579E-05   0.00000E+00   8.15599E-04   1.00000E+00   0.00000E+00   3.87578E+00   1.61407E-16            16   3.51912E-10   3.14194E+00
        3585   4.30200E+02   1.20000E-01   2.18544E-01   3.02222E-05   5.00587E-05   0.00000E+00   8.23869E-04   1.00000E+00   0.00000E+00   3.87578E+00   1.33768E-16            16   3.53218E-10   3.14195E+00
        3586   4.30320E+02   1.20000E-01   2.18544E-01   3.01085E-05   4.98588E-05   0.00000E+00   8.32093E-04   1.00000E+00   0.00000E+00   3.87578E+00   1.11183E-16            16   3.51750E-10   3.14196E+00
        3587   4.30440E+02   1.20000E-01   2.18544E-01   2.99943E-05   4.96581E-05   0.00000E+00   8.40271E-04   1.00000E+00   0.00000E+00   3.87578E+00   9.99677E-17            16   3.48171E-10   3.14196E+00
        3588   4.30560E+02   1.20000E-01   2.18544E-01   2.98795E-05   4.94567E-05   0.00000E+00   8.48403E-04   1.00000E+00   0.00000E+00   3.87578E+00   1.00773E-16            16   3.46012E-10   3.14197E+00
        3589   4.30680E+02   1.20000E-01   2.18544E-01   2.97643E-05   4.92545E-05   0.00000E+00   8.56487E-04   1.00000E+00   0.00000E+00   3.87578E+00   1.05154E-16            16   3.46166E-10   3.14197E+00
        3590   4.30800E+02   1.20000E-01   2.18544E-01   2.96485E-05   4.90515E-05   0.00000E+00   8.64525E-04   1.00000E+00   0.00000E+00   3.87578E+00   1.08847E-16            16   3.47413E-10   3.14198E+00
        3591   4.30920E+02   1.20000E-01   2.18544E-01   2.95323E-05   4.88477E-05   0.00000E+00   8.72516E-04   1.00000E+00   0.00000E+00   3.87578E+00   1.12577E-16            16   3.49067E-10   3.14198E+00
        3592   4.31040E+02   1.20000E-01   2.18544E-01   2.94155E-05   4.86432E-05   0.00000E+00   8.80464E-04   1.00000E+00   0.00000E+00   3.87578E+00   1.14901E-16            16   3.50829E-10   3.14199E+00
        3593   4.31160E+02   1.20000E-01   2.18544E-01   2.92982E-05   4.84379E-05   0.00000E+00   8.88369E-04   1.00000E+00   0.00000E+00   3.87578E+00   1.16081E-16            16   3.52445E-10   3.14199E+00
        3594   4.31280E+02   1.20000E-01   2.18544E-01   2.91804E-05   4.82318E-05   0.00000E+00   8.96232E-04   1.00000E+00   0.00000E+00   3.87578E+00   1.14960E-16            16   3.53814E-10   3.14200E+00
        3595   4.31400E+02   1.20000E-01   2.18544E-01   2.90621E-05   4.80249E-05   0.00000E+00   9.04054E-04   1.00000E+00   0.00000E+00   3.87578E+00   1.12674E-16            16   3.54812E-10   3.14201E+00
        3596   4.31520E+02   1.20000E-01   2.18544E-01   2.89433E-05   4.78173E-05   0.00000E+00   9.11836E-04   1.00000E+00   0.00000E+00   3.87578E+00   1.08848E-16            16   3.55519E-10   3.14201E+00
        3597   4.31640E+02   1.20000E-01   2.18544E-01   2.88240E-05   4.76088E-05   0.00000E+00   9.19581E-04   1.00000E+00   0.00000E+00   3.87578E+00   1.05126E-16            16   3.55868E-10   3.14202E+00
        3598   4.31760E+02   1.20000E-01   2.18544E-01   2.87043E-05   4.73995E-05   0.00000E+00   9.27289E-04   1.00000E+00   0.00000E+00   3.87578E+00   1.01237E-16            16   3.55919E-10   3.14202E+00
        3599   4.31880E+02   1.20000E-01   2.18544E-01   2.85840E-05   4.71894E-05   0.00000E+00   9.34961E-04   1.00000E+00   0.00000E+00   3.87578E+00   9.84812E-17            16   3.55659E-10   3.14203E+00
        3600   4.32000E+02   1.20000E-01   2.18544E-01   2.84633E-05   4.69784E-05   0.00000E+00   9.42599E-04   1.00000E+00   0.00000E+00   3.87578E+00   9.60574E-17            16   3.55112E-10   3.14203E+00
        3601   4.32120E+02   1.20000E-01   2.18544E-01   2.83421E-05   4.67667E-05   0.00000E+00   9.50203E-04   1.00000E+00   0.00000E+00   3.87578E+00   9.47718E-17            16   3.54202E-10   3.14204E+00
        3602   4.32240E+02   1.20000E-01   2.18544E-01   2.82204E-05   4.65541E-05   0.00000E+00   9.57776E-04   1.00000E+00   0.00000E+00   3.87578E+00   9.37030E-17            16   3.52979E-10   3.14204E+00
        3603   4.32360E+02   1.20000E-01   2.18544E-01   2.80983E-05   4.63407E-05   0.00000E+00   9.65317E-04   1.00000E+00   0.00000E+00   3.87578E+00   9.33678E-17            16   3.51375E-10   3.14205E+00
        3604   4.32480E+02   1.20000E-01   2.18544E-01   2.79757E-05   4.61264E-05   0.00000E+00   9.72829E-04   1.00000E+00   0.00000E+00   3.87578E+00   9.29318E-17            16   3.49428E-10   3.14205E+00
        3605   4.32600E+02   1.20000E-01   2.18544E-01   2.78527E-05   4.59113E-05   0.00000E+00   9.80311E-04   1.00000E+00   0.00000E+00   3.87578E+00   9.27857E-17            16   3.47089E-10   3.14206E+00
        3606   4.32720E+02   1.20000E-01   2.18544E-01   2.77292E-05   4.56954E-05   0.00000E+00   9.87765E-04   1.00000E+00   0.00000E+00   3.87578E+00   9.22352E-17            16   3.44392E-10   3.14207E+00
        3607   4.32840E+02   1.20000E-01   2.18544E-01   2.76053E-05   4.54786E-05   0.00000E+00   9.95192E-04   1.00000E+00   0.00000E+00   3.87578E+00   9.15999E-17            16   3.41329E-10   3.14207E+00
        3608   4.32960E+02   1.20000E-01   2.18544E-01   2.74810E-05   4.52610E-05   0.00000E+00   1.00259E-03   1.00000E+00   0.00000E+00   3.87578E+00   9.02914E-17            16   3.37936E-10   3.14208E+00
        3609   4.33080E+02   1.20000E-01   2.18544E-01   2.73562E-05   4.50426E-05   0.00000E+00   1.00997E-03   1.00000E+00   0.00000E+00   3.87578E+00   8.86351E-17            16   3.34298E-10   3.14208E+00
        3610   4.33200E+02   1.20000E-01   2.18544E-01   2.72310E-05   4.48233E-05   0.00000E+00   1.01735E-03   1.00000E+00   0.00000E+00   3.87578E+00   8.61239E-17            16   3.30442E-10   3.14209E+00
        3611   4.33320E+02   1.20000E-01   2.18544E-01   2.71053E-05   4.46032E-05   0.00000E+00   1.02471E-03   1.00000E+00   0.00000E+00   3.87578E+00   8.41937E-17            16   3.26500E-10   3.14209E+00
        3612   4.33440E+02   1.20000E-01   2.18544E-01   2.69793E-05   4.43823E-05   0.00000E+00   1.03204E-03   1.00000E+00   0.00000E+00   3.87578E+00   8.13228E-17            16   3.22606E-10   3.14210E+00
        3613   4.33560E+02   1.20000E-01   2.18544E-01   2.68528E-05   4.41605E-05   0.00000E+00   1.03935E-03   1.00000E+00   0.00000E+00   3.87578E+00   7.73831E-17            16   3.18796E-10   3.14210E+00
        3614   4.33680E+02   1.20000E-01   2.18544E-01   2.67260E-05   4.39379E-05   0.00000E+00   1.04662E-03   1.00000E+00   0.00000E+00   3.87578E+00   7.26136E-17            16   3.15251E-10   3.14211E+00
        3615   4.33800E+02   1.20000E-01   2.18544E-01   2.65987E-05   4.37151E-05   0.00000E+00   1.05387E-03   1.00000E+00   0.00000E+00   3.87578E+00   6.78524E-17            16   3.11958E-10   3.14211E+00
        3616   4.33920E+02   1.20000E-01   2.18544E-01   2.64711E-05   4.34914E-05   0.00000E+00   1.06109E-03   1.00000E+00   0.00000E+00   3.87578E+00   6.50449E-17            16   3.09050E-10   3.14212E+00
        3617   4.34040E+02   1.20000E-01   2.18544E-01   2.63430E-05   4.32669E-05   0.00000E+00   1.06828E-03   1.00000E+00   0.00000E+00   3.87578E+00   6.21768E-17            16   3.06502E-10   3.14212E+00
        3618   4.34160E+02   1.20000E-01   2.18544E-01   2.62146E-05   4.30415E-05   0.00000E+00   1.07544E-03   1.00000E+00   0.00000E+00   3.87578E+00   6.10597E-17            16   3.04455E-10   3.14213E+00
        3619   4.34280E+02   1.20000E-01   2.18544E-01   2.60857E-05   4.28154E-05   0.00000E+00   1.08258E-03   1.00000E+00   0.00000E+00   3.87578E+00   6.24825E-17            16   3.02934E-10   3.14213E+00
        3620   4.34400E+02   1.20000E-01   2.18544E-01   2.59565E-05   4.25884E-05   0.00000E+00   1.08968E-03   1.00000E+00   0.00000E+00   3.87578E+00   6.32338E-17            16   3.02081E-10   3.14214E+00
        3621   4.34520E+02   1.20000E-01   2.18544E-01   2.58269E-05   4.23606E-05   0.00000E+00   1.09676E-03   1.00000E+00   0.00000E+00   3.87578E+00   6.34933E-17            16   3.01881E-10   3.14214E+00
        3622   4.34640E+02   1.20000E-01   2.18544E-01   2.56969E-05   4.21321E-05   0.00000E+00   1.10381E-03   1.00000E+00   0.00000E+00   3.87578E+00   6.46453E-17            16   3.02310E-10   3.14215E+00
        3623   4.34760E+02   1.20000E-01   2.18544E-01   2.55665E-05   4.19027E-05   0.00000E+00   1.11083E-03   1.00000E+00   0.00000E+00   3.87578E+00   6.59738E-17            16   3.03199E-10   3.14215E+00
        3624   4.34880E+02   1.20000E-01   2.18544E-01   2.54358E-05   4.16726E-05   0.00000E+00   1.11782E-03   1.00000E+00   0.00000E+00   3.87578E+00   6.71147E-17            16   3.04366E-10   3.14216E+00
        3625   4.35000E+02   1.20000E-01   2.18544E-01   2.53047E-05   4.14417E-05   0.00000E+00   1.12478E-03   1.00000E+00   0.00000E+00   3.87578E+00   6.81453E-17            16   3.05652E-10   3.14216E+00
        3626   4.35120E+02   1.20000E-01   2.18544E-01   2.51733E-05   4.12101E-05   0.00000E+00   1.13171E-03   1.00000E+00   0.00000E+00   3.87578E+00   6.89656E-17            16   3.06901E-10   3.14217E+00
        3627   4.35240E+02   1.20000E-01   2.18544E-01   2.50415E-05   4.09778E-05   0.00000E+00   1.13861E-03   1.00000E+00   0.00000E+00   3.87578E+00   6.96368E-17            16   3.08056E-10   3.14217E+00
        3628   4.35360E+02   1.20000E-01   2.18544E-01   2.49094E-05   4.07447E-05   0.00000E+00   1.14547E-03   1.00000E+00   0.00000E+00   3.87578E+00   7.00750E-17            16   3.09033E-10   3.14217E+00
        3629   4.35480E+02   1.20000E-01   2.18544E-01   2.47769E-05   4.05110E-05   0.00000E+00   1.15230E-03   1.00000E+00   0.00000E+00   3.87578E+00   7.03463E-17            16   3.09856E-10   3.14218E+00
        3630   4.35600E+02   1.20000E-01   2.18544E-01   2.46440E-05   4.02766E-05   0.00000E+00   1.15910E-03   1.00000E+00   0.00000E+00   3.87578E+00   7.03995E-17            16   3.10461E-10   3.14218E+00
        3631   4.35720E+02   1.20000E-01   2.18544E-01   2.45108E-05   4.00415E-05   0.00000E+00   1.16586E-03   1.00000E+00   0.00000E+00   3.87578E+00   7.02767E-17            16   3.10920E-10   3.14219E+00
        3632   4.35840E+02   1.20000E-01   2.18544E-01   2.43773E-05   3.98058E-05   0.00000E+00   1.17259E-03   1.00000E+00   0.00000E+00   3.87578E+00   6.99382E-17            16   3.11172E-10   3.14219E+00
        3633   4.35960E+02   1.20000E-01   2.18544E-01   2.42435E-05   3.95695E-05   0.00000E+00   1.17928E-03   1.00000E+00   0.00000E+00   3.87578E+00   6.94403E-17            16   3.11304E-10   3.14220E+00
        3634   4.36080E+02   1.20000E-01   2.18544E-01   2.41093E-05   3.93326E-05   0.00000E+00   1.18593E-03   1.00000E+00   0.00000E+00   3.87578E+00   6.87544E-17            16   3.11260E-10   3.14220E+00
        3635   4.36200E+02   1.20000E-01   2.18544E-01   2.39748E-05   3.90951E-05   0.00000E+00   1.19254E-03   1.00000E+00   0.00000E+00   3.87578E+00   6.79335E-17            16   3.11127E-10   3.14221E+00
        3636   4.36320E+02   1.20000E-01   2.18544E-01   2.38400E-05   3.88571E-05   0.00000E+00   1.19911E-03   1.00000E+00   0.00000E+00   3.87578E+00   6.69436E-17            16   3.10845E-10   3.14221E+00
        3637   4.36440E+02   1.20000E-01   2.18544E-01   2.37049E-05   3.86185E-05   0.00000E+00   1.20565E-03   1.00000E+00   0.00000E+00   3.87578E+00   6.58540E-17            16   3.10515E-10   3.14222E+00
        3638   4.36560E+02   1.20000E-01   2.18544E-01   2.35695E-05   3.83794E-05   0.00000E+00   1.21216E-03   1.00000E+00   0.00000E+00   3.87578E+00   6.46495E-17            16   3.10065E-10   3.14222E+00
        3639   4.36680E+02   1.20000E-01   2.18544E-01   2.34337E-05   3.81398E-05   0.00000E+00   1.21862E-03   1.00000E+00   0.00000E+00   3.87578E+00   6.33823E-17            16   3.09632E-10   3.14223E+00
        3640   4.36800E+02   1.20000E-01   2.18544E-01   2.32977E-05   3.78998E-05   0.00000E+00   1.22504E-03   1.00000E+00   0.00000E+00   3.87578E+00   6.20152E-17            16   3.09035E-10   3.14223E+00
        3641   4.36920E+02   1.20000E-01   2.18544E-01   2.31613E-05   3.76593E-05   0.00000E+00   1.23141E-03   1.00000E+00   0.00000E+00   3.87578E+00   6.06598E-17            16   3.08476E-10   3.14223E+00
        3642   4.37040E+02   1.20000E-01   2.18544E-01   2.30247E-05   3.74183E-05   0.00000E+00   1.23773E-03   1.00000E+00   0.00000E+00   3.87578E+00   5.92498E-17            16   3.07830E-10   3.14224E+00
        3643   4.37160E+02   1.20000E-01   2.18544E-01   2.28878E-05   3.71770E-05   0.00000E+00   1.24400E-03   1.00000E+00   0.00000E+00   3.87578E+00   5.78566E-17            16   3.07183E-10   3.14224E+00
        3644   4.37280E+02   1.20000E-01   2.18544E-01   2.27506E-05   3.69352E-05   0.00000E+00   1.25022E-03   1.00000E+00   0.00000E+00   3.87578E+00   5.64310E-17            16   3.06448E-10   3.14225E+00
        3645   4.37400E+02   1.20000E-01   2.18544E-01   2.26131E-05   3.66931E-05   0.00000E+00   1.25639E-03   1.00000E+00   0.00000E+00   3.87578E+00   5.50390E-17            16   3.05698E-10   3.14225E+00
        3646   4.37520E+02   1.20000E-01   2.18544E-01   2.24753E-05   3.64506E-05   0.00000E+00   1.26251E-03   1.00000E+00   0.00000E+00   3.87578E+00   5.36163E-17            16   3.04859E-10   3.14226E+00
        3647   4.37640E+02   1.20000E-01   2.18544E-01   2.23373E-05   3.62077E-05   0.00000E+00   1.26857E-03   1.00000E+00   0.00000E+00   3.87578E+00   5.22360E-17            16   3.03991E-10   3.14226E+00
        3648   4.37760E+02   1.20000E-01   2.18544E-01   2.21989E-05   3.59646E-05   0.00000E+00   1.27458E-03   1.00000E+00   0.00000E+00   3.87578E+00   5.07986E-17            16   3.02997E-10   3.14226E+00
        3649   4.37880E+02   1.20000E-01   2.18544E-01   2.20604E-05   3.57211E-05   0.00000E+00   1.28053E-03   1.00000E+00   0.00000E+00   3.87578E+00   4.94438E-17            16   3.01976E-10   3.14227E+00
        3650   4.38000E+02   1.20000E-01   2.18544E-01   2.19215E-05   3.54773E-05   0.00000E+00   1.28643E-03   1.00000E+00   0.00000E+00   3.87578E+00   4.80790E-17            16   3.00846E-10   3.14227E+00
        3651   4.38120E+02   1.20000E-01   2.18544E-01   2.17824E-05   3.52333E-05   0.00000E+00   1.29227E-03   1.00000E+00   0.00000E+00   3.87578E+00   4.68284E-17            16   2.99588E-10   3.14228E+00
        3652   4.38240E+02   1.20000E-01   2.18544E-01   2.16431E-05   3.49890E-05   0.00000E+00   1.29805E-03   1.00000E+00   0.00000E+00   3.87578E+00   4.51965E-17            16   2.98097E-10   3.14228E+00
        3653   4.38360E+02   1.20000E-01   2.18544E-01   2.15035E-05   3.47445E-05   0.00000E+00   1.30377E-03   1.00000E+00   0.00000E+00   3.87578E+00   4.41249E-17            16   2.97950E-10   3.14228E+00
        3654   4.38480E+02   1.20000E-01   2.18544E-01   2.13636E-05   3.44997E-05   0.00000E+00   1.30943E-03   1.00000E+00   0.00000E+00   3.87578E+00   4.34662E-17            16   2.95195E-10   3.14229E+00
        3655   4.38600E+02   1.20000E-01   2.18544E-01   2.12497E-05   3.42703E-05   0.00000E+00   1.31504E-03   1.00000E+00   0.00000E+00   3.87578E+00   4.20478E-17            16   2.92412E-10   3.14229E+00
        3656   4.38720E+02   1.20000E-01   2.18544E-01   2.11372E-05   3.40504E-05   0.00000E+00   1.32058E-03   1.00000E+00   0.00000E+00   3.87578E+00   4.31451E-17            16   2.94125E-10   3.14230E+00
        3657   4.38840E+02   1.20000E-01   2.18544E-01   2.10243E-05   3.38302E-05   0.00000E+00   1.32606E-03   1.00000E+00   0.00000E+00   3.87578E+00   4.23162E-17            16   2.90275E-10   3.14230E+00
        3658   4.38960E+02   1.20000E-01   2.18544E-01   2.09112E-05   3.36096E-05   0.00000E+00   1.33148E-03   1.00000E+00   0.00000E+00   3.87578E+00   4.15266E-17            16   2.89012E-10   3.14230E+00
        3659   4.39080E+02   1.20000E-01   2.18544E-01   2.07978E-05   3.33886E-05   0.00000E+00   1.33683E-03   1.00000E+00   0.00000E+00   3.87578E+00   4.25819E-17            16   2.87630E-10   3.14231E+00
        3660   4.39200E+02   1.20000E-01   2.18544E-01   2.06842E-05   3.31673E-05   0.00000E+00   1.34213E-03   1.00000E+00   0.00000E+00   3.87578E+00   4.21646E-17            16   2.85639E-10   3.14231E+00
        3661   4.39320E+02   1.20000E-01   2.18544E-01   2.05702E-05   3.29457E-05   0.00000E+00   1.34736E-03   1.00000E+00   0.00000E+00   3.87578E+00   4.35655E-17            16   2.84344E-10   3.14232E+00
        3662   4.39440E+02   1.20000E-01   2.18544E-01   2.04560E-05   3.27237E-05   0.00000E+00   1.35253E-03   1.00000E+00   0.00000E+00   3.87578E+00   4.28379E-17            16   2.82490E-10   3.14232E+00
        3663   4.39560E+02   1.20000E-01   2.18544E-01   2.03414E-05   3.25014E-05   0.00000E+00   1.35764E-03   1.00000E+00   0.00000E+00   3.87578E+00   4.39259E-17            16   2.81384E-10   3.14232E+00
        3664   4.39680E+02   1.20000E-01   2.18544E-01   2.02267E-05   3.22789E-05   0.00000E+00   1.36269E-03   1.00000E+00   0.00000E+00   3.87578E+00   4.28863E-17            16   2.79793E-10   3.14233E+00
        3665   4.39800E+02   1.20000E-01   2.18544E-01   2.01116E-05   3.20560E-05   0.00000E+00   1.36768E-03   1.00000E+00   0.00000E+00   3.87578E+00   4.36623E-17            16   2.78974E-10   3.14233E+00
        3666   4.39920E+02   1.20000E-01   2.18544E-01   1.99963E-05   3.18328E-05   0.00000E+00   1.37260E-03   1.00000E+00   0.00000E+00   3.87578E+00   4.23665E-17            16   2.77771E-10   3.14233E+00
        3667   4.40040E+02   1.20000E-01   2.18544E-01   1.98807E-05   3.16093E-05   0.00000E+00   1.37746E-03   1.00000E+00   0.00000E+00   3.87578E+00   4.28632E-17            16   2.77263E-10   3.14234E+00
        3668   4.40160E+02   1.20000E-01   2.18544E-01   1.97649E-05   3.13856E-05   0.00000E+00   1.38226E-03   1.00000E+00   0.00000E+00   3.87578E+00   4.12608E-17            16   2.76504E-10   3.14234E+00
        3669   4.40280E+02   1.20000E-01   2.18544E-01   1.96488E-05   3.11616E-05   0.00000E+00   1.38701E-03   1.00000E+00   0.00000E+00   3.87578E+00   4.15444E-17            16   2.76317E-10   3.14235E+00
        3670   4.40400E+02   1.20000E-01   2.18544E-01   1.95325E-05   3.09373E-05   0.00000E+00   1.39169E-03   1.00000E+00   0.00000E+00   3.87578E+00   3.97100E-17            16   2.75980E-10   3.14235E+00
        3671   4.40520E+02   1.20000E-01   2.18544E-01   1.94160E-05   3.07127E-05   0.00000E+00   1.39631E-03   1.00000E+00   0.00000E+00   3.87578E+00   3.98483E-17            16   2.76044E-10   3.14235E+00
        3672   4.40640E+02   1.20000E-01   2.18544E-01   1.92991E-05   3.04879E-05   0.00000E+00   1.40087E-03   1.00000E+00   0.00000E+00   3.87578E+00   3.78498E-17            16   2.76064E-10   3.14236E+00
        3673   4.40760E+02   1.20000E-01   2.18544E-01   1.91821E-05   3.02628E-05   0.00000E+00   1.40537E-03   1.00000E+00   0.00000E+00   3.87578E+00   3.78450E-17            16   2.76300E-10   3.14236E+00
        3674   4.40880E+02   1.20000E-01   2.18544E-01   1.90648E-05   3.00375E-05   0.00000E+00   1.40981E-03   1.00000E+00   0.00000E+00   3.87578E+00   3.58030E-17            16   2.76577E-10   3.14236E+00
        3675   4.41000E+02   1.20000E-01   2.18544E-01   1.89473E-05   2.98119E-05   0.00000E+00   1.41420E-03   1.00000E+00   0.00000E+00   3.87578E+00   3.58361E-17            16   2.76883E-10   3.14237E+00
        3676   4.41120E+02   1.20000E-01   2.18544E-01   1.88296E-05   2.95861E-05   0.00000E+00   1.41852E-03   1.00000E+00   0.00000E+00   3.87578E+00   3.44848E-17            16   2.77318E-10   3.14237E+00
        3677   4.41240E+02   1.20000E-01   2.18544E-01   1.87116E-05   2.93600E-05   0.00000E+00   1.42280E-03   1.00000E+00   0.00000E+00   3.87578E+00   3.45049E-17            16   2.77626E-10   3.14237E+00
        3678   4.41360E+02   1.20000E-01   2.18544E-01   1.85934E-05   2.91337E-05   0.00000E+00   1.42701E-03   1.00000E+00   0.00000E+00   3.87578E+00   3.37291E-17            16   2.78128E-10   3.14238E+00
        3679   4.41480E+02   1.20000E-01   2.18544E-01   1.84750E-05   2.89073E-05   0.00000E+00   1.43117E-03   1.00000E+00   0.00000E+00   3.87578E+00   3.36929E-17            16   2.78387E-10   3.14238E+00
        3680   4.41600E+02   1.20000E-01   2.18544E-01   1.83564E-05   2.86805E-05   0.00000E+00   1.43528E-03   1.00000E+00   0.00000E+00   3.87578E+00   3.37161E-17            16   2.78893E-10   3.14238E+00
        3681   4.41720E+02   1.20000E-01   2.18544E-01   1.82376E-05   2.84536E-05   0.00000E+00   1.43933E-03   1.00000E+00   0.00000E+00   3.87578E+00   3.35374E-17            16   2.79065E-10   3.14239E+00
        3682   4.41840E+02   1.20000E-01   2.18544E-01   1.81186E-05   2.82265E-05   0.00000E+00   1.44333E-03   1.00000E+00   0.00000E+00   3.87578E+00   3.35729E-17            16   2.79535E-10   3.14239E+00
        3683   4.41960E+02   1.20000E-01   2.18544E-01   1.79994E-05   2.79991E-05   0.00000E+00   1.44710E-03   1.00000E+00   0.00000E+00   3.87578E+00   1.62457E-16            16   7.17160E-10   3.14239E+00
        3684   4.42080E+02   1.20000E-01   2.18544E-01   1.78799E-05   2.77715E-05   0.00000E+00   1.45104E-03   1.00000E+00   0.00000E+00   3.87578E+00   4.04309E-17            16   3.23174E-10   3.14240E+00
        3685   4.42200E+02   1.20000E-01   2.18544E-01   1.77603E-05   2.75438E-05   0.00000E+00   1.45486E-03   1.00000E+00   0.00000E+00   3.87578E+00   3.81920E-17            16   3.02797E-10   3.14240E+00
        3686   4.42320E+02   1.20000E-01   2.18544E-01   1.76405E-05   2.73159E-05   0.00000E+00   1.45882E-03   1.00000E+00   0.00000E+00   3.87578E+00   1.05576E-16            16   6.43816E-10   3.14240E+00
        3687   4.42440E+02   1.20000E-01   2.18544E-01   1.75205E-05   2.70879E-05   0.00000E+00   1.46251E-03   1.00000E+00   0.00000E+00   3.87578E+00   5.49189E-17            16   3.26584E-10   3.14241E+00
        3688   4.42560E+02   1.20000E-01   2.18544E-01   1.74003E-05   2.68596E-05   0.00000E+00   1.46623E-03   1.00000E+00   0.00000E+00   3.87578E+00   3.92506E-17            16   2.98056E-10   3.14241E+00
        3689   4.42680E+02   1.20000E-01   2.18544E-01   1.72800E-05   2.66312E-05   0.00000E+00   1.46986E-03   1.00000E+00   0.00000E+00   3.87578E+00   3.93520E-17            16   2.85177E-10   3.14241E+00
        3690   4.42800E+02   1.20000E-01   2.18544E-01   1.71594E-05   2.64026E-05   0.00000E+00   1.47347E-03   1.00000E+00   0.00000E+00   3.87578E+00   3.62625E-17            16   2.82363E-10   3.14242E+00
        3691   4.42920E+02   1.20000E-01   2.18544E-01   1.70387E-05   2.61739E-05   0.00000E+00   1.47702E-03   1.00000E+00   0.00000E+00   3.87578E+00   3.60924E-17            16   2.82840E-10   3.14242E+00
        3692   4.43040E+02   1.20000E-01   2.18544E-01   1.69178E-05   2.59450E-05   0.00000E+00   1.48052E-03   1.00000E+00   0.00000E+00   3.87578E+00   3.52009E-17            16   2.82028E-10   3.14242E+00
        3693   4.43160E+02   1.20000E-01   2.18544E-01   1.67968E-05   2.57159E-05   0.00000E+00   1.48398E-03   1.00000E+00   0.00000E+00   3.87578E+00   3.43813E-17            16   2.82090E-10   3.14242E+00
        3694   4.43280E+02   1.20000E-01   2.18544E-01   1.66756E-05   2.54868E-05   0.00000E+00   1.48739E-03   1.00000E+00   0.00000E+00   3.87578E+00   3.34971E-17            16   2.82088E-10   3.14243E+00
        3695   4.43400E+02   1.20000E-01   2.18544E-01   1.65542E-05   2.52575E-05   0.00000E+00   1.49076E-03   1.00000E+00   0.00000E+00   3.87578E+00   3.26474E-17            16   2.82117E-10   3.14243E+00
        3696   4.43520E+02   1.20000E-01   2.18544E-01   1.64327E-05   2.50280E-05   0.00000E+00   1.49408E-03   1.00000E+00   0.00000E+00   3.87578E+00   3.17999E-17            16   2.82106E-10   3.14243E+00
        3697   4.43640E+02   1.20000E-01   2.18544E-01   1.63110E-05   2.47984E-05   0.00000E+00   1.49736E-03   1.00000E+00   0.00000E+00   3.87578E+00   3.09699E-17            16   2.82080E-10   3.14244E+00
        3698   4.43760E+02   1.20000E-01   2.18544E-01   1.61891E-05   2.45688E-05   0.00000E+00   1.50060E-03   1.00000E+00   0.00000E+00   3.87578E+00   3.01409E-17            16   2.82031E-10   3.14244E+00
        3699   4.43880E+02   1.20000E-01   2.18544E-01   1.60672E-05   2.43390E-05   0.00000E+00   1.50379E-03   1.00000E+00   0.00000E+00   3.87578E+00   2.93381E-17            16   2.81966E-10   3.14244E+00
        3700   4.44000E+02   1.20000E-01   2.18544E-01   1.59450E-05   2.41091E-05   0.00000E+00   1.50694E-03   1.00000E+00   0.00000E+00   3.87578E+00   2.85492E-17            16   2.81896E-10   3.14244E+00
        3701   4.44120E+02   1.20000E-01   2.18544E-01   1.58228E-05   2.38790E-05   0.00000E+00   1.51005E-03   1.00000E+00   0.00000E+00   3.87578E+00   2.77745E-17            16   2.81826E-10   3.14245E+00
        3702   4.44240E+02   1.20000E-01   2.18544E-01   1.57004E-05   2.36696E-05   0.00000E+00   1.51311E-03   1.00000E+00   0.00000E+00   3.87578E+00   2.70154E-17            16   2.81766E-10   3.14245E+00
        3703   4.44360E+02   1.20000E-01   2.18544E-01   1.55778E-05   2.34701E-05   0.00000E+00   1.51614E-03   1.00000E+00   0.00000E+00   3.87578E+00   2.69634E-17            16   2.81721E-10   3.14245E+00
        3704   4.44480E+02   1.20000E-01   2.18544E-01   1.54552E-05   2.32706E-05   0.00000E+00   1.51912E-03   1.00000E+00   0.00000E+00   3.87578E+00   2.69446E-17            16   2.81700E-10   3.14245E+00
        3705   4.44600E+02   1.20000E-01   2.18544E-01   1.53324E-05   2.30708E-05   0.00000E+00   1.52206E-03   1.00000E+00   0.00000E+00   3.87578E+00   2.68671E-17            16   2.81710E-10   3.14246E+00
        3706   4.44720E+02   1.20000E-01   2.18544E-01   1.52095E-05   2.28709E-05   0.00000E+00   1.52484E-03   1.00000E+00   0.00000E+00   3.87578E+00   9.20407E-17            16   6.26935E-10   3.14246E+00
        3707   4.44840E+02   1.20000E-01   2.18544E-01   1.50864E-05   2.26709E-05   0.00000E+00   1.52772E-03   1.00000E+00   0.00000E+00   3.87578E+00   3.08111E-17            16   3.40017E-10   3.14246E+00
        3708   4.44960E+02   1.20000E-01   2.18544E-01   1.49633E-05   2.24707E-05   0.00000E+00   1.53053E-03   1.00000E+00   0.00000E+00   3.87578E+00   2.77493E-17            16   2.83748E-10   3.14247E+00
        3709   4.45080E+02   1.20000E-01   2.18544E-01   1.48400E-05   2.22704E-05   0.00000E+00   1.53331E-03   1.00000E+00   0.00000E+00   3.87578E+00   2.83451E-17            16   2.84400E-10   3.14247E+00
        3710   4.45200E+02   1.20000E-01   2.18544E-01   1.47167E-05   2.20700E-05   0.00000E+00   1.53605E-03   1.00000E+00   0.00000E+00   3.87578E+00   2.84773E-17            16   2.81857E-10   3.14247E+00
        3711   4.45320E+02   1.20000E-01   2.18544E-01   1.46072E-05   2.18694E-05   0.00000E+00   1.53874E-03   1.00000E+00   0.00000E+00   3.87578E+00   2.88083E-17            16   2.82905E-10   3.14247E+00
        3712   4.45440E+02   1.20000E-01   2.18544E-01   1.45071E-05   2.16688E-05   0.00000E+00   1.54140E-03   1.00000E+00   0.00000E+00   3.87578E+00   2.90389E-17            16   2.83120E-10   3.14248E+00
        3713   4.45560E+02   1.20000E-01   2.18544E-01   1.44068E-05   2.14680E-05   0.00000E+00   1.54401E-03   1.00000E+00   0.00000E+00   3.87578E+00   2.92607E-17            16   2.83776E-10   3.14248E+00
        3714   4.45680E+02   1.20000E-01   2.18544E-01   1.43063E-05   2.12671E-05   0.00000E+00   1.54659E-03   1.00000E+00   0.00000E+00   3.87578E+00   2.94038E-17            16   2.84355E-10   3.14248E+00
        3715   4.45800E+02   1.20000E-01   2.18544E-01   1.42057E-05   2.10661E-05   0.00000E+00   1.54912E-03   1.00000E+00   0.00000E+00   3.87578E+00   2.95143E-17            16   2.85017E-10   3.14248E+00
        3716   4.45920E+02   1.20000E-01   2.18544E-01   1.41049E-05   2.08651E-05   0.00000E+00   1.55162E-03   1.00000E+00   0.00000E+00   3.87578E+00   2.96206E-17            16   2.85739E-10   3.14248E+00
        3717   4.46040E+02   1.20000E-01   2.18544E-01   1.40041E-05   2.06639E-05   0.00000E+00   1.55407E-03   1.00000E+00   0.00000E+00   3.87578E+00   2.96814E-17            16   2.86539E-10   3.14249E+00
        3718   4.46160E+02   1.20000E-01   2.18544E-01   1.39030E-05   2.04627E-05   0.00000E+00   1.55648E-03   1.00000E+00   0.00000E+00   3.87578E+00   2.97587E-17            16   2.87414E-10   3.14249E+00
        3719   4.46280E+02   1.20000E-01   2.18544E-01   1.38019E-05   2.02614E-05   0.00000E+00   1.55885E-03   1.00000E+00   0.00000E+00   3.87578E+00   2.97743E-17            16   2.88352E-10   3.14249E+00
        3720   4.46400E+02   1.20000E-01   2.18544E-01   1.37006E-05   2.00600E-05   0.00000E+00   1.56118E-03   1.00000E+00   0.00000E+00   3.87578E+00   2.98071E-17            16   2.89350E-10   3.14249E+00
        3721   4.46520E+02   1.20000E-01   2.18544E-01   1.35992E-05   1.98586E-05   0.00000E+00   1.56348E-03   1.00000E+00   0.00000E+00   3.87578E+00   3.00059E-17            16   2.90406E-10   3.14250E+00
        3722   4.46640E+02   1.20000E-01   2.18544E-01   1.34976E-05   1.96571E-05   0.00000E+00   1.56572E-03   1.00000E+00   0.00000E+00   3.87578E+00   3.08013E-17            16   2.91523E-10   3.14250E+00
        3723   4.46760E+02   1.20000E-01   2.18544E-01   1.33960E-05   1.94555E-05   0.00000E+00   1.56793E-03   1.00000E+00   0.00000E+00   3.87578E+00   3.17576E-17            16   2.92689E-10   3.14250E+00
        3724   4.46880E+02   1.20000E-01   2.18544E-01   1.32942E-05   1.92539E-05   0.00000E+00   1.57010E-03   1.00000E+00   0.00000E+00   3.87578E+00   3.24913E-17            16   2.93915E-10   3.14250E+00
        3725   4.47000E+02   1.20000E-01   2.18544E-01   1.31923E-05   1.90522E-05   0.00000E+00   1.57223E-03   1.00000E+00   0.00000E+00   3.87578E+00   3.32298E-17            16   2.95179E-10   3.14250E+00
        3726   4.47120E+02   1.20000E-01   2.18544E-01   1.30903E-05   1.88505E-05   0.00000E+00   1.57431E-03   1.00000E+00   0.00000E+00   3.87578E+00   3.39444E-17            16   2.96492E-10   3.14251E+00
        3727   4.47240E+02   1.20000E-01   2.18544E-01   1.29882E-05   1.86488E-05   0.00000E+00   1.57636E-03   1.00000E+00   0.00000E+00   3.87578E+00   3.46092E-17            16   2.97840E-10   3.14251E+00
        3728   4.47360E+02   1.20000E-01   2.18544E-01   1.28859E-05   1.84470E-05   0.00000E+00   1.57836E-03   1.00000E+00   0.00000E+00   3.87578E+00   3.52831E-17            16   2.99233E-10   3.14251E+00
        3729   4.47480E+02   1.20000E-01   2.18544E-01   1.27836E-05   1.82453E-05   0.00000E+00   1.58032E-03   1.00000E+00   0.00000E+00   3.87578E+00   3.58849E-17            16   3.00645E-10   3.14251E+00
