    Timestep          Time      Timestep       Maximum          Umax          Vmax          Wmax          Pmax           VOF           VOF           VOF       Maximum      Pressure      Pressure            A0
      number                        size           CFL                                                               maximum       minimum      integral    divergence     iteration         error
           0   0.00000E+00   1.20000E-01   6.18136E-01   0.00000E+00   0.00000E+00   0.00000E+00   0.00000E+00   1.00000E+00   0.00000E+00   1.93789E+00   0.00000E+00             0   0.00000E+00   0.00000E+00
           1   1.20000E-01   1.20000E-01   6.18136E-01   1.93696E-05   1.58659E-05   0.00000E+00   1.13602E-01   1.00000E+00   0.00000E+00   1.93789E+00   1.16805E-14            16   7.44097E-10   3.20432E+00
           2   2.40000E-01   1.20000E-01   6.18136E-01   3.62554E-05   3.16836E-05   0.00000E+00   1.13451E-01   1.00000E+00   0.00000E+00   1.93789E+00   1.67050E-14            16   7.32139E-10   3.20432E+00
           3   3.60000E-01   1.20000E-01   6.18136E-01   5.11074E-05   4.74563E-05   0.00000E+00   1.13297E-01   1.00000E+00   0.00000E+00   1.93789E+00   1.58576E-14            16   7.26035E-10   3.20432E+00
           4   4.80000E-01   1.20000E-01   6.18136E-01   6.42199E-05   6.31829E-05   0.00000E+00   1.13142E-01   1.00000E+00   0.00000E+00   1.93789E+00   1.50720E-14            16   7.22547E-10   3.20432E+00
           5   6.00000E-01   1.20000E-01   6.18136E-01   7.70587E-05   7.88651E-05   0.00000E+00   1.12986E-01   1.00000E+00   0.00000E+00   1.93789E+00   1.44374E-14            16   7.20406E-10   3.20431E+00
           6   7.20000E-01   1.20000E-01   6.18136E-01   9.16664E-05   9.45021E-05   0.00000E+00   1.12829E-01   1.00000E+00   0.00000E+00   1.93789E+00   1.39205E-14            16   7.19080E-10   3.20431E+00
           7   8.40000E-01   1.20000E-01   6.18136E-01   1.05846E-04   1.10095E-04   0.00000E+00   1.12671E-01   1.00000E+00   0.00000E+00   1.93789E+00   1.34870E-14            16   7.18193E-10   3.20430E+00
           8   9.60000E-01   1.20000E-01   6.18136E-01   1.19577E-04   1.25644E-04   0.00000E+00   1.12511E-01   1.00000E+00   0.00000E+00   1.93789E+00   1.31049E-14            16   7.17424E-10   3.20429E+00
           9   1.08000E+00   1.20000E-01   6.18136E-01   1.32852E-04   1.41149E-04   0.00000E+00   1.12351E-01   1.00000E+00   0.00000E+00   1.93789E+00   1.27668E-14            16   7.16659E-10   3.20427E+00
          10   1.20000E+00   1.20000E-01   6.18136E-01   1.45671E-04   1.56609E-04   0.00000E+00   1.12189E-01   1.00000E+00   0.00000E+00   1.93789E+00   1.24577E-14            16   7.15815E-10   3.20426E+00
          11   1.32000E+00   1.20000E-01   6.18136E-01   1.58038E-04   1.72027E-04   0.00000E+00   1.12025E-01   1.00000E+00   0.00000E+00   1.93789E+00   1.21851E-14            16   7.14918E-10   3.20424E+00
          12   1.44000E+00   1.20000E-01   6.18136E-01   1.70675E-04   1.87400E-04   0.00000E+00   1.11860E-01   1.00000E+00   0.00000E+00   1.93789E+00   1.19431E-14            16   7.13982E-10   3.20422E+00
          13   1.56000E+00   1.20000E-01   6.18136E-01   1.84655E-04   2.02730E-04   0.00000E+00   1.11693E-01   1.00000E+00   0.00000E+00   1.93789E+00   1.17411E-14            16   7.13066E-10   3.20421E+00
          14   1.68000E+00   1.20000E-01   6.18136E-01   1.98597E-04   2.18015E-04   0.00000E+00   1.11525E-01   1.00000E+00   0.00000E+00   1.93789E+00   1.15738E-14            16   7.12213E-10   3.20418E+00
          15   1.80000E+00   1.20000E-01   6.18136E-01   2.12510E-04   2.33255E-04   0.00000E+00   1.11355E-01   1.00000E+00   0.00000E+00   1.93789E+00   1.14465E-14            16   7.11470E-10   3.20416E+00
          16   1.92000E+00   1.20000E-01   6.18136E-01   2.26390E-04   2.48608E-04   0.00000E+00   1.11184E-01   1.00000E+00   0.00000E+00   1.93789E+00   1.14432E-14            16   7.10872E-10   3.20414E+00
          17   2.04000E+00   1.20000E-01   6.18136E-01   2.40246E-04   2.64849E-04   0.00000E+00   1.11011E-01   1.00000E+00   0.00000E+00   1.93789E+00   1.14793E-14            16   7.10406E-10   3.20411E+00
          18   2.16000E+00   1.20000E-01   6.18136E-01   2.54074E-04   2.81111E-04   0.00000E+00   1.10836E-01   1.00000E+00   0.00000E+00   1.93789E+00   1.14941E-14            16   7.10067E-10   3.20408E+00
          19   2.28000E+00   1.20000E-01   6.18136E-01   2.67883E-04   2.97386E-04   0.00000E+00   1.10659E-01   1.00000E+00   0.00000E+00   1.93789E+00   1.15084E-14            16   7.09802E-10   3.20405E+00
          20   2.40000E+00   1.20000E-01   6.18136E-01   2.81668E-04   3.13668E-04   0.00000E+00   1.10481E-01   1.00000E+00   0.00000E+00   1.93789E+00   1.15068E-14            16   7.09619E-10   3.20402E+00
          21   2.52000E+00   1.20000E-01   6.18136E-01   2.95436E-04   3.29951E-04   0.00000E+00   1.10301E-01   1.00000E+00   0.00000E+00   1.93789E+00   1.15106E-14            16   7.09486E-10   3.20399E+00
          22   2.64000E+00   1.20000E-01   6.18136E-01   3.09181E-04   3.46232E-04   0.00000E+00   1.10120E-01   1.00000E+00   0.00000E+00   1.93789E+00   1.15015E-14            16   7.09447E-10   3.20395E+00
          23   2.76000E+00   1.20000E-01   6.18136E-01   3.22911E-04   3.62508E-04   0.00000E+00   1.09937E-01   1.00000E+00   0.00000E+00   1.93789E+00   1.14987E-14            16   7.09488E-10   3.20391E+00
          24   2.88000E+00   1.20000E-01   6.18136E-01   3.36633E-04   3.78779E-04   0.00000E+00   1.09753E-01   1.00000E+00   0.00000E+00   1.93789E+00   1.14912E-14            16   7.09642E-10   3.20388E+00
          25   3.00000E+00   1.20000E-01   6.18136E-01   3.50331E-04   3.95043E-04   0.00000E+00   1.09567E-01   1.00000E+00   0.00000E+00   1.93789E+00   1.14693E-14            16   7.09898E-10   3.20384E+00
          26   3.12000E+00   1.20000E-01   6.18136E-01   3.64010E-04   4.11302E-04   0.00000E+00   1.09380E-01   1.00000E+00   0.00000E+00   1.93789E+00   1.14624E-14            16   7.10285E-10   3.20379E+00
          27   3.24000E+00   1.20000E-01   6.18136E-01   3.77677E-04   4.27557E-04   0.00000E+00   1.09191E-01   1.00000E+00   0.00000E+00   1.93789E+00   1.14515E-14            16   7.10770E-10   3.20375E+00
          28   3.36000E+00   1.20000E-01   6.18136E-01   3.91317E-04   4.43810E-04   0.00000E+00   1.09001E-01   1.00000E+00   0.00000E+00   1.93789E+00   1.14325E-14            16   7.11329E-10   3.20371E+00
          29   3.48000E+00   1.20000E-01   6.18136E-01   4.04937E-04   4.60063E-04   0.00000E+00   1.08809E-01   1.00000E+00   0.00000E+00   1.93789E+00   1.14293E-14            16   7.11961E-10   3.20366E+00
          30   3.60000E+00   1.20000E-01   6.18136E-01   4.18543E-04   4.76318E-04   0.00000E+00   1.08616E-01   1.00000E+00   0.00000E+00   1.93789E+00   1.14844E-14            16   7.12630E-10   3.20361E+00
          31   3.72000E+00   1.20000E-01   6.18136E-01   4.32140E-04   4.92573E-04   0.00000E+00   1.08419E-01   1.00000E+00   0.00000E+00   1.93789E+00   1.15475E-14            16   7.13322E-10   3.20356E+00
          32   3.84000E+00   1.20000E-01   6.18136E-01   4.45711E-04   5.08830E-04   0.00000E+00   1.08221E-01   1.00000E+00   0.00000E+00   1.93789E+00   1.16058E-14            16   7.14060E-10   3.20351E+00
          33   3.96000E+00   1.20000E-01   6.18136E-01   4.59261E-04   5.25084E-04   0.00000E+00   1.08019E-01   1.00000E+00   0.00000E+00   1.93789E+00   1.16632E-14            16   7.14820E-10   3.20345E+00
          34   4.08000E+00   1.20000E-01   6.18136E-01   4.72795E-04   5.41332E-04   0.00000E+00   1.07814E-01   1.00000E+00   0.00000E+00   1.93789E+00   1.17158E-14            16   7.15579E-10   3.20340E+00
          35   4.20000E+00   1.20000E-01   6.18136E-01   4.86317E-04   5.57568E-04   0.00000E+00   1.07605E-01   1.00000E+00   0.00000E+00   1.93789E+00   1.17597E-14            16   7.16305E-10   3.20334E+00
          36   4.32000E+00   1.20000E-01   6.18136E-01   4.99831E-04   5.73786E-04   0.00000E+00   1.07392E-01   1.00000E+00   0.00000E+00   1.93789E+00   1.17989E-14            16   7.16984E-10   3.20328E+00
          37   4.44000E+00   1.20000E-01   6.18136E-01   5.13336E-04   5.89978E-04   0.00000E+00   1.07176E-01   1.00000E+00   0.00000E+00   1.93789E+00   1.18261E-14            16   7.17578E-10   3.20322E+00
          38   4.56000E+00   1.20000E-01   6.18136E-01   5.26832E-04   6.06136E-04   0.00000E+00   1.06955E-01   1.00000E+00   0.00000E+00   1.93789E+00   1.18459E-14            16   7.18078E-10   3.20316E+00
          39   4.68000E+00   1.20000E-01   6.18136E-01   5.40315E-04   6.22252E-04   0.00000E+00   1.06730E-01   1.00000E+00   0.00000E+00   1.93789E+00   1.18488E-14            16   7.18421E-10   3.20310E+00
          40   4.80000E+00   1.20000E-01   6.18136E-01   5.53782E-04   6.38319E-04   0.00000E+00   1.06501E-01   1.00000E+00   0.00000E+00   1.93789E+00   1.18417E-14            16   7.18598E-10   3.20304E+00
          41   4.92000E+00   1.20000E-01   6.18136E-01   5.67226E-04   6.54329E-04   0.00000E+00   1.06267E-01   1.00000E+00   0.00000E+00   1.93789E+00   1.18153E-14            16   7.18568E-10   3.20297E+00
          42   5.04000E+00   1.20000E-01   6.18136E-01   5.80642E-04   6.70279E-04   0.00000E+00   1.06031E-01   1.00000E+00   0.00000E+00   1.93789E+00   1.17725E-14            16   7.18302E-10   3.20290E+00
          43   5.16000E+00   1.20000E-01   6.18136E-01   5.94021E-04   6.86161E-04   0.00000E+00   1.05790E-01   1.00000E+00   0.00000E+00   1.93789E+00   1.17692E-14            16   7.17759E-10   3.20283E+00
          44   5.28000E+00   1.20000E-01   6.18136E-01   6.07358E-04   7.01976E-04   0.00000E+00   1.05547E-01   1.00000E+00   0.00000E+00   1.93789E+00   1.18243E-14            16   7.16897E-10   3.20276E+00
          45   5.40000E+00   1.20000E-01   6.18136E-01   6.20648E-04   7.17718E-04   0.00000E+00   1.05300E-01   1.00000E+00   0.00000E+00   1.93789E+00   1.18997E-14            16   7.15562E-10   3.20269E+00
          46   5.52000E+00   1.20000E-01   6.18136E-01   6.33913E-04   7.33388E-04   0.00000E+00   1.05051E-01   1.00000E+00   0.00000E+00   1.93789E+00   1.20450E-14            16   7.13553E-10   3.20261E+00
          47   5.64000E+00   1.20000E-01   6.18136E-01   6.47145E-04   7.48985E-04   0.00000E+00   1.04798E-01   1.00000E+00   0.00000E+00   1.93789E+00   1.21649E-14            16   7.12893E-10   3.20254E+00
          48   5.76000E+00   1.20000E-01   6.18136E-01   6.60333E-04   7.64508E-04   0.00000E+00   1.04543E-01   1.00000E+00   0.00000E+00   1.93789E+00   1.22448E-14            16   7.11968E-10   3.20246E+00
          49   5.88000E+00   1.20000E-01   6.18136E-01   6.73509E-04   7.79956E-04   0.00000E+00   1.04285E-01   1.00000E+00   0.00000E+00   1.93789E+00   1.22923E-14            16   7.10930E-10   3.20238E+00
          50   6.00000E+00   1.20000E-01   6.18136E-01   6.86655E-04   7.95329E-04   0.00000E+00   1.04024E-01   1.00000E+00   0.00000E+00   1.93789E+00   1.22801E-14            16   7.10419E-10   3.20230E+00
          51   6.12000E+00   1.20000E-01   6.18136E-01   6.99791E-04   8.10625E-04   0.00000E+00   1.03761E-01   1.00000E+00   0.00000E+00   1.93789E+00   1.22548E-14            16   7.10356E-10   3.20222E+00
          52   6.24000E+00   1.20000E-01   6.18136E-01   7.12892E-04   8.25843E-04   0.00000E+00   1.03494E-01   1.00000E+00   0.00000E+00   1.93789E+00   1.22080E-14            16   7.10809E-10   3.20214E+00
          53   6.36000E+00   1.20000E-01   6.18136E-01   7.26052E-04   8.40980E-04   0.00000E+00   1.03225E-01   1.00000E+00   0.00000E+00   1.93789E+00   1.21882E-14            16   7.11411E-10   3.20205E+00
          54   6.48000E+00   1.20000E-01   6.18136E-01   7.39209E-04   8.56034E-04   0.00000E+00   1.02953E-01   1.00000E+00   0.00000E+00   1.93789E+00   1.22895E-14            16   7.12200E-10   3.20197E+00
          55   6.60000E+00   1.20000E-01   6.18136E-01   7.52293E-04   8.71001E-04   0.00000E+00   1.02678E-01   1.00000E+00   0.00000E+00   1.93789E+00   1.24329E-14            16   7.12912E-10   3.20188E+00
          56   6.72000E+00   1.20000E-01   6.18136E-01   7.65372E-04   8.85879E-04   0.00000E+00   1.02401E-01   1.00000E+00   0.00000E+00   1.93789E+00   1.25569E-14            16   7.13640E-10   3.20179E+00
          57   6.84000E+00   1.20000E-01   6.18136E-01   7.78379E-04   9.00664E-04   0.00000E+00   1.02120E-01   1.00000E+00   0.00000E+00   1.93789E+00   1.26629E-14            16   7.14228E-10   3.20170E+00
          58   6.96000E+00   1.20000E-01   6.18136E-01   7.91324E-04   9.15354E-04   0.00000E+00   1.01836E-01   1.00000E+00   0.00000E+00   1.93789E+00   1.27552E-14            16   7.14654E-10   3.20161E+00
          59   7.08000E+00   1.20000E-01   6.18136E-01   8.04211E-04   9.29943E-04   0.00000E+00   1.01550E-01   1.00000E+00   0.00000E+00   1.93789E+00   1.28375E-14            16   7.14946E-10   3.20151E+00
          60   7.20000E+00   1.20000E-01   6.18136E-01   8.17045E-04   9.44428E-04   0.00000E+00   1.01261E-01   1.00000E+00   0.00000E+00   1.93789E+00   1.29235E-14            16   7.15107E-10   3.20142E+00
          61   7.32000E+00   1.20000E-01   6.18136E-01   8.29833E-04   9.58806E-04   0.00000E+00   1.00970E-01   1.00000E+00   0.00000E+00   1.93789E+00   1.30069E-14            16   7.15157E-10   3.20132E+00
          62   7.44000E+00   1.20000E-01   6.18136E-01   8.42578E-04   9.73074E-04   0.00000E+00   1.00675E-01   1.00000E+00   0.00000E+00   1.93789E+00   1.31014E-14            16   7.15117E-10   3.20122E+00
          63   7.56000E+00   1.20000E-01   6.18136E-01   8.55284E-04   9.87227E-04   0.00000E+00   1.00379E-01   1.00000E+00   0.00000E+00   1.93789E+00   1.31914E-14            16   7.15005E-10   3.20112E+00
          64   7.68000E+00   1.20000E-01   6.18136E-01   8.67955E-04   1.00126E-03   0.00000E+00   1.00111E-01   1.00000E+00   0.00000E+00   1.93789E+00   1.32824E-14            16   7.14845E-10   3.20102E+00
          65   7.80000E+00   1.20000E-01   6.18136E-01   8.80591E-04   1.01518E-03   0.00000E+00   9.98511E-02   1.00000E+00   0.00000E+00   1.93789E+00   1.33683E-14            16   7.14633E-10   3.20092E+00
          66   7.92000E+00   1.20000E-01   6.18136E-01   8.93193E-04   1.02898E-03   0.00000E+00   9.95896E-02   1.00000E+00   0.00000E+00   1.93789E+00   1.34546E-14            16   7.14413E-10   3.20081E+00
          67   8.04000E+00   1.20000E-01   6.18136E-01   9.05759E-04   1.04266E-03   0.00000E+00   9.93265E-02   1.00000E+00   0.00000E+00   1.93789E+00   1.35244E-14            16   7.14188E-10   3.20071E+00
          68   8.16000E+00   1.20000E-01   6.18136E-01   9.18287E-04   1.05623E-03   0.00000E+00   9.90624E-02   1.00000E+00   0.00000E+00   1.93789E+00   1.35934E-14            16   7.13962E-10   3.20060E+00
          69   8.28000E+00   1.20000E-01   6.18136E-01   9.30773E-04   1.06968E-03   0.00000E+00   9.87966E-02   1.00000E+00   0.00000E+00   1.93789E+00   1.36607E-14            16   7.13801E-10   3.20049E+00
          70   8.40000E+00   1.20000E-01   6.18136E-01   9.43214E-04   1.08304E-03   0.00000E+00   9.85296E-02   1.00000E+00   0.00000E+00   1.93789E+00   1.36558E-14            16   7.13455E-10   3.20039E+00
          71   8.52000E+00   1.20000E-01   6.18136E-01   9.55605E-04   1.09629E-03   0.00000E+00   9.82612E-02   1.00000E+00   0.00000E+00   1.93789E+00   1.37368E-14            16   7.13680E-10   3.20027E+00
          72   8.64000E+00   1.20000E-01   6.18136E-01   9.67943E-04   1.10946E-03   0.00000E+00   9.79914E-02   1.00000E+00   0.00000E+00   1.93789E+00   1.37234E-14            16   7.13699E-10   3.20016E+00
          73   8.76000E+00   1.20000E-01   6.18136E-01   9.80223E-04   1.12255E-03   0.00000E+00   9.77200E-02   1.00000E+00   0.00000E+00   1.93789E+00   1.36881E-14            16   7.13602E-10   3.20005E+00
          74   8.88000E+00   1.20000E-01   6.18136E-01   9.92441E-04   1.13557E-03   0.00000E+00   9.74471E-02   1.00000E+00   0.00000E+00   1.93789E+00   1.36382E-14            16   7.13094E-10   3.19993E+00
          75   9.00000E+00   1.20000E-01   6.18136E-01   1.00459E-03   1.14853E-03   0.00000E+00   9.71723E-02   1.00000E+00   0.00000E+00   1.93789E+00   1.35693E-14            16   7.11804E-10   3.19982E+00
          76   9.12000E+00   1.20000E-01   6.18136E-01   1.01667E-03   1.16144E-03   0.00000E+00   9.68960E-02   1.00000E+00   0.00000E+00   1.93789E+00   1.34955E-14            16   7.09434E-10   3.19970E+00
          77   9.24000E+00   1.20000E-01   6.18136E-01   1.02868E-03   1.17430E-03   0.00000E+00   9.66175E-02   1.00000E+00   0.00000E+00   1.93789E+00   1.33981E-14            16   7.06007E-10   3.19958E+00
          78   9.36000E+00   1.20000E-01   6.18136E-01   1.04062E-03   1.18712E-03   0.00000E+00   9.63374E-02   1.00000E+00   0.00000E+00   1.93789E+00   1.32774E-14            16   7.02148E-10   3.19946E+00
          79   9.48000E+00   1.20000E-01   6.18136E-01   1.05247E-03   1.19989E-03   0.00000E+00   9.60551E-02   1.00000E+00   0.00000E+00   1.93789E+00   1.31079E-14            16   6.99239E-10   3.19934E+00
          80   9.60000E+00   1.20000E-01   6.18136E-01   1.06425E-03   1.21262E-03   0.00000E+00   9.57710E-02   1.00000E+00   0.00000E+00   1.93789E+00   1.28714E-14            16   6.99182E-10   3.19921E+00
          81   9.72000E+00   1.20000E-01   6.18136E-01   1.07596E-03   1.22531E-03   0.00000E+00   9.54847E-02   1.00000E+00   0.00000E+00   1.93789E+00   1.25362E-14            16   7.03375E-10   3.19909E+00
          82   9.84000E+00   1.20000E-01   6.18136E-01   1.08759E-03   1.23796E-03   0.00000E+00   9.51966E-02   1.00000E+00   0.00000E+00   1.93789E+00   1.20748E-14            16   7.11034E-10   3.19896E+00
          83   9.96000E+00   1.20000E-01   6.18136E-01   1.09914E-03   1.25055E-03   0.00000E+00   9.49066E-02   1.00000E+00   0.00000E+00   1.93789E+00   1.17054E-14            16   7.18145E-10   3.19884E+00
          84   1.00800E+01   1.20000E-01   6.18136E-01   1.11063E-03   1.26308E-03   0.00000E+00   9.46174E-02   1.00000E+00   0.00000E+00   1.93789E+00   1.16945E-14            16   7.17505E-10   3.19871E+00
          85   1.02000E+01   1.20000E-01   6.18136E-01   1.12206E-03   1.27556E-03   0.00000E+00   9.43278E-02   1.00000E+00   0.00000E+00   1.93789E+00   1.16937E-14            16   7.14566E-10   3.19858E+00
          86   1.03200E+01   1.20000E-01   6.18136E-01   1.13342E-03   1.28798E-03   0.00000E+00   9.40378E-02   1.00000E+00   0.00000E+00   1.93789E+00   1.17551E-14            16   7.11742E-10   3.19845E+00
          87   1.04400E+01   1.20000E-01   6.18136E-01   1.14474E-03   1.30033E-03   0.00000E+00   9.37462E-02   1.00000E+00   0.00000E+00   1.93789E+00   1.18420E-14            16   7.09061E-10   3.19831E+00
          88   1.05600E+01   1.20000E-01   6.18136E-01   1.15600E-03   1.31262E-03   0.00000E+00   9.34534E-02   1.00000E+00   0.00000E+00   1.93789E+00   1.19602E-14            16   7.06869E-10   3.19818E+00
          89   1.06800E+01   1.20000E-01   6.18136E-01   1.16722E-03   1.32484E-03   0.00000E+00   9.31585E-02   1.00000E+00   0.00000E+00   1.93789E+00   1.21940E-14            16   7.05116E-10   3.19804E+00
          90   1.08000E+01   1.20000E-01   6.18136E-01   1.17840E-03   1.33707E-03   0.00000E+00   9.28622E-02   1.00000E+00   0.00000E+00   1.93789E+00   1.24547E-14            16   7.03691E-10   3.19791E+00
          91   1.09200E+01   1.20000E-01   6.18136E-01   1.18954E-03   1.34939E-03   0.00000E+00   9.25639E-02   1.00000E+00   0.00000E+00   1.93789E+00   1.25964E-14            16   7.02562E-10   3.19777E+00
          92   1.10400E+01   1.20000E-01   6.18136E-01   1.20064E-03   1.36160E-03   0.00000E+00   9.22644E-02   1.00000E+00   0.00000E+00   1.93789E+00   1.26024E-14            16   7.01736E-10   3.19763E+00
          93   1.11600E+01   1.20000E-01   6.18136E-01   1.21171E-03   1.37370E-03   0.00000E+00   9.19632E-02   1.00000E+00   0.00000E+00   1.93789E+00   1.24734E-14            16   7.00907E-10   3.19749E+00
          94   1.12800E+01   1.20000E-01   6.18136E-01   1.22273E-03   1.38567E-03   0.00000E+00   9.16613E-02   1.00000E+00   0.00000E+00   1.93789E+00   1.22550E-14            16   6.99413E-10   3.19735E+00
          95   1.14000E+01   1.20000E-01   6.18136E-01   1.23372E-03   1.39751E-03   0.00000E+00   9.13583E-02   1.00000E+00   0.00000E+00   1.93789E+00   1.19741E-14            16   6.96468E-10   3.19721E+00
          96   1.15200E+01   1.20000E-01   6.18136E-01   1.24466E-03   1.40920E-03   0.00000E+00   9.10546E-02   1.00000E+00   0.00000E+00   1.93789E+00   1.19023E-14            16   6.91661E-10   3.19706E+00
          97   1.16400E+01   1.20000E-01   6.18136E-01   1.25557E-03   1.42072E-03   0.00000E+00   9.07506E-02   1.00000E+00   0.00000E+00   1.93789E+00   1.14181E-14            16   6.80351E-10   3.19692E+00
          98   1.17600E+01   1.20000E-01   6.18136E-01   1.26643E-03   1.43206E-03   0.00000E+00   9.04467E-02   1.00000E+00   0.00000E+00   1.93789E+00   1.13035E-14            16   6.72784E-10   3.19677E+00
          99   1.18800E+01   1.20000E-01   6.18136E-01   1.27725E-03   1.44321E-03   0.00000E+00   9.01420E-02   1.00000E+00   0.00000E+00   1.93789E+00   1.10603E-14            16   6.62573E-10   3.19663E+00
         100   1.20000E+01   1.20000E-01   6.18136E-01   1.28802E-03   1.45417E-03   0.00000E+00   8.98370E-02   1.00000E+00   0.00000E+00   1.93789E+00   1.07897E-14            16   6.53983E-10   3.19648E+00
         101   1.21200E+01   1.20000E-01   6.18136E-01   1.29874E-03   1.46492E-03   0.00000E+00   8.95309E-02   1.00000E+00   0.00000E+00   1.93789E+00   1.04666E-14            16   6.53829E-10   3.19633E+00
         102   1.22400E+01   1.20000E-01   6.18136E-01   1.30942E-03   1.47548E-03   0.00000E+00   8.92241E-02   1.00000E+00   0.00000E+00   1.93789E+00   1.00882E-14            16   6.71570E-10   3.19618E+00
         103   1.23600E+01   1.20000E-01   6.18136E-01   1.32005E-03   1.48585E-03   0.00000E+00   8.89155E-02   1.00000E+00   0.00000E+00   1.93789E+00   9.71081E-15            16   7.10711E-10   3.19602E+00
         104   1.24800E+01   1.20000E-01   6.18136E-01   1.33063E-03   1.49605E-03   0.00000E+00   8.86091E-02   1.00000E+00   0.00000E+00   1.93789E+00   1.14184E-14            16   7.52214E-10   3.19587E+00
         105   1.26000E+01   1.20000E-01   6.18136E-01   1.34116E-03   1.50609E-03   0.00000E+00   8.83073E-02   1.00000E+00   0.00000E+00   1.93789E+00   1.16613E-14            16   7.46120E-10   3.19572E+00
         106   1.27200E+01   1.20000E-01   6.18136E-01   1.35164E-03   1.51600E-03   0.00000E+00   8.80070E-02   1.00000E+00   0.00000E+00   1.93789E+00   1.06905E-14            16   7.28499E-10   3.19556E+00
         107   1.28400E+01   1.20000E-01   6.18136E-01   1.36208E-03   1.52578E-03   0.00000E+00   8.77049E-02   1.00000E+00   0.00000E+00   1.93789E+00   9.75229E-15            16   7.21700E-10   3.19540E+00
         108   1.29600E+01   1.20000E-01   6.18136E-01   1.37246E-03   1.53546E-03   0.00000E+00   8.74002E-02   1.00000E+00   0.00000E+00   1.93789E+00   8.89247E-15            16   7.21353E-10   3.19525E+00
         109   1.30800E+01   1.20000E-01   6.18136E-01   1.38280E-03   1.54504E-03   0.00000E+00   8.70919E-02   1.00000E+00   0.00000E+00   1.93789E+00   9.56463E-15            16   7.21905E-10   3.19509E+00
         110   1.32000E+01   1.20000E-01   6.18136E-01   1.39309E-03   1.55451E-03   0.00000E+00   8.67808E-02   1.00000E+00   0.00000E+00   1.93789E+00   9.88864E-15            16   7.20047E-10   3.19493E+00
         111   1.33200E+01   1.20000E-01   6.18136E-01   1.40332E-03   1.56388E-03   0.00000E+00   8.64667E-02   1.00000E+00   0.00000E+00   1.93789E+00   9.69737E-15            16   7.12732E-10   3.19477E+00
         112   1.34400E+01   1.20000E-01   6.18136E-01   1.41349E-03   1.57313E-03   0.00000E+00   8.61508E-02   1.00000E+00   0.00000E+00   1.93789E+00   9.00241E-15            16   6.95596E-10   3.19460E+00
         113   1.35600E+01   1.20000E-01   6.18136E-01   1.42360E-03   1.58224E-03   0.00000E+00   8.58316E-02   1.00000E+00   0.00000E+00   1.93789E+00   7.99413E-15            16   6.64842E-10   3.19444E+00
         114   1.36800E+01   1.20000E-01   6.18136E-01   1.43365E-03   1.59117E-03   0.00000E+00   8.55128E-02   1.00000E+00   0.00000E+00   1.93789E+00   7.13474E-15            16   6.37166E-10   3.19428E+00
         115   1.38000E+01   1.20000E-01   6.18136E-01   1.44362E-03   1.59991E-03   0.00000E+00   8.51926E-02   1.00000E+00   0.00000E+00   1.93789E+00   6.95732E-15            16   6.21202E-10   3.19411E+00
         116   1.39200E+01   1.20000E-01   6.18136E-01   1.45351E-03   1.60841E-03   0.00000E+00   8.48716E-02   1.00000E+00   0.00000E+00   1.93789E+00   7.30827E-15            16   6.54102E-10   3.19394E+00
         117   1.40400E+01   1.20000E-01   6.18136E-01   1.46332E-03   1.61670E-03   0.00000E+00   8.45520E-02   1.00000E+00   0.00000E+00   1.93789E+00   8.98104E-15            16   7.44168E-10   3.19377E+00
         118   1.41600E+01   1.20000E-01   6.18136E-01   1.47303E-03   1.62475E-03   0.00000E+00   8.42496E-02   1.00000E+00   0.00000E+00   1.93789E+00   1.02248E-14            16   7.49914E-10   3.19361E+00
         119   1.42800E+01   1.20000E-01   6.18136E-01   1.48265E-03   1.63257E-03   0.00000E+00   8.39542E-02   1.00000E+00   0.00000E+00   1.93789E+00   9.89409E-15            16   7.24952E-10   3.19344E+00
         120   1.44000E+01   1.20000E-01   6.18136E-01   1.49217E-03   1.64014E-03   0.00000E+00   8.36566E-02   1.00000E+00   0.00000E+00   1.93789E+00   9.36225E-15            16   7.15963E-10   3.19326E+00
         121   1.45200E+01   1.20000E-01   6.18136E-01   1.50159E-03   1.64746E-03   0.00000E+00   8.33523E-02   1.00000E+00   0.00000E+00   1.93789E+00   8.71296E-15            16   7.18305E-10   3.19309E+00
         122   1.46400E+01   1.20000E-01   6.18136E-01   1.51091E-03   1.65451E-03   0.00000E+00   8.30412E-02   1.00000E+00   0.00000E+00   1.93789E+00   8.01521E-15            16   7.16108E-10   3.19292E+00
         123   1.47600E+01   1.20000E-01   6.18136E-01   1.52014E-03   1.66129E-03   0.00000E+00   8.27189E-02   1.00000E+00   0.00000E+00   1.93789E+00   7.59221E-15            16   6.94548E-10   3.19274E+00
         124   1.48800E+01   1.20000E-01   6.18136E-01   1.52928E-03   1.66777E-03   0.00000E+00   8.23943E-02   1.00000E+00   0.00000E+00   1.93789E+00   6.29147E-15            16   6.42579E-10   3.19257E+00
         125   1.50000E+01   1.20000E-01   6.18136E-01   1.53833E-03   1.67397E-03   0.00000E+00   8.20619E-02   1.00000E+00   0.00000E+00   1.93789E+00   6.55181E-15            16   6.53317E-10   3.19239E+00
         126   1.51200E+01   1.20000E-01   6.18136E-01   1.54731E-03   1.67992E-03   0.00000E+00   8.17352E-02   1.00000E+00   0.00000E+00   1.93789E+00   8.50388E-15            16   7.19176E-10   3.19222E+00
         127   1.52400E+01   1.20000E-01   6.18136E-01   1.55623E-03   1.68566E-03   0.00000E+00   8.14453E-02   1.00000E+00   0.00000E+00   1.93789E+00   8.78047E-15            16   7.17164E-10   3.19204E+00
         128   1.53600E+01   1.20000E-01   6.18136E-01   1.56509E-03   1.69118E-03   0.00000E+00   8.11606E-02   1.00000E+00   0.00000E+00   1.93789E+00   8.21001E-15            16   6.96109E-10   3.19186E+00
         129   1.54800E+01   1.20000E-01   6.18136E-01   1.57391E-03   1.69646E-03   0.00000E+00   8.08601E-02   1.00000E+00   0.00000E+00   1.93789E+00   7.82634E-15            16   6.86489E-10   3.19168E+00
         130   1.56000E+01   1.20000E-01   6.18136E-01   1.58269E-03   1.70148E-03   0.00000E+00   8.05275E-02   1.00000E+00   0.00000E+00   1.93789E+00   7.74678E-15            16   6.83012E-10   3.19150E+00
         131   1.57200E+01   1.20000E-01   6.18136E-01   1.59151E-03   1.70628E-03   0.00000E+00   8.01864E-02   1.00000E+00   0.00000E+00   1.93789E+00   7.92373E-15            16   7.01615E-10   3.19131E+00
         132   1.58400E+01   1.20000E-01   6.18136E-01   1.60029E-03   1.71101E-03   0.00000E+00   7.98921E-02   1.00000E+00   0.00000E+00   1.93789E+00   8.87118E-15            16   6.93363E-10   3.19113E+00
         133   1.59600E+01   1.20000E-01   6.18136E-01   1.60909E-03   1.71572E-03   0.00000E+00   7.96286E-02   1.00000E+00   0.00000E+00   1.93789E+00   9.21457E-15            16   6.94019E-10   3.19094E+00
         134   1.60800E+01   1.20000E-01   6.18136E-01   1.61783E-03   1.72062E-03   0.00000E+00   7.93087E-02   1.00000E+00   0.00000E+00   1.93789E+00   8.14930E-15            16   6.70778E-10   3.19076E+00
         135   1.62000E+01   1.20000E-01   6.18136E-01   1.62655E-03   1.72590E-03   0.00000E+00   7.89882E-02   1.00000E+00   0.00000E+00   1.93789E+00   7.69334E-15            16   6.62811E-10   3.19057E+00
         136   1.63200E+01   1.20000E-01   6.18136E-01   1.63527E-03   1.73164E-03   0.00000E+00   7.86259E-02   1.00000E+00   0.00000E+00   1.93789E+00   6.81505E-15            16   6.40035E-10   3.19038E+00
         137   1.64400E+01   1.20000E-01   6.18136E-01   1.64391E-03   1.73787E-03   0.00000E+00   7.82366E-02   1.00000E+00   0.00000E+00   1.93789E+00   6.80515E-15            16   6.11215E-10   3.19019E+00
         138   1.65600E+01   1.20000E-01   6.18136E-01   1.65246E-03   1.74459E-03   0.00000E+00   7.78215E-02   1.00000E+00   0.00000E+00   1.93789E+00   5.82509E-15            16   6.02401E-10   3.19000E+00
         139   1.66800E+01   1.20000E-01   6.18136E-01   1.66094E-03   1.75174E-03   0.00000E+00   7.73894E-02   1.00000E+00   0.00000E+00   1.93789E+00   5.56342E-15            16   5.87042E-10   3.18981E+00
         140   1.68000E+01   1.20000E-01   6.18136E-01   1.66931E-03   1.75925E-03   0.00000E+00   7.69454E-02   1.00000E+00   0.00000E+00   1.93789E+00   5.18378E-15            16   5.67915E-10   3.18962E+00
         141   1.69200E+01   1.20000E-01   6.18136E-01   1.67758E-03   1.76706E-03   0.00000E+00   7.64974E-02   1.00000E+00   0.00000E+00   1.93789E+00   4.85261E-15            16   5.50933E-10   3.18943E+00
         142   1.70400E+01   1.20000E-01   6.18136E-01   1.68570E-03   1.77507E-03   0.00000E+00   7.60506E-02   1.00000E+00   0.00000E+00   1.93789E+00   4.66699E-15            16   5.36081E-10   3.18923E+00
         143   1.71600E+01   1.20000E-01   6.18136E-01   1.69377E-03   1.78322E-03   0.00000E+00   7.56098E-02   1.00000E+00   0.00000E+00   1.93789E+00   4.52401E-15            16   5.20525E-10   3.18904E+00
         144   1.72800E+01   1.20000E-01   6.18136E-01   1.70172E-03   1.79144E-03   0.00000E+00   7.51775E-02   1.00000E+00   0.00000E+00   1.93789E+00   4.42916E-15            16   5.02686E-10   3.18884E+00
         145   1.74000E+01   1.20000E-01   6.18136E-01   1.70963E-03   1.79968E-03   0.00000E+00   7.47540E-02   1.00000E+00   0.00000E+00   1.93789E+00   4.25396E-15            16   4.83759E-10   3.18864E+00
         146   1.75200E+01   1.20000E-01   6.18136E-01   1.71742E-03   1.80790E-03   0.00000E+00   7.43385E-02   1.00000E+00   0.00000E+00   1.93789E+00   4.07677E-15            16   4.66408E-10   3.18845E+00
         147   1.76400E+01   1.20000E-01   6.18136E-01   1.72519E-03   1.81607E-03   0.00000E+00   7.39286E-02   1.00000E+00   0.00000E+00   1.93789E+00   3.83405E-15            16   4.48012E-10   3.18825E+00
         148   1.77600E+01   1.20000E-01   6.18136E-01   1.73293E-03   1.82416E-03   0.00000E+00   7.35220E-02   1.00000E+00   0.00000E+00   1.93789E+00   3.57541E-15            16   4.30250E-10   3.18805E+00
         149   1.78800E+01   1.20000E-01   6.18136E-01   1.74063E-03   1.83216E-03   0.00000E+00   7.31159E-02   1.00000E+00   0.00000E+00   1.93789E+00   3.32126E-15            16   4.14015E-10   3.18785E+00
         150   1.80000E+01   1.20000E-01   6.18136E-01   1.74829E-03   1.84006E-03   0.00000E+00   7.27089E-02   1.00000E+00   0.00000E+00   1.93789E+00   3.08637E-15            16   4.01752E-10   3.18765E+00
         151   1.81200E+01   1.20000E-01   6.18136E-01   1.75590E-03   1.84786E-03   0.00000E+00   7.22992E-02   1.00000E+00   0.00000E+00   1.93789E+00   2.88077E-15            16   3.94086E-10   3.18745E+00
         152   1.82400E+01   1.20000E-01   6.18136E-01   1.76346E-03   1.85556E-03   0.00000E+00   7.18874E-02   1.00000E+00   0.00000E+00   1.93789E+00   2.69828E-15            16   3.89342E-10   3.18724E+00
         153   1.83600E+01   1.20000E-01   6.18136E-01   1.77095E-03   1.86315E-03   0.00000E+00   7.14733E-02   1.00000E+00   0.00000E+00   1.93789E+00   2.53837E-15            16   3.85350E-10   3.18704E+00
         154   1.84800E+01   1.20000E-01   6.18136E-01   1.77838E-03   1.87065E-03   0.00000E+00   7.10585E-02   1.00000E+00   0.00000E+00   1.93789E+00   2.39225E-15            16   3.80715E-10   3.18684E+00
         155   1.86000E+01   1.20000E-01   6.18136E-01   1.78573E-03   1.87804E-03   0.00000E+00   7.06433E-02   1.00000E+00   0.00000E+00   1.93789E+00   2.26486E-15            16   3.76120E-10   3.18663E+00
         156   1.87200E+01   1.20000E-01   6.18136E-01   1.79301E-03   1.88533E-03   0.00000E+00   7.02296E-02   1.00000E+00   0.00000E+00   1.93789E+00   2.15939E-15            16   3.71907E-10   3.18643E+00
         157   1.88400E+01   1.20000E-01   6.18136E-01   1.80021E-03   1.89253E-03   0.00000E+00   6.98170E-02   1.00000E+00   0.00000E+00   1.93789E+00   2.07793E-15            16   3.68781E-10   3.18622E+00
         158   1.89600E+01   1.20000E-01   6.18136E-01   1.80735E-03   1.89963E-03   0.00000E+00   6.94066E-02   1.00000E+00   0.00000E+00   1.93789E+00   2.00887E-15            16   3.66361E-10   3.18601E+00
         159   1.90800E+01   1.20000E-01   6.18136E-01   1.81442E-03   1.90664E-03   0.00000E+00   6.89974E-02   1.00000E+00   0.00000E+00   1.93789E+00   1.99624E-15            16   3.63660E-10   3.18581E+00
         160   1.92000E+01   1.20000E-01   6.18136E-01   1.82143E-03   1.91356E-03   0.00000E+00   6.85895E-02   1.00000E+00   0.00000E+00   1.93789E+00   1.98313E-15            16   3.60346E-10   3.18560E+00
         161   1.93200E+01   1.20000E-01   6.18136E-01   1.82837E-03   1.92039E-03   0.00000E+00   6.81816E-02   1.00000E+00   0.00000E+00   1.93789E+00   1.95908E-15            16   3.56136E-10   3.18539E+00
         162   1.94400E+01   1.20000E-01   6.18136E-01   1.83524E-03   1.92713E-03   0.00000E+00   6.77737E-02   1.00000E+00   0.00000E+00   1.93789E+00   1.97622E-15            16   3.51811E-10   3.18518E+00
         163   1.95600E+01   1.20000E-01   6.18136E-01   1.84205E-03   1.93378E-03   0.00000E+00   6.73646E-02   1.00000E+00   0.00000E+00   1.93789E+00   1.97609E-15            16   3.47731E-10   3.18497E+00
         164   1.96800E+01   1.20000E-01   6.18136E-01   1.84880E-03   1.94035E-03   0.00000E+00   6.69548E-02   1.00000E+00   0.00000E+00   1.93789E+00   1.94788E-15            16   3.44577E-10   3.18476E+00
         165   1.98000E+01   1.20000E-01   6.18136E-01   1.85547E-03   1.94684E-03   0.00000E+00   6.65434E-02   1.00000E+00   0.00000E+00   1.93789E+00   1.89934E-15            16   3.41957E-10   3.18455E+00
         166   1.99200E+01   1.20000E-01   6.18136E-01   1.86207E-03   1.95324E-03   0.00000E+00   6.61315E-02   1.00000E+00   0.00000E+00   1.93789E+00   1.84212E-15            16   3.39145E-10   3.18433E+00
         167   2.00400E+01   1.20000E-01   6.18136E-01   1.86860E-03   1.95956E-03   0.00000E+00   6.57186E-02   1.00000E+00   0.00000E+00   1.93789E+00   1.77414E-15            16   3.36016E-10   3.18412E+00
         168   2.01600E+01   1.20000E-01   6.18136E-01   1.87506E-03   1.96580E-03   0.00000E+00   6.53060E-02   1.00000E+00   0.00000E+00   1.93789E+00   1.70640E-15            16   3.32436E-10   3.18391E+00
         169   2.02800E+01   1.20000E-01   6.18136E-01   1.88144E-03   1.97196E-03   0.00000E+00   6.48931E-02   1.00000E+00   0.00000E+00   1.93789E+00   1.63391E-15            16   3.29075E-10   3.18369E+00
         170   2.04000E+01   1.20000E-01   6.18136E-01   1.88775E-03   1.97805E-03   0.00000E+00   6.44810E-02   1.00000E+00   0.00000E+00   1.93789E+00   1.58740E-15            16   3.26123E-10   3.18348E+00
         171   2.05200E+01   1.20000E-01   6.18136E-01   1.89399E-03   1.98406E-03   0.00000E+00   6.40689E-02   1.00000E+00   0.00000E+00   1.93789E+00   1.54110E-15            16   3.24078E-10   3.18326E+00
         172   2.06400E+01   1.20000E-01   6.18136E-01   1.90014E-03   1.99000E-03   0.00000E+00   6.36576E-02   1.00000E+00   0.00000E+00   1.93789E+00   1.51840E-15            16   3.23774E-10   3.18305E+00
         173   2.07600E+01   1.20000E-01   6.18136E-01   1.90623E-03   1.99586E-03   0.00000E+00   6.32461E-02   1.00000E+00   0.00000E+00   1.93789E+00   1.48586E-15            16   3.20258E-10   3.18283E+00
         174   2.08800E+01   1.20000E-01   6.18136E-01   1.91224E-03   2.00164E-03   0.00000E+00   6.28349E-02   1.00000E+00   0.00000E+00   1.93789E+00   1.54827E-15            16   3.18756E-10   3.18261E+00
         175   2.10000E+01   1.20000E-01   6.18136E-01   1.91820E-03   2.00736E-03   0.00000E+00   6.24230E-02   1.00000E+00   0.00000E+00   1.93789E+00   1.47129E-15            16   3.14949E-10   3.18239E+00
         176   2.11200E+01   1.20000E-01   6.18136E-01   1.92410E-03   2.01300E-03   0.00000E+00   6.20112E-02   1.00000E+00   0.00000E+00   1.93789E+00   1.44555E-15            16   3.12750E-10   3.18217E+00
         177   2.12400E+01   1.20000E-01   6.18136E-01   1.92993E-03   2.01857E-03   0.00000E+00   6.15982E-02   1.00000E+00   0.00000E+00   1.93789E+00   1.40507E-15            16   3.11096E-10   3.18195E+00
         178   2.13600E+01   1.20000E-01   6.18136E-01   1.93569E-03   2.02407E-03   0.00000E+00   6.11852E-02   1.00000E+00   0.00000E+00   1.93789E+00   1.35039E-15            16   3.09811E-10   3.18173E+00
         179   2.14800E+01   1.20000E-01   6.18136E-01   1.94140E-03   2.02950E-03   0.00000E+00   6.07712E-02   1.00000E+00   0.00000E+00   1.93789E+00   1.27755E-15            16   3.08610E-10   3.18151E+00
         180   2.16000E+01   1.20000E-01   6.18136E-01   1.94704E-03   2.03486E-03   0.00000E+00   6.03574E-02   1.00000E+00   0.00000E+00   1.93789E+00   1.34659E-15            16   3.08032E-10   3.18129E+00
         181   2.17200E+01   1.20000E-01   6.18136E-01   1.95262E-03   2.04015E-03   0.00000E+00   5.99429E-02   1.00000E+00   0.00000E+00   1.93789E+00   1.46644E-15            16   3.09087E-10   3.18107E+00
         182   2.18400E+01   1.20000E-01   6.18136E-01   1.95814E-03   2.04537E-03   0.00000E+00   5.95288E-02   1.00000E+00   0.00000E+00   1.93789E+00   1.51887E-15            16   3.09931E-10   3.18085E+00
         183   2.19600E+01   1.20000E-01   6.18136E-01   1.96358E-03   2.05052E-03   0.00000E+00   5.91143E-02   1.00000E+00   0.00000E+00   1.93789E+00   1.51105E-15            16   3.07708E-10   3.18063E+00
         184   2.20800E+01   1.20000E-01   6.18136E-01   1.96894E-03   2.05560E-03   0.00000E+00   5.87004E-02   1.00000E+00   0.00000E+00   1.93789E+00   1.49252E-15            16   3.07638E-10   3.18040E+00
         185   2.22000E+01   1.20000E-01   6.18136E-01   1.97418E-03   2.06061E-03   0.00000E+00   5.82860E-02   1.00000E+00   0.00000E+00   1.93789E+00   1.41755E-15            16   3.04409E-10   3.18018E+00
         186   2.23200E+01   1.20000E-01   6.18136E-01   1.97929E-03   2.06555E-03   0.00000E+00   5.78712E-02   1.00000E+00   0.00000E+00   1.93789E+00   1.31492E-15            16   3.02675E-10   3.17996E+00
         187   2.24400E+01   1.20000E-01   6.18136E-01   1.98430E-03   2.07042E-03   0.00000E+00   5.74572E-02   1.00000E+00   0.00000E+00   1.93789E+00   1.27068E-15            16   3.03218E-10   3.17973E+00
         188   2.25600E+01   1.20000E-01   6.18136E-01   1.98920E-03   2.07523E-03   0.00000E+00   5.70426E-02   1.00000E+00   0.00000E+00   1.93789E+00   1.33974E-15            16   3.04301E-10   3.17950E+00
         189   2.26800E+01   1.20000E-01   6.18136E-01   1.99400E-03   2.07997E-03   0.00000E+00   5.66274E-02   1.00000E+00   0.00000E+00   1.93789E+00   1.35767E-15            16   3.04755E-10   3.17928E+00
         190   2.28000E+01   1.20000E-01   6.18136E-01   1.99872E-03   2.08463E-03   0.00000E+00   5.62127E-02   1.00000E+00   0.00000E+00   1.93789E+00   1.34735E-15            16   3.04723E-10   3.17905E+00
         191   2.29200E+01   1.20000E-01   6.18136E-01   2.00337E-03   2.08923E-03   0.00000E+00   5.57973E-02   1.00000E+00   0.00000E+00   1.93789E+00   1.30581E-15            16   3.04215E-10   3.17883E+00
         192   2.30400E+01   1.20000E-01   6.18136E-01   2.00796E-03   2.09377E-03   0.00000E+00   5.53811E-02   1.00000E+00   0.00000E+00   1.93789E+00   1.24343E-15            16   3.03450E-10   3.17860E+00
         193   2.31600E+01   1.20000E-01   6.18136E-01   2.01249E-03   2.09823E-03   0.00000E+00   5.49656E-02   1.00000E+00   0.00000E+00   1.93789E+00   1.16863E-15            16   3.02462E-10   3.17837E+00
         194   2.32800E+01   1.20000E-01   6.18136E-01   2.01698E-03   2.10263E-03   0.00000E+00   5.45494E-02   1.00000E+00   0.00000E+00   1.93789E+00   1.10615E-15            16   3.01597E-10   3.17814E+00
         195   2.34000E+01   1.20000E-01   6.18136E-01   2.02142E-03   2.10695E-03   0.00000E+00   5.41327E-02   1.00000E+00   0.00000E+00   1.93789E+00   1.15661E-15            16   3.02938E-10   3.17791E+00
         196   2.35200E+01   1.20000E-01   6.18136E-01   2.02582E-03   2.11121E-03   0.00000E+00   5.37168E-02   1.00000E+00   0.00000E+00   1.93789E+00   1.23768E-15            16   3.06752E-10   3.17768E+00
         197   2.36400E+01   1.20000E-01   6.18136E-01   2.03017E-03   2.11541E-03   0.00000E+00   5.33004E-02   1.00000E+00   0.00000E+00   1.93789E+00   1.19624E-15            16   3.06029E-10   3.17745E+00
         198   2.37600E+01   1.20000E-01   6.18136E-01   2.03446E-03   2.11953E-03   0.00000E+00   5.28837E-02   1.00000E+00   0.00000E+00   1.93789E+00   1.23393E-15            16   3.07766E-10   3.17722E+00
         199   2.38800E+01   1.20000E-01   6.18136E-01   2.03870E-03   2.12359E-03   0.00000E+00   5.24679E-02   1.00000E+00   0.00000E+00   1.93789E+00   1.13561E-15            16   3.06246E-10   3.17699E+00
         200   2.40000E+01   1.20000E-01   6.18136E-01   2.04288E-03   2.12758E-03   0.00000E+00   5.20516E-02   1.00000E+00   0.00000E+00   1.93789E+00   1.11654E-15            16   3.06821E-10   3.17676E+00
         201   2.41200E+01   1.20000E-01   6.18136E-01   2.04699E-03   2.13150E-03   0.00000E+00   5.16350E-02   1.00000E+00   0.00000E+00   1.93789E+00   1.09308E-15            16   3.07501E-10   3.17653E+00
         202   2.42400E+01   1.20000E-01   6.18136E-01   2.05103E-03   2.13535E-03   0.00000E+00   5.12192E-02   1.00000E+00   0.00000E+00   1.93789E+00   1.05670E-15            16   3.07666E-10   3.17630E+00
         203   2.43600E+01   1.20000E-01   6.18136E-01   2.05500E-03   2.13914E-03   0.00000E+00   5.08029E-02   1.00000E+00   0.00000E+00   1.93789E+00   1.03566E-15            16   3.07165E-10   3.17607E+00
         204   2.44800E+01   1.20000E-01   6.18136E-01   2.05890E-03   2.14286E-03   0.00000E+00   5.03862E-02   1.00000E+00   0.00000E+00   1.93789E+00   9.86303E-16            16   3.08264E-10   3.17584E+00
         205   2.46000E+01   1.20000E-01   6.18136E-01   2.06272E-03   2.14651E-03   0.00000E+00   4.99703E-02   1.00000E+00   0.00000E+00   1.93789E+00   1.10356E-15            16   3.13299E-10   3.17560E+00
         206   2.47200E+01   1.20000E-01   6.18136E-01   2.06647E-03   2.15045E-03   0.00000E+00   4.95539E-02   1.00000E+00   0.00000E+00   1.93789E+00   1.16824E-15            16   3.18356E-10   3.17537E+00
         207   2.48400E+01   1.20000E-01   6.18136E-01   2.07014E-03   2.15536E-03   0.00000E+00   4.91370E-02   1.00000E+00   0.00000E+00   1.93789E+00   1.06691E-15            16   3.17072E-10   3.17514E+00
         208   2.49600E+01   1.20000E-01   6.18136E-01   2.07375E-03   2.16020E-03   0.00000E+00   4.87210E-02   1.00000E+00   0.00000E+00   1.93789E+00   1.09176E-15            16   3.20466E-10   3.17490E+00
         209   2.50800E+01   1.20000E-01   6.18136E-01   2.07728E-03   2.16498E-03   0.00000E+00   4.83044E-02   1.00000E+00   0.00000E+00   1.93789E+00   9.63409E-16            16   3.18728E-10   3.17467E+00
         210   2.52000E+01   1.20000E-01   6.18136E-01   2.08073E-03   2.16970E-03   0.00000E+00   4.78875E-02   1.00000E+00   0.00000E+00   1.93789E+00   8.82247E-16            16   3.18102E-10   3.17443E+00
         211   2.53200E+01   1.20000E-01   6.18136E-01   2.08411E-03   2.17436E-03   0.00000E+00   4.74704E-02   1.00000E+00   0.00000E+00   1.93789E+00   9.10635E-16            16   3.17646E-10   3.17420E+00
         212   2.54400E+01   1.20000E-01   6.18136E-01   2.08740E-03   2.17896E-03   0.00000E+00   4.70543E-02   1.00000E+00   0.00000E+00   1.93789E+00   8.99651E-16            16   3.18260E-10   3.17396E+00
         213   2.55600E+01   1.20000E-01   6.18136E-01   2.09062E-03   2.18349E-03   0.00000E+00   4.66379E-02   1.00000E+00   0.00000E+00   1.93789E+00   8.95915E-16            16   3.21553E-10   3.17373E+00
         214   2.56800E+01   1.20000E-01   6.18136E-01   2.09374E-03   2.18796E-03   0.00000E+00   4.62211E-02   1.00000E+00   0.00000E+00   1.93789E+00   8.73173E-16            16   3.22048E-10   3.17349E+00
         215   2.58000E+01   1.20000E-01   6.18136E-01   2.09677E-03   2.19237E-03   0.00000E+00   4.58042E-02   1.00000E+00   0.00000E+00   1.93789E+00   8.85762E-16            16   3.25342E-10   3.17325E+00
         216   2.59200E+01   1.20000E-01   6.18136E-01   2.09972E-03   2.19672E-03   0.00000E+00   4.53882E-02   1.00000E+00   0.00000E+00   1.93789E+00   8.27783E-16            16   3.25685E-10   3.17302E+00
         217   2.60400E+01   1.20000E-01   6.18136E-01   2.10256E-03   2.20101E-03   0.00000E+00   4.49720E-02   1.00000E+00   0.00000E+00   1.93789E+00   8.23085E-16            16   3.25860E-10   3.17278E+00
         218   2.61600E+01   1.20000E-01   6.18136E-01   2.10532E-03   2.20523E-03   0.00000E+00   4.45554E-02   1.00000E+00   0.00000E+00   1.93789E+00   8.02564E-16            16   3.26211E-10   3.17254E+00
         219   2.62800E+01   1.20000E-01   6.18136E-01   2.10797E-03   2.20940E-03   0.00000E+00   4.41386E-02   1.00000E+00   0.00000E+00   1.93789E+00   7.77584E-16            16   3.27057E-10   3.17230E+00
         220   2.64000E+01   1.20000E-01   6.18136E-01   2.11053E-03   2.21350E-03   0.00000E+00   4.37227E-02   1.00000E+00   0.00000E+00   1.93789E+00   7.56667E-16            16   3.28005E-10   3.17207E+00
         221   2.65200E+01   1.20000E-01   6.18136E-01   2.11300E-03   2.21754E-03   0.00000E+00   4.33071E-02   1.00000E+00   0.00000E+00   1.93789E+00   7.49932E-16            16   3.29572E-10   3.17183E+00
         222   2.66400E+01   1.20000E-01   6.18136E-01   2.11538E-03   2.22153E-03   0.00000E+00   4.28906E-02   1.00000E+00   0.00000E+00   1.93789E+00   7.95082E-16            16   3.33339E-10   3.17159E+00
         223   2.67600E+01   1.20000E-01   6.18136E-01   2.11766E-03   2.22545E-03   0.00000E+00   4.24744E-02   1.00000E+00   0.00000E+00   1.93789E+00   9.54882E-16            16   3.40975E-10   3.17135E+00
         224   2.68800E+01   1.20000E-01   6.18136E-01   2.11985E-03   2.22930E-03   0.00000E+00   4.20573E-02   1.00000E+00   0.00000E+00   1.93789E+00   7.65861E-16            16   3.38711E-10   3.17111E+00
         225   2.70000E+01   1.20000E-01   6.18136E-01   2.12195E-03   2.23310E-03   0.00000E+00   4.16415E-02   1.00000E+00   0.00000E+00   1.93789E+00   8.40732E-16            16   3.42479E-10   3.17087E+00
         226   2.71200E+01   1.20000E-01   6.18136E-01   2.12397E-03   2.23684E-03   0.00000E+00   4.12250E-02   1.00000E+00   0.00000E+00   1.93789E+00   6.59468E-16            16   3.42002E-10   3.17063E+00
         227   2.72400E+01   1.20000E-01   6.18136E-01   2.12589E-03   2.24051E-03   0.00000E+00   4.08085E-02   1.00000E+00   0.00000E+00   1.93789E+00   6.41301E-16            16   3.43101E-10   3.17039E+00
         228   2.73600E+01   1.20000E-01   6.18136E-01   2.12772E-03   2.24412E-03   0.00000E+00   4.03914E-02   1.00000E+00   0.00000E+00   1.93789E+00   6.43916E-16            16   3.44738E-10   3.17015E+00
         229   2.74800E+01   1.20000E-01   6.18136E-01   2.12946E-03   2.24767E-03   0.00000E+00   4.01809E-02   1.00000E+00   0.00000E+00   1.93789E+00   6.08548E-16            16   3.47054E-10   3.16991E+00
         230   2.76000E+01   1.20000E-01   6.18136E-01   2.13110E-03   2.25116E-03   0.00000E+00   3.99726E-02   1.00000E+00   0.00000E+00   1.93789E+00   6.54793E-16            16   3.51416E-10   3.16967E+00
         231   2.77200E+01   1.20000E-01   6.18136E-01   2.13265E-03   2.25459E-03   0.00000E+00   3.97623E-02   1.00000E+00   0.00000E+00   1.93789E+00   6.64724E-16            16   3.52056E-10   3.16943E+00
         232   2.78400E+01   1.20000E-01   6.18136E-01   2.13410E-03   2.25795E-03   0.00000E+00   3.95488E-02   1.00000E+00   0.00000E+00   1.93789E+00   5.88438E-16            16   3.49971E-10   3.16919E+00
         233   2.79600E+01   1.20000E-01   6.18136E-01   2.13545E-03   2.26126E-03   0.00000E+00   3.93331E-02   1.00000E+00   0.00000E+00   1.93789E+00   5.75723E-16            16   3.45658E-10   3.16895E+00
         234   2.80800E+01   1.20000E-01   6.18136E-01   2.13670E-03   2.26450E-03   0.00000E+00   3.91143E-02   1.00000E+00   0.00000E+00   1.93789E+00   5.22235E-16            16   3.46567E-10   3.16871E+00
         235   2.82000E+01   1.20000E-01   6.18136E-01   2.13784E-03   2.26768E-03   0.00000E+00   3.88934E-02   1.00000E+00   0.00000E+00   1.93789E+00   3.90961E-16            16   3.58813E-10   3.16846E+00
         236   2.83200E+01   1.20000E-01   6.18136E-01   2.13888E-03   2.27080E-03   0.00000E+00   3.86698E-02   1.00000E+00   0.00000E+00   1.93789E+00   4.07882E-16            16   3.65683E-10   3.16822E+00
         237   2.84400E+01   1.20000E-01   6.18136E-01   2.13982E-03   2.27387E-03   0.00000E+00   3.84434E-02   1.00000E+00   0.00000E+00   1.93789E+00   5.54108E-16            16   3.73692E-10   3.16798E+00
         238   2.85600E+01   1.20000E-01   6.18136E-01   2.14064E-03   2.27686E-03   0.00000E+00   3.82143E-02   1.00000E+00   0.00000E+00   1.93789E+00   4.42435E-16            16   3.77390E-10   3.16774E+00
         239   2.86800E+01   1.20000E-01   6.18136E-01   2.14136E-03   2.27980E-03   0.00000E+00   3.79827E-02   1.00000E+00   0.00000E+00   1.93789E+00   4.83193E-16            16   3.78977E-10   3.16750E+00
         240   2.88000E+01   1.20000E-01   6.18136E-01   2.14197E-03   2.28269E-03   0.00000E+00   3.77480E-02   1.00000E+00   0.00000E+00   1.93789E+00   4.94915E-16            16   3.71662E-10   3.16725E+00
         241   2.89200E+01   1.20000E-01   6.18136E-01   2.14249E-03   2.28551E-03   0.00000E+00   3.75101E-02   1.00000E+00   0.00000E+00   1.93789E+00   4.78937E-16            16   3.70063E-10   3.16701E+00
         242   2.90400E+01   1.20000E-01   6.18136E-01   2.14290E-03   2.28827E-03   0.00000E+00   3.72703E-02   1.00000E+00   0.00000E+00   1.93789E+00   4.97274E-16            16   3.64356E-10   3.16677E+00
         243   2.91600E+01   1.20000E-01   6.18136E-01   2.14321E-03   2.29097E-03   0.00000E+00   3.70274E-02   1.00000E+00   0.00000E+00   1.93789E+00   4.70270E-16            16   3.60077E-10   3.16653E+00
         244   2.92800E+01   1.20000E-01   6.18136E-01   2.14343E-03   2.29361E-03   0.00000E+00   3.67817E-02   1.00000E+00   0.00000E+00   1.93789E+00   3.83436E-16            16   3.76306E-10   3.16628E+00
         245   2.94000E+01   1.20000E-01   6.18136E-01   2.14355E-03   2.29619E-03   0.00000E+00   3.65338E-02   1.00000E+00   0.00000E+00   1.93789E+00   3.21601E-16            16   3.93244E-10   3.16604E+00
         246   2.95200E+01   1.20000E-01   6.18136E-01   2.14356E-03   2.29871E-03   0.00000E+00   3.62833E-02   1.00000E+00   0.00000E+00   1.93789E+00   3.10013E-16            16   4.04707E-10   3.16580E+00
         247   2.96400E+01   1.20000E-01   6.18136E-01   2.14348E-03   2.30117E-03   0.00000E+00   3.60302E-02   1.00000E+00   0.00000E+00   1.93789E+00   3.01347E-16            16   4.08915E-10   3.16555E+00
         248   2.97600E+01   1.20000E-01   6.18136E-01   2.14328E-03   2.30357E-03   0.00000E+00   3.57740E-02   1.00000E+00   0.00000E+00   1.93789E+00   2.72312E-16            16   3.98130E-10   3.16531E+00
         249   2.98800E+01   1.20000E-01   6.18136E-01   2.14298E-03   2.30590E-03   0.00000E+00   3.55159E-02   1.00000E+00   0.00000E+00   1.93789E+00   3.00017E-16            16   3.70952E-10   3.16507E+00
         250   3.00000E+01   1.20000E-01   6.18136E-01   2.14255E-03   2.30818E-03   0.00000E+00   3.52551E-02   1.00000E+00   0.00000E+00   1.93789E+00   3.34657E-16            16   3.35994E-10   3.16482E+00
         251   3.01200E+01   1.20000E-01   6.18136E-01   2.14202E-03   2.31039E-03   0.00000E+00   3.49918E-02   1.00000E+00   0.00000E+00   1.93789E+00   3.18411E-16            16   3.42174E-10   3.16458E+00
         252   3.02400E+01   1.20000E-01   6.18136E-01   2.14138E-03   2.31255E-03   0.00000E+00   3.47251E-02   1.00000E+00   0.00000E+00   1.93789E+00   3.19820E-16            16   3.41664E-10   3.16433E+00
         253   3.03600E+01   1.20000E-01   6.18136E-01   2.14063E-03   2.31464E-03   0.00000E+00   3.44557E-02   1.00000E+00   0.00000E+00   1.93789E+00   3.09709E-16            16   3.54808E-10   3.16409E+00
         254   3.04800E+01   1.20000E-01   6.18136E-01   2.13978E-03   2.31668E-03   0.00000E+00   3.41835E-02   1.00000E+00   0.00000E+00   1.93789E+00   3.17812E-16            16   3.47589E-10   3.16385E+00
         255   3.06000E+01   1.20000E-01   6.18136E-01   2.13880E-03   2.31865E-03   0.00000E+00   3.39086E-02   1.00000E+00   0.00000E+00   1.93789E+00   3.36887E-16            16   3.29640E-10   3.16360E+00
         256   3.07200E+01   1.20000E-01   6.18136E-01   2.13771E-03   2.32056E-03   0.00000E+00   3.36318E-02   1.00000E+00   0.00000E+00   1.93789E+00   3.20857E-16            16   3.09287E-10   3.16336E+00
         257   3.08400E+01   1.20000E-01   6.18136E-01   2.13650E-03   2.32242E-03   0.00000E+00   3.33523E-02   1.00000E+00   0.00000E+00   1.93789E+00   8.56729E-16            15   9.97708E-10   3.16311E+00
         258   3.09600E+01   1.20000E-01   6.18136E-01   2.13516E-03   2.32421E-03   0.00000E+00   3.30701E-02   1.00000E+00   0.00000E+00   1.93789E+00   9.07503E-16            15   9.20814E-10   3.16287E+00
         259   3.10800E+01   1.20000E-01   6.18136E-01   2.13371E-03   2.32595E-03   0.00000E+00   3.27851E-02   1.00000E+00   0.00000E+00   1.93789E+00   9.74814E-16            15   9.20112E-10   3.16263E+00
         260   3.12000E+01   1.20000E-01   6.18136E-01   2.13324E-03   2.32762E-03   0.00000E+00   3.24971E-02   1.00000E+00   0.00000E+00   1.93789E+00   9.53206E-16            15   8.83812E-10   3.16238E+00
         261   3.13200E+01   1.20000E-01   6.18136E-01   2.13270E-03   2.32923E-03   0.00000E+00   3.22063E-02   1.00000E+00   0.00000E+00   1.93789E+00   8.70655E-16            15   8.57716E-10   3.16214E+00
         262   3.14400E+01   1.20000E-01   6.18136E-01   2.13205E-03   2.33079E-03   0.00000E+00   3.19128E-02   1.00000E+00   0.00000E+00   1.93789E+00   6.86931E-16            15   7.74321E-10   3.16189E+00
         263   3.15600E+01   1.20000E-01   6.18136E-01   2.13131E-03   2.33228E-03   0.00000E+00   3.16165E-02   1.00000E+00   0.00000E+00   1.93789E+00   4.42919E-16            15   6.18356E-10   3.16165E+00
         264   3.16800E+01   1.20000E-01   6.18136E-01   2.13046E-03   2.33371E-03   0.00000E+00   3.13178E-02   1.00000E+00   0.00000E+00   1.93789E+00   4.54512E-16            15   6.92591E-10   3.16140E+00
         265   3.18000E+01   1.20000E-01   6.18136E-01   2.12952E-03   2.33507E-03   0.00000E+00   3.10168E-02   1.00000E+00   0.00000E+00   1.93789E+00   5.05524E-16            15   8.15321E-10   3.16116E+00
         266   3.19200E+01   1.20000E-01   6.18136E-01   2.12847E-03   2.33638E-03   0.00000E+00   3.07138E-02   1.00000E+00   0.00000E+00   1.93789E+00   5.74646E-16            15   9.46063E-10   3.16092E+00
         267   3.20400E+01   1.20000E-01   6.18136E-01   2.12732E-03   2.33762E-03   0.00000E+00   3.04076E-02   1.00000E+00   0.00000E+00   1.93789E+00   2.01208E-16            16   2.81559E-10   3.16067E+00
         268   3.21600E+01   1.20000E-01   6.18136E-01   2.12606E-03   2.33879E-03   0.00000E+00   3.01000E-02   1.00000E+00   0.00000E+00   1.93789E+00   2.05211E-16            16   3.06315E-10   3.16043E+00
         269   3.22800E+01   1.20000E-01   6.18136E-01   2.12469E-03   2.33991E-03   0.00000E+00   2.97903E-02   1.00000E+00   0.00000E+00   1.93789E+00   2.85946E-16            16   3.31245E-10   3.16018E+00
         270   3.24000E+01   1.20000E-01   6.18136E-01   2.12321E-03   2.34096E-03   0.00000E+00   2.94793E-02   1.00000E+00   0.00000E+00   1.93789E+00   3.07399E-16            16   3.51439E-10   3.15994E+00
         271   3.25200E+01   1.20000E-01   6.18136E-01   2.12161E-03   2.34195E-03   0.00000E+00   2.91653E-02   1.00000E+00   0.00000E+00   1.93789E+00   3.71269E-16            16   3.68876E-10   3.15969E+00
         272   3.26400E+01   1.20000E-01   6.18136E-01   2.11991E-03   2.34287E-03   0.00000E+00   2.88498E-02   1.00000E+00   0.00000E+00   1.93789E+00   3.96100E-16            16   3.82680E-10   3.15945E+00
         273   3.27600E+01   1.20000E-01   6.18136E-01   2.11809E-03   2.34373E-03   0.00000E+00   2.85321E-02   1.00000E+00   0.00000E+00   1.93789E+00   4.00508E-16            16   3.93226E-10   3.15921E+00
         274   3.28800E+01   1.20000E-01   6.18136E-01   2.11616E-03   2.34454E-03   0.00000E+00   2.82120E-02   1.00000E+00   0.00000E+00   1.93789E+00   4.16417E-16            16   4.05194E-10   3.15896E+00
         275   3.30000E+01   1.20000E-01   6.18136E-01   2.11412E-03   2.34528E-03   0.00000E+00   2.78894E-02   1.00000E+00   0.00000E+00   1.93789E+00   4.30320E-16            16   4.14405E-10   3.15872E+00
         276   3.31200E+01   1.20000E-01   6.18136E-01   2.11197E-03   2.34596E-03   0.00000E+00   2.75643E-02   1.00000E+00   0.00000E+00   1.93789E+00   4.62793E-16            16   4.25867E-10   3.15847E+00
         277   3.32400E+01   1.20000E-01   6.18136E-01   2.10970E-03   2.34658E-03   0.00000E+00   2.72365E-02   1.00000E+00   0.00000E+00   1.93789E+00   4.88671E-16            16   4.35164E-10   3.15823E+00
         278   3.33600E+01   1.20000E-01   6.18136E-01   2.10732E-03   2.34714E-03   0.00000E+00   2.69061E-02   1.00000E+00   0.00000E+00   1.93789E+00   5.29726E-16            16   4.44968E-10   3.15799E+00
         279   3.34800E+01   1.20000E-01   6.18136E-01   2.10483E-03   2.34764E-03   0.00000E+00   2.65732E-02   1.00000E+00   0.00000E+00   1.93789E+00   5.79498E-16            16   4.52843E-10   3.15774E+00
         280   3.36000E+01   1.20000E-01   6.18136E-01   2.10222E-03   2.34808E-03   0.00000E+00   2.62370E-02   1.00000E+00   0.00000E+00   1.93789E+00   6.17318E-16            16   4.60358E-10   3.15750E+00
         281   3.37200E+01   1.20000E-01   6.18136E-01   2.09948E-03   2.34847E-03   0.00000E+00   2.58984E-02   1.00000E+00   0.00000E+00   1.93789E+00   6.40548E-16            16   4.66910E-10   3.15725E+00
         282   3.38400E+01   1.20000E-01   6.18136E-01   2.09662E-03   2.34880E-03   0.00000E+00   2.55563E-02   1.00000E+00   0.00000E+00   1.93789E+00   6.55942E-16            16   4.73271E-10   3.15701E+00
         283   3.39600E+01   1.20000E-01   6.18136E-01   2.09363E-03   2.34907E-03   0.00000E+00   2.52117E-02   1.00000E+00   0.00000E+00   1.93789E+00   6.78654E-16            16   4.79004E-10   3.15677E+00
         284   3.40800E+01   1.20000E-01   6.18136E-01   2.09050E-03   2.34929E-03   0.00000E+00   2.48639E-02   1.00000E+00   0.00000E+00   1.93789E+00   7.16823E-16            16   4.84472E-10   3.15652E+00
         285   3.42000E+01   1.20000E-01   6.18136E-01   2.08724E-03   2.34944E-03   0.00000E+00   2.45138E-02   1.00000E+00   0.00000E+00   1.93789E+00   7.61953E-16            16   4.89378E-10   3.15628E+00
         286   3.43200E+01   1.20000E-01   6.18136E-01   2.08383E-03   2.34954E-03   0.00000E+00   2.41607E-02   1.00000E+00   0.00000E+00   1.93789E+00   8.22362E-16            16   4.93795E-10   3.15604E+00
         287   3.44400E+01   1.20000E-01   6.18136E-01   2.08028E-03   2.34957E-03   0.00000E+00   2.38057E-02   1.00000E+00   0.00000E+00   1.93789E+00   8.78365E-16            16   4.97588E-10   3.15580E+00
         288   3.45600E+01   1.20000E-01   6.18136E-01   2.07659E-03   2.34954E-03   0.00000E+00   2.34480E-02   1.00000E+00   0.00000E+00   1.93789E+00   9.39682E-16            16   5.01118E-10   3.15555E+00
         289   3.46800E+01   1.20000E-01   6.18136E-01   2.07275E-03   2.34946E-03   0.00000E+00   2.30888E-02   1.00000E+00   0.00000E+00   1.93789E+00   9.60278E-16            16   5.04292E-10   3.15531E+00
         290   3.48000E+01   1.20000E-01   6.18136E-01   2.06875E-03   2.34930E-03   0.00000E+00   2.27270E-02   1.00000E+00   0.00000E+00   1.93789E+00   9.90939E-16            16   5.07372E-10   3.15507E+00
         291   3.49200E+01   1.20000E-01   6.18136E-01   2.06461E-03   2.34909E-03   0.00000E+00   2.23641E-02   1.00000E+00   0.00000E+00   1.93789E+00   1.00093E-15            16   5.09930E-10   3.15483E+00
         292   3.50400E+01   1.20000E-01   6.18136E-01   2.06030E-03   2.34881E-03   0.00000E+00   2.19987E-02   1.00000E+00   0.00000E+00   1.93789E+00   1.02579E-15            16   5.12377E-10   3.15458E+00
         293   3.51600E+01   1.20000E-01   6.18136E-01   2.05584E-03   2.34846E-03   0.00000E+00   2.16323E-02   1.00000E+00   0.00000E+00   1.93789E+00   1.04820E-15            16   5.14347E-10   3.15434E+00
         294   3.52800E+01   1.20000E-01   6.18136E-01   2.05122E-03   2.34805E-03   0.00000E+00   2.12634E-02   1.00000E+00   0.00000E+00   1.93789E+00   1.06974E-15            16   5.16083E-10   3.15410E+00
         295   3.54000E+01   1.20000E-01   6.18136E-01   2.04643E-03   2.34758E-03   0.00000E+00   2.08926E-02   1.00000E+00   0.00000E+00   1.93789E+00   1.09851E-15            16   5.17508E-10   3.15386E+00
         296   3.55200E+01   1.20000E-01   6.18136E-01   2.04146E-03   2.34704E-03   0.00000E+00   2.05199E-02   1.00000E+00   0.00000E+00   1.93789E+00   1.14114E-15            16   5.18572E-10   3.15362E+00
         297   3.56400E+01   1.20000E-01   6.18136E-01   2.03633E-03   2.34644E-03   0.00000E+00   2.01452E-02   1.00000E+00   0.00000E+00   1.93789E+00   1.17763E-15            16   5.19293E-10   3.15338E+00
         298   3.57600E+01   1.20000E-01   6.18136E-01   2.03101E-03   2.34577E-03   0.00000E+00   1.97685E-02   1.00000E+00   0.00000E+00   1.93789E+00   1.20401E-15            16   5.19828E-10   3.15313E+00
         299   3.58800E+01   1.20000E-01   6.18136E-01   2.02551E-03   2.34503E-03   0.00000E+00   1.93897E-02   1.00000E+00   0.00000E+00   1.93789E+00   1.21424E-15            16   5.20086E-10   3.15289E+00
         300   3.60000E+01   1.20000E-01   6.18136E-01   2.01982E-03   2.34423E-03   0.00000E+00   1.90087E-02   1.00000E+00   0.00000E+00   1.93789E+00   1.22369E-15            16   5.20101E-10   3.15265E+00
         301   3.61200E+01   1.20000E-01   6.18136E-01   2.01394E-03   2.34336E-03   0.00000E+00   1.86255E-02   1.00000E+00   0.00000E+00   1.93789E+00   1.22209E-15            16   5.19569E-10   3.15241E+00
         302   3.62400E+01   1.20000E-01   6.18136E-01   2.00785E-03   2.34242E-03   0.00000E+00   1.82400E-02   1.00000E+00   0.00000E+00   1.93789E+00   1.24483E-15            16   5.18847E-10   3.15217E+00
         303   3.63600E+01   1.20000E-01   6.18136E-01   2.00155E-03   2.34142E-03   0.00000E+00   1.78522E-02   1.00000E+00   0.00000E+00   1.93789E+00   1.23825E-15            16   5.17735E-10   3.15193E+00
         304   3.64800E+01   1.20000E-01   6.18136E-01   1.99503E-03   2.34035E-03   0.00000E+00   1.74622E-02   1.00000E+00   0.00000E+00   1.93789E+00   1.24301E-15            16   5.16332E-10   3.15169E+00
         305   3.66000E+01   1.20000E-01   6.18136E-01   1.98829E-03   2.33922E-03   0.00000E+00   1.70699E-02   1.00000E+00   0.00000E+00   1.93789E+00   1.24084E-15            16   5.14337E-10   3.15145E+00
         306   3.67200E+01   1.20000E-01   6.18136E-01   1.98131E-03   2.33801E-03   0.00000E+00   1.66755E-02   1.00000E+00   0.00000E+00   1.93789E+00   1.25024E-15            16   5.12210E-10   3.15121E+00
         307   3.68400E+01   1.20000E-01   6.18136E-01   1.97409E-03   2.33674E-03   0.00000E+00   1.62789E-02   1.00000E+00   0.00000E+00   1.93789E+00   1.25677E-15            16   5.09607E-10   3.15097E+00
         308   3.69600E+01   1.20000E-01   6.18136E-01   1.96662E-03   2.33540E-03   0.00000E+00   1.58802E-02   1.00000E+00   0.00000E+00   1.93789E+00   1.25413E-15            16   5.06798E-10   3.15074E+00
         309   3.70800E+01   1.20000E-01   6.18136E-01   1.95889E-03   2.33400E-03   0.00000E+00   1.54795E-02   1.00000E+00   0.00000E+00   1.93789E+00   1.25447E-15            16   5.03562E-10   3.15050E+00
         310   3.72000E+01   1.20000E-01   6.18136E-01   1.95088E-03   2.33252E-03   0.00000E+00   1.50768E-02   1.00000E+00   0.00000E+00   1.93789E+00   1.23839E-15            16   5.00075E-10   3.15026E+00
         311   3.73200E+01   1.20000E-01   6.18136E-01   1.94260E-03   2.33098E-03   0.00000E+00   1.46722E-02   1.00000E+00   0.00000E+00   1.93789E+00   1.20912E-15            16   4.96371E-10   3.15002E+00
         312   3.74400E+01   1.20000E-01   6.18136E-01   1.93402E-03   2.32936E-03   0.00000E+00   1.42657E-02   1.00000E+00   0.00000E+00   1.93789E+00   1.19580E-15            16   4.92614E-10   3.14978E+00
         313   3.75600E+01   1.20000E-01   6.18136E-01   1.92513E-03   2.32768E-03   0.00000E+00   1.38573E-02   1.00000E+00   0.00000E+00   1.93789E+00   1.20186E-15            16   4.89027E-10   3.14955E+00
         314   3.76800E+01   1.20000E-01   6.18136E-01   1.91592E-03   2.32592E-03   0.00000E+00   1.34470E-02   1.00000E+00   0.00000E+00   1.93789E+00   1.21634E-15            16   4.84675E-10   3.14931E+00
         315   3.78000E+01   1.20000E-01   6.18136E-01   1.90637E-03   2.32409E-03   0.00000E+00   1.30347E-02   1.00000E+00   0.00000E+00   1.93789E+00   1.21228E-15            16   4.81198E-10   3.14907E+00
         316   3.79200E+01   1.20000E-01   6.18136E-01   1.89646E-03   2.32219E-03   0.00000E+00   1.26204E-02   1.00000E+00   0.00000E+00   1.93789E+00   1.21015E-15            16   4.77912E-10   3.14883E+00
         317   3.80400E+01   1.20000E-01   6.18136E-01   1.88618E-03   2.32021E-03   0.00000E+00   1.22041E-02   1.00000E+00   0.00000E+00   1.93789E+00   1.19005E-15            16   4.74933E-10   3.14860E+00
         318   3.81600E+01   1.20000E-01   6.18136E-01   1.87550E-03   2.31816E-03   0.00000E+00   1.17858E-02   1.00000E+00   0.00000E+00   1.93789E+00   1.17037E-15            16   4.72349E-10   3.14836E+00
         319   3.82800E+01   1.20000E-01   6.18136E-01   1.86614E-03   2.31604E-03   0.00000E+00   1.13654E-02   1.00000E+00   0.00000E+00   1.93789E+00   1.31598E-15            16   4.74004E-10   3.14813E+00
         320   3.84000E+01   1.20000E-01   6.18136E-01   1.85720E-03   2.31383E-03   0.00000E+00   1.09424E-02   1.00000E+00   0.00000E+00   1.93789E+00   1.24948E-15            16   4.74724E-10   3.14789E+00
         321   3.85200E+01   1.20000E-01   6.18136E-01   1.84787E-03   2.31155E-03   0.00000E+00   1.05174E-02   1.00000E+00   0.00000E+00   1.93789E+00   1.20575E-15            16   4.75337E-10   3.14766E+00
         322   3.86400E+01   1.20000E-01   6.18136E-01   1.83811E-03   2.30946E-03   0.00000E+00   1.00900E-02   1.00000E+00   0.00000E+00   1.93789E+00   1.24044E-15            16   4.78179E-10   3.14742E+00
         323   3.87600E+01   1.20000E-01   6.18136E-01   1.82790E-03   2.30737E-03   0.00000E+00   9.66013E-03   1.00000E+00   0.00000E+00   1.93789E+00   1.35376E-15            16   4.82273E-10   3.14719E+00
         324   3.88800E+01   1.20000E-01   6.18136E-01   1.81720E-03   2.30520E-03   0.00000E+00   9.22775E-03   1.00000E+00   0.00000E+00   1.93789E+00   1.49330E-15            16   4.88075E-10   3.14695E+00
         325   3.90000E+01   1.20000E-01   6.18136E-01   1.80598E-03   2.30294E-03   0.00000E+00   8.79273E-03   1.00000E+00   0.00000E+00   1.93789E+00   1.71986E-15            16   4.96351E-10   3.14672E+00
         326   3.91200E+01   1.20000E-01   6.18136E-01   1.79419E-03   2.30059E-03   0.00000E+00   8.35495E-03   1.00000E+00   0.00000E+00   1.93789E+00   1.83957E-15            16   5.06234E-10   3.14648E+00
         327   3.92400E+01   1.20000E-01   6.18136E-01   1.78178E-03   2.29814E-03   0.00000E+00   7.91426E-03   1.00000E+00   0.00000E+00   1.93789E+00   1.96673E-15            16   5.17128E-10   3.14625E+00
         328   3.93600E+01   1.20000E-01   6.18136E-01   1.76869E-03   2.29560E-03   0.00000E+00   7.47020E-03   1.00000E+00   0.00000E+00   1.93789E+00   2.09614E-15            16   5.31170E-10   3.14602E+00
         329   3.94800E+01   1.20000E-01   6.18136E-01   1.75484E-03   2.29296E-03   0.00000E+00   7.02334E-03   1.00000E+00   0.00000E+00   1.93789E+00   2.21478E-15            16   5.46051E-10   3.14579E+00
         330   3.96000E+01   1.20000E-01   6.18136E-01   1.74016E-03   2.29021E-03   0.00000E+00   6.57245E-03   1.00000E+00   0.00000E+00   1.93789E+00   2.36200E-15            16   5.63372E-10   3.14555E+00
         331   3.97200E+01   1.20000E-01   6.18136E-01   1.72457E-03   2.28735E-03   0.00000E+00   6.11773E-03   1.00000E+00   0.00000E+00   1.93789E+00   2.47884E-15            16   5.82685E-10   3.14532E+00
         332   3.98400E+01   1.20000E-01   6.18136E-01   1.70794E-03   2.28437E-03   0.00000E+00   5.65772E-03   1.00000E+00   0.00000E+00   1.93789E+00   2.59103E-15            16   6.04660E-10   3.14509E+00
         333   3.99600E+01   1.20000E-01   6.18136E-01   1.69013E-03   2.28127E-03   0.00000E+00   5.19438E-03   1.00000E+00   0.00000E+00   1.93789E+00   2.67617E-15            16   6.27600E-10   3.14486E+00
         334   4.00800E+01   1.20000E-01   6.18136E-01   1.67097E-03   2.27804E-03   0.00000E+00   4.73523E-03   1.00000E+00   0.00000E+00   1.93789E+00   2.67838E-15            16   6.53553E-10   3.14463E+00
         335   4.02000E+01   1.20000E-01   6.18136E-01   1.65023E-03   2.27466E-03   0.00000E+00   4.89259E-03   1.00000E+00   0.00000E+00   1.93789E+00   2.61449E-15            16   6.68351E-10   3.14440E+00
         336   4.03200E+01   1.20000E-01   6.18136E-01   1.62762E-03   2.27112E-03   0.00000E+00   5.25274E-03   1.00000E+00   0.00000E+00   1.93789E+00   2.33826E-15            16   6.78709E-10   3.14417E+00
         337   4.04400E+01   1.20000E-01   6.18136E-01   1.60277E-03   2.26740E-03   0.00000E+00   5.61082E-03   1.00000E+00   0.00000E+00   1.93789E+00   2.83962E-15            16   7.09608E-10   3.14394E+00
         338   4.05600E+01   1.20000E-01   6.18136E-01   1.57519E-03   2.26349E-03   0.00000E+00   5.96743E-03   1.00000E+00   0.00000E+00   1.93789E+00   3.40884E-15            16   7.27584E-10   3.14371E+00
         339   4.06800E+01   1.20000E-01   6.18136E-01   1.54425E-03   2.25935E-03   0.00000E+00   6.32206E-03   1.00000E+00   0.00000E+00   1.93789E+00   4.15875E-15            16   7.37100E-10   3.14348E+00
         340   4.08000E+01   1.20000E-01   6.18136E-01   1.51151E-03   2.25493E-03   0.00000E+00   6.67583E-03   1.00000E+00   0.00000E+00   1.93789E+00   3.95166E-15            16   6.77352E-10   3.14325E+00
         341   4.09200E+01   1.20000E-01   6.18136E-01   1.47852E-03   2.25019E-03   0.00000E+00   7.02389E-03   1.00000E+00   0.00000E+00   1.93789E+00   3.66160E-15            16   5.64224E-10   3.14303E+00
         342   4.10400E+01   1.20000E-01   6.18136E-01   1.43877E-03   2.24502E-03   0.00000E+00   7.36501E-03   1.00000E+00   0.00000E+00   1.93789E+00   5.50257E-15            16   4.39376E-10   3.14280E+00
         343   4.11600E+01   1.20000E-01   6.18136E-01   1.38801E-03   2.23929E-03   0.00000E+00   7.68036E-03   1.00000E+00   0.00000E+00   1.93789E+00   1.48677E-14            16   4.09878E-10   3.14257E+00
         344   4.12800E+01   1.20000E-01   6.18136E-01   1.31948E-03   2.23275E-03   0.00000E+00   8.50128E-03   1.00000E+00   0.00000E+00   1.93789E+00   1.49777E-13            16   7.15966E-10   3.14235E+00
         345   4.14000E+01   1.20000E-01   6.18136E-01   1.23062E-03   2.22493E-03   0.00000E+00   9.15442E-03   1.00000E+00   0.00000E+00   1.93789E+00   1.11098E-13            16   5.81554E-10   3.14212E+00
         346   4.15200E+01   1.20000E-01   6.18136E-01   1.22500E-03   2.21485E-03   0.00000E+00   9.52749E-03   1.00000E+00   0.00000E+00   1.93789E+00   6.96210E-14            16   4.65095E-10   3.14189E+00
         347   4.16400E+01   1.20000E-01   6.18136E-01   1.21941E-03   2.20132E-03   0.00000E+00   9.88147E-03   1.00000E+00   0.00000E+00   1.93789E+00   7.60645E-14            16   5.29392E-10   3.14167E+00
         348   4.17600E+01   1.20000E-01   6.18136E-01   1.21400E-03   2.18802E-03   0.00000E+00   1.02471E-02   1.00000E+00   0.00000E+00   1.93789E+00   3.18599E-14            16   7.73763E-10   3.14144E+00
         349   4.18800E+01   1.20000E-01   6.18136E-01   1.20876E-03   2.17569E-03   0.00000E+00   1.06131E-02   1.00000E+00   0.00000E+00   1.93789E+00   1.56229E-14            16   8.51439E-10   3.14122E+00
         350   4.20000E+01   1.20000E-01   6.18136E-01   1.20364E-03   2.16415E-03   0.00000E+00   1.09821E-02   1.00000E+00   0.00000E+00   1.93789E+00   9.54228E-15            16   8.99298E-10   3.14099E+00
         351   4.21200E+01   1.20000E-01   6.18136E-01   1.19862E-03   2.15325E-03   0.00000E+00   1.13487E-02   1.00000E+00   0.00000E+00   1.93789E+00   6.49032E-15            16   8.96011E-10   3.14077E+00
         352   4.22400E+01   1.20000E-01   6.18136E-01   1.19447E-03   2.14287E-03   0.00000E+00   1.17145E-02   1.00000E+00   0.00000E+00   1.93789E+00   4.60028E-15            16   8.49028E-10   3.14055E+00
         353   4.23600E+01   1.20000E-01   6.18136E-01   1.19056E-03   2.13293E-03   0.00000E+00   1.20805E-02   1.00000E+00   0.00000E+00   1.93789E+00   4.05268E-15            16   8.31008E-10   3.14033E+00
         354   4.24800E+01   1.20000E-01   6.18136E-01   1.18669E-03   2.12335E-03   0.00000E+00   1.24452E-02   1.00000E+00   0.00000E+00   1.93789E+00   3.70599E-15            16   8.18165E-10   3.14010E+00
         355   4.26000E+01   1.20000E-01   6.18136E-01   1.18284E-03   2.11408E-03   0.00000E+00   1.28080E-02   1.00000E+00   0.00000E+00   1.93789E+00   3.82535E-15            16   8.06932E-10   3.13988E+00
         356   4.27200E+01   1.20000E-01   6.18136E-01   1.17902E-03   2.10508E-03   0.00000E+00   1.31696E-02   1.00000E+00   0.00000E+00   1.93789E+00   4.05907E-15            16   8.03496E-10   3.13966E+00
         357   4.28400E+01   1.20000E-01   6.18136E-01   1.17521E-03   2.09632E-03   0.00000E+00   1.35293E-02   1.00000E+00   0.00000E+00   1.93789E+00   4.17534E-15            16   7.91583E-10   3.13944E+00
         358   4.29600E+01   1.20000E-01   6.18136E-01   1.17141E-03   2.08775E-03   0.00000E+00   1.38878E-02   1.00000E+00   0.00000E+00   1.93789E+00   4.12444E-15            16   7.71934E-10   3.13922E+00
         359   4.30800E+01   1.20000E-01   6.18136E-01   1.16763E-03   2.07936E-03   0.00000E+00   1.42455E-02   1.00000E+00   0.00000E+00   1.93789E+00   4.05928E-15            16   7.42485E-10   3.13900E+00
         360   4.32000E+01   1.20000E-01   6.18136E-01   1.16384E-03   2.07114E-03   0.00000E+00   1.46022E-02   1.00000E+00   0.00000E+00   1.93789E+00   3.96759E-15            16   7.19549E-10   3.13878E+00
         361   4.33200E+01   1.20000E-01   6.18136E-01   1.16006E-03   2.06306E-03   0.00000E+00   1.49578E-02   1.00000E+00   0.00000E+00   1.93789E+00   3.85748E-15            16   6.98719E-10   3.13856E+00
         362   4.34400E+01   1.20000E-01   6.18136E-01   1.15628E-03   2.05511E-03   0.00000E+00   1.53123E-02   1.00000E+00   0.00000E+00   1.93789E+00   3.74286E-15            16   6.78425E-10   3.13834E+00
         363   4.35600E+01   1.20000E-01   6.18136E-01   1.15250E-03   2.04727E-03   0.00000E+00   1.56658E-02   1.00000E+00   0.00000E+00   1.93789E+00   3.62875E-15            16   6.58828E-10   3.13812E+00
         364   4.36800E+01   1.20000E-01   6.18136E-01   1.14871E-03   2.03955E-03   0.00000E+00   1.60187E-02   1.00000E+00   0.00000E+00   1.93789E+00   3.50637E-15            16   6.39135E-10   3.13791E+00
         365   4.38000E+01   1.20000E-01   6.18136E-01   1.14492E-03   2.03193E-03   0.00000E+00   1.63706E-02   1.00000E+00   0.00000E+00   1.93789E+00   3.40264E-15            16   6.22136E-10   3.13769E+00
         366   4.39200E+01   1.20000E-01   6.18136E-01   1.14112E-03   2.02439E-03   0.00000E+00   1.67215E-02   1.00000E+00   0.00000E+00   1.93789E+00   3.30889E-15            16   6.04456E-10   3.13747E+00
         367   4.40400E+01   1.20000E-01   6.18136E-01   1.13732E-03   2.01694E-03   0.00000E+00   1.70712E-02   1.00000E+00   0.00000E+00   1.93789E+00   3.22116E-15            16   5.87055E-10   3.13726E+00
         368   4.41600E+01   1.20000E-01   6.18136E-01   1.13350E-03   2.00957E-03   0.00000E+00   1.74199E-02   1.00000E+00   0.00000E+00   1.93789E+00   3.14007E-15            16   5.69709E-10   3.13704E+00
         369   4.42800E+01   1.20000E-01   6.18136E-01   1.12968E-03   2.00227E-03   0.00000E+00   1.77671E-02   1.00000E+00   0.00000E+00   1.93789E+00   3.06219E-15            16   5.53737E-10   3.13683E+00
         370   4.44000E+01   1.20000E-01   6.18136E-01   1.12585E-03   1.99504E-03   0.00000E+00   1.81135E-02   1.00000E+00   0.00000E+00   1.93789E+00   2.96990E-15            16   5.36979E-10   3.13661E+00
         371   4.45200E+01   1.20000E-01   6.18136E-01   1.12200E-03   1.98787E-03   0.00000E+00   1.84586E-02   1.00000E+00   0.00000E+00   1.93789E+00   2.86567E-15            16   5.21438E-10   3.13640E+00
         372   4.46400E+01   1.20000E-01   6.18136E-01   1.11815E-03   1.98075E-03   0.00000E+00   1.88025E-02   1.00000E+00   0.00000E+00   1.93789E+00   2.75299E-15            16   5.06874E-10   3.13618E+00
         373   4.47600E+01   1.20000E-01   6.18136E-01   1.11428E-03   1.97369E-03   0.00000E+00   1.91452E-02   1.00000E+00   0.00000E+00   1.93789E+00   2.67009E-15            16   4.94256E-10   3.13597E+00
         374   4.48800E+01   1.20000E-01   6.18136E-01   1.11040E-03   1.96668E-03   0.00000E+00   1.94865E-02   1.00000E+00   0.00000E+00   1.93789E+00   2.63536E-15            16   4.83541E-10   3.13576E+00
         375   4.50000E+01   1.20000E-01   6.18136E-01   1.10651E-03   1.95971E-03   0.00000E+00   1.98265E-02   1.00000E+00   0.00000E+00   1.93789E+00   2.61937E-15            16   4.74461E-10   3.13555E+00
         376   4.51200E+01   1.20000E-01   6.18136E-01   1.10260E-03   1.95278E-03   0.00000E+00   2.01651E-02   1.00000E+00   0.00000E+00   1.93789E+00   2.61150E-15            16   4.66726E-10   3.13534E+00
         377   4.52400E+01   1.20000E-01   6.18136E-01   1.09868E-03   1.94589E-03   0.00000E+00   2.05024E-02   1.00000E+00   0.00000E+00   1.93789E+00   2.60380E-15            16   4.60228E-10   3.13512E+00
         378   4.53600E+01   1.20000E-01   6.18136E-01   1.09475E-03   1.93904E-03   0.00000E+00   2.08381E-02   1.00000E+00   0.00000E+00   1.93789E+00   2.57886E-15            16   4.54563E-10   3.13491E+00
         379   4.54800E+01   1.20000E-01   6.18136E-01   1.09080E-03   1.93221E-03   0.00000E+00   2.11725E-02   1.00000E+00   0.00000E+00   1.93789E+00   2.55881E-15            16   4.49848E-10   3.13470E+00
         380   4.56000E+01   1.20000E-01   6.18136E-01   1.08684E-03   1.92542E-03   0.00000E+00   2.15053E-02   1.00000E+00   0.00000E+00   1.93789E+00   2.53075E-15            16   4.46041E-10   3.13449E+00
         381   4.57200E+01   1.20000E-01   6.18136E-01   1.08286E-03   1.91865E-03   0.00000E+00   2.18365E-02   1.00000E+00   0.00000E+00   1.93789E+00   2.50209E-15            16   4.43180E-10   3.13429E+00
         382   4.58400E+01   1.20000E-01   6.18136E-01   1.07887E-03   1.91191E-03   0.00000E+00   2.21666E-02   1.00000E+00   0.00000E+00   1.93789E+00   2.47697E-15            16   4.40869E-10   3.13408E+00
         383   4.59600E+01   1.20000E-01   6.18136E-01   1.07487E-03   1.90519E-03   0.00000E+00   2.24949E-02   1.00000E+00   0.00000E+00   1.93789E+00   2.45875E-15            16   4.39726E-10   3.13387E+00
         384   4.60800E+01   1.20000E-01   6.18136E-01   1.07085E-03   1.89849E-03   0.00000E+00   2.28217E-02   1.00000E+00   0.00000E+00   1.93789E+00   2.44702E-15            16   4.39353E-10   3.13366E+00
         385   4.62000E+01   1.20000E-01   6.18136E-01   1.06681E-03   1.89181E-03   0.00000E+00   2.31469E-02   1.00000E+00   0.00000E+00   1.93789E+00   2.44685E-15            16   4.39655E-10   3.13346E+00
         386   4.63200E+01   1.20000E-01   6.18136E-01   1.06276E-03   1.88514E-03   0.00000E+00   2.34706E-02   1.00000E+00   0.00000E+00   1.93789E+00   2.44906E-15            16   4.40619E-10   3.13325E+00
         387   4.64400E+01   1.20000E-01   6.18136E-01   1.05870E-03   1.87848E-03   0.00000E+00   2.37926E-02   1.00000E+00   0.00000E+00   1.93789E+00   2.45281E-15            16   4.42032E-10   3.13305E+00
         388   4.65600E+01   1.20000E-01   6.18136E-01   1.05512E-03   1.87184E-03   0.00000E+00   2.41131E-02   1.00000E+00   0.00000E+00   1.93789E+00   2.46020E-15            16   4.43601E-10   3.13284E+00
         389   4.66800E+01   1.20000E-01   6.18136E-01   1.05162E-03   1.86521E-03   0.00000E+00   2.44320E-02   1.00000E+00   0.00000E+00   1.93789E+00   2.46294E-15            16   4.45854E-10   3.13264E+00
         390   4.68000E+01   1.20000E-01   6.18136E-01   1.04810E-03   1.85858E-03   0.00000E+00   2.47493E-02   1.00000E+00   0.00000E+00   1.93789E+00   2.46983E-15            16   4.48387E-10   3.13243E+00
         391   4.69200E+01   1.20000E-01   6.18136E-01   1.04456E-03   1.85196E-03   0.00000E+00   2.50650E-02   1.00000E+00   0.00000E+00   1.93789E+00   2.48085E-15            16   4.51107E-10   3.13223E+00
         392   4.70400E+01   1.20000E-01   6.18136E-01   1.04100E-03   1.84535E-03   0.00000E+00   2.53791E-02   1.00000E+00   0.00000E+00   1.93789E+00   2.49264E-15            16   4.54080E-10   3.13203E+00
         393   4.71600E+01   1.20000E-01   6.18136E-01   1.03743E-03   1.83874E-03   0.00000E+00   2.56916E-02   1.00000E+00   0.00000E+00   1.93789E+00   2.50767E-15            16   4.57101E-10   3.13183E+00
         394   4.72800E+01   1.20000E-01   6.18136E-01   1.03384E-03   1.83214E-03   0.00000E+00   2.60025E-02   1.00000E+00   0.00000E+00   1.93789E+00   2.52775E-15            16   4.60143E-10   3.13163E+00
         395   4.74000E+01   1.20000E-01   6.18136E-01   1.03024E-03   1.82553E-03   0.00000E+00   2.63117E-02   1.00000E+00   0.00000E+00   1.93789E+00   2.55392E-15            16   4.63330E-10   3.13143E+00
         396   4.75200E+01   1.20000E-01   6.18136E-01   1.02661E-03   1.81893E-03   0.00000E+00   2.66193E-02   1.00000E+00   0.00000E+00   1.93789E+00   2.57813E-15            16   4.66642E-10   3.13123E+00
         397   4.76400E+01   1.20000E-01   6.18136E-01   1.02297E-03   1.81232E-03   0.00000E+00   2.69252E-02   1.00000E+00   0.00000E+00   1.93789E+00   2.60606E-15            16   4.69865E-10   3.13103E+00
         398   4.77600E+01   1.20000E-01   6.18136E-01   1.01932E-03   1.80572E-03   0.00000E+00   2.72295E-02   1.00000E+00   0.00000E+00   1.93789E+00   2.63243E-15            16   4.72906E-10   3.13083E+00
         399   4.78800E+01   1.20000E-01   6.18136E-01   1.01564E-03   1.79911E-03   0.00000E+00   2.75321E-02   1.00000E+00   0.00000E+00   1.93789E+00   2.65706E-15            16   4.75891E-10   3.13063E+00
         400   4.80000E+01   1.20000E-01   6.18136E-01   1.01195E-03   1.79250E-03   0.00000E+00   2.78330E-02   1.00000E+00   0.00000E+00   1.93789E+00   2.68369E-15            16   4.78836E-10   3.13043E+00
         401   4.81200E+01   1.20000E-01   6.18136E-01   1.00824E-03   1.78588E-03   0.00000E+00   2.81323E-02   1.00000E+00   0.00000E+00   1.93789E+00   2.70355E-15            16   4.81741E-10   3.13024E+00
         402   4.82400E+01   1.20000E-01   6.18136E-01   1.00452E-03   1.77925E-03   0.00000E+00   2.84299E-02   1.00000E+00   0.00000E+00   1.93789E+00   2.73124E-15            16   4.84323E-10   3.13004E+00
         403   4.83600E+01   1.20000E-01   6.18136E-01   1.00078E-03   1.77262E-03   0.00000E+00   2.87258E-02   1.00000E+00   0.00000E+00   1.93789E+00   2.75808E-15            16   4.86900E-10   3.12984E+00
         404   4.84800E+01   1.20000E-01   6.18136E-01   9.97018E-04   1.76598E-03   0.00000E+00   2.90201E-02   1.00000E+00   0.00000E+00   1.93789E+00   2.78361E-15            16   4.89280E-10   3.12965E+00
         405   4.86000E+01   1.20000E-01   6.18136E-01   9.93244E-04   1.75934E-03   0.00000E+00   2.93126E-02   1.00000E+00   0.00000E+00   1.93789E+00   2.80748E-15            16   4.90852E-10   3.12946E+00
         406   4.87200E+01   1.20000E-01   6.18136E-01   9.89453E-04   1.75268E-03   0.00000E+00   2.96034E-02   1.00000E+00   0.00000E+00   1.93789E+00   2.83839E-15            16   4.94547E-10   3.12926E+00
         407   4.88400E+01   1.20000E-01   6.18136E-01   9.85646E-04   1.74602E-03   0.00000E+00   2.98928E-02   1.00000E+00   0.00000E+00   1.93789E+00   2.86331E-15            16   4.95995E-10   3.12907E+00
         408   4.89600E+01   1.20000E-01   6.18136E-01   9.81822E-04   1.73935E-03   0.00000E+00   3.01801E-02   1.00000E+00   0.00000E+00   1.93789E+00   2.88862E-15            16   4.97932E-10   3.12888E+00
         409   4.90800E+01   1.20000E-01   6.18136E-01   9.77983E-04   1.73266E-03   0.00000E+00   3.04660E-02   1.00000E+00   0.00000E+00   1.93789E+00   2.91144E-15            16   4.99720E-10   3.12869E+00
         410   4.92000E+01   1.20000E-01   6.18136E-01   9.74127E-04   1.72596E-03   0.00000E+00   3.07499E-02   1.00000E+00   0.00000E+00   1.93789E+00   2.93970E-15            16   5.01383E-10   3.12850E+00
         411   4.93200E+01   1.20000E-01   6.18136E-01   9.70256E-04   1.71925E-03   0.00000E+00   3.10322E-02   1.00000E+00   0.00000E+00   1.93789E+00   2.96165E-15            16   5.02886E-10   3.12831E+00
         412   4.94400E+01   1.20000E-01   6.18136E-01   9.66368E-04   1.71253E-03   0.00000E+00   3.13125E-02   1.00000E+00   0.00000E+00   1.93789E+00   2.98528E-15            16   5.04287E-10   3.12812E+00
         413   4.95600E+01   1.20000E-01   6.18136E-01   9.62465E-04   1.70580E-03   0.00000E+00   3.15912E-02   1.00000E+00   0.00000E+00   1.93789E+00   3.00895E-15            16   5.05524E-10   3.12793E+00
         414   4.96800E+01   1.20000E-01   6.18136E-01   9.58546E-04   1.69905E-03   0.00000E+00   3.18679E-02   1.00000E+00   0.00000E+00   1.93789E+00   3.03015E-15            16   5.06655E-10   3.12774E+00
         415   4.98000E+01   1.20000E-01   6.18136E-01   9.54612E-04   1.69229E-03   0.00000E+00   3.21431E-02   1.00000E+00   0.00000E+00   1.93789E+00   3.05667E-15            16   5.07666E-10   3.12755E+00
         416   4.99200E+01   1.20000E-01   6.18136E-01   9.50662E-04   1.68551E-03   0.00000E+00   3.24162E-02   1.00000E+00   0.00000E+00   1.93789E+00   3.07861E-15            16   5.08530E-10   3.12737E+00
         417   5.00400E+01   1.20000E-01   6.18136E-01   9.46697E-04   1.67872E-03   0.00000E+00   3.26878E-02   1.00000E+00   0.00000E+00   1.93789E+00   3.10066E-15            16   5.09287E-10   3.12718E+00
         418   5.01600E+01   1.20000E-01   6.18136E-01   9.42717E-04   1.67192E-03   0.00000E+00   3.29574E-02   1.00000E+00   0.00000E+00   1.93789E+00   3.12240E-15            16   5.09904E-10   3.12700E+00
         419   5.02800E+01   1.20000E-01   6.18136E-01   9.38721E-04   1.66509E-03   0.00000E+00   3.32254E-02   1.00000E+00   0.00000E+00   1.93789E+00   3.14641E-15            16   5.10438E-10   3.12681E+00
         420   5.04000E+01   1.20000E-01   6.18136E-01   9.34711E-04   1.65834E-03   0.00000E+00   3.34915E-02   1.00000E+00   0.00000E+00   1.93789E+00   3.16754E-15            16   5.10834E-10   3.12663E+00
         421   5.05200E+01   1.20000E-01   6.18136E-01   9.30686E-04   1.65167E-03   0.00000E+00   3.37559E-02   1.00000E+00   0.00000E+00   1.93789E+00   3.18740E-15            16   5.11120E-10   3.12645E+00
         422   5.06400E+01   1.20000E-01   6.18136E-01   9.26646E-04   1.64500E-03   0.00000E+00   3.40184E-02   1.00000E+00   0.00000E+00   1.93789E+00   3.21094E-15            16   5.11300E-10   3.12626E+00
         423   5.07600E+01   1.20000E-01   6.18136E-01   9.23039E-04   1.63831E-03   0.00000E+00   3.42793E-02   1.00000E+00   0.00000E+00   1.93789E+00   3.23034E-15            16   5.11390E-10   3.12608E+00
         424   5.08800E+01   1.20000E-01   6.18136E-01   9.19481E-04   1.63160E-03   0.00000E+00   3.45383E-02   1.00000E+00   0.00000E+00   1.93789E+00   3.24980E-15            16   5.11365E-10   3.12590E+00
         425   5.10000E+01   1.20000E-01   6.18136E-01   9.15908E-04   1.62488E-03   0.00000E+00   3.47956E-02   1.00000E+00   0.00000E+00   1.93789E+00   3.26996E-15            16   5.11247E-10   3.12572E+00
         426   5.11200E+01   1.20000E-01   6.18136E-01   9.12319E-04   1.61815E-03   0.00000E+00   3.50511E-02   1.00000E+00   0.00000E+00   1.93789E+00   3.28960E-15            16   5.11050E-10   3.12554E+00
         427   5.12400E+01   1.20000E-01   6.18136E-01   9.08714E-04   1.61140E-03   0.00000E+00   3.53048E-02   1.00000E+00   0.00000E+00   1.93789E+00   3.30957E-15            16   5.10776E-10   3.12536E+00
         428   5.13600E+01   1.20000E-01   6.18136E-01   9.05093E-04   1.60463E-03   0.00000E+00   3.55568E-02   1.00000E+00   0.00000E+00   1.93789E+00   3.32867E-15            16   5.10437E-10   3.12519E+00
         429   5.14800E+01   1.20000E-01   6.18136E-01   9.01457E-04   1.59785E-03   0.00000E+00   3.58071E-02   1.00000E+00   0.00000E+00   1.93789E+00   3.34619E-15            16   5.10019E-10   3.12501E+00
         430   5.16000E+01   1.20000E-01   6.18136E-01   8.97806E-04   1.59105E-03   0.00000E+00   3.60559E-02   1.00000E+00   0.00000E+00   1.93789E+00   3.36388E-15            16   5.09536E-10   3.12483E+00
         431   5.17200E+01   1.20000E-01   6.18136E-01   8.94140E-04   1.58424E-03   0.00000E+00   3.63027E-02   1.00000E+00   0.00000E+00   1.93789E+00   3.37538E-15            16   5.08960E-10   3.12466E+00
         432   5.18400E+01   1.20000E-01   6.18136E-01   8.90458E-04   1.57740E-03   0.00000E+00   3.65479E-02   1.00000E+00   0.00000E+00   1.93789E+00   3.38731E-15            16   5.08297E-10   3.12448E+00
         433   5.19600E+01   1.20000E-01   6.18136E-01   8.86762E-04   1.57056E-03   0.00000E+00   3.67914E-02   1.00000E+00   0.00000E+00   1.93789E+00   3.40124E-15            16   5.07631E-10   3.12431E+00
         434   5.20800E+01   1.20000E-01   6.18136E-01   8.83050E-04   1.56369E-03   0.00000E+00   3.70331E-02   1.00000E+00   0.00000E+00   1.93789E+00   3.41762E-15            16   5.06865E-10   3.12414E+00
         435   5.22000E+01   1.20000E-01   6.18136E-01   8.79324E-04   1.55681E-03   0.00000E+00   3.72730E-02   1.00000E+00   0.00000E+00   1.93789E+00   3.42972E-15            16   5.06063E-10   3.12396E+00
         436   5.23200E+01   1.20000E-01   6.18136E-01   8.75583E-04   1.54992E-03   0.00000E+00   3.75114E-02   1.00000E+00   0.00000E+00   1.93789E+00   3.44105E-15            16   5.05231E-10   3.12379E+00
         437   5.24400E+01   1.20000E-01   6.18136E-01   8.71828E-04   1.54300E-03   0.00000E+00   3.77477E-02   1.00000E+00   0.00000E+00   1.93789E+00   3.45162E-15            16   5.04352E-10   3.12362E+00
         438   5.25600E+01   1.20000E-01   6.18136E-01   8.68059E-04   1.53607E-03   0.00000E+00   3.79825E-02   1.00000E+00   0.00000E+00   1.93789E+00   3.46971E-15            16   5.03406E-10   3.12345E+00
         439   5.26800E+01   1.20000E-01   6.18136E-01   8.64275E-04   1.52912E-03   0.00000E+00   3.82156E-02   1.00000E+00   0.00000E+00   1.93789E+00   3.47634E-15            16   5.02454E-10   3.12328E+00
         440   5.28000E+01   1.20000E-01   6.18136E-01   8.60476E-04   1.52216E-03   0.00000E+00   3.84470E-02   1.00000E+00   0.00000E+00   1.93789E+00   3.49408E-15            16   5.01423E-10   3.12311E+00
         441   5.29200E+01   1.20000E-01   6.18136E-01   8.56664E-04   1.51517E-03   0.00000E+00   3.86765E-02   1.00000E+00   0.00000E+00   1.93789E+00   3.50342E-15            16   5.00387E-10   3.12295E+00
         442   5.30400E+01   1.20000E-01   6.18136E-01   8.52838E-04   1.50817E-03   0.00000E+00   3.89044E-02   1.00000E+00   0.00000E+00   1.93789E+00   3.51665E-15            16   4.99277E-10   3.12278E+00
         443   5.31600E+01   1.20000E-01   6.18136E-01   8.48998E-04   1.50116E-03   0.00000E+00   3.91306E-02   1.00000E+00   0.00000E+00   1.93789E+00   3.52752E-15            16   4.98194E-10   3.12261E+00
         444   5.32800E+01   1.20000E-01   6.18136E-01   8.45144E-04   1.49412E-03   0.00000E+00   3.93552E-02   1.00000E+00   0.00000E+00   1.93789E+00   3.54334E-15            16   4.97058E-10   3.12245E+00
         445   5.34000E+01   1.20000E-01   6.18136E-01   8.41277E-04   1.48707E-03   0.00000E+00   3.95782E-02   1.00000E+00   0.00000E+00   1.93789E+00   3.55717E-15            16   4.95921E-10   3.12228E+00
         446   5.35200E+01   1.20000E-01   6.18136E-01   8.37396E-04   1.48001E-03   0.00000E+00   3.97995E-02   1.00000E+00   0.00000E+00   1.93789E+00   3.56804E-15            16   4.94698E-10   3.12212E+00
         447   5.36400E+01   1.20000E-01   6.18136E-01   8.33502E-04   1.47292E-03   0.00000E+00   4.00192E-02   1.00000E+00   0.00000E+00   1.93789E+00   3.58420E-15            16   4.93485E-10   3.12196E+00
         448   5.37600E+01   1.20000E-01   6.18136E-01   8.29595E-04   1.46582E-03   0.00000E+00   4.02372E-02   1.00000E+00   0.00000E+00   1.93789E+00   3.58609E-15            16   4.92238E-10   3.12180E+00
         449   5.38800E+01   1.20000E-01   6.18136E-01   8.25675E-04   1.45870E-03   0.00000E+00   4.04536E-02   1.00000E+00   0.00000E+00   1.93789E+00   3.60276E-15            16   4.90966E-10   3.12164E+00
         450   5.40000E+01   1.20000E-01   6.18136E-01   8.21741E-04   1.45156E-03   0.00000E+00   4.06683E-02   1.00000E+00   0.00000E+00   1.93789E+00   3.59967E-15            16   4.89669E-10   3.12148E+00
         451   5.41200E+01   1.20000E-01   6.18136E-01   8.17795E-04   1.44441E-03   0.00000E+00   4.08814E-02   1.00000E+00   0.00000E+00   1.93789E+00   3.61419E-15            16   4.88312E-10   3.12132E+00
         452   5.42400E+01   1.20000E-01   6.18136E-01   8.13836E-04   1.43724E-03   0.00000E+00   4.10928E-02   1.00000E+00   0.00000E+00   1.93789E+00   3.61462E-15            16   4.86994E-10   3.12116E+00
         453   5.43600E+01   1.20000E-01   6.18136E-01   8.09864E-04   1.43006E-03   0.00000E+00   4.13027E-02   1.00000E+00   0.00000E+00   1.93789E+00   3.62370E-15            16   4.85626E-10   3.12100E+00
         454   5.44800E+01   1.20000E-01   6.18136E-01   8.05880E-04   1.42286E-03   0.00000E+00   4.15109E-02   1.00000E+00   0.00000E+00   1.93789E+00   3.62943E-15            16   4.84343E-10   3.12084E+00
         455   5.46000E+01   1.20000E-01   6.18136E-01   8.02320E-04   1.41564E-03   0.00000E+00   4.17175E-02   1.00000E+00   0.00000E+00   1.93789E+00   3.64464E-15            16   4.82912E-10   3.12069E+00
         456   5.47200E+01   1.20000E-01   6.18136E-01   7.98769E-04   1.40840E-03   0.00000E+00   4.19224E-02   1.00000E+00   0.00000E+00   1.93789E+00   3.64518E-15            16   4.81505E-10   3.12053E+00
         457   5.48400E+01   1.20000E-01   6.18136E-01   7.95205E-04   1.40115E-03   0.00000E+00   4.21258E-02   1.00000E+00   0.00000E+00   1.93789E+00   3.65660E-15            16   4.80053E-10   3.12038E+00
         458   5.49600E+01   1.20000E-01   6.18136E-01   7.91628E-04   1.39388E-03   0.00000E+00   4.23276E-02   1.00000E+00   0.00000E+00   1.93789E+00   3.66746E-15            16   4.78599E-10   3.12023E+00
         459   5.50800E+01   1.20000E-01   6.18136E-01   7.88038E-04   1.38660E-03   0.00000E+00   4.25278E-02   1.00000E+00   0.00000E+00   1.93789E+00   3.66366E-15            16   4.77173E-10   3.12007E+00
         460   5.52000E+01   1.20000E-01   6.18136E-01   7.84435E-04   1.37930E-03   0.00000E+00   4.27263E-02   1.00000E+00   0.00000E+00   1.93789E+00   3.68172E-15            16   4.75712E-10   3.11992E+00
         461   5.53200E+01   1.20000E-01   6.18136E-01   7.80819E-04   1.37198E-03   0.00000E+00   4.29233E-02   1.00000E+00   0.00000E+00   1.93789E+00   3.68216E-15            16   4.74253E-10   3.11977E+00
         462   5.54400E+01   1.20000E-01   6.18136E-01   7.77191E-04   1.36465E-03   0.00000E+00   4.31187E-02   1.00000E+00   0.00000E+00   1.93789E+00   3.69721E-15            16   4.72873E-10   3.11962E+00
         463   5.55600E+01   1.20000E-01   6.18136E-01   7.73551E-04   1.35731E-03   0.00000E+00   4.33126E-02   1.00000E+00   0.00000E+00   1.93789E+00   3.69962E-15            16   4.71406E-10   3.11947E+00
         464   5.56800E+01   1.20000E-01   6.18136E-01   7.69898E-04   1.34994E-03   0.00000E+00   4.35048E-02   1.00000E+00   0.00000E+00   1.93789E+00   3.70504E-15            16   4.69937E-10   3.11932E+00
         465   5.58000E+01   1.20000E-01   6.18136E-01   7.66233E-04   1.34257E-03   0.00000E+00   4.36955E-02   1.00000E+00   0.00000E+00   1.93789E+00   3.70793E-15            16   4.68453E-10   3.11918E+00
         466   5.59200E+01   1.20000E-01   6.18136E-01   7.62556E-04   1.33518E-03   0.00000E+00   4.38846E-02   1.00000E+00   0.00000E+00   1.93789E+00   3.71638E-15            16   4.66959E-10   3.11903E+00
         467   5.60400E+01   1.20000E-01   6.18136E-01   7.58866E-04   1.32777E-03   0.00000E+00   4.40721E-02   1.00000E+00   0.00000E+00   1.93789E+00   3.71659E-15            16   4.65451E-10   3.11889E+00
         468   5.61600E+01   1.20000E-01   6.18136E-01   7.55165E-04   1.32035E-03   0.00000E+00   4.42580E-02   1.00000E+00   0.00000E+00   1.93789E+00   3.71760E-15            16   4.63966E-10   3.11874E+00
         469   5.62800E+01   1.20000E-01   6.18136E-01   7.51452E-04   1.31291E-03   0.00000E+00   4.44423E-02   1.00000E+00   0.00000E+00   1.93789E+00   3.72670E-15            16   4.62448E-10   3.11860E+00
         470   5.64000E+01   1.20000E-01   6.18136E-01   7.47728E-04   1.30546E-03   0.00000E+00   4.46250E-02   1.00000E+00   0.00000E+00   1.93789E+00   3.72592E-15            16   4.60940E-10   3.11846E+00
         471   5.65200E+01   1.20000E-01   6.18136E-01   7.43992E-04   1.29800E-03   0.00000E+00   4.48062E-02   1.00000E+00   0.00000E+00   1.93789E+00   3.72883E-15            16   4.59442E-10   3.11831E+00
         472   5.66400E+01   1.20000E-01   6.18136E-01   7.40244E-04   1.29052E-03   0.00000E+00   4.49857E-02   1.00000E+00   0.00000E+00   1.93789E+00   3.73172E-15            16   4.57932E-10   3.11817E+00
         473   5.67600E+01   1.20000E-01   6.18136E-01   7.36486E-04   1.28302E-03   0.00000E+00   4.51637E-02   1.00000E+00   0.00000E+00   1.93789E+00   3.74081E-15            16   4.56335E-10   3.11803E+00
         474   5.68800E+01   1.20000E-01   6.18136E-01   7.32716E-04   1.27562E-03   0.00000E+00   4.53401E-02   1.00000E+00   0.00000E+00   1.93789E+00   3.73759E-15            16   4.54865E-10   3.11789E+00
         475   5.70000E+01   1.20000E-01   6.18136E-01   7.28935E-04   1.26851E-03   0.00000E+00   4.55150E-02   1.00000E+00   0.00000E+00   1.93789E+00   3.74891E-15            16   4.53355E-10   3.11776E+00
         476   5.71200E+01   1.20000E-01   6.18136E-01   7.25143E-04   1.26138E-03   0.00000E+00   4.56882E-02   1.00000E+00   0.00000E+00   1.93789E+00   3.74740E-15            16   4.51872E-10   3.11762E+00
         477   5.72400E+01   1.20000E-01   6.18136E-01   7.21340E-04   1.25423E-03   0.00000E+00   4.58600E-02   1.00000E+00   0.00000E+00   1.93789E+00   3.75146E-15            16   4.50380E-10   3.11748E+00
         478   5.73600E+01   1.20000E-01   6.18136E-01   7.17526E-04   1.24708E-03   0.00000E+00   4.60301E-02   1.00000E+00   0.00000E+00   1.93789E+00   3.75012E-15            16   4.48886E-10   3.11735E+00
         479   5.74800E+01   1.20000E-01   6.18136E-01   7.13702E-04   1.23991E-03   0.00000E+00   4.61988E-02   1.00000E+00   0.00000E+00   1.93789E+00   3.75402E-15            16   4.47409E-10   3.11721E+00
         480   5.76000E+01   1.20000E-01   6.18136E-01   7.09867E-04   1.23273E-03   0.00000E+00   4.63658E-02   1.00000E+00   0.00000E+00   1.93789E+00   3.75230E-15            16   4.45948E-10   3.11708E+00
         481   5.77200E+01   1.20000E-01   6.18136E-01   7.06022E-04   1.22554E-03   0.00000E+00   4.65313E-02   1.00000E+00   0.00000E+00   1.93789E+00   3.75448E-15            16   4.44481E-10   3.11695E+00
         482   5.78400E+01   1.20000E-01   6.18136E-01   7.02166E-04   1.21834E-03   0.00000E+00   4.66952E-02   1.00000E+00   0.00000E+00   1.93789E+00   3.74918E-15            16   4.43035E-10   3.11681E+00
         483   5.79600E+01   1.20000E-01   6.18136E-01   6.98301E-04   1.21113E-03   0.00000E+00   4.68576E-02   1.00000E+00   0.00000E+00   1.93789E+00   3.75027E-15            16   4.41537E-10   3.11668E+00
         484   5.80800E+01   1.20000E-01   6.18136E-01   6.94786E-04   1.20390E-03   0.00000E+00   4.70184E-02   1.00000E+00   0.00000E+00   1.93789E+00   3.75112E-15            16   4.40093E-10   3.11655E+00
         485   5.82000E+01   1.20000E-01   6.18136E-01   6.91316E-04   1.19666E-03   0.00000E+00   4.71776E-02   1.00000E+00   0.00000E+00   1.93789E+00   3.74605E-15            16   4.38661E-10   3.11642E+00
         486   5.83200E+01   1.20000E-01   6.18136E-01   6.87835E-04   1.18941E-03   0.00000E+00   4.73353E-02   1.00000E+00   0.00000E+00   1.93789E+00   3.75164E-15            16   4.37186E-10   3.11630E+00
         487   5.84400E+01   1.20000E-01   6.18136E-01   6.84344E-04   1.18215E-03   0.00000E+00   4.74914E-02   1.00000E+00   0.00000E+00   1.93789E+00   3.74371E-15            16   4.35845E-10   3.11617E+00
         488   5.85600E+01   1.20000E-01   6.18136E-01   6.80842E-04   1.17488E-03   0.00000E+00   4.76459E-02   1.00000E+00   0.00000E+00   1.93789E+00   3.74869E-15            16   4.34451E-10   3.11604E+00
         489   5.86800E+01   1.20000E-01   6.18136E-01   6.77331E-04   1.16760E-03   0.00000E+00   4.77989E-02   1.00000E+00   0.00000E+00   1.93789E+00   3.74340E-15            16   4.33057E-10   3.11592E+00
         490   5.88000E+01   1.20000E-01   6.18136E-01   6.73809E-04   1.16031E-03   0.00000E+00   4.79503E-02   1.00000E+00   0.00000E+00   1.93789E+00   3.74615E-15            16   4.31579E-10   3.11579E+00
         491   5.89200E+01   1.20000E-01   6.18136E-01   6.70277E-04   1.15301E-03   0.00000E+00   4.81001E-02   1.00000E+00   0.00000E+00   1.93789E+00   3.74189E-15            16   4.30179E-10   3.11567E+00
         492   5.90400E+01   1.20000E-01   6.18136E-01   6.66735E-04   1.14569E-03   0.00000E+00   4.82484E-02   1.00000E+00   0.00000E+00   1.93789E+00   3.74290E-15            16   4.28815E-10   3.11555E+00
         493   5.91600E+01   1.20000E-01   6.18136E-01   6.63184E-04   1.13837E-03   0.00000E+00   4.83951E-02   1.00000E+00   0.00000E+00   1.93789E+00   3.73597E-15            16   4.27441E-10   3.11543E+00
         494   5.92800E+01   1.20000E-01   6.18136E-01   6.59623E-04   1.13104E-03   0.00000E+00   4.85402E-02   1.00000E+00   0.00000E+00   1.93789E+00   3.73772E-15            16   4.26086E-10   3.11531E+00
         495   5.94000E+01   1.20000E-01   6.18136E-01   6.56053E-04   1.12370E-03   0.00000E+00   4.86837E-02   1.00000E+00   0.00000E+00   1.93789E+00   3.73045E-15            16   4.24712E-10   3.11519E+00
         496   5.95200E+01   1.20000E-01   6.18136E-01   6.52473E-04   1.11634E-03   0.00000E+00   4.88257E-02   1.00000E+00   0.00000E+00   1.93789E+00   3.73200E-15            16   4.23384E-10   3.11507E+00
         497   5.96400E+01   1.20000E-01   6.18136E-01   6.48884E-04   1.10898E-03   0.00000E+00   4.89662E-02   1.00000E+00   0.00000E+00   1.93789E+00   3.72656E-15            16   4.22039E-10   3.11495E+00
         498   5.97600E+01   1.20000E-01   6.18136E-01   6.45285E-04   1.10161E-03   0.00000E+00   4.91050E-02   1.00000E+00   0.00000E+00   1.93789E+00   3.72372E-15            16   4.20794E-10   3.11483E+00
         499   5.98800E+01   1.20000E-01   6.18136E-01   6.41678E-04   1.09423E-03   0.00000E+00   4.92423E-02   1.00000E+00   0.00000E+00   1.93789E+00   3.71953E-15            16   4.19480E-10   3.11472E+00
         500   6.00000E+01   1.20000E-01   6.18136E-01   6.38061E-04   1.08684E-03   0.00000E+00   4.93780E-02   1.00000E+00   0.00000E+00   1.93789E+00   3.71601E-15            16   4.18205E-10   3.11460E+00
         501   6.01200E+01   1.20000E-01   6.18136E-01   6.34436E-04   1.07945E-03   0.00000E+00   4.95121E-02   1.00000E+00   0.00000E+00   1.93789E+00   3.71394E-15            16   4.16973E-10   3.11449E+00
         502   6.02400E+01   1.20000E-01   6.18136E-01   6.30802E-04   1.07204E-03   0.00000E+00   4.96447E-02   1.00000E+00   0.00000E+00   1.93789E+00   3.70625E-15            16   4.15695E-10   3.11437E+00
         503   6.03600E+01   1.20000E-01   6.18136E-01   6.27159E-04   1.06463E-03   0.00000E+00   4.97756E-02   1.00000E+00   0.00000E+00   1.93789E+00   3.70632E-15            16   4.14410E-10   3.11426E+00
         504   6.04800E+01   1.20000E-01   6.18136E-01   6.23508E-04   1.05721E-03   0.00000E+00   4.99051E-02   1.00000E+00   0.00000E+00   1.93789E+00   3.70108E-15            16   4.13179E-10   3.11415E+00
         505   6.06000E+01   1.20000E-01   6.18136E-01   6.19848E-04   1.04978E-03   0.00000E+00   5.00330E-02   1.00000E+00   0.00000E+00   1.93789E+00   3.69659E-15            16   4.11951E-10   3.11404E+00
         506   6.07200E+01   1.20000E-01   6.18136E-01   6.16180E-04   1.04278E-03   0.00000E+00   5.01593E-02   1.00000E+00   0.00000E+00   1.93789E+00   3.68968E-15            16   4.10784E-10   3.11393E+00
         507   6.08400E+01   1.20000E-01   6.18136E-01   6.12503E-04   1.03581E-03   0.00000E+00   5.02841E-02   1.00000E+00   0.00000E+00   1.93789E+00   3.68499E-15            16   4.09597E-10   3.11382E+00
         508   6.09600E+01   1.20000E-01   6.18136E-01   6.08819E-04   1.02882E-03   0.00000E+00   5.04072E-02   1.00000E+00   0.00000E+00   1.93789E+00   3.67895E-15            16   4.08442E-10   3.11372E+00
         509   6.10800E+01   1.20000E-01   6.18136E-01   6.05126E-04   1.02183E-03   0.00000E+00   5.05288E-02   1.00000E+00   0.00000E+00   1.93789E+00   3.67334E-15            16   4.07269E-10   3.11361E+00
         510   6.12000E+01   1.20000E-01   6.18136E-01   6.01426E-04   1.01484E-03   0.00000E+00   5.06490E-02   1.00000E+00   0.00000E+00   1.93789E+00   3.66852E-15            16   4.06104E-10   3.11350E+00
         511   6.13200E+01   1.20000E-01   6.18136E-01   5.98003E-04   1.00783E-03   0.00000E+00   5.07676E-02   1.00000E+00   0.00000E+00   1.93789E+00   3.66324E-15            16   4.04972E-10   3.11340E+00
         512   6.14400E+01   1.20000E-01   6.18136E-01   5.94663E-04   1.00082E-03   0.00000E+00   5.08846E-02   1.00000E+00   0.00000E+00   1.93789E+00   3.65997E-15            16   4.03854E-10   3.11330E+00
         513   6.15600E+01   1.20000E-01   6.18136E-01   5.91315E-04   9.93797E-04   0.00000E+00   5.10000E-02   1.00000E+00   0.00000E+00   1.93789E+00   3.65447E-15            16   4.02754E-10   3.11319E+00
         514   6.16800E+01   1.20000E-01   6.18136E-01   5.87959E-04   9.86771E-04   0.00000E+00   5.11138E-02   1.00000E+00   0.00000E+00   1.93789E+00   3.65225E-15            16   4.01673E-10   3.11309E+00
         515   6.18000E+01   1.20000E-01   6.18136E-01   5.84595E-04   9.79737E-04   0.00000E+00   5.12261E-02   1.00000E+00   0.00000E+00   1.93789E+00   3.64735E-15            16   4.00608E-10   3.11299E+00
         516   6.19200E+01   1.20000E-01   6.18136E-01   5.81224E-04   9.72697E-04   0.00000E+00   5.13369E-02   1.00000E+00   0.00000E+00   1.93789E+00   3.64332E-15            16   3.99569E-10   3.11289E+00
         517   6.20400E+01   1.20000E-01   6.18136E-01   5.77845E-04   9.65651E-04   0.00000E+00   5.14462E-02   1.00000E+00   0.00000E+00   1.93789E+00   3.63280E-15            16   3.98545E-10   3.11279E+00
         518   6.21600E+01   1.20000E-01   6.18136E-01   5.74458E-04   9.58598E-04   0.00000E+00   5.15538E-02   1.00000E+00   0.00000E+00   1.93789E+00   3.62868E-15            16   3.97528E-10   3.11269E+00
         519   6.22800E+01   1.20000E-01   6.18136E-01   5.71064E-04   9.51539E-04   0.00000E+00   5.16599E-02   1.00000E+00   0.00000E+00   1.93789E+00   3.61943E-15            16   3.96570E-10   3.11260E+00
         520   6.24000E+01   1.20000E-01   6.18136E-01   5.67662E-04   9.44474E-04   0.00000E+00   5.17644E-02   1.00000E+00   0.00000E+00   1.93789E+00   3.61359E-15            16   3.95561E-10   3.11250E+00
         521   6.25200E+01   1.20000E-01   6.18136E-01   5.64253E-04   9.37404E-04   0.00000E+00   5.18675E-02   1.00000E+00   0.00000E+00   1.93789E+00   3.60166E-15            16   3.94655E-10   3.11241E+00
         522   6.26400E+01   1.20000E-01   6.18136E-01   5.60837E-04   9.30328E-04   0.00000E+00   5.19689E-02   1.00000E+00   0.00000E+00   1.93789E+00   3.59774E-15            16   3.93685E-10   3.11231E+00
         523   6.27600E+01   1.20000E-01   6.18136E-01   5.57414E-04   9.23246E-04   0.00000E+00   5.20689E-02   1.00000E+00   0.00000E+00   1.93789E+00   3.58657E-15            16   3.92827E-10   3.11222E+00
         524   6.28800E+01   1.20000E-01   6.18136E-01   5.53984E-04   9.16159E-04   0.00000E+00   5.21671E-02   1.00000E+00   0.00000E+00   1.93789E+00   3.58266E-15            16   3.91887E-10   3.11213E+00
         525   6.30000E+01   1.20000E-01   6.18136E-01   5.50547E-04   9.09067E-04   0.00000E+00   5.22639E-02   1.00000E+00   0.00000E+00   1.93789E+00   3.57202E-15            16   3.91070E-10   3.11204E+00
         526   6.31200E+01   1.20000E-01   6.18136E-01   5.47103E-04   9.01970E-04   0.00000E+00   5.23592E-02   1.00000E+00   0.00000E+00   1.93789E+00   3.57033E-15            16   3.90173E-10   3.11195E+00
         527   6.32400E+01   1.20000E-01   6.18136E-01   5.43653E-04   8.94868E-04   0.00000E+00   5.24531E-02   1.00000E+00   0.00000E+00   1.93789E+00   3.56033E-15            16   3.89397E-10   3.11186E+00
         528   6.33600E+01   1.20000E-01   6.18136E-01   5.40196E-04   8.87761E-04   0.00000E+00   5.25452E-02   1.00000E+00   0.00000E+00   1.93789E+00   3.55939E-15            16   3.88533E-10   3.11177E+00
         529   6.34800E+01   1.20000E-01   6.18136E-01   5.36732E-04   8.80650E-04   0.00000E+00   5.26359E-02   1.00000E+00   0.00000E+00   1.93789E+00   3.54859E-15            16   3.87792E-10   3.11168E+00
         530   6.36000E+01   1.20000E-01   6.18136E-01   5.33263E-04   8.73535E-04   0.00000E+00   5.27249E-02   1.00000E+00   0.00000E+00   1.93789E+00   3.54265E-15            16   3.87007E-10   3.11160E+00
         531   6.37200E+01   1.20000E-01   6.18136E-01   5.29787E-04   8.66594E-04   0.00000E+00   5.28126E-02   1.00000E+00   0.00000E+00   1.93789E+00   3.53496E-15            16   3.86231E-10   3.11151E+00
         532   6.38400E+01   1.20000E-01   6.18136E-01   5.26305E-04   8.59970E-04   0.00000E+00   5.28987E-02   1.00000E+00   0.00000E+00   1.93789E+00   3.52984E-15            16   3.85529E-10   3.11143E+00
         533   6.39600E+01   1.20000E-01   6.18136E-01   5.22816E-04   8.53342E-04   0.00000E+00   5.29831E-02   1.00000E+00   0.00000E+00   1.93789E+00   3.52472E-15            16   3.84809E-10   3.11134E+00
         534   6.40800E+01   1.20000E-01   6.18136E-01   5.19322E-04   8.46709E-04   0.00000E+00   5.30660E-02   1.00000E+00   0.00000E+00   1.93789E+00   3.52053E-15            16   3.84104E-10   3.11126E+00
         535   6.42000E+01   1.20000E-01   6.18136E-01   5.15822E-04   8.40072E-04   0.00000E+00   5.31474E-02   1.00000E+00   0.00000E+00   1.93789E+00   3.51976E-15            16   3.83421E-10   3.11118E+00
         536   6.43200E+01   1.20000E-01   6.18136E-01   5.12317E-04   8.33431E-04   0.00000E+00   5.32274E-02   1.00000E+00   0.00000E+00   1.93789E+00   3.51049E-15            16   3.82798E-10   3.11110E+00
         537   6.44400E+01   1.20000E-01   6.18136E-01   5.09001E-04   8.26786E-04   0.00000E+00   5.33059E-02   1.00000E+00   0.00000E+00   1.93789E+00   3.50415E-15            16   3.82171E-10   3.11102E+00
         538   6.45600E+01   1.20000E-01   6.18136E-01   5.05822E-04   8.20137E-04   0.00000E+00   5.33829E-02   1.00000E+00   0.00000E+00   1.93789E+00   3.49863E-15            16   3.81556E-10   3.11094E+00
         539   6.46800E+01   1.20000E-01   6.18136E-01   5.02638E-04   8.13485E-04   0.00000E+00   5.34584E-02   1.00000E+00   0.00000E+00   1.93789E+00   3.49336E-15            16   3.80964E-10   3.11086E+00
         540   6.48000E+01   1.20000E-01   6.18136E-01   4.99447E-04   8.06829E-04   0.00000E+00   5.35326E-02   1.00000E+00   0.00000E+00   1.93789E+00   3.48850E-15            16   3.80391E-10   3.11078E+00
         541   6.49200E+01   1.20000E-01   6.18136E-01   4.96251E-04   8.00170E-04   0.00000E+00   5.36052E-02   1.00000E+00   0.00000E+00   1.93789E+00   3.48396E-15            16   3.79843E-10   3.11071E+00
         542   6.50400E+01   1.20000E-01   6.18136E-01   4.93050E-04   7.93508E-04   0.00000E+00   5.36762E-02   1.00000E+00   0.00000E+00   1.93789E+00   3.47793E-15            16   3.79313E-10   3.11063E+00
         543   6.51600E+01   1.20000E-01   6.18136E-01   4.89843E-04   7.86842E-04   0.00000E+00   5.37457E-02   1.00000E+00   0.00000E+00   1.93789E+00   3.47342E-15            16   3.78807E-10   3.11056E+00
         544   6.52800E+01   1.20000E-01   6.18136E-01   4.86631E-04   7.80174E-04   0.00000E+00   5.38138E-02   1.00000E+00   0.00000E+00   1.93789E+00   3.46743E-15            16   3.78320E-10   3.11049E+00
         545   6.54000E+01   1.20000E-01   6.18136E-01   4.83413E-04   7.73503E-04   0.00000E+00   5.38804E-02   1.00000E+00   0.00000E+00   1.93789E+00   3.46066E-15            16   3.77856E-10   3.11042E+00
         546   6.55200E+01   1.20000E-01   6.18136E-01   4.80190E-04   7.66829E-04   0.00000E+00   5.39454E-02   1.00000E+00   0.00000E+00   1.93789E+00   3.45472E-15            16   3.77410E-10   3.11034E+00
         547   6.56400E+01   1.20000E-01   6.18136E-01   4.76962E-04   7.60153E-04   0.00000E+00   5.40088E-02   1.00000E+00   0.00000E+00   1.93789E+00   3.44705E-15            16   3.76984E-10   3.11027E+00
         548   6.57600E+01   1.20000E-01   6.18136E-01   4.73729E-04   7.53475E-04   0.00000E+00   5.40709E-02   1.00000E+00   0.00000E+00   1.93789E+00   3.44690E-15            16   3.76545E-10   3.11021E+00
         549   6.58800E+01   1.20000E-01   6.18136E-01   4.70492E-04   7.46795E-04   0.00000E+00   5.41314E-02   1.00000E+00   0.00000E+00   1.93789E+00   3.44769E-15            16   3.76130E-10   3.11014E+00
         550   6.60000E+01   1.20000E-01   6.18136E-01   4.67249E-04   7.40112E-04   0.00000E+00   5.41904E-02   1.00000E+00   0.00000E+00   1.93789E+00   3.44187E-15            16   3.75763E-10   3.11007E+00
         551   6.61200E+01   1.20000E-01   6.18136E-01   4.64002E-04   7.33428E-04   0.00000E+00   5.42477E-02   1.00000E+00   0.00000E+00   1.93789E+00   3.44611E-15            16   3.75385E-10   3.11000E+00
         552   6.62400E+01   1.20000E-01   6.18136E-01   4.60750E-04   7.26742E-04   0.00000E+00   5.43039E-02   1.00000E+00   0.00000E+00   1.93789E+00   3.44397E-15            16   3.75028E-10   3.10994E+00
         553   6.63600E+01   1.20000E-01   6.18136E-01   4.57494E-04   7.20055E-04   0.00000E+00   5.43584E-02   1.00000E+00   0.00000E+00   1.93789E+00   3.43607E-15            16   3.74729E-10   3.10987E+00
         554   6.64800E+01   1.20000E-01   6.18136E-01   4.54233E-04   7.13737E-04   0.00000E+00   5.44113E-02   1.00000E+00   0.00000E+00   1.93789E+00   3.44245E-15            16   3.74353E-10   3.10981E+00
         555   6.66000E+01   1.20000E-01   6.18136E-01   4.50968E-04   7.07554E-04   0.00000E+00   5.44627E-02   1.00000E+00   0.00000E+00   1.93789E+00   3.43831E-15            16   3.74120E-10   3.10975E+00
         556   6.67200E+01   1.20000E-01   6.18136E-01   4.47699E-04   7.01369E-04   0.00000E+00   5.45128E-02   1.00000E+00   0.00000E+00   1.93789E+00   3.44075E-15            16   3.73797E-10   3.10969E+00
         557   6.68400E+01   1.20000E-01   6.18136E-01   4.44426E-04   6.95182E-04   0.00000E+00   5.45614E-02   1.00000E+00   0.00000E+00   1.93789E+00   3.43431E-15            16   3.73558E-10   3.10963E+00
         558   6.69600E+01   1.20000E-01   6.18136E-01   4.41148E-04   6.88994E-04   0.00000E+00   5.46084E-02   1.00000E+00   0.00000E+00   1.93789E+00   3.43858E-15            16   3.73260E-10   3.10957E+00
         559   6.70800E+01   1.20000E-01   6.18136E-01   4.46397E-04   6.82804E-04   0.00000E+00   5.46539E-02   1.00000E+00   0.00000E+00   1.93789E+00   3.42976E-15            16   3.73061E-10   3.10951E+00
         560   6.72000E+01   1.20000E-01   6.18136E-01   4.52795E-04   6.76613E-04   0.00000E+00   5.46981E-02   1.00000E+00   0.00000E+00   1.93789E+00   3.43589E-15            16   3.72826E-10   3.10945E+00
         561   6.73200E+01   1.20000E-01   6.18136E-01   4.59196E-04   6.70421E-04   0.00000E+00   5.47409E-02   1.00000E+00   0.00000E+00   1.93789E+00   3.42495E-15            16   3.72637E-10   3.10939E+00
         562   6.74400E+01   1.20000E-01   6.18136E-01   4.65598E-04   6.64228E-04   0.00000E+00   5.47820E-02   1.00000E+00   0.00000E+00   1.93789E+00   3.43365E-15            16   3.72396E-10   3.10934E+00
         563   6.75600E+01   1.20000E-01   6.18136E-01   4.72002E-04   6.58033E-04   0.00000E+00   5.48216E-02   1.00000E+00   0.00000E+00   1.93789E+00   3.42376E-15            16   3.72253E-10   3.10928E+00
         564   6.76800E+01   1.20000E-01   6.18136E-01   4.78408E-04   6.51838E-04   0.00000E+00   5.48601E-02   1.00000E+00   0.00000E+00   1.93789E+00   3.43391E-15            16   3.72039E-10   3.10923E+00
         565   6.78000E+01   1.20000E-01   6.18136E-01   4.84815E-04   6.45643E-04   0.00000E+00   5.48970E-02   1.00000E+00   0.00000E+00   1.93789E+00   3.42305E-15            16   3.71931E-10   3.10918E+00
         566   6.79200E+01   1.20000E-01   6.18136E-01   4.91224E-04   6.39447E-04   0.00000E+00   5.49324E-02   1.00000E+00   0.00000E+00   1.93789E+00   3.43843E-15            16   3.71738E-10   3.10913E+00
         567   6.80400E+01   1.20000E-01   6.18136E-01   4.97634E-04   6.33250E-04   0.00000E+00   5.49662E-02   1.00000E+00   0.00000E+00   1.93789E+00   3.42721E-15            16   3.71664E-10   3.10908E+00
         568   6.81600E+01   1.20000E-01   6.18136E-01   5.04046E-04   6.27054E-04   0.00000E+00   5.49990E-02   1.00000E+00   0.00000E+00   1.93789E+00   3.44173E-15            16   3.71496E-10   3.10903E+00
         569   6.82800E+01   1.20000E-01   6.18136E-01   5.10458E-04   6.20857E-04   0.00000E+00   5.50302E-02   1.00000E+00   0.00000E+00   1.93789E+00   3.43093E-15            16   3.71453E-10   3.10898E+00
         570   6.84000E+01   1.20000E-01   6.18136E-01   5.16872E-04   6.14661E-04   0.00000E+00   5.50599E-02   1.00000E+00   0.00000E+00   1.93789E+00   3.44848E-15            16   3.71298E-10   3.10893E+00
         571   6.85200E+01   1.20000E-01   6.18136E-01   5.23287E-04   6.08464E-04   0.00000E+00   5.50881E-02   1.00000E+00   0.00000E+00   1.93789E+00   3.45571E-15            16   3.71208E-10   3.10888E+00
         572   6.86400E+01   1.20000E-01   6.18136E-01   5.29702E-04   6.02268E-04   0.00000E+00   5.51152E-02   1.00000E+00   0.00000E+00   1.93789E+00   3.45953E-15            16   3.71148E-10   3.10884E+00
         573   6.87600E+01   1.20000E-01   6.18136E-01   5.36119E-04   5.96073E-04   0.00000E+00   5.51408E-02   1.00000E+00   0.00000E+00   1.93789E+00   3.46682E-15            16   3.71108E-10   3.10879E+00
         574   6.88800E+01   1.20000E-01   6.18136E-01   5.42536E-04   5.89878E-04   0.00000E+00   5.51648E-02   1.00000E+00   0.00000E+00   1.93789E+00   3.46927E-15            16   3.71062E-10   3.10875E+00
         575   6.90000E+01   1.20000E-01   6.18136E-01   5.48954E-04   5.84175E-04   0.00000E+00   5.51873E-02   1.00000E+00   0.00000E+00   1.93789E+00   3.47133E-15            16   3.71029E-10   3.10870E+00
         576   6.91200E+01   1.20000E-01   6.18136E-01   5.55373E-04   5.78482E-04   0.00000E+00   5.52088E-02   1.00000E+00   0.00000E+00   1.93789E+00   3.47062E-15            16   3.71008E-10   3.10866E+00
         577   6.92400E+01   1.20000E-01   6.18136E-01   5.61793E-04   5.72789E-04   0.00000E+00   5.52287E-02   1.00000E+00   0.00000E+00   1.93789E+00   3.47221E-15            16   3.70987E-10   3.10862E+00
         578   6.93600E+01   1.20000E-01   6.18136E-01   5.68214E-04   5.67096E-04   0.00000E+00   5.52471E-02   1.00000E+00   0.00000E+00   1.93789E+00   3.47447E-15            16   3.70969E-10   3.10858E+00
         579   6.94800E+01   1.20000E-01   6.18136E-01   5.74635E-04   5.61404E-04   0.00000E+00   5.52640E-02   1.00000E+00   0.00000E+00   1.93789E+00   3.47725E-15            16   3.70959E-10   3.10854E+00
         580   6.96000E+01   1.20000E-01   6.18136E-01   5.81058E-04   5.55713E-04   0.00000E+00   5.52798E-02   1.00000E+00   0.00000E+00   1.93789E+00   3.47837E-15            16   3.70961E-10   3.10850E+00
         581   6.97200E+01   1.20000E-01   6.18136E-01   5.87481E-04   5.50022E-04   0.00000E+00   5.52941E-02   1.00000E+00   0.00000E+00   1.93789E+00   3.48339E-15            16   3.70961E-10   3.10846E+00
         582   6.98400E+01   1.20000E-01   6.18136E-01   5.93905E-04   5.44332E-04   0.00000E+00   5.53069E-02   1.00000E+00   0.00000E+00   1.93789E+00   3.48916E-15            16   3.70968E-10   3.10843E+00
         583   6.99600E+01   1.20000E-01   6.18136E-01   6.00330E-04   5.38643E-04   0.00000E+00   5.53182E-02   1.00000E+00   0.00000E+00   1.93789E+00   3.48504E-15            16   3.71045E-10   3.10839E+00
         584   7.00800E+01   1.20000E-01   6.18136E-01   6.06755E-04   5.32955E-04   0.00000E+00   5.53284E-02   1.00000E+00   0.00000E+00   1.93789E+00   3.49385E-15            16   3.71001E-10   3.10836E+00
         585   7.02000E+01   1.20000E-01   6.18136E-01   6.13181E-04   5.27268E-04   0.00000E+00   5.53372E-02   1.00000E+00   0.00000E+00   1.93789E+00   3.49087E-15            16   3.71046E-10   3.10832E+00
         586   7.03200E+01   1.20000E-01   6.18136E-01   6.19607E-04   5.21583E-04   0.00000E+00   5.53444E-02   1.00000E+00   0.00000E+00   1.93789E+00   3.50996E-15            16   3.71040E-10   3.10829E+00
         587   7.04400E+01   1.20000E-01   6.18136E-01   6.26033E-04   5.15899E-04   0.00000E+00   5.53501E-02   1.00000E+00   0.00000E+00   1.93789E+00   3.51161E-15            16   3.71091E-10   3.10826E+00
         588   7.05600E+01   1.20000E-01   6.18136E-01   6.32458E-04   5.10217E-04   0.00000E+00   5.53548E-02   1.00000E+00   0.00000E+00   1.93789E+00   3.52481E-15            16   3.71128E-10   3.10823E+00
         589   7.06800E+01   1.20000E-01   6.18136E-01   6.38883E-04   5.04537E-04   0.00000E+00   5.53580E-02   1.00000E+00   0.00000E+00   1.93789E+00   3.52874E-15            16   3.71186E-10   3.10820E+00
         590   7.08000E+01   1.20000E-01   6.18136E-01   6.45306E-04   4.98859E-04   0.00000E+00   5.53596E-02   1.00000E+00   0.00000E+00   1.93789E+00   3.53914E-15            16   3.71221E-10   3.10817E+00
         591   7.09200E+01   1.20000E-01   6.18136E-01   6.51728E-04   4.93183E-04   0.00000E+00   5.53597E-02   1.00000E+00   0.00000E+00   1.93789E+00   3.54442E-15            16   3.71292E-10   3.10814E+00
         592   7.10400E+01   1.20000E-01   6.18136E-01   6.58147E-04   4.87509E-04   0.00000E+00   5.53589E-02   1.00000E+00   0.00000E+00   1.93789E+00   3.54673E-15            16   3.71352E-10   3.10811E+00
         593   7.11600E+01   1.20000E-01   6.18136E-01   6.64565E-04   4.81837E-04   0.00000E+00   5.53566E-02   1.00000E+00   0.00000E+00   1.93789E+00   3.55352E-15            16   3.71426E-10   3.10808E+00
         594   7.12800E+01   1.20000E-01   6.18136E-01   6.70979E-04   4.76446E-04   0.00000E+00   5.53527E-02   1.00000E+00   0.00000E+00   1.93789E+00   3.55871E-15            16   3.71476E-10   3.10806E+00
         595   7.14000E+01   1.20000E-01   6.18136E-01   6.77392E-04   4.71263E-04   0.00000E+00   5.53478E-02   1.00000E+00   0.00000E+00   1.93789E+00   3.56336E-15            16   3.71564E-10   3.10803E+00
         596   7.15200E+01   1.20000E-01   6.18136E-01   6.83801E-04   4.66082E-04   0.00000E+00   5.53414E-02   1.00000E+00   0.00000E+00   1.93789E+00   3.57015E-15            16   3.71602E-10   3.10801E+00
         597   7.16400E+01   1.20000E-01   6.18136E-01   6.90209E-04   4.60903E-04   0.00000E+00   5.53334E-02   1.00000E+00   0.00000E+00   1.93789E+00   3.57573E-15            16   3.71678E-10   3.10799E+00
         598   7.17600E+01   1.20000E-01   6.18136E-01   6.96615E-04   4.55726E-04   0.00000E+00   5.53244E-02   1.00000E+00   0.00000E+00   1.93789E+00   3.58117E-15            16   3.71721E-10   3.10797E+00
         599   7.18800E+01   1.20000E-01   6.18136E-01   7.03018E-04   4.50551E-04   0.00000E+00   5.53139E-02   1.00000E+00   0.00000E+00   1.93789E+00   3.58414E-15            16   3.71792E-10   3.10794E+00
         600   7.20000E+01   1.20000E-01   6.18136E-01   7.09421E-04   4.45379E-04   0.00000E+00   5.53018E-02   1.00000E+00   0.00000E+00   1.93789E+00   3.59577E-15            16   3.71951E-10   3.10792E+00
         601   7.21200E+01   1.20000E-01   6.18136E-01   7.15822E-04   4.40209E-04   0.00000E+00   5.52888E-02   1.00000E+00   0.00000E+00   1.93789E+00   3.59310E-15            16   3.72061E-10   3.10791E+00
         602   7.22400E+01   1.20000E-01   6.18136E-01   7.22222E-04   4.35042E-04   0.00000E+00   5.52742E-02   1.00000E+00   0.00000E+00   1.93789E+00   3.60285E-15            16   3.72077E-10   3.10789E+00
         603   7.23600E+01   1.20000E-01   6.18136E-01   7.28622E-04   4.29877E-04   0.00000E+00   5.52581E-02   1.00000E+00   0.00000E+00   1.93789E+00   3.60280E-15            16   3.72132E-10   3.10787E+00
         604   7.24800E+01   1.20000E-01   6.18136E-01   7.35020E-04   4.24716E-04   0.00000E+00   5.52411E-02   1.00000E+00   0.00000E+00   1.93789E+00   3.60881E-15            16   3.72163E-10   3.10785E+00
         605   7.26000E+01   1.20000E-01   6.18136E-01   7.41417E-04   4.19557E-04   0.00000E+00   5.52226E-02   1.00000E+00   0.00000E+00   1.93789E+00   3.60619E-15            16   3.72233E-10   3.10784E+00
         606   7.27200E+01   1.20000E-01   6.18136E-01   7.47813E-04   4.14402E-04   0.00000E+00   5.52025E-02   1.00000E+00   0.00000E+00   1.93789E+00   3.61225E-15            16   3.72249E-10   3.10782E+00
         607   7.28400E+01   1.20000E-01   6.18136E-01   7.54207E-04   4.09250E-04   0.00000E+00   5.51815E-02   1.00000E+00   0.00000E+00   1.93789E+00   3.60574E-15            16   3.72336E-10   3.10781E+00
         608   7.29600E+01   1.20000E-01   6.18136E-01   7.60600E-04   4.04101E-04   0.00000E+00   5.51590E-02   1.00000E+00   0.00000E+00   1.93789E+00   3.60910E-15            16   3.72345E-10   3.10780E+00
         609   7.30800E+01   1.20000E-01   6.18136E-01   7.66990E-04   3.98955E-04   0.00000E+00   5.51349E-02   1.00000E+00   0.00000E+00   1.93789E+00   3.34316E-15            16   3.57535E-10   3.10779E+00
         610   7.32000E+01   1.20000E-01   6.18136E-01   7.73379E-04   3.93812E-04   0.00000E+00   5.51099E-02   1.00000E+00   0.00000E+00   1.93789E+00   3.52604E-15            16   3.64578E-10   3.10777E+00
         611   7.33200E+01   1.20000E-01   6.18136E-01   7.79766E-04   3.88670E-04   0.00000E+00   5.50831E-02   1.00000E+00   0.00000E+00   1.93789E+00   3.11499E-15            16   3.66481E-10   3.10776E+00
         612   7.34400E+01   1.20000E-01   6.18136E-01   7.86151E-04   3.83625E-04   0.00000E+00   5.50547E-02   1.00000E+00   0.00000E+00   1.93789E+00   3.13642E-15            16   3.67938E-10   3.10776E+00
         613   7.35600E+01   1.20000E-01   6.18136E-01   7.92528E-04   3.78947E-04   0.00000E+00   5.50254E-02   1.00000E+00   0.00000E+00   1.93789E+00   3.15523E-15            16   3.68207E-10   3.10775E+00
         614   7.36800E+01   1.20000E-01   6.18136E-01   7.98894E-04   3.74271E-04   0.00000E+00   5.49947E-02   1.00000E+00   0.00000E+00   1.93789E+00   3.17074E-15            16   3.68630E-10   3.10774E+00
         615   7.38000E+01   1.20000E-01   6.18136E-01   8.05250E-04   3.69595E-04   0.00000E+00   5.49624E-02   1.00000E+00   0.00000E+00   1.93789E+00   3.17185E-15            16   3.68632E-10   3.10773E+00
         616   7.39200E+01   1.20000E-01   6.18136E-01   8.11594E-04   3.64921E-04   0.00000E+00   5.49294E-02   1.00000E+00   0.00000E+00   1.93789E+00   3.12521E-15            16   3.67990E-10   3.10773E+00
         617   7.40400E+01   1.20000E-01   6.18136E-01   8.17928E-04   3.60249E-04   0.00000E+00   5.48948E-02   1.00000E+00   0.00000E+00   1.93789E+00   3.26267E-15            16   3.49383E-10   3.10772E+00
         618   7.41600E+01   1.20000E-01   6.18136E-01   8.24249E-04   3.55578E-04   0.00000E+00   5.48584E-02   1.00000E+00   0.00000E+00   1.93789E+00   2.58790E-15            16   3.35757E-10   3.10772E+00
         619   7.42800E+01   1.20000E-01   6.18136E-01   8.30558E-04   3.50908E-04   0.00000E+00   5.48212E-02   1.00000E+00   0.00000E+00   1.93789E+00   4.54228E-15            16   3.67186E-10   3.10772E+00
         620   7.44000E+01   1.20000E-01   6.18136E-01   8.36854E-04   3.46230E-04   0.00000E+00   5.47825E-02   1.00000E+00   0.00000E+00   1.93789E+00   4.53564E-15            16   3.67527E-10   3.10771E+00
         621   7.45200E+01   1.20000E-01   6.18136E-01   8.43138E-04   3.41538E-04   0.00000E+00   5.47423E-02   1.00000E+00   0.00000E+00   1.93789E+00   5.15756E-15            16   3.73605E-10   3.10771E+00
         622   7.46400E+01   1.20000E-01   6.18136E-01   8.49408E-04   3.36829E-04   0.00000E+00   5.47014E-02   1.00000E+00   0.00000E+00   1.93789E+00   6.67414E-15            16   3.87512E-10   3.10771E+00
         623   7.47600E+01   1.20000E-01   6.18136E-01   8.55667E-04   3.32101E-04   0.00000E+00   5.46590E-02   1.00000E+00   0.00000E+00   1.93789E+00   7.93686E-15            16   4.06864E-10   3.10771E+00
         624   7.48800E+01   1.20000E-01   6.18136E-01   8.61912E-04   3.27356E-04   0.00000E+00   5.46150E-02   1.00000E+00   0.00000E+00   1.93789E+00   6.58810E-15            16   3.98448E-10   3.10772E+00
         625   7.50000E+01   1.20000E-01   6.18136E-01   8.68145E-04   3.22595E-04   0.00000E+00   5.45703E-02   1.00000E+00   0.00000E+00   1.93789E+00   6.80371E-15            16   3.94824E-10   3.10772E+00
         626   7.51200E+01   1.20000E-01   6.18136E-01   8.74366E-04   3.17819E-04   0.00000E+00   5.45240E-02   1.00000E+00   0.00000E+00   1.93789E+00   5.83461E-15            16   3.77617E-10   3.10772E+00
         627   7.52400E+01   1.20000E-01   6.18136E-01   8.80573E-04   3.13030E-04   0.00000E+00   5.44763E-02   1.00000E+00   0.00000E+00   1.93789E+00   5.73901E-15            16   3.75689E-10   3.10773E+00
         628   7.53600E+01   1.20000E-01   6.18136E-01   8.86767E-04   3.08229E-04   0.00000E+00   5.44277E-02   1.00000E+00   0.00000E+00   1.93789E+00   5.65364E-15            16   3.74004E-10   3.10773E+00
         629   7.54800E+01   1.20000E-01   6.18136E-01   8.92948E-04   3.03445E-04   0.00000E+00   5.43775E-02   1.00000E+00   0.00000E+00   1.93789E+00   4.27302E-15            16   3.64544E-10   3.10774E+00
         630   7.56000E+01   1.20000E-01   6.18136E-01   8.99115E-04   2.99088E-04   0.00000E+00   5.43258E-02   1.00000E+00   0.00000E+00   1.93789E+00   4.12480E-15            16   3.62886E-10   3.10774E+00
         631   7.57200E+01   1.20000E-01   6.18136E-01   9.05269E-04   2.94724E-04   0.00000E+00   5.42734E-02   1.00000E+00   0.00000E+00   1.93789E+00   3.98205E-15            16   3.61634E-10   3.10775E+00
         632   7.58400E+01   1.20000E-01   6.18136E-01   9.11408E-04   2.90354E-04   0.00000E+00   5.42196E-02   1.00000E+00   0.00000E+00   1.93789E+00   3.92362E-15            16   3.60523E-10   3.10776E+00
         633   7.59600E+01   1.20000E-01   6.18136E-01   9.17533E-04   2.85979E-04   0.00000E+00   5.41644E-02   1.00000E+00   0.00000E+00   1.93789E+00   3.76110E-15            16   3.59450E-10   3.10777E+00
         634   7.60800E+01   1.20000E-01   6.18136E-01   9.23644E-04   2.81601E-04   0.00000E+00   5.41085E-02   1.00000E+00   0.00000E+00   1.93789E+00   3.69623E-15            16   3.58512E-10   3.10778E+00
         635   7.62000E+01   1.20000E-01   6.18136E-01   9.29740E-04   2.77220E-04   0.00000E+00   5.40512E-02   1.00000E+00   0.00000E+00   1.93789E+00   3.53085E-15            16   3.57625E-10   3.10779E+00
         636   7.63200E+01   1.20000E-01   6.18136E-01   9.35821E-04   2.72837E-04   0.00000E+00   5.39925E-02   1.00000E+00   0.00000E+00   1.93789E+00   3.46699E-15            16   3.56834E-10   3.10780E+00
         637   7.64400E+01   1.20000E-01   6.18136E-01   9.41888E-04   2.68451E-04   0.00000E+00   5.39332E-02   1.00000E+00   0.00000E+00   1.93789E+00   3.34308E-15            16   3.56134E-10   3.10781E+00
         638   7.65600E+01   1.20000E-01   6.18136E-01   9.47939E-04   2.64065E-04   0.00000E+00   5.38725E-02   1.00000E+00   0.00000E+00   1.93789E+00   3.23793E-15            16   3.55481E-10   3.10783E+00
         639   7.66800E+01   1.20000E-01   6.18136E-01   9.53974E-04   2.59679E-04   0.00000E+00   5.38104E-02   1.00000E+00   0.00000E+00   1.93789E+00   3.16532E-15            16   3.54926E-10   3.10784E+00
         640   7.68000E+01   1.20000E-01   6.18136E-01   9.59994E-04   2.61735E-04   0.00000E+00   5.37476E-02   1.00000E+00   0.00000E+00   1.93789E+00   3.04946E-15            16   3.54422E-10   3.10786E+00
         641   7.69200E+01   1.20000E-01   6.18136E-01   9.65999E-04   2.69200E-04   0.00000E+00   5.36835E-02   1.00000E+00   0.00000E+00   1.93789E+00   2.98988E-15            16   3.53999E-10   3.10787E+00
         642   7.70400E+01   1.20000E-01   6.18136E-01   9.71988E-04   2.76648E-04   0.00000E+00   5.36180E-02   1.00000E+00   0.00000E+00   1.93789E+00   2.87798E-15            16   3.53598E-10   3.10789E+00
         643   7.71600E+01   1.20000E-01   6.18136E-01   9.77960E-04   2.84083E-04   0.00000E+00   5.35519E-02   1.00000E+00   0.00000E+00   1.93789E+00   2.81991E-15            16   3.53313E-10   3.10791E+00
         644   7.72800E+01   1.20000E-01   6.18136E-01   9.83917E-04   2.91502E-04   0.00000E+00   5.34843E-02   1.00000E+00   0.00000E+00   1.93789E+00   2.79289E-15            16   3.52157E-10   3.10793E+00
         645   7.74000E+01   1.20000E-01   6.18136E-01   9.89857E-04   2.98904E-04   0.00000E+00   5.34154E-02   1.00000E+00   0.00000E+00   1.93789E+00   2.76261E-15            16   3.51958E-10   3.10795E+00
         646   7.75200E+01   1.20000E-01   6.18136E-01   9.95781E-04   3.06288E-04   0.00000E+00   5.33452E-02   1.00000E+00   0.00000E+00   1.93789E+00   2.75000E-15            16   3.51718E-10   3.10797E+00
         647   7.76400E+01   1.20000E-01   6.18136E-01   1.00169E-03   3.13657E-04   0.00000E+00   5.32745E-02   1.00000E+00   0.00000E+00   1.93789E+00   2.75484E-15            16   3.51617E-10   3.10799E+00
         648   7.77600E+01   1.20000E-01   6.18136E-01   1.00758E-03   3.21013E-04   0.00000E+00   5.32025E-02   1.00000E+00   0.00000E+00   1.93789E+00   2.74591E-15            16   3.51430E-10   3.10801E+00
         649   7.78800E+01   1.20000E-01   6.18136E-01   1.01345E-03   3.28499E-04   0.00000E+00   5.31292E-02   1.00000E+00   0.00000E+00   1.93789E+00   2.74622E-15            16   3.51400E-10   3.10803E+00
         650   7.80000E+01   1.20000E-01   6.18136E-01   1.01931E-03   3.35971E-04   0.00000E+00   5.30545E-02   1.00000E+00   0.00000E+00   1.93789E+00   2.74654E-15            16   3.51269E-10   3.10805E+00
         651   7.81200E+01   1.20000E-01   6.18136E-01   1.02515E-03   3.43429E-04   0.00000E+00   5.29796E-02   1.00000E+00   0.00000E+00   1.93789E+00   2.78397E-15            16   3.51331E-10   3.10808E+00
         652   7.82400E+01   1.20000E-01   6.18136E-01   1.03097E-03   3.50872E-04   0.00000E+00   5.29032E-02   1.00000E+00   0.00000E+00   1.93789E+00   2.79893E-15            16   3.51236E-10   3.10810E+00
         653   7.83600E+01   1.20000E-01   6.18136E-01   1.03678E-03   3.58301E-04   0.00000E+00   5.28256E-02   1.00000E+00   0.00000E+00   1.93789E+00   2.82848E-15            16   3.51331E-10   3.10813E+00
         654   7.84800E+01   1.20000E-01   6.18136E-01   1.04257E-03   3.65715E-04   0.00000E+00   5.27466E-02   1.00000E+00   0.00000E+00   1.93789E+00   2.83821E-15            16   3.51274E-10   3.10816E+00
         655   7.86000E+01   1.20000E-01   6.18136E-01   1.04834E-03   3.73113E-04   0.00000E+00   5.26673E-02   1.00000E+00   0.00000E+00   1.93789E+00   2.86587E-15            16   3.51451E-10   3.10818E+00
         656   7.87200E+01   1.20000E-01   6.18136E-01   1.05409E-03   3.80496E-04   0.00000E+00   5.25867E-02   1.00000E+00   0.00000E+00   1.93789E+00   2.86973E-15            16   3.51408E-10   3.10821E+00
         657   7.88400E+01   1.20000E-01   6.18136E-01   1.05982E-03   3.87863E-04   0.00000E+00   5.25047E-02   1.00000E+00   0.00000E+00   1.93789E+00   2.89192E-15            16   3.51604E-10   3.10824E+00
         658   7.89600E+01   1.20000E-01   6.18136E-01   1.06554E-03   3.95214E-04   0.00000E+00   5.24214E-02   1.00000E+00   0.00000E+00   1.93789E+00   2.88358E-15            16   3.51175E-10   3.10827E+00
         659   7.90800E+01   1.20000E-01   6.18136E-01   1.07124E-03   4.02548E-04   0.00000E+00   5.23378E-02   1.00000E+00   0.00000E+00   1.93789E+00   2.88388E-15            16   3.51471E-10   3.10830E+00
         660   7.92000E+01   1.20000E-01   6.18136E-01   1.07691E-03   4.09866E-04   0.00000E+00   5.22528E-02   1.00000E+00   0.00000E+00   1.93789E+00   2.88873E-15            16   3.51538E-10   3.10833E+00
         661   7.93200E+01   1.20000E-01   6.18136E-01   1.08257E-03   4.17167E-04   0.00000E+00   5.21665E-02   1.00000E+00   0.00000E+00   1.93789E+00   2.89386E-15            16   3.51829E-10   3.10837E+00
         662   7.94400E+01   1.20000E-01   6.18136E-01   1.08821E-03   4.24451E-04   0.00000E+00   5.20789E-02   1.00000E+00   0.00000E+00   1.93789E+00   2.89945E-15            16   3.51814E-10   3.10840E+00
         663   7.95600E+01   1.20000E-01   6.18136E-01   1.09382E-03   4.31717E-04   0.00000E+00   5.19910E-02   1.00000E+00   0.00000E+00   1.93789E+00   2.89879E-15            16   3.52145E-10   3.10843E+00
         664   7.96800E+01   1.20000E-01   6.18136E-01   1.09942E-03   4.38966E-04   0.00000E+00   5.19017E-02   1.00000E+00   0.00000E+00   1.93789E+00   2.89869E-15            16   3.52451E-10   3.10847E+00
         665   7.98000E+01   1.20000E-01   6.18136E-01   1.10499E-03   4.46197E-04   0.00000E+00   5.18112E-02   1.00000E+00   0.00000E+00   1.93789E+00   2.89838E-15            16   3.52663E-10   3.10850E+00
         666   7.99200E+01   1.20000E-01   6.18136E-01   1.11055E-03   4.53410E-04   0.00000E+00   5.17194E-02   1.00000E+00   0.00000E+00   1.93789E+00   2.90186E-15            16   3.52786E-10   3.10854E+00
         667   8.00400E+01   1.20000E-01   6.18136E-01   1.11608E-03   4.60606E-04   0.00000E+00   5.16272E-02   1.00000E+00   0.00000E+00   1.93789E+00   2.90558E-15            16   3.52883E-10   3.10858E+00
         668   8.01600E+01   1.20000E-01   6.18136E-01   1.12158E-03   4.67782E-04   0.00000E+00   5.15338E-02   1.00000E+00   0.00000E+00   1.93789E+00   2.90891E-15            16   3.52883E-10   3.10861E+00
         669   8.02800E+01   1.20000E-01   6.18136E-01   1.12707E-03   4.74941E-04   0.00000E+00   5.14391E-02   1.00000E+00   0.00000E+00   1.93789E+00   2.91062E-15            16   3.52666E-10   3.10865E+00
         670   8.04000E+01   1.20000E-01   6.18136E-01   1.13253E-03   4.82080E-04   0.00000E+00   5.13431E-02   1.00000E+00   0.00000E+00   1.93789E+00   2.90662E-15            16   3.52863E-10   3.10869E+00
         671   8.05200E+01   1.20000E-01   6.18136E-01   1.13798E-03   4.89201E-04   0.00000E+00   5.12468E-02   1.00000E+00   0.00000E+00   1.93789E+00   2.90009E-15            16   3.53135E-10   3.10873E+00
         672   8.06400E+01   1.20000E-01   6.18136E-01   1.14340E-03   4.96303E-04   0.00000E+00   5.11493E-02   1.00000E+00   0.00000E+00   1.93789E+00   2.89356E-15            16   3.53400E-10   3.10877E+00
         673   8.07600E+01   1.20000E-01   6.18136E-01   1.14880E-03   5.03385E-04   0.00000E+00   5.10504E-02   1.00000E+00   0.00000E+00   1.93789E+00   2.88500E-15            16   3.53652E-10   3.10881E+00
         674   8.08800E+01   1.20000E-01   6.18136E-01   1.15417E-03   5.10448E-04   0.00000E+00   5.09503E-02   1.00000E+00   0.00000E+00   1.93789E+00   2.87647E-15            16   3.53903E-10   3.10886E+00
         675   8.10000E+01   1.20000E-01   6.18136E-01   1.15953E-03   5.17491E-04   0.00000E+00   5.08499E-02   1.00000E+00   0.00000E+00   1.93789E+00   2.83464E-15            16   3.55748E-10   3.10890E+00
         676   8.11200E+01   1.20000E-01   6.18136E-01   1.16487E-03   5.24515E-04   0.00000E+00   5.07483E-02   1.00000E+00   0.00000E+00   1.93789E+00   2.85633E-15            16   3.54848E-10   3.10894E+00
         677   8.12400E+01   1.20000E-01   6.18136E-01   1.17018E-03   5.31519E-04   0.00000E+00   5.06453E-02   1.00000E+00   0.00000E+00   1.93789E+00   2.82150E-15            16   3.56215E-10   3.10899E+00
         678   8.13600E+01   1.20000E-01   6.18136E-01   1.17548E-03   5.38502E-04   0.00000E+00   5.05412E-02   1.00000E+00   0.00000E+00   1.93789E+00   2.84434E-15            16   3.55121E-10   3.10903E+00
         679   8.14800E+01   1.20000E-01   6.18136E-01   1.18075E-03   5.45465E-04   0.00000E+00   5.04368E-02   1.00000E+00   0.00000E+00   1.93789E+00   2.82539E-15            16   3.55906E-10   3.10908E+00
         680   8.16000E+01   1.20000E-01   6.18136E-01   1.18599E-03   5.52408E-04   0.00000E+00   5.03311E-02   1.00000E+00   0.00000E+00   1.93789E+00   2.82794E-15            16   3.55552E-10   3.10913E+00
         681   8.17200E+01   1.20000E-01   6.18136E-01   1.19121E-03   5.59330E-04   0.00000E+00   5.02241E-02   1.00000E+00   0.00000E+00   1.93789E+00   2.81329E-15            16   3.55882E-10   3.10917E+00
         682   8.18400E+01   1.20000E-01   6.18136E-01   1.19640E-03   5.66232E-04   0.00000E+00   5.01159E-02   1.00000E+00   0.00000E+00   1.93789E+00   2.79253E-15            16   3.56629E-10   3.10922E+00
         683   8.19600E+01   1.20000E-01   6.18136E-01   1.20157E-03   5.73112E-04   0.00000E+00   5.00075E-02   1.00000E+00   0.00000E+00   1.93789E+00   2.78656E-15            16   3.56619E-10   3.10927E+00
         684   8.20800E+01   1.20000E-01   6.18136E-01   1.20671E-03   5.79972E-04   0.00000E+00   4.98979E-02   1.00000E+00   0.00000E+00   1.93789E+00   2.75964E-15            16   3.57702E-10   3.10932E+00
         685   8.22000E+01   1.20000E-01   6.18136E-01   1.21183E-03   5.86810E-04   0.00000E+00   4.97869E-02   1.00000E+00   0.00000E+00   1.93789E+00   2.75790E-15            16   3.57384E-10   3.10937E+00
         686   8.23200E+01   1.20000E-01   6.18136E-01   1.21692E-03   5.93626E-04   0.00000E+00   4.96748E-02   1.00000E+00   0.00000E+00   1.93789E+00   2.73675E-15            16   3.58263E-10   3.10942E+00
         687   8.24400E+01   1.20000E-01   6.18136E-01   1.22198E-03   6.00422E-04   0.00000E+00   4.95625E-02   1.00000E+00   0.00000E+00   1.93789E+00   2.73252E-15            16   3.58003E-10   3.10948E+00
         688   8.25600E+01   1.20000E-01   6.18136E-01   1.22701E-03   6.07195E-04   0.00000E+00   4.94489E-02   1.00000E+00   0.00000E+00   1.93789E+00   2.71547E-15            16   3.58599E-10   3.10953E+00
         689   8.26800E+01   1.20000E-01   6.18136E-01   1.23202E-03   6.13947E-04   0.00000E+00   4.93340E-02   1.00000E+00   0.00000E+00   1.93789E+00   2.70474E-15            16   3.58676E-10   3.10958E+00
         690   8.28000E+01   1.20000E-01   6.18136E-01   1.23700E-03   6.20676E-04   0.00000E+00   4.92180E-02   1.00000E+00   0.00000E+00   1.93789E+00   2.69302E-15            16   3.59073E-10   3.10964E+00
         691   8.29200E+01   1.20000E-01   6.18136E-01   1.24195E-03   6.27384E-04   0.00000E+00   4.91018E-02   1.00000E+00   0.00000E+00   1.93789E+00   2.67622E-15            16   3.59571E-10   3.10969E+00
         692   8.30400E+01   1.20000E-01   6.18136E-01   1.24688E-03   6.34069E-04   0.00000E+00   4.89843E-02   1.00000E+00   0.00000E+00   1.93789E+00   2.66633E-15            16   3.59817E-10   3.10975E+00
         693   8.31600E+01   1.20000E-01   6.18136E-01   1.25179E-03   6.40732E-04   0.00000E+00   4.88657E-02   1.00000E+00   0.00000E+00   1.93789E+00   2.64818E-15            16   3.60416E-10   3.10980E+00
         694   8.32800E+01   1.20000E-01   6.18136E-01   1.25667E-03   6.47371E-04   0.00000E+00   4.87458E-02   1.00000E+00   0.00000E+00   1.93789E+00   2.62206E-15            16   3.61932E-10   3.10986E+00
         695   8.34000E+01   1.20000E-01   6.18136E-01   1.26152E-03   6.53989E-04   0.00000E+00   4.86258E-02   1.00000E+00   0.00000E+00   1.93789E+00   2.62581E-15            16   3.61233E-10   3.10992E+00
         696   8.35200E+01   1.20000E-01   6.18136E-01   1.26635E-03   6.60583E-04   0.00000E+00   4.85045E-02   1.00000E+00   0.00000E+00   1.93789E+00   2.60920E-15            16   3.61720E-10   3.10998E+00
         697   8.36400E+01   1.20000E-01   6.18136E-01   1.27115E-03   6.67154E-04   0.00000E+00   4.83821E-02   1.00000E+00   0.00000E+00   1.93789E+00   2.59225E-15            16   3.62550E-10   3.11003E+00
         698   8.37600E+01   1.20000E-01   6.18136E-01   1.27592E-03   6.73702E-04   0.00000E+00   4.82585E-02   1.00000E+00   0.00000E+00   1.93789E+00   2.58406E-15            16   3.62535E-10   3.11009E+00
         699   8.38800E+01   1.20000E-01   6.18136E-01   1.28067E-03   6.80227E-04   0.00000E+00   4.81347E-02   1.00000E+00   0.00000E+00   1.93789E+00   2.56632E-15            16   3.63083E-10   3.11015E+00
         700   8.40000E+01   1.20000E-01   6.18136E-01   1.28539E-03   6.86729E-04   0.00000E+00   4.80098E-02   1.00000E+00   0.00000E+00   1.93789E+00   2.55234E-15            16   3.63516E-10   3.11022E+00
         701   8.41200E+01   1.20000E-01   6.18136E-01   1.29007E-03   6.93207E-04   0.00000E+00   4.78836E-02   1.00000E+00   0.00000E+00   1.93789E+00   2.53786E-15            16   3.64080E-10   3.11028E+00
         702   8.42400E+01   1.20000E-01   6.18136E-01   1.29473E-03   6.99661E-04   0.00000E+00   4.77564E-02   1.00000E+00   0.00000E+00   1.93789E+00   2.51967E-15            16   3.65000E-10   3.11034E+00
         703   8.43600E+01   1.20000E-01   6.18136E-01   1.29936E-03   7.06091E-04   0.00000E+00   4.76290E-02   1.00000E+00   0.00000E+00   1.93789E+00   2.51462E-15            16   3.65388E-10   3.11040E+00
         704   8.44800E+01   1.20000E-01   6.18136E-01   1.30396E-03   7.12498E-04   0.00000E+00   4.75005E-02   1.00000E+00   0.00000E+00   1.93789E+00   2.49700E-15            16   3.65786E-10   3.11047E+00
         705   8.46000E+01   1.20000E-01   6.18136E-01   1.30853E-03   7.18881E-04   0.00000E+00   4.73709E-02   1.00000E+00   0.00000E+00   1.93789E+00   2.47511E-15            16   3.66618E-10   3.11053E+00
         706   8.47200E+01   1.20000E-01   6.18136E-01   1.31307E-03   7.25239E-04   0.00000E+00   4.72401E-02   1.00000E+00   0.00000E+00   1.93789E+00   2.45685E-15            16   3.67334E-10   3.11060E+00
         707   8.48400E+01   1.20000E-01   6.18136E-01   1.31758E-03   7.31573E-04   0.00000E+00   4.71083E-02   1.00000E+00   0.00000E+00   1.93789E+00   2.44136E-15            16   3.67912E-10   3.11066E+00
         708   8.49600E+01   1.20000E-01   6.18136E-01   1.32213E-03   7.37883E-04   0.00000E+00   4.69766E-02   1.00000E+00   0.00000E+00   1.93789E+00   2.42700E-15            16   3.68426E-10   3.11073E+00
         709   8.50800E+01   1.20000E-01   6.18136E-01   1.32676E-03   7.44169E-04   0.00000E+00   4.68439E-02   1.00000E+00   0.00000E+00   1.93789E+00   2.41118E-15            16   3.68911E-10   3.11080E+00
         710   8.52000E+01   1.20000E-01   6.18136E-01   1.33136E-03   7.50430E-04   0.00000E+00   4.67100E-02   1.00000E+00   0.00000E+00   1.93789E+00   2.39520E-15            16   3.69449E-10   3.11086E+00
         711   8.53200E+01   1.20000E-01   6.18136E-01   1.33594E-03   7.56666E-04   0.00000E+00   4.65751E-02   1.00000E+00   0.00000E+00   1.93789E+00   2.37981E-15            16   3.70086E-10   3.11093E+00
         712   8.54400E+01   1.20000E-01   6.18136E-01   1.34049E-03   7.62879E-04   0.00000E+00   4.64396E-02   1.00000E+00   0.00000E+00   1.93789E+00   2.36275E-15            16   3.70999E-10   3.11100E+00
         713   8.55600E+01   1.20000E-01   6.18136E-01   1.34501E-03   7.69067E-04   0.00000E+00   4.63038E-02   1.00000E+00   0.00000E+00   1.93789E+00   2.34473E-15            16   3.71999E-10   3.11107E+00
         714   8.56800E+01   1.20000E-01   6.18136E-01   1.34951E-03   7.75230E-04   0.00000E+00   4.61672E-02   1.00000E+00   0.00000E+00   1.93789E+00   2.32690E-15            16   3.73002E-10   3.11114E+00
         715   8.58000E+01   1.20000E-01   6.18136E-01   1.35398E-03   7.81369E-04   0.00000E+00   4.60289E-02   1.00000E+00   0.00000E+00   1.93789E+00   2.32098E-15            16   3.72374E-10   3.11121E+00
         716   8.59200E+01   1.20000E-01   6.18136E-01   1.35843E-03   7.87483E-04   0.00000E+00   4.58898E-02   1.00000E+00   0.00000E+00   1.93789E+00   2.30896E-15            16   3.72847E-10   3.11128E+00
         717   8.60400E+01   1.20000E-01   6.18136E-01   1.36284E-03   7.93571E-04   0.00000E+00   4.57490E-02   1.00000E+00   0.00000E+00   1.93789E+00   2.29618E-15            16   3.74337E-10   3.11136E+00
         718   8.61600E+01   1.20000E-01   6.18136E-01   1.36722E-03   7.99633E-04   0.00000E+00   4.56084E-02   1.00000E+00   0.00000E+00   1.93789E+00   2.28382E-15            16   3.74866E-10   3.11143E+00
         719   8.62800E+01   1.20000E-01   6.18136E-01   1.37157E-03   8.05669E-04   0.00000E+00   4.54663E-02   1.00000E+00   0.00000E+00   1.93789E+00   2.26982E-15            16   3.74898E-10   3.11150E+00
         720   8.64000E+01   1.20000E-01   6.18136E-01   1.37590E-03   8.11679E-04   0.00000E+00   4.53234E-02   1.00000E+00   0.00000E+00   1.93789E+00   2.25052E-15            16   3.77162E-10   3.11158E+00
         721   8.65200E+01   1.20000E-01   6.18136E-01   1.38019E-03   8.17662E-04   0.00000E+00   4.51790E-02   1.00000E+00   0.00000E+00   1.93789E+00   2.23889E-15            16   3.75619E-10   3.11165E+00
         722   8.66400E+01   1.20000E-01   6.18136E-01   1.38445E-03   8.23619E-04   0.00000E+00   4.50340E-02   1.00000E+00   0.00000E+00   1.93789E+00   2.22446E-15            16   3.76895E-10   3.11173E+00
         723   8.67600E+01   1.20000E-01   6.18136E-01   1.38868E-03   8.29549E-04   0.00000E+00   4.48888E-02   1.00000E+00   0.00000E+00   1.93789E+00   2.20858E-15            16   3.78027E-10   3.11180E+00
         724   8.68800E+01   1.20000E-01   6.18136E-01   1.39287E-03   8.35453E-04   0.00000E+00   4.47430E-02   1.00000E+00   0.00000E+00   1.93789E+00   2.20540E-15            16   3.78827E-10   3.11188E+00
         725   8.70000E+01   1.20000E-01   6.18136E-01   1.39704E-03   8.41330E-04   0.00000E+00   4.45960E-02   1.00000E+00   0.00000E+00   1.93789E+00   2.18359E-15            16   3.80793E-10   3.11196E+00
         726   8.71200E+01   1.20000E-01   6.18136E-01   1.40118E-03   8.47180E-04   0.00000E+00   4.44484E-02   1.00000E+00   0.00000E+00   1.93789E+00   2.17826E-15            16   3.79980E-10   3.11204E+00
         727   8.72400E+01   1.20000E-01   6.18136E-01   1.40528E-03   8.53004E-04   0.00000E+00   4.42995E-02   1.00000E+00   0.00000E+00   1.93789E+00   2.15386E-15            16   3.82226E-10   3.11211E+00
         728   8.73600E+01   1.20000E-01   6.18136E-01   1.40936E-03   8.58802E-04   0.00000E+00   4.41512E-02   1.00000E+00   0.00000E+00   1.93789E+00   2.14758E-15            16   3.81472E-10   3.11219E+00
         729   8.74800E+01   1.20000E-01   6.18136E-01   1.41341E-03   8.64572E-04   0.00000E+00   4.40016E-02   1.00000E+00   0.00000E+00   1.93789E+00   2.12664E-15            16   3.83307E-10   3.11227E+00
         730   8.76000E+01   1.20000E-01   6.18136E-01   1.41743E-03   8.70317E-04   0.00000E+00   4.38514E-02   1.00000E+00   0.00000E+00   1.93789E+00   2.11754E-15            16   3.83191E-10   3.11235E+00
         731   8.77200E+01   1.20000E-01   6.18136E-01   1.42142E-03   8.76035E-04   0.00000E+00   4.36998E-02   1.00000E+00   0.00000E+00   1.93789E+00   2.10103E-15            16   3.84419E-10   3.11243E+00
         732   8.78400E+01   1.20000E-01   6.18136E-01   1.42538E-03   8.81725E-04   0.00000E+00   4.35476E-02   1.00000E+00   0.00000E+00   1.93789E+00   2.08794E-15            16   3.85762E-10   3.11251E+00
         733   8.79600E+01   1.20000E-01   6.18136E-01   1.42932E-03   8.87388E-04   0.00000E+00   4.33941E-02   1.00000E+00   0.00000E+00   1.93789E+00   2.08272E-15            16   3.85658E-10   3.11260E+00
         734   8.80800E+01   1.20000E-01   6.18136E-01   1.43323E-03   8.93024E-04   0.00000E+00   4.32412E-02   1.00000E+00   0.00000E+00   1.93789E+00   2.06951E-15            16   3.86584E-10   3.11268E+00
         735   8.82000E+01   1.20000E-01   6.18136E-01   1.43711E-03   8.98634E-04   0.00000E+00   4.30870E-02   1.00000E+00   0.00000E+00   1.93789E+00   2.05127E-15            16   3.87419E-10   3.11276E+00
         736   8.83200E+01   1.20000E-01   6.18136E-01   1.44096E-03   9.04216E-04   0.00000E+00   4.29322E-02   1.00000E+00   0.00000E+00   1.93789E+00   2.04208E-15            16   3.87473E-10   3.11285E+00
         737   8.84400E+01   1.20000E-01   6.18136E-01   1.44478E-03   9.09770E-04   0.00000E+00   4.27759E-02   1.00000E+00   0.00000E+00   1.93789E+00   2.02547E-15            16   3.88362E-10   3.11293E+00
         738   8.85600E+01   1.20000E-01   6.18136E-01   1.44858E-03   9.15297E-04   0.00000E+00   4.26191E-02   1.00000E+00   0.00000E+00   1.93789E+00   2.01523E-15            16   3.89486E-10   3.11301E+00
         739   8.86800E+01   1.20000E-01   6.18136E-01   1.45234E-03   9.20795E-04   0.00000E+00   4.24609E-02   1.00000E+00   0.00000E+00   1.93789E+00   1.99687E-15            16   3.89803E-10   3.11310E+00
         740   8.88000E+01   1.20000E-01   6.18136E-01   1.45607E-03   9.26266E-04   0.00000E+00   4.23033E-02   1.00000E+00   0.00000E+00   1.93789E+00   1.97935E-15            16   3.90991E-10   3.11319E+00
         741   8.89200E+01   1.20000E-01   6.18136E-01   1.45978E-03   9.31709E-04   0.00000E+00   4.21444E-02   1.00000E+00   0.00000E+00   1.93789E+00   1.96157E-15            16   3.92693E-10   3.11327E+00
         742   8.90400E+01   1.20000E-01   6.18136E-01   1.46345E-03   9.37124E-04   0.00000E+00   4.19848E-02   1.00000E+00   0.00000E+00   1.93789E+00   1.94843E-15            16   3.94337E-10   3.11336E+00
         743   8.91600E+01   1.20000E-01   6.18136E-01   1.46709E-03   9.42511E-04   0.00000E+00   4.18239E-02   1.00000E+00   0.00000E+00   1.93789E+00   1.93264E-15            16   3.95630E-10   3.11345E+00
         744   8.92800E+01   1.20000E-01   6.18136E-01   1.47071E-03   9.47868E-04   0.00000E+00   4.16625E-02   1.00000E+00   0.00000E+00   1.93789E+00   1.93151E-15            16   3.95769E-10   3.11353E+00
         745   8.94000E+01   1.20000E-01   6.18136E-01   1.47429E-03   9.53197E-04   0.00000E+00   4.14998E-02   1.00000E+00   0.00000E+00   1.93789E+00   1.90403E-15            16   3.96377E-10   3.11362E+00
         746   8.95200E+01   1.20000E-01   6.18136E-01   1.47784E-03   9.58496E-04   0.00000E+00   4.13367E-02   1.00000E+00   0.00000E+00   1.93789E+00   1.89336E-15            16   3.97708E-10   3.11371E+00
         747   8.96400E+01   1.20000E-01   6.18136E-01   1.48136E-03   9.63767E-04   0.00000E+00   4.11736E-02   1.00000E+00   0.00000E+00   1.93789E+00   1.87267E-15            16   3.98537E-10   3.11380E+00
         748   8.97600E+01   1.20000E-01   6.18136E-01   1.48484E-03   9.69009E-04   0.00000E+00   4.10100E-02   1.00000E+00   0.00000E+00   1.93789E+00   1.85326E-15            16   4.01216E-10   3.11389E+00
         749   8.98800E+01   1.20000E-01   6.18136E-01   1.48830E-03   9.74223E-04   0.00000E+00   4.08453E-02   1.00000E+00   0.00000E+00   1.93789E+00   1.83256E-15            16   4.02272E-10   3.11398E+00
         750   9.00000E+01   1.20000E-01   6.18136E-01   1.49172E-03   9.79407E-04   0.00000E+00   4.06800E-02   1.00000E+00   0.00000E+00   1.93789E+00   1.80567E-15            16   4.05045E-10   3.11407E+00
         751   9.01200E+01   1.20000E-01   6.18136E-01   1.49511E-03   9.84563E-04   0.00000E+00   4.05136E-02   1.00000E+00   0.00000E+00   1.93789E+00   1.78446E-15            16   4.06276E-10   3.11417E+00
         752   9.02400E+01   1.20000E-01   6.18136E-01   1.49846E-03   9.89689E-04   0.00000E+00   4.03467E-02   1.00000E+00   0.00000E+00   1.93789E+00   1.83547E-15            16   4.08283E-10   3.11426E+00
         753   9.03600E+01   1.20000E-01   6.18136E-01   1.50178E-03   9.94785E-04   0.00000E+00   4.01788E-02   1.00000E+00   0.00000E+00   1.93789E+00   1.77457E-15            16   4.07294E-10   3.11435E+00
         754   9.04800E+01   1.20000E-01   6.18136E-01   1.50507E-03   9.99852E-04   0.00000E+00   4.00105E-02   1.00000E+00   0.00000E+00   1.93789E+00   1.76218E-15            16   4.08471E-10   3.11444E+00
         755   9.06000E+01   1.20000E-01   6.18136E-01   1.50833E-03   1.00489E-03   0.00000E+00   3.98426E-02   1.00000E+00   0.00000E+00   1.93789E+00   1.75557E-15            16   4.09282E-10   3.11454E+00
         756   9.07200E+01   1.20000E-01   6.18136E-01   1.51155E-03   1.00990E-03   0.00000E+00   3.96740E-02   1.00000E+00   0.00000E+00   1.93789E+00   1.75379E-15            16   4.08454E-10   3.11463E+00
         757   9.08400E+01   1.20000E-01   6.18136E-01   1.51475E-03   1.01488E-03   0.00000E+00   3.95046E-02   1.00000E+00   0.00000E+00   1.93789E+00   1.74874E-15            16   4.10215E-10   3.11473E+00
         758   9.09600E+01   1.20000E-01   6.18136E-01   1.51791E-03   1.01983E-03   0.00000E+00   3.93344E-02   1.00000E+00   0.00000E+00   1.93789E+00   1.73176E-15            16   4.14137E-10   3.11482E+00
         759   9.10800E+01   1.20000E-01   6.18136E-01   1.52104E-03   1.02475E-03   0.00000E+00   3.91634E-02   1.00000E+00   0.00000E+00   1.93789E+00   1.69085E-15            16   4.14554E-10   3.11492E+00
         760   9.12000E+01   1.20000E-01   6.18136E-01   1.52414E-03   1.02964E-03   0.00000E+00   3.89916E-02   1.00000E+00   0.00000E+00   1.93789E+00   1.64700E-15            16   4.15722E-10   3.11501E+00
         761   9.13200E+01   1.20000E-01   6.18136E-01   1.52720E-03   1.03451E-03   0.00000E+00   3.88190E-02   1.00000E+00   0.00000E+00   1.93789E+00   1.70873E-15            16   4.14730E-10   3.11511E+00
         762   9.14400E+01   1.20000E-01   6.18136E-01   1.53024E-03   1.03934E-03   0.00000E+00   3.86457E-02   1.00000E+00   0.00000E+00   1.93789E+00   1.66692E-15            16   4.17431E-10   3.11521E+00
         763   9.15600E+01   1.20000E-01   6.18136E-01   1.53324E-03   1.04414E-03   0.00000E+00   3.84716E-02   1.00000E+00   0.00000E+00   1.93789E+00   1.67935E-15            16   4.15771E-10   3.11531E+00
         764   9.16800E+01   1.20000E-01   6.18136E-01   1.53621E-03   1.04891E-03   0.00000E+00   3.82980E-02   1.00000E+00   0.00000E+00   1.93789E+00   1.64303E-15            16   4.17857E-10   3.11540E+00
         765   9.18000E+01   1.20000E-01   6.18136E-01   1.53914E-03   1.05365E-03   0.00000E+00   3.81237E-02   1.00000E+00   0.00000E+00   1.93789E+00   1.65372E-15            16   4.19391E-10   3.11550E+00
         766   9.19200E+01   1.20000E-01   6.18136E-01   1.54204E-03   1.05837E-03   0.00000E+00   3.79485E-02   1.00000E+00   0.00000E+00   1.93789E+00   1.62811E-15            16   4.20149E-10   3.11560E+00
         767   9.20400E+01   1.20000E-01   6.18136E-01   1.54489E-03   1.06305E-03   0.00000E+00   3.77731E-02   1.00000E+00   0.00000E+00   1.93789E+00   1.61783E-15            16   4.22792E-10   3.11570E+00
         768   9.21600E+01   1.20000E-01   6.18136E-01   1.54772E-03   1.06770E-03   0.00000E+00   3.75960E-02   1.00000E+00   0.00000E+00   1.93789E+00   1.60409E-15            16   4.22209E-10   3.11580E+00
         769   9.22800E+01   1.20000E-01   6.18136E-01   1.55050E-03   1.07232E-03   0.00000E+00   3.74187E-02   1.00000E+00   0.00000E+00   1.93789E+00   1.59382E-15            16   4.24190E-10   3.11590E+00
         770   9.24000E+01   1.20000E-01   6.18136E-01   1.55324E-03   1.07691E-03   0.00000E+00   3.72405E-02   1.00000E+00   0.00000E+00   1.93789E+00   1.57988E-15            16   4.23614E-10   3.11600E+00
         771   9.25200E+01   1.20000E-01   6.18136E-01   1.55595E-03   1.08147E-03   0.00000E+00   3.70615E-02   1.00000E+00   0.00000E+00   1.93789E+00   1.57890E-15            16   4.25012E-10   3.11610E+00
         772   9.26400E+01   1.20000E-01   6.18136E-01   1.55862E-03   1.08600E-03   0.00000E+00   3.68818E-02   1.00000E+00   0.00000E+00   1.93789E+00   1.56372E-15            16   4.25969E-10   3.11620E+00
         773   9.27600E+01   1.20000E-01   6.18136E-01   1.56123E-03   1.09050E-03   0.00000E+00   3.67022E-02   1.00000E+00   0.00000E+00   1.93789E+00   1.53859E-15            16   4.28621E-10   3.11631E+00
         774   9.28800E+01   1.20000E-01   6.18136E-01   1.56382E-03   1.09496E-03   0.00000E+00   3.65859E-02   1.00000E+00   0.00000E+00   1.93789E+00   1.53429E-15            16   4.33430E-10   3.11641E+00
         775   9.30000E+01   1.20000E-01   6.18136E-01   1.56635E-03   1.09940E-03   0.00000E+00   3.64860E-02   1.00000E+00   0.00000E+00   1.93789E+00   1.51896E-15            16   4.31194E-10   3.11651E+00
         776   9.31200E+01   1.20000E-01   6.18136E-01   1.56885E-03   1.10380E-03   0.00000E+00   3.63858E-02   1.00000E+00   0.00000E+00   1.93789E+00   1.49523E-15            16   4.31500E-10   3.11662E+00
         777   9.32400E+01   1.20000E-01   6.18136E-01   1.57131E-03   1.10818E-03   0.00000E+00   3.62844E-02   1.00000E+00   0.00000E+00   1.93789E+00   1.48084E-15            16   4.33622E-10   3.11672E+00
         778   9.33600E+01   1.20000E-01   6.18136E-01   1.57372E-03   1.11252E-03   0.00000E+00   3.61818E-02   1.00000E+00   0.00000E+00   1.93789E+00   1.47385E-15            16   4.33129E-10   3.11682E+00
         779   9.34800E+01   1.20000E-01   6.18136E-01   1.57610E-03   1.11684E-03   0.00000E+00   3.60787E-02   1.00000E+00   0.00000E+00   1.93789E+00   1.45990E-15            16   4.34194E-10   3.11693E+00
         780   9.36000E+01   1.20000E-01   6.18136E-01   1.57844E-03   1.12112E-03   0.00000E+00   3.59745E-02   1.00000E+00   0.00000E+00   1.93789E+00   1.44339E-15            16   4.36661E-10   3.11703E+00
         781   9.37200E+01   1.20000E-01   6.18136E-01   1.58075E-03   1.12538E-03   0.00000E+00   3.58690E-02   1.00000E+00   0.00000E+00   1.93789E+00   1.43464E-15            16   4.37868E-10   3.11714E+00
         782   9.38400E+01   1.20000E-01   6.18136E-01   1.58303E-03   1.12960E-03   0.00000E+00   3.57631E-02   1.00000E+00   0.00000E+00   1.93789E+00   1.33096E-15            16   4.42976E-10   3.11724E+00
         783   9.39600E+01   1.20000E-01   6.18136E-01   1.58528E-03   1.13379E-03   0.00000E+00   3.56560E-02   1.00000E+00   0.00000E+00   1.93789E+00   1.38585E-15            16   4.40951E-10   3.11735E+00
         784   9.40800E+01   1.20000E-01   6.18136E-01   1.58749E-03   1.13794E-03   0.00000E+00   3.55479E-02   1.00000E+00   0.00000E+00   1.93789E+00   1.32222E-15            16   4.44103E-10   3.11746E+00
         785   9.42000E+01   1.20000E-01   6.18136E-01   1.58968E-03   1.14207E-03   0.00000E+00   3.54390E-02   1.00000E+00   0.00000E+00   1.93789E+00   1.36882E-15            16   4.42897E-10   3.11756E+00
         786   9.43200E+01   1.20000E-01   6.18136E-01   1.59183E-03   1.14616E-03   0.00000E+00   3.53297E-02   1.00000E+00   0.00000E+00   1.93789E+00   1.32985E-15            16   4.45726E-10   3.11767E+00
         787   9.44400E+01   1.20000E-01   6.18136E-01   1.59395E-03   1.15021E-03   0.00000E+00   3.52194E-02   1.00000E+00   0.00000E+00   1.93789E+00   1.35549E-15            16   4.44449E-10   3.11778E+00
         788   9.45600E+01   1.20000E-01   6.18136E-01   1.59604E-03   1.15424E-03   0.00000E+00   3.51084E-02   1.00000E+00   0.00000E+00   1.93789E+00   1.33784E-15            16   4.45991E-10   3.11789E+00
         789   9.46800E+01   1.20000E-01   6.18136E-01   1.59809E-03   1.15823E-03   0.00000E+00   3.49961E-02   1.00000E+00   0.00000E+00   1.93789E+00   1.31175E-15            16   4.48619E-10   3.11800E+00
         790   9.48000E+01   1.20000E-01   6.18136E-01   1.60011E-03   1.16218E-03   0.00000E+00   3.48837E-02   1.00000E+00   0.00000E+00   1.93789E+00   1.27444E-15            16   4.51709E-10   3.11811E+00
         791   9.49200E+01   1.20000E-01   6.18136E-01   1.60209E-03   1.16611E-03   0.00000E+00   3.47706E-02   1.00000E+00   0.00000E+00   1.93789E+00   1.29095E-15            16   4.49530E-10   3.11821E+00
         792   9.50400E+01   1.20000E-01   6.18136E-01   1.60403E-03   1.17000E-03   0.00000E+00   3.46562E-02   1.00000E+00   0.00000E+00   1.93789E+00   1.28581E-15            16   4.50347E-10   3.11832E+00
         793   9.51600E+01   1.20000E-01   6.18136E-01   1.60593E-03   1.17386E-03   0.00000E+00   3.45410E-02   1.00000E+00   0.00000E+00   1.93789E+00   1.27706E-15            16   4.51245E-10   3.11843E+00
         794   9.52800E+01   1.20000E-01   6.18136E-01   1.60779E-03   1.17769E-03   0.00000E+00   3.44249E-02   1.00000E+00   0.00000E+00   1.93789E+00   1.25821E-15            16   4.52328E-10   3.11854E+00
         795   9.54000E+01   1.20000E-01   6.18136E-01   1.60961E-03   1.18148E-03   0.00000E+00   3.43086E-02   1.00000E+00   0.00000E+00   1.93789E+00   1.23686E-15            16   4.53433E-10   3.11866E+00
         796   9.55200E+01   1.20000E-01   6.18136E-01   1.61138E-03   1.18525E-03   0.00000E+00   3.41910E-02   1.00000E+00   0.00000E+00   1.93789E+00   1.20806E-15            16   4.57236E-10   3.11877E+00
         797   9.56400E+01   1.20000E-01   6.18136E-01   1.61312E-03   1.18898E-03   0.00000E+00   3.40724E-02   1.00000E+00   0.00000E+00   1.93789E+00   1.20343E-15            16   4.58411E-10   3.11888E+00
         798   9.57600E+01   1.20000E-01   6.18136E-01   1.61482E-03   1.19268E-03   0.00000E+00   3.39529E-02   1.00000E+00   0.00000E+00   1.93789E+00   1.14012E-15            16   4.61922E-10   3.11899E+00
         799   9.58800E+01   1.20000E-01   6.18136E-01   1.61647E-03   1.19635E-03   0.00000E+00   3.38324E-02   1.00000E+00   0.00000E+00   1.93789E+00   1.16564E-15            16   4.61282E-10   3.11910E+00
         800   9.60000E+01   1.20000E-01   6.18136E-01   1.61809E-03   1.19999E-03   0.00000E+00   3.37110E-02   1.00000E+00   0.00000E+00   1.93789E+00   1.08480E-15            16   4.64782E-10   3.11921E+00
         801   9.61200E+01   1.20000E-01   6.18136E-01   1.61966E-03   1.20360E-03   0.00000E+00   3.35885E-02   1.00000E+00   0.00000E+00   1.93789E+00   1.11124E-15            16   4.64377E-10   3.11933E+00
         802   9.62400E+01   1.20000E-01   6.18136E-01   1.62119E-03   1.20717E-03   0.00000E+00   3.34652E-02   1.00000E+00   0.00000E+00   1.93789E+00   1.03668E-15            16   4.67331E-10   3.11944E+00
         803   9.63600E+01   1.20000E-01   6.18136E-01   1.62268E-03   1.21071E-03   0.00000E+00   3.33410E-02   1.00000E+00   0.00000E+00   1.93789E+00   1.06630E-15            16   4.66644E-10   3.11955E+00
         804   9.64800E+01   1.20000E-01   6.18136E-01   1.62414E-03   1.21422E-03   0.00000E+00   3.32159E-02   1.00000E+00   0.00000E+00   1.93789E+00   1.00513E-15            16   4.69694E-10   3.11967E+00
         805   9.66000E+01   1.20000E-01   6.18136E-01   1.62555E-03   1.21769E-03   0.00000E+00   3.30899E-02   1.00000E+00   0.00000E+00   1.93789E+00   1.08899E-15            16   4.66702E-10   3.11978E+00
         806   9.67200E+01   1.20000E-01   6.18136E-01   1.62693E-03   1.22114E-03   0.00000E+00   3.29630E-02   1.00000E+00   0.00000E+00   1.93789E+00   1.07377E-15            16   4.66037E-10   3.11990E+00
         807   9.68400E+01   1.20000E-01   6.18136E-01   1.62826E-03   1.22455E-03   0.00000E+00   3.28352E-02   1.00000E+00   0.00000E+00   1.93789E+00   1.05116E-15            16   4.67715E-10   3.12001E+00
         808   9.69600E+01   1.20000E-01   6.18136E-01   1.62956E-03   1.22792E-03   0.00000E+00   3.27066E-02   1.00000E+00   0.00000E+00   1.93789E+00   1.03031E-15            16   4.70630E-10   3.12012E+00
         809   9.70800E+01   1.20000E-01   6.18136E-01   1.63083E-03   1.23127E-03   0.00000E+00   3.25771E-02   1.00000E+00   0.00000E+00   1.93789E+00   9.97134E-16            16   4.72892E-10   3.12024E+00
         810   9.72000E+01   1.20000E-01   6.18136E-01   1.63205E-03   1.23458E-03   0.00000E+00   3.24468E-02   1.00000E+00   0.00000E+00   1.93789E+00   9.60110E-16            16   4.76688E-10   3.12036E+00
         811   9.73200E+01   1.20000E-01   6.18136E-01   1.63324E-03   1.23786E-03   0.00000E+00   3.23156E-02   1.00000E+00   0.00000E+00   1.93789E+00   9.27656E-16            16   4.77154E-10   3.12047E+00
         812   9.74400E+01   1.20000E-01   6.18136E-01   1.63439E-03   1.24110E-03   0.00000E+00   3.21838E-02   1.00000E+00   0.00000E+00   1.93789E+00   9.01568E-16            16   4.79523E-10   3.12059E+00
         813   9.75600E+01   1.20000E-01   6.18136E-01   1.63549E-03   1.24432E-03   0.00000E+00   3.20511E-02   1.00000E+00   0.00000E+00   1.93789E+00   8.94962E-16            16   4.79582E-10   3.12070E+00
         814   9.76800E+01   1.20000E-01   6.18136E-01   1.63655E-03   1.24750E-03   0.00000E+00   3.19177E-02   1.00000E+00   0.00000E+00   1.93789E+00   8.79503E-16            16   4.82076E-10   3.12082E+00
         815   9.78000E+01   1.20000E-01   6.18136E-01   1.63757E-03   1.25064E-03   0.00000E+00   3.17836E-02   1.00000E+00   0.00000E+00   1.93789E+00   9.17305E-16            16   4.79198E-10   3.12094E+00
         816   9.79200E+01   1.20000E-01   6.18136E-01   1.63854E-03   1.25375E-03   0.00000E+00   3.16488E-02   1.00000E+00   0.00000E+00   1.93789E+00   9.17505E-16            16   4.79227E-10   3.12105E+00
         817   9.80400E+01   1.20000E-01   6.18136E-01   1.63946E-03   1.25683E-03   0.00000E+00   3.15132E-02   1.00000E+00   0.00000E+00   1.93789E+00   8.93958E-16            16   4.80504E-10   3.12117E+00
         818   9.81600E+01   1.20000E-01   6.18136E-01   1.64035E-03   1.25987E-03   0.00000E+00   3.13771E-02   1.00000E+00   0.00000E+00   1.93789E+00   8.54351E-16            16   4.84008E-10   3.12129E+00
         819   9.82800E+01   1.20000E-01   6.18136E-01   1.64118E-03   1.26288E-03   0.00000E+00   3.12401E-02   1.00000E+00   0.00000E+00   1.93789E+00   8.35038E-16            16   4.87255E-10   3.12141E+00
         820   9.84000E+01   1.20000E-01   6.18136E-01   1.64197E-03   1.26585E-03   0.00000E+00   3.11029E-02   1.00000E+00   0.00000E+00   1.93789E+00   8.26594E-16            16   4.87407E-10   3.12153E+00
         821   9.85200E+01   1.20000E-01   6.18136E-01   1.64271E-03   1.26879E-03   0.00000E+00   3.09648E-02   1.00000E+00   0.00000E+00   1.93789E+00   8.31396E-16            16   4.86616E-10   3.12164E+00
         822   9.86400E+01   1.20000E-01   6.18136E-01   1.64341E-03   1.27169E-03   0.00000E+00   3.08260E-02   1.00000E+00   0.00000E+00   1.93789E+00   8.20086E-16            16   4.85578E-10   3.12176E+00
         823   9.87600E+01   1.20000E-01   6.18136E-01   1.64407E-03   1.27456E-03   0.00000E+00   3.06861E-02   1.00000E+00   0.00000E+00   1.93789E+00   8.07322E-16            16   4.84979E-10   3.12188E+00
         824   9.88800E+01   1.20000E-01   6.18136E-01   1.64468E-03   1.27740E-03   0.00000E+00   3.05458E-02   1.00000E+00   0.00000E+00   1.93789E+00   7.95309E-16            16   4.85424E-10   3.12200E+00
         825   9.90000E+01   1.20000E-01   6.18136E-01   1.64524E-03   1.28020E-03   0.00000E+00   3.04043E-02   1.00000E+00   0.00000E+00   1.93789E+00   8.46825E-16            16   4.91665E-10   3.12212E+00
         826   9.91200E+01   1.20000E-01   6.18136E-01   1.64577E-03   1.28296E-03   0.00000E+00   3.02618E-02   1.00000E+00   0.00000E+00   1.93789E+00   8.32036E-16            16   4.90518E-10   3.12224E+00
         827   9.92400E+01   1.20000E-01   6.18136E-01   1.64625E-03   1.28570E-03   0.00000E+00   3.01185E-02   1.00000E+00   0.00000E+00   1.93789E+00   8.20402E-16            16   4.93234E-10   3.12236E+00
         828   9.93600E+01   1.20000E-01   6.18136E-01   1.64670E-03   1.28840E-03   0.00000E+00   2.99733E-02   1.00000E+00   0.00000E+00   1.93789E+00   8.27793E-16            16   4.93891E-10   3.12248E+00
         829   9.94800E+01   1.20000E-01   6.18136E-01   1.64709E-03   1.29108E-03   0.00000E+00   2.98267E-02   1.00000E+00   0.00000E+00   1.93789E+00   8.12034E-16            16   4.96121E-10   3.12260E+00
         830   9.96000E+01   1.20000E-01   6.18136E-01   1.64745E-03   1.29372E-03   0.00000E+00   2.96796E-02   1.00000E+00   0.00000E+00   1.93789E+00   7.56175E-16            16   4.89812E-10   3.12272E+00
         831   9.97200E+01   1.20000E-01   6.18136E-01   1.64775E-03   1.29633E-03   0.00000E+00   2.95312E-02   1.00000E+00   0.00000E+00   1.93789E+00   7.76674E-16            16   4.92240E-10   3.12284E+00
         832   9.98400E+01   1.20000E-01   6.18136E-01   1.64801E-03   1.29891E-03   0.00000E+00   2.93817E-02   1.00000E+00   0.00000E+00   1.93789E+00   7.03136E-16            16   4.90933E-10   3.12296E+00
         833   9.99600E+01   1.20000E-01   6.18136E-01   1.64822E-03   1.30147E-03   0.00000E+00   2.92310E-02   1.00000E+00   0.00000E+00   1.93789E+00   7.20490E-16            16   4.92377E-10   3.12309E+00
         834   1.00080E+02   1.20000E-01   6.18136E-01   1.64838E-03   1.30399E-03   0.00000E+00   2.90800E-02   1.00000E+00   0.00000E+00   1.93789E+00   6.83040E-16            16   4.98901E-10   3.12321E+00
         835   1.00200E+02   1.20000E-01   6.18136E-01   1.64849E-03   1.30648E-03   0.00000E+00   2.89281E-02   1.00000E+00   0.00000E+00   1.93789E+00   6.69413E-16            16   4.95962E-10   3.12333E+00
         836   1.00320E+02   1.20000E-01   6.18136E-01   1.64856E-03   1.30895E-03   0.00000E+00   2.87752E-02   1.00000E+00   0.00000E+00   1.93789E+00   6.49154E-16            16   5.02633E-10   3.12345E+00
         837   1.00440E+02   1.20000E-01   6.18136E-01   1.64857E-03   1.31138E-03   0.00000E+00   2.86215E-02   1.00000E+00   0.00000E+00   1.93789E+00   6.36004E-16            16   5.05205E-10   3.12357E+00
         838   1.00560E+02   1.20000E-01   6.18136E-01   1.64854E-03   1.31378E-03   0.00000E+00   2.84677E-02   1.00000E+00   0.00000E+00   1.93789E+00   6.01408E-16            16   5.09518E-10   3.12370E+00
         839   1.00680E+02   1.20000E-01   6.18136E-01   1.64846E-03   1.31615E-03   0.00000E+00   2.83125E-02   1.00000E+00   0.00000E+00   1.93789E+00   6.12007E-16            16   5.07357E-10   3.12382E+00
         840   1.00800E+02   1.20000E-01   6.18136E-01   1.64833E-03   1.31848E-03   0.00000E+00   2.81571E-02   1.00000E+00   0.00000E+00   1.93789E+00   5.72435E-16            16   5.12797E-10   3.12394E+00
         841   1.00920E+02   1.20000E-01   6.18136E-01   1.64815E-03   1.32078E-03   0.00000E+00   2.80011E-02   1.00000E+00   0.00000E+00   1.93789E+00   5.74965E-16            16   5.11458E-10   3.12406E+00
         842   1.01040E+02   1.20000E-01   6.18136E-01   1.64793E-03   1.32305E-03   0.00000E+00   2.78442E-02   1.00000E+00   0.00000E+00   1.93789E+00   5.52335E-16            16   5.14220E-10   3.12419E+00
         843   1.01160E+02   1.20000E-01   6.18136E-01   1.64765E-03   1.32528E-03   0.00000E+00   2.76865E-02   1.00000E+00   0.00000E+00   1.93789E+00   5.49664E-16            16   5.17699E-10   3.12431E+00
         844   1.01280E+02   1.20000E-01   6.18136E-01   1.64733E-03   1.32748E-03   0.00000E+00   2.75287E-02   1.00000E+00   0.00000E+00   1.93789E+00   5.35309E-16            16   5.22262E-10   3.12443E+00
         845   1.01400E+02   1.20000E-01   6.18136E-01   1.64695E-03   1.32964E-03   0.00000E+00   2.73692E-02   1.00000E+00   0.00000E+00   1.93789E+00   5.44728E-16            16   5.30421E-10   3.12456E+00
         846   1.01520E+02   1.20000E-01   6.18136E-01   1.64653E-03   1.33177E-03   0.00000E+00   2.72094E-02   1.00000E+00   0.00000E+00   1.93789E+00   5.20681E-16            16   5.31583E-10   3.12468E+00
         847   1.01640E+02   1.20000E-01   6.18136E-01   1.64606E-03   1.33386E-03   0.00000E+00   2.70482E-02   1.00000E+00   0.00000E+00   1.93789E+00   5.09360E-16            16   5.36878E-10   3.12480E+00
         848   1.01760E+02   1.20000E-01   6.18136E-01   1.64553E-03   1.33591E-03   0.00000E+00   2.68867E-02   1.00000E+00   0.00000E+00   1.93789E+00   5.15567E-16            16   5.39480E-10   3.12493E+00
         849   1.01880E+02   1.20000E-01   6.18136E-01   1.64497E-03   1.33794E-03   0.00000E+00   2.67237E-02   1.00000E+00   0.00000E+00   1.93789E+00   4.96014E-16            16   5.43918E-10   3.12505E+00
         850   1.02000E+02   1.20000E-01   6.18136E-01   1.64435E-03   1.33992E-03   0.00000E+00   2.65605E-02   1.00000E+00   0.00000E+00   1.93789E+00   5.00142E-16            16   5.46457E-10   3.12518E+00
         851   1.02120E+02   1.20000E-01   6.18136E-01   1.64369E-03   1.34188E-03   0.00000E+00   2.63958E-02   1.00000E+00   0.00000E+00   1.93789E+00   4.85449E-16            16   5.48981E-10   3.12530E+00
         852   1.02240E+02   1.20000E-01   6.18136E-01   1.64297E-03   1.34379E-03   0.00000E+00   2.62309E-02   1.00000E+00   0.00000E+00   1.93789E+00   4.70186E-16            16   5.52450E-10   3.12543E+00
         853   1.02360E+02   1.20000E-01   6.18136E-01   1.64220E-03   1.34568E-03   0.00000E+00   2.60650E-02   1.00000E+00   0.00000E+00   1.93789E+00   4.64002E-16            16   5.52260E-10   3.12555E+00
         854   1.02480E+02   1.20000E-01   6.18136E-01   1.64138E-03   1.34753E-03   0.00000E+00   2.58986E-02   1.00000E+00   0.00000E+00   1.93789E+00   4.37086E-16            16   5.53310E-10   3.12568E+00
         855   1.02600E+02   1.20000E-01   6.18136E-01   1.64052E-03   1.34934E-03   0.00000E+00   2.57311E-02   1.00000E+00   0.00000E+00   1.93789E+00   4.04773E-16            16   5.54189E-10   3.12580E+00
         856   1.02720E+02   1.20000E-01   6.18136E-01   1.63960E-03   1.35112E-03   0.00000E+00   2.55632E-02   1.00000E+00   0.00000E+00   1.93789E+00   3.99338E-16            16   5.53166E-10   3.12593E+00
         857   1.02840E+02   1.20000E-01   6.18136E-01   1.63862E-03   1.35287E-03   0.00000E+00   2.53941E-02   1.00000E+00   0.00000E+00   1.93789E+00   3.72114E-16            16   5.52728E-10   3.12605E+00
         858   1.02960E+02   1.20000E-01   6.18136E-01   1.63759E-03   1.35458E-03   0.00000E+00   2.52246E-02   1.00000E+00   0.00000E+00   1.93789E+00   3.75376E-16            16   5.49844E-10   3.12618E+00
         859   1.03080E+02   1.20000E-01   6.18136E-01   1.63650E-03   1.35625E-03   0.00000E+00   2.50539E-02   1.00000E+00   0.00000E+00   1.93789E+00   3.55517E-16            16   5.47307E-10   3.12630E+00
         860   1.03200E+02   1.20000E-01   6.18136E-01   1.63536E-03   1.35790E-03   0.00000E+00   2.48829E-02   1.00000E+00   0.00000E+00   1.93789E+00   3.70482E-16            16   5.42872E-10   3.12643E+00
         861   1.03320E+02   1.20000E-01   6.18136E-01   1.63415E-03   1.35957E-03   0.00000E+00   2.47107E-02   1.00000E+00   0.00000E+00   1.93789E+00   3.41382E-16            16   5.38603E-10   3.12655E+00
         862   1.03440E+02   1.20000E-01   6.18136E-01   1.63289E-03   1.36136E-03   0.00000E+00   2.45382E-02   1.00000E+00   0.00000E+00   1.93789E+00   3.49416E-16            16   5.32619E-10   3.12668E+00
         863   1.03560E+02   1.20000E-01   6.18136E-01   1.63156E-03   1.36312E-03   0.00000E+00   2.43646E-02   1.00000E+00   0.00000E+00   1.93789E+00   3.29213E-16            16   5.25947E-10   3.12680E+00
         864   1.03680E+02   1.20000E-01   6.18136E-01   1.63018E-03   1.36484E-03   0.00000E+00   2.41906E-02   1.00000E+00   0.00000E+00   1.93789E+00   3.26266E-16            16   5.19154E-10   3.12693E+00
         865   1.03800E+02   1.20000E-01   6.18136E-01   1.62874E-03   1.36652E-03   0.00000E+00   2.40155E-02   1.00000E+00   0.00000E+00   1.93789E+00   2.90762E-16            16   5.09542E-10   3.12706E+00
         866   1.03920E+02   1.20000E-01   6.18136E-01   1.62725E-03   1.36817E-03   0.00000E+00   2.38402E-02   1.00000E+00   0.00000E+00   1.93789E+00   2.82703E-16            16   5.00425E-10   3.12718E+00
         867   1.04040E+02   1.20000E-01   6.18136E-01   1.62569E-03   1.36979E-03   0.00000E+00   2.36637E-02   1.00000E+00   0.00000E+00   1.93789E+00   2.50208E-16            16   4.88827E-10   3.12731E+00
         868   1.04160E+02   1.20000E-01   6.18136E-01   1.62407E-03   1.37137E-03   0.00000E+00   2.34869E-02   1.00000E+00   0.00000E+00   1.93789E+00   2.29645E-16            16   4.78668E-10   3.12744E+00
         869   1.04280E+02   1.20000E-01   6.18136E-01   1.62240E-03   1.37292E-03   0.00000E+00   2.33090E-02   1.00000E+00   0.00000E+00   1.93789E+00   2.67327E-16            16   4.67418E-10   3.12756E+00
         870   1.04400E+02   1.20000E-01   6.18136E-01   1.62092E-03   1.37443E-03   0.00000E+00   2.31309E-02   1.00000E+00   0.00000E+00   1.93789E+00   2.79370E-16            16   4.59450E-10   3.12769E+00
         871   1.04520E+02   1.20000E-01   6.18136E-01   1.61976E-03   1.37591E-03   0.00000E+00   2.29516E-02   1.00000E+00   0.00000E+00   1.93789E+00   3.24989E-16            16   4.52126E-10   3.12781E+00
         872   1.04640E+02   1.20000E-01   6.18136E-01   1.61855E-03   1.37735E-03   0.00000E+00   2.27720E-02   1.00000E+00   0.00000E+00   1.93789E+00   3.62562E-16            16   4.48476E-10   3.12794E+00
         873   1.04760E+02   1.20000E-01   6.18136E-01   1.61729E-03   1.37876E-03   0.00000E+00   2.25913E-02   1.00000E+00   0.00000E+00   1.93789E+00   3.65111E-16            16   4.46224E-10   3.12807E+00
         874   1.04880E+02   1.20000E-01   6.18136E-01   1.61597E-03   1.38013E-03   0.00000E+00   2.24103E-02   1.00000E+00   0.00000E+00   1.93789E+00   3.54175E-16            16   4.44761E-10   3.12819E+00
         875   1.05000E+02   1.20000E-01   6.18136E-01   1.61460E-03   1.38147E-03   0.00000E+00   2.22281E-02   1.00000E+00   0.00000E+00   1.93789E+00   3.23187E-16            16   4.42522E-10   3.12832E+00
         876   1.05120E+02   1.20000E-01   6.18136E-01   1.61317E-03   1.38277E-03   0.00000E+00   2.20458E-02   1.00000E+00   0.00000E+00   1.93789E+00   2.92419E-16            16   4.39231E-10   3.12845E+00
         877   1.05240E+02   1.20000E-01   6.18136E-01   1.61169E-03   1.38404E-03   0.00000E+00   2.18622E-02   1.00000E+00   0.00000E+00   1.93789E+00   2.56401E-16            16   4.33563E-10   3.12858E+00
         878   1.05360E+02   1.20000E-01   6.18136E-01   1.61015E-03   1.38528E-03   0.00000E+00   2.16784E-02   1.00000E+00   0.00000E+00   1.93789E+00   2.24203E-16            16   4.26688E-10   3.12870E+00
         879   1.05480E+02   1.20000E-01   6.18136E-01   1.60856E-03   1.38648E-03   0.00000E+00   2.14933E-02   1.00000E+00   0.00000E+00   1.93789E+00   1.99174E-16            16   4.18487E-10   3.12883E+00
         880   1.05600E+02   1.20000E-01   6.18136E-01   1.60691E-03   1.38764E-03   0.00000E+00   2.13082E-02   1.00000E+00   0.00000E+00   1.93789E+00   1.94240E-16            16   4.09148E-10   3.12896E+00
         881   1.05720E+02   1.20000E-01   6.18136E-01   1.60520E-03   1.38877E-03   0.00000E+00   2.11218E-02   1.00000E+00   0.00000E+00   1.93789E+00   1.96868E-16            16   3.98712E-10   3.12908E+00
         882   1.05840E+02   1.20000E-01   6.18136E-01   1.60343E-03   1.38986E-03   0.00000E+00   2.09347E-02   1.00000E+00   0.00000E+00   1.93789E+00   1.91253E-16            16   3.85671E-10   3.12921E+00
         883   1.05960E+02   1.20000E-01   6.18136E-01   1.60161E-03   1.39092E-03   0.00000E+00   2.07470E-02   1.00000E+00   0.00000E+00   1.93789E+00   1.89188E-16            16   3.61743E-10   3.12934E+00
         884   1.06080E+02   1.20000E-01   6.18136E-01   1.59972E-03   1.39194E-03   0.00000E+00   2.05586E-02   1.00000E+00   0.00000E+00   1.93789E+00   1.36041E-16            16   2.62214E-10   3.12946E+00
         885   1.06200E+02   1.20000E-01   6.18136E-01   1.59778E-03   1.39293E-03   0.00000E+00   2.03696E-02   1.00000E+00   0.00000E+00   1.93789E+00   1.98964E-16            16   3.54449E-10   3.12959E+00
         886   1.06320E+02   1.20000E-01   6.18136E-01   1.59577E-03   1.39389E-03   0.00000E+00   2.01800E-02   1.00000E+00   0.00000E+00   1.93789E+00   2.16420E-16            16   3.56957E-10   3.12972E+00
         887   1.06440E+02   1.20000E-01   6.18136E-01   1.59371E-03   1.39480E-03   0.00000E+00   1.99899E-02   1.00000E+00   0.00000E+00   1.93789E+00   2.21767E-16            16   3.47678E-10   3.12985E+00
         888   1.06560E+02   1.20000E-01   6.18136E-01   1.59158E-03   1.39569E-03   0.00000E+00   1.97992E-02   1.00000E+00   0.00000E+00   1.93789E+00   2.14110E-16            16   3.35709E-10   3.12997E+00
         889   1.06680E+02   1.20000E-01   6.18136E-01   1.58939E-03   1.39653E-03   0.00000E+00   1.96080E-02   1.00000E+00   0.00000E+00   1.93789E+00   2.14963E-16            16   3.25824E-10   3.13010E+00
         890   1.06800E+02   1.20000E-01   6.18136E-01   1.58714E-03   1.39734E-03   0.00000E+00   1.94162E-02   1.00000E+00   0.00000E+00   1.93789E+00   2.22349E-16            16   3.31087E-10   3.13023E+00
         891   1.06920E+02   1.20000E-01   6.18136E-01   1.58482E-03   1.39812E-03   0.00000E+00   1.92238E-02   1.00000E+00   0.00000E+00   1.93789E+00   2.49527E-16            16   3.61002E-10   3.13036E+00
         892   1.07040E+02   1.20000E-01   6.18136E-01   1.58244E-03   1.39886E-03   0.00000E+00   1.90308E-02   1.00000E+00   0.00000E+00   1.93789E+00   2.83228E-16            16   3.93685E-10   3.13048E+00
         893   1.07160E+02   1.20000E-01   6.18136E-01   1.58000E-03   1.39956E-03   0.00000E+00   1.88372E-02   1.00000E+00   0.00000E+00   1.93789E+00   2.99918E-16            16   4.12728E-10   3.13061E+00
         894   1.07280E+02   1.20000E-01   6.18136E-01   1.57749E-03   1.40023E-03   0.00000E+00   1.86430E-02   1.00000E+00   0.00000E+00   1.93789E+00   3.10303E-16            16   4.24955E-10   3.13074E+00
         895   1.07400E+02   1.20000E-01   6.18136E-01   1.57491E-03   1.40086E-03   0.00000E+00   1.84481E-02   1.00000E+00   0.00000E+00   1.93789E+00   3.26370E-16            16   4.33609E-10   3.13086E+00
         896   1.07520E+02   1.20000E-01   6.18136E-01   1.57226E-03   1.40146E-03   0.00000E+00   1.82527E-02   1.00000E+00   0.00000E+00   1.93789E+00   3.43737E-16            16   4.41360E-10   3.13099E+00
         897   1.07640E+02   1.20000E-01   6.18136E-01   1.56955E-03   1.40202E-03   0.00000E+00   1.80566E-02   1.00000E+00   0.00000E+00   1.93789E+00   3.54179E-16            16   4.48342E-10   3.13112E+00
         898   1.07760E+02   1.20000E-01   6.18136E-01   1.56677E-03   1.40254E-03   0.00000E+00   1.78599E-02   1.00000E+00   0.00000E+00   1.93789E+00   3.52700E-16            16   4.55125E-10   3.13125E+00
         899   1.07880E+02   1.20000E-01   6.18136E-01   1.56393E-03   1.40303E-03   0.00000E+00   1.76626E-02   1.00000E+00   0.00000E+00   1.93789E+00   3.59955E-16            16   4.61497E-10   3.13137E+00
         900   1.08000E+02   1.20000E-01   6.18136E-01   1.56102E-03   1.40348E-03   0.00000E+00   1.74647E-02   1.00000E+00   0.00000E+00   1.93789E+00   3.73332E-16            16   4.67789E-10   3.13150E+00
         901   1.08120E+02   1.20000E-01   6.18136E-01   1.55803E-03   1.40389E-03   0.00000E+00   1.72661E-02   1.00000E+00   0.00000E+00   1.93789E+00   4.02898E-16            16   4.73508E-10   3.13163E+00
         902   1.08240E+02   1.20000E-01   6.18136E-01   1.55498E-03   1.40427E-03   0.00000E+00   1.70670E-02   1.00000E+00   0.00000E+00   1.93789E+00   3.91334E-16            16   4.79240E-10   3.13175E+00
         903   1.08360E+02   1.20000E-01   6.18136E-01   1.55186E-03   1.40461E-03   0.00000E+00   1.68674E-02   1.00000E+00   0.00000E+00   1.93789E+00   3.90472E-16            16   4.84355E-10   3.13188E+00
         904   1.08480E+02   1.20000E-01   6.18136E-01   1.54867E-03   1.40491E-03   0.00000E+00   1.66671E-02   1.00000E+00   0.00000E+00   1.93789E+00   4.03891E-16            16   4.88585E-10   3.13201E+00
         905   1.08600E+02   1.20000E-01   6.18136E-01   1.54540E-03   1.40518E-03   0.00000E+00   1.64664E-02   1.00000E+00   0.00000E+00   1.93789E+00   4.16093E-16            16   4.92481E-10   3.13214E+00
         906   1.08720E+02   1.20000E-01   6.18136E-01   1.54205E-03   1.40541E-03   0.00000E+00   1.62650E-02   1.00000E+00   0.00000E+00   1.93789E+00   4.31913E-16            16   4.96141E-10   3.13226E+00
         907   1.08840E+02   1.20000E-01   6.18136E-01   1.53862E-03   1.40561E-03   0.00000E+00   1.60632E-02   1.00000E+00   0.00000E+00   1.93789E+00   4.45852E-16            16   4.99594E-10   3.13239E+00
         908   1.08960E+02   1.20000E-01   6.18136E-01   1.53512E-03   1.40576E-03   0.00000E+00   1.58608E-02   1.00000E+00   0.00000E+00   1.93789E+00   4.41190E-16            16   5.02864E-10   3.13252E+00
         909   1.09080E+02   1.20000E-01   6.18136E-01   1.53153E-03   1.40588E-03   0.00000E+00   1.56579E-02   1.00000E+00   0.00000E+00   1.93789E+00   4.47859E-16            16   5.05577E-10   3.13264E+00
         910   1.09200E+02   1.20000E-01   6.18136E-01   1.52786E-03   1.40597E-03   0.00000E+00   1.54545E-02   1.00000E+00   0.00000E+00   1.93789E+00   4.44394E-16            16   5.07507E-10   3.13277E+00
         911   1.09320E+02   1.20000E-01   6.18136E-01   1.52410E-03   1.40601E-03   0.00000E+00   1.52505E-02   1.00000E+00   0.00000E+00   1.93789E+00   4.57604E-16            16   5.09397E-10   3.13290E+00
         912   1.09440E+02   1.20000E-01   6.18136E-01   1.52025E-03   1.40602E-03   0.00000E+00   1.50461E-02   1.00000E+00   0.00000E+00   1.93789E+00   4.68531E-16            16   5.10666E-10   3.13302E+00
         913   1.09560E+02   1.20000E-01   6.18136E-01   1.51632E-03   1.40599E-03   0.00000E+00   1.48411E-02   1.00000E+00   0.00000E+00   1.93789E+00   4.91426E-16            16   5.11618E-10   3.13315E+00
         914   1.09680E+02   1.20000E-01   6.18136E-01   1.51230E-03   1.40592E-03   0.00000E+00   1.46356E-02   1.00000E+00   0.00000E+00   1.93789E+00   5.02504E-16            16   5.12359E-10   3.13327E+00
         915   1.09800E+02   1.20000E-01   6.18136E-01   1.50819E-03   1.40581E-03   0.00000E+00   1.44296E-02   1.00000E+00   0.00000E+00   1.93789E+00   5.15929E-16            16   5.13065E-10   3.13340E+00
         916   1.09920E+02   1.20000E-01   6.18136E-01   1.50399E-03   1.40567E-03   0.00000E+00   1.42231E-02   1.00000E+00   0.00000E+00   1.93789E+00   5.25470E-16            16   5.13364E-10   3.13353E+00
         917   1.10040E+02   1.20000E-01   6.18136E-01   1.49969E-03   1.40549E-03   0.00000E+00   1.40161E-02   1.00000E+00   0.00000E+00   1.93789E+00   5.40772E-16            16   5.13419E-10   3.13365E+00
         918   1.10160E+02   1.20000E-01   6.18136E-01   1.49530E-03   1.40527E-03   0.00000E+00   1.38085E-02   1.00000E+00   0.00000E+00   1.93789E+00   5.45351E-16            16   5.12955E-10   3.13378E+00
         919   1.10280E+02   1.20000E-01   6.18136E-01   1.49082E-03   1.40501E-03   0.00000E+00   1.36005E-02   1.00000E+00   0.00000E+00   1.93789E+00   5.55085E-16            16   5.12533E-10   3.13391E+00
         920   1.10400E+02   1.20000E-01   6.18136E-01   1.48624E-03   1.40471E-03   0.00000E+00   1.33920E-02   1.00000E+00   0.00000E+00   1.93789E+00   5.59531E-16            16   5.11939E-10   3.13403E+00
         921   1.10520E+02   1.20000E-01   6.18136E-01   1.48157E-03   1.40437E-03   0.00000E+00   1.31831E-02   1.00000E+00   0.00000E+00   1.93789E+00   5.61721E-16            16   5.11301E-10   3.13416E+00
         922   1.10640E+02   1.20000E-01   6.18136E-01   1.47679E-03   1.40400E-03   0.00000E+00   1.29736E-02   1.00000E+00   0.00000E+00   1.93789E+00   5.66505E-16            16   5.10483E-10   3.13428E+00
         923   1.10760E+02   1.20000E-01   6.18136E-01   1.47191E-03   1.40358E-03   0.00000E+00   1.27637E-02   1.00000E+00   0.00000E+00   1.93789E+00   5.73706E-16            16   5.09458E-10   3.13441E+00
         924   1.10880E+02   1.20000E-01   6.18136E-01   1.46693E-03   1.40312E-03   0.00000E+00   1.25533E-02   1.00000E+00   0.00000E+00   1.93789E+00   5.77895E-16            16   5.08225E-10   3.13453E+00
         925   1.11000E+02   1.20000E-01   6.18136E-01   1.46184E-03   1.40263E-03   0.00000E+00   1.23425E-02   1.00000E+00   0.00000E+00   1.93789E+00   5.87116E-16            16   5.06869E-10   3.13466E+00
         926   1.11120E+02   1.20000E-01   6.18136E-01   1.45664E-03   1.40209E-03   0.00000E+00   1.21312E-02   1.00000E+00   0.00000E+00   1.93789E+00   6.10509E-16            16   5.05431E-10   3.13478E+00
         927   1.11240E+02   1.20000E-01   6.18136E-01   1.45133E-03   1.40152E-03   0.00000E+00   1.19195E-02   1.00000E+00   0.00000E+00   1.93789E+00   6.29379E-16            16   5.03532E-10   3.13491E+00
         928   1.11360E+02   1.20000E-01   6.18136E-01   1.44591E-03   1.40090E-03   0.00000E+00   1.17073E-02   1.00000E+00   0.00000E+00   1.93789E+00   6.40369E-16            16   5.01896E-10   3.13503E+00
         929   1.11480E+02   1.20000E-01   6.18136E-01   1.44038E-03   1.40024E-03   0.00000E+00   1.14947E-02   1.00000E+00   0.00000E+00   1.93789E+00   6.49354E-16            16   5.00378E-10   3.13516E+00
         930   1.11600E+02   1.20000E-01   6.18136E-01   1.43472E-03   1.39955E-03   0.00000E+00   1.12817E-02   1.00000E+00   0.00000E+00   1.93789E+00   6.54077E-16            16   4.98993E-10   3.13528E+00
         931   1.11720E+02   1.20000E-01   6.18136E-01   1.42894E-03   1.39881E-03   0.00000E+00   1.10682E-02   1.00000E+00   0.00000E+00   1.93789E+00   6.63442E-16            16   4.97318E-10   3.13541E+00
         932   1.11840E+02   1.20000E-01   6.18136E-01   1.42305E-03   1.39802E-03   0.00000E+00   1.08542E-02   1.00000E+00   0.00000E+00   1.93789E+00   6.61358E-16            16   4.95925E-10   3.13553E+00
         933   1.11960E+02   1.20000E-01   6.18136E-01   1.41703E-03   1.39720E-03   0.00000E+00   1.06398E-02   1.00000E+00   0.00000E+00   1.93789E+00   6.66746E-16            16   4.94828E-10   3.13566E+00
         934   1.12080E+02   1.20000E-01   6.18136E-01   1.41088E-03   1.39633E-03   0.00000E+00   1.04250E-02   1.00000E+00   0.00000E+00   1.93789E+00   6.68120E-16            16   4.94140E-10   3.13578E+00
         935   1.12200E+02   1.20000E-01   6.18136E-01   1.40460E-03   1.39542E-03   0.00000E+00   1.02098E-02   1.00000E+00   0.00000E+00   1.93789E+00   6.82120E-16            16   4.92687E-10   3.13591E+00
         936   1.12320E+02   1.20000E-01   6.18136E-01   1.39818E-03   1.39447E-03   0.00000E+00   9.99406E-03   1.00000E+00   0.00000E+00   1.93789E+00   6.97669E-16            16   4.92170E-10   3.13603E+00
         937   1.12440E+02   1.20000E-01   6.18136E-01   1.39161E-03   1.39348E-03   0.00000E+00   9.77793E-03   1.00000E+00   0.00000E+00   1.93789E+00   6.93889E-16            16   4.91088E-10   3.13615E+00
         938   1.12560E+02   1.20000E-01   6.18136E-01   1.38490E-03   1.39244E-03   0.00000E+00   9.56134E-03   1.00000E+00   0.00000E+00   1.93789E+00   7.06439E-16            16   4.90509E-10   3.13628E+00
         939   1.12680E+02   1.20000E-01   6.18136E-01   1.37804E-03   1.39135E-03   0.00000E+00   9.34432E-03   1.00000E+00   0.00000E+00   1.93789E+00   7.17315E-16            16   4.88436E-10   3.13640E+00
         940   1.12800E+02   1.20000E-01   6.18136E-01   1.37212E-03   1.39022E-03   0.00000E+00   9.12683E-03   1.00000E+00   0.00000E+00   1.93789E+00   7.26371E-16            16   4.92523E-10   3.13652E+00
         941   1.12920E+02   1.20000E-01   6.18136E-01   1.36609E-03   1.38905E-03   0.00000E+00   8.90892E-03   1.00000E+00   0.00000E+00   1.93789E+00   7.25438E-16            16   4.89469E-10   3.13665E+00
         942   1.13040E+02   1.20000E-01   6.18136E-01   1.35992E-03   1.38783E-03   0.00000E+00   8.69070E-03   1.00000E+00   0.00000E+00   1.93789E+00   7.13258E-16            16   4.87452E-10   3.13677E+00
         943   1.13160E+02   1.20000E-01   6.18136E-01   1.35360E-03   1.38656E-03   0.00000E+00   8.47209E-03   1.00000E+00   0.00000E+00   1.93789E+00   7.14282E-16            16   4.99675E-10   3.13689E+00
         944   1.13280E+02   1.20000E-01   6.18136E-01   1.34712E-03   1.38525E-03   0.00000E+00   8.25287E-03   1.00000E+00   0.00000E+00   1.93789E+00   6.89069E-16            16   4.97224E-10   3.13702E+00
         945   1.13400E+02   1.20000E-01   6.18136E-01   1.34047E-03   1.38388E-03   0.00000E+00   8.03341E-03   1.00000E+00   0.00000E+00   1.93789E+00   6.89382E-16            16   4.95180E-10   3.13714E+00
         946   1.13520E+02   1.20000E-01   6.18136E-01   1.33364E-03   1.38247E-03   0.00000E+00   7.81326E-03   1.00000E+00   0.00000E+00   1.93789E+00   6.96710E-16            16   5.01272E-10   3.13726E+00
         947   1.13640E+02   1.20000E-01   6.18136E-01   1.32664E-03   1.38101E-03   0.00000E+00   7.59263E-03   1.00000E+00   0.00000E+00   1.93789E+00   7.02954E-16            16   5.02786E-10   3.13738E+00
         948   1.13760E+02   1.20000E-01   6.18136E-01   1.31945E-03   1.37950E-03   0.00000E+00   7.37149E-03   1.00000E+00   0.00000E+00   1.93789E+00   7.29536E-16            16   5.07452E-10   3.13751E+00
         949   1.13880E+02   1.20000E-01   6.18136E-01   1.31207E-03   1.37794E-03   0.00000E+00   7.14984E-03   1.00000E+00   0.00000E+00   1.93789E+00   7.36358E-16            16   5.10219E-10   3.13763E+00
         950   1.14000E+02   1.20000E-01   6.18136E-01   1.30449E-03   1.37632E-03   0.00000E+00   6.92734E-03   1.00000E+00   0.00000E+00   1.93789E+00   7.80571E-16            16   5.18943E-10   3.13775E+00
         951   1.14120E+02   1.20000E-01   6.18136E-01   1.29670E-03   1.37466E-03   0.00000E+00   6.70456E-03   1.00000E+00   0.00000E+00   1.93789E+00   7.86453E-16            16   5.21040E-10   3.13787E+00
         952   1.14240E+02   1.20000E-01   6.18136E-01   1.28869E-03   1.37294E-03   0.00000E+00   6.48118E-03   1.00000E+00   0.00000E+00   1.93789E+00   8.16508E-16            16   5.26697E-10   3.13799E+00
         953   1.14360E+02   1.20000E-01   6.18136E-01   1.28046E-03   1.37116E-03   0.00000E+00   6.25718E-03   1.00000E+00   0.00000E+00   1.93789E+00   8.21198E-16            16   5.32336E-10   3.13811E+00
         954   1.14480E+02   1.20000E-01   6.18136E-01   1.27200E-03   1.36933E-03   0.00000E+00   6.03251E-03   1.00000E+00   0.00000E+00   1.93789E+00   8.41272E-16            16   5.39557E-10   3.13823E+00
         955   1.14600E+02   1.20000E-01   6.18136E-01   1.26327E-03   1.36744E-03   0.00000E+00   5.80713E-03   1.00000E+00   0.00000E+00   1.93789E+00   8.53564E-16            16   5.46537E-10   3.13836E+00
         956   1.14720E+02   1.20000E-01   6.18136E-01   1.25428E-03   1.36549E-03   0.00000E+00   5.58098E-03   1.00000E+00   0.00000E+00   1.93789E+00   8.71312E-16            16   5.54471E-10   3.13848E+00
         957   1.14840E+02   1.20000E-01   6.18136E-01   1.24500E-03   1.36348E-03   0.00000E+00   5.35402E-03   1.00000E+00   0.00000E+00   1.93789E+00   8.93217E-16            16   5.62947E-10   3.13860E+00
         958   1.14960E+02   1.20000E-01   6.18136E-01   1.23544E-03   1.36141E-03   0.00000E+00   5.12614E-03   1.00000E+00   0.00000E+00   1.93789E+00   9.10219E-16            16   5.71287E-10   3.13872E+00
         959   1.15080E+02   1.20000E-01   6.18136E-01   1.22557E-03   1.35927E-03   0.00000E+00   4.89729E-03   1.00000E+00   0.00000E+00   1.93789E+00   9.40322E-16            16   5.82003E-10   3.13884E+00
         960   1.15200E+02   1.20000E-01   6.18136E-01   1.21537E-03   1.35707E-03   0.00000E+00   4.66733E-03   1.00000E+00   0.00000E+00   1.93789E+00   9.60734E-16            16   5.91259E-10   3.13896E+00
         961   1.15320E+02   1.20000E-01   6.18136E-01   1.20481E-03   1.35480E-03   0.00000E+00   4.43616E-03   1.00000E+00   0.00000E+00   1.93789E+00   9.99868E-16            16   6.02145E-10   3.13908E+00
         962   1.15440E+02   1.20000E-01   6.18136E-01   1.19389E-03   1.35245E-03   0.00000E+00   4.20363E-03   1.00000E+00   0.00000E+00   1.93789E+00   1.03116E-15            16   6.13458E-10   3.13919E+00
         963   1.15560E+02   1.20000E-01   6.18136E-01   1.18256E-03   1.35004E-03   0.00000E+00   3.96955E-03   1.00000E+00   0.00000E+00   1.93789E+00   1.07451E-15            16   6.25537E-10   3.13931E+00
         964   1.15680E+02   1.20000E-01   6.18136E-01   1.17080E-03   1.34754E-03   0.00000E+00   3.73371E-03   1.00000E+00   0.00000E+00   1.93789E+00   1.11532E-15            16   6.38470E-10   3.13943E+00
         965   1.15800E+02   1.20000E-01   6.18136E-01   1.15859E-03   1.34496E-03   0.00000E+00   3.49584E-03   1.00000E+00   0.00000E+00   1.93789E+00   1.16121E-15            16   6.52006E-10   3.13955E+00
         966   1.15920E+02   1.20000E-01   6.18136E-01   1.14588E-03   1.34230E-03   0.00000E+00   3.55819E-03   1.00000E+00   0.00000E+00   1.93789E+00   1.20750E-15            16   6.66089E-10   3.13967E+00
         967   1.16040E+02   1.20000E-01   6.18136E-01   1.13264E-03   1.33955E-03   0.00000E+00   3.73043E-03   1.00000E+00   0.00000E+00   1.93789E+00   1.26105E-15            16   6.79927E-10   3.13979E+00
         968   1.16160E+02   1.20000E-01   6.18136E-01   1.11881E-03   1.33671E-03   0.00000E+00   3.90209E-03   1.00000E+00   0.00000E+00   1.93789E+00   1.33854E-15            16   7.00173E-10   3.13991E+00
         969   1.16280E+02   1.20000E-01   6.18136E-01   1.10433E-03   1.33376E-03   0.00000E+00   4.07351E-03   1.00000E+00   0.00000E+00   1.93789E+00   1.42188E-15            16   7.18651E-10   3.14002E+00
         970   1.16400E+02   1.20000E-01   6.18136E-01   1.08913E-03   1.33071E-03   0.00000E+00   4.24466E-03   1.00000E+00   0.00000E+00   1.93789E+00   1.55459E-15            16   7.33517E-10   3.14014E+00
         971   1.16520E+02   1.20000E-01   6.18136E-01   1.07314E-03   1.32754E-03   0.00000E+00   4.41463E-03   1.00000E+00   0.00000E+00   1.93789E+00   1.62682E-15            16   7.33141E-10   3.14026E+00
         972   1.16640E+02   1.20000E-01   6.18136E-01   1.05626E-03   1.32424E-03   0.00000E+00   4.58435E-03   1.00000E+00   0.00000E+00   1.93789E+00   1.77442E-15            16   7.45241E-10   3.14038E+00
         973   1.16760E+02   1.20000E-01   6.18136E-01   1.03989E-03   1.32081E-03   0.00000E+00   4.75225E-03   1.00000E+00   0.00000E+00   1.93789E+00   1.88110E-15            16   7.44714E-10   3.14049E+00
         974   1.16880E+02   1.20000E-01   6.18136E-01   1.02302E-03   1.31722E-03   0.00000E+00   4.91905E-03   1.00000E+00   0.00000E+00   1.93789E+00   2.00037E-15            16   7.47560E-10   3.14061E+00
         975   1.17000E+02   1.20000E-01   6.18136E-01   1.00490E-03   1.31347E-03   0.00000E+00   5.08566E-03   1.00000E+00   0.00000E+00   1.93789E+00   2.02206E-15            16   7.28847E-10   3.14072E+00
         976   1.17120E+02   1.20000E-01   6.18136E-01   9.85286E-04   1.30953E-03   0.00000E+00   5.25015E-03   1.00000E+00   0.00000E+00   1.93789E+00   2.07309E-15            16   6.94409E-10   3.14084E+00
         977   1.17240E+02   1.20000E-01   6.18136E-01   9.63912E-04   1.30537E-03   0.00000E+00   5.41483E-03   1.00000E+00   0.00000E+00   1.93789E+00   1.76561E-15            16   6.05515E-10   3.14096E+00
         978   1.17360E+02   1.20000E-01   6.18136E-01   9.40414E-04   1.30095E-03   0.00000E+00   5.57459E-03   1.00000E+00   0.00000E+00   1.93789E+00   2.01928E-15            16   4.90243E-10   3.14107E+00
         979   1.17480E+02   1.20000E-01   6.18136E-01   9.14239E-04   1.29623E-03   0.00000E+00   5.73196E-03   1.00000E+00   0.00000E+00   1.93789E+00   2.21323E-15            16   3.45372E-10   3.14119E+00
         980   1.17600E+02   1.20000E-01   6.18136E-01   8.84493E-04   1.29113E-03   0.00000E+00   5.87816E-03   1.00000E+00   0.00000E+00   1.93789E+00   5.99791E-15            16   4.29505E-10   3.14130E+00
         981   1.17720E+02   1.20000E-01   6.18136E-01   8.49705E-04   1.28554E-03   0.00000E+00   5.99111E-03   1.00000E+00   0.00000E+00   1.93789E+00   2.52507E-14            16   5.93830E-10   3.14142E+00
         982   1.17840E+02   1.20000E-01   6.18136E-01   8.08228E-04   1.27931E-03   0.00000E+00   6.68806E-03   1.00000E+00   0.00000E+00   1.93789E+00   4.60048E-14            16   5.19422E-10   3.14153E+00
         983   1.17960E+02   1.20000E-01   6.18136E-01   7.57260E-04   1.27214E-03   0.00000E+00   6.95867E-03   1.00000E+00   0.00000E+00   1.93789E+00   2.63892E-14            16   4.62939E-10   3.14165E+00
         984   1.18080E+02   1.20000E-01   6.18136E-01   7.18367E-04   1.26355E-03   0.00000E+00   7.12369E-03   1.00000E+00   0.00000E+00   1.93789E+00   2.59139E-14            16   5.36921E-10   3.14176E+00
         985   1.18200E+02   1.20000E-01   6.18136E-01   7.15335E-04   1.25362E-03   0.00000E+00   7.28198E-03   1.00000E+00   0.00000E+00   1.93789E+00   4.41895E-14            16   6.82492E-10   3.14187E+00
         986   1.18320E+02   1.20000E-01   6.18136E-01   7.12386E-04   1.24430E-03   0.00000E+00   7.44425E-03   1.00000E+00   0.00000E+00   1.93789E+00   1.47216E-14            16   6.53938E-10   3.14199E+00
         987   1.18440E+02   1.20000E-01   6.18136E-01   7.09503E-04   1.23556E-03   0.00000E+00   7.61077E-03   1.00000E+00   0.00000E+00   1.93789E+00   8.09038E-15            16   7.15096E-10   3.14210E+00
         988   1.18560E+02   1.20000E-01   6.18136E-01   7.06675E-04   1.22731E-03   0.00000E+00   7.77723E-03   1.00000E+00   0.00000E+00   1.93789E+00   6.36447E-15            16   7.55080E-10   3.14221E+00
         989   1.18680E+02   1.20000E-01   6.18136E-01   7.03890E-04   1.22007E-03   0.00000E+00   7.94345E-03   1.00000E+00   0.00000E+00   1.93789E+00   5.19230E-15            16   8.48239E-10   3.14232E+00
         990   1.18800E+02   1.20000E-01   6.18136E-01   7.01142E-04   1.21353E-03   0.00000E+00   8.11010E-03   1.00000E+00   0.00000E+00   1.93789E+00   3.78702E-15            16   8.99056E-10   3.14244E+00
         991   1.18920E+02   1.20000E-01   6.18136E-01   6.98424E-04   1.20720E-03   0.00000E+00   8.27699E-03   1.00000E+00   0.00000E+00   1.93789E+00   3.00244E-15            16   8.81579E-10   3.14255E+00
         992   1.19040E+02   1.20000E-01   6.18136E-01   6.95730E-04   1.20106E-03   0.00000E+00   8.44375E-03   1.00000E+00   0.00000E+00   1.93789E+00   2.52596E-15            16   8.47629E-10   3.14266E+00
         993   1.19160E+02   1.20000E-01   6.18136E-01   6.93056E-04   1.19509E-03   0.00000E+00   8.60944E-03   1.00000E+00   0.00000E+00   1.93789E+00   2.12538E-15            16   8.30246E-10   3.14277E+00
         994   1.19280E+02   1.20000E-01   6.18136E-01   6.90398E-04   1.18925E-03   0.00000E+00   8.77523E-03   1.00000E+00   0.00000E+00   1.93789E+00   1.80393E-15            16   8.13265E-10   3.14288E+00
         995   1.19400E+02   1.20000E-01   6.18136E-01   6.87755E-04   1.18353E-03   0.00000E+00   8.93964E-03   1.00000E+00   0.00000E+00   1.93789E+00   1.80235E-15            16   7.91085E-10   3.14299E+00
         996   1.19520E+02   1.20000E-01   6.18136E-01   6.85123E-04   1.17793E-03   0.00000E+00   9.10357E-03   1.00000E+00   0.00000E+00   1.93789E+00   1.74004E-15            16   7.62872E-10   3.14310E+00
         997   1.19640E+02   1.20000E-01   6.18136E-01   6.82500E-04   1.17242E-03   0.00000E+00   9.26803E-03   1.00000E+00   0.00000E+00   1.93789E+00   1.76284E-15            16   7.47985E-10   3.14321E+00
         998   1.19760E+02   1.20000E-01   6.18136E-01   6.79884E-04   1.16700E-03   0.00000E+00   9.43208E-03   1.00000E+00   0.00000E+00   1.93789E+00   1.73808E-15            16   7.43967E-10   3.14332E+00
         999   1.19880E+02   1.20000E-01   6.18136E-01   6.77275E-04   1.16165E-03   0.00000E+00   9.59567E-03   1.00000E+00   0.00000E+00   1.93789E+00   1.67014E-15            16   7.35724E-10   3.14343E+00
        1000   1.20000E+02   1.20000E-01   6.18136E-01   6.74672E-04   1.15638E-03   0.00000E+00   9.75875E-03   1.00000E+00   0.00000E+00   1.93789E+00   1.67695E-15            16   7.28878E-10   3.14354E+00
        1001   1.20120E+02   1.20000E-01   6.18136E-01   6.72072E-04   1.15118E-03   0.00000E+00   9.92130E-03   1.00000E+00   0.00000E+00   1.93789E+00   1.68822E-15            16   7.23216E-10   3.14365E+00
        1002   1.20240E+02   1.20000E-01   6.18136E-01   6.69475E-04   1.14604E-03   0.00000E+00   1.00833E-02   1.00000E+00   0.00000E+00   1.93789E+00   1.67661E-15            16   7.17362E-10   3.14376E+00
        1003   1.20360E+02   1.20000E-01   6.18136E-01   6.66880E-04   1.14096E-03   0.00000E+00   1.02446E-02   1.00000E+00   0.00000E+00   1.93789E+00   1.64875E-15            16   7.11282E-10   3.14387E+00
        1004   1.20480E+02   1.20000E-01   6.18136E-01   6.64288E-04   1.13593E-03   0.00000E+00   1.04054E-02   1.00000E+00   0.00000E+00   1.93789E+00   1.61253E-15            16   7.04678E-10   3.14397E+00
        1005   1.20600E+02   1.20000E-01   6.18136E-01   6.61696E-04   1.13095E-03   0.00000E+00   1.05655E-02   1.00000E+00   0.00000E+00   1.93789E+00   1.64672E-15            16   6.97240E-10   3.14408E+00
        1006   1.20720E+02   1.20000E-01   6.18136E-01   6.59104E-04   1.12602E-03   0.00000E+00   1.07250E-02   1.00000E+00   0.00000E+00   1.93789E+00   1.68199E-15            16   6.89355E-10   3.14419E+00
        1007   1.20840E+02   1.20000E-01   6.18136E-01   6.56513E-04   1.12113E-03   0.00000E+00   1.08839E-02   1.00000E+00   0.00000E+00   1.93789E+00   1.72041E-15            16   6.80279E-10   3.14429E+00
        1008   1.20960E+02   1.20000E-01   6.18136E-01   6.53921E-04   1.11629E-03   0.00000E+00   1.10421E-02   1.00000E+00   0.00000E+00   1.93789E+00   1.74715E-15            16   6.71370E-10   3.14440E+00
        1009   1.21080E+02   1.20000E-01   6.18136E-01   6.51329E-04   1.11149E-03   0.00000E+00   1.11997E-02   1.00000E+00   0.00000E+00   1.93789E+00   1.75403E-15            16   6.62325E-10   3.14451E+00
        1010   1.21200E+02   1.20000E-01   6.18136E-01   6.48735E-04   1.10673E-03   0.00000E+00   1.13566E-02   1.00000E+00   0.00000E+00   1.93789E+00   1.75770E-15            16   6.53986E-10   3.14461E+00
        1011   1.21320E+02   1.20000E-01   6.18136E-01   6.46140E-04   1.10200E-03   0.00000E+00   1.15129E-02   1.00000E+00   0.00000E+00   1.93789E+00   1.75304E-15            16   6.45609E-10   3.14472E+00
        1012   1.21440E+02   1.20000E-01   6.18136E-01   6.43543E-04   1.09731E-03   0.00000E+00   1.16686E-02   1.00000E+00   0.00000E+00   1.93789E+00   1.74112E-15            16   6.37740E-10   3.14482E+00
        1013   1.21560E+02   1.20000E-01   6.18136E-01   6.40945E-04   1.09266E-03   0.00000E+00   1.18234E-02   1.00000E+00   0.00000E+00   1.93789E+00   1.73336E-15            16   6.30915E-10   3.14493E+00
        1014   1.21680E+02   1.20000E-01   6.18136E-01   6.38344E-04   1.08803E-03   0.00000E+00   1.19779E-02   1.00000E+00   0.00000E+00   1.93789E+00   1.72342E-15            16   6.22379E-10   3.14503E+00
        1015   1.21800E+02   1.20000E-01   6.18136E-01   6.35741E-04   1.08344E-03   0.00000E+00   1.21317E-02   1.00000E+00   0.00000E+00   1.93789E+00   1.71118E-15            16   6.15000E-10   3.14514E+00
        1016   1.21920E+02   1.20000E-01   6.18136E-01   6.33135E-04   1.07888E-03   0.00000E+00   1.22850E-02   1.00000E+00   0.00000E+00   1.93789E+00   1.69198E-15            16   6.07420E-10   3.14524E+00
        1017   1.22040E+02   1.20000E-01   6.18136E-01   6.30527E-04   1.07434E-03   0.00000E+00   1.24377E-02   1.00000E+00   0.00000E+00   1.93789E+00   1.68453E-15            16   6.00954E-10   3.14534E+00
        1018   1.22160E+02   1.20000E-01   6.18136E-01   6.27916E-04   1.06984E-03   0.00000E+00   1.25897E-02   1.00000E+00   0.00000E+00   1.93789E+00   1.67393E-15            16   5.94606E-10   3.14545E+00
        1019   1.22280E+02   1.20000E-01   6.18136E-01   6.25536E-04   1.06535E-03   0.00000E+00   1.27410E-02   1.00000E+00   0.00000E+00   1.93789E+00   1.66097E-15            16   5.88743E-10   3.14555E+00
        1020   1.22400E+02   1.20000E-01   6.18136E-01   6.23343E-04   1.06090E-03   0.00000E+00   1.28917E-02   1.00000E+00   0.00000E+00   1.93789E+00   1.65729E-15            16   5.83720E-10   3.14565E+00
        1021   1.22520E+02   1.20000E-01   6.18136E-01   6.21145E-04   1.05646E-03   0.00000E+00   1.30420E-02   1.00000E+00   0.00000E+00   1.93789E+00   1.65351E-15            16   5.78683E-10   3.14575E+00
        1022   1.22640E+02   1.20000E-01   6.18136E-01   6.18941E-04   1.05205E-03   0.00000E+00   1.31914E-02   1.00000E+00   0.00000E+00   1.93789E+00   1.65629E-15            16   5.75139E-10   3.14585E+00
        1023   1.22760E+02   1.20000E-01   6.18136E-01   6.16731E-04   1.04766E-03   0.00000E+00   1.33400E-02   1.00000E+00   0.00000E+00   1.93789E+00   1.65047E-15            16   5.71282E-10   3.14596E+00
        1024   1.22880E+02   1.20000E-01   6.18136E-01   6.14516E-04   1.04329E-03   0.00000E+00   1.34880E-02   1.00000E+00   0.00000E+00   1.93789E+00   1.63807E-15            16   5.67540E-10   3.14606E+00
        1025   1.23000E+02   1.20000E-01   6.18136E-01   6.12295E-04   1.03894E-03   0.00000E+00   1.36353E-02   1.00000E+00   0.00000E+00   1.93789E+00   1.61593E-15            16   5.63845E-10   3.14616E+00
        1026   1.23120E+02   1.20000E-01   6.18136E-01   6.10068E-04   1.03461E-03   0.00000E+00   1.37819E-02   1.00000E+00   0.00000E+00   1.93789E+00   1.59238E-15            16   5.60358E-10   3.14626E+00
        1027   1.23240E+02   1.20000E-01   6.18136E-01   6.07835E-04   1.03029E-03   0.00000E+00   1.39278E-02   1.00000E+00   0.00000E+00   1.93789E+00   1.57152E-15            16   5.57384E-10   3.14636E+00
        1028   1.23360E+02   1.20000E-01   6.18136E-01   6.05596E-04   1.02600E-03   0.00000E+00   1.40729E-02   1.00000E+00   0.00000E+00   1.93789E+00   1.56014E-15            16   5.54254E-10   3.14646E+00
        1029   1.23480E+02   1.20000E-01   6.18136E-01   6.03351E-04   1.02171E-03   0.00000E+00   1.42173E-02   1.00000E+00   0.00000E+00   1.93789E+00   1.56769E-15            16   5.53596E-10   3.14655E+00
        1030   1.23600E+02   1.20000E-01   6.18136E-01   6.01100E-04   1.01745E-03   0.00000E+00   1.43610E-02   1.00000E+00   0.00000E+00   1.93789E+00   1.56750E-15            16   5.51026E-10   3.14665E+00
        1031   1.23720E+02   1.20000E-01   6.18136E-01   5.98844E-04   1.01320E-03   0.00000E+00   1.45039E-02   1.00000E+00   0.00000E+00   1.93789E+00   1.57724E-15            16   5.50985E-10   3.14675E+00
        1032   1.23840E+02   1.20000E-01   6.18136E-01   5.96581E-04   1.00896E-03   0.00000E+00   1.46460E-02   1.00000E+00   0.00000E+00   1.93789E+00   1.56706E-15            16   5.48550E-10   3.14685E+00
        1033   1.23960E+02   1.20000E-01   6.18136E-01   5.94313E-04   1.00473E-03   0.00000E+00   1.47874E-02   1.00000E+00   0.00000E+00   1.93789E+00   1.56340E-15            16   5.48814E-10   3.14695E+00
        1034   1.24080E+02   1.20000E-01   6.18136E-01   5.92038E-04   1.00052E-03   0.00000E+00   1.49280E-02   1.00000E+00   0.00000E+00   1.93789E+00   1.54144E-15            16   5.46565E-10   3.14704E+00
        1035   1.24200E+02   1.20000E-01   6.18136E-01   5.89758E-04   9.96318E-04   0.00000E+00   1.50678E-02   1.00000E+00   0.00000E+00   1.93789E+00   1.56174E-15            16   5.45703E-10   3.14714E+00
        1036   1.24320E+02   1.20000E-01   6.18136E-01   5.87472E-04   9.92128E-04   0.00000E+00   1.52068E-02   1.00000E+00   0.00000E+00   1.93789E+00   1.58550E-15            16   5.45214E-10   3.14724E+00
        1037   1.24440E+02   1.20000E-01   6.18136E-01   5.85179E-04   9.87948E-04   0.00000E+00   1.53450E-02   1.00000E+00   0.00000E+00   1.93789E+00   1.60143E-15            16   5.45622E-10   3.14733E+00
        1038   1.24560E+02   1.20000E-01   6.18136E-01   5.82882E-04   9.83777E-04   0.00000E+00   1.54825E-02   1.00000E+00   0.00000E+00   1.93789E+00   1.61785E-15            16   5.46161E-10   3.14743E+00
        1039   1.24680E+02   1.20000E-01   6.18136E-01   5.80578E-04   9.79615E-04   0.00000E+00   1.56191E-02   1.00000E+00   0.00000E+00   1.93789E+00   1.63251E-15            16   5.47005E-10   3.14752E+00
        1040   1.24800E+02   1.20000E-01   6.18136E-01   5.78268E-04   9.75462E-04   0.00000E+00   1.57550E-02   1.00000E+00   0.00000E+00   1.93789E+00   1.64443E-15            16   5.47746E-10   3.14762E+00
        1041   1.24920E+02   1.20000E-01   6.18136E-01   5.75953E-04   9.71317E-04   0.00000E+00   1.58900E-02   1.00000E+00   0.00000E+00   1.93789E+00   1.65544E-15            16   5.48777E-10   3.14771E+00
        1042   1.25040E+02   1.20000E-01   6.18136E-01   5.73632E-04   9.67179E-04   0.00000E+00   1.60242E-02   1.00000E+00   0.00000E+00   1.93789E+00   1.66813E-15            16   5.49515E-10   3.14781E+00
        1043   1.25160E+02   1.20000E-01   6.18136E-01   5.71305E-04   9.63048E-04   0.00000E+00   1.61576E-02   1.00000E+00   0.00000E+00   1.93789E+00   1.67991E-15            16   5.50505E-10   3.14790E+00
        1044   1.25280E+02   1.20000E-01   6.18136E-01   5.68972E-04   9.58923E-04   0.00000E+00   1.62902E-02   1.00000E+00   0.00000E+00   1.93789E+00   1.68395E-15            16   5.51607E-10   3.14799E+00
        1045   1.25400E+02   1.20000E-01   6.18136E-01   5.66634E-04   9.54804E-04   0.00000E+00   1.64220E-02   1.00000E+00   0.00000E+00   1.93789E+00   1.68554E-15            16   5.53040E-10   3.14809E+00
        1046   1.25520E+02   1.20000E-01   6.18136E-01   5.64290E-04   9.50691E-04   0.00000E+00   1.65529E-02   1.00000E+00   0.00000E+00   1.93789E+00   1.68518E-15            16   5.54751E-10   3.14818E+00
        1047   1.25640E+02   1.20000E-01   6.18136E-01   5.61941E-04   9.46583E-04   0.00000E+00   1.66831E-02   1.00000E+00   0.00000E+00   1.93789E+00   1.68060E-15            16   5.56747E-10   3.14827E+00
        1048   1.25760E+02   1.20000E-01   6.18136E-01   5.59586E-04   9.42479E-04   0.00000E+00   1.68124E-02   1.00000E+00   0.00000E+00   1.93789E+00   1.67984E-15            16   5.58297E-10   3.14836E+00
        1049   1.25880E+02   1.20000E-01   6.18136E-01   5.57226E-04   9.38380E-04   0.00000E+00   1.69408E-02   1.00000E+00   0.00000E+00   1.93789E+00   1.67656E-15            16   5.60604E-10   3.14845E+00
        1050   1.26000E+02   1.20000E-01   6.18136E-01   5.54860E-04   9.34284E-04   0.00000E+00   1.70685E-02   1.00000E+00   0.00000E+00   1.93789E+00   1.68103E-15            16   5.62692E-10   3.14855E+00
        1051   1.26120E+02   1.20000E-01   6.18136E-01   5.52488E-04   9.30192E-04   0.00000E+00   1.71953E-02   1.00000E+00   0.00000E+00   1.93789E+00   1.68664E-15            16   5.64872E-10   3.14864E+00
        1052   1.26240E+02   1.20000E-01   6.18136E-01   5.50112E-04   9.26102E-04   0.00000E+00   1.73213E-02   1.00000E+00   0.00000E+00   1.93789E+00   1.69775E-15            16   5.66998E-10   3.14873E+00
        1053   1.26360E+02   1.20000E-01   6.18136E-01   5.47730E-04   9.22015E-04   0.00000E+00   1.74465E-02   1.00000E+00   0.00000E+00   1.93789E+00   1.70929E-15            16   5.69272E-10   3.14882E+00
        1054   1.26480E+02   1.20000E-01   6.18136E-01   5.45343E-04   9.17931E-04   0.00000E+00   1.75708E-02   1.00000E+00   0.00000E+00   1.93789E+00   1.72093E-15            16   5.71588E-10   3.14890E+00
        1055   1.26600E+02   1.20000E-01   6.18136E-01   5.42950E-04   9.13848E-04   0.00000E+00   1.76944E-02   1.00000E+00   0.00000E+00   1.93789E+00   1.73197E-15            16   5.74071E-10   3.14899E+00
        1056   1.26720E+02   1.20000E-01   6.18136E-01   5.40553E-04   9.09768E-04   0.00000E+00   1.78171E-02   1.00000E+00   0.00000E+00   1.93789E+00   1.74241E-15            16   5.76560E-10   3.14908E+00
        1057   1.26840E+02   1.20000E-01   6.18136E-01   5.38150E-04   9.05688E-04   0.00000E+00   1.79390E-02   1.00000E+00   0.00000E+00   1.93789E+00   1.75091E-15            16   5.79067E-10   3.14917E+00
        1058   1.26960E+02   1.20000E-01   6.18136E-01   5.35742E-04   9.01610E-04   0.00000E+00   1.80600E-02   1.00000E+00   0.00000E+00   1.93789E+00   1.75982E-15            16   5.81468E-10   3.14926E+00
        1059   1.27080E+02   1.20000E-01   6.18136E-01   5.33329E-04   8.97532E-04   0.00000E+00   1.81803E-02   1.00000E+00   0.00000E+00   1.93789E+00   1.76753E-15            16   5.83863E-10   3.14935E+00
        1060   1.27200E+02   1.20000E-01   6.18136E-01   5.30912E-04   8.93455E-04   0.00000E+00   1.82997E-02   1.00000E+00   0.00000E+00   1.93789E+00   1.77318E-15            16   5.86184E-10   3.14943E+00
        1061   1.27320E+02   1.20000E-01   6.18136E-01   5.28489E-04   8.89378E-04   0.00000E+00   1.84184E-02   1.00000E+00   0.00000E+00   1.93789E+00   1.77806E-15            16   5.88536E-10   3.14952E+00
        1062   1.27440E+02   1.20000E-01   6.18136E-01   5.26098E-04   8.85447E-04   0.00000E+00   1.85362E-02   1.00000E+00   0.00000E+00   1.93789E+00   1.77901E-15            16   5.90866E-10   3.14960E+00
        1063   1.27560E+02   1.20000E-01   6.18136E-01   5.23965E-04   8.81529E-04   0.00000E+00   1.86532E-02   1.00000E+00   0.00000E+00   1.93789E+00   1.78057E-15            16   5.93295E-10   3.14969E+00
        1064   1.27680E+02   1.20000E-01   6.18136E-01   5.21826E-04   8.77611E-04   0.00000E+00   1.87694E-02   1.00000E+00   0.00000E+00   1.93789E+00   1.77936E-15            16   5.95684E-10   3.14978E+00
        1065   1.27800E+02   1.20000E-01   6.18136E-01   5.19680E-04   8.73692E-04   0.00000E+00   1.88849E-02   1.00000E+00   0.00000E+00   1.93789E+00   1.77585E-15            16   5.98135E-10   3.14986E+00
        1066   1.27920E+02   1.20000E-01   6.18136E-01   5.17529E-04   8.69773E-04   0.00000E+00   1.89995E-02   1.00000E+00   0.00000E+00   1.93789E+00   1.77390E-15            16   6.00543E-10   3.14994E+00
        1067   1.28040E+02   1.20000E-01   6.18136E-01   5.15373E-04   8.65852E-04   0.00000E+00   1.91134E-02   1.00000E+00   0.00000E+00   1.93789E+00   1.77229E-15            16   6.02974E-10   3.15003E+00
        1068   1.28160E+02   1.20000E-01   6.18136E-01   5.13210E-04   8.61930E-04   0.00000E+00   1.92265E-02   1.00000E+00   0.00000E+00   1.93789E+00   1.77305E-15            16   6.05332E-10   3.15011E+00
        1069   1.28280E+02   1.20000E-01   6.18136E-01   5.11041E-04   8.58006E-04   0.00000E+00   1.93388E-02   1.00000E+00   0.00000E+00   1.93789E+00   1.77397E-15            16   6.07649E-10   3.15019E+00
        1070   1.28400E+02   1.20000E-01   6.18136E-01   5.08867E-04   8.54081E-04   0.00000E+00   1.94503E-02   1.00000E+00   0.00000E+00   1.93789E+00   1.77658E-15            16   6.09987E-10   3.15028E+00
        1071   1.28520E+02   1.20000E-01   6.18136E-01   5.06688E-04   8.50155E-04   0.00000E+00   1.95611E-02   1.00000E+00   0.00000E+00   1.93789E+00   1.78137E-15            16   6.12055E-10   3.15036E+00
        1072   1.28640E+02   1.20000E-01   6.18136E-01   5.04502E-04   8.46227E-04   0.00000E+00   1.96711E-02   1.00000E+00   0.00000E+00   1.93789E+00   1.78547E-15            16   6.14496E-10   3.15044E+00
        1073   1.28760E+02   1.20000E-01   6.18136E-01   5.02311E-04   8.42297E-04   0.00000E+00   1.97803E-02   1.00000E+00   0.00000E+00   1.93789E+00   1.78997E-15            16   6.16666E-10   3.15052E+00
        1074   1.28880E+02   1.20000E-01   6.18136E-01   5.00115E-04   8.38365E-04   0.00000E+00   1.98888E-02   1.00000E+00   0.00000E+00   1.93789E+00   1.79788E-15            16   6.18866E-10   3.15060E+00
        1075   1.29000E+02   1.20000E-01   6.18136E-01   4.97913E-04   8.34431E-04   0.00000E+00   1.99966E-02   1.00000E+00   0.00000E+00   1.93789E+00   1.80945E-15            16   6.21038E-10   3.15068E+00
        1076   1.29120E+02   1.20000E-01   6.18136E-01   4.95706E-04   8.30494E-04   0.00000E+00   2.01036E-02   1.00000E+00   0.00000E+00   1.93789E+00   1.82069E-15            16   6.23128E-10   3.15077E+00
        1077   1.29240E+02   1.20000E-01   6.18136E-01   4.93493E-04   8.26556E-04   0.00000E+00   2.02098E-02   1.00000E+00   0.00000E+00   1.93789E+00   1.82984E-15            16   6.25117E-10   3.15084E+00
        1078   1.29360E+02   1.20000E-01   6.18136E-01   4.91275E-04   8.22616E-04   0.00000E+00   2.03154E-02   1.00000E+00   0.00000E+00   1.93789E+00   1.84085E-15            16   6.26783E-10   3.15092E+00
        1079   1.29480E+02   1.20000E-01   6.18136E-01   4.89052E-04   8.18673E-04   0.00000E+00   2.04202E-02   1.00000E+00   0.00000E+00   1.93789E+00   1.84990E-15            16   6.28563E-10   3.15100E+00
        1080   1.29600E+02   1.20000E-01   6.18136E-01   4.86824E-04   8.14727E-04   0.00000E+00   2.05242E-02   1.00000E+00   0.00000E+00   1.93789E+00   1.86205E-15            16   6.30343E-10   3.15108E+00
        1081   1.29720E+02   1.20000E-01   6.18136E-01   4.84591E-04   8.10780E-04   0.00000E+00   2.06276E-02   1.00000E+00   0.00000E+00   1.93789E+00   1.87437E-15            16   6.31955E-10   3.15116E+00
        1082   1.29840E+02   1.20000E-01   6.18136E-01   4.82352E-04   8.06829E-04   0.00000E+00   2.07302E-02   1.00000E+00   0.00000E+00   1.93789E+00   1.88703E-15            16   6.33600E-10   3.15124E+00
        1083   1.29960E+02   1.20000E-01   6.18136E-01   4.80109E-04   8.02876E-04   0.00000E+00   2.08321E-02   1.00000E+00   0.00000E+00   1.93789E+00   1.89949E-15            16   6.35120E-10   3.15131E+00
        1084   1.30080E+02   1.20000E-01   6.18136E-01   4.77860E-04   7.98921E-04   0.00000E+00   2.09333E-02   1.00000E+00   0.00000E+00   1.93789E+00   1.91230E-15            16   6.36652E-10   3.15139E+00
        1085   1.30200E+02   1.20000E-01   6.18136E-01   4.75607E-04   7.94962E-04   0.00000E+00   2.10338E-02   1.00000E+00   0.00000E+00   1.93789E+00   1.92189E-15            16   6.38067E-10   3.15147E+00
        1086   1.30320E+02   1.20000E-01   6.18136E-01   4.73349E-04   7.91002E-04   0.00000E+00   2.11335E-02   1.00000E+00   0.00000E+00   1.93789E+00   1.93357E-15            16   6.39509E-10   3.15154E+00
        1087   1.30440E+02   1.20000E-01   6.18136E-01   4.71086E-04   7.87038E-04   0.00000E+00   2.12326E-02   1.00000E+00   0.00000E+00   1.93789E+00   1.94067E-15            16   6.40995E-10   3.15162E+00
        1088   1.30560E+02   1.20000E-01   6.18136E-01   4.68819E-04   7.83071E-04   0.00000E+00   2.13310E-02   1.00000E+00   0.00000E+00   1.93789E+00   1.95005E-15            16   6.42259E-10   3.15169E+00
        1089   1.30680E+02   1.20000E-01   6.18136E-01   4.66547E-04   7.79102E-04   0.00000E+00   2.14286E-02   1.00000E+00   0.00000E+00   1.93789E+00   1.96105E-15            16   6.43631E-10   3.15177E+00
        1090   1.30800E+02   1.20000E-01   6.18136E-01   4.64270E-04   7.75130E-04   0.00000E+00   2.15256E-02   1.00000E+00   0.00000E+00   1.93789E+00   1.97143E-15            16   6.44865E-10   3.15184E+00
        1091   1.30920E+02   1.20000E-01   6.18136E-01   4.61989E-04   7.71155E-04   0.00000E+00   2.16219E-02   1.00000E+00   0.00000E+00   1.93789E+00   1.98458E-15            16   6.46152E-10   3.15192E+00
        1092   1.31040E+02   1.20000E-01   6.18136E-01   4.59703E-04   7.67177E-04   0.00000E+00   2.17175E-02   1.00000E+00   0.00000E+00   1.93789E+00   1.99364E-15            16   6.47359E-10   3.15199E+00
        1093   1.31160E+02   1.20000E-01   6.18136E-01   4.57413E-04   7.63196E-04   0.00000E+00   2.18124E-02   1.00000E+00   0.00000E+00   1.93789E+00   2.00364E-15            16   6.48536E-10   3.15206E+00
        1094   1.31280E+02   1.20000E-01   6.18136E-01   4.55118E-04   7.59212E-04   0.00000E+00   2.19066E-02   1.00000E+00   0.00000E+00   1.93789E+00   2.01415E-15            16   6.49619E-10   3.15214E+00
        1095   1.31400E+02   1.20000E-01   6.18136E-01   4.52819E-04   7.55226E-04   0.00000E+00   2.20002E-02   1.00000E+00   0.00000E+00   1.93789E+00   2.02334E-15            16   6.50700E-10   3.15221E+00
        1096   1.31520E+02   1.20000E-01   6.18136E-01   4.50516E-04   7.51236E-04   0.00000E+00   2.20930E-02   1.00000E+00   0.00000E+00   1.93789E+00   2.03130E-15            16   6.51858E-10   3.15228E+00
        1097   1.31640E+02   1.20000E-01   6.18136E-01   4.48208E-04   7.47244E-04   0.00000E+00   2.21852E-02   1.00000E+00   0.00000E+00   1.93789E+00   2.03952E-15            16   6.52858E-10   3.15235E+00
        1098   1.31760E+02   1.20000E-01   6.18136E-01   4.45897E-04   7.43249E-04   0.00000E+00   2.22767E-02   1.00000E+00   0.00000E+00   1.93789E+00   2.04773E-15            16   6.53803E-10   3.15242E+00
        1099   1.31880E+02   1.20000E-01   6.18136E-01   4.43581E-04   7.39251E-04   0.00000E+00   2.23675E-02   1.00000E+00   0.00000E+00   1.93789E+00   2.05677E-15            16   6.54723E-10   3.15249E+00
        1100   1.32000E+02   1.20000E-01   6.18136E-01   4.41261E-04   7.35250E-04   0.00000E+00   2.24576E-02   1.00000E+00   0.00000E+00   1.93789E+00   2.06619E-15            16   6.55576E-10   3.15256E+00
        1101   1.32120E+02   1.20000E-01   6.18136E-01   4.38938E-04   7.31246E-04   0.00000E+00   2.25470E-02   1.00000E+00   0.00000E+00   1.93789E+00   2.07478E-15            16   6.56399E-10   3.15263E+00
        1102   1.32240E+02   1.20000E-01   6.18136E-01   4.36830E-04   7.27240E-04   0.00000E+00   2.26358E-02   1.00000E+00   0.00000E+00   1.93789E+00   2.08310E-15            16   6.57151E-10   3.15270E+00
        1103   1.32360E+02   1.20000E-01   6.18136E-01   4.34762E-04   7.23231E-04   0.00000E+00   2.27239E-02   1.00000E+00   0.00000E+00   1.93789E+00   2.09192E-15            16   6.57871E-10   3.15277E+00
        1104   1.32480E+02   1.20000E-01   6.18136E-01   4.32690E-04   7.19219E-04   0.00000E+00   2.28113E-02   1.00000E+00   0.00000E+00   1.93789E+00   2.09957E-15            16   6.58523E-10   3.15284E+00
        1105   1.32600E+02   1.20000E-01   6.18136E-01   4.30613E-04   7.15204E-04   0.00000E+00   2.28981E-02   1.00000E+00   0.00000E+00   1.93789E+00   2.10884E-15            16   6.59145E-10   3.15290E+00
        1106   1.32720E+02   1.20000E-01   6.18136E-01   4.28531E-04   7.11186E-04   0.00000E+00   2.29841E-02   1.00000E+00   0.00000E+00   1.93789E+00   2.11630E-15            16   6.59715E-10   3.15297E+00
        1107   1.32840E+02   1.20000E-01   6.18136E-01   4.26445E-04   7.07166E-04   0.00000E+00   2.30695E-02   1.00000E+00   0.00000E+00   1.93789E+00   2.12362E-15            16   6.60202E-10   3.15304E+00
        1108   1.32960E+02   1.20000E-01   6.18136E-01   4.24354E-04   7.03143E-04   0.00000E+00   2.31543E-02   1.00000E+00   0.00000E+00   1.93789E+00   2.13206E-15            16   6.60688E-10   3.15310E+00
        1109   1.33080E+02   1.20000E-01   6.18136E-01   4.22259E-04   6.99118E-04   0.00000E+00   2.32383E-02   1.00000E+00   0.00000E+00   1.93789E+00   2.13790E-15            16   6.61064E-10   3.15317E+00
        1110   1.33200E+02   1.20000E-01   6.18136E-01   4.20159E-04   6.95090E-04   0.00000E+00   2.33217E-02   1.00000E+00   0.00000E+00   1.93789E+00   2.14542E-15            16   6.61415E-10   3.15324E+00
        1111   1.33320E+02   1.20000E-01   6.18136E-01   4.18055E-04   6.91060E-04   0.00000E+00   2.34044E-02   1.00000E+00   0.00000E+00   1.93789E+00   2.15252E-15            16   6.61728E-10   3.15330E+00
        1112   1.33440E+02   1.20000E-01   6.18136E-01   4.15947E-04   6.87027E-04   0.00000E+00   2.34864E-02   1.00000E+00   0.00000E+00   1.93789E+00   2.15970E-15            16   6.62134E-10   3.15337E+00
        1113   1.33560E+02   1.20000E-01   6.18136E-01   4.13834E-04   6.82991E-04   0.00000E+00   2.35677E-02   1.00000E+00   0.00000E+00   1.93789E+00   2.16663E-15            16   6.62405E-10   3.15343E+00
        1114   1.33680E+02   1.20000E-01   6.18136E-01   4.11718E-04   6.78953E-04   0.00000E+00   2.36484E-02   1.00000E+00   0.00000E+00   1.93789E+00   2.17307E-15            16   6.62696E-10   3.15349E+00
        1115   1.33800E+02   1.20000E-01   6.18136E-01   4.09597E-04   6.74913E-04   0.00000E+00   2.37283E-02   1.00000E+00   0.00000E+00   1.93789E+00   2.17864E-15            16   6.62945E-10   3.15356E+00
        1116   1.33920E+02   1.20000E-01   6.18136E-01   4.07472E-04   6.70871E-04   0.00000E+00   2.38076E-02   1.00000E+00   0.00000E+00   1.93789E+00   2.18621E-15            16   6.63170E-10   3.15362E+00
        1117   1.34040E+02   1.20000E-01   6.18136E-01   4.05343E-04   6.66826E-04   0.00000E+00   2.38862E-02   1.00000E+00   0.00000E+00   1.93789E+00   2.19251E-15            16   6.63409E-10   3.15368E+00
        1118   1.34160E+02   1.20000E-01   6.18136E-01   4.03210E-04   6.62779E-04   0.00000E+00   2.39642E-02   1.00000E+00   0.00000E+00   1.93789E+00   2.19767E-15            16   6.63607E-10   3.15374E+00
        1119   1.34280E+02   1.20000E-01   6.18136E-01   4.01074E-04   6.58921E-04   0.00000E+00   2.40414E-02   1.00000E+00   0.00000E+00   1.93789E+00   2.20346E-15            16   6.63780E-10   3.15381E+00
        1120   1.34400E+02   1.20000E-01   6.18136E-01   3.98933E-04   6.55110E-04   0.00000E+00   2.41179E-02   1.00000E+00   0.00000E+00   1.93789E+00   2.20952E-15            16   6.63962E-10   3.15387E+00
        1121   1.34520E+02   1.20000E-01   6.18136E-01   3.96789E-04   6.51297E-04   0.00000E+00   2.41938E-02   1.00000E+00   0.00000E+00   1.93789E+00   2.21600E-15            16   6.64101E-10   3.15393E+00
        1122   1.34640E+02   1.20000E-01   6.18136E-01   3.94641E-04   6.47482E-04   0.00000E+00   2.42690E-02   1.00000E+00   0.00000E+00   1.93789E+00   2.22171E-15            16   6.64212E-10   3.15399E+00
        1123   1.34760E+02   1.20000E-01   6.18136E-01   3.92489E-04   6.43664E-04   0.00000E+00   2.43436E-02   1.00000E+00   0.00000E+00   1.93789E+00   2.22595E-15            16   6.64328E-10   3.15405E+00
        1124   1.34880E+02   1.20000E-01   6.18136E-01   3.90334E-04   6.39845E-04   0.00000E+00   2.44174E-02   1.00000E+00   0.00000E+00   1.93789E+00   2.23136E-15            16   6.64375E-10   3.15411E+00
        1125   1.35000E+02   1.20000E-01   6.18136E-01   3.88175E-04   6.36023E-04   0.00000E+00   2.44905E-02   1.00000E+00   0.00000E+00   1.93789E+00   2.23653E-15            16   6.64421E-10   3.15416E+00
        1126   1.35120E+02   1.20000E-01   6.18136E-01   3.86013E-04   6.32200E-04   0.00000E+00   2.45629E-02   1.00000E+00   0.00000E+00   1.93789E+00   2.24157E-15            16   6.64450E-10   3.15422E+00
        1127   1.35240E+02   1.20000E-01   6.18136E-01   3.83847E-04   6.28375E-04   0.00000E+00   2.46346E-02   1.00000E+00   0.00000E+00   1.93789E+00   2.24608E-15            16   6.64406E-10   3.15428E+00
        1128   1.35360E+02   1.20000E-01   6.18136E-01   3.81677E-04   6.24548E-04   0.00000E+00   2.47057E-02   1.00000E+00   0.00000E+00   1.93789E+00   2.25088E-15            16   6.64365E-10   3.15434E+00
        1129   1.35480E+02   1.20000E-01   6.18136E-01   3.79505E-04   6.20719E-04   0.00000E+00   2.47760E-02   1.00000E+00   0.00000E+00   1.93789E+00   2.25475E-15            16   6.64281E-10   3.15440E+00
        1130   1.35600E+02   1.20000E-01   6.18136E-01   3.77329E-04   6.16889E-04   0.00000E+00   2.48457E-02   1.00000E+00   0.00000E+00   1.93789E+00   2.26024E-15            16   6.64189E-10   3.15445E+00
        1131   1.35720E+02   1.20000E-01   6.18136E-01   3.75150E-04   6.13056E-04   0.00000E+00   2.49146E-02   1.00000E+00   0.00000E+00   1.93789E+00   2.26247E-15            16   6.64032E-10   3.15451E+00
        1132   1.35840E+02   1.20000E-01   6.18136E-01   3.72968E-04   6.09223E-04   0.00000E+00   2.49828E-02   1.00000E+00   0.00000E+00   1.93789E+00   2.26847E-15            16   6.63914E-10   3.15456E+00
        1133   1.35960E+02   1.20000E-01   6.18136E-01   3.70782E-04   6.05387E-04   0.00000E+00   2.50503E-02   1.00000E+00   0.00000E+00   1.93789E+00   2.27124E-15            16   6.63726E-10   3.15462E+00
        1134   1.36080E+02   1.20000E-01   6.18136E-01   3.68594E-04   6.01550E-04   0.00000E+00   2.51172E-02   1.00000E+00   0.00000E+00   1.93789E+00   2.27561E-15            16   6.63556E-10   3.15467E+00
        1135   1.36200E+02   1.20000E-01   6.18136E-01   3.66402E-04   5.97712E-04   0.00000E+00   2.51833E-02   1.00000E+00   0.00000E+00   1.93789E+00   2.27918E-15            16   6.63360E-10   3.15473E+00
        1136   1.36320E+02   1.20000E-01   6.18136E-01   3.64208E-04   5.93873E-04   0.00000E+00   2.52487E-02   1.00000E+00   0.00000E+00   1.93789E+00   2.28402E-15            16   6.63175E-10   3.15478E+00
        1137   1.36440E+02   1.20000E-01   6.18136E-01   3.62153E-04   5.90032E-04   0.00000E+00   2.53133E-02   1.00000E+00   0.00000E+00   1.93789E+00   2.28619E-15            16   6.62945E-10   3.15483E+00
        1138   1.36560E+02   1.20000E-01   6.18136E-01   3.60190E-04   5.86190E-04   0.00000E+00   2.53774E-02   1.00000E+00   0.00000E+00   1.93789E+00   2.29116E-15            16   6.62762E-10   3.15489E+00
        1139   1.36680E+02   1.20000E-01   6.18136E-01   3.58223E-04   5.82346E-04   0.00000E+00   2.54406E-02   1.00000E+00   0.00000E+00   1.93789E+00   2.29333E-15            16   6.62525E-10   3.15494E+00
        1140   1.36800E+02   1.20000E-01   6.18136E-01   3.56253E-04   5.78502E-04   0.00000E+00   2.55032E-02   1.00000E+00   0.00000E+00   1.93789E+00   2.29747E-15            16   6.62310E-10   3.15499E+00
        1141   1.36920E+02   1.20000E-01   6.18136E-01   3.54280E-04   5.74656E-04   0.00000E+00   2.55651E-02   1.00000E+00   0.00000E+00   1.93789E+00   2.30017E-15            16   6.62076E-10   3.15504E+00
        1142   1.37040E+02   1.20000E-01   6.18136E-01   3.52303E-04   5.70810E-04   0.00000E+00   2.56262E-02   1.00000E+00   0.00000E+00   1.93789E+00   2.30435E-15            16   6.61849E-10   3.15509E+00
        1143   1.37160E+02   1.20000E-01   6.18136E-01   3.50323E-04   5.66962E-04   0.00000E+00   2.56867E-02   1.00000E+00   0.00000E+00   1.93789E+00   2.30575E-15            16   6.61578E-10   3.15514E+00
        1144   1.37280E+02   1.20000E-01   6.18136E-01   3.48340E-04   5.63114E-04   0.00000E+00   2.57464E-02   1.00000E+00   0.00000E+00   1.93789E+00   2.30991E-15            16   6.61345E-10   3.15519E+00
        1145   1.37400E+02   1.20000E-01   6.18136E-01   3.46354E-04   5.59265E-04   0.00000E+00   2.58054E-02   1.00000E+00   0.00000E+00   1.93789E+00   2.31152E-15            16   6.61054E-10   3.15524E+00
        1146   1.37520E+02   1.20000E-01   6.18136E-01   3.44364E-04   5.55415E-04   0.00000E+00   2.58637E-02   1.00000E+00   0.00000E+00   1.93789E+00   2.31466E-15            16   6.60776E-10   3.15529E+00
        1147   1.37640E+02   1.20000E-01   6.18136E-01   3.42372E-04   5.51565E-04   0.00000E+00   2.59213E-02   1.00000E+00   0.00000E+00   1.93789E+00   2.31712E-15            16   6.60473E-10   3.15534E+00
        1148   1.37760E+02   1.20000E-01   6.18136E-01   3.40376E-04   5.47713E-04   0.00000E+00   2.59782E-02   1.00000E+00   0.00000E+00   1.93789E+00   2.32005E-15            16   6.60171E-10   3.15539E+00
        1149   1.37880E+02   1.20000E-01   6.18136E-01   3.38378E-04   5.43862E-04   0.00000E+00   2.60343E-02   1.00000E+00   0.00000E+00   1.93789E+00   2.32187E-15            16   6.59824E-10   3.15544E+00
        1150   1.38000E+02   1.20000E-01   6.18136E-01   3.36376E-04   5.40009E-04   0.00000E+00   2.60898E-02   1.00000E+00   0.00000E+00   1.93789E+00   2.32474E-15            16   6.59510E-10   3.15549E+00
        1151   1.38120E+02   1.20000E-01   6.18136E-01   3.34372E-04   5.36157E-04   0.00000E+00   2.61445E-02   1.00000E+00   0.00000E+00   1.93789E+00   2.32645E-15            16   6.59145E-10   3.15553E+00
        1152   1.38240E+02   1.20000E-01   6.18136E-01   3.32365E-04   5.32304E-04   0.00000E+00   2.61985E-02   1.00000E+00   0.00000E+00   1.93789E+00   2.32925E-15            16   6.58794E-10   3.15558E+00
        1153   1.38360E+02   1.20000E-01   6.18136E-01   3.30355E-04   5.28451E-04   0.00000E+00   2.62518E-02   1.00000E+00   0.00000E+00   1.93789E+00   2.33087E-15            16   6.58427E-10   3.15562E+00
        1154   1.38480E+02   1.20000E-01   6.18136E-01   3.28342E-04   5.24614E-04   0.00000E+00   2.63044E-02   1.00000E+00   0.00000E+00   1.93789E+00   2.33359E-15            16   6.58067E-10   3.15567E+00
        1155   1.38600E+02   1.20000E-01   6.18136E-01   3.26327E-04   5.21026E-04   0.00000E+00   2.63562E-02   1.00000E+00   0.00000E+00   1.93789E+00   2.33459E-15            16   6.57675E-10   3.15572E+00
        1156   1.38720E+02   1.20000E-01   6.18136E-01   3.24309E-04   5.17436E-04   0.00000E+00   2.64074E-02   1.00000E+00   0.00000E+00   1.93789E+00   2.33723E-15            16   6.57321E-10   3.15576E+00
        1157   1.38840E+02   1.20000E-01   6.18136E-01   3.22288E-04   5.13847E-04   0.00000E+00   2.64578E-02   1.00000E+00   0.00000E+00   1.93789E+00   2.33834E-15            16   6.56930E-10   3.15580E+00
        1158   1.38960E+02   1.20000E-01   6.18136E-01   3.20265E-04   5.10257E-04   0.00000E+00   2.65075E-02   1.00000E+00   0.00000E+00   1.93789E+00   2.34127E-15            16   6.56558E-10   3.15585E+00
        1159   1.39080E+02   1.20000E-01   6.18136E-01   3.18240E-04   5.06666E-04   0.00000E+00   2.65564E-02   1.00000E+00   0.00000E+00   1.93789E+00   2.34154E-15            16   6.56178E-10   3.15589E+00
        1160   1.39200E+02   1.20000E-01   6.18136E-01   3.16212E-04   5.03075E-04   0.00000E+00   2.66047E-02   1.00000E+00   0.00000E+00   1.93789E+00   2.34508E-15            16   6.55808E-10   3.15593E+00
        1161   1.39320E+02   1.20000E-01   6.18136E-01   3.14182E-04   4.99484E-04   0.00000E+00   2.66522E-02   1.00000E+00   0.00000E+00   1.93789E+00   2.34490E-15            16   6.55412E-10   3.15598E+00
        1162   1.39440E+02   1.20000E-01   6.18136E-01   3.12149E-04   4.95892E-04   0.00000E+00   2.66990E-02   1.00000E+00   0.00000E+00   1.93789E+00   2.34695E-15            16   6.55050E-10   3.15602E+00
        1163   1.39560E+02   1.20000E-01   6.18136E-01   3.10115E-04   4.92300E-04   0.00000E+00   2.67451E-02   1.00000E+00   0.00000E+00   1.93789E+00   2.34745E-15            16   6.54653E-10   3.15606E+00
        1164   1.39680E+02   1.20000E-01   6.18136E-01   3.08078E-04   4.88708E-04   0.00000E+00   2.67904E-02   1.00000E+00   0.00000E+00   1.93789E+00   2.34982E-15            16   6.54273E-10   3.15610E+00
        1165   1.39800E+02   1.20000E-01   6.18136E-01   3.06039E-04   4.85116E-04   0.00000E+00   2.68351E-02   1.00000E+00   0.00000E+00   1.93789E+00   2.35036E-15            16   6.53869E-10   3.15614E+00
        1166   1.39920E+02   1.20000E-01   6.18136E-01   3.03998E-04   4.81524E-04   0.00000E+00   2.68790E-02   1.00000E+00   0.00000E+00   1.93789E+00   2.35270E-15            16   6.53547E-10   3.15618E+00
        1167   1.40040E+02   1.20000E-01   6.18136E-01   3.01955E-04   4.77933E-04   0.00000E+00   2.69222E-02   1.00000E+00   0.00000E+00   1.93789E+00   2.35298E-15            16   6.53153E-10   3.15622E+00
        1168   1.40160E+02   1.20000E-01   6.18136E-01   2.99909E-04   4.74341E-04   0.00000E+00   2.69647E-02   1.00000E+00   0.00000E+00   1.93789E+00   2.35466E-15            16   6.52759E-10   3.15626E+00
        1169   1.40280E+02   1.20000E-01   6.18136E-01   2.97937E-04   4.70749E-04   0.00000E+00   2.70064E-02   1.00000E+00   0.00000E+00   1.93789E+00   2.35463E-15            16   6.52338E-10   3.15630E+00
        1170   1.40400E+02   1.20000E-01   6.18136E-01   2.96101E-04   4.67158E-04   0.00000E+00   2.70474E-02   1.00000E+00   0.00000E+00   1.93789E+00   2.35639E-15            16   6.51934E-10   3.15634E+00
        1171   1.40520E+02   1.20000E-01   6.18136E-01   2.94263E-04   4.63567E-04   0.00000E+00   2.70877E-02   1.00000E+00   0.00000E+00   1.93789E+00   2.35709E-15            16   6.51503E-10   3.15637E+00
        1172   1.40640E+02   1.20000E-01   6.18136E-01   2.92422E-04   4.59976E-04   0.00000E+00   2.71273E-02   1.00000E+00   0.00000E+00   1.93789E+00   2.35890E-15            16   6.51097E-10   3.15641E+00
        1173   1.40760E+02   1.20000E-01   6.18136E-01   2.90579E-04   4.56386E-04   0.00000E+00   2.71662E-02   1.00000E+00   0.00000E+00   1.93789E+00   2.35766E-15            16   6.50670E-10   3.15645E+00
        1174   1.40880E+02   1.20000E-01   6.18136E-01   2.88734E-04   4.52797E-04   0.00000E+00   2.72043E-02   1.00000E+00   0.00000E+00   1.93789E+00   2.36024E-15            16   6.50281E-10   3.15648E+00
        1175   1.41000E+02   1.20000E-01   6.18136E-01   2.86887E-04   4.49208E-04   0.00000E+00   2.72417E-02   1.00000E+00   0.00000E+00   1.93789E+00   2.36003E-15            16   6.49863E-10   3.15652E+00
        1176   1.41120E+02   1.20000E-01   6.18136E-01   2.85037E-04   4.45619E-04   0.00000E+00   2.72784E-02   1.00000E+00   0.00000E+00   1.93789E+00   2.36222E-15            16   6.49459E-10   3.15655E+00
        1177   1.41240E+02   1.20000E-01   6.18136E-01   2.83185E-04   4.42032E-04   0.00000E+00   2.73144E-02   1.00000E+00   0.00000E+00   1.93789E+00   2.36096E-15            16   6.49039E-10   3.15659E+00
        1178   1.41360E+02   1.20000E-01   6.18136E-01   2.81332E-04   4.38445E-04   0.00000E+00   2.73496E-02   1.00000E+00   0.00000E+00   1.93789E+00   2.36299E-15            16   6.48657E-10   3.15662E+00
        1179   1.41480E+02   1.20000E-01   6.18136E-01   2.79476E-04   4.34859E-04   0.00000E+00   2.73842E-02   1.00000E+00   0.00000E+00   1.93789E+00   2.36193E-15            16   6.48251E-10   3.15666E+00
        1180   1.41600E+02   1.20000E-01   6.18136E-01   2.77618E-04   4.31274E-04   0.00000E+00   2.74180E-02   1.00000E+00   0.00000E+00   1.93789E+00   2.36452E-15            16   6.47881E-10   3.15669E+00
        1181   1.41720E+02   1.20000E-01   6.18136E-01   2.75758E-04   4.27690E-04   0.00000E+00   2.74511E-02   1.00000E+00   0.00000E+00   1.93789E+00   2.36329E-15            16   6.47477E-10   3.15672E+00
        1182   1.41840E+02   1.20000E-01   6.18136E-01   2.73897E-04   4.24106E-04   0.00000E+00   2.74834E-02   1.00000E+00   0.00000E+00   1.93789E+00   2.36543E-15            16   6.47107E-10   3.15676E+00
        1183   1.41960E+02   1.20000E-01   6.18136E-01   2.72033E-04   4.20524E-04   0.00000E+00   2.75151E-02   1.00000E+00   0.00000E+00   1.93789E+00   2.36426E-15            16   6.46710E-10   3.15679E+00
        1184   1.42080E+02   1.20000E-01   6.18136E-01   2.70168E-04   4.17198E-04   0.00000E+00   2.75460E-02   1.00000E+00   0.00000E+00   1.93789E+00   2.36657E-15            16   6.46299E-10   3.15682E+00
        1185   1.42200E+02   1.20000E-01   6.18136E-01   2.68301E-04   4.13889E-04   0.00000E+00   2.75762E-02   1.00000E+00   0.00000E+00   1.93789E+00   2.36532E-15            16   6.45894E-10   3.15685E+00
        1186   1.42320E+02   1.20000E-01   6.18136E-01   2.66432E-04   4.10580E-04   0.00000E+00   2.76057E-02   1.00000E+00   0.00000E+00   1.93789E+00   2.36730E-15            16   6.45531E-10   3.15688E+00
        1187   1.42440E+02   1.20000E-01   6.18136E-01   2.64562E-04   4.07272E-04   0.00000E+00   2.76344E-02   1.00000E+00   0.00000E+00   1.93789E+00   2.36582E-15            16   6.45143E-10   3.15691E+00
        1188   1.42560E+02   1.20000E-01   6.18136E-01   2.62690E-04   4.03964E-04   0.00000E+00   2.76625E-02   1.00000E+00   0.00000E+00   1.93789E+00   2.36870E-15            16   6.44751E-10   3.15694E+00
        1189   1.42680E+02   1.20000E-01   6.18136E-01   2.60817E-04   4.00657E-04   0.00000E+00   2.76898E-02   1.00000E+00   0.00000E+00   1.93789E+00   2.37082E-15            16   6.44336E-10   3.15697E+00
        1190   1.42800E+02   1.20000E-01   6.18136E-01   2.58942E-04   3.97352E-04   0.00000E+00   2.77164E-02   1.00000E+00   0.00000E+00   1.93789E+00   2.37364E-15            16   6.43966E-10   3.15700E+00
        1191   1.42920E+02   1.20000E-01   6.18136E-01   2.57065E-04   3.94047E-04   0.00000E+00   2.77423E-02   1.00000E+00   0.00000E+00   1.93789E+00   2.37168E-15            16   6.43583E-10   3.15703E+00
        1192   1.43040E+02   1.20000E-01   6.18136E-01   2.55188E-04   3.90743E-04   0.00000E+00   2.77674E-02   1.00000E+00   0.00000E+00   1.93789E+00   2.37325E-15            16   6.43211E-10   3.15706E+00
        1193   1.43160E+02   1.20000E-01   6.18136E-01   2.53309E-04   3.87440E-04   0.00000E+00   2.77919E-02   1.00000E+00   0.00000E+00   1.93789E+00   2.37148E-15            16   6.42833E-10   3.15708E+00
        1194   1.43280E+02   1.20000E-01   6.18136E-01   2.52354E-04   3.84138E-04   0.00000E+00   2.78157E-02   1.00000E+00   0.00000E+00   1.93789E+00   2.37353E-15            16   6.42477E-10   3.15711E+00
        1195   1.43400E+02   1.20000E-01   6.18136E-01   2.52995E-04   3.80838E-04   0.00000E+00   2.78387E-02   1.00000E+00   0.00000E+00   1.93789E+00   2.37149E-15            16   6.42111E-10   3.15714E+00
        1196   1.43520E+02   1.20000E-01   6.18136E-01   2.53630E-04   3.77538E-04   0.00000E+00   2.78610E-02   1.00000E+00   0.00000E+00   1.93789E+00   2.37330E-15            16   6.41757E-10   3.15716E+00
        1197   1.43640E+02   1.20000E-01   6.18136E-01   2.54259E-04   3.74240E-04   0.00000E+00   2.78826E-02   1.00000E+00   0.00000E+00   1.93789E+00   2.37116E-15            16   6.41398E-10   3.15719E+00
        1198   1.43760E+02   1.20000E-01   6.18136E-01   2.54882E-04   3.70944E-04   0.00000E+00   2.79035E-02   1.00000E+00   0.00000E+00   1.93789E+00   2.37292E-15            16   6.41059E-10   3.15721E+00
        1199   1.43880E+02   1.20000E-01   6.18136E-01   2.55498E-04   3.67648E-04   0.00000E+00   2.79237E-02   1.00000E+00   0.00000E+00   1.93789E+00   2.37144E-15            16   6.40713E-10   3.15724E+00
        1200   1.44000E+02   1.20000E-01   6.18136E-01   2.56109E-04   3.64354E-04   0.00000E+00   2.79431E-02   1.00000E+00   0.00000E+00   1.93789E+00   2.37140E-15            16   6.40349E-10   3.15726E+00
        1201   1.44120E+02   1.20000E-01   6.18136E-01   2.56713E-04   3.61062E-04   0.00000E+00   2.79619E-02   1.00000E+00   0.00000E+00   1.93789E+00   2.37037E-15            16   6.40036E-10   3.15729E+00
        1202   1.44240E+02   1.20000E-01   6.18136E-01   2.57312E-04   3.57772E-04   0.00000E+00   2.79800E-02   1.00000E+00   0.00000E+00   1.93789E+00   2.37125E-15            16   6.39687E-10   3.15731E+00
        1203   1.44360E+02   1.20000E-01   6.18136E-01   2.57904E-04   3.54483E-04   0.00000E+00   2.79973E-02   1.00000E+00   0.00000E+00   1.93789E+00   2.37047E-15            16   6.39387E-10   3.15733E+00
        1204   1.44480E+02   1.20000E-01   6.18136E-01   2.58489E-04   3.51195E-04   0.00000E+00   2.80139E-02   1.00000E+00   0.00000E+00   1.93789E+00   2.37030E-15            16   6.39040E-10   3.15736E+00
        1205   1.44600E+02   1.20000E-01   6.18136E-01   2.59069E-04   3.47910E-04   0.00000E+00   2.80299E-02   1.00000E+00   0.00000E+00   1.93789E+00   2.36960E-15            16   6.38747E-10   3.15738E+00
        1206   1.44720E+02   1.20000E-01   6.18136E-01   2.59642E-04   3.44626E-04   0.00000E+00   2.80451E-02   1.00000E+00   0.00000E+00   1.93789E+00   2.37055E-15            16   6.38414E-10   3.15740E+00
        1207   1.44840E+02   1.20000E-01   6.18136E-01   2.60210E-04   3.41344E-04   0.00000E+00   2.80596E-02   1.00000E+00   0.00000E+00   1.93789E+00   2.36888E-15            16   6.38134E-10   3.15742E+00
        1208   1.44960E+02   1.20000E-01   6.18136E-01   2.61199E-04   3.38065E-04   0.00000E+00   2.80734E-02   1.00000E+00   0.00000E+00   1.93789E+00   2.36922E-15            16   6.37804E-10   3.15744E+00
        1209   1.45080E+02   1.20000E-01   6.18136E-01   2.62459E-04   3.34883E-04   0.00000E+00   2.80865E-02   1.00000E+00   0.00000E+00   1.93789E+00   2.36807E-15            16   6.37530E-10   3.15746E+00
        1210   1.45200E+02   1.20000E-01   6.18136E-01   2.63711E-04   3.31873E-04   0.00000E+00   2.80989E-02   1.00000E+00   0.00000E+00   1.93789E+00   2.36875E-15            16   6.37214E-10   3.15748E+00
        1211   1.45320E+02   1.20000E-01   6.18136E-01   2.64956E-04   3.28865E-04   0.00000E+00   2.81106E-02   1.00000E+00   0.00000E+00   1.93789E+00   2.36726E-15            16   6.36953E-10   3.15750E+00
        1212   1.45440E+02   1.20000E-01   6.18136E-01   2.66194E-04   3.25859E-04   0.00000E+00   2.81216E-02   1.00000E+00   0.00000E+00   1.93789E+00   2.36748E-15            16   6.36642E-10   3.15752E+00
        1213   1.45560E+02   1.20000E-01   6.18136E-01   2.67424E-04   3.22853E-04   0.00000E+00   2.81319E-02   1.00000E+00   0.00000E+00   1.93789E+00   2.36578E-15            16   6.36390E-10   3.15754E+00
        1214   1.45680E+02   1.20000E-01   6.18136E-01   2.68646E-04   3.19850E-04   0.00000E+00   2.81415E-02   1.00000E+00   0.00000E+00   1.93789E+00   2.36637E-15            16   6.36094E-10   3.15756E+00
        1215   1.45800E+02   1.20000E-01   6.18136E-01   2.69861E-04   3.16848E-04   0.00000E+00   2.81504E-02   1.00000E+00   0.00000E+00   1.93789E+00   2.36478E-15            16   6.35855E-10   3.15757E+00
        1216   1.45920E+02   1.20000E-01   6.18136E-01   2.71068E-04   3.13848E-04   0.00000E+00   2.81586E-02   1.00000E+00   0.00000E+00   1.93789E+00   2.36449E-15            16   6.35566E-10   3.15759E+00
        1217   1.46040E+02   1.20000E-01   6.18136E-01   2.72268E-04   3.10850E-04   0.00000E+00   2.81661E-02   1.00000E+00   0.00000E+00   1.93789E+00   2.36315E-15            16   6.35337E-10   3.15761E+00
        1218   1.46160E+02   1.20000E-01   6.18136E-01   2.73460E-04   3.07853E-04   0.00000E+00   2.81729E-02   1.00000E+00   0.00000E+00   1.93789E+00   2.36386E-15            16   6.35061E-10   3.15762E+00
        1219   1.46280E+02   1.20000E-01   6.18136E-01   2.74644E-04   3.04858E-04   0.00000E+00   2.81790E-02   1.00000E+00   0.00000E+00   1.93789E+00   2.36207E-15            16   6.34847E-10   3.15764E+00
        1220   1.46400E+02   1.20000E-01   6.18136E-01   2.75820E-04   3.01866E-04   0.00000E+00   2.81844E-02   1.00000E+00   0.00000E+00   1.93789E+00   2.36242E-15            16   6.34578E-10   3.15765E+00
        1221   1.46520E+02   1.20000E-01   6.18136E-01   2.76989E-04   2.98875E-04   0.00000E+00   2.81892E-02   1.00000E+00   0.00000E+00   1.93789E+00   2.36010E-15            16   6.34375E-10   3.15767E+00
        1222   1.46640E+02   1.20000E-01   6.18136E-01   2.78150E-04   2.95887E-04   0.00000E+00   2.81933E-02   1.00000E+00   0.00000E+00   1.93789E+00   2.35997E-15            16   6.34113E-10   3.15768E+00
        1223   1.46760E+02   1.20000E-01   6.18136E-01   2.79303E-04   2.92900E-04   0.00000E+00   2.81966E-02   1.00000E+00   0.00000E+00   1.93789E+00   2.35318E-15            16   6.33945E-10   3.15770E+00
        1224   1.46880E+02   1.20000E-01   6.18136E-01   2.80448E-04   2.89916E-04   0.00000E+00   2.81992E-02   1.00000E+00   0.00000E+00   1.93789E+00   2.35934E-15            16   6.33679E-10   3.15771E+00
        1225   1.47000E+02   1.20000E-01   6.18136E-01   2.81586E-04   2.86934E-04   0.00000E+00   2.82012E-02   1.00000E+00   0.00000E+00   1.93789E+00   2.35729E-15            16   6.33498E-10   3.15772E+00
        1226   1.47120E+02   1.20000E-01   6.18136E-01   2.82715E-04   2.83954E-04   0.00000E+00   2.82024E-02   1.00000E+00   0.00000E+00   1.93789E+00   2.35183E-15            16   6.33275E-10   3.15774E+00
        1227   1.47240E+02   1.20000E-01   6.18136E-01   2.83837E-04   2.80977E-04   0.00000E+00   2.82031E-02   1.00000E+00   0.00000E+00   1.93789E+00   2.35578E-15            16   6.33085E-10   3.15775E+00
        1228   1.47360E+02   1.20000E-01   6.18136E-01   2.84950E-04   2.78001E-04   0.00000E+00   2.82029E-02   1.00000E+00   0.00000E+00   1.93789E+00   2.35734E-15            16   6.32863E-10   3.15776E+00
        1229   1.47480E+02   1.20000E-01   6.18136E-01   2.86056E-04   2.75029E-04   0.00000E+00   2.82020E-02   1.00000E+00   0.00000E+00   1.93789E+00   2.34955E-15            16   6.32717E-10   3.15777E+00
        1230   1.47600E+02   1.20000E-01   6.18136E-01   2.87153E-04   2.72059E-04   0.00000E+00   2.82005E-02   1.00000E+00   0.00000E+00   1.93789E+00   2.35591E-15            16   6.32488E-10   3.15778E+00
        1231   1.47720E+02   1.20000E-01   6.18136E-01   2.88243E-04   2.69091E-04   0.00000E+00   2.81984E-02   1.00000E+00   0.00000E+00   1.93789E+00   2.34703E-15            16   6.32354E-10   3.15779E+00
        1232   1.47840E+02   1.20000E-01   6.18136E-01   2.89324E-04   2.66151E-04   0.00000E+00   2.81956E-02   1.00000E+00   0.00000E+00   1.93789E+00   2.35364E-15            16   6.32129E-10   3.15780E+00
        1233   1.47960E+02   1.20000E-01   6.18136E-01   2.90398E-04   2.63444E-04   0.00000E+00   2.81920E-02   1.00000E+00   0.00000E+00   1.93789E+00   2.34591E-15            16   6.32006E-10   3.15781E+00
        1234   1.48080E+02   1.20000E-01   6.18136E-01   2.91463E-04   2.60740E-04   0.00000E+00   2.81877E-02   1.00000E+00   0.00000E+00   1.93789E+00   2.35265E-15            16   6.31798E-10   3.15782E+00
        1235   1.48200E+02   1.20000E-01   6.18136E-01   2.92520E-04   2.58038E-04   0.00000E+00   2.81828E-02   1.00000E+00   0.00000E+00   1.93789E+00   2.34352E-15            16   6.31686E-10   3.15783E+00
        1236   1.48320E+02   1.20000E-01   6.18136E-01   2.93569E-04   2.55337E-04   0.00000E+00   2.81773E-02   1.00000E+00   0.00000E+00   1.93789E+00   2.34940E-15            16   6.31490E-10   3.15784E+00
        1237   1.48440E+02   1.20000E-01   6.18136E-01   2.94610E-04   2.52639E-04   0.00000E+00   2.81712E-02   1.00000E+00   0.00000E+00   1.93789E+00   2.33981E-15            16   6.31395E-10   3.15784E+00
        1238   1.48560E+02   1.20000E-01   6.18136E-01   2.95642E-04   2.49943E-04   0.00000E+00   2.81642E-02   1.00000E+00   0.00000E+00   1.93789E+00   2.34760E-15            16   6.31213E-10   3.15785E+00
        1239   1.48680E+02   1.20000E-01   6.18136E-01   2.96666E-04   2.47250E-04   0.00000E+00   2.81566E-02   1.00000E+00   0.00000E+00   1.93789E+00   2.33696E-15            16   6.31103E-10   3.15786E+00
        1240   1.48800E+02   1.20000E-01   6.18136E-01   2.97683E-04   2.44559E-04   0.00000E+00   2.81483E-02   1.00000E+00   0.00000E+00   1.93789E+00   2.34489E-15            16   6.30960E-10   3.15786E+00
        1241   1.48920E+02   1.20000E-01   6.18136E-01   2.98690E-04   2.41870E-04   0.00000E+00   2.81395E-02   1.00000E+00   0.00000E+00   1.93789E+00   2.33359E-15            16   6.30864E-10   3.15787E+00
        1242   1.49040E+02   1.20000E-01   6.18136E-01   2.99690E-04   2.39183E-04   0.00000E+00   2.81300E-02   1.00000E+00   0.00000E+00   1.93789E+00   2.34127E-15            16   6.30725E-10   3.15788E+00
        1243   1.49160E+02   1.20000E-01   6.18136E-01   3.00681E-04   2.36500E-04   0.00000E+00   2.81196E-02   1.00000E+00   0.00000E+00   1.93789E+00   2.33083E-15            16   6.30626E-10   3.15788E+00
        1244   1.49280E+02   1.20000E-01   6.18136E-01   3.01664E-04   2.33818E-04   0.00000E+00   2.81087E-02   1.00000E+00   0.00000E+00   1.93789E+00   2.33856E-15            16   6.30497E-10   3.15789E+00
        1245   1.49400E+02   1.20000E-01   6.18136E-01   3.02638E-04   2.31139E-04   0.00000E+00   2.80971E-02   1.00000E+00   0.00000E+00   1.93789E+00   2.30909E-15            16   6.29754E-10   3.15789E+00
        1246   1.49520E+02   1.20000E-01   6.18136E-01   3.03604E-04   2.28463E-04   0.00000E+00   2.80849E-02   1.00000E+00   0.00000E+00   1.93789E+00   2.23735E-15            16   6.29204E-10   3.15789E+00
        1247   1.49640E+02   1.20000E-01   6.18136E-01   3.04560E-04   2.25789E-04   0.00000E+00   2.80720E-02   1.00000E+00   0.00000E+00   1.93789E+00   2.25874E-15            16   6.31583E-10   3.15790E+00
        1248   1.49760E+02   1.20000E-01   6.18136E-01   3.05507E-04   2.23118E-04   0.00000E+00   2.80583E-02   1.00000E+00   0.00000E+00   1.93789E+00   2.27419E-15            16   6.31736E-10   3.15790E+00
        1249   1.49880E+02   1.20000E-01   6.18136E-01   3.06444E-04   2.20449E-04   0.00000E+00   2.80439E-02   1.00000E+00   0.00000E+00   1.93789E+00   2.14375E-15            16   6.31233E-10   3.15790E+00
        1250   1.50000E+02   1.20000E-01   6.18136E-01   3.07372E-04   2.17783E-04   0.00000E+00   2.80289E-02   1.00000E+00   0.00000E+00   1.93789E+00   1.99508E-15            16   6.29722E-10   3.15790E+00
        1251   1.50120E+02   1.20000E-01   6.18136E-01   3.08290E-04   2.15119E-04   0.00000E+00   2.80133E-02   1.00000E+00   0.00000E+00   1.93789E+00   2.29274E-15            16   6.34527E-10   3.15791E+00
        1252   1.50240E+02   1.20000E-01   6.18136E-01   3.09198E-04   2.12454E-04   0.00000E+00   2.79970E-02   1.00000E+00   0.00000E+00   1.93789E+00   2.51318E-15            16   6.24644E-10   3.15791E+00
        1253   1.50360E+02   1.20000E-01   6.18136E-01   3.10094E-04   2.09788E-04   0.00000E+00   2.79799E-02   1.00000E+00   0.00000E+00   1.93789E+00   2.12961E-15            16   6.20520E-10   3.15791E+00
        1254   1.50480E+02   1.20000E-01   6.18136E-01   3.10979E-04   2.07252E-04   0.00000E+00   2.79622E-02   1.00000E+00   0.00000E+00   1.93789E+00   2.92886E-15            16   6.22012E-10   3.15791E+00
        1255   1.50600E+02   1.20000E-01   6.18136E-01   3.11851E-04   2.04824E-04   0.00000E+00   2.79439E-02   1.00000E+00   0.00000E+00   1.93789E+00   4.19576E-15            16   6.29575E-10   3.15791E+00
        1256   1.50720E+02   1.20000E-01   6.18136E-01   3.12711E-04   2.02393E-04   0.00000E+00   2.79249E-02   1.00000E+00   0.00000E+00   1.93789E+00   3.53808E-15            16   6.26633E-10   3.15791E+00
        1257   1.50840E+02   1.20000E-01   6.18136E-01   3.13559E-04   1.99960E-04   0.00000E+00   2.79054E-02   1.00000E+00   0.00000E+00   1.93789E+00   3.95643E-15            16   6.26833E-10   3.15791E+00
        1258   1.50960E+02   1.20000E-01   6.18136E-01   3.14395E-04   1.97525E-04   0.00000E+00   2.78850E-02   1.00000E+00   0.00000E+00   1.93789E+00   3.51497E-15            16   6.18372E-10   3.15790E+00
        1259   1.51080E+02   1.20000E-01   6.18136E-01   3.15219E-04   1.95089E-04   0.00000E+00   2.78639E-02   1.00000E+00   0.00000E+00   1.93789E+00   3.13831E-15            16   6.14775E-10   3.15790E+00
        1260   1.51200E+02   1.20000E-01   6.18136E-01   3.16031E-04   1.92651E-04   0.00000E+00   2.78422E-02   1.00000E+00   0.00000E+00   1.93789E+00   3.09390E-15            16   6.14382E-10   3.15790E+00
        1261   1.51320E+02   1.20000E-01   6.18136E-01   3.16832E-04   1.90212E-04   0.00000E+00   2.78200E-02   1.00000E+00   0.00000E+00   1.93789E+00   3.06978E-15            16   6.14023E-10   3.15790E+00
        1262   1.51440E+02   1.20000E-01   6.18136E-01   3.17621E-04   1.87773E-04   0.00000E+00   2.77972E-02   1.00000E+00   0.00000E+00   1.93789E+00   2.36656E-15            16   6.09482E-10   3.15789E+00
        1263   1.51560E+02   1.20000E-01   6.18136E-01   3.18788E-04   1.85333E-04   0.00000E+00   2.77735E-02   1.00000E+00   0.00000E+00   1.93789E+00   2.10922E-15            16   6.08275E-10   3.15789E+00
        1264   1.51680E+02   1.20000E-01   6.18136E-01   3.20100E-04   1.82893E-04   0.00000E+00   2.77492E-02   1.00000E+00   0.00000E+00   1.93789E+00   2.07917E-15            16   6.07978E-10   3.15789E+00
        1265   1.51800E+02   1.20000E-01   6.18136E-01   3.21401E-04   1.80453E-04   0.00000E+00   2.77244E-02   1.00000E+00   0.00000E+00   1.93789E+00   2.05715E-15            16   6.07648E-10   3.15788E+00
        1266   1.51920E+02   1.20000E-01   6.18136E-01   3.22690E-04   1.78014E-04   0.00000E+00   2.76989E-02   1.00000E+00   0.00000E+00   1.93789E+00   2.02943E-15            16   6.07375E-10   3.15788E+00
        1267   1.52040E+02   1.20000E-01   6.18136E-01   3.23969E-04   1.75575E-04   0.00000E+00   2.76729E-02   1.00000E+00   0.00000E+00   1.93789E+00   2.00606E-15            16   6.07073E-10   3.15787E+00
        1268   1.52160E+02   1.20000E-01   6.18136E-01   3.25237E-04   1.73137E-04   0.00000E+00   2.76461E-02   1.00000E+00   0.00000E+00   1.93789E+00   1.97838E-15            16   6.06819E-10   3.15787E+00
        1269   1.52280E+02   1.20000E-01   6.18136E-01   3.26494E-04   1.70700E-04   0.00000E+00   2.76186E-02   1.00000E+00   0.00000E+00   1.93789E+00   1.95438E-15            16   6.06539E-10   3.15786E+00
        1270   1.52400E+02   1.20000E-01   6.18136E-01   3.27740E-04   1.68264E-04   0.00000E+00   2.75906E-02   1.00000E+00   0.00000E+00   1.93789E+00   1.93030E-15            16   6.06321E-10   3.15785E+00
        1271   1.52520E+02   1.20000E-01   6.18136E-01   3.28975E-04   1.65829E-04   0.00000E+00   2.75620E-02   1.00000E+00   0.00000E+00   1.93789E+00   1.94455E-15            16   6.06070E-10   3.15785E+00
        1272   1.52640E+02   1.20000E-01   6.18136E-01   3.30199E-04   1.63396E-04   0.00000E+00   2.75328E-02   1.00000E+00   0.00000E+00   1.93789E+00   1.92768E-15            16   6.05870E-10   3.15784E+00
        1273   1.52760E+02   1.20000E-01   6.18136E-01   3.31427E-04   1.60965E-04   0.00000E+00   2.75028E-02   1.00000E+00   0.00000E+00   1.93789E+00   1.93926E-15            16   6.05636E-10   3.15783E+00
        1274   1.52880E+02   1.20000E-01   6.18136E-01   3.32665E-04   1.58769E-04   0.00000E+00   2.74722E-02   1.00000E+00   0.00000E+00   1.93789E+00   1.92083E-15            16   6.05476E-10   3.15783E+00
        1275   1.53000E+02   1.20000E-01   6.18136E-01   3.33892E-04   1.56577E-04   0.00000E+00   2.74410E-02   1.00000E+00   0.00000E+00   1.93789E+00   1.92572E-15            16   6.04927E-10   3.15782E+00
        1276   1.53120E+02   1.20000E-01   6.18136E-01   3.35108E-04   1.54386E-04   0.00000E+00   2.74093E-02   1.00000E+00   0.00000E+00   1.93789E+00   1.90463E-15            16   6.04774E-10   3.15781E+00
        1277   1.53240E+02   1.20000E-01   6.18136E-01   3.36313E-04   1.52197E-04   0.00000E+00   2.73770E-02   1.00000E+00   0.00000E+00   1.93789E+00   1.91838E-15            16   6.04571E-10   3.15780E+00
        1278   1.53360E+02   1.20000E-01   6.18136E-01   3.37507E-04   1.50009E-04   0.00000E+00   2.73439E-02   1.00000E+00   0.00000E+00   1.93789E+00   1.89453E-15            16   6.04420E-10   3.15779E+00
        1279   1.53480E+02   1.20000E-01   6.18136E-01   3.38691E-04   1.47824E-04   0.00000E+00   2.73102E-02   1.00000E+00   0.00000E+00   1.93789E+00   1.89280E-15            16   6.04235E-10   3.15778E+00
        1280   1.53600E+02   1.20000E-01   6.18136E-01   3.39863E-04   1.45640E-04   0.00000E+00   2.72759E-02   1.00000E+00   0.00000E+00   1.93789E+00   1.89881E-15            16   6.04103E-10   3.15777E+00
        1281   1.53720E+02   1.20000E-01   6.18136E-01   3.41024E-04   1.43458E-04   0.00000E+00   2.72411E-02   1.00000E+00   0.00000E+00   1.93789E+00   1.88526E-15            16   6.03958E-10   3.15776E+00
        1282   1.53840E+02   1.20000E-01   6.18136E-01   3.42174E-04   1.42026E-04   0.00000E+00   2.72058E-02   1.00000E+00   0.00000E+00   1.93789E+00   1.87604E-15            16   6.03861E-10   3.15775E+00
        1283   1.53960E+02   1.20000E-01   6.18136E-01   3.43313E-04   1.45806E-04   0.00000E+00   2.71695E-02   1.00000E+00   0.00000E+00   1.93789E+00   1.88698E-15            16   6.03711E-10   3.15773E+00
        1284   1.54080E+02   1.20000E-01   6.18136E-01   3.44441E-04   1.49577E-04   0.00000E+00   2.71328E-02   1.00000E+00   0.00000E+00   1.93789E+00   1.86431E-15            16   6.03638E-10   3.15772E+00
        1285   1.54200E+02   1.20000E-01   6.18136E-01   3.45558E-04   1.53339E-04   0.00000E+00   2.70955E-02   1.00000E+00   0.00000E+00   1.93789E+00   1.86205E-15            16   6.03517E-10   3.15771E+00
        1286   1.54320E+02   1.20000E-01   6.18136E-01   3.47952E-04   1.57093E-04   0.00000E+00   2.70576E-02   1.00000E+00   0.00000E+00   1.93789E+00   1.85175E-15            16   6.03468E-10   3.15770E+00
        1287   1.54440E+02   1.20000E-01   6.18136E-01   3.50562E-04   1.60837E-04   0.00000E+00   2.70193E-02   1.00000E+00   0.00000E+00   1.93789E+00   1.85058E-15            16   6.03362E-10   3.15768E+00
        1288   1.54560E+02   1.20000E-01   6.18136E-01   3.53164E-04   1.64572E-04   0.00000E+00   2.69800E-02   1.00000E+00   0.00000E+00   1.93789E+00   1.83807E-15            16   6.03315E-10   3.15767E+00
        1289   1.54680E+02   1.20000E-01   6.18136E-01   3.55755E-04   1.68298E-04   0.00000E+00   2.69402E-02   1.00000E+00   0.00000E+00   1.93789E+00   1.83629E-15            16   6.03227E-10   3.15766E+00
        1290   1.54800E+02   1.20000E-01   6.18136E-01   3.58339E-04   1.72014E-04   0.00000E+00   2.68998E-02   1.00000E+00   0.00000E+00   1.93789E+00   1.82618E-15            16   6.03208E-10   3.15764E+00
        1291   1.54920E+02   1.20000E-01   6.18136E-01   3.60911E-04   1.75721E-04   0.00000E+00   2.68590E-02   1.00000E+00   0.00000E+00   1.93789E+00   1.82523E-15            16   6.03136E-10   3.15763E+00
        1292   1.55040E+02   1.20000E-01   6.18136E-01   3.63475E-04   1.79417E-04   0.00000E+00   2.68173E-02   1.00000E+00   0.00000E+00   1.93789E+00   1.81045E-15            16   6.03089E-10   3.15761E+00
        1293   1.55160E+02   1.20000E-01   6.18136E-01   3.66029E-04   1.83104E-04   0.00000E+00   2.67751E-02   1.00000E+00   0.00000E+00   1.93789E+00   1.80829E-15            16   6.03040E-10   3.15760E+00
        1294   1.55280E+02   1.20000E-01   6.18136E-01   3.68573E-04   1.86781E-04   0.00000E+00   2.67323E-02   1.00000E+00   0.00000E+00   1.93789E+00   1.79663E-15            16   6.03041E-10   3.15758E+00
        1295   1.55400E+02   1.20000E-01   6.18136E-01   3.71107E-04   1.90449E-04   0.00000E+00   2.66891E-02   1.00000E+00   0.00000E+00   1.93789E+00   1.79463E-15            16   6.03015E-10   3.15756E+00
        1296   1.55520E+02   1.20000E-01   6.18136E-01   3.73631E-04   1.94106E-04   0.00000E+00   2.66449E-02   1.00000E+00   0.00000E+00   1.93789E+00   1.78023E-15            16   6.03011E-10   3.15755E+00
        1297   1.55640E+02   1.20000E-01   6.18136E-01   3.76145E-04   1.97753E-04   0.00000E+00   2.66004E-02   1.00000E+00   0.00000E+00   1.93789E+00   1.77720E-15            16   6.02999E-10   3.15753E+00
        1298   1.55760E+02   1.20000E-01   6.18136E-01   3.78649E-04   2.01389E-04   0.00000E+00   2.65552E-02   1.00000E+00   0.00000E+00   1.93789E+00   1.76444E-15            16   6.03015E-10   3.15751E+00
        1299   1.55880E+02   1.20000E-01   6.18136E-01   3.81144E-04   2.05016E-04   0.00000E+00   2.65096E-02   1.00000E+00   0.00000E+00   1.93789E+00   1.76130E-15            16   6.03054E-10   3.15749E+00
        1300   1.56000E+02   1.20000E-01   6.18136E-01   3.83630E-04   2.08631E-04   0.00000E+00   2.64631E-02   1.00000E+00   0.00000E+00   1.93789E+00   1.74726E-15            16   6.03047E-10   3.15748E+00
        1301   1.56120E+02   1.20000E-01   6.18136E-01   3.86105E-04   2.12236E-04   0.00000E+00   2.64162E-02   1.00000E+00   0.00000E+00   1.93789E+00   1.74345E-15            16   6.03099E-10   3.15746E+00
        1302   1.56240E+02   1.20000E-01   6.18136E-01   3.88571E-04   2.15831E-04   0.00000E+00   2.63687E-02   1.00000E+00   0.00000E+00   1.93789E+00   1.73045E-15            16   6.03124E-10   3.15744E+00
        1303   1.56360E+02   1.20000E-01   6.18136E-01   3.91025E-04   2.19415E-04   0.00000E+00   2.63207E-02   1.00000E+00   0.00000E+00   1.93789E+00   1.72658E-15            16   6.03186E-10   3.15742E+00
        1304   1.56480E+02   1.20000E-01   6.18136E-01   3.93469E-04   2.22988E-04   0.00000E+00   2.62719E-02   1.00000E+00   0.00000E+00   1.93789E+00   1.71122E-15            16   6.03204E-10   3.15740E+00
        1305   1.56600E+02   1.20000E-01   6.18136E-01   3.95901E-04   2.26550E-04   0.00000E+00   2.62227E-02   1.00000E+00   0.00000E+00   1.93789E+00   1.70719E-15            16   6.03274E-10   3.15738E+00
        1306   1.56720E+02   1.20000E-01   6.18136E-01   3.98321E-04   2.30101E-04   0.00000E+00   2.61729E-02   1.00000E+00   0.00000E+00   1.93789E+00   1.69362E-15            16   6.03319E-10   3.15736E+00
        1307   1.56840E+02   1.20000E-01   6.18136E-01   4.00730E-04   2.33642E-04   0.00000E+00   2.61227E-02   1.00000E+00   0.00000E+00   1.93789E+00   1.68981E-15            16   6.03386E-10   3.15734E+00
        1308   1.56960E+02   1.20000E-01   6.18136E-01   4.03127E-04   2.37171E-04   0.00000E+00   2.60716E-02   1.00000E+00   0.00000E+00   1.93789E+00   1.67457E-15            16   6.03453E-10   3.15732E+00
        1309   1.57080E+02   1.20000E-01   6.18136E-01   4.05512E-04   2.40690E-04   0.00000E+00   2.60201E-02   1.00000E+00   0.00000E+00   1.93789E+00   1.67070E-15            16   6.03536E-10   3.15729E+00
        1310   1.57200E+02   1.20000E-01   6.18136E-01   4.07885E-04   2.44197E-04   0.00000E+00   2.59681E-02   1.00000E+00   0.00000E+00   1.93789E+00   1.65779E-15            16   6.03603E-10   3.15727E+00
        1311   1.57320E+02   1.20000E-01   6.18136E-01   4.10246E-04   2.47693E-04   0.00000E+00   2.59156E-02   1.00000E+00   0.00000E+00   1.93789E+00   1.65430E-15            16   6.03701E-10   3.15725E+00
        1312   1.57440E+02   1.20000E-01   6.18136E-01   4.12595E-04   2.51178E-04   0.00000E+00   2.58623E-02   1.00000E+00   0.00000E+00   1.93789E+00   1.64522E-15            16   6.03761E-10   3.15723E+00
        1313   1.57560E+02   1.20000E-01   6.18136E-01   4.14931E-04   2.54651E-04   0.00000E+00   2.58086E-02   1.00000E+00   0.00000E+00   1.93789E+00   1.64834E-15            16   6.03862E-10   3.15720E+00
        1314   1.57680E+02   1.20000E-01   6.18136E-01   4.17256E-04   2.58113E-04   0.00000E+00   2.57542E-02   1.00000E+00   0.00000E+00   1.93789E+00   1.64982E-15            16   6.03932E-10   3.15718E+00
        1315   1.57800E+02   1.20000E-01   6.18136E-01   4.19569E-04   2.61564E-04   0.00000E+00   2.56996E-02   1.00000E+00   0.00000E+00   1.93789E+00   1.65164E-15            16   6.04047E-10   3.15716E+00
        1316   1.57920E+02   1.20000E-01   6.18136E-01   4.21869E-04   2.65002E-04   0.00000E+00   2.56440E-02   1.00000E+00   0.00000E+00   1.93789E+00   1.65190E-15            16   6.04104E-10   3.15713E+00
        1317   1.58040E+02   1.20000E-01   6.18136E-01   4.24157E-04   2.68429E-04   0.00000E+00   2.55880E-02   1.00000E+00   0.00000E+00   1.93789E+00   1.65316E-15            16   6.04228E-10   3.15711E+00
        1318   1.58160E+02   1.20000E-01   6.18136E-01   4.26433E-04   2.71844E-04   0.00000E+00   2.55315E-02   1.00000E+00   0.00000E+00   1.93789E+00   1.65250E-15            16   6.04175E-10   3.15708E+00
        1319   1.58280E+02   1.20000E-01   6.18136E-01   4.28696E-04   2.75248E-04   0.00000E+00   2.54746E-02   1.00000E+00   0.00000E+00   1.93789E+00   1.65415E-15            16   6.04427E-10   3.15706E+00
        1320   1.58400E+02   1.20000E-01   6.18136E-01   4.30947E-04   2.78640E-04   0.00000E+00   2.54168E-02   1.00000E+00   0.00000E+00   1.93789E+00   1.65403E-15            16   6.04503E-10   3.15703E+00
        1321   1.58520E+02   1.20000E-01   6.18136E-01   4.33185E-04   2.82019E-04   0.00000E+00   2.53586E-02   1.00000E+00   0.00000E+00   1.93789E+00   1.65452E-15            16   6.04665E-10   3.15701E+00
        1322   1.58640E+02   1.20000E-01   6.18136E-01   4.35410E-04   2.85386E-04   0.00000E+00   2.52998E-02   1.00000E+00   0.00000E+00   1.93789E+00   1.65326E-15            16   6.04788E-10   3.15698E+00
        1323   1.58760E+02   1.20000E-01   6.18136E-01   4.37622E-04   2.88741E-04   0.00000E+00   2.52408E-02   1.00000E+00   0.00000E+00   1.93789E+00   1.65276E-15            16   6.04958E-10   3.15695E+00
        1324   1.58880E+02   1.20000E-01   6.18136E-01   4.39820E-04   2.92084E-04   0.00000E+00   2.51808E-02   1.00000E+00   0.00000E+00   1.93789E+00   1.65112E-15            16   6.05059E-10   3.15693E+00
        1325   1.59000E+02   1.20000E-01   6.18136E-01   4.42006E-04   2.95414E-04   0.00000E+00   2.51204E-02   1.00000E+00   0.00000E+00   1.93789E+00   1.65026E-15            16   6.05231E-10   3.15690E+00
        1326   1.59120E+02   1.20000E-01   6.18136E-01   4.44178E-04   2.98732E-04   0.00000E+00   2.50595E-02   1.00000E+00   0.00000E+00   1.93789E+00   1.64802E-15            16   6.05366E-10   3.15687E+00
        1327   1.59240E+02   1.20000E-01   6.18136E-01   4.46337E-04   3.02038E-04   0.00000E+00   2.49983E-02   1.00000E+00   0.00000E+00   1.93789E+00   1.64582E-15            16   6.05551E-10   3.15684E+00
        1328   1.59360E+02   1.20000E-01   6.18136E-01   4.48482E-04   3.05330E-04   0.00000E+00   2.49361E-02   1.00000E+00   0.00000E+00   1.93789E+00   1.64351E-15            16   6.05665E-10   3.15681E+00
        1329   1.59480E+02   1.20000E-01   6.18136E-01   4.50614E-04   3.08610E-04   0.00000E+00   2.48736E-02   1.00000E+00   0.00000E+00   1.93789E+00   1.64112E-15            16   6.05852E-10   3.15679E+00
        1330   1.59600E+02   1.20000E-01   6.18136E-01   4.52732E-04   3.11877E-04   0.00000E+00   2.48106E-02   1.00000E+00   0.00000E+00   1.93789E+00   1.63835E-15            16   6.06003E-10   3.15676E+00
        1331   1.59720E+02   1.20000E-01   6.18136E-01   4.54837E-04   3.15132E-04   0.00000E+00   2.47473E-02   1.00000E+00   0.00000E+00   1.93789E+00   1.63544E-15            16   6.06208E-10   3.15673E+00
        1332   1.59840E+02   1.20000E-01   6.18136E-01   4.56927E-04   3.18373E-04   0.00000E+00   2.46830E-02   1.00000E+00   0.00000E+00   1.93789E+00   1.63199E-15            16   6.06335E-10   3.15670E+00
        1333   1.59960E+02   1.20000E-01   6.18136E-01   4.59004E-04   3.21602E-04   0.00000E+00   2.46184E-02   1.00000E+00   0.00000E+00   1.93789E+00   1.62897E-15            16   6.06540E-10   3.15667E+00
        1334   1.60080E+02   1.20000E-01   6.18136E-01   4.61067E-04   3.24817E-04   0.00000E+00   2.45533E-02   1.00000E+00   0.00000E+00   1.93789E+00   1.62481E-15            16   6.06707E-10   3.15664E+00
        1335   1.60200E+02   1.20000E-01   6.18136E-01   4.63115E-04   3.28019E-04   0.00000E+00   2.44879E-02   1.00000E+00   0.00000E+00   1.93789E+00   1.62079E-15            16   6.06931E-10   3.15661E+00
        1336   1.60320E+02   1.20000E-01   6.18136E-01   4.65150E-04   3.31208E-04   0.00000E+00   2.44216E-02   1.00000E+00   0.00000E+00   1.93789E+00   1.61704E-15            16   6.07072E-10   3.15657E+00
        1337   1.60440E+02   1.20000E-01   6.18136E-01   4.67170E-04   3.34384E-04   0.00000E+00   2.43550E-02   1.00000E+00   0.00000E+00   1.93789E+00   1.61220E-15            16   6.07296E-10   3.15654E+00
        1338   1.60560E+02   1.20000E-01   6.18136E-01   4.69175E-04   3.37546E-04   0.00000E+00   2.42878E-02   1.00000E+00   0.00000E+00   1.93789E+00   1.60801E-15            16   6.07478E-10   3.15651E+00
        1339   1.60680E+02   1.20000E-01   6.18136E-01   4.71167E-04   3.40696E-04   0.00000E+00   2.42277E-02   1.00000E+00   0.00000E+00   1.93789E+00   1.60375E-15            16   6.07722E-10   3.15648E+00
        1340   1.60800E+02   1.20000E-01   6.18136E-01   4.73143E-04   3.43831E-04   0.00000E+00   2.41827E-02   1.00000E+00   0.00000E+00   1.93789E+00   1.59768E-15            16   6.07875E-10   3.15645E+00
        1341   1.60920E+02   1.20000E-01   6.18136E-01   4.75105E-04   3.46953E-04   0.00000E+00   2.41375E-02   1.00000E+00   0.00000E+00   1.93789E+00   1.59343E-15            16   6.08116E-10   3.15641E+00
        1342   1.61040E+02   1.20000E-01   6.18136E-01   4.77053E-04   3.50061E-04   0.00000E+00   2.40916E-02   1.00000E+00   0.00000E+00   1.93789E+00   1.58811E-15            16   6.08314E-10   3.15638E+00
        1343   1.61160E+02   1.20000E-01   6.18136E-01   4.78985E-04   3.53156E-04   0.00000E+00   2.40454E-02   1.00000E+00   0.00000E+00   1.93789E+00   1.58298E-15            16   6.08575E-10   3.15635E+00
        1344   1.61280E+02   1.20000E-01   6.18136E-01   4.80902E-04   3.56236E-04   0.00000E+00   2.39986E-02   1.00000E+00   0.00000E+00   1.93789E+00   1.57735E-15            16   6.08741E-10   3.15631E+00
        1345   1.61400E+02   1.20000E-01   6.18136E-01   4.82805E-04   3.59303E-04   0.00000E+00   2.39515E-02   1.00000E+00   0.00000E+00   1.93789E+00   1.57175E-15            16   6.08997E-10   3.15628E+00
        1346   1.61520E+02   1.20000E-01   6.18136E-01   4.84692E-04   3.62355E-04   0.00000E+00   2.39038E-02   1.00000E+00   0.00000E+00   1.93789E+00   1.56600E-15            16   6.09208E-10   3.15625E+00
        1347   1.61640E+02   1.20000E-01   6.18136E-01   4.86564E-04   3.65395E-04   0.00000E+00   2.38558E-02   1.00000E+00   0.00000E+00   1.93789E+00   1.55967E-15            16   6.09487E-10   3.15621E+00
        1348   1.61760E+02   1.20000E-01   6.18136E-01   4.88421E-04   3.68420E-04   0.00000E+00   2.38071E-02   1.00000E+00   0.00000E+00   1.93789E+00   1.55390E-15            16   6.09662E-10   3.15618E+00
        1349   1.61880E+02   1.20000E-01   6.18136E-01   4.90262E-04   3.71430E-04   0.00000E+00   2.37582E-02   1.00000E+00   0.00000E+00   1.93789E+00   1.54710E-15            16   6.09932E-10   3.15614E+00
        1350   1.62000E+02   1.20000E-01   6.18136E-01   4.92088E-04   3.74426E-04   0.00000E+00   2.37087E-02   1.00000E+00   0.00000E+00   1.93789E+00   1.54090E-15            16   6.10154E-10   3.15611E+00
        1351   1.62120E+02   1.20000E-01   6.18136E-01   4.93898E-04   3.77408E-04   0.00000E+00   2.36589E-02   1.00000E+00   0.00000E+00   1.93789E+00   1.53441E-15            16   6.10410E-10   3.15607E+00
        1352   1.62240E+02   1.20000E-01   6.18136E-01   4.95692E-04   3.80375E-04   0.00000E+00   2.36084E-02   1.00000E+00   0.00000E+00   1.93789E+00   1.52785E-15            16   6.10649E-10   3.15603E+00
        1353   1.62360E+02   1.20000E-01   6.18136E-01   4.97471E-04   3.83328E-04   0.00000E+00   2.35577E-02   1.00000E+00   0.00000E+00   1.93789E+00   1.52042E-15            16   6.10936E-10   3.15600E+00
        1354   1.62480E+02   1.20000E-01   6.18136E-01   4.99234E-04   3.86265E-04   0.00000E+00   2.35063E-02   1.00000E+00   0.00000E+00   1.93789E+00   1.51335E-15            16   6.11150E-10   3.15596E+00
        1355   1.62600E+02   1.20000E-01   6.18136E-01   5.00981E-04   3.89189E-04   0.00000E+00   2.34547E-02   1.00000E+00   0.00000E+00   1.93789E+00   1.50681E-15            16   6.11441E-10   3.15592E+00
        1356   1.62720E+02   1.20000E-01   6.18136E-01   5.02711E-04   3.92097E-04   0.00000E+00   2.34025E-02   1.00000E+00   0.00000E+00   1.93789E+00   1.49859E-15            16   6.11679E-10   3.15589E+00
        1357   1.62840E+02   1.20000E-01   6.18136E-01   5.04426E-04   3.94991E-04   0.00000E+00   2.33500E-02   1.00000E+00   0.00000E+00   1.93789E+00   1.49162E-15            16   6.11958E-10   3.15585E+00
        1358   1.62960E+02   1.20000E-01   6.18136E-01   5.06125E-04   3.97870E-04   0.00000E+00   2.32969E-02   1.00000E+00   0.00000E+00   1.93789E+00   1.48439E-15            16   6.12207E-10   3.15581E+00
        1359   1.63080E+02   1.20000E-01   6.18136E-01   5.07807E-04   4.00736E-04   0.00000E+00   2.32435E-02   1.00000E+00   0.00000E+00   1.93789E+00   1.47622E-15            16   6.12526E-10   3.15577E+00
        1360   1.63200E+02   1.20000E-01   6.18136E-01   5.09473E-04   4.03585E-04   0.00000E+00   2.31895E-02   1.00000E+00   0.00000E+00   1.93789E+00   1.46942E-15            16   6.12743E-10   3.15573E+00
        1361   1.63320E+02   1.20000E-01   6.18136E-01   5.11122E-04   4.06420E-04   0.00000E+00   2.31353E-02   1.00000E+00   0.00000E+00   1.93789E+00   1.46085E-15            16   6.13060E-10   3.15569E+00
        1362   1.63440E+02   1.20000E-01   6.18136E-01   5.12755E-04   4.09240E-04   0.00000E+00   2.30804E-02   1.00000E+00   0.00000E+00   1.93789E+00   1.45355E-15            16   6.13306E-10   3.15566E+00
        1363   1.63560E+02   1.20000E-01   6.18136E-01   5.14371E-04   4.12046E-04   0.00000E+00   2.30252E-02   1.00000E+00   0.00000E+00   1.93789E+00   1.44511E-15            16   6.13604E-10   3.15562E+00
        1364   1.63680E+02   1.20000E-01   6.18136E-01   5.15970E-04   4.14836E-04   0.00000E+00   2.29695E-02   1.00000E+00   0.00000E+00   1.93789E+00   1.43779E-15            16   6.13865E-10   3.15558E+00
        1365   1.63800E+02   1.20000E-01   6.18136E-01   5.17553E-04   4.17611E-04   0.00000E+00   2.29135E-02   1.00000E+00   0.00000E+00   1.93789E+00   1.42889E-15            16   6.14202E-10   3.15554E+00
        1366   1.63920E+02   1.20000E-01   6.18136E-01   5.19119E-04   4.20371E-04   0.00000E+00   2.28569E-02   1.00000E+00   0.00000E+00   1.93789E+00   1.42056E-15            16   6.14428E-10   3.15550E+00
        1367   1.64040E+02   1.20000E-01   6.18136E-01   5.20668E-04   4.23115E-04   0.00000E+00   2.28000E-02   1.00000E+00   0.00000E+00   1.93789E+00   1.41235E-15            16   6.14757E-10   3.15546E+00
        1368   1.64160E+02   1.20000E-01   6.18136E-01   5.22199E-04   4.25844E-04   0.00000E+00   2.27425E-02   1.00000E+00   0.00000E+00   1.93789E+00   1.40465E-15            16   6.15015E-10   3.15541E+00
        1369   1.64280E+02   1.20000E-01   6.18136E-01   5.23714E-04   4.28558E-04   0.00000E+00   2.26848E-02   1.00000E+00   0.00000E+00   1.93789E+00   1.39511E-15            16   6.15323E-10   3.15537E+00
        1370   1.64400E+02   1.20000E-01   6.18136E-01   5.25211E-04   4.31256E-04   0.00000E+00   2.26264E-02   1.00000E+00   0.00000E+00   1.93789E+00   1.38709E-15            16   6.15597E-10   3.15533E+00
        1371   1.64520E+02   1.20000E-01   6.18136E-01   5.26746E-04   4.33939E-04   0.00000E+00   2.25679E-02   1.00000E+00   0.00000E+00   1.93789E+00   1.37673E-15            16   6.15947E-10   3.15529E+00
        1372   1.64640E+02   1.20000E-01   6.18136E-01   5.28339E-04   4.36606E-04   0.00000E+00   2.25086E-02   1.00000E+00   0.00000E+00   1.93789E+00   1.36934E-15            16   6.16181E-10   3.15525E+00
        1373   1.64760E+02   1.20000E-01   6.18136E-01   5.29916E-04   4.39258E-04   0.00000E+00   2.24492E-02   1.00000E+00   0.00000E+00   1.93789E+00   1.35950E-15            16   6.16520E-10   3.15521E+00
        1374   1.64880E+02   1.20000E-01   6.18136E-01   5.31476E-04   4.41894E-04   0.00000E+00   2.23891E-02   1.00000E+00   0.00000E+00   1.93789E+00   1.35201E-15            16   6.16785E-10   3.15516E+00
        1375   1.65000E+02   1.20000E-01   6.18136E-01   5.33021E-04   4.44514E-04   0.00000E+00   2.23289E-02   1.00000E+00   0.00000E+00   1.93789E+00   1.34107E-15            16   6.17105E-10   3.15512E+00
        1376   1.65120E+02   1.20000E-01   6.18136E-01   5.34549E-04   4.47117E-04   0.00000E+00   2.22680E-02   1.00000E+00   0.00000E+00   1.93789E+00   1.33312E-15            16   6.17386E-10   3.15508E+00
        1377   1.65240E+02   1.20000E-01   6.18136E-01   5.36060E-04   4.49706E-04   0.00000E+00   2.22069E-02   1.00000E+00   0.00000E+00   1.93789E+00   1.32399E-15            16   6.17750E-10   3.15503E+00
        1378   1.65360E+02   1.20000E-01   6.18136E-01   5.37555E-04   4.52278E-04   0.00000E+00   2.21451E-02   1.00000E+00   0.00000E+00   1.93789E+00   1.31547E-15            16   6.17986E-10   3.15499E+00
        1379   1.65480E+02   1.20000E-01   6.18136E-01   5.39034E-04   4.54835E-04   0.00000E+00   2.20832E-02   1.00000E+00   0.00000E+00   1.93789E+00   1.30461E-15            16   6.18335E-10   3.15495E+00
        1380   1.65600E+02   1.20000E-01   6.18136E-01   5.40495E-04   4.57375E-04   0.00000E+00   2.20206E-02   1.00000E+00   0.00000E+00   1.93789E+00   1.29500E-15            16   6.18603E-10   3.15490E+00
        1381   1.65720E+02   1.20000E-01   6.18136E-01   5.41940E-04   4.59987E-04   0.00000E+00   2.19578E-02   1.00000E+00   0.00000E+00   1.93789E+00   1.28555E-15            16   6.18929E-10   3.15486E+00
        1382   1.65840E+02   1.20000E-01   6.18136E-01   5.43368E-04   4.62625E-04   0.00000E+00   2.18944E-02   1.00000E+00   0.00000E+00   1.93789E+00   1.27758E-15            16   6.19213E-10   3.15481E+00
        1383   1.65960E+02   1.20000E-01   6.18136E-01   5.44780E-04   4.65246E-04   0.00000E+00   2.18308E-02   1.00000E+00   0.00000E+00   1.93789E+00   1.26565E-15            16   6.19587E-10   3.15477E+00
        1384   1.66080E+02   1.20000E-01   6.18136E-01   5.46174E-04   4.67852E-04   0.00000E+00   2.17665E-02   1.00000E+00   0.00000E+00   1.93789E+00   1.25782E-15            16   6.19818E-10   3.15472E+00
        1385   1.66200E+02   1.20000E-01   6.18136E-01   5.47551E-04   4.70441E-04   0.00000E+00   2.17021E-02   1.00000E+00   0.00000E+00   1.93789E+00   1.24731E-15            16   6.20171E-10   3.15468E+00
        1386   1.66320E+02   1.20000E-01   6.18136E-01   5.48910E-04   4.73014E-04   0.00000E+00   2.16370E-02   1.00000E+00   0.00000E+00   1.93789E+00   1.23795E-15            16   6.20435E-10   3.15463E+00
        1387   1.66440E+02   1.20000E-01   6.18136E-01   5.50253E-04   4.75571E-04   0.00000E+00   2.15718E-02   1.00000E+00   0.00000E+00   1.93789E+00   1.22779E-15            16   6.20762E-10   3.15459E+00
        1388   1.66560E+02   1.20000E-01   6.18136E-01   5.51578E-04   4.78111E-04   0.00000E+00   2.15059E-02   1.00000E+00   0.00000E+00   1.93789E+00   1.21875E-15            16   6.21045E-10   3.15454E+00
        1389   1.66680E+02   1.20000E-01   6.18136E-01   5.52886E-04   4.80635E-04   0.00000E+00   2.14398E-02   1.00000E+00   0.00000E+00   1.93789E+00   1.20744E-15            16   6.21421E-10   3.15450E+00
        1390   1.66800E+02   1.20000E-01   6.18136E-01   5.54176E-04   4.83142E-04   0.00000E+00   2.13731E-02   1.00000E+00   0.00000E+00   1.93789E+00   1.19835E-15            16   6.21644E-10   3.15445E+00
        1391   1.66920E+02   1.20000E-01   6.18136E-01   5.55449E-04   4.85633E-04   0.00000E+00   2.13063E-02   1.00000E+00   0.00000E+00   1.93789E+00   1.18725E-15            16   6.21994E-10   3.15440E+00
        1392   1.67040E+02   1.20000E-01   6.18136E-01   5.56703E-04   4.88107E-04   0.00000E+00   2.12388E-02   1.00000E+00   0.00000E+00   1.93789E+00   1.17782E-15            16   6.22253E-10   3.15436E+00
        1393   1.67160E+02   1.20000E-01   6.18136E-01   5.57941E-04   4.90565E-04   0.00000E+00   2.11711E-02   1.00000E+00   0.00000E+00   1.93789E+00   1.16734E-15            16   6.22574E-10   3.15431E+00
        1394   1.67280E+02   1.20000E-01   6.18136E-01   5.59160E-04   4.93006E-04   0.00000E+00   2.11028E-02   1.00000E+00   0.00000E+00   1.93789E+00   1.15744E-15            16   6.22931E-10   3.15426E+00
        1395   1.67400E+02   1.20000E-01   6.18136E-01   5.60361E-04   4.95431E-04   0.00000E+00   2.10341E-02   1.00000E+00   0.00000E+00   1.93789E+00   1.14728E-15            16   6.23137E-10   3.15421E+00
        1396   1.67520E+02   1.20000E-01   6.18136E-01   5.61544E-04   4.97838E-04   0.00000E+00   2.09652E-02   1.00000E+00   0.00000E+00   1.93789E+00   1.13581E-15            16   6.23458E-10   3.15416E+00
        1397   1.67640E+02   1.20000E-01   6.18136E-01   5.62709E-04   5.00229E-04   0.00000E+00   2.08957E-02   1.00000E+00   0.00000E+00   1.93789E+00   1.12543E-15            16   6.23803E-10   3.15412E+00
        1398   1.67760E+02   1.20000E-01   6.18136E-01   5.63856E-04   5.02603E-04   0.00000E+00   2.08258E-02   1.00000E+00   0.00000E+00   1.93789E+00   1.11436E-15            16   6.24162E-10   3.15407E+00
        1399   1.67880E+02   1.20000E-01   6.18136E-01   5.64985E-04   5.04960E-04   0.00000E+00   2.07555E-02   1.00000E+00   0.00000E+00   1.93789E+00   1.10544E-15            16   6.24370E-10   3.15402E+00
        1400   1.68000E+02   1.20000E-01   6.18136E-01   5.66095E-04   5.07301E-04   0.00000E+00   2.06849E-02   1.00000E+00   0.00000E+00   1.93789E+00   1.09451E-15            16   6.24658E-10   3.15397E+00
        1401   1.68120E+02   1.20000E-01   6.18136E-01   5.67187E-04   5.09624E-04   0.00000E+00   2.06139E-02   1.00000E+00   0.00000E+00   1.93789E+00   1.08328E-15            16   6.24961E-10   3.15392E+00
        1402   1.68240E+02   1.20000E-01   6.18136E-01   5.68260E-04   5.11930E-04   0.00000E+00   2.05425E-02   1.00000E+00   0.00000E+00   1.93789E+00   1.07377E-15            16   6.25150E-10   3.15387E+00
        1403   1.68360E+02   1.20000E-01   6.18136E-01   5.69315E-04   5.14219E-04   0.00000E+00   2.04707E-02   1.00000E+00   0.00000E+00   1.93789E+00   1.06228E-15            16   6.25428E-10   3.15382E+00
        1404   1.68480E+02   1.20000E-01   6.18136E-01   5.70351E-04   5.16491E-04   0.00000E+00   2.03986E-02   1.00000E+00   0.00000E+00   1.93789E+00   1.05199E-15            16   6.25712E-10   3.15377E+00
        1405   1.68600E+02   1.20000E-01   6.18136E-01   5.71368E-04   5.18745E-04   0.00000E+00   2.03262E-02   1.00000E+00   0.00000E+00   1.93789E+00   1.04066E-15            16   6.25944E-10   3.15372E+00
        1406   1.68720E+02   1.20000E-01   6.18136E-01   5.72367E-04   5.20982E-04   0.00000E+00   2.02533E-02   1.00000E+00   0.00000E+00   1.93789E+00   1.03062E-15            16   6.26229E-10   3.15367E+00
        1407   1.68840E+02   1.20000E-01   6.18136E-01   5.73346E-04   5.23201E-04   0.00000E+00   2.01801E-02   1.00000E+00   0.00000E+00   1.93789E+00   1.01921E-15            16   6.26501E-10   3.15362E+00
        1408   1.68960E+02   1.20000E-01   6.18136E-01   5.74307E-04   5.25403E-04   0.00000E+00   2.01065E-02   1.00000E+00   0.00000E+00   1.93789E+00   1.00833E-15            16   6.26740E-10   3.15357E+00
        1409   1.69080E+02   1.20000E-01   6.18136E-01   5.75248E-04   5.27587E-04   0.00000E+00   2.00326E-02   1.00000E+00   0.00000E+00   1.93789E+00   9.97856E-16            16   6.27005E-10   3.15352E+00
        1410   1.69200E+02   1.20000E-01   6.18136E-01   5.76170E-04   5.29754E-04   0.00000E+00   1.99582E-02   1.00000E+00   0.00000E+00   1.93789E+00   9.87623E-16            16   6.27250E-10   3.15347E+00
        1411   1.69320E+02   1.20000E-01   6.18136E-01   5.77073E-04   5.31904E-04   0.00000E+00   1.98835E-02   1.00000E+00   0.00000E+00   1.93789E+00   9.75964E-16            16   6.27458E-10   3.15342E+00
        1412   1.69440E+02   1.20000E-01   6.18136E-01   5.77956E-04   5.34035E-04   0.00000E+00   1.98084E-02   1.00000E+00   0.00000E+00   1.93789E+00   9.65644E-16            16   6.27702E-10   3.15337E+00
        1413   1.69560E+02   1.20000E-01   6.18136E-01   5.78821E-04   5.36150E-04   0.00000E+00   1.97328E-02   1.00000E+00   0.00000E+00   1.93789E+00   9.54922E-16            16   6.27934E-10   3.15332E+00
        1414   1.69680E+02   1.20000E-01   6.18136E-01   5.79665E-04   5.38246E-04   0.00000E+00   1.96569E-02   1.00000E+00   0.00000E+00   1.93789E+00   9.44827E-16            16   6.28111E-10   3.15326E+00
        1415   1.69800E+02   1.20000E-01   6.18136E-01   5.80490E-04   5.40325E-04   0.00000E+00   1.95807E-02   1.00000E+00   0.00000E+00   1.93789E+00   9.32931E-16            16   6.28338E-10   3.15321E+00
        1416   1.69920E+02   1.20000E-01   6.18136E-01   5.81295E-04   5.42386E-04   0.00000E+00   1.95040E-02   1.00000E+00   0.00000E+00   1.93789E+00   9.22158E-16            16   6.28565E-10   3.15316E+00
        1417   1.70040E+02   1.20000E-01   6.18136E-01   5.82081E-04   5.44430E-04   0.00000E+00   1.94270E-02   1.00000E+00   0.00000E+00   1.93789E+00   9.11276E-16            16   6.28709E-10   3.15311E+00
        1418   1.70160E+02   1.20000E-01   6.18136E-01   5.82846E-04   5.46456E-04   0.00000E+00   1.93496E-02   1.00000E+00   0.00000E+00   1.93789E+00   8.99704E-16            16   6.28911E-10   3.15305E+00
        1419   1.70280E+02   1.20000E-01   6.18136E-01   5.83592E-04   5.48464E-04   0.00000E+00   1.92718E-02   1.00000E+00   0.00000E+00   1.93789E+00   8.89100E-16            16   6.29075E-10   3.15300E+00
        1420   1.70400E+02   1.20000E-01   6.18136E-01   5.84317E-04   5.50454E-04   0.00000E+00   1.91937E-02   1.00000E+00   0.00000E+00   1.93789E+00   8.78025E-16            16   6.29255E-10   3.15295E+00
        1421   1.70520E+02   1.20000E-01   6.18136E-01   5.85023E-04   5.52426E-04   0.00000E+00   1.91152E-02   1.00000E+00   0.00000E+00   1.93789E+00   8.66603E-16            16   6.29440E-10   3.15290E+00
        1422   1.70640E+02   1.20000E-01   6.18136E-01   5.85708E-04   5.54381E-04   0.00000E+00   1.90363E-02   1.00000E+00   0.00000E+00   1.93789E+00   8.55528E-16            16   6.29532E-10   3.15284E+00
        1423   1.70760E+02   1.20000E-01   6.18136E-01   5.86373E-04   5.56317E-04   0.00000E+00   1.89571E-02   1.00000E+00   0.00000E+00   1.93789E+00   8.44116E-16            16   6.29683E-10   3.15279E+00
        1424   1.70880E+02   1.20000E-01   6.18136E-01   5.87018E-04   5.58236E-04   0.00000E+00   1.88776E-02   1.00000E+00   0.00000E+00   1.93789E+00   8.32959E-16            16   6.29788E-10   3.15274E+00
        1425   1.71000E+02   1.20000E-01   6.18136E-01   5.87642E-04   5.60136E-04   0.00000E+00   1.87976E-02   1.00000E+00   0.00000E+00   1.93789E+00   8.21542E-16            16   6.29907E-10   3.15268E+00
        1426   1.71120E+02   1.20000E-01   6.18136E-01   5.88246E-04   5.62019E-04   0.00000E+00   1.87174E-02   1.00000E+00   0.00000E+00   1.93789E+00   8.10473E-16            16   6.29991E-10   3.15263E+00
        1427   1.71240E+02   1.20000E-01   6.18136E-01   5.88829E-04   5.63883E-04   0.00000E+00   1.86367E-02   1.00000E+00   0.00000E+00   1.93789E+00   7.99209E-16            16   6.30080E-10   3.15257E+00
        1428   1.71360E+02   1.20000E-01   6.18136E-01   5.89391E-04   5.65729E-04   0.00000E+00   1.85557E-02   1.00000E+00   0.00000E+00   1.93789E+00   7.87660E-16            16   6.30133E-10   3.15252E+00
        1429   1.71480E+02   1.20000E-01   6.18136E-01   5.89933E-04   5.67557E-04   0.00000E+00   1.84744E-02   1.00000E+00   0.00000E+00   1.93789E+00   7.76159E-16            16   6.30189E-10   3.15246E+00
        1430   1.71600E+02   1.20000E-01   6.18136E-01   5.90453E-04   5.69366E-04   0.00000E+00   1.83927E-02   1.00000E+00   0.00000E+00   1.93789E+00   7.65590E-16            16   6.30203E-10   3.15241E+00
        1431   1.71720E+02   1.20000E-01   6.18136E-01   5.90953E-04   5.71158E-04   0.00000E+00   1.83107E-02   1.00000E+00   0.00000E+00   1.93789E+00   7.54683E-16            16   6.30227E-10   3.15235E+00
        1432   1.71840E+02   1.20000E-01   6.18136E-01   5.91432E-04   5.72931E-04   0.00000E+00   1.82283E-02   1.00000E+00   0.00000E+00   1.93789E+00   7.42567E-16            16   6.30200E-10   3.15230E+00
        1433   1.71960E+02   1.20000E-01   6.18136E-01   5.91889E-04   5.74686E-04   0.00000E+00   1.81455E-02   1.00000E+00   0.00000E+00   1.93789E+00   7.32122E-16            16   6.30188E-10   3.15224E+00
        1434   1.72080E+02   1.20000E-01   6.18136E-01   5.92326E-04   5.76423E-04   0.00000E+00   1.80625E-02   1.00000E+00   0.00000E+00   1.93789E+00   7.20869E-16            16   6.30318E-10   3.15219E+00
        1435   1.72200E+02   1.20000E-01   6.18136E-01   5.92741E-04   5.78142E-04   0.00000E+00   1.79790E-02   1.00000E+00   0.00000E+00   1.93789E+00   7.08244E-16            16   6.29774E-10   3.15213E+00
        1436   1.72320E+02   1.20000E-01   6.18136E-01   5.93135E-04   5.79842E-04   0.00000E+00   1.78952E-02   1.00000E+00   0.00000E+00   1.93789E+00   6.97788E-16            16   6.30038E-10   3.15208E+00
        1437   1.72440E+02   1.20000E-01   6.18136E-01   5.93507E-04   5.81524E-04   0.00000E+00   1.78111E-02   1.00000E+00   0.00000E+00   1.93789E+00   6.85688E-16            16   6.29645E-10   3.15202E+00
        1438   1.72560E+02   1.20000E-01   6.18136E-01   5.93858E-04   5.83187E-04   0.00000E+00   1.77267E-02   1.00000E+00   0.00000E+00   1.93789E+00   6.74933E-16            16   6.29661E-10   3.15197E+00
        1439   1.72680E+02   1.20000E-01   6.18136E-01   5.94187E-04   5.84833E-04   0.00000E+00   1.76419E-02   1.00000E+00   0.00000E+00   1.93789E+00   6.64528E-16            16   6.29405E-10   3.15191E+00
        1440   1.72800E+02   1.20000E-01   6.18136E-01   5.94494E-04   5.86459E-04   0.00000E+00   1.75567E-02   1.00000E+00   0.00000E+00   1.93789E+00   6.52715E-16            16   6.29332E-10   3.15185E+00
        1441   1.72920E+02   1.20000E-01   6.18136E-01   5.94778E-04   5.88068E-04   0.00000E+00   1.74713E-02   1.00000E+00   0.00000E+00   1.93789E+00   6.40306E-16            16   6.29168E-10   3.15180E+00
        1442   1.73040E+02   1.20000E-01   6.18136E-01   5.95041E-04   5.89657E-04   0.00000E+00   1.73855E-02   1.00000E+00   0.00000E+00   1.93789E+00   6.28222E-16            16   6.29093E-10   3.15174E+00
        1443   1.73160E+02   1.20000E-01   6.18136E-01   5.95281E-04   5.91229E-04   0.00000E+00   1.72994E-02   1.00000E+00   0.00000E+00   1.93789E+00   6.18803E-16            16   6.28798E-10   3.15168E+00
        1444   1.73280E+02   1.20000E-01   6.18136E-01   5.95503E-04   5.92781E-04   0.00000E+00   1.72129E-02   1.00000E+00   0.00000E+00   1.93789E+00   6.06299E-16            16   6.28571E-10   3.15163E+00
        1445   1.73400E+02   1.20000E-01   6.18136E-01   5.95702E-04   5.94316E-04   0.00000E+00   1.71261E-02   1.00000E+00   0.00000E+00   1.93789E+00   5.93519E-16            16   6.28119E-10   3.15157E+00
        1446   1.73520E+02   1.20000E-01   6.18136E-01   5.95882E-04   5.95831E-04   0.00000E+00   1.70390E-02   1.00000E+00   0.00000E+00   1.93789E+00   5.83223E-16            16   6.27843E-10   3.15151E+00
        1447   1.73640E+02   1.20000E-01   6.18136E-01   5.96039E-04   5.97328E-04   0.00000E+00   1.69516E-02   1.00000E+00   0.00000E+00   1.93789E+00   5.72336E-16            16   6.27130E-10   3.15146E+00
        1448   1.73760E+02   1.20000E-01   6.18136E-01   5.96175E-04   5.98807E-04   0.00000E+00   1.68639E-02   1.00000E+00   0.00000E+00   1.93789E+00   5.61343E-16            16   6.26660E-10   3.15140E+00
        1449   1.73880E+02   1.20000E-01   6.18136E-01   5.96288E-04   6.00266E-04   0.00000E+00   1.67758E-02   1.00000E+00   0.00000E+00   1.93789E+00   5.51315E-16            16   6.25268E-10   3.15134E+00
        1450   1.74000E+02   1.20000E-01   6.18136E-01   5.96380E-04   6.01707E-04   0.00000E+00   1.66874E-02   1.00000E+00   0.00000E+00   1.93789E+00   5.39999E-16            16   6.24910E-10   3.15128E+00
        1451   1.74120E+02   1.20000E-01   6.18136E-01   5.96448E-04   6.03130E-04   0.00000E+00   1.65987E-02   1.00000E+00   0.00000E+00   1.93789E+00   5.26207E-16            16   6.24219E-10   3.15122E+00
        1452   1.74240E+02   1.20000E-01   6.18136E-01   5.96494E-04   6.04533E-04   0.00000E+00   1.65096E-02   1.00000E+00   0.00000E+00   1.93789E+00   5.16363E-16            16   6.23575E-10   3.15117E+00
        1453   1.74360E+02   1.20000E-01   6.18136E-01   5.96514E-04   6.05918E-04   0.00000E+00   1.64203E-02   1.00000E+00   0.00000E+00   1.93789E+00   5.04880E-16            16   6.22622E-10   3.15111E+00
        1454   1.74480E+02   1.20000E-01   6.18136E-01   5.96513E-04   6.07284E-04   0.00000E+00   1.63307E-02   1.00000E+00   0.00000E+00   1.93789E+00   4.95552E-16            16   6.21140E-10   3.15105E+00
        1455   1.74600E+02   1.20000E-01   6.18136E-01   5.96486E-04   6.08632E-04   0.00000E+00   1.62407E-02   1.00000E+00   0.00000E+00   1.93789E+00   4.85317E-16            16   6.19735E-10   3.15099E+00
        1456   1.74720E+02   1.20000E-01   6.18136E-01   5.96436E-04   6.09960E-04   0.00000E+00   1.61504E-02   1.00000E+00   0.00000E+00   1.93789E+00   4.77713E-16            16   6.17543E-10   3.15093E+00
        1457   1.74840E+02   1.20000E-01   6.18136E-01   5.96364E-04   6.11270E-04   0.00000E+00   1.60598E-02   1.00000E+00   0.00000E+00   1.93789E+00   4.65677E-16            16   6.15850E-10   3.15088E+00
        1458   1.74960E+02   1.20000E-01   6.18136E-01   5.96268E-04   6.12561E-04   0.00000E+00   1.59689E-02   1.00000E+00   0.00000E+00   1.93789E+00   4.57407E-16            16   6.14235E-10   3.15082E+00
        1459   1.75080E+02   1.20000E-01   6.18136E-01   5.96150E-04   6.13833E-04   0.00000E+00   1.58778E-02   1.00000E+00   0.00000E+00   1.93789E+00   4.45276E-16            16   6.12926E-10   3.15076E+00
        1460   1.75200E+02   1.20000E-01   6.18136E-01   5.96007E-04   6.15086E-04   0.00000E+00   1.57863E-02   1.00000E+00   0.00000E+00   1.93789E+00   4.36349E-16            16   6.12172E-10   3.15070E+00
        1461   1.75320E+02   1.20000E-01   6.18136E-01   5.95841E-04   6.16320E-04   0.00000E+00   1.56945E-02   1.00000E+00   0.00000E+00   1.93789E+00   4.24721E-16            16   6.11032E-10   3.15064E+00
        1462   1.75440E+02   1.20000E-01   6.18136E-01   5.95650E-04   6.17535E-04   0.00000E+00   1.56024E-02   1.00000E+00   0.00000E+00   1.93789E+00   4.16788E-16            16   6.09868E-10   3.15058E+00
        1463   1.75560E+02   1.20000E-01   6.18136E-01   5.95436E-04   6.18732E-04   0.00000E+00   1.55100E-02   1.00000E+00   0.00000E+00   1.93789E+00   4.04498E-16            16   6.07512E-10   3.15052E+00
        1464   1.75680E+02   1.20000E-01   6.18136E-01   5.95198E-04   6.19909E-04   0.00000E+00   1.54173E-02   1.00000E+00   0.00000E+00   1.93789E+00   3.95830E-16            16   6.05795E-10   3.15046E+00
        1465   1.75800E+02   1.20000E-01   6.18136E-01   5.94935E-04   6.21068E-04   0.00000E+00   1.53243E-02   1.00000E+00   0.00000E+00   1.93789E+00   3.83470E-16            16   6.03927E-10   3.15040E+00
        1466   1.75920E+02   1.20000E-01   6.18136E-01   5.94649E-04   6.22207E-04   0.00000E+00   1.52311E-02   1.00000E+00   0.00000E+00   1.93789E+00   3.72154E-16            16   6.04507E-10   3.15034E+00
        1467   1.76040E+02   1.20000E-01   6.18136E-01   5.94339E-04   6.23327E-04   0.00000E+00   1.51375E-02   1.00000E+00   0.00000E+00   1.93789E+00   3.60020E-16            16   6.08464E-10   3.15028E+00
        1468   1.76160E+02   1.20000E-01   6.18136E-01   5.94005E-04   6.24429E-04   0.00000E+00   1.50437E-02   1.00000E+00   0.00000E+00   1.93789E+00   3.48648E-16            16   6.10274E-10   3.15022E+00
        1469   1.76280E+02   1.20000E-01   6.18136E-01   5.93645E-04   6.25511E-04   0.00000E+00   1.49496E-02   1.00000E+00   0.00000E+00   1.93789E+00   3.38227E-16            16   6.11918E-10   3.15016E+00
        1470   1.76400E+02   1.20000E-01   6.18136E-01   5.93260E-04   6.26574E-04   0.00000E+00   1.48552E-02   1.00000E+00   0.00000E+00   1.93789E+00   3.29011E-16            16   6.13026E-10   3.15010E+00
        1471   1.76520E+02   1.20000E-01   6.18136E-01   5.92850E-04   6.27619E-04   0.00000E+00   1.47605E-02   1.00000E+00   0.00000E+00   1.93789E+00   3.17826E-16            16   6.13712E-10   3.15004E+00
        1472   1.76640E+02   1.20000E-01   6.18136E-01   5.92415E-04   6.28644E-04   0.00000E+00   1.46655E-02   1.00000E+00   0.00000E+00   1.93789E+00   3.09041E-16            16   6.14127E-10   3.14998E+00
        1473   1.76760E+02   1.20000E-01   6.18136E-01   5.91954E-04   6.29650E-04   0.00000E+00   1.45702E-02   1.00000E+00   0.00000E+00   1.93789E+00   2.98596E-16            16   6.15161E-10   3.14992E+00
        1474   1.76880E+02   1.20000E-01   6.18136E-01   5.91468E-04   6.30637E-04   0.00000E+00   1.44747E-02   1.00000E+00   0.00000E+00   1.93789E+00   2.86719E-16            16   6.17570E-10   3.14986E+00
        1475   1.77000E+02   1.20000E-01   6.18136E-01   5.90957E-04   6.31605E-04   0.00000E+00   1.43789E-02   1.00000E+00   0.00000E+00   1.93789E+00   2.78039E-16            16   6.19067E-10   3.14980E+00
        1476   1.77120E+02   1.20000E-01   6.18136E-01   5.90420E-04   6.32553E-04   0.00000E+00   1.42829E-02   1.00000E+00   0.00000E+00   1.93789E+00   2.63520E-16            16   6.21645E-10   3.14974E+00
        1477   1.77240E+02   1.20000E-01   6.18136E-01   5.89858E-04   6.33483E-04   0.00000E+00   1.41865E-02   1.00000E+00   0.00000E+00   1.93789E+00   2.58573E-16            16   6.21715E-10   3.14968E+00
        1478   1.77360E+02   1.20000E-01   6.18136E-01   5.89271E-04   6.34393E-04   0.00000E+00   1.40899E-02   1.00000E+00   0.00000E+00   1.93789E+00   2.49988E-16            16   6.21841E-10   3.14962E+00
        1479   1.77480E+02   1.20000E-01   6.18136E-01   5.88659E-04   6.35284E-04   0.00000E+00   1.39931E-02   1.00000E+00   0.00000E+00   1.93789E+00   2.43837E-16            16   6.21664E-10   3.14956E+00
        1480   1.77600E+02   1.20000E-01   6.18136E-01   5.88021E-04   6.36156E-04   0.00000E+00   1.38959E-02   1.00000E+00   0.00000E+00   1.93789E+00   2.39525E-16            16   6.21480E-10   3.14950E+00
        1481   1.77720E+02   1.20000E-01   6.18136E-01   5.87358E-04   6.37009E-04   0.00000E+00   1.37985E-02   1.00000E+00   0.00000E+00   1.93789E+00   2.32845E-16            16   6.21557E-10   3.14944E+00
        1482   1.77840E+02   1.20000E-01   6.18136E-01   5.86669E-04   6.37842E-04   0.00000E+00   1.37009E-02   1.00000E+00   0.00000E+00   1.93789E+00   2.28921E-16            16   6.21853E-10   3.14938E+00
        1483   1.77960E+02   1.20000E-01   6.18136E-01   5.85955E-04   6.38656E-04   0.00000E+00   1.36030E-02   1.00000E+00   0.00000E+00   1.93789E+00   2.24471E-16            16   6.22205E-10   3.14932E+00
        1484   1.78080E+02   1.20000E-01   6.18136E-01   5.85214E-04   6.39451E-04   0.00000E+00   1.35048E-02   1.00000E+00   0.00000E+00   1.93789E+00   2.20428E-16            16   6.22272E-10   3.14926E+00
        1485   1.78200E+02   1.20000E-01   6.18136E-01   5.84448E-04   6.40227E-04   0.00000E+00   1.34064E-02   1.00000E+00   0.00000E+00   1.93789E+00   2.18618E-16            16   6.22084E-10   3.14919E+00
        1486   1.78320E+02   1.20000E-01   6.18136E-01   5.83655E-04   6.40983E-04   0.00000E+00   1.33077E-02   1.00000E+00   0.00000E+00   1.93789E+00   2.19754E-16            16   6.21541E-10   3.14913E+00
        1487   1.78440E+02   1.20000E-01   6.18136E-01   5.82836E-04   6.41720E-04   0.00000E+00   1.32088E-02   1.00000E+00   0.00000E+00   1.93789E+00   2.21571E-16            16   6.20895E-10   3.14907E+00
        1488   1.78560E+02   1.20000E-01   6.18136E-01   5.81990E-04   6.42438E-04   0.00000E+00   1.31096E-02   1.00000E+00   0.00000E+00   1.93789E+00   2.25518E-16            16   6.20025E-10   3.14901E+00
        1489   1.78680E+02   1.20000E-01   6.18136E-01   5.81214E-04   6.43136E-04   0.00000E+00   1.30102E-02   1.00000E+00   0.00000E+00   1.93789E+00   2.32035E-16            16   6.19301E-10   3.14895E+00
        1490   1.78800E+02   1.20000E-01   6.18136E-01   5.80540E-04   6.43815E-04   0.00000E+00   1.29106E-02   1.00000E+00   0.00000E+00   1.93789E+00   2.40021E-16            16   6.18508E-10   3.14889E+00
        1491   1.78920E+02   1.20000E-01   6.18136E-01   5.79841E-04   6.44475E-04   0.00000E+00   1.28107E-02   1.00000E+00   0.00000E+00   1.93789E+00   2.47384E-16            16   6.17931E-10   3.14883E+00
        1492   1.79040E+02   1.20000E-01   6.18136E-01   5.79116E-04   6.45115E-04   0.00000E+00   1.27105E-02   1.00000E+00   0.00000E+00   1.93789E+00   2.53879E-16            16   6.17157E-10   3.14876E+00
        1493   1.79160E+02   1.20000E-01   6.18136E-01   5.78365E-04   6.45736E-04   0.00000E+00   1.26102E-02   1.00000E+00   0.00000E+00   1.93789E+00   2.62749E-16            16   6.16455E-10   3.14870E+00
        1494   1.79280E+02   1.20000E-01   6.18136E-01   5.77589E-04   6.46337E-04   0.00000E+00   1.25096E-02   1.00000E+00   0.00000E+00   1.93789E+00   2.70625E-16            16   6.15216E-10   3.14864E+00
        1495   1.79400E+02   1.20000E-01   6.18136E-01   5.76786E-04   6.46919E-04   0.00000E+00   1.24087E-02   1.00000E+00   0.00000E+00   1.93789E+00   2.80675E-16            16   6.14123E-10   3.14858E+00
        1496   1.79520E+02   1.20000E-01   6.18136E-01   5.75958E-04   6.47482E-04   0.00000E+00   1.23076E-02   1.00000E+00   0.00000E+00   1.93789E+00   2.85429E-16            16   6.12212E-10   3.14852E+00
        1497   1.79640E+02   1.20000E-01   6.18136E-01   5.75103E-04   6.48025E-04   0.00000E+00   1.22063E-02   1.00000E+00   0.00000E+00   1.93789E+00   2.89278E-16            16   6.09640E-10   3.14846E+00
        1498   1.79760E+02   1.20000E-01   6.18136E-01   5.74221E-04   6.48548E-04   0.00000E+00   1.21048E-02   1.00000E+00   0.00000E+00   1.93789E+00   2.90782E-16            16   6.05943E-10   3.14839E+00
        1499   1.79880E+02   1.20000E-01   6.18136E-01   5.73313E-04   6.49052E-04   0.00000E+00   1.20031E-02   1.00000E+00   0.00000E+00   1.93789E+00   2.88381E-16            16   6.01410E-10   3.14833E+00
        1500   1.80000E+02   1.20000E-01   6.18136E-01   5.72378E-04   6.49537E-04   0.00000E+00   1.19011E-02   1.00000E+00   0.00000E+00   1.93789E+00   2.84426E-16            16   5.95421E-10   3.14827E+00
        1501   1.80120E+02   1.20000E-01   6.18136E-01   5.71416E-04   6.50002E-04   0.00000E+00   1.17989E-02   1.00000E+00   0.00000E+00   1.93789E+00   2.77955E-16            16   5.88327E-10   3.14821E+00
        1502   1.80240E+02   1.20000E-01   6.18136E-01   5.70427E-04   6.50447E-04   0.00000E+00   1.16965E-02   1.00000E+00   0.00000E+00   1.93789E+00   2.69465E-16            16   5.79693E-10   3.14815E+00
        1503   1.80360E+02   1.20000E-01   6.18136E-01   5.69410E-04   6.50873E-04   0.00000E+00   1.15939E-02   1.00000E+00   0.00000E+00   1.93789E+00   2.59848E-16            16   5.69889E-10   3.14808E+00
        1504   1.80480E+02   1.20000E-01   6.18136E-01   5.68366E-04   6.51279E-04   0.00000E+00   1.14910E-02   1.00000E+00   0.00000E+00   1.93789E+00   2.48069E-16            16   5.58673E-10   3.14802E+00
        1505   1.80600E+02   1.20000E-01   6.18136E-01   5.67295E-04   6.51666E-04   0.00000E+00   1.13880E-02   1.00000E+00   0.00000E+00   1.93789E+00   2.37777E-16            16   5.46429E-10   3.14796E+00
        1506   1.80720E+02   1.20000E-01   6.18136E-01   5.66195E-04   6.52033E-04   0.00000E+00   1.12847E-02   1.00000E+00   0.00000E+00   1.93789E+00   2.23947E-16            16   5.33041E-10   3.14790E+00
        1507   1.80840E+02   1.20000E-01   6.18136E-01   5.65068E-04   6.52380E-04   0.00000E+00   1.11812E-02   1.00000E+00   0.00000E+00   1.93789E+00   2.09786E-16            16   5.18909E-10   3.14783E+00
        1508   1.80960E+02   1.20000E-01   6.18136E-01   5.63912E-04   6.52708E-04   0.00000E+00   1.10776E-02   1.00000E+00   0.00000E+00   1.93789E+00   1.96172E-16            16   5.04045E-10   3.14777E+00
        1509   1.81080E+02   1.20000E-01   6.18136E-01   5.62728E-04   6.53016E-04   0.00000E+00   1.09737E-02   1.00000E+00   0.00000E+00   1.93789E+00   1.79653E-16            16   4.88817E-10   3.14771E+00
        1510   1.81200E+02   1.20000E-01   6.18136E-01   5.61516E-04   6.53304E-04   0.00000E+00   1.08696E-02   1.00000E+00   0.00000E+00   1.93789E+00   1.62865E-16            16   4.73155E-10   3.14765E+00
        1511   1.81320E+02   1.20000E-01   6.18136E-01   5.60274E-04   6.53572E-04   0.00000E+00   1.07653E-02   1.00000E+00   0.00000E+00   1.93789E+00   1.48238E-16            16   4.57135E-10   3.14759E+00
        1512   1.81440E+02   1.20000E-01   6.18136E-01   5.59004E-04   6.53821E-04   0.00000E+00   1.06608E-02   1.00000E+00   0.00000E+00   1.93789E+00   1.31032E-16            16   4.40627E-10   3.14752E+00
        1513   1.81560E+02   1.20000E-01   6.18136E-01   5.57705E-04   6.54050E-04   0.00000E+00   1.05562E-02   1.00000E+00   0.00000E+00   1.93789E+00   1.14844E-16            16   4.21866E-10   3.14746E+00
        1514   1.81680E+02   1.20000E-01   6.18136E-01   5.56376E-04   6.54259E-04   0.00000E+00   1.04513E-02   1.00000E+00   0.00000E+00   1.93789E+00   9.71301E-17            16   3.99479E-10   3.14740E+00
        1515   1.81800E+02   1.20000E-01   6.18136E-01   5.55018E-04   6.54448E-04   0.00000E+00   1.03462E-02   1.00000E+00   0.00000E+00   1.93789E+00   8.68973E-17            16   3.69586E-10   3.14734E+00
        1516   1.81920E+02   1.20000E-01   6.18136E-01   5.53629E-04   6.54618E-04   0.00000E+00   1.02410E-02   1.00000E+00   0.00000E+00   1.93789E+00   8.15490E-17            16   3.36512E-10   3.14727E+00
        1517   1.82040E+02   1.20000E-01   6.18136E-01   5.52211E-04   6.54767E-04   0.00000E+00   1.01356E-02   1.00000E+00   0.00000E+00   1.93789E+00   8.32360E-17            16   3.23990E-10   3.14721E+00
        1518   1.82160E+02   1.20000E-01   6.18136E-01   5.50762E-04   6.54897E-04   0.00000E+00   1.00299E-02   1.00000E+00   0.00000E+00   1.93789E+00   8.67642E-17            16   3.29641E-10   3.14715E+00
        1519   1.82280E+02   1.20000E-01   6.18136E-01   5.49284E-04   6.55006E-04   0.00000E+00   9.92413E-03   1.00000E+00   0.00000E+00   1.93789E+00   9.76616E-17            16   3.49665E-10   3.14709E+00
        1520   1.82400E+02   1.20000E-01   6.18136E-01   5.47774E-04   6.55096E-04   0.00000E+00   9.81815E-03   1.00000E+00   0.00000E+00   1.93789E+00   1.08841E-16            16   3.65739E-10   3.14702E+00
        1521   1.82520E+02   1.20000E-01   6.18136E-01   5.46234E-04   6.55166E-04   0.00000E+00   9.71198E-03   1.00000E+00   0.00000E+00   1.93789E+00   1.13058E-16            16   3.69122E-10   3.14696E+00
        1522   1.82640E+02   1.20000E-01   6.18136E-01   5.44664E-04   6.55215E-04   0.00000E+00   9.60564E-03   1.00000E+00   0.00000E+00   1.93789E+00   1.21865E-16            16   3.71219E-10   3.14690E+00
        1523   1.82760E+02   1.20000E-01   6.18136E-01   5.43063E-04   6.55245E-04   0.00000E+00   9.49913E-03   1.00000E+00   0.00000E+00   1.93789E+00   1.24348E-16            16   3.73663E-10   3.14684E+00
        1524   1.82880E+02   1.20000E-01   6.18136E-01   5.41430E-04   6.55254E-04   0.00000E+00   9.39244E-03   1.00000E+00   0.00000E+00   1.93789E+00   1.27901E-16            16   3.72730E-10   3.14677E+00
        1525   1.83000E+02   1.20000E-01   6.18136E-01   5.39766E-04   6.55243E-04   0.00000E+00   9.28559E-03   1.00000E+00   0.00000E+00   1.93789E+00   1.31903E-16            16   3.77920E-10   3.14671E+00
        1526   1.83120E+02   1.20000E-01   6.18136E-01   5.38073E-04   6.55212E-04   0.00000E+00   9.17857E-03   1.00000E+00   0.00000E+00   1.93789E+00   1.38578E-16            16   3.81243E-10   3.14665E+00
        1527   1.83240E+02   1.20000E-01   6.18136E-01   5.36347E-04   6.55161E-04   0.00000E+00   9.07139E-03   1.00000E+00   0.00000E+00   1.93789E+00   1.41955E-16            16   3.86334E-10   3.14659E+00
        1528   1.83360E+02   1.20000E-01   6.18136E-01   5.34591E-04   6.55090E-04   0.00000E+00   8.96405E-03   1.00000E+00   0.00000E+00   1.93789E+00   1.48263E-16            16   3.91059E-10   3.14652E+00
        1529   1.83480E+02   1.20000E-01   6.18136E-01   5.32801E-04   6.54998E-04   0.00000E+00   8.85655E-03   1.00000E+00   0.00000E+00   1.93789E+00   1.50014E-16            16   3.97552E-10   3.14646E+00
        1530   1.83600E+02   1.20000E-01   6.18136E-01   5.30980E-04   6.54886E-04   0.00000E+00   8.74890E-03   1.00000E+00   0.00000E+00   1.93789E+00   1.55340E-16            16   4.02660E-10   3.14640E+00
        1531   1.83720E+02   1.20000E-01   6.18136E-01   5.29123E-04   6.54753E-04   0.00000E+00   8.64109E-03   1.00000E+00   0.00000E+00   1.93789E+00   1.54489E-16            16   4.08856E-10   3.14634E+00
        1532   1.83840E+02   1.20000E-01   6.18136E-01   5.27232E-04   6.54600E-04   0.00000E+00   8.53313E-03   1.00000E+00   0.00000E+00   1.93789E+00   1.60466E-16            16   4.15197E-10   3.14627E+00
        1533   1.83960E+02   1.20000E-01   6.18136E-01   5.25305E-04   6.54427E-04   0.00000E+00   8.42501E-03   1.00000E+00   0.00000E+00   1.93789E+00   1.61678E-16            16   4.21041E-10   3.14621E+00
        1534   1.84080E+02   1.20000E-01   6.18136E-01   5.23344E-04   6.54233E-04   0.00000E+00   8.31675E-03   1.00000E+00   0.00000E+00   1.93789E+00   1.68534E-16            16   4.27318E-10   3.14615E+00
        1535   1.84200E+02   1.20000E-01   6.18136E-01   5.21346E-04   6.54019E-04   0.00000E+00   8.20833E-03   1.00000E+00   0.00000E+00   1.93789E+00   1.72343E-16            16   4.32956E-10   3.14609E+00
        1536   1.84320E+02   1.20000E-01   6.18136E-01   5.19313E-04   6.53783E-04   0.00000E+00   8.09977E-03   1.00000E+00   0.00000E+00   1.93789E+00   1.82179E-16            16   4.38856E-10   3.14603E+00
        1537   1.84440E+02   1.20000E-01   6.18136E-01   5.17243E-04   6.53528E-04   0.00000E+00   7.99106E-03   1.00000E+00   0.00000E+00   1.93789E+00   1.84209E-16            16   4.44263E-10   3.14596E+00
        1538   1.84560E+02   1.20000E-01   6.18136E-01   5.15138E-04   6.53251E-04   0.00000E+00   7.88221E-03   1.00000E+00   0.00000E+00   1.93789E+00   1.93245E-16            16   4.49831E-10   3.14590E+00
        1539   1.84680E+02   1.20000E-01   6.18136E-01   5.12996E-04   6.52953E-04   0.00000E+00   7.77321E-03   1.00000E+00   0.00000E+00   1.93789E+00   1.92463E-16            16   4.54928E-10   3.14584E+00
        1540   1.84800E+02   1.20000E-01   6.18136E-01   5.10818E-04   6.52635E-04   0.00000E+00   7.66407E-03   1.00000E+00   0.00000E+00   1.93789E+00   2.00496E-16            16   4.60160E-10   3.14578E+00
        1541   1.84920E+02   1.20000E-01   6.18136E-01   5.08602E-04   6.52296E-04   0.00000E+00   7.55478E-03   1.00000E+00   0.00000E+00   1.93789E+00   1.99816E-16            16   4.64857E-10   3.14571E+00
        1542   1.85040E+02   1.20000E-01   6.18136E-01   5.06351E-04   6.51936E-04   0.00000E+00   7.44536E-03   1.00000E+00   0.00000E+00   1.93789E+00   2.07486E-16            16   4.69650E-10   3.14565E+00
        1543   1.85160E+02   1.20000E-01   6.18136E-01   5.04061E-04   6.51554E-04   0.00000E+00   7.33579E-03   1.00000E+00   0.00000E+00   1.93789E+00   2.07160E-16            16   4.73874E-10   3.14559E+00
        1544   1.85280E+02   1.20000E-01   6.18136E-01   5.01734E-04   6.51152E-04   0.00000E+00   7.22609E-03   1.00000E+00   0.00000E+00   1.93789E+00   2.14680E-16            16   4.78188E-10   3.14553E+00
        1545   1.85400E+02   1.20000E-01   6.18136E-01   4.99371E-04   6.50728E-04   0.00000E+00   7.11625E-03   1.00000E+00   0.00000E+00   1.93789E+00   2.17698E-16            16   4.82365E-10   3.14547E+00
        1546   1.85520E+02   1.20000E-01   6.18136E-01   4.96969E-04   6.50282E-04   0.00000E+00   7.00629E-03   1.00000E+00   0.00000E+00   1.93789E+00   2.24747E-16            16   4.86369E-10   3.14540E+00
        1547   1.85640E+02   1.20000E-01   6.18136E-01   4.94528E-04   6.49816E-04   0.00000E+00   6.89618E-03   1.00000E+00   0.00000E+00   1.93789E+00   2.31808E-16            16   4.90001E-10   3.14534E+00
        1548   1.85760E+02   1.20000E-01   6.18136E-01   4.92049E-04   6.49328E-04   0.00000E+00   6.78595E-03   1.00000E+00   0.00000E+00   1.93789E+00   2.39239E-16            16   4.93545E-10   3.14528E+00
        1549   1.85880E+02   1.20000E-01   6.18136E-01   4.89531E-04   6.48818E-04   0.00000E+00   6.67558E-03   1.00000E+00   0.00000E+00   1.93789E+00   2.47168E-16            16   4.96919E-10   3.14522E+00
        1550   1.86000E+02   1.20000E-01   6.18136E-01   4.86972E-04   6.48287E-04   0.00000E+00   6.56509E-03   1.00000E+00   0.00000E+00   1.93789E+00   2.53623E-16            16   5.00158E-10   3.14516E+00
        1551   1.86120E+02   1.20000E-01   6.18136E-01   4.84372E-04   6.47733E-04   0.00000E+00   6.45446E-03   1.00000E+00   0.00000E+00   1.93789E+00   2.59542E-16            16   5.03481E-10   3.14509E+00
        1552   1.86240E+02   1.20000E-01   6.18136E-01   4.81729E-04   6.47158E-04   0.00000E+00   6.34370E-03   1.00000E+00   0.00000E+00   1.93789E+00   2.67455E-16            16   5.06208E-10   3.14503E+00
        1553   1.86360E+02   1.20000E-01   6.18136E-01   4.79043E-04   6.46561E-04   0.00000E+00   6.23281E-03   1.00000E+00   0.00000E+00   1.93789E+00   2.75200E-16            16   5.09526E-10   3.14497E+00
        1554   1.86480E+02   1.20000E-01   6.18136E-01   4.76313E-04   6.45941E-04   0.00000E+00   6.12179E-03   1.00000E+00   0.00000E+00   1.93789E+00   2.82336E-16            16   5.12171E-10   3.14491E+00
        1555   1.86600E+02   1.20000E-01   6.18136E-01   4.73540E-04   6.45299E-04   0.00000E+00   6.01064E-03   1.00000E+00   0.00000E+00   1.93789E+00   2.88982E-16            16   5.15502E-10   3.14485E+00
        1556   1.86720E+02   1.20000E-01   6.18136E-01   4.70724E-04   6.44635E-04   0.00000E+00   5.89936E-03   1.00000E+00   0.00000E+00   1.93789E+00   2.98213E-16            16   5.18560E-10   3.14478E+00
        1557   1.86840E+02   1.20000E-01   6.18136E-01   4.67863E-04   6.43948E-04   0.00000E+00   5.78795E-03   1.00000E+00   0.00000E+00   1.93789E+00   3.05774E-16            16   5.21579E-10   3.14472E+00
        1558   1.86960E+02   1.20000E-01   6.18136E-01   4.64957E-04   6.43238E-04   0.00000E+00   5.67639E-03   1.00000E+00   0.00000E+00   1.93789E+00   3.11109E-16            16   5.24584E-10   3.14466E+00
        1559   1.87080E+02   1.20000E-01   6.18136E-01   4.62003E-04   6.42505E-04   0.00000E+00   5.56471E-03   1.00000E+00   0.00000E+00   1.93789E+00   3.19002E-16            16   5.27524E-10   3.14460E+00
        1560   1.87200E+02   1.20000E-01   6.18136E-01   4.59002E-04   6.41750E-04   0.00000E+00   5.45289E-03   1.00000E+00   0.00000E+00   1.93789E+00   3.25739E-16            16   5.30484E-10   3.14454E+00
        1561   1.87320E+02   1.20000E-01   6.18136E-01   4.55953E-04   6.40971E-04   0.00000E+00   5.34092E-03   1.00000E+00   0.00000E+00   1.93789E+00   3.30838E-16            16   5.33512E-10   3.14448E+00
        1562   1.87440E+02   1.20000E-01   6.18136E-01   4.52856E-04   6.40168E-04   0.00000E+00   5.22882E-03   1.00000E+00   0.00000E+00   1.93789E+00   3.38800E-16            16   5.36799E-10   3.14442E+00
        1563   1.87560E+02   1.20000E-01   6.18136E-01   4.49988E-04   6.39342E-04   0.00000E+00   5.11657E-03   1.00000E+00   0.00000E+00   1.93789E+00   3.45910E-16            16   5.40022E-10   3.14435E+00
        1564   1.87680E+02   1.20000E-01   6.18136E-01   4.47075E-04   6.38492E-04   0.00000E+00   5.00417E-03   1.00000E+00   0.00000E+00   1.93789E+00   3.53196E-16            16   5.43395E-10   3.14429E+00
        1565   1.87800E+02   1.20000E-01   6.18136E-01   4.44110E-04   6.37619E-04   0.00000E+00   4.89162E-03   1.00000E+00   0.00000E+00   1.93789E+00   3.58272E-16            16   5.46902E-10   3.14423E+00
        1566   1.87920E+02   1.20000E-01   6.18136E-01   4.41091E-04   6.36720E-04   0.00000E+00   4.77892E-03   1.00000E+00   0.00000E+00   1.93789E+00   3.66926E-16            16   5.50229E-10   3.14417E+00
        1567   1.88040E+02   1.20000E-01   6.18136E-01   4.38016E-04   6.35798E-04   0.00000E+00   4.66606E-03   1.00000E+00   0.00000E+00   1.93789E+00   3.72889E-16            16   5.53857E-10   3.14411E+00
        1568   1.88160E+02   1.20000E-01   6.18136E-01   4.34891E-04   6.34850E-04   0.00000E+00   4.55303E-03   1.00000E+00   0.00000E+00   1.93789E+00   3.80017E-16            16   5.57481E-10   3.14405E+00
        1569   1.88280E+02   1.20000E-01   6.18136E-01   4.31706E-04   6.33878E-04   0.00000E+00   4.43983E-03   1.00000E+00   0.00000E+00   1.93789E+00   3.88426E-16            16   5.61131E-10   3.14399E+00
        1570   1.88400E+02   1.20000E-01   6.18136E-01   4.28464E-04   6.32989E-04   0.00000E+00   4.32644E-03   1.00000E+00   0.00000E+00   1.93789E+00   3.97767E-16            16   5.65231E-10   3.14393E+00
        1571   1.88520E+02   1.20000E-01   6.18136E-01   4.25164E-04   6.32075E-04   0.00000E+00   4.21287E-03   1.00000E+00   0.00000E+00   1.93789E+00   4.04176E-16            16   5.69208E-10   3.14387E+00
        1572   1.88640E+02   1.20000E-01   6.18136E-01   4.21804E-04   6.31135E-04   0.00000E+00   4.09909E-03   1.00000E+00   0.00000E+00   1.93789E+00   4.12391E-16            16   5.73584E-10   3.14381E+00
        1573   1.88760E+02   1.20000E-01   6.18136E-01   4.18380E-04   6.30168E-04   0.00000E+00   3.98509E-03   1.00000E+00   0.00000E+00   1.93789E+00   4.18560E-16            16   5.77752E-10   3.14375E+00
        1574   1.88880E+02   1.20000E-01   6.18136E-01   4.14894E-04   6.29176E-04   0.00000E+00   3.87086E-03   1.00000E+00   0.00000E+00   1.93789E+00   4.27525E-16            16   5.82229E-10   3.14368E+00
        1575   1.89000E+02   1.20000E-01   6.18136E-01   4.11341E-04   6.28156E-04   0.00000E+00   3.75639E-03   1.00000E+00   0.00000E+00   1.93789E+00   4.35316E-16            16   5.87080E-10   3.14362E+00
        1576   1.89120E+02   1.20000E-01   6.18136E-01   4.07719E-04   6.27109E-04   0.00000E+00   3.64194E-03   1.00000E+00   0.00000E+00   1.93789E+00   4.68563E-16            16   5.95718E-10   3.14356E+00
        1577   1.89240E+02   1.20000E-01   6.18136E-01   4.04027E-04   6.26034E-04   0.00000E+00   3.52698E-03   1.00000E+00   0.00000E+00   1.93789E+00   4.77478E-16            16   6.04674E-10   3.14350E+00
        1578   1.89360E+02   1.20000E-01   6.18136E-01   4.00261E-04   6.24931E-04   0.00000E+00   3.41167E-03   1.00000E+00   0.00000E+00   1.93789E+00   4.81387E-16            16   6.08977E-10   3.14344E+00
        1579   1.89480E+02   1.20000E-01   6.18136E-01   3.96423E-04   6.23800E-04   0.00000E+00   3.29601E-03   1.00000E+00   0.00000E+00   1.93789E+00   4.94586E-16            16   6.17053E-10   3.14338E+00
        1580   1.89600E+02   1.20000E-01   6.18136E-01   3.92502E-04   6.22639E-04   0.00000E+00   3.17999E-03   1.00000E+00   0.00000E+00   1.93789E+00   4.97762E-16            16   6.21427E-10   3.14332E+00
        1581   1.89720E+02   1.20000E-01   6.18136E-01   3.88506E-04   6.21449E-04   0.00000E+00   3.06355E-03   1.00000E+00   0.00000E+00   1.93789E+00   5.11912E-16            16   6.30336E-10   3.14326E+00
        1582   1.89840E+02   1.20000E-01   6.18136E-01   3.84428E-04   6.20228E-04   0.00000E+00   2.94668E-03   1.00000E+00   0.00000E+00   1.93789E+00   5.16649E-16            16   6.34781E-10   3.14320E+00
        1583   1.89960E+02   1.20000E-01   6.18136E-01   3.80264E-04   6.18977E-04   0.00000E+00   2.82930E-03   1.00000E+00   0.00000E+00   1.93789E+00   5.30753E-16            16   6.44731E-10   3.14314E+00
        1584   1.90080E+02   1.20000E-01   6.18136E-01   3.76009E-04   6.17693E-04   0.00000E+00   2.71137E-03   1.00000E+00   0.00000E+00   1.93789E+00   5.37792E-16            16   6.50154E-10   3.14308E+00
        1585   1.90200E+02   1.20000E-01   6.18136E-01   3.71665E-04   6.16377E-04   0.00000E+00   2.59282E-03   1.00000E+00   0.00000E+00   1.93789E+00   5.51616E-16            16   6.60570E-10   3.14302E+00
        1586   1.90320E+02   1.20000E-01   6.18136E-01   3.67225E-04   6.15028E-04   0.00000E+00   2.47359E-03   1.00000E+00   0.00000E+00   1.93789E+00   5.60813E-16            16   6.66840E-10   3.14296E+00
        1587   1.90440E+02   1.20000E-01   6.18136E-01   3.63220E-04   6.13645E-04   0.00000E+00   2.35357E-03   1.00000E+00   0.00000E+00   1.93789E+00   5.78896E-16            16   6.78723E-10   3.14291E+00
        1588   1.90560E+02   1.20000E-01   6.18136E-01   3.62230E-04   6.12226E-04   0.00000E+00   2.23267E-03   1.00000E+00   0.00000E+00   1.93789E+00   5.88794E-16            16   6.85794E-10   3.14285E+00
        1589   1.90680E+02   1.20000E-01   6.18136E-01   3.61227E-04   6.10771E-04   0.00000E+00   2.11073E-03   1.00000E+00   0.00000E+00   1.93789E+00   5.96189E-16            16   6.96350E-10   3.14279E+00
        1590   1.90800E+02   1.20000E-01   6.18136E-01   3.60214E-04   6.09279E-04   0.00000E+00   1.98763E-03   1.00000E+00   0.00000E+00   1.93789E+00   6.07029E-16            16   7.03830E-10   3.14273E+00
        1591   1.90920E+02   1.20000E-01   6.18136E-01   3.59189E-04   6.07748E-04   0.00000E+00   1.86314E-03   1.00000E+00   0.00000E+00   1.93789E+00   6.11702E-16            16   7.13370E-10   3.14267E+00
        1592   1.91040E+02   1.20000E-01   6.18136E-01   3.58167E-04   6.06176E-04   0.00000E+00   1.73742E-03   1.00000E+00   0.00000E+00   1.93789E+00   6.17601E-16            16   7.18203E-10   3.14261E+00
        1593   1.91160E+02   1.20000E-01   6.18136E-01   3.57153E-04   6.04561E-04   0.00000E+00   1.60989E-03   1.00000E+00   0.00000E+00   1.93789E+00   6.15674E-16            16   7.20193E-10   3.14255E+00
        1594   1.91280E+02   1.20000E-01   6.18136E-01   3.56129E-04   6.02903E-04   0.00000E+00   1.47986E-03   1.00000E+00   0.00000E+00   1.93789E+00   6.10096E-16            16   7.32190E-10   3.14249E+00
        1595   1.91400E+02   1.20000E-01   6.18136E-01   3.55093E-04   6.01199E-04   0.00000E+00   1.41683E-03   1.00000E+00   0.00000E+00   1.93789E+00   6.01352E-16            16   7.39456E-10   3.14243E+00
        1596   1.91520E+02   1.20000E-01   6.18136E-01   3.54047E-04   5.99445E-04   0.00000E+00   1.50244E-03   1.00000E+00   0.00000E+00   1.93789E+00   6.02976E-16            16   7.42138E-10   3.14237E+00
        1597   1.91640E+02   1.20000E-01   6.18136E-01   3.52989E-04   5.97640E-04   0.00000E+00   1.58774E-03   1.00000E+00   0.00000E+00   1.93789E+00   5.96446E-16            16   7.38963E-10   3.14232E+00
        1598   1.91760E+02   1.20000E-01   6.18136E-01   3.51919E-04   5.95781E-04   0.00000E+00   1.67270E-03   1.00000E+00   0.00000E+00   1.93789E+00   6.09168E-16            16   7.30185E-10   3.14226E+00
        1599   1.91880E+02   1.20000E-01   6.18136E-01   3.50838E-04   5.93863E-04   0.00000E+00   1.75763E-03   1.00000E+00   0.00000E+00   1.93789E+00   6.88733E-16            16   7.17437E-10   3.14220E+00
        1600   1.92000E+02   1.20000E-01   6.18136E-01   3.49745E-04   5.91881E-04   0.00000E+00   1.84219E-03   1.00000E+00   0.00000E+00   1.93789E+00   7.87729E-16            16   6.92738E-10   3.14214E+00
        1601   1.92120E+02   1.20000E-01   6.18136E-01   3.48639E-04   5.89831E-04   0.00000E+00   1.92595E-03   1.00000E+00   0.00000E+00   1.93789E+00   8.51473E-16            16   6.47462E-10   3.14208E+00
        1602   1.92240E+02   1.20000E-01   6.18136E-01   3.47520E-04   5.87706E-04   0.00000E+00   2.01050E-03   1.00000E+00   0.00000E+00   1.93789E+00   9.50401E-16            16   5.93467E-10   3.14203E+00
        1603   1.92360E+02   1.20000E-01   6.18136E-01   3.46388E-04   5.85496E-04   0.00000E+00   2.09298E-03   1.00000E+00   0.00000E+00   1.93789E+00   1.06964E-15            16   5.19354E-10   3.14197E+00
        1604   1.92480E+02   1.20000E-01   6.18136E-01   3.45241E-04   5.83192E-04   0.00000E+00   2.17283E-03   1.00000E+00   0.00000E+00   1.93789E+00   1.25004E-15            16   4.71299E-10   3.14191E+00
        1605   1.92600E+02   1.20000E-01   6.18136E-01   3.44079E-04   5.80779E-04   0.00000E+00   2.25413E-03   1.00000E+00   0.00000E+00   1.93789E+00   1.60103E-15            16   3.73610E-10   3.14185E+00
        1606   1.92720E+02   1.20000E-01   6.18136E-01   3.42900E-04   5.78238E-04   0.00000E+00   2.33337E-03   1.00000E+00   0.00000E+00   1.93789E+00   2.58735E-15            16   2.48397E-10   3.14180E+00
        1607   1.92840E+02   1.20000E-01   6.18136E-01   3.41703E-04   5.75542E-04   0.00000E+00   2.40811E-03   1.00000E+00   0.00000E+00   1.93789E+00   7.03865E-15            16   4.07737E-10   3.14174E+00
        1608   1.92960E+02   1.20000E-01   6.18136E-01   3.40484E-04   5.72648E-04   0.00000E+00   2.87961E-03   1.00000E+00   0.00000E+00   1.93789E+00   1.96810E-14            16   5.13977E-10   3.14168E+00
        1609   1.93080E+02   1.20000E-01   6.18136E-01   3.39250E-04   5.69496E-04   0.00000E+00   2.84076E-03   1.00000E+00   0.00000E+00   1.93789E+00   1.83355E-14            16   6.15154E-10   3.14162E+00
        1610   1.93200E+02   1.20000E-01   6.18136E-01   3.38027E-04   5.66322E-04   0.00000E+00   2.92010E-03   1.00000E+00   0.00000E+00   1.93789E+00   8.34908E-15            16   4.75985E-10   3.14157E+00
        1611   1.93320E+02   1.20000E-01   6.18136E-01   3.36819E-04   5.63302E-04   0.00000E+00   3.01898E-03   1.00000E+00   0.00000E+00   1.93789E+00   3.63420E-15            16   3.94130E-10   3.14151E+00
        1612   1.93440E+02   1.20000E-01   6.18136E-01   3.35621E-04   5.60408E-04   0.00000E+00   3.11334E-03   1.00000E+00   0.00000E+00   1.93789E+00   2.63221E-15            16   3.92763E-10   3.14145E+00
        1613   1.93560E+02   1.20000E-01   6.18136E-01   3.34432E-04   5.57619E-04   0.00000E+00   3.20193E-03   1.00000E+00   0.00000E+00   1.93789E+00   2.10656E-15            16   4.68978E-10   3.14140E+00
        1614   1.93680E+02   1.20000E-01   6.18136E-01   3.33249E-04   5.54918E-04   0.00000E+00   3.28365E-03   1.00000E+00   0.00000E+00   1.93789E+00   1.78658E-15            16   5.79249E-10   3.14134E+00
        1615   1.93800E+02   1.20000E-01   6.18136E-01   3.32070E-04   5.52295E-04   0.00000E+00   3.36601E-03   1.00000E+00   0.00000E+00   1.93789E+00   1.56878E-15            16   6.72032E-10   3.14128E+00
        1616   1.93920E+02   1.20000E-01   6.18136E-01   3.30895E-04   5.49737E-04   0.00000E+00   3.44491E-03   1.00000E+00   0.00000E+00   1.93789E+00   1.65905E-15            16   6.95789E-10   3.14123E+00
        1617   1.94040E+02   1.20000E-01   6.18136E-01   3.29722E-04   5.47237E-04   0.00000E+00   3.52290E-03   1.00000E+00   0.00000E+00   1.93789E+00   1.59026E-15            16   7.21717E-10   3.14117E+00
        1618   1.94160E+02   1.20000E-01   6.18136E-01   3.28550E-04   5.44788E-04   0.00000E+00   3.60092E-03   1.00000E+00   0.00000E+00   1.93789E+00   1.35650E-15            16   7.76845E-10   3.14112E+00
        1619   1.94280E+02   1.20000E-01   6.18136E-01   3.27380E-04   5.42386E-04   0.00000E+00   3.68525E-03   1.00000E+00   0.00000E+00   1.93789E+00   1.07467E-15            16   8.34156E-10   3.14106E+00
        1620   1.94400E+02   1.20000E-01   6.18136E-01   3.26209E-04   5.40025E-04   0.00000E+00   3.77045E-03   1.00000E+00   0.00000E+00   1.93789E+00   1.07371E-15            16   8.58090E-10   3.14100E+00
        1621   1.94520E+02   1.20000E-01   6.18136E-01   3.25038E-04   5.37701E-04   0.00000E+00   3.85327E-03   1.00000E+00   0.00000E+00   1.93789E+00   1.09087E-15            16   8.60806E-10   3.14095E+00
        1622   1.94640E+02   1.20000E-01   6.18136E-01   3.23866E-04   5.35413E-04   0.00000E+00   3.93598E-03   1.00000E+00   0.00000E+00   1.93789E+00   1.04301E-15            16   8.34481E-10   3.14089E+00
        1623   1.94760E+02   1.20000E-01   6.18136E-01   3.22694E-04   5.33156E-04   0.00000E+00   4.01670E-03   1.00000E+00   0.00000E+00   1.93789E+00   9.81311E-16            16   7.93837E-10   3.14084E+00
        1624   1.94880E+02   1.20000E-01   6.18136E-01   3.21520E-04   5.30929E-04   0.00000E+00   4.09870E-03   1.00000E+00   0.00000E+00   1.93789E+00   8.56112E-16            16   7.85340E-10   3.14078E+00
        1625   1.95000E+02   1.20000E-01   6.18136E-01   3.20344E-04   5.28729E-04   0.00000E+00   4.17793E-03   1.00000E+00   0.00000E+00   1.93789E+00   8.93994E-16            16   7.25316E-10   3.14073E+00
        1626   1.95120E+02   1.20000E-01   6.18136E-01   3.19166E-04   5.26554E-04   0.00000E+00   4.25833E-03   1.00000E+00   0.00000E+00   1.93789E+00   7.24621E-16            16   7.33276E-10   3.14067E+00
        1627   1.95240E+02   1.20000E-01   6.18136E-01   3.17987E-04   5.24404E-04   0.00000E+00   4.33720E-03   1.00000E+00   0.00000E+00   1.93789E+00   8.14293E-16            16   7.15768E-10   3.14062E+00
        1628   1.95360E+02   1.20000E-01   6.18136E-01   3.16805E-04   5.22275E-04   0.00000E+00   4.41753E-03   1.00000E+00   0.00000E+00   1.93789E+00   7.88746E-16            16   7.18577E-10   3.14056E+00
        1629   1.95480E+02   1.20000E-01   6.18136E-01   3.15622E-04   5.20168E-04   0.00000E+00   4.49659E-03   1.00000E+00   0.00000E+00   1.93789E+00   6.93744E-16            16   7.18869E-10   3.14051E+00
        1630   1.95600E+02   1.20000E-01   6.18136E-01   3.14436E-04   5.18080E-04   0.00000E+00   4.57761E-03   1.00000E+00   0.00000E+00   1.93789E+00   8.46019E-16            16   7.05114E-10   3.14045E+00
        1631   1.95720E+02   1.20000E-01   6.18136E-01   3.13248E-04   5.16010E-04   0.00000E+00   4.65907E-03   1.00000E+00   0.00000E+00   1.93789E+00   8.17615E-16            16   7.09172E-10   3.14040E+00
        1632   1.95840E+02   1.20000E-01   6.18136E-01   3.12061E-04   5.13958E-04   0.00000E+00   4.74080E-03   1.00000E+00   0.00000E+00   1.93789E+00   8.13222E-16            16   6.96369E-10   3.14035E+00
        1633   1.95960E+02   1.20000E-01   6.18136E-01   3.11031E-04   5.11921E-04   0.00000E+00   4.82192E-03   1.00000E+00   0.00000E+00   1.93789E+00   8.10137E-16            16   6.95323E-10   3.14029E+00
        1634   1.96080E+02   1.20000E-01   6.18136E-01   3.09997E-04   5.09900E-04   0.00000E+00   4.90267E-03   1.00000E+00   0.00000E+00   1.93789E+00   8.11163E-16            16   6.92895E-10   3.14024E+00
        1635   1.96200E+02   1.20000E-01   6.18136E-01   3.08960E-04   5.07893E-04   0.00000E+00   4.98314E-03   1.00000E+00   0.00000E+00   1.93789E+00   8.12455E-16            16   6.90040E-10   3.14019E+00
        1636   1.96320E+02   1.20000E-01   6.18136E-01   3.07920E-04   5.05899E-04   0.00000E+00   5.06336E-03   1.00000E+00   0.00000E+00   1.93789E+00   8.13055E-16            16   6.86500E-10   3.14013E+00
        1637   1.96440E+02   1.20000E-01   6.18136E-01   3.06876E-04   5.03918E-04   0.00000E+00   5.14335E-03   1.00000E+00   0.00000E+00   1.93789E+00   8.07315E-16            16   6.82440E-10   3.14008E+00
        1638   1.96560E+02   1.20000E-01   6.18136E-01   3.05829E-04   5.01948E-04   0.00000E+00   5.22314E-03   1.00000E+00   0.00000E+00   1.93789E+00   7.94396E-16            16   6.78137E-10   3.14002E+00
        1639   1.96680E+02   1.20000E-01   6.18136E-01   3.04778E-04   4.99989E-04   0.00000E+00   5.30274E-03   1.00000E+00   0.00000E+00   1.93789E+00   7.79778E-16            16   6.74290E-10   3.13997E+00
        1640   1.96800E+02   1.20000E-01   6.18136E-01   3.03723E-04   4.98040E-04   0.00000E+00   5.38216E-03   1.00000E+00   0.00000E+00   1.93789E+00   7.75474E-16            16   6.71296E-10   3.13992E+00
        1641   1.96920E+02   1.20000E-01   6.18136E-01   3.02665E-04   4.96101E-04   0.00000E+00   5.46140E-03   1.00000E+00   0.00000E+00   1.93789E+00   7.69569E-16            16   6.68637E-10   3.13987E+00
        1642   1.97040E+02   1.20000E-01   6.18136E-01   3.01604E-04   4.94170E-04   0.00000E+00   5.54046E-03   1.00000E+00   0.00000E+00   1.93789E+00   7.66118E-16            16   6.65821E-10   3.13981E+00
        1643   1.97160E+02   1.20000E-01   6.18136E-01   3.00538E-04   4.92247E-04   0.00000E+00   5.61946E-03   1.00000E+00   0.00000E+00   1.93789E+00   7.60426E-16            16   6.63617E-10   3.13976E+00
        1644   1.97280E+02   1.20000E-01   6.18136E-01   2.99469E-04   4.90332E-04   0.00000E+00   5.69825E-03   1.00000E+00   0.00000E+00   1.93789E+00   7.55743E-16            16   6.61189E-10   3.13971E+00
        1645   1.97400E+02   1.20000E-01   6.18136E-01   2.98397E-04   4.88424E-04   0.00000E+00   5.77670E-03   1.00000E+00   0.00000E+00   1.93789E+00   7.49468E-16            16   6.58765E-10   3.13966E+00
        1646   1.97520E+02   1.20000E-01   6.18136E-01   2.97321E-04   4.86523E-04   0.00000E+00   5.85481E-03   1.00000E+00   0.00000E+00   1.93789E+00   7.45237E-16            16   6.56837E-10   3.13960E+00
        1647   1.97640E+02   1.20000E-01   6.18136E-01   2.96241E-04   4.84627E-04   0.00000E+00   5.93259E-03   1.00000E+00   0.00000E+00   1.93789E+00   7.36781E-16            16   6.54523E-10   3.13955E+00
        1648   1.97760E+02   1.20000E-01   6.18136E-01   2.95158E-04   4.82737E-04   0.00000E+00   6.01002E-03   1.00000E+00   0.00000E+00   1.93789E+00   7.36057E-16            16   6.52659E-10   3.13950E+00
        1649   1.97880E+02   1.20000E-01   6.18136E-01   2.94071E-04   4.80851E-04   0.00000E+00   6.08710E-03   1.00000E+00   0.00000E+00   1.93789E+00   7.31782E-16            16   6.50612E-10   3.13945E+00
        1650   1.98000E+02   1.20000E-01   6.18136E-01   2.92981E-04   4.78971E-04   0.00000E+00   6.16383E-03   1.00000E+00   0.00000E+00   1.93789E+00   7.32384E-16            16   6.48808E-10   3.13940E+00
        1651   1.98120E+02   1.20000E-01   6.18136E-01   2.91886E-04   4.77094E-04   0.00000E+00   6.24020E-03   1.00000E+00   0.00000E+00   1.93789E+00   7.30120E-16            16   6.46847E-10   3.13935E+00
        1652   1.98240E+02   1.20000E-01   6.18136E-01   2.90789E-04   4.75221E-04   0.00000E+00   6.31622E-03   1.00000E+00   0.00000E+00   1.93789E+00   7.26843E-16            16   6.44920E-10   3.13930E+00
        1653   1.98360E+02   1.20000E-01   6.18136E-01   2.89688E-04   4.73351E-04   0.00000E+00   6.39189E-03   1.00000E+00   0.00000E+00   1.93789E+00   7.31505E-16            16   6.43094E-10   3.13925E+00
        1654   1.98480E+02   1.20000E-01   6.18136E-01   2.88583E-04   4.71484E-04   0.00000E+00   6.46721E-03   1.00000E+00   0.00000E+00   1.93789E+00   7.38024E-16            16   6.41230E-10   3.13920E+00
        1655   1.98600E+02   1.20000E-01   6.18136E-01   2.87475E-04   4.69620E-04   0.00000E+00   6.54217E-03   1.00000E+00   0.00000E+00   1.93789E+00   7.44010E-16            16   6.39718E-10   3.13914E+00
        1656   1.98720E+02   1.20000E-01   6.18136E-01   2.86363E-04   4.67758E-04   0.00000E+00   6.61676E-03   1.00000E+00   0.00000E+00   1.93789E+00   7.47754E-16            16   6.38354E-10   3.13909E+00
        1657   1.98840E+02   1.20000E-01   6.18136E-01   2.85247E-04   4.65898E-04   0.00000E+00   6.69096E-03   1.00000E+00   0.00000E+00   1.93789E+00   7.51702E-16            16   6.36958E-10   3.13904E+00
        1658   1.98960E+02   1.20000E-01   6.18136E-01   2.84129E-04   4.64040E-04   0.00000E+00   6.76478E-03   1.00000E+00   0.00000E+00   1.93789E+00   7.57561E-16            16   6.35745E-10   3.13899E+00
        1659   1.99080E+02   1.20000E-01   6.18136E-01   2.83006E-04   4.62183E-04   0.00000E+00   6.83823E-03   1.00000E+00   0.00000E+00   1.93789E+00   7.61534E-16            16   6.34544E-10   3.13894E+00
        1660   1.99200E+02   1.20000E-01   6.18136E-01   2.81880E-04   4.60327E-04   0.00000E+00   6.91130E-03   1.00000E+00   0.00000E+00   1.93789E+00   7.66471E-16            16   6.33270E-10   3.13889E+00
        1661   1.99320E+02   1.20000E-01   6.18136E-01   2.80751E-04   4.58471E-04   0.00000E+00   6.98400E-03   1.00000E+00   0.00000E+00   1.93789E+00   7.71113E-16            16   6.32096E-10   3.13885E+00
        1662   1.99440E+02   1.20000E-01   6.18136E-01   2.79619E-04   4.56617E-04   0.00000E+00   7.05632E-03   1.00000E+00   0.00000E+00   1.93789E+00   7.76685E-16            16   6.30960E-10   3.13880E+00
        1663   1.99560E+02   1.20000E-01   6.18136E-01   2.78483E-04   4.54762E-04   0.00000E+00   7.12828E-03   1.00000E+00   0.00000E+00   1.93789E+00   7.82907E-16            16   6.29837E-10   3.13875E+00
        1664   1.99680E+02   1.20000E-01   6.18136E-01   2.77343E-04   4.52908E-04   0.00000E+00   7.19986E-03   1.00000E+00   0.00000E+00   1.93789E+00   7.88547E-16            16   6.28880E-10   3.13870E+00
        1665   1.99800E+02   1.20000E-01   6.18136E-01   2.76201E-04   4.51054E-04   0.00000E+00   7.27106E-03   1.00000E+00   0.00000E+00   1.93789E+00   7.93452E-16            16   6.27937E-10   3.13865E+00
        1666   1.99920E+02   1.20000E-01   6.18136E-01   2.75055E-04   4.49200E-04   0.00000E+00   7.34188E-03   1.00000E+00   0.00000E+00   1.93789E+00   7.99267E-16            16   6.27514E-10   3.13860E+00
        1667   2.00040E+02   1.20000E-01   6.18136E-01   2.73905E-04   4.47345E-04   0.00000E+00   7.41232E-03   1.00000E+00   0.00000E+00   1.93789E+00   8.04232E-16            16   6.25880E-10   3.13855E+00
        1668   2.00160E+02   1.20000E-01   6.18136E-01   2.72753E-04   4.45511E-04   0.00000E+00   7.48240E-03   1.00000E+00   0.00000E+00   1.93789E+00   8.07946E-16            16   6.25595E-10   3.13850E+00
        1669   2.00280E+02   1.20000E-01   6.18136E-01   2.71597E-04   4.43698E-04   0.00000E+00   7.55209E-03   1.00000E+00   0.00000E+00   1.93789E+00   8.14686E-16            16   6.24759E-10   3.13846E+00
        1670   2.00400E+02   1.20000E-01   6.18136E-01   2.70438E-04   4.41885E-04   0.00000E+00   7.62141E-03   1.00000E+00   0.00000E+00   1.93789E+00   8.18744E-16            16   6.24464E-10   3.13841E+00
        1671   2.00520E+02   1.20000E-01   6.18136E-01   2.69275E-04   4.40072E-04   0.00000E+00   7.69034E-03   1.00000E+00   0.00000E+00   1.93789E+00   8.24370E-16            16   6.23832E-10   3.13836E+00
        1672   2.00640E+02   1.20000E-01   6.18136E-01   2.68110E-04   4.38257E-04   0.00000E+00   7.75890E-03   1.00000E+00   0.00000E+00   1.93789E+00   8.28516E-16            16   6.23436E-10   3.13831E+00
        1673   2.00760E+02   1.20000E-01   6.18136E-01   2.66941E-04   4.36442E-04   0.00000E+00   7.82707E-03   1.00000E+00   0.00000E+00   1.93789E+00   8.32372E-16            16   6.22701E-10   3.13827E+00
        1674   2.00880E+02   1.20000E-01   6.18136E-01   2.65769E-04   4.34625E-04   0.00000E+00   7.89486E-03   1.00000E+00   0.00000E+00   1.93789E+00   8.36962E-16            16   6.22088E-10   3.13822E+00
        1675   2.01000E+02   1.20000E-01   6.18136E-01   2.64600E-04   4.32808E-04   0.00000E+00   7.96227E-03   1.00000E+00   0.00000E+00   1.93789E+00   8.42198E-16            16   6.21904E-10   3.13817E+00
        1676   2.01120E+02   1.20000E-01   6.18136E-01   2.63439E-04   4.30989E-04   0.00000E+00   8.02930E-03   1.00000E+00   0.00000E+00   1.93789E+00   8.46288E-16            16   6.21238E-10   3.13812E+00
        1677   2.01240E+02   1.20000E-01   6.18136E-01   2.62274E-04   4.29168E-04   0.00000E+00   8.09595E-03   1.00000E+00   0.00000E+00   1.93789E+00   8.49962E-16            16   6.21177E-10   3.13808E+00
        1678   2.01360E+02   1.20000E-01   6.18136E-01   2.61107E-04   4.27347E-04   0.00000E+00   8.16221E-03   1.00000E+00   0.00000E+00   1.93789E+00   8.53819E-16            16   6.21027E-10   3.13803E+00
        1679   2.01480E+02   1.20000E-01   6.18136E-01   2.59936E-04   4.25524E-04   0.00000E+00   8.22810E-03   1.00000E+00   0.00000E+00   1.93789E+00   8.58095E-16            16   6.21071E-10   3.13799E+00
        1680   2.01600E+02   1.20000E-01   6.18136E-01   2.58761E-04   4.23699E-04   0.00000E+00   8.29361E-03   1.00000E+00   0.00000E+00   1.93789E+00   8.61582E-16            16   6.20551E-10   3.13794E+00
        1681   2.01720E+02   1.20000E-01   6.18136E-01   2.57602E-04   4.21872E-04   0.00000E+00   8.35875E-03   1.00000E+00   0.00000E+00   1.93789E+00   8.65131E-16            16   6.20498E-10   3.13789E+00
        1682   2.01840E+02   1.20000E-01   6.18136E-01   2.56548E-04   4.20044E-04   0.00000E+00   8.42350E-03   1.00000E+00   0.00000E+00   1.93789E+00   8.69838E-16            16   6.20113E-10   3.13785E+00
        1683   2.01960E+02   1.20000E-01   6.18136E-01   2.55490E-04   4.18214E-04   0.00000E+00   8.48788E-03   1.00000E+00   0.00000E+00   1.93789E+00   8.71882E-16            16   6.20236E-10   3.13780E+00
        1684   2.02080E+02   1.20000E-01   6.18136E-01   2.54430E-04   4.16381E-04   0.00000E+00   8.55189E-03   1.00000E+00   0.00000E+00   1.93789E+00   8.75843E-16            16   6.19817E-10   3.13776E+00
        1685   2.02200E+02   1.20000E-01   6.18136E-01   2.53366E-04   4.14547E-04   0.00000E+00   8.61552E-03   1.00000E+00   0.00000E+00   1.93789E+00   8.78370E-16            16   6.19986E-10   3.13771E+00
        1686   2.02320E+02   1.20000E-01   6.18136E-01   2.52298E-04   4.12711E-04   0.00000E+00   8.67878E-03   1.00000E+00   0.00000E+00   1.93789E+00   8.81620E-16            16   6.19628E-10   3.13767E+00
        1687   2.02440E+02   1.20000E-01   6.18136E-01   2.51227E-04   4.10873E-04   0.00000E+00   8.74168E-03   1.00000E+00   0.00000E+00   1.93789E+00   8.82953E-16            16   6.19867E-10   3.13762E+00
        1688   2.02560E+02   1.20000E-01   6.18136E-01   2.50153E-04   4.09032E-04   0.00000E+00   8.80420E-03   1.00000E+00   0.00000E+00   1.93789E+00   8.85501E-16            16   6.19584E-10   3.13758E+00
        1689   2.02680E+02   1.20000E-01   6.18136E-01   2.49076E-04   4.07190E-04   0.00000E+00   8.86637E-03   1.00000E+00   0.00000E+00   1.93789E+00   8.87644E-16            16   6.19896E-10   3.13754E+00
        1690   2.02800E+02   1.20000E-01   6.18136E-01   2.47995E-04   4.05345E-04   0.00000E+00   8.92817E-03   1.00000E+00   0.00000E+00   1.93789E+00   8.90328E-16            16   6.19687E-10   3.13749E+00
        1691   2.02920E+02   1.20000E-01   6.18136E-01   2.46911E-04   4.03497E-04   0.00000E+00   8.98961E-03   1.00000E+00   0.00000E+00   1.93789E+00   8.91328E-16            16   6.20062E-10   3.13745E+00
        1692   2.03040E+02   1.20000E-01   6.18136E-01   2.45824E-04   4.01647E-04   0.00000E+00   9.05069E-03   1.00000E+00   0.00000E+00   1.93789E+00   8.93353E-16            16   6.19914E-10   3.13740E+00
        1693   2.03160E+02   1.20000E-01   6.18136E-01   2.44734E-04   3.99795E-04   0.00000E+00   9.11141E-03   1.00000E+00   0.00000E+00   1.93789E+00   8.95365E-16            16   6.20332E-10   3.13736E+00
        1694   2.03280E+02   1.20000E-01   6.18136E-01   2.43641E-04   3.97941E-04   0.00000E+00   9.17177E-03   1.00000E+00   0.00000E+00   1.93789E+00   8.97896E-16            16   6.20231E-10   3.13732E+00
        1695   2.03400E+02   1.20000E-01   6.18136E-01   2.42544E-04   3.96083E-04   0.00000E+00   9.23178E-03   1.00000E+00   0.00000E+00   1.93789E+00   8.99866E-16            16   6.20681E-10   3.13727E+00
        1696   2.03520E+02   1.20000E-01   6.18136E-01   2.41445E-04   3.94224E-04   0.00000E+00   9.29143E-03   1.00000E+00   0.00000E+00   1.93789E+00   9.02287E-16            16   6.20619E-10   3.13723E+00
        1697   2.03640E+02   1.20000E-01   6.18136E-01   2.40344E-04   3.92361E-04   0.00000E+00   9.35073E-03   1.00000E+00   0.00000E+00   1.93789E+00   9.04167E-16            16   6.21106E-10   3.13719E+00
        1698   2.03760E+02   1.20000E-01   6.18136E-01   2.39249E-04   3.90496E-04   0.00000E+00   9.40967E-03   1.00000E+00   0.00000E+00   1.93789E+00   9.07733E-16            16   6.21089E-10   3.13715E+00
        1699   2.03880E+02   1.20000E-01   6.18136E-01   2.38151E-04   3.88629E-04   0.00000E+00   9.46827E-03   1.00000E+00   0.00000E+00   1.93789E+00   9.09410E-16            16   6.21620E-10   3.13710E+00
        1700   2.04000E+02   1.20000E-01   6.18136E-01   2.37050E-04   3.86758E-04   0.00000E+00   9.52652E-03   1.00000E+00   0.00000E+00   1.93789E+00   9.12421E-16            16   6.21654E-10   3.13706E+00
        1701   2.04120E+02   1.20000E-01   6.18136E-01   2.35945E-04   3.84885E-04   0.00000E+00   9.58443E-03   1.00000E+00   0.00000E+00   1.93789E+00   9.15175E-16            16   6.22233E-10   3.13702E+00
        1702   2.04240E+02   1.20000E-01   6.18136E-01   2.34838E-04   3.83010E-04   0.00000E+00   9.64198E-03   1.00000E+00   0.00000E+00   1.93789E+00   9.17631E-16            16   6.22314E-10   3.13698E+00
        1703   2.04360E+02   1.20000E-01   6.18136E-01   2.33727E-04   3.81131E-04   0.00000E+00   9.69920E-03   1.00000E+00   0.00000E+00   1.93789E+00   9.20173E-16            16   6.23010E-10   3.13694E+00
        1704   2.04480E+02   1.20000E-01   6.18136E-01   2.32614E-04   3.79250E-04   0.00000E+00   9.75608E-03   1.00000E+00   0.00000E+00   1.93789E+00   9.22391E-16            16   6.23056E-10   3.13690E+00
        1705   2.04600E+02   1.20000E-01   6.18136E-01   2.31497E-04   3.77366E-04   0.00000E+00   9.81261E-03   1.00000E+00   0.00000E+00   1.93789E+00   9.24063E-16            16   6.23695E-10   3.13686E+00
        1706   2.04720E+02   1.20000E-01   6.18136E-01   2.30377E-04   3.75479E-04   0.00000E+00   9.86881E-03   1.00000E+00   0.00000E+00   1.93789E+00   9.27057E-16            16   6.23982E-10   3.13682E+00
        1707   2.04840E+02   1.20000E-01   6.18136E-01   2.29255E-04   3.73590E-04   0.00000E+00   9.92467E-03   1.00000E+00   0.00000E+00   1.93789E+00   9.28263E-16            16   6.24562E-10   3.13678E+00
        1708   2.04960E+02   1.20000E-01   6.18136E-01   2.28129E-04   3.71697E-04   0.00000E+00   9.98018E-03   1.00000E+00   0.00000E+00   1.93789E+00   9.29448E-16            16   6.24787E-10   3.13674E+00
        1709   2.05080E+02   1.20000E-01   6.18136E-01   2.27001E-04   3.69802E-04   0.00000E+00   1.00354E-02   1.00000E+00   0.00000E+00   1.93789E+00   9.31203E-16            16   6.25329E-10   3.13670E+00
        1710   2.05200E+02   1.20000E-01   6.18136E-01   2.25869E-04   3.67904E-04   0.00000E+00   1.00902E-02   1.00000E+00   0.00000E+00   1.93789E+00   9.32704E-16            16   6.25558E-10   3.13666E+00
        1711   2.05320E+02   1.20000E-01   6.18136E-01   2.24735E-04   3.66004E-04   0.00000E+00   1.01447E-02   1.00000E+00   0.00000E+00   1.93789E+00   9.33686E-16            16   6.24431E-10   3.13662E+00
        1712   2.05440E+02   1.20000E-01   6.18136E-01   2.23598E-04   3.64100E-04   0.00000E+00   1.01989E-02   1.00000E+00   0.00000E+00   1.93789E+00   9.34341E-16            16   6.26822E-10   3.13658E+00
        1713   2.05560E+02   1.20000E-01   6.18136E-01   2.22458E-04   3.62194E-04   0.00000E+00   1.02527E-02   1.00000E+00   0.00000E+00   1.93789E+00   9.35624E-16            16   6.25677E-10   3.13654E+00
        1714   2.05680E+02   1.20000E-01   6.18136E-01   2.21316E-04   3.60285E-04   0.00000E+00   1.03063E-02   1.00000E+00   0.00000E+00   1.93789E+00   9.34415E-16            16   6.27981E-10   3.13650E+00
        1715   2.05800E+02   1.20000E-01   6.18136E-01   2.20170E-04   3.58373E-04   0.00000E+00   1.03594E-02   1.00000E+00   0.00000E+00   1.93789E+00   9.37286E-16            16   6.26772E-10   3.13646E+00
        1716   2.05920E+02   1.20000E-01   6.18136E-01   2.19022E-04   3.56459E-04   0.00000E+00   1.04123E-02   1.00000E+00   0.00000E+00   1.93789E+00   9.36594E-16            16   6.28822E-10   3.13642E+00
        1717   2.06040E+02   1.20000E-01   6.18136E-01   2.17871E-04   3.54541E-04   0.00000E+00   1.04648E-02   1.00000E+00   0.00000E+00   1.93789E+00   9.38505E-16            16   6.27828E-10   3.13638E+00
        1718   2.06160E+02   1.20000E-01   6.18136E-01   2.16718E-04   3.52621E-04   0.00000E+00   1.05169E-02   1.00000E+00   0.00000E+00   1.93789E+00   9.38214E-16            16   6.29860E-10   3.13635E+00
        1719   2.06280E+02   1.20000E-01   6.18136E-01   2.15562E-04   3.50699E-04   0.00000E+00   1.05688E-02   1.00000E+00   0.00000E+00   1.93789E+00   9.40728E-16            16   6.28913E-10   3.13631E+00
        1720   2.06400E+02   1.20000E-01   6.18136E-01   2.14404E-04   3.48773E-04   0.00000E+00   1.06203E-02   1.00000E+00   0.00000E+00   1.93789E+00   9.40427E-16            16   6.29175E-10   3.13627E+00
        1721   2.06520E+02   1.20000E-01   6.18136E-01   2.13242E-04   3.46845E-04   0.00000E+00   1.06715E-02   1.00000E+00   0.00000E+00   1.93789E+00   9.41915E-16            16   6.29947E-10   3.13623E+00
        1722   2.06640E+02   1.20000E-01   6.18136E-01   2.12079E-04   3.44914E-04   0.00000E+00   1.07223E-02   1.00000E+00   0.00000E+00   1.93789E+00   9.43108E-16            16   6.30467E-10   3.13620E+00
        1723   2.06760E+02   1.20000E-01   6.18136E-01   2.10913E-04   3.42981E-04   0.00000E+00   1.07728E-02   1.00000E+00   0.00000E+00   1.93789E+00   9.43339E-16            16   6.31231E-10   3.13616E+00
        1724   2.06880E+02   1.20000E-01   6.18136E-01   2.09860E-04   3.41045E-04   0.00000E+00   1.08229E-02   1.00000E+00   0.00000E+00   1.93789E+00   9.44556E-16            16   6.31106E-10   3.13612E+00
        1725   2.07000E+02   1.20000E-01   6.18136E-01   2.08819E-04   3.39107E-04   0.00000E+00   1.08728E-02   1.00000E+00   0.00000E+00   1.93789E+00   9.45822E-16            16   6.32254E-10   3.13609E+00
        1726   2.07120E+02   1.20000E-01   6.18136E-01   2.07774E-04   3.37166E-04   0.00000E+00   1.09223E-02   1.00000E+00   0.00000E+00   1.93789E+00   9.47028E-16            16   6.32496E-10   3.13605E+00
        1727   2.07240E+02   1.20000E-01   6.18136E-01   2.06727E-04   3.35222E-04   0.00000E+00   1.09714E-02   1.00000E+00   0.00000E+00   1.93789E+00   9.48030E-16            16   6.33256E-10   3.13601E+00
        1728   2.07360E+02   1.20000E-01   6.18136E-01   2.05677E-04   3.33276E-04   0.00000E+00   1.10202E-02   1.00000E+00   0.00000E+00   1.93789E+00   9.49010E-16            16   6.33730E-10   3.13598E+00
        1729   2.07480E+02   1.20000E-01   6.18136E-01   2.04625E-04   3.31327E-04   0.00000E+00   1.10687E-02   1.00000E+00   0.00000E+00   1.93789E+00   9.50200E-16            16   6.34511E-10   3.13594E+00
        1730   2.07600E+02   1.20000E-01   6.18136E-01   2.03570E-04   3.29376E-04   0.00000E+00   1.11169E-02   1.00000E+00   0.00000E+00   1.93789E+00   9.51808E-16            16   6.35014E-10   3.13591E+00
        1731   2.07720E+02   1.20000E-01   6.18136E-01   2.02512E-04   3.27423E-04   0.00000E+00   1.11647E-02   1.00000E+00   0.00000E+00   1.93789E+00   9.51857E-16            16   6.35813E-10   3.13587E+00
        1732   2.07840E+02   1.20000E-01   6.18136E-01   2.01451E-04   3.25467E-04   0.00000E+00   1.12121E-02   1.00000E+00   0.00000E+00   1.93789E+00   9.52929E-16            16   6.36333E-10   3.13584E+00
        1733   2.07960E+02   1.20000E-01   6.18136E-01   2.00388E-04   3.23509E-04   0.00000E+00   1.12592E-02   1.00000E+00   0.00000E+00   1.93789E+00   9.54372E-16            16   6.37144E-10   3.13580E+00
        1734   2.08080E+02   1.20000E-01   6.18136E-01   1.99323E-04   3.21548E-04   0.00000E+00   1.13060E-02   1.00000E+00   0.00000E+00   1.93789E+00   9.55196E-16            16   6.37669E-10   3.13577E+00
        1735   2.08200E+02   1.20000E-01   6.18136E-01   1.98255E-04   3.19585E-04   0.00000E+00   1.13525E-02   1.00000E+00   0.00000E+00   1.93789E+00   9.56154E-16            16   6.38484E-10   3.13573E+00
        1736   2.08320E+02   1.20000E-01   6.18136E-01   1.97184E-04   3.17709E-04   0.00000E+00   1.13985E-02   1.00000E+00   0.00000E+00   1.93789E+00   9.56916E-16            16   6.38943E-10   3.13570E+00
        1737   2.08440E+02   1.20000E-01   6.18136E-01   1.96111E-04   3.15847E-04   0.00000E+00   1.14443E-02   1.00000E+00   0.00000E+00   1.93789E+00   9.57315E-16            16   6.39598E-10   3.13567E+00
        1738   2.08560E+02   1.20000E-01   6.18136E-01   1.95036E-04   3.13982E-04   0.00000E+00   1.14897E-02   1.00000E+00   0.00000E+00   1.93789E+00   9.58285E-16            16   6.40088E-10   3.13563E+00
        1739   2.08680E+02   1.20000E-01   6.18136E-01   1.93958E-04   3.12116E-04   0.00000E+00   1.15348E-02   1.00000E+00   0.00000E+00   1.93789E+00   9.59668E-16            16   6.40853E-10   3.13560E+00
        1740   2.08800E+02   1.20000E-01   6.18136E-01   1.92878E-04   3.10248E-04   0.00000E+00   1.15795E-02   1.00000E+00   0.00000E+00   1.93789E+00   9.59971E-16            16   6.41347E-10   3.13557E+00
        1741   2.08920E+02   1.20000E-01   6.18136E-01   1.91795E-04   3.08377E-04   0.00000E+00   1.16239E-02   1.00000E+00   0.00000E+00   1.93789E+00   9.60822E-16            16   6.42091E-10   3.13553E+00
        1742   2.09040E+02   1.20000E-01   6.18136E-01   1.90710E-04   3.06505E-04   0.00000E+00   1.16679E-02   1.00000E+00   0.00000E+00   1.93789E+00   9.61891E-16            16   6.42570E-10   3.13550E+00
        1743   2.09160E+02   1.20000E-01   6.18136E-01   1.89623E-04   3.04630E-04   0.00000E+00   1.17115E-02   1.00000E+00   0.00000E+00   1.93789E+00   9.61986E-16            16   6.43290E-10   3.13547E+00
        1744   2.09280E+02   1.20000E-01   6.18136E-01   1.88534E-04   3.02754E-04   0.00000E+00   1.17549E-02   1.00000E+00   0.00000E+00   1.93789E+00   9.62779E-16            16   6.43760E-10   3.13544E+00
        1745   2.09400E+02   1.20000E-01   6.18136E-01   1.87442E-04   3.00876E-04   0.00000E+00   1.17978E-02   1.00000E+00   0.00000E+00   1.93789E+00   9.63490E-16            16   6.44471E-10   3.13541E+00
        1746   2.09520E+02   1.20000E-01   6.18136E-01   1.86349E-04   2.98996E-04   0.00000E+00   1.18405E-02   1.00000E+00   0.00000E+00   1.93789E+00   9.63656E-16            16   6.44928E-10   3.13537E+00
        1747   2.09640E+02   1.20000E-01   6.18136E-01   1.85253E-04   2.97114E-04   0.00000E+00   1.18827E-02   1.00000E+00   0.00000E+00   1.93789E+00   9.64248E-16            16   6.45622E-10   3.13534E+00
        1748   2.09760E+02   1.20000E-01   6.18136E-01   1.84155E-04   2.95230E-04   0.00000E+00   1.19247E-02   1.00000E+00   0.00000E+00   1.93789E+00   9.65023E-16            16   6.46064E-10   3.13531E+00
        1749   2.09880E+02   1.20000E-01   6.18136E-01   1.83055E-04   2.93345E-04   0.00000E+00   1.19662E-02   1.00000E+00   0.00000E+00   1.93789E+00   9.65138E-16            16   6.46740E-10   3.13528E+00
        1750   2.10000E+02   1.20000E-01   6.18136E-01   1.81952E-04   2.91457E-04   0.00000E+00   1.20074E-02   1.00000E+00   0.00000E+00   1.93789E+00   9.65674E-16            16   6.47167E-10   3.13525E+00
        1751   2.10120E+02   1.20000E-01   6.18136E-01   1.80848E-04   2.89569E-04   0.00000E+00   1.20483E-02   1.00000E+00   0.00000E+00   1.93789E+00   9.67135E-16            16   6.47821E-10   3.13522E+00
        1752   2.10240E+02   1.20000E-01   6.18136E-01   1.79742E-04   2.87678E-04   0.00000E+00   1.20888E-02   1.00000E+00   0.00000E+00   1.93789E+00   9.66630E-16            16   6.48216E-10   3.13519E+00
        1753   2.10360E+02   1.20000E-01   6.18136E-01   1.78634E-04   2.85786E-04   0.00000E+00   1.21289E-02   1.00000E+00   0.00000E+00   1.93789E+00   9.67113E-16            16   6.48836E-10   3.13516E+00
        1754   2.10480E+02   1.20000E-01   6.18136E-01   1.77524E-04   2.83892E-04   0.00000E+00   1.21687E-02   1.00000E+00   0.00000E+00   1.93789E+00   9.67599E-16            16   6.49215E-10   3.13513E+00
        1755   2.10600E+02   1.20000E-01   6.18136E-01   1.76412E-04   2.81997E-04   0.00000E+00   1.22081E-02   1.00000E+00   0.00000E+00   1.93789E+00   9.68016E-16            16   6.49818E-10   3.13510E+00
        1756   2.10720E+02   1.20000E-01   6.18136E-01   1.75298E-04   2.80100E-04   0.00000E+00   1.22472E-02   1.00000E+00   0.00000E+00   1.93789E+00   9.68492E-16            16   6.50185E-10   3.13507E+00
        1757   2.10840E+02   1.20000E-01   6.18136E-01   1.74182E-04   2.78202E-04   0.00000E+00   1.22859E-02   1.00000E+00   0.00000E+00   1.93789E+00   9.68750E-16            16   6.50774E-10   3.13504E+00
        1758   2.10960E+02   1.20000E-01   6.18136E-01   1.73069E-04   2.76302E-04   0.00000E+00   1.23242E-02   1.00000E+00   0.00000E+00   1.93789E+00   9.68440E-16            16   6.51129E-10   3.13501E+00
        1759   2.11080E+02   1.20000E-01   6.18136E-01   1.72068E-04   2.74401E-04   0.00000E+00   1.23622E-02   1.00000E+00   0.00000E+00   1.93789E+00   9.68799E-16            16   6.51703E-10   3.13499E+00
        1760   2.11200E+02   1.20000E-01   6.18136E-01   1.71065E-04   2.72499E-04   0.00000E+00   1.23998E-02   1.00000E+00   0.00000E+00   1.93789E+00   9.68953E-16            16   6.52047E-10   3.13496E+00
        1761   2.11320E+02   1.20000E-01   6.18136E-01   1.70060E-04   2.70595E-04   0.00000E+00   1.24370E-02   1.00000E+00   0.00000E+00   1.93789E+00   9.69053E-16            16   6.52607E-10   3.13493E+00
        1762   2.11440E+02   1.20000E-01   6.18136E-01   1.69053E-04   2.68690E-04   0.00000E+00   1.24739E-02   1.00000E+00   0.00000E+00   1.93789E+00   9.69181E-16            16   6.52939E-10   3.13490E+00
        1763   2.11560E+02   1.20000E-01   6.18136E-01   1.68044E-04   2.66784E-04   0.00000E+00   1.25104E-02   1.00000E+00   0.00000E+00   1.93789E+00   9.69217E-16            16   6.53484E-10   3.13487E+00
        1764   2.11680E+02   1.20000E-01   6.18136E-01   1.67033E-04   2.64876E-04   0.00000E+00   1.25465E-02   1.00000E+00   0.00000E+00   1.93789E+00   9.69363E-16            16   6.53803E-10   3.13485E+00
        1765   2.11800E+02   1.20000E-01   6.18136E-01   1.66021E-04   2.62968E-04   0.00000E+00   1.25823E-02   1.00000E+00   0.00000E+00   1.93789E+00   9.69743E-16            16   6.54331E-10   3.13482E+00
        1766   2.11920E+02   1.20000E-01   6.18136E-01   1.65006E-04   2.61058E-04   0.00000E+00   1.26177E-02   1.00000E+00   0.00000E+00   1.93789E+00   9.71486E-16            16   6.54635E-10   3.13479E+00
        1767   2.12040E+02   1.20000E-01   6.18136E-01   1.63990E-04   2.59147E-04   0.00000E+00   1.26527E-02   1.00000E+00   0.00000E+00   1.93789E+00   9.73993E-16            16   6.55131E-10   3.13477E+00
        1768   2.12160E+02   1.20000E-01   6.18136E-01   1.62972E-04   2.57235E-04   0.00000E+00   1.26874E-02   1.00000E+00   0.00000E+00   1.93789E+00   9.76053E-16            16   6.55418E-10   3.13474E+00
        1769   2.12280E+02   1.20000E-01   6.18136E-01   1.61953E-04   2.55322E-04   0.00000E+00   1.27217E-02   1.00000E+00   0.00000E+00   1.93789E+00   9.78234E-16            16   6.55908E-10   3.13471E+00
        1770   2.12400E+02   1.20000E-01   6.18136E-01   1.60931E-04   2.53426E-04   0.00000E+00   1.27556E-02   1.00000E+00   0.00000E+00   1.93789E+00   9.79973E-16            16   6.56181E-10   3.13469E+00
        1771   2.12520E+02   1.20000E-01   6.18136E-01   1.59908E-04   2.51635E-04   0.00000E+00   1.27891E-02   1.00000E+00   0.00000E+00   1.93789E+00   9.82155E-16            16   6.56652E-10   3.13466E+00
        1772   2.12640E+02   1.20000E-01   6.18136E-01   1.58884E-04   2.49842E-04   0.00000E+00   1.28223E-02   1.00000E+00   0.00000E+00   1.93789E+00   9.83803E-16            16   6.56908E-10   3.13464E+00
        1773   2.12760E+02   1.20000E-01   6.18136E-01   1.57857E-04   2.48048E-04   0.00000E+00   1.28551E-02   1.00000E+00   0.00000E+00   1.93789E+00   9.86369E-16            16   6.57364E-10   3.13461E+00
        1774   2.12880E+02   1.20000E-01   6.18136E-01   1.56829E-04   2.46253E-04   0.00000E+00   1.28875E-02   1.00000E+00   0.00000E+00   1.93789E+00   9.87702E-16            16   6.57616E-10   3.13459E+00
        1775   2.13000E+02   1.20000E-01   6.18136E-01   1.55800E-04   2.44457E-04   0.00000E+00   1.29195E-02   1.00000E+00   0.00000E+00   1.93789E+00   9.89978E-16            16   6.58065E-10   3.13456E+00
        1776   2.13120E+02   1.20000E-01   6.18136E-01   1.54769E-04   2.42661E-04   0.00000E+00   1.29512E-02   1.00000E+00   0.00000E+00   1.93789E+00   9.91416E-16            16   6.58289E-10   3.13454E+00
        1777   2.13240E+02   1.20000E-01   6.18136E-01   1.53736E-04   2.40863E-04   0.00000E+00   1.29824E-02   1.00000E+00   0.00000E+00   1.93789E+00   9.93362E-16            16   6.58701E-10   3.13451E+00
        1778   2.13360E+02   1.20000E-01   6.18136E-01   1.52702E-04   2.39065E-04   0.00000E+00   1.30133E-02   1.00000E+00   0.00000E+00   1.93789E+00   9.94772E-16            16   6.58907E-10   3.13449E+00
        1779   2.13480E+02   1.20000E-01   6.18136E-01   1.51667E-04   2.37265E-04   0.00000E+00   1.30439E-02   1.00000E+00   0.00000E+00   1.93789E+00   9.96546E-16            16   6.59302E-10   3.13447E+00
        1780   2.13600E+02   1.20000E-01   6.18136E-01   1.50630E-04   2.35465E-04   0.00000E+00   1.30740E-02   1.00000E+00   0.00000E+00   1.93789E+00   9.98084E-16            16   6.59495E-10   3.13444E+00
        1781   2.13720E+02   1.20000E-01   6.18136E-01   1.49592E-04   2.33664E-04   0.00000E+00   1.31038E-02   1.00000E+00   0.00000E+00   1.93789E+00   1.00041E-15            16   6.59878E-10   3.13442E+00
        1782   2.13840E+02   1.20000E-01   6.18136E-01   1.48552E-04   2.31863E-04   0.00000E+00   1.31331E-02   1.00000E+00   0.00000E+00   1.93789E+00   1.00124E-15            16   6.60057E-10   3.13440E+00
        1783   2.13960E+02   1.20000E-01   6.18136E-01   1.47511E-04   2.30061E-04   0.00000E+00   1.31621E-02   1.00000E+00   0.00000E+00   1.93789E+00   1.00321E-15            16   6.60438E-10   3.13437E+00
        1784   2.14080E+02   1.20000E-01   6.18136E-01   1.46469E-04   2.28258E-04   0.00000E+00   1.31907E-02   1.00000E+00   0.00000E+00   1.93789E+00   1.00458E-15            16   6.60605E-10   3.13435E+00
        1785   2.14200E+02   1.20000E-01   6.18136E-01   1.45426E-04   2.26454E-04   0.00000E+00   1.32190E-02   1.00000E+00   0.00000E+00   1.93789E+00   1.00617E-15            16   6.60933E-10   3.13433E+00
        1786   2.14320E+02   1.20000E-01   6.18136E-01   1.44381E-04   2.24650E-04   0.00000E+00   1.32468E-02   1.00000E+00   0.00000E+00   1.93789E+00   1.00730E-15            16   6.61074E-10   3.13431E+00
        1787   2.14440E+02   1.20000E-01   6.18136E-01   1.43335E-04   2.22845E-04   0.00000E+00   1.32743E-02   1.00000E+00   0.00000E+00   1.93789E+00   1.00939E-15            16   6.61411E-10   3.13429E+00
        1788   2.14560E+02   1.20000E-01   6.18136E-01   1.42287E-04   2.21040E-04   0.00000E+00   1.33014E-02   1.00000E+00   0.00000E+00   1.93789E+00   1.00986E-15            16   6.61554E-10   3.13426E+00
        1789   2.14680E+02   1.20000E-01   6.18136E-01   1.41283E-04   2.19235E-04   0.00000E+00   1.33281E-02   1.00000E+00   0.00000E+00   1.93789E+00   1.01169E-15            16   6.61872E-10   3.13424E+00
        1790   2.14800E+02   1.20000E-01   6.18136E-01   1.40342E-04   2.17429E-04   0.00000E+00   1.33544E-02   1.00000E+00   0.00000E+00   1.93789E+00   1.01279E-15            16   6.62001E-10   3.13422E+00
        1791   2.14920E+02   1.20000E-01   6.18136E-01   1.39400E-04   2.15622E-04   0.00000E+00   1.33803E-02   1.00000E+00   0.00000E+00   1.93789E+00   1.01450E-15            16   6.62305E-10   3.13420E+00
        1792   2.15040E+02   1.20000E-01   6.18136E-01   1.38457E-04   2.13816E-04   0.00000E+00   1.34059E-02   1.00000E+00   0.00000E+00   1.93789E+00   1.01499E-15            16   6.62421E-10   3.13418E+00
        1793   2.15160E+02   1.20000E-01   6.18136E-01   1.37512E-04   2.12008E-04   0.00000E+00   1.34310E-02   1.00000E+00   0.00000E+00   1.93789E+00   1.01696E-15            16   6.62709E-10   3.13416E+00
        1794   2.15280E+02   1.20000E-01   6.18136E-01   1.36566E-04   2.10201E-04   0.00000E+00   1.34558E-02   1.00000E+00   0.00000E+00   1.93789E+00   1.01739E-15            16   6.62811E-10   3.13414E+00
        1795   2.15400E+02   1.20000E-01   6.18136E-01   1.35619E-04   2.08393E-04   0.00000E+00   1.34802E-02   1.00000E+00   0.00000E+00   1.93789E+00   1.01909E-15            16   6.63083E-10   3.13412E+00
        1796   2.15520E+02   1.20000E-01   6.18136E-01   1.34671E-04   2.06586E-04   0.00000E+00   1.35042E-02   1.00000E+00   0.00000E+00   1.93789E+00   1.02001E-15            16   6.63172E-10   3.13410E+00
        1797   2.15640E+02   1.20000E-01   6.18136E-01   1.33721E-04   2.04778E-04   0.00000E+00   1.35278E-02   1.00000E+00   0.00000E+00   1.93789E+00   1.02120E-15            16   6.63429E-10   3.13408E+00
        1798   2.15760E+02   1.20000E-01   6.18136E-01   1.32770E-04   2.03048E-04   0.00000E+00   1.35510E-02   1.00000E+00   0.00000E+00   1.93789E+00   1.02189E-15            16   6.63504E-10   3.13406E+00
        1799   2.15880E+02   1.20000E-01   6.18136E-01   1.31817E-04   2.01370E-04   0.00000E+00   1.35739E-02   1.00000E+00   0.00000E+00   1.93789E+00   1.02304E-15            16   6.63745E-10   3.13404E+00
        1800   2.16000E+02   1.20000E-01   6.18136E-01   1.30864E-04   1.99691E-04   0.00000E+00   1.35963E-02   1.00000E+00   0.00000E+00   1.93789E+00   1.02375E-15            16   6.63808E-10   3.13403E+00
        1801   2.16120E+02   1.20000E-01   6.18136E-01   1.29909E-04   1.98013E-04   0.00000E+00   1.36184E-02   1.00000E+00   0.00000E+00   1.93789E+00   1.02501E-15            16   6.64035E-10   3.13401E+00
        1802   2.16240E+02   1.20000E-01   6.18136E-01   1.28953E-04   1.96334E-04   0.00000E+00   1.36401E-02   1.00000E+00   0.00000E+00   1.93789E+00   1.02554E-15            16   6.64086E-10   3.13399E+00
        1803   2.16360E+02   1.20000E-01   6.18136E-01   1.27996E-04   1.94654E-04   0.00000E+00   1.36613E-02   1.00000E+00   0.00000E+00   1.93789E+00   1.02682E-15            16   6.64299E-10   3.13397E+00
        1804   2.16480E+02   1.20000E-01   6.18136E-01   1.27038E-04   1.92975E-04   0.00000E+00   1.36822E-02   1.00000E+00   0.00000E+00   1.93789E+00   1.02724E-15            16   6.64339E-10   3.13395E+00
        1805   2.16600E+02   1.20000E-01   6.18136E-01   1.26079E-04   1.91295E-04   0.00000E+00   1.37028E-02   1.00000E+00   0.00000E+00   1.93789E+00   1.02849E-15            16   6.64539E-10   3.13394E+00
        1806   2.16720E+02   1.20000E-01   6.18136E-01   1.25119E-04   1.89615E-04   0.00000E+00   1.37229E-02   1.00000E+00   0.00000E+00   1.93789E+00   1.02866E-15            16   6.64569E-10   3.13392E+00
        1807   2.16840E+02   1.20000E-01   6.18136E-01   1.24158E-04   1.87935E-04   0.00000E+00   1.37426E-02   1.00000E+00   0.00000E+00   1.93789E+00   1.02972E-15            16   6.64757E-10   3.13390E+00
        1808   2.16960E+02   1.20000E-01   6.18136E-01   1.23196E-04   1.86255E-04   0.00000E+00   1.37620E-02   1.00000E+00   0.00000E+00   1.93789E+00   1.03003E-15            16   6.64777E-10   3.13389E+00
        1809   2.17080E+02   1.20000E-01   6.18136E-01   1.22233E-04   1.84576E-04   0.00000E+00   1.37809E-02   1.00000E+00   0.00000E+00   1.93789E+00   1.03103E-15            16   6.64954E-10   3.13387E+00
        1810   2.17200E+02   1.20000E-01   6.18136E-01   1.21269E-04   1.82896E-04   0.00000E+00   1.37995E-02   1.00000E+00   0.00000E+00   1.93789E+00   1.03116E-15            16   6.64963E-10   3.13385E+00
        1811   2.17320E+02   1.20000E-01   6.18136E-01   1.20304E-04   1.81216E-04   0.00000E+00   1.38177E-02   1.00000E+00   0.00000E+00   1.93789E+00   1.03224E-15            16   6.65129E-10   3.13384E+00
        1812   2.17440E+02   1.20000E-01   6.18136E-01   1.19338E-04   1.79536E-04   0.00000E+00   1.38355E-02   1.00000E+00   0.00000E+00   1.93789E+00   1.03260E-15            16   6.65129E-10   3.13382E+00
        1813   2.17560E+02   1.20000E-01   6.18136E-01   1.18372E-04   1.77856E-04   0.00000E+00   1.38529E-02   1.00000E+00   0.00000E+00   1.93789E+00   1.03314E-15            16   6.65284E-10   3.13381E+00
        1814   2.17680E+02   1.20000E-01   6.18136E-01   1.17404E-04   1.76176E-04   0.00000E+00   1.38699E-02   1.00000E+00   0.00000E+00   1.93789E+00   1.03336E-15            16   6.65275E-10   3.13379E+00
        1815   2.17800E+02   1.20000E-01   6.18136E-01   1.16436E-04   1.74497E-04   0.00000E+00   1.38866E-02   1.00000E+00   0.00000E+00   1.93789E+00   1.03419E-15            16   6.65419E-10   3.13378E+00
        1816   2.17920E+02   1.20000E-01   6.18136E-01   1.15467E-04   1.72818E-04   0.00000E+00   1.39028E-02   1.00000E+00   0.00000E+00   1.93789E+00   1.03416E-15            16   6.65400E-10   3.13376E+00
        1817   2.18040E+02   1.20000E-01   6.18136E-01   1.14497E-04   1.71139E-04   0.00000E+00   1.39187E-02   1.00000E+00   0.00000E+00   1.93789E+00   1.03487E-15            16   6.65533E-10   3.13375E+00
        1818   2.18160E+02   1.20000E-01   6.18136E-01   1.13572E-04   1.69460E-04   0.00000E+00   1.39341E-02   1.00000E+00   0.00000E+00   1.93789E+00   1.03472E-15            16   6.65506E-10   3.13373E+00
        1819   2.18280E+02   1.20000E-01   6.18136E-01   1.12699E-04   1.67782E-04   0.00000E+00   1.39492E-02   1.00000E+00   0.00000E+00   1.93789E+00   1.03548E-15            16   6.65629E-10   3.13372E+00
        1820   2.18400E+02   1.20000E-01   6.18136E-01   1.11826E-04   1.66104E-04   0.00000E+00   1.39639E-02   1.00000E+00   0.00000E+00   1.93789E+00   1.03533E-15            16   6.65593E-10   3.13370E+00
        1821   2.18520E+02   1.20000E-01   6.18136E-01   1.10951E-04   1.64426E-04   0.00000E+00   1.39782E-02   1.00000E+00   0.00000E+00   1.93789E+00   1.03598E-15            16   6.65706E-10   3.13369E+00
        1822   2.18640E+02   1.20000E-01   6.18136E-01   1.10076E-04   1.62837E-04   0.00000E+00   1.39922E-02   1.00000E+00   0.00000E+00   1.93789E+00   1.03557E-15            16   6.65662E-10   3.13368E+00
        1823   2.18760E+02   1.20000E-01   6.18136E-01   1.09200E-04   1.61291E-04   0.00000E+00   1.40057E-02   1.00000E+00   0.00000E+00   1.93789E+00   1.03642E-15            16   6.65766E-10   3.13366E+00
        1824   2.18880E+02   1.20000E-01   6.18136E-01   1.08323E-04   1.59746E-04   0.00000E+00   1.40189E-02   1.00000E+00   0.00000E+00   1.93789E+00   1.03599E-15            16   6.65714E-10   3.13365E+00
        1825   2.19000E+02   1.20000E-01   6.18136E-01   1.07445E-04   1.58201E-04   0.00000E+00   1.40316E-02   1.00000E+00   0.00000E+00   1.93789E+00   1.03647E-15            16   6.65810E-10   3.13364E+00
        1826   2.19120E+02   1.20000E-01   6.18136E-01   1.06566E-04   1.56656E-04   0.00000E+00   1.40440E-02   1.00000E+00   0.00000E+00   1.93789E+00   1.03598E-15            16   6.65751E-10   3.13363E+00
        1827   2.19240E+02   1.20000E-01   6.18136E-01   1.05687E-04   1.55111E-04   0.00000E+00   1.40560E-02   1.00000E+00   0.00000E+00   1.93789E+00   1.03630E-15            16   6.65839E-10   3.13361E+00
        1828   2.19360E+02   1.20000E-01   6.18136E-01   1.04807E-04   1.53567E-04   0.00000E+00   1.40676E-02   1.00000E+00   0.00000E+00   1.93789E+00   1.03605E-15            16   6.65774E-10   3.13360E+00
        1829   2.19480E+02   1.20000E-01   6.18136E-01   1.03926E-04   1.52023E-04   0.00000E+00   1.40788E-02   1.00000E+00   0.00000E+00   1.93789E+00   1.03640E-15            16   6.65853E-10   3.13359E+00
        1830   2.19600E+02   1.20000E-01   6.18136E-01   1.03044E-04   1.50479E-04   0.00000E+00   1.40897E-02   1.00000E+00   0.00000E+00   1.93789E+00   1.03582E-15            16   6.65782E-10   3.13358E+00
        1831   2.19720E+02   1.20000E-01   6.18136E-01   1.02162E-04   1.48936E-04   0.00000E+00   1.41001E-02   1.00000E+00   0.00000E+00   1.93789E+00   1.03623E-15            16   6.65853E-10   3.13357E+00
        1832   2.19840E+02   1.20000E-01   6.18136E-01   1.01279E-04   1.47393E-04   0.00000E+00   1.41102E-02   1.00000E+00   0.00000E+00   1.93789E+00   1.03555E-15            16   6.65776E-10   3.13356E+00
        1833   2.19960E+02   1.20000E-01   6.18136E-01   1.00395E-04   1.45850E-04   0.00000E+00   1.41199E-02   1.00000E+00   0.00000E+00   1.93789E+00   1.03570E-15            16   6.65840E-10   3.13355E+00
        1834   2.20080E+02   1.20000E-01   6.18136E-01   1.00158E-04   1.44309E-04   0.00000E+00   1.41292E-02   1.00000E+00   0.00000E+00   1.93789E+00   1.03504E-15            16   6.65757E-10   3.13354E+00
        1835   2.20200E+02   1.20000E-01   6.18136E-01   1.00869E-04   1.42767E-04   0.00000E+00   1.41381E-02   1.00000E+00   0.00000E+00   1.93789E+00   1.03520E-15            16   6.65814E-10   3.13352E+00
        1836   2.20320E+02   1.20000E-01   6.18136E-01   1.01576E-04   1.41226E-04   0.00000E+00   1.41533E-02   1.00000E+00   0.00000E+00   1.93789E+00   1.03443E-15            16   6.65724E-10   3.13351E+00
        1837   2.20440E+02   1.20000E-01   6.18136E-01   1.02278E-04   1.39686E-04   0.00000E+00   1.41687E-02   1.00000E+00   0.00000E+00   1.93789E+00   1.03458E-15            16   6.65775E-10   3.13351E+00
        1838   2.20560E+02   1.20000E-01   6.18136E-01   1.02976E-04   1.38147E-04   0.00000E+00   1.41838E-02   1.00000E+00   0.00000E+00   1.93789E+00   1.03388E-15            16   6.65680E-10   3.13350E+00
        1839   2.20680E+02   1.20000E-01   6.18136E-01   1.03670E-04   1.36608E-04   0.00000E+00   1.41984E-02   1.00000E+00   0.00000E+00   1.93789E+00   1.03380E-15            16   6.65724E-10   3.13349E+00
        1840   2.20800E+02   1.20000E-01   6.18136E-01   1.04360E-04   1.35069E-04   0.00000E+00   1.42127E-02   1.00000E+00   0.00000E+00   1.93789E+00   1.03303E-15            16   6.65624E-10   3.13348E+00
        1841   2.20920E+02   1.20000E-01   6.18136E-01   1.05045E-04   1.33532E-04   0.00000E+00   1.42266E-02   1.00000E+00   0.00000E+00   1.93789E+00   1.03311E-15            16   6.65662E-10   3.13347E+00
        1842   2.21040E+02   1.20000E-01   6.18136E-01   1.05726E-04   1.31995E-04   0.00000E+00   1.42402E-02   1.00000E+00   0.00000E+00   1.93789E+00   1.03181E-15            16   6.65558E-10   3.13346E+00
        1843   2.21160E+02   1.20000E-01   6.18136E-01   1.06402E-04   1.30463E-04   0.00000E+00   1.42534E-02   1.00000E+00   0.00000E+00   1.93789E+00   1.03180E-15            16   6.65590E-10   3.13345E+00
        1844   2.21280E+02   1.20000E-01   6.18136E-01   1.07074E-04   1.29057E-04   0.00000E+00   1.42662E-02   1.00000E+00   0.00000E+00   1.93789E+00   1.03088E-15            16   6.65481E-10   3.13344E+00
        1845   2.21400E+02   1.20000E-01   6.18136E-01   1.07742E-04   1.27651E-04   0.00000E+00   1.42786E-02   1.00000E+00   0.00000E+00   1.93789E+00   1.03084E-15            16   6.65508E-10   3.13343E+00
        1846   2.21520E+02   1.20000E-01   6.18136E-01   1.08406E-04   1.26246E-04   0.00000E+00   1.42907E-02   1.00000E+00   0.00000E+00   1.93789E+00   1.02968E-15            16   6.65395E-10   3.13343E+00
        1847   2.21640E+02   1.20000E-01   6.18136E-01   1.09064E-04   1.24841E-04   0.00000E+00   1.43024E-02   1.00000E+00   0.00000E+00   1.93789E+00   1.02936E-15            16   6.65417E-10   3.13342E+00
        1848   2.21760E+02   1.20000E-01   6.18136E-01   1.09719E-04   1.23436E-04   0.00000E+00   1.43137E-02   1.00000E+00   0.00000E+00   1.93789E+00   1.02826E-15            16   6.65300E-10   3.13341E+00
        1849   2.21880E+02   1.20000E-01   6.18136E-01   1.10369E-04   1.22033E-04   0.00000E+00   1.43246E-02   1.00000E+00   0.00000E+00   1.93789E+00   1.02804E-15            16   6.65317E-10   3.13341E+00
        1850   2.22000E+02   1.20000E-01   6.18136E-01   1.11015E-04   1.20630E-04   0.00000E+00   1.43352E-02   1.00000E+00   0.00000E+00   1.93789E+00   1.02673E-15            16   6.65196E-10   3.13340E+00
        1851   2.22120E+02   1.20000E-01   6.18136E-01   1.11656E-04   1.19228E-04   0.00000E+00   1.43454E-02   1.00000E+00   0.00000E+00   1.93789E+00   1.02639E-15            16   6.65209E-10   3.13339E+00
        1852   2.22240E+02   1.20000E-01   6.18136E-01   1.12293E-04   1.17826E-04   0.00000E+00   1.43553E-02   1.00000E+00   0.00000E+00   1.93789E+00   1.02502E-15            16   6.65085E-10   3.13339E+00
        1853   2.22360E+02   1.20000E-01   6.18136E-01   1.12925E-04   1.16425E-04   0.00000E+00   1.43648E-02   1.00000E+00   0.00000E+00   1.93789E+00   1.02468E-15            16   6.65094E-10   3.13338E+00
        1854   2.22480E+02   1.20000E-01   6.18136E-01   1.13553E-04   1.15025E-04   0.00000E+00   1.43739E-02   1.00000E+00   0.00000E+00   1.93789E+00   1.02334E-15            16   6.64966E-10   3.13337E+00
        1855   2.22600E+02   1.20000E-01   6.18136E-01   1.14176E-04   1.13626E-04   0.00000E+00   1.43827E-02   1.00000E+00   0.00000E+00   1.93789E+00   1.02287E-15            16   6.64970E-10   3.13337E+00
        1856   2.22720E+02   1.20000E-01   6.18136E-01   1.14795E-04   1.12228E-04   0.00000E+00   1.43911E-02   1.00000E+00   0.00000E+00   1.93789E+00   1.02134E-15            16   6.64840E-10   3.13336E+00
        1857   2.22840E+02   1.20000E-01   6.18136E-01   1.15409E-04   1.10830E-04   0.00000E+00   1.43991E-02   1.00000E+00   0.00000E+00   1.93789E+00   1.02085E-15            16   6.64840E-10   3.13336E+00
        1858   2.22960E+02   1.20000E-01   6.18136E-01   1.16031E-04   1.09434E-04   0.00000E+00   1.44068E-02   1.00000E+00   0.00000E+00   1.93789E+00   1.01934E-15            16   6.64707E-10   3.13335E+00
        1859   2.23080E+02   1.20000E-01   6.18136E-01   1.16650E-04   1.08038E-04   0.00000E+00   1.44141E-02   1.00000E+00   0.00000E+00   1.93789E+00   1.01863E-15            16   6.64700E-10   3.13335E+00
        1860   2.23200E+02   1.20000E-01   6.18136E-01   1.17264E-04   1.06643E-04   0.00000E+00   1.44211E-02   1.00000E+00   0.00000E+00   1.93789E+00   1.01708E-15            16   6.64563E-10   3.13334E+00
        1861   2.23320E+02   1.20000E-01   6.18136E-01   1.17874E-04   1.05249E-04   0.00000E+00   1.44277E-02   1.00000E+00   0.00000E+00   1.93789E+00   1.01639E-15            16   6.64556E-10   3.13334E+00
        1862   2.23440E+02   1.20000E-01   6.18136E-01   1.18480E-04   1.03857E-04   0.00000E+00   1.44340E-02   1.00000E+00   0.00000E+00   1.93789E+00   1.01465E-15            16   6.64416E-10   3.13333E+00
        1863   2.23560E+02   1.20000E-01   6.18136E-01   1.19080E-04   1.02476E-04   0.00000E+00   1.44399E-02   1.00000E+00   0.00000E+00   1.93789E+00   1.01410E-15            16   6.64406E-10   3.13333E+00
        1864   2.23680E+02   1.20000E-01   6.18136E-01   1.19677E-04   1.01209E-04   0.00000E+00   1.44454E-02   1.00000E+00   0.00000E+00   1.93789E+00   1.01211E-15            16   6.64241E-10   3.13333E+00
        1865   2.23800E+02   1.20000E-01   6.18136E-01   1.20549E-04   9.99425E-05   0.00000E+00   1.44506E-02   1.00000E+00   0.00000E+00   1.93789E+00   1.01141E-15            16   6.64237E-10   3.13332E+00
        1866   2.23920E+02   1.20000E-01   6.18136E-01   1.21805E-04   9.86770E-05   0.00000E+00   1.44554E-02   1.00000E+00   0.00000E+00   1.93789E+00   1.00964E-15            16   6.64104E-10   3.13332E+00
        1867   2.24040E+02   1.20000E-01   6.18136E-01   1.23057E-04   9.74123E-05   0.00000E+00   1.44599E-02   1.00000E+00   0.00000E+00   1.93789E+00   1.00883E-15            16   6.64096E-10   3.13332E+00
        1868   2.24160E+02   1.20000E-01   6.18136E-01   1.24307E-04   9.61484E-05   0.00000E+00   1.44640E-02   1.00000E+00   0.00000E+00   1.93789E+00   1.00700E-15            16   6.64008E-10   3.13331E+00
        1869   2.24280E+02   1.20000E-01   6.18136E-01   1.25554E-04   9.48854E-05   0.00000E+00   1.44678E-02   1.00000E+00   0.00000E+00   1.93789E+00   1.00619E-15            16   6.64028E-10   3.13331E+00
        1870   2.24400E+02   1.20000E-01   6.18136E-01   1.26798E-04   9.36234E-05   0.00000E+00   1.44712E-02   1.00000E+00   0.00000E+00   1.93789E+00   1.00431E-15            16   6.63889E-10   3.13331E+00
        1871   2.24520E+02   1.20000E-01   6.18136E-01   1.28040E-04   9.23622E-05   0.00000E+00   1.44743E-02   1.00000E+00   0.00000E+00   1.93789E+00   1.00331E-15            16   6.63817E-10   3.13331E+00
        1872   2.24640E+02   1.20000E-01   6.18136E-01   1.29279E-04   9.11021E-05   0.00000E+00   1.44770E-02   1.00000E+00   0.00000E+00   1.93789E+00   1.00128E-15            16   6.63769E-10   3.13331E+00
        1873   2.24760E+02   1.20000E-01   6.18136E-01   1.30514E-04   8.98429E-05   0.00000E+00   1.44794E-02   1.00000E+00   0.00000E+00   1.93789E+00   9.90109E-16            16   6.63786E-10   3.13330E+00
        1874   2.24880E+02   1.20000E-01   6.18136E-01   1.31747E-04   8.85846E-05   0.00000E+00   1.44814E-02   1.00000E+00   0.00000E+00   1.93789E+00   9.91759E-16            16   6.64389E-10   3.13330E+00
        1875   2.25000E+02   1.20000E-01   6.18136E-01   1.32977E-04   8.73275E-05   0.00000E+00   1.44831E-02   1.00000E+00   0.00000E+00   1.93789E+00   9.91254E-16            16   6.64320E-10   3.13330E+00
        1876   2.25120E+02   1.20000E-01   6.18136E-01   1.34204E-04   8.60713E-05   0.00000E+00   1.44844E-02   1.00000E+00   0.00000E+00   1.93789E+00   9.85818E-16            16   6.64116E-10   3.13330E+00
        1877   2.25240E+02   1.20000E-01   6.18136E-01   1.35427E-04   8.48162E-05   0.00000E+00   1.44854E-02   1.00000E+00   0.00000E+00   1.93789E+00   9.25556E-16            16   6.63375E-10   3.13330E+00
        1878   2.25360E+02   1.20000E-01   6.18136E-01   1.36647E-04   8.35622E-05   0.00000E+00   1.44861E-02   1.00000E+00   0.00000E+00   1.93789E+00   9.27419E-16            16   6.58969E-10   3.13330E+00
        1879   2.25480E+02   1.20000E-01   6.18136E-01   1.37864E-04   8.23093E-05   0.00000E+00   1.44864E-02   1.00000E+00   0.00000E+00   1.93789E+00   8.97771E-16            16   6.60040E-10   3.13330E+00
        1880   2.25600E+02   1.20000E-01   6.18136E-01   1.39076E-04   8.10569E-05   0.00000E+00   1.44863E-02   1.00000E+00   0.00000E+00   1.93789E+00   9.69515E-16            16   6.56469E-10   3.13330E+00
        1881   2.25720E+02   1.20000E-01   6.18136E-01   1.40284E-04   7.98045E-05   0.00000E+00   1.44859E-02   1.00000E+00   0.00000E+00   1.93789E+00   9.81466E-16            16   6.52464E-10   3.13330E+00
        1882   2.25840E+02   1.20000E-01   6.18136E-01   1.41489E-04   7.86127E-05   0.00000E+00   1.44851E-02   1.00000E+00   0.00000E+00   1.93789E+00   9.19359E-16            16   6.51678E-10   3.13330E+00
        1883   2.25960E+02   1.20000E-01   6.18136E-01   1.42689E-04   7.74773E-05   0.00000E+00   1.44840E-02   1.00000E+00   0.00000E+00   1.93789E+00   1.37288E-15            16   6.54020E-10   3.13330E+00
        1884   2.26080E+02   1.20000E-01   6.18136E-01   1.43885E-04   7.63417E-05   0.00000E+00   1.44826E-02   1.00000E+00   0.00000E+00   1.93789E+00   1.24036E-15            16   6.53398E-10   3.13330E+00
        1885   2.26200E+02   1.20000E-01   6.18136E-01   1.45077E-04   7.52059E-05   0.00000E+00   1.44808E-02   1.00000E+00   0.00000E+00   1.93789E+00   1.24303E-15            16   6.52899E-10   3.13330E+00
        1886   2.26320E+02   1.20000E-01   6.18136E-01   1.46265E-04   7.40701E-05   0.00000E+00   1.44786E-02   1.00000E+00   0.00000E+00   1.93789E+00   9.63654E-16            16   6.49402E-10   3.13330E+00
        1887   2.26440E+02   1.20000E-01   6.18136E-01   1.47448E-04   7.29342E-05   0.00000E+00   1.44762E-02   1.00000E+00   0.00000E+00   1.93789E+00   9.48439E-16            16   6.49245E-10   3.13330E+00
        1888   2.26560E+02   1.20000E-01   6.18136E-01   1.48633E-04   7.17985E-05   0.00000E+00   1.44734E-02   1.00000E+00   0.00000E+00   1.93789E+00   9.43143E-16            16   6.49063E-10   3.13331E+00
        1889   2.26680E+02   1.20000E-01   6.18136E-01   1.49841E-04   7.06629E-05   0.00000E+00   1.44703E-02   1.00000E+00   0.00000E+00   1.93789E+00   8.96503E-16            16   6.47751E-10   3.13331E+00
        1890   2.26800E+02   1.20000E-01   6.18136E-01   1.51045E-04   6.95276E-05   0.00000E+00   1.44668E-02   1.00000E+00   0.00000E+00   1.93789E+00   8.95850E-16            16   6.47511E-10   3.13331E+00
        1891   2.26920E+02   1.20000E-01   6.18136E-01   1.52244E-04   6.83925E-05   0.00000E+00   1.44631E-02   1.00000E+00   0.00000E+00   1.93789E+00   8.94431E-16            16   6.47412E-10   3.13331E+00
        1892   2.27040E+02   1.20000E-01   6.18136E-01   1.53440E-04   6.72579E-05   0.00000E+00   1.44590E-02   1.00000E+00   0.00000E+00   1.93789E+00   8.92247E-16            16   6.47188E-10   3.13331E+00
        1893   2.27160E+02   1.20000E-01   6.18136E-01   1.54632E-04   6.61238E-05   0.00000E+00   1.44545E-02   1.00000E+00   0.00000E+00   1.93789E+00   8.89452E-16            16   6.47095E-10   3.13332E+00
        1894   2.27280E+02   1.20000E-01   6.18136E-01   1.55820E-04   6.49902E-05   0.00000E+00   1.44498E-02   1.00000E+00   0.00000E+00   1.93789E+00   8.87124E-16            16   6.46874E-10   3.13332E+00
        1895   2.27400E+02   1.20000E-01   6.18136E-01   1.57004E-04   6.38571E-05   0.00000E+00   1.44447E-02   1.00000E+00   0.00000E+00   1.93789E+00   8.84275E-16            16   6.46784E-10   3.13332E+00
        1896   2.27520E+02   1.20000E-01   6.18136E-01   1.58183E-04   6.27247E-05   0.00000E+00   1.44393E-02   1.00000E+00   0.00000E+00   1.93789E+00   8.82006E-16            16   6.46562E-10   3.13333E+00
        1897   2.27640E+02   1.20000E-01   6.18136E-01   1.59358E-04   6.15930E-05   0.00000E+00   1.44336E-02   1.00000E+00   0.00000E+00   1.93789E+00   8.77166E-16            16   6.46444E-10   3.13333E+00
        1898   2.27760E+02   1.20000E-01   6.18136E-01   1.60529E-04   6.04620E-05   0.00000E+00   1.44275E-02   1.00000E+00   0.00000E+00   1.93789E+00   8.74542E-16            16   6.46254E-10   3.13333E+00
        1899   2.27880E+02   1.20000E-01   6.18136E-01   1.61696E-04   5.93767E-05   0.00000E+00   1.44212E-02   1.00000E+00   0.00000E+00   1.93789E+00   8.72613E-16            16   6.46138E-10   3.13334E+00
        1900   2.28000E+02   1.20000E-01   6.18136E-01   1.62858E-04   5.83590E-05   0.00000E+00   1.44145E-02   1.00000E+00   0.00000E+00   1.93789E+00   8.69501E-16            16   6.45885E-10   3.13334E+00
        1901   2.28120E+02   1.20000E-01   6.18136E-01   1.64015E-04   5.90018E-05   0.00000E+00   1.44074E-02   1.00000E+00   0.00000E+00   1.93789E+00   8.67461E-16            16   6.45760E-10   3.13335E+00
        1902   2.28240E+02   1.20000E-01   6.18136E-01   1.65168E-04   6.09550E-05   0.00000E+00   1.44001E-02   1.00000E+00   0.00000E+00   1.93789E+00   8.64220E-16            16   6.45506E-10   3.13335E+00
        1903   2.28360E+02   1.20000E-01   6.18136E-01   1.66317E-04   6.29035E-05   0.00000E+00   1.43925E-02   1.00000E+00   0.00000E+00   1.93789E+00   8.62097E-16            16   6.45382E-10   3.13335E+00
        1904   2.28480E+02   1.20000E-01   6.18136E-01   1.67461E-04   6.48475E-05   0.00000E+00   1.43845E-02   1.00000E+00   0.00000E+00   1.93789E+00   8.58851E-16            16   6.45130E-10   3.13336E+00
        1905   2.28600E+02   1.20000E-01   6.18136E-01   1.68600E-04   6.67865E-05   0.00000E+00   1.43762E-02   1.00000E+00   0.00000E+00   1.93789E+00   8.56676E-16            16   6.45008E-10   3.13336E+00
        1906   2.28720E+02   1.20000E-01   6.18136E-01   1.69735E-04   6.87209E-05   0.00000E+00   1.43676E-02   1.00000E+00   0.00000E+00   1.93789E+00   8.53264E-16            16   6.44758E-10   3.13337E+00
        1907   2.28840E+02   1.20000E-01   6.18136E-01   1.70865E-04   7.06503E-05   0.00000E+00   1.43587E-02   1.00000E+00   0.00000E+00   1.93789E+00   8.50923E-16            16   6.44638E-10   3.13337E+00
        1908   2.28960E+02   1.20000E-01   6.18136E-01   1.71990E-04   7.25749E-05   0.00000E+00   1.43494E-02   1.00000E+00   0.00000E+00   1.93789E+00   8.47595E-16            16   6.44391E-10   3.13338E+00
        1909   2.29080E+02   1.20000E-01   6.18136E-01   1.73110E-04   7.44945E-05   0.00000E+00   1.43399E-02   1.00000E+00   0.00000E+00   1.93789E+00   8.45115E-16            16   6.44274E-10   3.13339E+00
        1910   2.29200E+02   1.20000E-01   6.18136E-01   1.74225E-04   7.64091E-05   0.00000E+00   1.43300E-02   1.00000E+00   0.00000E+00   1.93789E+00   8.41728E-16            16   6.44029E-10   3.13339E+00
        1911   2.29320E+02   1.20000E-01   6.18136E-01   1.75336E-04   7.83187E-05   0.00000E+00   1.43198E-02   1.00000E+00   0.00000E+00   1.93789E+00   8.39184E-16            16   6.43916E-10   3.13340E+00
        1912   2.29440E+02   1.20000E-01   6.18136E-01   1.76441E-04   8.02232E-05   0.00000E+00   1.43094E-02   1.00000E+00   0.00000E+00   1.93789E+00   8.35664E-16            16   6.43673E-10   3.13341E+00
        1913   2.29560E+02   1.20000E-01   6.18136E-01   1.77541E-04   8.21225E-05   0.00000E+00   1.42986E-02   1.00000E+00   0.00000E+00   1.93789E+00   8.33263E-16            16   6.43561E-10   3.13341E+00
        1914   2.29680E+02   1.20000E-01   6.18136E-01   1.78636E-04   8.40168E-05   0.00000E+00   1.42875E-02   1.00000E+00   0.00000E+00   1.93789E+00   8.29504E-16            16   6.43319E-10   3.13342E+00
        1915   2.29800E+02   1.20000E-01   6.18136E-01   1.79727E-04   8.59056E-05   0.00000E+00   1.42760E-02   1.00000E+00   0.00000E+00   1.93789E+00   8.26970E-16            16   6.43208E-10   3.13343E+00
        1916   2.29920E+02   1.20000E-01   6.18136E-01   1.80811E-04   8.77894E-05   0.00000E+00   1.42643E-02   1.00000E+00   0.00000E+00   1.93789E+00   8.23048E-16            16   6.42976E-10   3.13343E+00
        1917   2.30040E+02   1.20000E-01   6.18136E-01   1.81891E-04   8.96677E-05   0.00000E+00   1.42523E-02   1.00000E+00   0.00000E+00   1.93789E+00   8.20516E-16            16   6.42867E-10   3.13344E+00
        1918   2.30160E+02   1.20000E-01   6.18136E-01   1.82965E-04   9.15408E-05   0.00000E+00   1.42400E-02   1.00000E+00   0.00000E+00   1.93789E+00   8.16687E-16            16   6.42625E-10   3.13345E+00
        1919   2.30280E+02   1.20000E-01   6.18136E-01   1.84034E-04   9.34083E-05   0.00000E+00   1.42273E-02   1.00000E+00   0.00000E+00   1.93789E+00   8.13914E-16            16   6.42515E-10   3.13346E+00
        1920   2.30400E+02   1.20000E-01   6.18136E-01   1.85098E-04   9.52705E-05   0.00000E+00   1.42144E-02   1.00000E+00   0.00000E+00   1.93789E+00   8.10103E-16            16   6.42275E-10   3.13346E+00
        1921   2.30520E+02   1.20000E-01   6.18136E-01   1.86156E-04   9.71271E-05   0.00000E+00   1.42011E-02   1.00000E+00   0.00000E+00   1.93789E+00   8.07313E-16            16   6.42166E-10   3.13347E+00
        1922   2.30640E+02   1.20000E-01   6.18136E-01   1.87208E-04   9.89783E-05   0.00000E+00   1.41876E-02   1.00000E+00   0.00000E+00   1.93789E+00   8.03230E-16            16   6.41926E-10   3.13348E+00
        1923   2.30760E+02   1.20000E-01   6.18136E-01   1.88255E-04   1.00824E-04   0.00000E+00   1.41737E-02   1.00000E+00   0.00000E+00   1.93789E+00   8.00428E-16            16   6.41819E-10   3.13349E+00
        1924   2.30880E+02   1.20000E-01   6.18136E-01   1.89297E-04   1.02664E-04   0.00000E+00   1.41596E-02   1.00000E+00   0.00000E+00   1.93789E+00   7.96447E-16            16   6.41581E-10   3.13350E+00
        1925   2.31000E+02   1.20000E-01   6.18136E-01   1.90333E-04   1.04498E-04   0.00000E+00   1.41451E-02   1.00000E+00   0.00000E+00   1.93789E+00   7.93418E-16            16   6.41476E-10   3.13351E+00
        1926   2.31120E+02   1.20000E-01   6.18136E-01   1.91363E-04   1.06326E-04   0.00000E+00   1.41304E-02   1.00000E+00   0.00000E+00   1.93789E+00   7.89384E-16            16   6.41240E-10   3.13352E+00
        1927   2.31240E+02   1.20000E-01   6.18136E-01   1.92387E-04   1.08149E-04   0.00000E+00   1.41153E-02   1.00000E+00   0.00000E+00   1.93789E+00   7.86338E-16            16   6.41137E-10   3.13353E+00
        1928   2.31360E+02   1.20000E-01   6.18136E-01   1.93405E-04   1.09966E-04   0.00000E+00   1.41000E-02   1.00000E+00   0.00000E+00   1.93789E+00   7.82182E-16            16   6.40903E-10   3.13354E+00
        1929   2.31480E+02   1.20000E-01   6.18136E-01   1.94418E-04   1.11777E-04   0.00000E+00   1.40843E-02   1.00000E+00   0.00000E+00   1.93789E+00   7.79050E-16            16   6.40802E-10   3.13355E+00
        1930   2.31600E+02   1.20000E-01   6.18136E-01   1.95425E-04   1.13582E-04   0.00000E+00   1.40684E-02   1.00000E+00   0.00000E+00   1.93789E+00   7.74820E-16            16   6.40570E-10   3.13356E+00
        1931   2.31720E+02   1.20000E-01   6.18136E-01   1.96426E-04   1.15382E-04   0.00000E+00   1.40522E-02   1.00000E+00   0.00000E+00   1.93789E+00   7.71825E-16            16   6.40470E-10   3.13357E+00
        1932   2.31840E+02   1.20000E-01   6.18136E-01   1.97421E-04   1.17175E-04   0.00000E+00   1.40357E-02   1.00000E+00   0.00000E+00   1.93789E+00   7.67584E-16            16   6.40239E-10   3.13358E+00
        1933   2.31960E+02   1.20000E-01   6.18136E-01   1.98409E-04   1.18962E-04   0.00000E+00   1.40188E-02   1.00000E+00   0.00000E+00   1.93789E+00   7.64445E-16            16   6.40141E-10   3.13359E+00
        1934   2.32080E+02   1.20000E-01   6.18136E-01   1.99392E-04   1.20744E-04   0.00000E+00   1.40017E-02   1.00000E+00   0.00000E+00   1.93789E+00   7.60163E-16            16   6.39911E-10   3.13360E+00
        1935   2.32200E+02   1.20000E-01   6.18136E-01   2.00369E-04   1.22519E-04   0.00000E+00   1.39843E-02   1.00000E+00   0.00000E+00   1.93789E+00   7.56967E-16            16   6.39814E-10   3.13361E+00
        1936   2.32320E+02   1.20000E-01   6.18136E-01   2.01339E-04   1.24288E-04   0.00000E+00   1.39666E-02   1.00000E+00   0.00000E+00   1.93789E+00   7.52473E-16            16   6.39584E-10   3.13362E+00
        1937   2.32440E+02   1.20000E-01   6.18136E-01   2.02303E-04   1.26051E-04   0.00000E+00   1.39487E-02   1.00000E+00   0.00000E+00   1.93789E+00   7.49293E-16            16   6.39489E-10   3.13363E+00
        1938   2.32560E+02   1.20000E-01   6.18136E-01   2.03261E-04   1.27807E-04   0.00000E+00   1.39304E-02   1.00000E+00   0.00000E+00   1.93789E+00   7.44736E-16            16   6.39260E-10   3.13364E+00
        1939   2.32680E+02   1.20000E-01   6.18136E-01   2.04212E-04   1.29558E-04   0.00000E+00   1.39119E-02   1.00000E+00   0.00000E+00   1.93789E+00   7.41581E-16            16   6.39167E-10   3.13365E+00
        1940   2.32800E+02   1.20000E-01   6.18136E-01   2.05158E-04   1.31302E-04   0.00000E+00   1.38930E-02   1.00000E+00   0.00000E+00   1.93789E+00   7.37082E-16            16   6.38939E-10   3.13366E+00
        1941   2.32920E+02   1.20000E-01   6.18136E-01   2.06096E-04   1.33040E-04   0.00000E+00   1.38739E-02   1.00000E+00   0.00000E+00   1.93789E+00   7.33749E-16            16   6.38848E-10   3.13368E+00
        1942   2.33040E+02   1.20000E-01   6.18136E-01   2.07029E-04   1.34771E-04   0.00000E+00   1.38545E-02   1.00000E+00   0.00000E+00   1.93789E+00   7.29076E-16            16   6.38622E-10   3.13369E+00
        1943   2.33160E+02   1.20000E-01   6.18136E-01   2.07954E-04   1.36496E-04   0.00000E+00   1.38348E-02   1.00000E+00   0.00000E+00   1.93789E+00   7.25773E-16            16   6.38532E-10   3.13370E+00
        1944   2.33280E+02   1.20000E-01   6.18136E-01   2.08873E-04   1.38214E-04   0.00000E+00   1.38149E-02   1.00000E+00   0.00000E+00   1.93789E+00   7.21174E-16            16   6.38308E-10   3.13371E+00
        1945   2.33400E+02   1.20000E-01   6.18136E-01   2.09786E-04   1.39926E-04   0.00000E+00   1.37946E-02   1.00000E+00   0.00000E+00   1.93789E+00   7.17420E-16            16   6.38221E-10   3.13373E+00
        1946   2.33520E+02   1.20000E-01   6.18136E-01   2.10692E-04   1.41632E-04   0.00000E+00   1.37741E-02   1.00000E+00   0.00000E+00   1.93789E+00   7.12682E-16            16   6.37998E-10   3.13374E+00
        1947   2.33640E+02   1.20000E-01   6.18136E-01   2.11591E-04   1.43331E-04   0.00000E+00   1.37533E-02   1.00000E+00   0.00000E+00   1.93789E+00   7.09299E-16            16   6.37913E-10   3.13375E+00
        1948   2.33760E+02   1.20000E-01   6.18136E-01   2.12483E-04   1.45023E-04   0.00000E+00   1.37322E-02   1.00000E+00   0.00000E+00   1.93789E+00   7.04508E-16            16   6.37691E-10   3.13377E+00
        1949   2.33880E+02   1.20000E-01   6.18136E-01   2.13369E-04   1.46709E-04   0.00000E+00   1.37108E-02   1.00000E+00   0.00000E+00   1.93789E+00   7.01006E-16            16   6.37608E-10   3.13378E+00
        1950   2.34000E+02   1.20000E-01   6.18136E-01   2.14248E-04   1.48388E-04   0.00000E+00   1.36892E-02   1.00000E+00   0.00000E+00   1.93789E+00   6.96244E-16            16   6.37387E-10   3.13379E+00
        1951   2.34120E+02   1.20000E-01   6.18136E-01   2.15120E-04   1.50060E-04   0.00000E+00   1.36673E-02   1.00000E+00   0.00000E+00   1.93789E+00   6.93074E-16            16   6.37306E-10   3.13381E+00
        1952   2.34240E+02   1.20000E-01   6.18136E-01   2.15985E-04   1.51725E-04   0.00000E+00   1.36451E-02   1.00000E+00   0.00000E+00   1.93789E+00   6.88005E-16            16   6.37086E-10   3.13382E+00
        1953   2.34360E+02   1.20000E-01   6.18136E-01   2.16842E-04   1.53384E-04   0.00000E+00   1.36226E-02   1.00000E+00   0.00000E+00   1.93789E+00   6.84608E-16            16   6.37006E-10   3.13383E+00
        1954   2.34480E+02   1.20000E-01   6.18136E-01   2.17693E-04   1.55036E-04   0.00000E+00   1.35999E-02   1.00000E+00   0.00000E+00   1.93789E+00   6.79947E-16            16   6.36787E-10   3.13385E+00
        1955   2.34600E+02   1.20000E-01   6.18136E-01   2.18537E-04   1.56680E-04   0.00000E+00   1.35769E-02   1.00000E+00   0.00000E+00   1.93789E+00   6.76172E-16            16   6.36709E-10   3.13386E+00
        1956   2.34720E+02   1.20000E-01   6.18136E-01   2.19374E-04   1.58319E-04   0.00000E+00   1.35536E-02   1.00000E+00   0.00000E+00   1.93789E+00   6.71506E-16            16   6.36491E-10   3.13388E+00
        1957   2.34840E+02   1.20000E-01   6.18136E-01   2.20204E-04   1.59949E-04   0.00000E+00   1.35301E-02   1.00000E+00   0.00000E+00   1.93789E+00   6.67971E-16            16   6.36414E-10   3.13389E+00
        1958   2.34960E+02   1.20000E-01   6.18136E-01   2.21026E-04   1.61574E-04   0.00000E+00   1.35063E-02   1.00000E+00   0.00000E+00   1.93789E+00   6.63052E-16            16   6.36197E-10   3.13391E+00
        1959   2.35080E+02   1.20000E-01   6.18136E-01   2.21841E-04   1.63191E-04   0.00000E+00   1.34822E-02   1.00000E+00   0.00000E+00   1.93789E+00   6.59514E-16            16   6.36123E-10   3.13392E+00
        1960   2.35200E+02   1.20000E-01   6.18136E-01   2.22649E-04   1.64801E-04   0.00000E+00   1.34578E-02   1.00000E+00   0.00000E+00   1.93789E+00   6.54455E-16            16   6.35907E-10   3.13394E+00
        1961   2.35320E+02   1.20000E-01   6.18136E-01   2.23450E-04   1.66403E-04   0.00000E+00   1.34332E-02   1.00000E+00   0.00000E+00   1.93789E+00   6.50948E-16            16   6.35835E-10   3.13395E+00
        1962   2.35440E+02   1.20000E-01   6.18136E-01   2.24243E-04   1.67999E-04   0.00000E+00   1.34084E-02   1.00000E+00   0.00000E+00   1.93789E+00   6.45979E-16            16   6.35620E-10   3.13397E+00
        1963   2.35560E+02   1.20000E-01   6.18136E-01   2.25029E-04   1.69587E-04   0.00000E+00   1.33832E-02   1.00000E+00   0.00000E+00   1.93789E+00   6.42292E-16            16   6.35550E-10   3.13398E+00
        1964   2.35680E+02   1.20000E-01   6.18136E-01   2.25807E-04   1.71169E-04   0.00000E+00   1.33578E-02   1.00000E+00   0.00000E+00   1.93789E+00   6.37470E-16            16   6.35337E-10   3.13400E+00
        1965   2.35800E+02   1.20000E-01   6.18136E-01   2.26578E-04   1.72743E-04   0.00000E+00   1.33321E-02   1.00000E+00   0.00000E+00   1.93789E+00   6.33610E-16            16   6.35270E-10   3.13401E+00
        1966   2.35920E+02   1.20000E-01   6.18136E-01   2.27341E-04   1.74310E-04   0.00000E+00   1.33062E-02   1.00000E+00   0.00000E+00   1.93789E+00   6.28691E-16            16   6.35057E-10   3.13403E+00
        1967   2.36040E+02   1.20000E-01   6.18136E-01   2.28097E-04   1.75869E-04   0.00000E+00   1.32800E-02   1.00000E+00   0.00000E+00   1.93789E+00   6.24825E-16            16   6.34991E-10   3.13405E+00
        1968   2.36160E+02   1.20000E-01   6.18136E-01   2.28845E-04   1.77421E-04   0.00000E+00   1.32536E-02   1.00000E+00   0.00000E+00   1.93789E+00   6.20653E-16            16   6.34780E-10   3.13406E+00
        1969   2.36280E+02   1.20000E-01   6.18136E-01   2.29586E-04   1.78966E-04   0.00000E+00   1.32269E-02   1.00000E+00   0.00000E+00   1.93789E+00   6.17013E-16            16   6.34716E-10   3.13408E+00
        1970   2.36400E+02   1.20000E-01   6.18136E-01   2.30319E-04   1.80503E-04   0.00000E+00   1.31999E-02   1.00000E+00   0.00000E+00   1.93789E+00   6.13138E-16            16   6.34505E-10   3.13410E+00
        1971   2.36520E+02   1.20000E-01   6.18136E-01   2.31044E-04   1.82033E-04   0.00000E+00   1.31727E-02   1.00000E+00   0.00000E+00   1.93789E+00   6.10966E-16            16   6.34443E-10   3.13411E+00
        1972   2.36640E+02   1.20000E-01   6.18136E-01   2.31761E-04   1.83556E-04   0.00000E+00   1.31452E-02   1.00000E+00   0.00000E+00   1.93789E+00   6.09472E-16            16   6.34233E-10   3.13413E+00
        1973   2.36760E+02   1.20000E-01   6.18136E-01   2.32471E-04   1.85070E-04   0.00000E+00   1.31175E-02   1.00000E+00   0.00000E+00   1.93789E+00   6.07740E-16            16   6.34173E-10   3.13415E+00
        1974   2.36880E+02   1.20000E-01   6.18136E-01   2.33172E-04   1.86578E-04   0.00000E+00   1.30895E-02   1.00000E+00   0.00000E+00   1.93789E+00   6.06264E-16            16   6.33964E-10   3.13417E+00
        1975   2.37000E+02   1.20000E-01   6.18136E-01   2.33866E-04   1.88078E-04   0.00000E+00   1.30613E-02   1.00000E+00   0.00000E+00   1.93789E+00   6.04075E-16            16   6.33907E-10   3.13418E+00
        1976   2.37120E+02   1.20000E-01   6.18136E-01   2.34552E-04   1.89570E-04   0.00000E+00   1.30328E-02   1.00000E+00   0.00000E+00   1.93789E+00   6.02521E-16            16   6.33699E-10   3.13420E+00
        1977   2.37240E+02   1.20000E-01   6.18136E-01   2.35230E-04   1.91054E-04   0.00000E+00   1.30040E-02   1.00000E+00   0.00000E+00   1.93789E+00   6.00483E-16            16   6.33643E-10   3.13422E+00
        1978   2.37360E+02   1.20000E-01   6.18136E-01   2.35899E-04   1.92531E-04   0.00000E+00   1.29750E-02   1.00000E+00   0.00000E+00   1.93789E+00   5.98414E-16            16   6.33436E-10   3.13424E+00
        1979   2.37480E+02   1.20000E-01   6.18136E-01   2.36561E-04   1.94000E-04   0.00000E+00   1.29458E-02   1.00000E+00   0.00000E+00   1.93789E+00   5.96390E-16            16   6.33383E-10   3.13426E+00
        1980   2.37600E+02   1.20000E-01   6.18136E-01   2.37215E-04   1.95462E-04   0.00000E+00   1.29163E-02   1.00000E+00   0.00000E+00   1.93789E+00   5.94461E-16            16   6.33177E-10   3.13427E+00
        1981   2.37720E+02   1.20000E-01   6.18136E-01   2.37860E-04   1.96915E-04   0.00000E+00   1.28866E-02   1.00000E+00   0.00000E+00   1.93789E+00   5.92021E-16            16   6.33126E-10   3.13429E+00
        1982   2.37840E+02   1.20000E-01   6.18136E-01   2.38498E-04   1.98361E-04   0.00000E+00   1.28566E-02   1.00000E+00   0.00000E+00   1.93789E+00   5.89982E-16            16   6.32921E-10   3.13431E+00
        1983   2.37960E+02   1.20000E-01   6.18136E-01   2.39127E-04   1.99799E-04   0.00000E+00   1.28264E-02   1.00000E+00   0.00000E+00   1.93789E+00   5.87926E-16            16   6.32873E-10   3.13433E+00
        1984   2.38080E+02   1.20000E-01   6.18136E-01   2.39748E-04   2.01229E-04   0.00000E+00   1.27959E-02   1.00000E+00   0.00000E+00   1.93789E+00   5.85448E-16            16   6.32669E-10   3.13435E+00
        1985   2.38200E+02   1.20000E-01   6.18136E-01   2.40361E-04   2.02651E-04   0.00000E+00   1.27652E-02   1.00000E+00   0.00000E+00   1.93789E+00   5.83293E-16            16   6.32623E-10   3.13437E+00
        1986   2.38320E+02   1.20000E-01   6.18136E-01   2.40965E-04   2.04065E-04   0.00000E+00   1.27342E-02   1.00000E+00   0.00000E+00   1.93789E+00   5.80753E-16            16   6.32420E-10   3.13439E+00
        1987   2.38440E+02   1.20000E-01   6.18136E-01   2.41561E-04   2.05472E-04   0.00000E+00   1.27030E-02   1.00000E+00   0.00000E+00   1.93789E+00   5.78579E-16            16   6.32376E-10   3.13441E+00
        1988   2.38560E+02   1.20000E-01   6.18136E-01   2.42149E-04   2.06870E-04   0.00000E+00   1.26716E-02   1.00000E+00   0.00000E+00   1.93789E+00   5.76021E-16            16   6.32174E-10   3.13443E+00
        1989   2.38680E+02   1.20000E-01   6.18136E-01   2.42728E-04   2.08260E-04   0.00000E+00   1.26399E-02   1.00000E+00   0.00000E+00   1.93789E+00   5.73308E-16            16   6.32132E-10   3.13445E+00
        1990   2.38800E+02   1.20000E-01   6.18136E-01   2.43299E-04   2.09643E-04   0.00000E+00   1.26080E-02   1.00000E+00   0.00000E+00   1.93789E+00   5.70951E-16            16   6.31931E-10   3.13446E+00
        1991   2.38920E+02   1.20000E-01   6.18136E-01   2.43862E-04   2.11017E-04   0.00000E+00   1.25759E-02   1.00000E+00   0.00000E+00   1.93789E+00   5.68327E-16            16   6.31892E-10   3.13448E+00
        1992   2.39040E+02   1.20000E-01   6.18136E-01   2.44416E-04   2.12383E-04   0.00000E+00   1.25435E-02   1.00000E+00   0.00000E+00   1.93789E+00   5.65491E-16            16   6.31691E-10   3.13450E+00
        1993   2.39160E+02   1.20000E-01   6.18136E-01   2.44961E-04   2.13741E-04   0.00000E+00   1.25108E-02   1.00000E+00   0.00000E+00   1.93789E+00   5.62732E-16            16   6.31655E-10   3.13453E+00
        1994   2.39280E+02   1.20000E-01   6.18136E-01   2.45498E-04   2.15091E-04   0.00000E+00   1.24780E-02   1.00000E+00   0.00000E+00   1.93789E+00   5.60173E-16            16   6.31455E-10   3.13455E+00
        1995   2.39400E+02   1.20000E-01   6.18136E-01   2.46026E-04   2.16444E-04   0.00000E+00   1.24449E-02   1.00000E+00   0.00000E+00   1.93789E+00   5.57240E-16            16   6.31421E-10   3.13457E+00
        1996   2.39520E+02   1.20000E-01   6.18136E-01   2.46545E-04   2.17832E-04   0.00000E+00   1.24115E-02   1.00000E+00   0.00000E+00   1.93789E+00   5.54118E-16            16   6.31222E-10   3.13459E+00
        1997   2.39640E+02   1.20000E-01   6.18136E-01   2.47056E-04   2.19213E-04   0.00000E+00   1.23780E-02   1.00000E+00   0.00000E+00   1.93789E+00   5.51211E-16            16   6.31191E-10   3.13461E+00
        1998   2.39760E+02   1.20000E-01   6.18136E-01   2.47558E-04   2.20585E-04   0.00000E+00   1.23442E-02   1.00000E+00   0.00000E+00   1.93789E+00   5.48673E-16            16   6.30995E-10   3.13463E+00
        1999   2.39880E+02   1.20000E-01   6.18136E-01   2.48051E-04   2.21948E-04   0.00000E+00   1.23102E-02   1.00000E+00   0.00000E+00   1.93789E+00   5.45844E-16            16   6.30964E-10   3.13465E+00
        2000   2.40000E+02   1.20000E-01   6.18136E-01   2.48536E-04   2.23304E-04   0.00000E+00   1.22759E-02   1.00000E+00   0.00000E+00   1.93789E+00   5.42469E-16            16   6.30768E-10   3.13467E+00
        2001   2.40120E+02   1.20000E-01   6.18136E-01   2.49012E-04   2.24651E-04   0.00000E+00   1.22414E-02   1.00000E+00   0.00000E+00   1.93789E+00   5.39443E-16            16   6.30741E-10   3.13469E+00
        2002   2.40240E+02   1.20000E-01   6.18136E-01   2.49479E-04   2.25990E-04   0.00000E+00   1.22067E-02   1.00000E+00   0.00000E+00   1.93789E+00   5.36826E-16            16   6.30545E-10   3.13471E+00
        2003   2.40360E+02   1.20000E-01   6.18136E-01   2.49937E-04   2.27320E-04   0.00000E+00   1.21718E-02   1.00000E+00   0.00000E+00   1.93789E+00   5.33396E-16            16   6.30522E-10   3.13473E+00
        2004   2.40480E+02   1.20000E-01   6.18136E-01   2.50386E-04   2.28642E-04   0.00000E+00   1.21366E-02   1.00000E+00   0.00000E+00   1.93789E+00   5.29977E-16            16   6.30327E-10   3.13476E+00
        2005   2.40600E+02   1.20000E-01   6.18136E-01   2.50826E-04   2.29956E-04   0.00000E+00   1.21012E-02   1.00000E+00   0.00000E+00   1.93789E+00   5.26822E-16            16   6.30301E-10   3.13478E+00
        2006   2.40720E+02   1.20000E-01   6.18136E-01   2.51257E-04   2.31261E-04   0.00000E+00   1.20656E-02   1.00000E+00   0.00000E+00   1.93789E+00   5.23525E-16            16   6.30088E-10   3.13480E+00
        2007   2.40840E+02   1.20000E-01   6.18136E-01   2.51679E-04   2.32558E-04   0.00000E+00   1.20298E-02   1.00000E+00   0.00000E+00   1.93789E+00   5.20220E-16            16   6.30056E-10   3.13482E+00
        2008   2.40960E+02   1.20000E-01   6.18136E-01   2.52093E-04   2.33846E-04   0.00000E+00   1.19937E-02   1.00000E+00   0.00000E+00   1.93789E+00   5.16975E-16            16   6.29856E-10   3.13484E+00
        2009   2.41080E+02   1.20000E-01   6.18136E-01   2.52497E-04   2.35125E-04   0.00000E+00   1.19575E-02   1.00000E+00   0.00000E+00   1.93789E+00   5.13571E-16            16   6.29830E-10   3.13487E+00
        2010   2.41200E+02   1.20000E-01   6.18136E-01   2.52892E-04   2.36396E-04   0.00000E+00   1.19210E-02   1.00000E+00   0.00000E+00   1.93789E+00   5.09884E-16            16   6.29626E-10   3.13489E+00
        2011   2.41320E+02   1.20000E-01   6.18136E-01   2.53278E-04   2.37659E-04   0.00000E+00   1.18842E-02   1.00000E+00   0.00000E+00   1.93789E+00   5.06871E-16            16   6.29601E-10   3.13491E+00
        2012   2.41440E+02   1.20000E-01   6.18136E-01   2.53654E-04   2.38913E-04   0.00000E+00   1.18473E-02   1.00000E+00   0.00000E+00   1.93789E+00   5.03454E-16            16   6.29396E-10   3.13493E+00
        2013   2.41560E+02   1.20000E-01   6.18136E-01   2.54022E-04   2.40158E-04   0.00000E+00   1.18102E-02   1.00000E+00   0.00000E+00   1.93789E+00   4.99810E-16            16   6.29370E-10   3.13496E+00
        2014   2.41680E+02   1.20000E-01   6.18136E-01   2.54380E-04   2.41394E-04   0.00000E+00   1.17728E-02   1.00000E+00   0.00000E+00   1.93789E+00   4.96544E-16            16   6.29164E-10   3.13498E+00
        2015   2.41800E+02   1.20000E-01   6.18136E-01   2.54729E-04   2.42622E-04   0.00000E+00   1.17352E-02   1.00000E+00   0.00000E+00   1.93789E+00   4.92703E-16            16   6.29139E-10   3.13500E+00
        2016   2.41920E+02   1.20000E-01   6.18136E-01   2.55069E-04   2.43841E-04   0.00000E+00   1.16974E-02   1.00000E+00   0.00000E+00   1.93789E+00   4.89293E-16            16   6.28932E-10   3.13503E+00
        2017   2.42040E+02   1.20000E-01   6.18136E-01   2.55400E-04   2.45051E-04   0.00000E+00   1.16594E-02   1.00000E+00   0.00000E+00   1.93789E+00   4.85811E-16            16   6.28909E-10   3.13505E+00
        2018   2.42160E+02   1.20000E-01   6.18136E-01   2.55721E-04   2.46253E-04   0.00000E+00   1.16212E-02   1.00000E+00   0.00000E+00   1.93789E+00   4.82470E-16            16   6.28704E-10   3.13507E+00
        2019   2.42280E+02   1.20000E-01   6.18136E-01   2.56033E-04   2.47445E-04   0.00000E+00   1.15828E-02   1.00000E+00   0.00000E+00   1.93789E+00   4.78974E-16            16   6.28684E-10   3.13510E+00
        2020   2.42400E+02   1.20000E-01   6.18136E-01   2.56336E-04   2.48629E-04   0.00000E+00   1.15441E-02   1.00000E+00   0.00000E+00   1.93789E+00   4.75066E-16            16   6.28480E-10   3.13512E+00
        2021   2.42520E+02   1.20000E-01   6.18136E-01   2.56629E-04   2.49804E-04   0.00000E+00   1.15053E-02   1.00000E+00   0.00000E+00   1.93789E+00   4.71164E-16            16   6.28465E-10   3.13514E+00
        2022   2.42640E+02   1.20000E-01   6.18136E-01   2.56912E-04   2.50971E-04   0.00000E+00   1.14662E-02   1.00000E+00   0.00000E+00   1.93789E+00   4.67928E-16            16   6.28264E-10   3.13517E+00
        2023   2.42760E+02   1.20000E-01   6.18136E-01   2.57187E-04   2.52128E-04   0.00000E+00   1.14269E-02   1.00000E+00   0.00000E+00   1.93789E+00   4.64014E-16            16   6.28252E-10   3.13519E+00
        2024   2.42880E+02   1.20000E-01   6.18136E-01   2.57452E-04   2.53276E-04   0.00000E+00   1.13875E-02   1.00000E+00   0.00000E+00   1.93789E+00   4.60330E-16            16   6.28052E-10   3.13521E+00
        2025   2.43000E+02   1.20000E-01   6.18136E-01   2.57707E-04   2.54416E-04   0.00000E+00   1.13478E-02   1.00000E+00   0.00000E+00   1.93789E+00   4.56945E-16            16   6.28043E-10   3.13524E+00
        2026   2.43120E+02   1.20000E-01   6.18136E-01   2.57953E-04   2.55546E-04   0.00000E+00   1.13079E-02   1.00000E+00   0.00000E+00   1.93789E+00   4.52689E-16            16   6.27843E-10   3.13526E+00
        2027   2.43240E+02   1.20000E-01   6.18136E-01   2.58189E-04   2.56668E-04   0.00000E+00   1.12678E-02   1.00000E+00   0.00000E+00   1.93789E+00   4.49144E-16            16   6.27836E-10   3.13529E+00
        2028   2.43360E+02   1.20000E-01   6.18136E-01   2.58416E-04   2.57780E-04   0.00000E+00   1.12275E-02   1.00000E+00   0.00000E+00   1.93789E+00   4.44955E-16            16   6.27637E-10   3.13531E+00
        2029   2.43480E+02   1.20000E-01   6.18136E-01   2.58633E-04   2.58884E-04   0.00000E+00   1.11871E-02   1.00000E+00   0.00000E+00   1.93789E+00   4.41440E-16            16   6.27632E-10   3.13534E+00
        2030   2.43600E+02   1.20000E-01   6.18136E-01   2.58841E-04   2.59978E-04   0.00000E+00   1.11464E-02   1.00000E+00   0.00000E+00   1.93789E+00   4.37021E-16            16   6.27432E-10   3.13536E+00
        2031   2.43720E+02   1.20000E-01   6.18136E-01   2.59038E-04   2.61063E-04   0.00000E+00   1.11055E-02   1.00000E+00   0.00000E+00   1.93789E+00   4.33803E-16            16   6.27429E-10   3.13539E+00
        2032   2.43840E+02   1.20000E-01   6.18136E-01   2.59227E-04   2.62140E-04   0.00000E+00   1.10644E-02   1.00000E+00   0.00000E+00   1.93789E+00   4.29423E-16            16   6.27229E-10   3.13541E+00
        2033   2.43960E+02   1.20000E-01   6.18136E-01   2.59405E-04   2.63207E-04   0.00000E+00   1.10231E-02   1.00000E+00   0.00000E+00   1.93789E+00   4.25509E-16            16   6.27228E-10   3.13544E+00
        2034   2.44080E+02   1.20000E-01   6.18136E-01   2.59574E-04   2.64265E-04   0.00000E+00   1.09816E-02   1.00000E+00   0.00000E+00   1.93789E+00   4.21616E-16            16   6.27024E-10   3.13546E+00
        2035   2.44200E+02   1.20000E-01   6.18136E-01   2.59733E-04   2.65314E-04   0.00000E+00   1.09400E-02   1.00000E+00   0.00000E+00   1.93789E+00   4.18060E-16            16   6.27023E-10   3.13549E+00
        2036   2.44320E+02   1.20000E-01   6.18136E-01   2.59883E-04   2.66353E-04   0.00000E+00   1.08981E-02   1.00000E+00   0.00000E+00   1.93789E+00   4.14255E-16            16   6.26819E-10   3.13551E+00
        2037   2.44440E+02   1.20000E-01   6.18136E-01   2.60022E-04   2.67384E-04   0.00000E+00   1.08560E-02   1.00000E+00   0.00000E+00   1.93789E+00   4.10389E-16            16   6.26800E-10   3.13554E+00
        2038   2.44560E+02   1.20000E-01   6.18136E-01   2.60196E-04   2.68405E-04   0.00000E+00   1.08138E-02   1.00000E+00   0.00000E+00   1.93789E+00   4.06172E-16            16   6.26592E-10   3.13556E+00
        2039   2.44680E+02   1.20000E-01   6.18136E-01   2.60381E-04   2.69417E-04   0.00000E+00   1.07713E-02   1.00000E+00   0.00000E+00   1.93789E+00   4.02063E-16            16   6.26589E-10   3.13559E+00
        2040   2.44800E+02   1.20000E-01   6.18136E-01   2.60556E-04   2.70420E-04   0.00000E+00   1.07287E-02   1.00000E+00   0.00000E+00   1.93789E+00   3.97984E-16            16   6.26376E-10   3.13561E+00
        2041   2.44920E+02   1.20000E-01   6.18136E-01   2.60721E-04   2.71413E-04   0.00000E+00   1.06859E-02   1.00000E+00   0.00000E+00   1.93789E+00   3.94175E-16            16   6.26368E-10   3.13564E+00
        2042   2.45040E+02   1.20000E-01   6.18136E-01   2.60877E-04   2.72398E-04   0.00000E+00   1.06429E-02   1.00000E+00   0.00000E+00   1.93789E+00   3.90426E-16            16   6.26151E-10   3.13567E+00
        2043   2.45160E+02   1.20000E-01   6.18136E-01   2.61023E-04   2.73372E-04   0.00000E+00   1.05997E-02   1.00000E+00   0.00000E+00   1.93789E+00   3.86481E-16            16   6.26139E-10   3.13569E+00
        2044   2.45280E+02   1.20000E-01   6.18136E-01   2.61160E-04   2.74338E-04   0.00000E+00   1.05563E-02   1.00000E+00   0.00000E+00   1.93789E+00   3.82073E-16            16   6.26216E-10   3.13572E+00
        2045   2.45400E+02   1.20000E-01   6.18136E-01   2.61287E-04   2.75294E-04   0.00000E+00   1.05127E-02   1.00000E+00   0.00000E+00   1.93789E+00   3.78418E-16            16   6.25830E-10   3.13574E+00
        2046   2.45520E+02   1.20000E-01   6.18136E-01   2.61404E-04   2.76241E-04   0.00000E+00   1.04690E-02   1.00000E+00   0.00000E+00   1.93789E+00   3.74386E-16            16   6.25672E-10   3.13577E+00
        2047   2.45640E+02   1.20000E-01   6.18136E-01   2.61511E-04   2.77179E-04   0.00000E+00   1.04251E-02   1.00000E+00   0.00000E+00   1.93789E+00   3.70301E-16            16   6.25726E-10   3.13580E+00
        2048   2.45760E+02   1.20000E-01   6.18136E-01   2.61608E-04   2.78107E-04   0.00000E+00   1.03809E-02   1.00000E+00   0.00000E+00   1.93789E+00   3.66399E-16            16   6.25365E-10   3.13582E+00
        2049   2.45880E+02   1.20000E-01   6.18136E-01   2.61696E-04   2.79026E-04   0.00000E+00   1.03367E-02   1.00000E+00   0.00000E+00   1.93789E+00   3.63066E-16            16   6.25429E-10   3.13585E+00
        2050   2.46000E+02   1.20000E-01   6.18136E-01   2.61773E-04   2.79935E-04   0.00000E+00   1.02922E-02   1.00000E+00   0.00000E+00   1.93789E+00   3.58123E-16            16   6.25118E-10   3.13588E+00
        2051   2.46120E+02   1.20000E-01   6.18136E-01   2.61841E-04   2.80835E-04   0.00000E+00   1.02475E-02   1.00000E+00   0.00000E+00   1.93789E+00   3.54674E-16            16   6.25189E-10   3.13590E+00
        2052   2.46240E+02   1.20000E-01   6.18136E-01   2.61899E-04   2.81725E-04   0.00000E+00   1.02027E-02   1.00000E+00   0.00000E+00   1.93789E+00   3.50645E-16            16   6.24836E-10   3.13593E+00
        2053   2.46360E+02   1.20000E-01   6.18136E-01   2.61946E-04   2.82606E-04   0.00000E+00   1.01577E-02   1.00000E+00   0.00000E+00   1.93789E+00   3.46580E-16            16   6.24885E-10   3.13596E+00
        2054   2.46480E+02   1.20000E-01   6.18136E-01   2.61984E-04   2.83478E-04   0.00000E+00   1.01125E-02   1.00000E+00   0.00000E+00   1.93789E+00   3.42247E-16            16   6.24564E-10   3.13598E+00
        2055   2.46600E+02   1.20000E-01   6.18136E-01   2.62012E-04   2.84340E-04   0.00000E+00   1.00672E-02   1.00000E+00   0.00000E+00   1.93789E+00   3.39141E-16            16   6.24485E-10   3.13601E+00
        2056   2.46720E+02   1.20000E-01   6.18136E-01   2.62030E-04   2.85192E-04   0.00000E+00   1.00216E-02   1.00000E+00   0.00000E+00   1.93789E+00   3.35602E-16            16   6.25084E-10   3.13604E+00
        2057   2.46840E+02   1.20000E-01   6.18136E-01   2.62038E-04   2.86035E-04   0.00000E+00   9.97594E-03   1.00000E+00   0.00000E+00   1.93789E+00   3.31584E-16            16   6.24896E-10   3.13607E+00
        2058   2.46960E+02   1.20000E-01   6.18136E-01   2.62036E-04   2.86868E-04   0.00000E+00   9.93007E-03   1.00000E+00   0.00000E+00   1.93789E+00   3.27992E-16            16   6.28029E-10   3.13609E+00
        2059   2.47080E+02   1.20000E-01   6.18136E-01   2.62024E-04   2.87692E-04   0.00000E+00   9.88404E-03   1.00000E+00   0.00000E+00   1.93789E+00   3.22995E-16            16   6.24165E-10   3.13612E+00
        2060   2.47200E+02   1.20000E-01   6.18136E-01   2.62002E-04   2.88506E-04   0.00000E+00   9.83783E-03   1.00000E+00   0.00000E+00   1.93789E+00   3.20010E-16            16   6.27355E-10   3.13615E+00
        2061   2.47320E+02   1.20000E-01   6.18136E-01   2.61970E-04   2.89311E-04   0.00000E+00   9.79146E-03   1.00000E+00   0.00000E+00   1.93789E+00   3.13134E-16            16   6.21859E-10   3.13618E+00
        2062   2.47440E+02   1.20000E-01   6.18136E-01   2.61928E-04   2.90106E-04   0.00000E+00   9.74492E-03   1.00000E+00   0.00000E+00   1.93789E+00   3.12568E-16            16   6.26709E-10   3.13620E+00
        2063   2.47560E+02   1.20000E-01   6.18136E-01   2.61876E-04   2.90891E-04   0.00000E+00   9.69821E-03   1.00000E+00   0.00000E+00   1.93789E+00   3.06178E-16            16   6.21292E-10   3.13623E+00
        2064   2.47680E+02   1.20000E-01   6.18136E-01   2.61814E-04   2.91667E-04   0.00000E+00   9.65134E-03   1.00000E+00   0.00000E+00   1.93789E+00   3.06486E-16            16   6.26559E-10   3.13626E+00
        2065   2.47800E+02   1.20000E-01   6.18136E-01   2.61741E-04   2.92433E-04   0.00000E+00   9.60431E-03   1.00000E+00   0.00000E+00   1.93789E+00   3.01720E-16            16   6.20659E-10   3.13629E+00
        2066   2.47920E+02   1.20000E-01   6.18136E-01   2.61659E-04   2.93190E-04   0.00000E+00   9.55712E-03   1.00000E+00   0.00000E+00   1.93789E+00   3.00746E-16            16   6.25998E-10   3.13632E+00
        2067   2.48040E+02   1.20000E-01   6.18136E-01   2.61566E-04   2.93937E-04   0.00000E+00   9.50977E-03   1.00000E+00   0.00000E+00   1.93789E+00   2.95087E-16            16   6.20155E-10   3.13634E+00
        2068   2.48160E+02   1.20000E-01   6.18136E-01   2.61463E-04   2.94674E-04   0.00000E+00   9.46225E-03   1.00000E+00   0.00000E+00   1.93789E+00   2.94180E-16            16   6.25727E-10   3.13637E+00
        2069   2.48280E+02   1.20000E-01   6.18136E-01   2.61350E-04   2.95401E-04   0.00000E+00   9.41458E-03   1.00000E+00   0.00000E+00   1.93789E+00   2.89711E-16            16   6.19722E-10   3.13640E+00
        2070   2.48400E+02   1.20000E-01   6.18136E-01   2.61227E-04   2.96119E-04   0.00000E+00   9.36675E-03   1.00000E+00   0.00000E+00   1.93789E+00   2.87719E-16            16   6.24874E-10   3.13643E+00
        2071   2.48520E+02   1.20000E-01   6.18136E-01   2.61093E-04   2.96827E-04   0.00000E+00   9.31877E-03   1.00000E+00   0.00000E+00   1.93789E+00   2.82861E-16            16   6.18895E-10   3.13646E+00
        2072   2.48640E+02   1.20000E-01   6.18136E-01   2.60949E-04   2.97526E-04   0.00000E+00   9.27063E-03   1.00000E+00   0.00000E+00   1.93789E+00   2.81072E-16            16   6.24337E-10   3.13649E+00
        2073   2.48760E+02   1.20000E-01   6.18136E-01   2.60794E-04   2.98214E-04   0.00000E+00   9.22233E-03   1.00000E+00   0.00000E+00   1.93789E+00   2.77753E-16            16   6.21244E-10   3.13651E+00
        2074   2.48880E+02   1.20000E-01   6.18136E-01   2.60629E-04   2.98893E-04   0.00000E+00   9.17389E-03   1.00000E+00   0.00000E+00   1.93789E+00   2.72983E-16            16   6.23277E-10   3.13654E+00
        2075   2.49000E+02   1.20000E-01   6.18136E-01   2.60453E-04   2.99562E-04   0.00000E+00   9.12529E-03   1.00000E+00   0.00000E+00   1.93789E+00   2.69440E-16            16   6.19825E-10   3.13657E+00
        2076   2.49120E+02   1.20000E-01   6.18136E-01   2.60267E-04   3.00222E-04   0.00000E+00   9.07654E-03   1.00000E+00   0.00000E+00   1.93789E+00   2.64100E-16            16   6.19943E-10   3.13660E+00
        2077   2.49240E+02   1.20000E-01   6.18136E-01   2.60070E-04   3.00871E-04   0.00000E+00   9.02764E-03   1.00000E+00   0.00000E+00   1.93789E+00   2.60933E-16            16   6.19795E-10   3.13663E+00
        2078   2.49360E+02   1.20000E-01   6.18136E-01   2.59863E-04   3.01511E-04   0.00000E+00   8.97860E-03   1.00000E+00   0.00000E+00   1.93789E+00   2.56411E-16            16   6.19035E-10   3.13666E+00
        2079   2.49480E+02   1.20000E-01   6.18136E-01   2.59646E-04   3.02141E-04   0.00000E+00   8.92940E-03   1.00000E+00   0.00000E+00   1.93789E+00   2.52838E-16            16   6.19140E-10   3.13669E+00
        2080   2.49600E+02   1.20000E-01   6.18136E-01   2.59418E-04   3.02762E-04   0.00000E+00   8.88007E-03   1.00000E+00   0.00000E+00   1.93789E+00   2.48165E-16            16   6.19441E-10   3.13672E+00
        2081   2.49720E+02   1.20000E-01   6.18136E-01   2.59180E-04   3.03372E-04   0.00000E+00   8.83058E-03   1.00000E+00   0.00000E+00   1.93789E+00   2.41024E-16            16   6.21819E-10   3.13674E+00
        2082   2.49840E+02   1.20000E-01   6.18136E-01   2.58933E-04   3.03973E-04   0.00000E+00   8.78096E-03   1.00000E+00   0.00000E+00   1.93789E+00   2.34022E-16            16   6.23315E-10   3.13677E+00
        2083   2.49960E+02   1.20000E-01   6.18136E-01   2.58676E-04   3.04564E-04   0.00000E+00   8.73119E-03   1.00000E+00   0.00000E+00   1.93789E+00   2.24373E-16            16   6.26597E-10   3.13680E+00
        2084   2.50080E+02   1.20000E-01   6.18136E-01   2.58407E-04   3.05145E-04   0.00000E+00   8.68128E-03   1.00000E+00   0.00000E+00   1.93789E+00   2.19987E-16            16   6.26551E-10   3.13683E+00
        2085   2.50200E+02   1.20000E-01   6.18136E-01   2.58129E-04   3.05716E-04   0.00000E+00   8.63123E-03   1.00000E+00   0.00000E+00   1.93789E+00   2.13075E-16            16   6.28058E-10   3.13686E+00
        2086   2.50320E+02   1.20000E-01   6.18136E-01   2.57839E-04   3.06277E-04   0.00000E+00   8.58104E-03   1.00000E+00   0.00000E+00   1.93789E+00   2.10558E-16            16   6.26382E-10   3.13689E+00
        2087   2.50440E+02   1.20000E-01   6.18136E-01   2.57539E-04   3.06828E-04   0.00000E+00   8.53071E-03   1.00000E+00   0.00000E+00   1.93789E+00   2.02941E-16            16   6.27796E-10   3.13692E+00
        2088   2.50560E+02   1.20000E-01   6.18136E-01   2.57226E-04   3.07370E-04   0.00000E+00   8.48025E-03   1.00000E+00   0.00000E+00   1.93789E+00   1.98340E-16            16   6.27701E-10   3.13695E+00
        2089   2.50680E+02   1.20000E-01   6.18136E-01   2.56903E-04   3.07902E-04   0.00000E+00   8.42965E-03   1.00000E+00   0.00000E+00   1.93789E+00   1.90320E-16            16   6.30225E-10   3.13698E+00
        2090   2.50800E+02   1.20000E-01   6.18136E-01   2.56569E-04   3.08424E-04   0.00000E+00   8.37892E-03   1.00000E+00   0.00000E+00   1.93789E+00   1.86052E-16            16   6.30311E-10   3.13701E+00
        2091   2.50920E+02   1.20000E-01   6.18136E-01   2.56224E-04   3.08935E-04   0.00000E+00   8.32806E-03   1.00000E+00   0.00000E+00   1.93789E+00   1.81190E-16            16   6.30460E-10   3.13704E+00
        2092   2.51040E+02   1.20000E-01   6.18136E-01   2.55868E-04   3.09438E-04   0.00000E+00   8.27706E-03   1.00000E+00   0.00000E+00   1.93789E+00   1.75757E-16            16   6.31083E-10   3.13707E+00
        2093   2.51160E+02   1.20000E-01   6.18136E-01   2.55501E-04   3.09930E-04   0.00000E+00   8.22594E-03   1.00000E+00   0.00000E+00   1.93789E+00   1.72011E-16            16   6.31364E-10   3.13710E+00
        2094   2.51280E+02   1.20000E-01   6.18136E-01   2.55124E-04   3.10412E-04   0.00000E+00   8.17468E-03   1.00000E+00   0.00000E+00   1.93789E+00   1.66717E-16            16   6.32418E-10   3.13713E+00
        2095   2.51400E+02   1.20000E-01   6.18136E-01   2.54736E-04   3.10884E-04   0.00000E+00   8.12330E-03   1.00000E+00   0.00000E+00   1.93789E+00   1.64904E-16            16   6.33366E-10   3.13716E+00
        2096   2.51520E+02   1.20000E-01   6.18136E-01   2.54338E-04   3.11347E-04   0.00000E+00   8.07179E-03   1.00000E+00   0.00000E+00   1.93789E+00   1.62382E-16            16   6.34314E-10   3.13719E+00
        2097   2.51640E+02   1.20000E-01   6.18136E-01   2.53929E-04   3.11799E-04   0.00000E+00   8.02016E-03   1.00000E+00   0.00000E+00   1.93789E+00   1.59907E-16            16   6.35357E-10   3.13722E+00
        2098   2.51760E+02   1.20000E-01   6.18136E-01   2.53509E-04   3.12241E-04   0.00000E+00   7.96840E-03   1.00000E+00   0.00000E+00   1.93789E+00   1.58624E-16            16   6.35642E-10   3.13725E+00
        2099   2.51880E+02   1.20000E-01   6.18136E-01   2.53080E-04   3.12674E-04   0.00000E+00   7.91651E-03   1.00000E+00   0.00000E+00   1.93789E+00   1.56290E-16            16   6.36393E-10   3.13728E+00
        2100   2.52000E+02   1.20000E-01   6.18136E-01   2.52639E-04   3.13097E-04   0.00000E+00   7.86451E-03   1.00000E+00   0.00000E+00   1.93789E+00   1.55222E-16            16   6.36214E-10   3.13731E+00
        2101   2.52120E+02   1.20000E-01   6.18136E-01   2.52187E-04   3.13509E-04   0.00000E+00   7.81238E-03   1.00000E+00   0.00000E+00   1.93789E+00   1.53800E-16            16   6.36944E-10   3.13734E+00
        2102   2.52240E+02   1.20000E-01   6.18136E-01   2.51725E-04   3.13912E-04   0.00000E+00   7.76014E-03   1.00000E+00   0.00000E+00   1.93789E+00   1.52307E-16            16   6.36969E-10   3.13737E+00
        2103   2.52360E+02   1.20000E-01   6.18136E-01   2.51253E-04   3.14305E-04   0.00000E+00   7.70778E-03   1.00000E+00   0.00000E+00   1.93789E+00   1.50183E-16            16   6.38071E-10   3.13740E+00
        2104   2.52480E+02   1.20000E-01   6.18136E-01   2.50769E-04   3.14688E-04   0.00000E+00   7.65530E-03   1.00000E+00   0.00000E+00   1.93789E+00   1.48584E-16            16   6.38655E-10   3.13743E+00
        2105   2.52600E+02   1.20000E-01   6.18136E-01   2.50275E-04   3.15060E-04   0.00000E+00   7.60270E-03   1.00000E+00   0.00000E+00   1.93789E+00   1.47955E-16            16   6.39995E-10   3.13746E+00
        2106   2.52720E+02   1.20000E-01   6.18136E-01   2.49769E-04   3.15423E-04   0.00000E+00   7.54999E-03   1.00000E+00   0.00000E+00   1.93789E+00   1.46575E-16            16   6.40741E-10   3.13749E+00
        2107   2.52840E+02   1.20000E-01   6.18136E-01   2.49253E-04   3.15776E-04   0.00000E+00   7.49717E-03   1.00000E+00   0.00000E+00   1.93789E+00   1.46399E-16            16   6.41857E-10   3.13752E+00
        2108   2.52960E+02   1.20000E-01   6.18136E-01   2.48726E-04   3.16119E-04   0.00000E+00   7.44424E-03   1.00000E+00   0.00000E+00   1.93789E+00   1.44795E-16            16   6.42418E-10   3.13755E+00
        2109   2.53080E+02   1.20000E-01   6.18136E-01   2.48188E-04   3.16452E-04   0.00000E+00   7.39119E-03   1.00000E+00   0.00000E+00   1.93789E+00   1.44073E-16            16   6.43347E-10   3.13758E+00
        2110   2.53200E+02   1.20000E-01   6.18136E-01   2.47639E-04   3.16775E-04   0.00000E+00   7.33804E-03   1.00000E+00   0.00000E+00   1.93789E+00   1.43150E-16            16   6.43801E-10   3.13761E+00
        2111   2.53320E+02   1.20000E-01   6.18136E-01   2.47080E-04   3.17087E-04   0.00000E+00   7.28477E-03   1.00000E+00   0.00000E+00   1.93789E+00   1.42466E-16            16   6.44922E-10   3.13764E+00
        2112   2.53440E+02   1.20000E-01   6.18136E-01   2.46509E-04   3.17390E-04   0.00000E+00   7.23140E-03   1.00000E+00   0.00000E+00   1.93789E+00   1.40777E-16            16   6.45503E-10   3.13767E+00
        2113   2.53560E+02   1.20000E-01   6.18136E-01   2.45928E-04   3.17683E-04   0.00000E+00   7.17793E-03   1.00000E+00   0.00000E+00   1.93789E+00   1.39782E-16            16   6.46908E-10   3.13770E+00
        2114   2.53680E+02   1.20000E-01   6.18136E-01   2.45336E-04   3.17966E-04   0.00000E+00   7.12434E-03   1.00000E+00   0.00000E+00   1.93789E+00   1.41231E-16            16   6.47493E-10   3.13773E+00
        2115   2.53800E+02   1.20000E-01   6.18136E-01   2.44733E-04   3.18239E-04   0.00000E+00   7.07066E-03   1.00000E+00   0.00000E+00   1.93789E+00   1.43367E-16            16   6.48764E-10   3.13776E+00
        2116   2.53920E+02   1.20000E-01   6.18136E-01   2.44119E-04   3.18502E-04   0.00000E+00   7.01687E-03   1.00000E+00   0.00000E+00   1.93789E+00   1.44884E-16            16   6.49030E-10   3.13779E+00
        2117   2.54040E+02   1.20000E-01   6.18136E-01   2.43495E-04   3.18754E-04   0.00000E+00   6.96298E-03   1.00000E+00   0.00000E+00   1.93789E+00   1.46822E-16            16   6.49775E-10   3.13782E+00
        2118   2.54160E+02   1.20000E-01   6.18136E-01   2.42860E-04   3.18997E-04   0.00000E+00   6.90899E-03   1.00000E+00   0.00000E+00   1.93789E+00   1.48243E-16            16   6.50308E-10   3.13785E+00
        2119   2.54280E+02   1.20000E-01   6.18136E-01   2.42214E-04   3.19230E-04   0.00000E+00   6.85490E-03   1.00000E+00   0.00000E+00   1.93789E+00   1.49904E-16            16   6.50601E-10   3.13789E+00
        2120   2.54400E+02   1.20000E-01   6.18136E-01   2.41558E-04   3.19452E-04   0.00000E+00   6.80071E-03   1.00000E+00   0.00000E+00   1.93789E+00   1.49903E-16            16   6.49851E-10   3.13792E+00
        2121   2.54520E+02   1.20000E-01   6.18136E-01   2.40891E-04   3.19665E-04   0.00000E+00   6.74643E-03   1.00000E+00   0.00000E+00   1.93789E+00   1.50459E-16            16   6.49077E-10   3.13795E+00
        2122   2.54640E+02   1.20000E-01   6.18136E-01   2.40214E-04   3.19868E-04   0.00000E+00   6.69205E-03   1.00000E+00   0.00000E+00   1.93789E+00   1.50559E-16            16   6.47106E-10   3.13798E+00
        2123   2.54760E+02   1.20000E-01   6.18136E-01   2.39526E-04   3.20060E-04   0.00000E+00   6.63757E-03   1.00000E+00   0.00000E+00   1.93789E+00   1.51146E-16            16   6.44943E-10   3.13801E+00
        2124   2.54880E+02   1.20000E-01   6.18136E-01   2.38826E-04   3.20242E-04   0.00000E+00   6.58300E-03   1.00000E+00   0.00000E+00   1.93789E+00   1.51191E-16            16   6.41676E-10   3.13804E+00
        2125   2.55000E+02   1.20000E-01   6.18136E-01   2.38116E-04   3.20415E-04   0.00000E+00   6.52833E-03   1.00000E+00   0.00000E+00   1.93789E+00   1.51687E-16            16   6.37901E-10   3.13807E+00
        2126   2.55120E+02   1.20000E-01   6.18136E-01   2.37395E-04   3.20577E-04   0.00000E+00   6.47358E-03   1.00000E+00   0.00000E+00   1.93789E+00   1.51046E-16            16   6.33391E-10   3.13810E+00
        2127   2.55240E+02   1.20000E-01   6.18136E-01   2.36662E-04   3.20729E-04   0.00000E+00   6.41873E-03   1.00000E+00   0.00000E+00   1.93789E+00   1.50311E-16            16   6.28273E-10   3.13813E+00
        2128   2.55360E+02   1.20000E-01   6.18136E-01   2.35919E-04   3.20871E-04   0.00000E+00   6.36379E-03   1.00000E+00   0.00000E+00   1.93789E+00   1.49614E-16            16   6.22431E-10   3.13816E+00
        2129   2.55480E+02   1.20000E-01   6.18136E-01   2.35163E-04   3.21004E-04   0.00000E+00   6.30876E-03   1.00000E+00   0.00000E+00   1.93789E+00   1.48541E-16            16   6.15830E-10   3.13819E+00
        2130   2.55600E+02   1.20000E-01   6.18136E-01   2.34398E-04   3.21125E-04   0.00000E+00   6.25365E-03   1.00000E+00   0.00000E+00   1.93789E+00   1.48707E-16            16   6.08589E-10   3.13823E+00
        2131   2.55720E+02   1.20000E-01   6.18136E-01   2.33620E-04   3.21237E-04   0.00000E+00   6.19845E-03   1.00000E+00   0.00000E+00   1.93789E+00   1.47242E-16            16   6.00481E-10   3.13826E+00
        2132   2.55840E+02   1.20000E-01   6.18136E-01   2.32833E-04   3.21339E-04   0.00000E+00   6.14316E-03   1.00000E+00   0.00000E+00   1.93789E+00   1.47282E-16            16   5.91896E-10   3.13829E+00
        2133   2.55960E+02   1.20000E-01   6.18136E-01   2.32034E-04   3.21431E-04   0.00000E+00   6.08779E-03   1.00000E+00   0.00000E+00   1.93789E+00   1.46391E-16            16   5.81953E-10   3.13832E+00
        2134   2.56080E+02   1.20000E-01   6.18136E-01   2.31225E-04   3.21512E-04   0.00000E+00   6.03234E-03   1.00000E+00   0.00000E+00   1.93789E+00   1.44146E-16            16   5.71286E-10   3.13835E+00
        2135   2.56200E+02   1.20000E-01   6.18136E-01   2.30405E-04   3.21583E-04   0.00000E+00   5.97680E-03   1.00000E+00   0.00000E+00   1.93789E+00   1.41299E-16            16   5.58597E-10   3.13838E+00
        2136   2.56320E+02   1.20000E-01   6.18136E-01   2.29575E-04   3.21645E-04   0.00000E+00   5.92119E-03   1.00000E+00   0.00000E+00   1.93789E+00   1.38347E-16            16   5.44504E-10   3.13841E+00
        2137   2.56440E+02   1.20000E-01   6.18136E-01   2.28733E-04   3.21696E-04   0.00000E+00   5.86550E-03   1.00000E+00   0.00000E+00   1.93789E+00   1.33283E-16            16   5.27410E-10   3.13844E+00
        2138   2.56560E+02   1.20000E-01   6.18136E-01   2.27882E-04   3.21737E-04   0.00000E+00   5.80973E-03   1.00000E+00   0.00000E+00   1.93789E+00   1.26222E-16            16   5.06930E-10   3.13847E+00
        2139   2.56680E+02   1.20000E-01   6.18136E-01   2.27020E-04   3.21768E-04   0.00000E+00   5.75389E-03   1.00000E+00   0.00000E+00   1.93789E+00   1.17842E-16            16   4.81722E-10   3.13851E+00
        2140   2.56800E+02   1.20000E-01   6.18136E-01   2.26147E-04   3.21789E-04   0.00000E+00   5.69797E-03   1.00000E+00   0.00000E+00   1.93789E+00   1.08680E-16            16   4.51551E-10   3.13854E+00
        2141   2.56920E+02   1.20000E-01   6.18136E-01   2.25264E-04   3.21799E-04   0.00000E+00   5.64199E-03   1.00000E+00   0.00000E+00   1.93789E+00   9.93896E-17            16   4.21721E-10   3.13857E+00
        2142   2.57040E+02   1.20000E-01   6.18136E-01   2.24369E-04   3.21800E-04   0.00000E+00   5.58593E-03   1.00000E+00   0.00000E+00   1.93789E+00   9.11985E-17            16   4.03058E-10   3.13860E+00
        2143   2.57160E+02   1.20000E-01   6.18136E-01   2.23463E-04   3.21790E-04   0.00000E+00   5.52981E-03   1.00000E+00   0.00000E+00   1.93789E+00   7.35064E-17            16   3.42132E-10   3.13863E+00
        2144   2.57280E+02   1.20000E-01   6.18136E-01   2.22545E-04   3.21771E-04   0.00000E+00   5.47362E-03   1.00000E+00   0.00000E+00   1.93789E+00   8.61299E-17            16   4.21516E-10   3.13866E+00
        2145   2.57400E+02   1.20000E-01   6.18136E-01   2.21617E-04   3.21741E-04   0.00000E+00   5.41736E-03   1.00000E+00   0.00000E+00   1.93789E+00   8.78061E-17            16   4.53746E-10   3.13869E+00
        2146   2.57520E+02   1.20000E-01   6.18136E-01   2.20678E-04   3.21701E-04   0.00000E+00   5.36104E-03   1.00000E+00   0.00000E+00   1.93789E+00   8.65340E-17            16   4.66048E-10   3.13872E+00
        2147   2.57640E+02   1.20000E-01   6.18136E-01   2.19729E-04   3.21651E-04   0.00000E+00   5.30466E-03   1.00000E+00   0.00000E+00   1.93789E+00   8.41055E-17            16   4.69172E-10   3.13876E+00
        2148   2.57760E+02   1.20000E-01   6.18136E-01   2.18768E-04   3.21590E-04   0.00000E+00   5.24821E-03   1.00000E+00   0.00000E+00   1.93789E+00   8.16777E-17            16   4.67088E-10   3.13879E+00
        2149   2.57880E+02   1.20000E-01   6.18136E-01   2.17798E-04   3.21520E-04   0.00000E+00   5.19170E-03   1.00000E+00   0.00000E+00   1.93789E+00   6.63706E-17            16   3.81464E-10   3.13882E+00
        2150   2.58000E+02   1.20000E-01   6.18136E-01   2.16817E-04   3.21439E-04   0.00000E+00   5.13512E-03   1.00000E+00   0.00000E+00   1.93789E+00   8.44676E-17            16   4.59740E-10   3.13885E+00
        2151   2.58120E+02   1.20000E-01   6.18136E-01   2.15825E-04   3.21348E-04   0.00000E+00   5.07849E-03   1.00000E+00   0.00000E+00   1.93789E+00   8.50815E-17            16   4.56628E-10   3.13888E+00
        2152   2.58240E+02   1.20000E-01   6.18136E-01   2.14823E-04   3.21247E-04   0.00000E+00   5.02179E-03   1.00000E+00   0.00000E+00   1.93789E+00   8.55749E-17            16   4.53781E-10   3.13891E+00
        2153   2.58360E+02   1.20000E-01   6.18136E-01   2.13811E-04   3.21136E-04   0.00000E+00   4.96504E-03   1.00000E+00   0.00000E+00   1.93789E+00   8.61607E-17            16   4.51853E-10   3.13894E+00
        2154   2.58480E+02   1.20000E-01   6.18136E-01   2.12799E-04   3.21015E-04   0.00000E+00   4.90822E-03   1.00000E+00   0.00000E+00   1.93789E+00   8.68209E-17            16   4.51018E-10   3.13897E+00
        2155   2.58600E+02   1.20000E-01   6.18136E-01   2.11823E-04   3.20884E-04   0.00000E+00   4.85134E-03   1.00000E+00   0.00000E+00   1.93789E+00   8.74825E-17            16   4.51084E-10   3.13901E+00
        2156   2.58720E+02   1.20000E-01   6.18136E-01   2.10836E-04   3.20742E-04   0.00000E+00   4.79440E-03   1.00000E+00   0.00000E+00   1.93789E+00   8.82031E-17            16   4.52056E-10   3.13904E+00
        2157   2.58840E+02   1.20000E-01   6.18136E-01   2.09838E-04   3.20590E-04   0.00000E+00   4.73740E-03   1.00000E+00   0.00000E+00   1.93789E+00   8.85491E-17            16   4.53875E-10   3.13907E+00
        2158   2.58960E+02   1.20000E-01   6.18136E-01   2.08828E-04   3.20428E-04   0.00000E+00   4.68034E-03   1.00000E+00   0.00000E+00   1.93789E+00   8.88332E-17            16   4.56123E-10   3.13910E+00
        2159   2.59080E+02   1.20000E-01   6.18136E-01   2.07807E-04   3.20256E-04   0.00000E+00   4.62322E-03   1.00000E+00   0.00000E+00   1.93789E+00   8.93665E-17            16   4.58886E-10   3.13913E+00
        2160   2.59200E+02   1.20000E-01   6.18136E-01   2.06774E-04   3.20073E-04   0.00000E+00   4.56605E-03   1.00000E+00   0.00000E+00   1.93789E+00   9.13528E-17            16   4.61999E-10   3.13916E+00
        2161   2.59320E+02   1.20000E-01   6.18136E-01   2.05731E-04   3.19880E-04   0.00000E+00   4.50881E-03   1.00000E+00   0.00000E+00   1.93789E+00   9.33395E-17            16   4.65550E-10   3.13919E+00
        2162   2.59440E+02   1.20000E-01   6.18136E-01   2.04676E-04   3.19678E-04   0.00000E+00   4.45153E-03   1.00000E+00   0.00000E+00   1.93789E+00   9.61969E-17            16   4.69335E-10   3.13922E+00
        2163   2.59560E+02   1.20000E-01   6.18136E-01   2.03611E-04   3.19464E-04   0.00000E+00   4.39419E-03   1.00000E+00   0.00000E+00   1.93789E+00   9.78820E-17            16   4.73345E-10   3.13926E+00
        2164   2.59680E+02   1.20000E-01   6.18136E-01   2.02534E-04   3.19241E-04   0.00000E+00   4.33679E-03   1.00000E+00   0.00000E+00   1.93789E+00   1.01669E-16            16   4.77541E-10   3.13929E+00
        2165   2.59800E+02   1.20000E-01   6.18136E-01   2.01446E-04   3.19007E-04   0.00000E+00   4.27935E-03   1.00000E+00   0.00000E+00   1.93789E+00   1.04039E-16            16   4.81802E-10   3.13932E+00
        2166   2.59920E+02   1.20000E-01   6.18136E-01   2.00346E-04   3.18763E-04   0.00000E+00   4.22185E-03   1.00000E+00   0.00000E+00   1.93789E+00   1.07433E-16            16   4.85875E-10   3.13935E+00
        2167   2.60040E+02   1.20000E-01   6.18136E-01   1.99235E-04   3.18509E-04   0.00000E+00   4.16431E-03   1.00000E+00   0.00000E+00   1.93789E+00   1.10110E-16            16   4.90502E-10   3.13938E+00
        2168   2.60160E+02   1.20000E-01   6.18136E-01   1.98112E-04   3.18245E-04   0.00000E+00   4.10671E-03   1.00000E+00   0.00000E+00   1.93789E+00   1.12740E-16            16   4.95239E-10   3.13941E+00
        2169   2.60280E+02   1.20000E-01   6.18136E-01   1.96979E-04   3.17970E-04   0.00000E+00   4.04906E-03   1.00000E+00   0.00000E+00   1.93789E+00   1.16186E-16            16   5.00131E-10   3.13944E+00
        2170   2.60400E+02   1.20000E-01   6.18136E-01   1.95833E-04   3.17685E-04   0.00000E+00   3.99137E-03   1.00000E+00   0.00000E+00   1.93789E+00   1.18522E-16            16   5.03758E-10   3.13947E+00
        2171   2.60520E+02   1.20000E-01   6.18136E-01   1.94676E-04   3.17389E-04   0.00000E+00   3.93363E-03   1.00000E+00   0.00000E+00   1.93789E+00   1.22013E-16            16   5.08256E-10   3.13950E+00
        2172   2.60640E+02   1.20000E-01   6.18136E-01   1.93506E-04   3.17083E-04   0.00000E+00   3.87585E-03   1.00000E+00   0.00000E+00   1.93789E+00   1.24814E-16            16   5.12403E-10   3.13954E+00
        2173   2.60760E+02   1.20000E-01   6.18136E-01   1.92326E-04   3.16767E-04   0.00000E+00   3.81801E-03   1.00000E+00   0.00000E+00   1.93789E+00   1.28837E-16            16   5.16923E-10   3.13957E+00
        2174   2.60880E+02   1.20000E-01   6.18136E-01   1.91133E-04   3.16441E-04   0.00000E+00   3.76013E-03   1.00000E+00   0.00000E+00   1.93789E+00   1.28768E-16            16   5.21433E-10   3.13960E+00
        2175   2.61000E+02   1.20000E-01   6.18136E-01   1.89929E-04   3.16104E-04   0.00000E+00   3.70221E-03   1.00000E+00   0.00000E+00   1.93789E+00   1.33902E-16            16   5.26065E-10   3.13963E+00
        2176   2.61120E+02   1.20000E-01   6.18136E-01   1.88712E-04   3.15757E-04   0.00000E+00   3.64423E-03   1.00000E+00   0.00000E+00   1.93789E+00   1.30838E-16            16   5.31000E-10   3.13966E+00
        2177   2.61240E+02   1.20000E-01   6.18136E-01   1.88320E-04   3.15399E-04   0.00000E+00   3.58620E-03   1.00000E+00   0.00000E+00   1.93789E+00   1.36585E-16            16   5.35249E-10   3.13969E+00
        2178   2.61360E+02   1.20000E-01   6.18136E-01   1.87969E-04   3.15031E-04   0.00000E+00   3.52812E-03   1.00000E+00   0.00000E+00   1.93789E+00   1.38682E-16            16   5.39549E-10   3.13972E+00
        2179   2.61480E+02   1.20000E-01   6.18136E-01   1.87613E-04   3.14653E-04   0.00000E+00   3.46999E-03   1.00000E+00   0.00000E+00   1.93789E+00   1.41481E-16            16   5.43756E-10   3.13975E+00
        2180   2.61600E+02   1.20000E-01   6.18136E-01   1.87253E-04   3.14264E-04   0.00000E+00   3.41181E-03   1.00000E+00   0.00000E+00   1.93789E+00   1.45323E-16            16   5.48445E-10   3.13978E+00
        2181   2.61720E+02   1.20000E-01   6.18136E-01   1.86888E-04   3.13865E-04   0.00000E+00   3.35357E-03   1.00000E+00   0.00000E+00   1.93789E+00   1.44627E-16            16   5.52958E-10   3.13982E+00
        2182   2.61840E+02   1.20000E-01   6.18136E-01   1.86518E-04   3.13455E-04   0.00000E+00   3.29528E-03   1.00000E+00   0.00000E+00   1.93789E+00   1.50554E-16            16   5.57542E-10   3.13985E+00
        2183   2.61960E+02   1.20000E-01   6.18136E-01   1.86145E-04   3.13034E-04   0.00000E+00   3.23693E-03   1.00000E+00   0.00000E+00   1.93789E+00   1.49992E-16            16   5.61885E-10   3.13988E+00
        2184   2.62080E+02   1.20000E-01   6.18136E-01   1.85766E-04   3.12603E-04   0.00000E+00   3.17852E-03   1.00000E+00   0.00000E+00   1.93789E+00   1.53295E-16            16   5.66433E-10   3.13991E+00
        2185   2.62200E+02   1.20000E-01   6.18136E-01   1.85384E-04   3.12162E-04   0.00000E+00   3.12005E-03   1.00000E+00   0.00000E+00   1.93789E+00   1.56035E-16            16   5.70842E-10   3.13994E+00
        2186   2.62320E+02   1.20000E-01   6.18136E-01   1.84996E-04   3.11710E-04   0.00000E+00   3.06155E-03   1.00000E+00   0.00000E+00   1.93789E+00   1.61620E-16            16   5.74373E-10   3.13997E+00
        2187   2.62440E+02   1.20000E-01   6.18136E-01   1.84605E-04   3.11247E-04   0.00000E+00   3.00296E-03   1.00000E+00   0.00000E+00   1.93789E+00   1.62299E-16            16   5.79287E-10   3.14000E+00
        2188   2.62560E+02   1.20000E-01   6.18136E-01   1.84209E-04   3.10774E-04   0.00000E+00   2.94431E-03   1.00000E+00   0.00000E+00   1.93789E+00   1.67064E-16            16   5.84240E-10   3.14003E+00
        2189   2.62680E+02   1.20000E-01   6.18136E-01   1.83809E-04   3.10290E-04   0.00000E+00   2.88560E-03   1.00000E+00   0.00000E+00   1.93789E+00   1.71597E-16            16   5.88856E-10   3.14006E+00
        2190   2.62800E+02   1.20000E-01   6.18136E-01   1.83405E-04   3.09796E-04   0.00000E+00   2.82683E-03   1.00000E+00   0.00000E+00   1.93789E+00   1.75627E-16            16   5.93872E-10   3.14009E+00
        2191   2.62920E+02   1.20000E-01   6.18136E-01   1.82996E-04   3.09291E-04   0.00000E+00   2.76799E-03   1.00000E+00   0.00000E+00   1.93789E+00   1.78647E-16            16   5.98672E-10   3.14012E+00
        2192   2.63040E+02   1.20000E-01   6.18136E-01   1.82583E-04   3.08775E-04   0.00000E+00   2.70908E-03   1.00000E+00   0.00000E+00   1.93789E+00   1.83039E-16            16   6.03635E-10   3.14015E+00
        2193   2.63160E+02   1.20000E-01   6.18136E-01   1.82166E-04   3.08248E-04   0.00000E+00   2.65010E-03   1.00000E+00   0.00000E+00   1.93789E+00   1.87159E-16            16   6.08386E-10   3.14018E+00
        2194   2.63280E+02   1.20000E-01   6.18136E-01   1.81745E-04   3.07710E-04   0.00000E+00   2.59104E-03   1.00000E+00   0.00000E+00   1.93789E+00   1.90852E-16            16   6.13178E-10   3.14022E+00
        2195   2.63400E+02   1.20000E-01   6.18136E-01   1.81319E-04   3.07162E-04   0.00000E+00   2.53191E-03   1.00000E+00   0.00000E+00   1.93789E+00   1.94963E-16            16   6.17785E-10   3.14025E+00
        2196   2.63520E+02   1.20000E-01   6.18136E-01   1.80889E-04   3.06603E-04   0.00000E+00   2.47269E-03   1.00000E+00   0.00000E+00   1.93789E+00   1.99046E-16            16   6.22884E-10   3.14028E+00
        2197   2.63640E+02   1.20000E-01   6.18136E-01   1.80456E-04   3.06033E-04   0.00000E+00   2.41338E-03   1.00000E+00   0.00000E+00   1.93789E+00   2.03303E-16            16   6.27945E-10   3.14031E+00
        2198   2.63760E+02   1.20000E-01   6.18136E-01   1.80018E-04   3.05452E-04   0.00000E+00   2.35397E-03   1.00000E+00   0.00000E+00   1.93789E+00   2.07115E-16            16   6.33341E-10   3.14034E+00
        2199   2.63880E+02   1.20000E-01   6.18136E-01   1.79576E-04   3.04860E-04   0.00000E+00   2.29447E-03   1.00000E+00   0.00000E+00   1.93789E+00   2.11197E-16            16   6.38573E-10   3.14037E+00
        2200   2.64000E+02   1.20000E-01   6.18136E-01   1.79130E-04   3.04256E-04   0.00000E+00   2.23485E-03   1.00000E+00   0.00000E+00   1.93789E+00   2.14918E-16            16   6.43816E-10   3.14040E+00
        2201   2.64120E+02   1.20000E-01   6.18136E-01   1.78680E-04   3.03642E-04   0.00000E+00   2.17511E-03   1.00000E+00   0.00000E+00   1.93789E+00   2.18669E-16            16   6.49385E-10   3.14043E+00
        2202   2.64240E+02   1.20000E-01   6.18136E-01   1.78291E-04   3.03017E-04   0.00000E+00   2.11525E-03   1.00000E+00   0.00000E+00   1.93789E+00   2.22755E-16            16   6.54164E-10   3.14046E+00
        2203   2.64360E+02   1.20000E-01   6.18136E-01   1.77920E-04   3.02380E-04   0.00000E+00   2.05524E-03   1.00000E+00   0.00000E+00   1.93789E+00   2.26834E-16            16   6.60148E-10   3.14049E+00
        2204   2.64480E+02   1.20000E-01   6.18136E-01   1.77544E-04   3.01733E-04   0.00000E+00   1.99508E-03   1.00000E+00   0.00000E+00   1.93789E+00   2.31350E-16            16   6.64778E-10   3.14052E+00
        2205   2.64600E+02   1.20000E-01   6.18136E-01   1.77165E-04   3.01074E-04   0.00000E+00   1.93476E-03   1.00000E+00   0.00000E+00   1.93789E+00   2.34997E-16            16   6.70889E-10   3.14055E+00
        2206   2.64720E+02   1.20000E-01   6.18136E-01   1.76781E-04   3.00403E-04   0.00000E+00   1.87425E-03   1.00000E+00   0.00000E+00   1.93789E+00   2.38458E-16            16   6.75739E-10   3.14058E+00
        2207   2.64840E+02   1.20000E-01   6.18136E-01   1.76392E-04   2.99764E-04   0.00000E+00   1.81354E-03   1.00000E+00   0.00000E+00   1.93789E+00   2.42244E-16            16   6.81166E-10   3.14061E+00
        2208   2.64960E+02   1.20000E-01   6.18136E-01   1.76000E-04   2.99121E-04   0.00000E+00   1.75263E-03   1.00000E+00   0.00000E+00   1.93789E+00   2.46156E-16            16   6.86479E-10   3.14064E+00
        2209   2.65080E+02   1.20000E-01   6.18136E-01   1.75604E-04   2.98468E-04   0.00000E+00   1.69146E-03   1.00000E+00   0.00000E+00   1.93789E+00   2.49807E-16            16   6.91904E-10   3.14067E+00
        2210   2.65200E+02   1.20000E-01   6.18136E-01   1.75203E-04   2.97802E-04   0.00000E+00   1.63004E-03   1.00000E+00   0.00000E+00   1.93789E+00   2.52403E-16            16   6.96541E-10   3.14070E+00
        2211   2.65320E+02   1.20000E-01   6.18136E-01   1.74798E-04   2.97126E-04   0.00000E+00   1.56833E-03   1.00000E+00   0.00000E+00   1.93789E+00   2.56219E-16            16   7.01422E-10   3.14073E+00
        2212   2.65440E+02   1.20000E-01   6.18136E-01   1.74390E-04   2.96438E-04   0.00000E+00   1.50631E-03   1.00000E+00   0.00000E+00   1.93789E+00   2.58834E-16            16   7.06648E-10   3.14076E+00
        2213   2.65560E+02   1.20000E-01   6.18136E-01   1.73977E-04   2.95738E-04   0.00000E+00   1.44393E-03   1.00000E+00   0.00000E+00   1.93789E+00   2.62746E-16            16   7.10707E-10   3.14079E+00
        2214   2.65680E+02   1.20000E-01   6.18136E-01   1.73560E-04   2.95026E-04   0.00000E+00   1.38116E-03   1.00000E+00   0.00000E+00   1.93789E+00   2.65937E-16            16   7.15342E-10   3.14082E+00
        2215   2.65800E+02   1.20000E-01   6.18136E-01   1.73139E-04   2.94303E-04   0.00000E+00   1.31795E-03   1.00000E+00   0.00000E+00   1.93789E+00   2.67734E-16            16   7.19390E-10   3.14085E+00
        2216   2.65920E+02   1.20000E-01   6.18136E-01   1.72714E-04   2.93567E-04   0.00000E+00   1.25427E-03   1.00000E+00   0.00000E+00   1.93789E+00   2.69213E-16            16   7.23676E-10   3.14088E+00
        2217   2.66040E+02   1.20000E-01   6.18136E-01   1.72285E-04   2.92820E-04   0.00000E+00   1.19003E-03   1.00000E+00   0.00000E+00   1.93789E+00   2.71885E-16            16   7.26653E-10   3.14091E+00
        2218   2.66160E+02   1.20000E-01   6.18136E-01   1.71852E-04   2.92061E-04   0.00000E+00   1.12520E-03   1.00000E+00   0.00000E+00   1.93789E+00   2.84437E-16            16   7.29734E-10   3.14094E+00
        2219   2.66280E+02   1.20000E-01   6.18136E-01   1.71416E-04   2.91289E-04   0.00000E+00   1.05965E-03   1.00000E+00   0.00000E+00   1.93789E+00   2.81362E-16            16   7.31411E-10   3.14097E+00
        2220   2.66400E+02   1.20000E-01   6.18136E-01   1.70975E-04   2.90505E-04   0.00000E+00   9.93785E-04   1.00000E+00   0.00000E+00   1.93789E+00   2.58349E-16            16   7.18191E-10   3.14100E+00
        2221   2.66520E+02   1.20000E-01   6.18136E-01   1.70530E-04   2.89708E-04   0.00000E+00   9.26688E-04   1.00000E+00   0.00000E+00   1.93789E+00   2.61587E-16            16   7.29990E-10   3.14103E+00
        2222   2.66640E+02   1.20000E-01   6.18136E-01   1.70082E-04   2.88899E-04   0.00000E+00   8.58008E-04   1.00000E+00   0.00000E+00   1.93789E+00   3.03319E-16            16   7.39058E-10   3.14106E+00
        2223   2.66760E+02   1.20000E-01   6.18136E-01   1.69630E-04   2.88077E-04   0.00000E+00   7.88868E-04   1.00000E+00   0.00000E+00   1.93789E+00   2.99057E-16            16   7.25659E-10   3.14109E+00
        2224   2.66880E+02   1.20000E-01   6.18136E-01   1.69173E-04   2.87242E-04   0.00000E+00   7.18133E-04   1.00000E+00   0.00000E+00   1.93789E+00   2.99675E-16            16   7.32001E-10   3.14112E+00
        2225   2.67000E+02   1.20000E-01   6.18136E-01   1.68713E-04   2.86394E-04   0.00000E+00   7.57788E-04   1.00000E+00   0.00000E+00   1.93789E+00   3.13719E-16            16   7.14471E-10   3.14115E+00
        2226   2.67120E+02   1.20000E-01   6.18136E-01   1.68249E-04   2.85533E-04   0.00000E+00   7.98588E-04   1.00000E+00   0.00000E+00   1.93789E+00   3.99371E-16            16   7.35810E-10   3.14117E+00
        2227   2.67240E+02   1.20000E-01   6.18136E-01   1.67782E-04   2.84658E-04   0.00000E+00   8.41265E-04   1.00000E+00   0.00000E+00   1.93789E+00   4.02167E-16            16   7.19865E-10   3.14120E+00
        2228   2.67360E+02   1.20000E-01   6.18136E-01   1.67310E-04   2.83769E-04   0.00000E+00   8.83242E-04   1.00000E+00   0.00000E+00   1.93789E+00   3.98904E-16            16   6.89274E-10   3.14123E+00
        2229   2.67480E+02   1.20000E-01   6.18136E-01   1.66835E-04   2.82866E-04   0.00000E+00   9.25147E-04   1.00000E+00   0.00000E+00   1.93789E+00   4.65649E-16            16   6.78305E-10   3.14126E+00
        2230   2.67600E+02   1.20000E-01   6.18136E-01   1.66356E-04   2.81949E-04   0.00000E+00   9.68229E-04   1.00000E+00   0.00000E+00   1.93789E+00   5.15565E-16            16   6.79898E-10   3.14129E+00
        2231   2.67720E+02   1.20000E-01   6.18136E-01   1.65873E-04   2.81017E-04   0.00000E+00   1.00830E-03   1.00000E+00   0.00000E+00   1.93789E+00   5.73763E-16            16   6.26461E-10   3.14132E+00
        2232   2.67840E+02   1.20000E-01   6.18136E-01   1.65386E-04   2.80071E-04   0.00000E+00   1.05137E-03   1.00000E+00   0.00000E+00   1.93789E+00   6.21074E-16            16   5.89060E-10   3.14135E+00
        2233   2.67960E+02   1.20000E-01   6.18136E-01   1.64896E-04   2.79109E-04   0.00000E+00   1.09034E-03   1.00000E+00   0.00000E+00   1.93789E+00   7.55541E-16            16   5.56059E-10   3.14138E+00
        2234   2.68080E+02   1.20000E-01   6.18136E-01   1.64402E-04   2.78132E-04   0.00000E+00   1.13469E-03   1.00000E+00   0.00000E+00   1.93789E+00   8.13355E-16            16   5.24232E-10   3.14141E+00
        2235   2.68200E+02   1.20000E-01   6.18136E-01   1.63904E-04   2.77139E-04   0.00000E+00   1.17425E-03   1.00000E+00   0.00000E+00   1.93789E+00   8.67434E-16            16   4.84368E-10   3.14144E+00
        2236   2.68320E+02   1.20000E-01   6.18136E-01   1.63402E-04   2.76128E-04   0.00000E+00   1.21276E-03   1.00000E+00   0.00000E+00   1.93789E+00   7.82900E-16            16   3.89633E-10   3.14146E+00
        2237   2.68440E+02   1.20000E-01   6.18136E-01   1.62896E-04   2.75098E-04   0.00000E+00   1.24568E-03   1.00000E+00   0.00000E+00   1.93789E+00   8.71016E-16            16   2.98915E-10   3.14149E+00
        2238   2.68560E+02   1.20000E-01   6.18136E-01   1.62387E-04   2.74051E-04   0.00000E+00   1.28802E-03   1.00000E+00   0.00000E+00   1.93789E+00   1.42395E-15            16   4.00176E-10   3.14152E+00
        2239   2.68680E+02   1.20000E-01   6.18136E-01   1.61874E-04   2.72982E-04   0.00000E+00   1.71382E-03   1.00000E+00   0.00000E+00   1.93789E+00   3.56952E-15            16   4.63608E-10   3.14155E+00
        2240   2.68800E+02   1.20000E-01   6.18136E-01   1.61353E-04   2.71878E-04   0.00000E+00   1.49926E-03   1.00000E+00   0.00000E+00   1.93789E+00   4.20211E-15            16   5.68918E-10   3.14160E+00
        2241   2.68920E+02   1.20000E-01   6.18136E-01   1.60849E-04   2.70791E-04   0.00000E+00   1.55204E-03   1.00000E+00   0.00000E+00   1.93789E+00   4.69791E-15            16   5.39329E-10   3.14161E+00
        2242   2.69040E+02   1.20000E-01   6.18136E-01   1.60347E-04   2.69736E-04   0.00000E+00   1.61479E-03   1.00000E+00   0.00000E+00   1.93789E+00   2.98016E-15            16   4.07954E-10   3.14163E+00
        2243   2.69160E+02   1.20000E-01   6.18136E-01   1.59844E-04   2.68706E-04   0.00000E+00   1.66650E-03   1.00000E+00   0.00000E+00   1.93789E+00   1.63373E-15            16   3.19033E-10   3.14166E+00
        2244   2.69280E+02   1.20000E-01   6.18136E-01   1.59342E-04   2.67697E-04   0.00000E+00   1.71050E-03   1.00000E+00   0.00000E+00   1.93789E+00   1.03933E-15            16   3.82952E-10   3.14169E+00
        2245   2.69400E+02   1.20000E-01   6.18136E-01   1.58838E-04   2.66706E-04   0.00000E+00   1.75119E-03   1.00000E+00   0.00000E+00   1.93789E+00   1.06389E-15            16   3.91285E-10   3.14172E+00
        2246   2.69520E+02   1.20000E-01   6.18136E-01   1.58334E-04   2.65731E-04   0.00000E+00   1.78796E-03   1.00000E+00   0.00000E+00   1.93789E+00   1.15724E-15            16   3.91847E-10   3.14175E+00
        2247   2.69640E+02   1.20000E-01   6.18136E-01   1.57829E-04   2.64770E-04   0.00000E+00   1.82212E-03   1.00000E+00   0.00000E+00   1.93789E+00   9.88014E-16            16   4.26811E-10   3.14177E+00
        2248   2.69760E+02   1.20000E-01   6.18136E-01   1.57322E-04   2.63821E-04   0.00000E+00   1.85546E-03   1.00000E+00   0.00000E+00   1.93789E+00   8.64435E-16            16   4.98684E-10   3.14180E+00
        2249   2.69880E+02   1.20000E-01   6.18136E-01   1.56814E-04   2.62883E-04   0.00000E+00   1.88842E-03   1.00000E+00   0.00000E+00   1.93789E+00   7.46111E-16            16   5.78624E-10   3.14183E+00
        2250   2.70000E+02   1.20000E-01   6.18136E-01   1.56305E-04   2.61954E-04   0.00000E+00   1.92276E-03   1.00000E+00   0.00000E+00   1.93789E+00   7.50064E-16            16   6.57780E-10   3.14186E+00
        2251   2.70120E+02   1.20000E-01   6.18136E-01   1.55794E-04   2.61034E-04   0.00000E+00   1.95759E-03   1.00000E+00   0.00000E+00   1.93789E+00   8.77397E-16            16   6.23564E-10   3.14189E+00
        2252   2.70240E+02   1.20000E-01   6.18136E-01   1.55281E-04   2.60122E-04   0.00000E+00   1.99407E-03   1.00000E+00   0.00000E+00   1.93789E+00   8.61799E-16            16   7.01552E-10   3.14191E+00
        2253   2.70360E+02   1.20000E-01   6.18136E-01   1.54766E-04   2.59217E-04   0.00000E+00   2.03633E-03   1.00000E+00   0.00000E+00   1.93789E+00   7.16765E-16            16   7.98593E-10   3.14194E+00
        2254   2.70480E+02   1.20000E-01   6.18136E-01   1.54250E-04   2.58318E-04   0.00000E+00   2.08221E-03   1.00000E+00   0.00000E+00   1.93789E+00   6.72632E-16            16   8.31744E-10   3.14197E+00
        2255   2.70600E+02   1.20000E-01   6.18136E-01   1.53732E-04   2.57426E-04   0.00000E+00   2.12636E-03   1.00000E+00   0.00000E+00   1.93789E+00   6.51136E-16            16   8.55309E-10   3.14200E+00
        2256   2.70720E+02   1.20000E-01   6.18136E-01   1.53212E-04   2.56538E-04   0.00000E+00   2.16910E-03   1.00000E+00   0.00000E+00   1.93789E+00   6.23738E-16            16   8.71815E-10   3.14202E+00
        2257   2.70840E+02   1.20000E-01   6.18136E-01   1.52689E-04   2.55656E-04   0.00000E+00   2.21073E-03   1.00000E+00   0.00000E+00   1.93789E+00   5.91649E-16            16   8.80398E-10   3.14205E+00
        2258   2.70960E+02   1.20000E-01   6.18136E-01   1.52165E-04   2.54778E-04   0.00000E+00   2.25152E-03   1.00000E+00   0.00000E+00   1.93789E+00   5.49123E-16            16   8.81132E-10   3.14208E+00
        2259   2.71080E+02   1.20000E-01   6.18136E-01   1.51679E-04   2.53904E-04   0.00000E+00   2.29171E-03   1.00000E+00   0.00000E+00   1.93789E+00   5.01137E-16            16   8.74969E-10   3.14210E+00
        2260   2.71200E+02   1.20000E-01   6.18136E-01   1.51224E-04   2.53034E-04   0.00000E+00   2.33153E-03   1.00000E+00   0.00000E+00   1.93789E+00   4.75115E-16            16   8.64121E-10   3.14213E+00
        2261   2.71320E+02   1.20000E-01   6.18136E-01   1.50767E-04   2.52167E-04   0.00000E+00   2.37114E-03   1.00000E+00   0.00000E+00   1.93789E+00   4.72713E-16            16   8.50599E-10   3.14216E+00
        2262   2.71440E+02   1.20000E-01   6.18136E-01   1.50307E-04   2.51303E-04   0.00000E+00   2.41068E-03   1.00000E+00   0.00000E+00   1.93789E+00   4.66491E-16            16   8.36544E-10   3.14219E+00
        2263   2.71560E+02   1.20000E-01   6.18136E-01   1.49846E-04   2.50442E-04   0.00000E+00   2.45022E-03   1.00000E+00   0.00000E+00   1.93789E+00   4.65709E-16            16   8.22870E-10   3.14221E+00
        2264   2.71680E+02   1.20000E-01   6.18136E-01   1.49382E-04   2.49583E-04   0.00000E+00   2.48980E-03   1.00000E+00   0.00000E+00   1.93789E+00   4.56919E-16            16   8.10096E-10   3.14224E+00
        2265   2.71800E+02   1.20000E-01   6.18136E-01   1.48916E-04   2.48726E-04   0.00000E+00   2.52945E-03   1.00000E+00   0.00000E+00   1.93789E+00   4.57651E-16            16   7.99297E-10   3.14227E+00
        2266   2.71920E+02   1.20000E-01   6.18136E-01   1.48447E-04   2.47872E-04   0.00000E+00   2.56985E-03   1.00000E+00   0.00000E+00   1.93789E+00   4.51244E-16            16   7.89843E-10   3.14229E+00
        2267   2.72040E+02   1.20000E-01   6.18136E-01   1.47977E-04   2.47018E-04   0.00000E+00   2.60950E-03   1.00000E+00   0.00000E+00   1.93789E+00   4.51529E-16            16   7.79069E-10   3.14232E+00
        2268   2.72160E+02   1.20000E-01   6.18136E-01   1.47504E-04   2.46167E-04   0.00000E+00   2.64939E-03   1.00000E+00   0.00000E+00   1.93789E+00   4.55420E-16            16   7.74453E-10   3.14234E+00
        2269   2.72280E+02   1.20000E-01   6.18136E-01   1.47029E-04   2.45316E-04   0.00000E+00   2.68891E-03   1.00000E+00   0.00000E+00   1.93789E+00   4.51859E-16            16   7.68611E-10   3.14237E+00
        2270   2.72400E+02   1.20000E-01   6.18136E-01   1.46551E-04   2.44467E-04   0.00000E+00   2.72826E-03   1.00000E+00   0.00000E+00   1.93789E+00   4.51404E-16            16   7.63223E-10   3.14240E+00
        2271   2.72520E+02   1.20000E-01   6.18136E-01   1.46072E-04   2.43618E-04   0.00000E+00   2.76743E-03   1.00000E+00   0.00000E+00   1.93789E+00   4.46115E-16            16   7.57661E-10   3.14242E+00
        2272   2.72640E+02   1.20000E-01   6.18136E-01   1.45590E-04   2.42770E-04   0.00000E+00   2.80643E-03   1.00000E+00   0.00000E+00   1.93789E+00   4.40419E-16            16   7.51348E-10   3.14245E+00
        2273   2.72760E+02   1.20000E-01   6.18136E-01   1.45106E-04   2.41923E-04   0.00000E+00   2.84530E-03   1.00000E+00   0.00000E+00   1.93789E+00   4.32208E-16            16   7.44507E-10   3.14248E+00
        2274   2.72880E+02   1.20000E-01   6.18136E-01   1.44620E-04   2.41076E-04   0.00000E+00   2.88419E-03   1.00000E+00   0.00000E+00   1.93789E+00   4.23076E-16            16   7.37514E-10   3.14250E+00
        2275   2.73000E+02   1.20000E-01   6.18136E-01   1.44131E-04   2.40229E-04   0.00000E+00   2.92296E-03   1.00000E+00   0.00000E+00   1.93789E+00   4.18834E-16            16   7.32347E-10   3.14253E+00
        2276   2.73120E+02   1.20000E-01   6.18136E-01   1.43640E-04   2.39382E-04   0.00000E+00   2.96156E-03   1.00000E+00   0.00000E+00   1.93789E+00   4.15851E-16            16   7.28141E-10   3.14255E+00
        2277   2.73240E+02   1.20000E-01   6.18136E-01   1.43147E-04   2.38535E-04   0.00000E+00   2.99997E-03   1.00000E+00   0.00000E+00   1.93789E+00   4.18496E-16            16   7.25240E-10   3.14258E+00
        2278   2.73360E+02   1.20000E-01   6.18136E-01   1.42652E-04   2.37688E-04   0.00000E+00   3.03819E-03   1.00000E+00   0.00000E+00   1.93789E+00   4.20540E-16            16   7.22394E-10   3.14260E+00
        2279   2.73480E+02   1.20000E-01   6.18136E-01   1.42155E-04   2.36841E-04   0.00000E+00   3.07624E-03   1.00000E+00   0.00000E+00   1.93789E+00   4.20510E-16            16   7.18985E-10   3.14263E+00
        2280   2.73600E+02   1.20000E-01   6.18136E-01   1.41655E-04   2.35993E-04   0.00000E+00   3.11412E-03   1.00000E+00   0.00000E+00   1.93789E+00   4.16418E-16            16   7.15048E-10   3.14265E+00
        2281   2.73720E+02   1.20000E-01   6.18136E-01   1.41154E-04   2.35145E-04   0.00000E+00   3.15183E-03   1.00000E+00   0.00000E+00   1.93789E+00   4.14437E-16            16   7.10539E-10   3.14268E+00
        2282   2.73840E+02   1.20000E-01   6.18136E-01   1.40650E-04   2.34296E-04   0.00000E+00   3.18936E-03   1.00000E+00   0.00000E+00   1.93789E+00   4.08296E-16            16   7.05964E-10   3.14270E+00
        2283   2.73960E+02   1.20000E-01   6.18136E-01   1.40144E-04   2.33446E-04   0.00000E+00   3.22673E-03   1.00000E+00   0.00000E+00   1.93789E+00   4.02934E-16            16   7.01379E-10   3.14273E+00
        2284   2.74080E+02   1.20000E-01   6.18136E-01   1.39636E-04   2.32595E-04   0.00000E+00   3.26393E-03   1.00000E+00   0.00000E+00   1.93789E+00   3.99477E-16            16   6.97662E-10   3.14276E+00
        2285   2.74200E+02   1.20000E-01   6.18136E-01   1.39125E-04   2.31743E-04   0.00000E+00   3.30097E-03   1.00000E+00   0.00000E+00   1.93789E+00   3.99990E-16            16   6.94761E-10   3.14278E+00
        2286   2.74320E+02   1.20000E-01   6.18136E-01   1.38613E-04   2.30891E-04   0.00000E+00   3.33783E-03   1.00000E+00   0.00000E+00   1.93789E+00   4.00960E-16            16   6.92146E-10   3.14280E+00
        2287   2.74440E+02   1.20000E-01   6.18136E-01   1.38098E-04   2.30037E-04   0.00000E+00   3.37453E-03   1.00000E+00   0.00000E+00   1.93789E+00   3.99210E-16            16   6.89695E-10   3.14283E+00
        2288   2.74560E+02   1.20000E-01   6.18136E-01   1.37582E-04   2.29182E-04   0.00000E+00   3.41109E-03   1.00000E+00   0.00000E+00   1.93789E+00   4.00070E-16            16   6.87200E-10   3.14285E+00
        2289   2.74680E+02   1.20000E-01   6.18136E-01   1.37063E-04   2.28326E-04   0.00000E+00   3.44748E-03   1.00000E+00   0.00000E+00   1.93789E+00   3.97567E-16            16   6.84432E-10   3.14288E+00
        2290   2.74800E+02   1.20000E-01   6.18136E-01   1.36542E-04   2.27469E-04   0.00000E+00   3.48368E-03   1.00000E+00   0.00000E+00   1.93789E+00   3.94448E-16            16   6.81609E-10   3.14290E+00
        2291   2.74920E+02   1.20000E-01   6.18136E-01   1.36019E-04   2.26611E-04   0.00000E+00   3.51971E-03   1.00000E+00   0.00000E+00   1.93789E+00   3.93212E-16            16   6.78845E-10   3.14293E+00
        2292   2.75040E+02   1.20000E-01   6.18136E-01   1.35495E-04   2.25751E-04   0.00000E+00   3.55555E-03   1.00000E+00   0.00000E+00   1.93789E+00   3.99356E-16            16   6.76202E-10   3.14295E+00
        2293   2.75160E+02   1.20000E-01   6.18136E-01   1.34968E-04   2.24889E-04   0.00000E+00   3.59121E-03   1.00000E+00   0.00000E+00   1.93789E+00   4.04556E-16            16   6.73958E-10   3.14298E+00
        2294   2.75280E+02   1.20000E-01   6.18136E-01   1.34439E-04   2.24026E-04   0.00000E+00   3.62669E-03   1.00000E+00   0.00000E+00   1.93789E+00   4.11309E-16            16   6.71698E-10   3.14300E+00
        2295   2.75400E+02   1.20000E-01   6.18136E-01   1.33908E-04   2.23162E-04   0.00000E+00   3.66198E-03   1.00000E+00   0.00000E+00   1.93789E+00   4.16296E-16            16   6.69975E-10   3.14302E+00
        2296   2.75520E+02   1.20000E-01   6.18136E-01   1.33375E-04   2.22296E-04   0.00000E+00   3.69709E-03   1.00000E+00   0.00000E+00   1.93789E+00   4.22051E-16            16   6.67975E-10   3.14305E+00
        2297   2.75640E+02   1.20000E-01   6.18136E-01   1.32840E-04   2.21428E-04   0.00000E+00   3.73201E-03   1.00000E+00   0.00000E+00   1.93789E+00   4.26226E-16            16   6.66444E-10   3.14307E+00
        2298   2.75760E+02   1.20000E-01   6.18136E-01   1.32303E-04   2.20559E-04   0.00000E+00   3.76675E-03   1.00000E+00   0.00000E+00   1.93789E+00   4.30689E-16            16   6.64372E-10   3.14310E+00
        2299   2.75880E+02   1.20000E-01   6.18136E-01   1.31764E-04   2.19688E-04   0.00000E+00   3.80131E-03   1.00000E+00   0.00000E+00   1.93789E+00   4.34797E-16            16   6.62715E-10   3.14312E+00
        2300   2.76000E+02   1.20000E-01   6.18136E-01   1.31223E-04   2.18815E-04   0.00000E+00   3.83568E-03   1.00000E+00   0.00000E+00   1.93789E+00   4.37869E-16            16   6.60649E-10   3.14314E+00
        2301   2.76120E+02   1.20000E-01   6.18136E-01   1.30680E-04   2.17940E-04   0.00000E+00   3.86986E-03   1.00000E+00   0.00000E+00   1.93789E+00   4.40096E-16            16   6.59184E-10   3.14317E+00
        2302   2.76240E+02   1.20000E-01   6.18136E-01   1.30136E-04   2.17064E-04   0.00000E+00   3.90386E-03   1.00000E+00   0.00000E+00   1.93789E+00   4.41850E-16            16   6.57403E-10   3.14319E+00
        2303   2.76360E+02   1.20000E-01   6.18136E-01   1.29589E-04   2.16186E-04   0.00000E+00   3.93767E-03   1.00000E+00   0.00000E+00   1.93789E+00   4.42725E-16            16   6.56041E-10   3.14321E+00
        2304   2.76480E+02   1.20000E-01   6.18136E-01   1.29040E-04   2.15306E-04   0.00000E+00   3.97130E-03   1.00000E+00   0.00000E+00   1.93789E+00   4.43114E-16            16   6.54616E-10   3.14324E+00
        2305   2.76600E+02   1.20000E-01   6.18136E-01   1.28490E-04   2.14424E-04   0.00000E+00   4.00475E-03   1.00000E+00   0.00000E+00   1.93789E+00   4.43637E-16            16   6.53207E-10   3.14326E+00
        2306   2.76720E+02   1.20000E-01   6.18136E-01   1.27969E-04   2.13540E-04   0.00000E+00   4.03801E-03   1.00000E+00   0.00000E+00   1.93789E+00   4.44300E-16            16   6.51943E-10   3.14328E+00
        2307   2.76840E+02   1.20000E-01   6.18136E-01   1.27482E-04   2.12655E-04   0.00000E+00   4.07108E-03   1.00000E+00   0.00000E+00   1.93789E+00   4.45195E-16            16   6.50185E-10   3.14330E+00
        2308   2.76960E+02   1.20000E-01   6.18136E-01   1.26993E-04   2.11767E-04   0.00000E+00   4.10398E-03   1.00000E+00   0.00000E+00   1.93789E+00   4.46232E-16            16   6.49003E-10   3.14333E+00
        2309   2.77080E+02   1.20000E-01   6.18136E-01   1.26503E-04   2.10877E-04   0.00000E+00   4.13670E-03   1.00000E+00   0.00000E+00   1.93789E+00   4.47885E-16            16   6.47504E-10   3.14335E+00
        2310   2.77200E+02   1.20000E-01   6.18136E-01   1.26010E-04   2.09986E-04   0.00000E+00   4.16923E-03   1.00000E+00   0.00000E+00   1.93789E+00   4.48272E-16            16   6.46356E-10   3.14337E+00
        2311   2.77320E+02   1.20000E-01   6.18136E-01   1.25515E-04   2.09092E-04   0.00000E+00   4.20159E-03   1.00000E+00   0.00000E+00   1.93789E+00   4.49605E-16            16   6.45151E-10   3.14340E+00
        2312   2.77440E+02   1.20000E-01   6.18136E-01   1.25019E-04   2.08197E-04   0.00000E+00   4.23377E-03   1.00000E+00   0.00000E+00   1.93789E+00   4.51070E-16            16   6.43904E-10   3.14342E+00
        2313   2.77560E+02   1.20000E-01   6.18136E-01   1.24520E-04   2.07299E-04   0.00000E+00   4.26577E-03   1.00000E+00   0.00000E+00   1.93789E+00   4.51783E-16            16   6.43054E-10   3.14344E+00
        2314   2.77680E+02   1.20000E-01   6.18136E-01   1.24020E-04   2.06399E-04   0.00000E+00   4.29759E-03   1.00000E+00   0.00000E+00   1.93789E+00   4.52952E-16            16   6.41865E-10   3.14346E+00
        2315   2.77800E+02   1.20000E-01   6.18136E-01   1.23518E-04   2.05498E-04   0.00000E+00   4.32924E-03   1.00000E+00   0.00000E+00   1.93789E+00   4.53969E-16            16   6.40756E-10   3.14348E+00
        2316   2.77920E+02   1.20000E-01   6.18136E-01   1.23014E-04   2.04594E-04   0.00000E+00   4.36072E-03   1.00000E+00   0.00000E+00   1.93789E+00   4.54872E-16            16   6.39696E-10   3.14351E+00
        2317   2.78040E+02   1.20000E-01   6.18136E-01   1.22508E-04   2.03688E-04   0.00000E+00   4.39202E-03   1.00000E+00   0.00000E+00   1.93789E+00   4.56236E-16            16   6.38662E-10   3.14353E+00
        2318   2.78160E+02   1.20000E-01   6.18136E-01   1.22000E-04   2.02799E-04   0.00000E+00   4.42315E-03   1.00000E+00   0.00000E+00   1.93789E+00   4.57098E-16            16   6.37456E-10   3.14355E+00
        2319   2.78280E+02   1.20000E-01   6.18136E-01   1.21490E-04   2.01924E-04   0.00000E+00   4.45411E-03   1.00000E+00   0.00000E+00   1.93789E+00   4.57775E-16            16   6.36562E-10   3.14357E+00
        2320   2.78400E+02   1.20000E-01   6.18136E-01   1.20978E-04   2.01048E-04   0.00000E+00   4.48490E-03   1.00000E+00   0.00000E+00   1.93789E+00   4.58582E-16            16   6.35537E-10   3.14359E+00
        2321   2.78520E+02   1.20000E-01   6.18136E-01   1.20465E-04   2.00169E-04   0.00000E+00   4.51553E-03   1.00000E+00   0.00000E+00   1.93789E+00   4.59629E-16            16   6.34557E-10   3.14362E+00
        2322   2.78640E+02   1.20000E-01   6.18136E-01   1.19950E-04   1.99288E-04   0.00000E+00   4.54598E-03   1.00000E+00   0.00000E+00   1.93789E+00   4.60272E-16            16   6.33692E-10   3.14364E+00
        2323   2.78760E+02   1.20000E-01   6.18136E-01   1.19433E-04   1.98406E-04   0.00000E+00   4.57626E-03   1.00000E+00   0.00000E+00   1.93789E+00   4.61134E-16            16   6.32989E-10   3.14366E+00
        2324   2.78880E+02   1.20000E-01   6.18136E-01   1.18914E-04   1.97522E-04   0.00000E+00   4.60638E-03   1.00000E+00   0.00000E+00   1.93789E+00   4.62069E-16            16   6.31959E-10   3.14368E+00
        2325   2.79000E+02   1.20000E-01   6.18136E-01   1.18394E-04   1.96635E-04   0.00000E+00   4.63634E-03   1.00000E+00   0.00000E+00   1.93789E+00   4.63093E-16            16   6.31361E-10   3.14370E+00
        2326   2.79120E+02   1.20000E-01   6.18136E-01   1.17872E-04   1.95747E-04   0.00000E+00   4.66613E-03   1.00000E+00   0.00000E+00   1.93789E+00   4.64349E-16            16   6.30497E-10   3.14372E+00
        2327   2.79240E+02   1.20000E-01   6.18136E-01   1.17348E-04   1.94857E-04   0.00000E+00   4.69575E-03   1.00000E+00   0.00000E+00   1.93789E+00   4.66121E-16            16   6.29778E-10   3.14374E+00
        2328   2.79360E+02   1.20000E-01   6.18136E-01   1.16822E-04   1.93964E-04   0.00000E+00   4.72521E-03   1.00000E+00   0.00000E+00   1.93789E+00   4.67102E-16            16   6.29070E-10   3.14376E+00
        2329   2.79480E+02   1.20000E-01   6.18136E-01   1.16295E-04   1.93070E-04   0.00000E+00   4.75450E-03   1.00000E+00   0.00000E+00   1.93789E+00   4.68537E-16            16   6.28519E-10   3.14378E+00
        2330   2.79600E+02   1.20000E-01   6.18136E-01   1.15766E-04   1.92174E-04   0.00000E+00   4.78364E-03   1.00000E+00   0.00000E+00   1.93789E+00   4.70191E-16            16   6.27668E-10   3.14380E+00
        2331   2.79720E+02   1.20000E-01   6.18136E-01   1.15235E-04   1.91276E-04   0.00000E+00   4.81261E-03   1.00000E+00   0.00000E+00   1.93789E+00   4.71564E-16            16   6.27323E-10   3.14382E+00
        2332   2.79840E+02   1.20000E-01   6.18136E-01   1.14703E-04   1.90376E-04   0.00000E+00   4.84141E-03   1.00000E+00   0.00000E+00   1.93789E+00   4.72625E-16            16   6.26770E-10   3.14385E+00
        2333   2.79960E+02   1.20000E-01   6.18136E-01   1.14169E-04   1.89474E-04   0.00000E+00   4.87006E-03   1.00000E+00   0.00000E+00   1.93789E+00   4.73469E-16            16   6.26149E-10   3.14387E+00
        2334   2.80080E+02   1.20000E-01   6.18136E-01   1.13633E-04   1.88570E-04   0.00000E+00   4.89854E-03   1.00000E+00   0.00000E+00   1.93789E+00   4.73958E-16            16   6.25809E-10   3.14389E+00
        2335   2.80200E+02   1.20000E-01   6.18136E-01   1.13096E-04   1.87664E-04   0.00000E+00   4.92685E-03   1.00000E+00   0.00000E+00   1.93789E+00   4.74728E-16            16   6.25453E-10   3.14391E+00
        2336   2.80320E+02   1.20000E-01   6.18136E-01   1.12557E-04   1.86756E-04   0.00000E+00   4.95501E-03   1.00000E+00   0.00000E+00   1.93789E+00   4.75739E-16            16   6.24903E-10   3.14393E+00
        2337   2.80440E+02   1.20000E-01   6.18136E-01   1.12017E-04   1.85846E-04   0.00000E+00   4.98300E-03   1.00000E+00   0.00000E+00   1.93789E+00   4.76094E-16            16   6.24713E-10   3.14395E+00
        2338   2.80560E+02   1.20000E-01   6.18136E-01   1.11475E-04   1.84935E-04   0.00000E+00   5.01083E-03   1.00000E+00   0.00000E+00   1.93789E+00   4.76471E-16            16   6.24228E-10   3.14397E+00
        2339   2.80680E+02   1.20000E-01   6.18136E-01   1.10931E-04   1.84021E-04   0.00000E+00   5.03849E-03   1.00000E+00   0.00000E+00   1.93789E+00   4.77029E-16            16   6.23789E-10   3.14398E+00
        2340   2.80800E+02   1.20000E-01   6.18136E-01   1.10386E-04   1.83106E-04   0.00000E+00   5.06599E-03   1.00000E+00   0.00000E+00   1.93789E+00   4.77233E-16            16   6.23633E-10   3.14400E+00
        2341   2.80920E+02   1.20000E-01   6.18136E-01   1.09840E-04   1.82188E-04   0.00000E+00   5.09332E-03   1.00000E+00   0.00000E+00   1.93789E+00   4.77764E-16            16   6.23264E-10   3.14402E+00
        2342   2.81040E+02   1.20000E-01   6.18136E-01   1.09292E-04   1.81269E-04   0.00000E+00   5.12049E-03   1.00000E+00   0.00000E+00   1.93789E+00   4.78453E-16            16   6.22899E-10   3.14404E+00
        2343   2.81160E+02   1.20000E-01   6.18136E-01   1.08743E-04   1.80348E-04   0.00000E+00   5.14750E-03   1.00000E+00   0.00000E+00   1.93789E+00   4.78829E-16            16   6.22877E-10   3.14406E+00
        2344   2.81280E+02   1.20000E-01   6.18136E-01   1.08192E-04   1.79425E-04   0.00000E+00   5.17434E-03   1.00000E+00   0.00000E+00   1.93789E+00   4.78989E-16            16   6.22510E-10   3.14408E+00
        2345   2.81400E+02   1.20000E-01   6.18136E-01   1.07639E-04   1.78500E-04   0.00000E+00   5.20101E-03   1.00000E+00   0.00000E+00   1.93789E+00   4.80031E-16            16   6.22278E-10   3.14410E+00
        2346   2.81520E+02   1.20000E-01   6.18136E-01   1.07139E-04   1.77573E-04   0.00000E+00   5.22752E-03   1.00000E+00   0.00000E+00   1.93789E+00   4.80268E-16            16   6.22248E-10   3.14412E+00
        2347   2.81640E+02   1.20000E-01   6.18136E-01   1.06646E-04   1.76645E-04   0.00000E+00   5.25386E-03   1.00000E+00   0.00000E+00   1.93789E+00   4.81355E-16            16   6.22114E-10   3.14414E+00
        2348   2.81760E+02   1.20000E-01   6.18136E-01   1.06152E-04   1.75714E-04   0.00000E+00   5.28003E-03   1.00000E+00   0.00000E+00   1.93789E+00   4.81392E-16            16   6.21871E-10   3.14416E+00
        2349   2.81880E+02   1.20000E-01   6.18136E-01   1.05657E-04   1.74782E-04   0.00000E+00   5.30603E-03   1.00000E+00   0.00000E+00   1.93789E+00   4.82484E-16            16   6.21908E-10   3.14418E+00
        2350   2.82000E+02   1.20000E-01   6.18136E-01   1.05160E-04   1.73848E-04   0.00000E+00   5.33187E-03   1.00000E+00   0.00000E+00   1.93789E+00   4.82527E-16            16   6.21835E-10   3.14419E+00
        2351   2.82120E+02   1.20000E-01   6.18136E-01   1.04662E-04   1.72913E-04   0.00000E+00   5.35753E-03   1.00000E+00   0.00000E+00   1.93789E+00   4.83308E-16            16   6.21671E-10   3.14421E+00
        2352   2.82240E+02   1.20000E-01   6.18136E-01   1.04162E-04   1.71975E-04   0.00000E+00   5.38303E-03   1.00000E+00   0.00000E+00   1.93789E+00   4.83573E-16            16   6.21781E-10   3.14423E+00
        2353   2.82360E+02   1.20000E-01   6.18136E-01   1.03660E-04   1.71036E-04   0.00000E+00   5.40836E-03   1.00000E+00   0.00000E+00   1.93789E+00   4.84115E-16            16   6.21777E-10   3.14425E+00
        2354   2.82480E+02   1.20000E-01   6.18136E-01   1.03157E-04   1.70095E-04   0.00000E+00   5.43352E-03   1.00000E+00   0.00000E+00   1.93789E+00   4.84642E-16            16   6.21680E-10   3.14427E+00
        2355   2.82600E+02   1.20000E-01   6.18136E-01   1.02653E-04   1.69153E-04   0.00000E+00   5.45852E-03   1.00000E+00   0.00000E+00   1.93789E+00   4.84782E-16            16   6.21851E-10   3.14429E+00
        2356   2.82720E+02   1.20000E-01   6.18136E-01   1.02147E-04   1.68209E-04   0.00000E+00   5.48334E-03   1.00000E+00   0.00000E+00   1.93789E+00   4.84992E-16            16   6.21905E-10   3.14430E+00
        2357   2.82840E+02   1.20000E-01   6.18136E-01   1.01640E-04   1.67263E-04   0.00000E+00   5.50799E-03   1.00000E+00   0.00000E+00   1.93789E+00   4.85136E-16            16   6.21861E-10   3.14432E+00
        2358   2.82960E+02   1.20000E-01   6.18136E-01   1.01131E-04   1.66315E-04   0.00000E+00   5.53247E-03   1.00000E+00   0.00000E+00   1.93789E+00   4.85341E-16            16   6.22084E-10   3.14434E+00
        2359   2.83080E+02   1.20000E-01   6.18136E-01   1.00622E-04   1.65366E-04   0.00000E+00   5.55678E-03   1.00000E+00   0.00000E+00   1.93789E+00   4.85430E-16            16   6.22189E-10   3.14436E+00
        2360   2.83200E+02   1.20000E-01   6.18136E-01   1.00110E-04   1.64416E-04   0.00000E+00   5.58092E-03   1.00000E+00   0.00000E+00   1.93789E+00   4.85958E-16            16   6.22197E-10   3.14437E+00
        2361   2.83320E+02   1.20000E-01   6.18136E-01   9.95976E-05   1.63464E-04   0.00000E+00   5.60488E-03   1.00000E+00   0.00000E+00   1.93789E+00   4.86206E-16            16   6.22471E-10   3.14439E+00
        2362   2.83440E+02   1.20000E-01   6.18136E-01   9.90835E-05   1.62510E-04   0.00000E+00   5.62868E-03   1.00000E+00   0.00000E+00   1.93789E+00   4.86683E-16            16   6.22626E-10   3.14441E+00
        2363   2.83560E+02   1.20000E-01   6.18136E-01   9.85682E-05   1.61555E-04   0.00000E+00   5.65231E-03   1.00000E+00   0.00000E+00   1.93789E+00   4.86963E-16            16   6.22682E-10   3.14443E+00
        2364   2.83680E+02   1.20000E-01   6.18136E-01   9.80516E-05   1.60598E-04   0.00000E+00   5.67576E-03   1.00000E+00   0.00000E+00   1.93789E+00   4.87869E-16            16   6.22999E-10   3.14444E+00
        2365   2.83800E+02   1.20000E-01   6.18136E-01   9.75336E-05   1.59640E-04   0.00000E+00   5.69904E-03   1.00000E+00   0.00000E+00   1.93789E+00   4.88186E-16            16   6.23104E-10   3.14446E+00
        2366   2.83920E+02   1.20000E-01   6.18136E-01   9.70144E-05   1.58680E-04   0.00000E+00   5.72215E-03   1.00000E+00   0.00000E+00   1.93789E+00   4.88825E-16            16   6.23280E-10   3.14448E+00
        2367   2.84040E+02   1.20000E-01   6.18136E-01   9.64939E-05   1.57719E-04   0.00000E+00   5.74509E-03   1.00000E+00   0.00000E+00   1.93789E+00   4.89645E-16            16   6.23566E-10   3.14449E+00
        2368   2.84160E+02   1.20000E-01   6.18136E-01   9.59722E-05   1.56798E-04   0.00000E+00   5.76786E-03   1.00000E+00   0.00000E+00   1.93789E+00   4.90091E-16            16   6.23853E-10   3.14451E+00
        2369   2.84280E+02   1.20000E-01   6.18136E-01   9.54492E-05   1.55889E-04   0.00000E+00   5.79045E-03   1.00000E+00   0.00000E+00   1.93789E+00   4.90702E-16            16   6.23933E-10   3.14453E+00
        2370   2.84400E+02   1.20000E-01   6.18136E-01   9.49250E-05   1.54980E-04   0.00000E+00   5.81286E-03   1.00000E+00   0.00000E+00   1.93789E+00   4.91048E-16            16   6.24354E-10   3.14454E+00
        2371   2.84520E+02   1.20000E-01   6.18136E-01   9.43997E-05   1.54069E-04   0.00000E+00   5.83511E-03   1.00000E+00   0.00000E+00   1.93789E+00   4.91503E-16            16   6.24461E-10   3.14456E+00
        2372   2.84640E+02   1.20000E-01   6.18136E-01   9.38731E-05   1.53157E-04   0.00000E+00   5.85718E-03   1.00000E+00   0.00000E+00   1.93789E+00   4.92016E-16            16   6.24711E-10   3.14457E+00
        2373   2.84760E+02   1.20000E-01   6.18136E-01   9.33453E-05   1.52244E-04   0.00000E+00   5.87907E-03   1.00000E+00   0.00000E+00   1.93789E+00   4.92319E-16            16   6.24961E-10   3.14459E+00
        2374   2.84880E+02   1.20000E-01   6.18136E-01   9.28164E-05   1.51329E-04   0.00000E+00   5.90079E-03   1.00000E+00   0.00000E+00   1.93789E+00   4.92791E-16            16   6.25425E-10   3.14461E+00
        2375   2.85000E+02   1.20000E-01   6.18136E-01   9.22863E-05   1.50413E-04   0.00000E+00   5.92233E-03   1.00000E+00   0.00000E+00   1.93789E+00   4.93077E-16            16   6.25488E-10   3.14462E+00
        2376   2.85120E+02   1.20000E-01   6.18136E-01   9.17552E-05   1.49496E-04   0.00000E+00   5.94370E-03   1.00000E+00   0.00000E+00   1.93789E+00   4.93561E-16            16   6.26051E-10   3.14464E+00
        2377   2.85240E+02   1.20000E-01   6.18136E-01   9.12229E-05   1.48578E-04   0.00000E+00   5.96489E-03   1.00000E+00   0.00000E+00   1.93789E+00   4.93584E-16            16   6.26088E-10   3.14465E+00
        2378   2.85360E+02   1.20000E-01   6.18136E-01   9.06894E-05   1.47658E-04   0.00000E+00   5.98591E-03   1.00000E+00   0.00000E+00   1.93789E+00   4.93771E-16            16   6.26661E-10   3.14467E+00
        2379   2.85480E+02   1.20000E-01   6.18136E-01   9.01550E-05   1.46738E-04   0.00000E+00   6.00675E-03   1.00000E+00   0.00000E+00   1.93789E+00   4.93712E-16            16   6.26868E-10   3.14468E+00
        2380   2.85600E+02   1.20000E-01   6.18136E-01   8.96547E-05   1.45816E-04   0.00000E+00   6.02741E-03   1.00000E+00   0.00000E+00   1.93789E+00   4.94172E-16            16   6.27158E-10   3.14470E+00
        2381   2.85720E+02   1.20000E-01   6.18136E-01   8.91764E-05   1.44893E-04   0.00000E+00   6.04790E-03   1.00000E+00   0.00000E+00   1.93789E+00   4.94341E-16            16   6.27476E-10   3.14471E+00
        2382   2.85840E+02   1.20000E-01   6.18136E-01   8.86970E-05   1.43969E-04   0.00000E+00   6.06820E-03   1.00000E+00   0.00000E+00   1.93789E+00   4.94601E-16            16   6.27713E-10   3.14473E+00
        2383   2.85960E+02   1.20000E-01   6.18136E-01   8.82164E-05   1.43044E-04   0.00000E+00   6.08833E-03   1.00000E+00   0.00000E+00   1.93789E+00   4.94793E-16            16   6.28046E-10   3.14474E+00
        2384   2.86080E+02   1.20000E-01   6.18136E-01   8.77346E-05   1.42118E-04   0.00000E+00   6.10828E-03   1.00000E+00   0.00000E+00   1.93789E+00   4.95040E-16            16   6.28490E-10   3.14476E+00
        2385   2.86200E+02   1.20000E-01   6.18136E-01   8.72518E-05   1.41190E-04   0.00000E+00   6.12805E-03   1.00000E+00   0.00000E+00   1.93789E+00   4.95103E-16            16   6.28553E-10   3.14477E+00
        2386   2.86320E+02   1.20000E-01   6.18136E-01   8.67678E-05   1.40262E-04   0.00000E+00   6.14764E-03   1.00000E+00   0.00000E+00   1.93789E+00   4.95103E-16            16   6.29093E-10   3.14479E+00
        2387   2.86440E+02   1.20000E-01   6.18136E-01   8.62827E-05   1.39333E-04   0.00000E+00   6.16705E-03   1.00000E+00   0.00000E+00   1.93789E+00   4.95758E-16            16   6.29124E-10   3.14480E+00
        2388   2.86560E+02   1.20000E-01   6.18136E-01   8.57965E-05   1.38403E-04   0.00000E+00   6.18629E-03   1.00000E+00   0.00000E+00   1.93789E+00   4.95401E-16            16   6.29667E-10   3.14482E+00
        2389   2.86680E+02   1.20000E-01   6.18136E-01   8.53093E-05   1.37472E-04   0.00000E+00   6.20534E-03   1.00000E+00   0.00000E+00   1.93789E+00   4.95853E-16            16   6.29885E-10   3.14483E+00
        2390   2.86800E+02   1.20000E-01   6.18136E-01   8.48210E-05   1.36540E-04   0.00000E+00   6.22420E-03   1.00000E+00   0.00000E+00   1.93789E+00   4.95628E-16            16   6.30158E-10   3.14485E+00
        2391   2.86920E+02   1.20000E-01   6.18136E-01   8.43317E-05   1.35607E-04   0.00000E+00   6.24289E-03   1.00000E+00   0.00000E+00   1.93789E+00   4.96102E-16            16   6.30470E-10   3.14486E+00
        2392   2.87040E+02   1.20000E-01   6.18136E-01   8.38413E-05   1.34673E-04   0.00000E+00   6.26140E-03   1.00000E+00   0.00000E+00   1.93789E+00   4.95924E-16            16   6.30707E-10   3.14487E+00
        2393   2.87160E+02   1.20000E-01   6.18136E-01   8.33499E-05   1.33738E-04   0.00000E+00   6.27972E-03   1.00000E+00   0.00000E+00   1.93789E+00   4.96356E-16            16   6.31020E-10   3.14489E+00
        2394   2.87280E+02   1.20000E-01   6.18136E-01   8.28575E-05   1.32803E-04   0.00000E+00   6.29786E-03   1.00000E+00   0.00000E+00   1.93789E+00   4.96075E-16            16   6.31283E-10   3.14490E+00
        2395   2.87400E+02   1.20000E-01   6.18136E-01   8.23642E-05   1.31866E-04   0.00000E+00   6.31581E-03   1.00000E+00   0.00000E+00   1.93789E+00   4.96226E-16            16   6.31575E-10   3.14491E+00
        2396   2.87520E+02   1.20000E-01   6.18136E-01   8.18698E-05   1.30929E-04   0.00000E+00   6.33359E-03   1.00000E+00   0.00000E+00   1.93789E+00   4.96003E-16            16   6.31981E-10   3.14493E+00
        2397   2.87640E+02   1.20000E-01   6.18136E-01   8.13745E-05   1.29991E-04   0.00000E+00   6.35118E-03   1.00000E+00   0.00000E+00   1.93789E+00   4.96233E-16            16   6.32002E-10   3.14494E+00
        2398   2.87760E+02   1.20000E-01   6.18136E-01   8.08783E-05   1.29053E-04   0.00000E+00   6.36858E-03   1.00000E+00   0.00000E+00   1.93789E+00   4.95877E-16            16   6.32469E-10   3.14495E+00
        2399   2.87880E+02   1.20000E-01   6.18136E-01   8.03811E-05   1.28114E-04   0.00000E+00   6.38580E-03   1.00000E+00   0.00000E+00   1.93789E+00   4.96494E-16            16   6.32496E-10   3.14497E+00
        2400   2.88000E+02   1.20000E-01   6.18136E-01   7.98831E-05   1.27209E-04   0.00000E+00   6.40283E-03   1.00000E+00   0.00000E+00   1.93789E+00   4.95989E-16            16   6.32960E-10   3.14498E+00
        2401   2.88120E+02   1.20000E-01   6.18136E-01   7.93841E-05   1.26331E-04   0.00000E+00   6.41968E-03   1.00000E+00   0.00000E+00   1.93789E+00   4.96307E-16            16   6.32973E-10   3.14499E+00
        2402   2.88240E+02   1.20000E-01   6.18136E-01   7.88842E-05   1.25453E-04   0.00000E+00   6.43634E-03   1.00000E+00   0.00000E+00   1.93789E+00   4.96249E-16            16   6.33426E-10   3.14501E+00
        2403   2.88360E+02   1.20000E-01   6.18136E-01   7.83835E-05   1.24574E-04   0.00000E+00   6.45282E-03   1.00000E+00   0.00000E+00   1.93789E+00   4.96234E-16            16   6.33428E-10   3.14502E+00
        2404   2.88480E+02   1.20000E-01   6.18136E-01   7.78819E-05   1.23694E-04   0.00000E+00   6.46910E-03   1.00000E+00   0.00000E+00   1.93789E+00   4.95963E-16            16   6.33869E-10   3.14503E+00
        2405   2.88600E+02   1.20000E-01   6.18136E-01   7.73794E-05   1.22813E-04   0.00000E+00   6.48520E-03   1.00000E+00   0.00000E+00   1.93789E+00   4.96104E-16            16   6.34396E-10   3.14504E+00
        2406   2.88720E+02   1.20000E-01   6.18136E-01   7.68761E-05   1.21932E-04   0.00000E+00   6.50112E-03   1.00000E+00   0.00000E+00   1.93789E+00   4.95872E-16            16   6.34295E-10   3.14506E+00
        2407   2.88840E+02   1.20000E-01   6.18136E-01   7.63720E-05   1.21050E-04   0.00000E+00   6.51684E-03   1.00000E+00   0.00000E+00   1.93789E+00   4.96000E-16            16   6.34808E-10   3.14507E+00
        2408   2.88960E+02   1.20000E-01   6.18136E-01   7.58671E-05   1.20168E-04   0.00000E+00   6.53238E-03   1.00000E+00   0.00000E+00   1.93789E+00   4.95808E-16            16   6.34696E-10   3.14508E+00
        2409   2.89080E+02   1.20000E-01   6.18136E-01   7.53614E-05   1.19285E-04   0.00000E+00   6.54773E-03   1.00000E+00   0.00000E+00   1.93789E+00   4.95763E-16            16   6.35200E-10   3.14509E+00
        2410   2.89200E+02   1.20000E-01   6.18136E-01   7.48551E-05   1.18401E-04   0.00000E+00   6.56289E-03   1.00000E+00   0.00000E+00   1.93789E+00   4.95548E-16            16   6.35608E-10   3.14510E+00
        2411   2.89320E+02   1.20000E-01   6.18136E-01   7.44014E-05   1.17517E-04   0.00000E+00   6.57785E-03   1.00000E+00   0.00000E+00   1.93789E+00   4.95481E-16            16   6.35561E-10   3.14512E+00
        2412   2.89440E+02   1.20000E-01   6.18136E-01   7.39469E-05   1.16632E-04   0.00000E+00   6.59263E-03   1.00000E+00   0.00000E+00   1.93789E+00   4.95153E-16            16   6.35960E-10   3.14513E+00
        2413   2.89560E+02   1.20000E-01   6.18136E-01   7.34915E-05   1.15747E-04   0.00000E+00   6.60722E-03   1.00000E+00   0.00000E+00   1.93789E+00   4.95229E-16            16   6.35901E-10   3.14514E+00
        2414   2.89680E+02   1.20000E-01   6.18136E-01   7.30353E-05   1.14861E-04   0.00000E+00   6.62162E-03   1.00000E+00   0.00000E+00   1.93789E+00   4.94817E-16            16   6.36286E-10   3.14515E+00
        2415   2.89800E+02   1.20000E-01   6.18136E-01   7.25783E-05   1.13975E-04   0.00000E+00   6.63583E-03   1.00000E+00   0.00000E+00   1.93789E+00   4.94607E-16            16   6.36212E-10   3.14516E+00
        2416   2.89920E+02   1.20000E-01   6.18136E-01   7.21204E-05   1.13088E-04   0.00000E+00   6.64985E-03   1.00000E+00   0.00000E+00   1.93789E+00   4.94312E-16            16   6.36577E-10   3.14517E+00
        2417   2.90040E+02   1.20000E-01   6.18136E-01   7.16618E-05   1.12201E-04   0.00000E+00   6.66367E-03   1.00000E+00   0.00000E+00   1.93789E+00   4.94140E-16            16   6.36475E-10   3.14518E+00
        2418   2.90160E+02   1.20000E-01   6.18136E-01   7.12023E-05   1.11314E-04   0.00000E+00   6.67731E-03   1.00000E+00   0.00000E+00   1.93789E+00   4.93929E-16            16   6.36841E-10   3.14519E+00
        2419   2.90280E+02   1.20000E-01   6.18136E-01   7.07421E-05   1.10426E-04   0.00000E+00   6.69075E-03   1.00000E+00   0.00000E+00   1.93789E+00   4.93565E-16            16   6.36729E-10   3.14520E+00
        2420   2.90400E+02   1.20000E-01   6.18136E-01   7.02812E-05   1.09537E-04   0.00000E+00   6.70400E-03   1.00000E+00   0.00000E+00   1.93789E+00   4.93157E-16            16   6.37119E-10   3.14522E+00
        2421   2.90520E+02   1.20000E-01   6.18136E-01   6.98194E-05   1.08649E-04   0.00000E+00   6.71923E-03   1.00000E+00   0.00000E+00   1.93789E+00   4.93207E-16            16   6.37005E-10   3.14523E+00
        2422   2.90640E+02   1.20000E-01   6.18136E-01   6.93570E-05   1.07760E-04   0.00000E+00   6.73717E-03   1.00000E+00   0.00000E+00   1.93789E+00   4.92788E-16            16   6.37351E-10   3.14524E+00
        2423   2.90760E+02   1.20000E-01   6.18136E-01   6.88939E-05   1.06870E-04   0.00000E+00   6.75488E-03   1.00000E+00   0.00000E+00   1.93789E+00   4.92512E-16            16   6.37217E-10   3.14525E+00
        2424   2.90880E+02   1.20000E-01   6.18136E-01   6.84300E-05   1.05981E-04   0.00000E+00   6.77237E-03   1.00000E+00   0.00000E+00   1.93789E+00   4.91931E-16            16   6.37529E-10   3.14526E+00
        2425   2.91000E+02   1.20000E-01   6.18136E-01   6.79654E-05   1.05091E-04   0.00000E+00   6.78963E-03   1.00000E+00   0.00000E+00   1.93789E+00   4.91762E-16            16   6.37402E-10   3.14527E+00
        2426   2.91120E+02   1.20000E-01   6.18136E-01   6.75002E-05   1.04207E-04   0.00000E+00   6.80667E-03   1.00000E+00   0.00000E+00   1.93789E+00   4.91349E-16            16   6.37712E-10   3.14528E+00
        2427   2.91240E+02   1.20000E-01   6.18136E-01   6.70343E-05   1.03382E-04   0.00000E+00   6.82349E-03   1.00000E+00   0.00000E+00   1.93789E+00   4.91040E-16            16   6.37555E-10   3.14529E+00
        2428   2.91360E+02   1.20000E-01   6.18136E-01   6.65677E-05   1.02558E-04   0.00000E+00   6.84009E-03   1.00000E+00   0.00000E+00   1.93789E+00   4.90627E-16            16   6.37805E-10   3.14530E+00
        2429   2.91480E+02   1.20000E-01   6.18136E-01   6.61005E-05   1.01732E-04   0.00000E+00   6.85646E-03   1.00000E+00   0.00000E+00   1.93789E+00   4.90300E-16            16   6.37674E-10   3.14531E+00
        2430   2.91600E+02   1.20000E-01   6.18136E-01   6.56327E-05   1.00907E-04   0.00000E+00   6.87261E-03   1.00000E+00   0.00000E+00   1.93789E+00   4.89736E-16            16   6.37914E-10   3.14532E+00
        2431   2.91720E+02   1.20000E-01   6.18136E-01   6.51643E-05   1.00081E-04   0.00000E+00   6.88854E-03   1.00000E+00   0.00000E+00   1.93789E+00   4.89376E-16            16   6.37774E-10   3.14532E+00
        2432   2.91840E+02   1.20000E-01   6.18136E-01   6.46952E-05   9.92547E-05   0.00000E+00   6.90425E-03   1.00000E+00   0.00000E+00   1.93789E+00   4.88711E-16            16   6.38014E-10   3.14533E+00
        2433   2.91960E+02   1.20000E-01   6.18136E-01   6.42256E-05   9.84284E-05   0.00000E+00   6.91974E-03   1.00000E+00   0.00000E+00   1.93789E+00   4.88402E-16            16   6.37848E-10   3.14534E+00
        2434   2.92080E+02   1.20000E-01   6.18136E-01   6.37554E-05   9.76018E-05   0.00000E+00   6.93501E-03   1.00000E+00   0.00000E+00   1.93789E+00   4.87820E-16            16   6.38078E-10   3.14535E+00
        2435   2.92200E+02   1.20000E-01   6.18136E-01   6.32846E-05   9.67750E-05   0.00000E+00   6.95006E-03   1.00000E+00   0.00000E+00   1.93789E+00   4.87527E-16            16   6.37900E-10   3.14536E+00
        2436   2.92320E+02   1.20000E-01   6.18136E-01   6.28132E-05   9.59481E-05   0.00000E+00   6.96489E-03   1.00000E+00   0.00000E+00   1.93789E+00   4.86729E-16            16   6.38119E-10   3.14537E+00
        2437   2.92440E+02   1.20000E-01   6.18136E-01   6.23414E-05   9.51209E-05   0.00000E+00   6.97950E-03   1.00000E+00   0.00000E+00   1.93789E+00   4.86392E-16            16   6.37935E-10   3.14538E+00
        2438   2.92560E+02   1.20000E-01   6.18136E-01   6.18690E-05   9.42936E-05   0.00000E+00   6.99390E-03   1.00000E+00   0.00000E+00   1.93789E+00   4.85599E-16            16   6.38143E-10   3.14539E+00
        2439   2.92680E+02   1.20000E-01   6.18136E-01   6.14307E-05   9.34662E-05   0.00000E+00   7.00807E-03   1.00000E+00   0.00000E+00   1.93789E+00   4.85369E-16            16   6.37950E-10   3.14540E+00
        2440   2.92800E+02   1.20000E-01   6.18136E-01   6.10057E-05   9.26387E-05   0.00000E+00   7.02203E-03   1.00000E+00   0.00000E+00   1.93789E+00   4.84396E-16            16   6.38148E-10   3.14540E+00
        2441   2.92920E+02   1.20000E-01   6.18136E-01   6.05801E-05   9.18111E-05   0.00000E+00   7.03577E-03   1.00000E+00   0.00000E+00   1.93789E+00   4.84132E-16            16   6.37948E-10   3.14541E+00
        2442   2.93040E+02   1.20000E-01   6.18136E-01   6.01540E-05   9.09834E-05   0.00000E+00   7.04930E-03   1.00000E+00   0.00000E+00   1.93789E+00   4.83198E-16            16   6.38136E-10   3.14542E+00
        2443   2.93160E+02   1.20000E-01   6.18136E-01   5.97272E-05   9.01557E-05   0.00000E+00   7.06261E-03   1.00000E+00   0.00000E+00   1.93789E+00   4.82759E-16            16   6.37930E-10   3.14543E+00
        2444   2.93280E+02   1.20000E-01   6.18136E-01   5.93000E-05   8.93279E-05   0.00000E+00   7.07570E-03   1.00000E+00   0.00000E+00   1.93789E+00   4.81809E-16            16   6.38108E-10   3.14544E+00
        2445   2.93400E+02   1.20000E-01   6.18136E-01   5.88721E-05   8.85001E-05   0.00000E+00   7.08858E-03   1.00000E+00   0.00000E+00   1.93789E+00   4.81473E-16            16   6.37895E-10   3.14544E+00
        2446   2.93520E+02   1.20000E-01   6.18136E-01   5.84438E-05   8.76723E-05   0.00000E+00   7.10124E-03   1.00000E+00   0.00000E+00   1.93789E+00   4.80664E-16            16   6.38065E-10   3.14545E+00
        2447   2.93640E+02   1.20000E-01   6.18136E-01   5.80149E-05   8.68445E-05   0.00000E+00   7.11369E-03   1.00000E+00   0.00000E+00   1.93789E+00   4.80147E-16            16   6.37846E-10   3.14546E+00
        2448   2.93760E+02   1.20000E-01   6.18136E-01   5.75855E-05   8.60168E-05   0.00000E+00   7.12592E-03   1.00000E+00   0.00000E+00   1.93789E+00   4.79227E-16            16   6.38008E-10   3.14547E+00
        2449   2.93880E+02   1.20000E-01   6.18136E-01   5.71556E-05   8.51891E-05   0.00000E+00   7.13794E-03   1.00000E+00   0.00000E+00   1.93789E+00   4.78749E-16            16   6.37784E-10   3.14547E+00
        2450   2.94000E+02   1.20000E-01   6.18136E-01   5.67253E-05   8.44062E-05   0.00000E+00   7.14975E-03   1.00000E+00   0.00000E+00   1.93789E+00   4.77773E-16            16   6.37939E-10   3.14548E+00
        2451   2.94120E+02   1.20000E-01   6.18136E-01   5.62944E-05   8.36444E-05   0.00000E+00   7.16134E-03   1.00000E+00   0.00000E+00   1.93789E+00   4.77237E-16            16   6.37710E-10   3.14549E+00
        2452   2.94240E+02   1.20000E-01   6.18136E-01   5.58631E-05   8.28826E-05   0.00000E+00   7.17272E-03   1.00000E+00   0.00000E+00   1.93789E+00   4.76284E-16            16   6.37857E-10   3.14549E+00
        2453   2.94360E+02   1.20000E-01   6.18136E-01   5.54314E-05   8.21208E-05   0.00000E+00   7.18389E-03   1.00000E+00   0.00000E+00   1.93789E+00   4.75713E-16            16   6.37623E-10   3.14550E+00
        2454   2.94480E+02   1.20000E-01   6.18136E-01   5.49992E-05   8.13589E-05   0.00000E+00   7.19485E-03   1.00000E+00   0.00000E+00   1.93789E+00   4.74679E-16            16   6.37765E-10   3.14551E+00
        2455   2.94600E+02   1.20000E-01   6.18136E-01   5.45666E-05   8.05971E-05   0.00000E+00   7.20559E-03   1.00000E+00   0.00000E+00   1.93789E+00   4.74186E-16            16   6.37526E-10   3.14551E+00
        2456   2.94720E+02   1.20000E-01   6.18136E-01   5.41335E-05   7.98353E-05   0.00000E+00   7.21613E-03   1.00000E+00   0.00000E+00   1.93789E+00   4.73005E-16            16   6.37661E-10   3.14552E+00
        2457   2.94840E+02   1.20000E-01   6.18136E-01   5.37001E-05   7.90736E-05   0.00000E+00   7.22646E-03   1.00000E+00   0.00000E+00   1.93789E+00   4.72471E-16            16   6.37419E-10   3.14553E+00
        2458   2.94960E+02   1.20000E-01   6.18136E-01   5.32663E-05   7.83120E-05   0.00000E+00   7.23658E-03   1.00000E+00   0.00000E+00   1.93789E+00   4.71284E-16            16   6.37548E-10   3.14553E+00
        2459   2.95080E+02   1.20000E-01   6.18136E-01   5.29211E-05   7.75504E-05   0.00000E+00   7.24648E-03   1.00000E+00   0.00000E+00   1.93789E+00   4.70735E-16            16   6.37302E-10   3.14554E+00
        2460   2.95200E+02   1.20000E-01   6.18136E-01   5.31184E-05   7.67889E-05   0.00000E+00   7.25618E-03   1.00000E+00   0.00000E+00   1.93789E+00   4.69542E-16            16   6.37426E-10   3.14555E+00
        2461   2.95320E+02   1.20000E-01   6.18136E-01   5.33139E-05   7.60276E-05   0.00000E+00   7.26568E-03   1.00000E+00   0.00000E+00   1.93789E+00   4.68947E-16            16   6.37178E-10   3.14555E+00
        2462   2.95440E+02   1.20000E-01   6.18136E-01   5.35077E-05   7.52664E-05   0.00000E+00   7.27496E-03   1.00000E+00   0.00000E+00   1.93789E+00   4.67737E-16            16   6.37297E-10   3.14556E+00
        2463   2.95560E+02   1.20000E-01   6.18136E-01   5.36997E-05   7.45053E-05   0.00000E+00   7.28404E-03   1.00000E+00   0.00000E+00   1.93789E+00   4.67131E-16            16   6.37047E-10   3.14556E+00
        2464   2.95680E+02   1.20000E-01   6.18136E-01   5.38900E-05   7.37445E-05   0.00000E+00   7.29291E-03   1.00000E+00   0.00000E+00   1.93789E+00   4.65887E-16            16   6.37206E-10   3.14557E+00
        2465   2.95800E+02   1.20000E-01   6.18136E-01   5.40784E-05   7.29838E-05   0.00000E+00   7.30157E-03   1.00000E+00   0.00000E+00   1.93789E+00   4.65207E-16            16   6.36979E-10   3.14557E+00
        2466   2.95920E+02   1.20000E-01   6.18136E-01   5.42651E-05   7.22233E-05   0.00000E+00   7.31003E-03   1.00000E+00   0.00000E+00   1.93789E+00   4.63940E-16            16   6.37061E-10   3.14558E+00
        2467   2.96040E+02   1.20000E-01   6.18136E-01   5.44501E-05   7.14630E-05   0.00000E+00   7.31828E-03   1.00000E+00   0.00000E+00   1.93789E+00   4.63206E-16            16   6.36670E-10   3.14558E+00
        2468   2.96160E+02   1.20000E-01   6.18136E-01   5.46332E-05   7.07030E-05   0.00000E+00   7.32632E-03   1.00000E+00   0.00000E+00   1.93789E+00   4.61983E-16            16   6.36908E-10   3.14559E+00
        2469   2.96280E+02   1.20000E-01   6.18136E-01   5.48146E-05   6.99433E-05   0.00000E+00   7.33416E-03   1.00000E+00   0.00000E+00   1.93789E+00   4.61249E-16            16   6.36737E-10   3.14559E+00
        2470   2.96400E+02   1.20000E-01   6.18136E-01   5.50223E-05   6.91838E-05   0.00000E+00   7.34179E-03   1.00000E+00   0.00000E+00   1.93789E+00   4.59950E-16            16   6.36792E-10   3.14560E+00
        2471   2.96520E+02   1.20000E-01   6.18136E-01   5.53650E-05   6.84403E-05   0.00000E+00   7.34922E-03   1.00000E+00   0.00000E+00   1.93789E+00   4.59201E-16            16   6.36494E-10   3.14560E+00
        2472   2.96640E+02   1.20000E-01   6.18136E-01   5.57055E-05   6.77455E-05   0.00000E+00   7.35644E-03   1.00000E+00   0.00000E+00   1.93789E+00   4.57854E-16            16   6.36655E-10   3.14561E+00
        2473   2.96760E+02   1.20000E-01   6.18136E-01   5.60438E-05   6.70509E-05   0.00000E+00   7.36347E-03   1.00000E+00   0.00000E+00   1.93789E+00   4.56873E-16            16   6.37259E-10   3.14561E+00
        2474   2.96880E+02   1.20000E-01   6.18136E-01   5.63800E-05   6.63565E-05   0.00000E+00   7.37029E-03   1.00000E+00   0.00000E+00   1.93789E+00   4.56000E-16            16   6.35708E-10   3.14562E+00
        2475   2.97000E+02   1.20000E-01   6.18136E-01   5.67139E-05   6.56624E-05   0.00000E+00   7.37690E-03   1.00000E+00   0.00000E+00   1.93789E+00   4.54990E-16            16   6.36195E-10   3.14562E+00
        2476   2.97120E+02   1.20000E-01   6.18136E-01   5.70457E-05   6.49684E-05   0.00000E+00   7.38332E-03   1.00000E+00   0.00000E+00   1.93789E+00   4.53690E-16            16   6.36289E-10   3.14563E+00
        2477   2.97240E+02   1.20000E-01   6.18136E-01   5.73753E-05   6.42746E-05   0.00000E+00   7.38953E-03   1.00000E+00   0.00000E+00   1.93789E+00   4.52854E-16            16   6.36039E-10   3.14563E+00
        2478   2.97360E+02   1.20000E-01   6.18136E-01   5.77028E-05   6.35812E-05   0.00000E+00   7.39554E-03   1.00000E+00   0.00000E+00   1.93789E+00   4.51516E-16            16   6.36146E-10   3.14563E+00
        2479   2.97480E+02   1.20000E-01   6.18136E-01   5.80280E-05   6.28879E-05   0.00000E+00   7.40135E-03   1.00000E+00   0.00000E+00   1.93789E+00   4.50686E-16            16   6.35897E-10   3.14564E+00
        2480   2.97600E+02   1.20000E-01   6.18136E-01   5.83510E-05   6.21950E-05   0.00000E+00   7.40696E-03   1.00000E+00   0.00000E+00   1.93789E+00   4.49300E-16            16   6.36001E-10   3.14564E+00
        2481   2.97720E+02   1.20000E-01   6.18136E-01   5.86718E-05   6.15023E-05   0.00000E+00   7.41237E-03   1.00000E+00   0.00000E+00   1.93789E+00   4.48375E-16            16   6.35749E-10   3.14564E+00
        2482   2.97840E+02   1.20000E-01   6.18136E-01   5.89904E-05   6.08100E-05   0.00000E+00   7.41758E-03   1.00000E+00   0.00000E+00   1.93789E+00   4.46959E-16            16   6.35848E-10   3.14565E+00
        2483   2.97960E+02   1.20000E-01   6.18136E-01   5.93068E-05   6.01180E-05   0.00000E+00   7.42259E-03   1.00000E+00   0.00000E+00   1.93789E+00   4.46061E-16            16   6.35594E-10   3.14565E+00
        2484   2.98080E+02   1.20000E-01   6.18136E-01   5.96210E-05   5.94263E-05   0.00000E+00   7.42738E-03   1.00000E+00   0.00000E+00   1.93789E+00   4.44815E-16            16   6.35264E-10   3.14565E+00
        2485   2.98200E+02   1.20000E-01   6.18136E-01   5.99329E-05   5.87350E-05   0.00000E+00   7.43199E-03   1.00000E+00   0.00000E+00   1.93789E+00   4.43607E-16            16   6.35376E-10   3.14566E+00
        2486   2.98320E+02   1.20000E-01   6.18136E-01   6.02426E-05   5.80441E-05   0.00000E+00   7.43641E-03   1.00000E+00   0.00000E+00   1.93789E+00   4.42144E-16            16   6.35483E-10   3.14566E+00
        2487   2.98440E+02   1.20000E-01   6.18136E-01   6.05501E-05   5.73536E-05   0.00000E+00   7.44062E-03   1.00000E+00   0.00000E+00   1.93789E+00   4.41215E-16            16   6.35237E-10   3.14566E+00
        2488   2.98560E+02   1.20000E-01   6.18136E-01   6.08553E-05   5.66634E-05   0.00000E+00   7.44464E-03   1.00000E+00   0.00000E+00   1.93789E+00   4.39749E-16            16   6.35328E-10   3.14567E+00
        2489   2.98680E+02   1.20000E-01   6.18136E-01   6.11582E-05   5.59737E-05   0.00000E+00   7.44846E-03   1.00000E+00   0.00000E+00   1.93789E+00   4.38768E-16            16   6.35055E-10   3.14567E+00
        2490   2.98800E+02   1.20000E-01   6.18136E-01   6.14590E-05   5.52844E-05   0.00000E+00   7.45209E-03   1.00000E+00   0.00000E+00   1.93789E+00   4.37298E-16            16   6.35154E-10   3.14567E+00
        2491   2.98920E+02   1.20000E-01   6.18136E-01   6.17574E-05   5.46116E-05   0.00000E+00   7.45552E-03   1.00000E+00   0.00000E+00   1.93789E+00   4.36336E-16            16   6.34907E-10   3.14567E+00
        2492   2.99040E+02   1.20000E-01   6.18136E-01   6.20536E-05   5.39845E-05   0.00000E+00   7.45875E-03   1.00000E+00   0.00000E+00   1.93789E+00   4.34819E-16            16   6.35009E-10   3.14568E+00
        2493   2.99160E+02   1.20000E-01   6.18136E-01   6.23475E-05   5.33578E-05   0.00000E+00   7.46179E-03   1.00000E+00   0.00000E+00   1.93789E+00   4.33826E-16            16   6.34765E-10   3.14568E+00
        2494   2.99280E+02   1.20000E-01   6.18136E-01   6.26392E-05   5.27314E-05   0.00000E+00   7.46463E-03   1.00000E+00   0.00000E+00   1.93789E+00   4.32284E-16            16   6.34868E-10   3.14568E+00
        2495   2.99400E+02   1.20000E-01   6.18136E-01   6.29285E-05   5.21053E-05   0.00000E+00   7.46728E-03   1.00000E+00   0.00000E+00   1.93789E+00   4.31386E-16            16   6.34571E-10   3.14568E+00
        2496   2.99520E+02   1.20000E-01   6.18136E-01   6.32157E-05   5.14797E-05   0.00000E+00   7.46974E-03   1.00000E+00   0.00000E+00   1.93789E+00   4.29801E-16            16   6.34678E-10   3.14568E+00
        2497   2.99640E+02   1.20000E-01   6.18136E-01   6.35005E-05   5.08544E-05   0.00000E+00   7.47200E-03   1.00000E+00   0.00000E+00   1.93789E+00   4.28776E-16            16   6.34443E-10   3.14569E+00
        2498   2.99760E+02   1.20000E-01   6.18136E-01   6.37831E-05   5.02295E-05   0.00000E+00   7.47407E-03   1.00000E+00   0.00000E+00   1.93789E+00   4.27179E-16            16   6.34552E-10   3.14569E+00
        2499   2.99880E+02   1.20000E-01   6.18136E-01   6.40634E-05   4.96050E-05   0.00000E+00   7.47594E-03   1.00000E+00   0.00000E+00   1.93789E+00   4.26109E-16            16   6.34319E-10   3.14569E+00
        2500   3.00000E+02   1.20000E-01   6.18136E-01   6.43414E-05   4.89810E-05   0.00000E+00   7.47763E-03   1.00000E+00   0.00000E+00   1.93789E+00   4.24525E-16            16   6.34429E-10   3.14569E+00
        2501   3.00120E+02   1.20000E-01   6.18136E-01   6.46172E-05   4.83574E-05   0.00000E+00   7.47912E-03   1.00000E+00   0.00000E+00   1.93789E+00   4.23427E-16            16   6.34199E-10   3.14569E+00
        2502   3.00240E+02   1.20000E-01   6.18136E-01   6.48906E-05   4.77342E-05   0.00000E+00   7.48042E-03   1.00000E+00   0.00000E+00   1.93789E+00   4.21815E-16            16   6.34311E-10   3.14569E+00
        2503   3.00360E+02   1.20000E-01   6.18136E-01   6.51618E-05   4.71115E-05   0.00000E+00   7.48153E-03   1.00000E+00   0.00000E+00   1.93789E+00   4.20714E-16            16   6.34070E-10   3.14569E+00
        2504   3.00480E+02   1.20000E-01   6.18136E-01   6.54307E-05   4.64893E-05   0.00000E+00   7.48245E-03   1.00000E+00   0.00000E+00   1.93789E+00   4.19092E-16            16   6.34176E-10   3.14570E+00
        2505   3.00600E+02   1.20000E-01   6.18136E-01   6.56973E-05   4.58675E-05   0.00000E+00   7.48319E-03   1.00000E+00   0.00000E+00   1.93789E+00   4.17663E-16            16   6.34167E-10   3.14570E+00
        2506   3.00720E+02   1.20000E-01   6.18136E-01   6.59616E-05   4.52463E-05   0.00000E+00   7.48372E-03   1.00000E+00   0.00000E+00   1.93789E+00   4.15691E-16            16   6.34752E-10   3.14570E+00
        2507   3.00840E+02   1.20000E-01   6.18136E-01   6.62236E-05   4.46256E-05   0.00000E+00   7.48407E-03   1.00000E+00   0.00000E+00   1.93789E+00   4.14648E-16            16   6.33513E-10   3.14570E+00
        2508   3.00960E+02   1.20000E-01   6.18136E-01   6.64833E-05   4.40054E-05   0.00000E+00   7.48423E-03   1.00000E+00   0.00000E+00   1.93789E+00   4.14924E-16            16   6.33655E-10   3.14570E+00
        2509   3.01080E+02   1.20000E-01   6.18136E-01   6.67407E-05   4.33857E-05   0.00000E+00   7.48421E-03   1.00000E+00   0.00000E+00   1.93789E+00   4.23036E-16            16   6.32277E-10   3.14570E+00
        2510   3.01200E+02   1.20000E-01   6.18136E-01   6.69957E-05   4.27923E-05   0.00000E+00   7.48400E-03   1.00000E+00   0.00000E+00   1.93789E+00   4.54335E-16            16   6.29385E-10   3.14570E+00
        2511   3.01320E+02   1.20000E-01   6.18136E-01   6.72484E-05   4.22312E-05   0.00000E+00   7.48359E-03   1.00000E+00   0.00000E+00   1.93789E+00   4.16815E-16            16   6.26738E-10   3.14570E+00
        2512   3.01440E+02   1.20000E-01   6.18136E-01   6.74985E-05   4.16702E-05   0.00000E+00   7.48300E-03   1.00000E+00   0.00000E+00   1.93789E+00   4.41740E-16            16   6.26469E-10   3.14570E+00
        2513   3.01560E+02   1.20000E-01   6.18136E-01   6.77462E-05   4.11094E-05   0.00000E+00   7.48222E-03   1.00000E+00   0.00000E+00   1.93789E+00   4.35086E-16            16   6.26312E-10   3.14570E+00
        2514   3.01680E+02   1.20000E-01   6.18136E-01   6.79915E-05   4.05488E-05   0.00000E+00   7.48125E-03   1.00000E+00   0.00000E+00   1.93789E+00   4.25973E-16            16   6.26267E-10   3.14570E+00
        2515   3.01800E+02   1.20000E-01   6.18136E-01   6.82342E-05   3.99883E-05   0.00000E+00   7.48010E-03   1.00000E+00   0.00000E+00   1.93789E+00   4.20710E-16            16   6.25471E-10   3.14570E+00
        2516   3.01920E+02   1.20000E-01   6.18136E-01   6.84745E-05   3.94281E-05   0.00000E+00   7.47877E-03   1.00000E+00   0.00000E+00   1.93789E+00   4.16701E-16            16   6.25419E-10   3.14570E+00
        2517   3.02040E+02   1.20000E-01   6.18136E-01   6.87124E-05   3.88681E-05   0.00000E+00   7.47725E-03   1.00000E+00   0.00000E+00   1.93789E+00   4.15920E-16            16   6.25248E-10   3.14570E+00
        2518   3.02160E+02   1.20000E-01   6.18136E-01   6.89478E-05   3.83084E-05   0.00000E+00   7.47555E-03   1.00000E+00   0.00000E+00   1.93789E+00   4.10450E-16            16   6.25173E-10   3.14570E+00
        2519   3.02280E+02   1.20000E-01   6.18136E-01   6.91807E-05   3.77490E-05   0.00000E+00   7.47367E-03   1.00000E+00   0.00000E+00   1.93789E+00   4.09314E-16            16   6.25045E-10   3.14570E+00
        2520   3.02400E+02   1.20000E-01   6.18136E-01   6.94112E-05   3.71899E-05   0.00000E+00   7.47161E-03   1.00000E+00   0.00000E+00   1.93789E+00   4.08102E-16            16   6.25274E-10   3.14570E+00
        2521   3.02520E+02   1.20000E-01   6.18136E-01   6.96392E-05   3.66312E-05   0.00000E+00   7.46936E-03   1.00000E+00   0.00000E+00   1.93789E+00   4.07420E-16            16   6.24881E-10   3.14570E+00
        2522   3.02640E+02   1.20000E-01   6.18136E-01   6.98649E-05   3.60728E-05   0.00000E+00   7.46694E-03   1.00000E+00   0.00000E+00   1.93789E+00   4.06158E-16            16   6.25054E-10   3.14569E+00
        2523   3.02760E+02   1.20000E-01   6.18136E-01   7.01833E-05   3.55149E-05   0.00000E+00   7.46433E-03   1.00000E+00   0.00000E+00   1.93789E+00   4.05455E-16            16   6.24872E-10   3.14569E+00
        2524   3.02880E+02   1.20000E-01   6.18136E-01   7.05260E-05   3.49573E-05   0.00000E+00   7.46155E-03   1.00000E+00   0.00000E+00   1.93789E+00   4.04152E-16            16   6.25011E-10   3.14569E+00
        2525   3.03000E+02   1.20000E-01   6.18136E-01   7.08660E-05   3.44002E-05   0.00000E+00   7.45858E-03   1.00000E+00   0.00000E+00   1.93789E+00   4.03377E-16            16   6.24828E-10   3.14569E+00
        2526   3.03120E+02   1.20000E-01   6.18136E-01   7.12034E-05   3.38435E-05   0.00000E+00   7.45544E-03   1.00000E+00   0.00000E+00   1.93789E+00   4.01594E-16            16   6.24946E-10   3.14569E+00
        2527   3.03240E+02   1.20000E-01   6.18136E-01   7.15382E-05   3.32873E-05   0.00000E+00   7.45212E-03   1.00000E+00   0.00000E+00   1.93789E+00   4.00962E-16            16   6.24777E-10   3.14569E+00
        2528   3.03360E+02   1.20000E-01   6.18136E-01   7.18703E-05   3.27734E-05   0.00000E+00   7.44862E-03   1.00000E+00   0.00000E+00   1.93789E+00   3.99577E-16            16   6.24929E-10   3.14569E+00
        2529   3.03480E+02   1.20000E-01   6.18136E-01   7.21999E-05   3.22726E-05   0.00000E+00   7.44495E-03   1.00000E+00   0.00000E+00   1.93789E+00   3.98731E-16            16   6.24748E-10   3.14568E+00
        2530   3.03600E+02   1.20000E-01   6.18136E-01   7.25268E-05   3.17722E-05   0.00000E+00   7.44110E-03   1.00000E+00   0.00000E+00   1.93789E+00   3.97350E-16            16   6.24900E-10   3.14568E+00
        2531   3.03720E+02   1.20000E-01   6.18136E-01   7.28511E-05   3.12722E-05   0.00000E+00   7.43707E-03   1.00000E+00   0.00000E+00   1.93789E+00   3.96420E-16            16   6.24726E-10   3.14568E+00
        2532   3.03840E+02   1.20000E-01   6.18136E-01   7.31728E-05   3.07726E-05   0.00000E+00   7.43287E-03   1.00000E+00   0.00000E+00   1.93789E+00   3.94985E-16            16   6.24881E-10   3.14568E+00
        2533   3.03960E+02   1.20000E-01   6.18136E-01   7.34918E-05   3.02734E-05   0.00000E+00   7.42849E-03   1.00000E+00   0.00000E+00   1.93789E+00   3.94029E-16            16   6.24710E-10   3.14568E+00
        2534   3.04080E+02   1.20000E-01   6.18136E-01   7.38082E-05   2.97747E-05   0.00000E+00   7.42394E-03   1.00000E+00   0.00000E+00   1.93789E+00   3.92604E-16            16   6.24867E-10   3.14567E+00
        2535   3.04200E+02   1.20000E-01   6.18136E-01   7.41220E-05   3.04960E-05   0.00000E+00   7.41922E-03   1.00000E+00   0.00000E+00   1.93789E+00   3.91615E-16            16   6.24700E-10   3.14567E+00
        2536   3.04320E+02   1.20000E-01   6.18136E-01   7.44331E-05   3.14490E-05   0.00000E+00   7.41432E-03   1.00000E+00   0.00000E+00   1.93789E+00   3.90046E-16            16   6.24858E-10   3.14567E+00
        2537   3.04440E+02   1.20000E-01   6.18136E-01   7.47415E-05   3.23995E-05   0.00000E+00   7.40925E-03   1.00000E+00   0.00000E+00   1.93789E+00   3.89075E-16            16   6.24694E-10   3.14567E+00
        2538   3.04560E+02   1.20000E-01   6.18136E-01   7.50473E-05   3.33473E-05   0.00000E+00   7.40401E-03   1.00000E+00   0.00000E+00   1.93789E+00   3.87551E-16            16   6.24855E-10   3.14566E+00
        2539   3.04680E+02   1.20000E-01   6.18136E-01   7.53504E-05   3.42926E-05   0.00000E+00   7.39860E-03   1.00000E+00   0.00000E+00   1.93789E+00   3.86527E-16            16   6.24696E-10   3.14566E+00
        2540   3.04800E+02   1.20000E-01   6.18136E-01   7.56508E-05   3.52351E-05   0.00000E+00   7.39301E-03   1.00000E+00   0.00000E+00   1.93789E+00   3.84946E-16            16   6.24861E-10   3.14566E+00
        2541   3.04920E+02   1.20000E-01   6.18136E-01   7.59486E-05   3.61751E-05   0.00000E+00   7.38726E-03   1.00000E+00   0.00000E+00   1.93789E+00   3.83944E-16            16   6.24708E-10   3.14566E+00
        2542   3.05040E+02   1.20000E-01   6.18136E-01   7.62437E-05   3.71122E-05   0.00000E+00   7.38134E-03   1.00000E+00   0.00000E+00   1.93789E+00   3.82380E-16            16   6.24878E-10   3.14565E+00
        2543   3.05160E+02   1.20000E-01   6.18136E-01   7.65361E-05   3.80468E-05   0.00000E+00   7.37524E-03   1.00000E+00   0.00000E+00   1.93789E+00   3.81343E-16            16   6.24731E-10   3.14565E+00
        2544   3.05280E+02   1.20000E-01   6.18136E-01   7.68258E-05   3.89784E-05   0.00000E+00   7.36898E-03   1.00000E+00   0.00000E+00   1.93789E+00   3.79628E-16            16   6.24903E-10   3.14565E+00
        2545   3.05400E+02   1.20000E-01   6.18136E-01   7.71129E-05   3.99075E-05   0.00000E+00   7.36255E-03   1.00000E+00   0.00000E+00   1.93789E+00   3.78623E-16            16   6.24762E-10   3.14564E+00
        2546   3.05520E+02   1.20000E-01   6.18136E-01   7.73972E-05   4.08336E-05   0.00000E+00   7.35596E-03   1.00000E+00   0.00000E+00   1.93789E+00   3.76965E-16            16   6.24942E-10   3.14564E+00
        2547   3.05640E+02   1.20000E-01   6.18136E-01   7.76789E-05   4.17570E-05   0.00000E+00   7.34920E-03   1.00000E+00   0.00000E+00   1.93789E+00   3.75810E-16            16   6.24807E-10   3.14564E+00
        2548   3.05760E+02   1.20000E-01   6.18136E-01   7.79579E-05   4.26775E-05   0.00000E+00   7.34227E-03   1.00000E+00   0.00000E+00   1.93789E+00   3.74196E-16            16   6.24985E-10   3.14563E+00
        2549   3.05880E+02   1.20000E-01   6.18136E-01   7.82342E-05   4.35952E-05   0.00000E+00   7.33517E-03   1.00000E+00   0.00000E+00   1.93789E+00   3.73030E-16            16   6.24853E-10   3.14563E+00
        2550   3.06000E+02   1.20000E-01   6.18136E-01   7.85078E-05   4.45100E-05   0.00000E+00   7.32792E-03   1.00000E+00   0.00000E+00   1.93789E+00   3.71421E-16            16   6.25049E-10   3.14563E+00
        2551   3.06120E+02   1.20000E-01   6.18136E-01   7.87787E-05   4.54219E-05   0.00000E+00   7.32049E-03   1.00000E+00   0.00000E+00   1.93789E+00   3.70261E-16            16   6.24936E-10   3.14562E+00
        2552   3.06240E+02   1.20000E-01   6.18136E-01   7.90468E-05   4.63308E-05   0.00000E+00   7.31291E-03   1.00000E+00   0.00000E+00   1.93789E+00   3.68598E-16            16   6.25140E-10   3.14562E+00
        2553   3.06360E+02   1.20000E-01   6.18136E-01   7.93123E-05   4.72369E-05   0.00000E+00   7.30516E-03   1.00000E+00   0.00000E+00   1.93789E+00   3.67395E-16            16   6.25033E-10   3.14561E+00
        2554   3.06480E+02   1.20000E-01   6.18136E-01   7.95751E-05   4.81400E-05   0.00000E+00   7.29725E-03   1.00000E+00   0.00000E+00   1.93789E+00   3.65641E-16            16   6.25241E-10   3.14561E+00
        2555   3.06600E+02   1.20000E-01   6.18136E-01   7.98351E-05   4.90401E-05   0.00000E+00   7.28918E-03   1.00000E+00   0.00000E+00   1.93789E+00   3.64528E-16            16   6.25138E-10   3.14560E+00
        2556   3.06720E+02   1.20000E-01   6.18136E-01   8.00924E-05   4.99371E-05   0.00000E+00   7.28094E-03   1.00000E+00   0.00000E+00   1.93789E+00   3.62799E-16            16   6.25347E-10   3.14560E+00
        2557   3.06840E+02   1.20000E-01   6.18136E-01   8.03470E-05   5.08313E-05   0.00000E+00   7.27255E-03   1.00000E+00   0.00000E+00   1.93789E+00   3.61485E-16            16   6.25246E-10   3.14560E+00
        2558   3.06960E+02   1.20000E-01   6.18136E-01   8.05989E-05   5.17222E-05   0.00000E+00   7.26400E-03   1.00000E+00   0.00000E+00   1.93789E+00   3.59782E-16            16   6.25456E-10   3.14559E+00
        2559   3.07080E+02   1.20000E-01   6.18136E-01   8.08481E-05   5.26102E-05   0.00000E+00   7.25528E-03   1.00000E+00   0.00000E+00   1.93789E+00   3.58584E-16            16   6.25358E-10   3.14559E+00
        2560   3.07200E+02   1.20000E-01   6.18136E-01   8.10946E-05   5.34950E-05   0.00000E+00   7.24641E-03   1.00000E+00   0.00000E+00   1.93789E+00   3.56894E-16            16   6.25571E-10   3.14558E+00
        2561   3.07320E+02   1.20000E-01   6.18136E-01   8.13383E-05   5.43768E-05   0.00000E+00   7.23738E-03   1.00000E+00   0.00000E+00   1.93789E+00   3.55509E-16            16   6.25476E-10   3.14558E+00
        2562   3.07440E+02   1.20000E-01   6.18136E-01   8.15793E-05   5.52554E-05   0.00000E+00   7.22820E-03   1.00000E+00   0.00000E+00   1.93789E+00   3.53773E-16            16   6.25692E-10   3.14557E+00
        2563   3.07560E+02   1.20000E-01   6.18136E-01   8.18175E-05   5.61309E-05   0.00000E+00   7.21885E-03   1.00000E+00   0.00000E+00   1.93789E+00   3.52477E-16            16   6.25603E-10   3.14557E+00
        2564   3.07680E+02   1.20000E-01   6.18136E-01   8.20530E-05   5.70031E-05   0.00000E+00   7.20935E-03   1.00000E+00   0.00000E+00   1.93789E+00   3.50821E-16            16   6.25823E-10   3.14556E+00
        2565   3.07800E+02   1.20000E-01   6.18136E-01   8.22858E-05   5.78723E-05   0.00000E+00   7.19970E-03   1.00000E+00   0.00000E+00   1.93789E+00   3.49474E-16            16   6.25739E-10   3.14556E+00
        2566   3.07920E+02   1.20000E-01   6.18136E-01   8.25159E-05   5.87381E-05   0.00000E+00   7.18989E-03   1.00000E+00   0.00000E+00   1.93789E+00   3.47704E-16            16   6.25965E-10   3.14555E+00
        2567   3.08040E+02   1.20000E-01   6.18136E-01   8.27432E-05   5.96008E-05   0.00000E+00   7.17992E-03   1.00000E+00   0.00000E+00   1.93789E+00   3.46431E-16            16   6.25888E-10   3.14555E+00
        2568   3.08160E+02   1.20000E-01   6.18136E-01   8.29678E-05   6.04601E-05   0.00000E+00   7.16980E-03   1.00000E+00   0.00000E+00   1.93789E+00   3.44694E-16            16   6.26119E-10   3.14554E+00
        2569   3.08280E+02   1.20000E-01   6.18136E-01   8.31897E-05   6.13163E-05   0.00000E+00   7.15953E-03   1.00000E+00   0.00000E+00   1.93789E+00   3.43275E-16            16   6.26048E-10   3.14553E+00
        2570   3.08400E+02   1.20000E-01   6.18136E-01   8.34088E-05   6.21691E-05   0.00000E+00   7.14910E-03   1.00000E+00   0.00000E+00   1.93789E+00   3.41610E-16            16   6.26283E-10   3.14553E+00
        2571   3.08520E+02   1.20000E-01   6.18136E-01   8.36251E-05   6.30186E-05   0.00000E+00   7.13852E-03   1.00000E+00   0.00000E+00   1.93789E+00   3.40228E-16            16   6.26219E-10   3.14552E+00
        2572   3.08640E+02   1.20000E-01   6.18136E-01   8.38388E-05   6.38647E-05   0.00000E+00   7.12780E-03   1.00000E+00   0.00000E+00   1.93789E+00   3.38296E-16            16   6.26461E-10   3.14552E+00
        2573   3.08760E+02   1.20000E-01   6.18136E-01   8.40497E-05   6.47076E-05   0.00000E+00   7.11691E-03   1.00000E+00   0.00000E+00   1.93789E+00   3.36936E-16            16   6.26403E-10   3.14551E+00
        2574   3.08880E+02   1.20000E-01   6.18136E-01   8.42578E-05   6.55470E-05   0.00000E+00   7.10588E-03   1.00000E+00   0.00000E+00   1.93789E+00   3.35166E-16            16   6.26650E-10   3.14551E+00
        2575   3.09000E+02   1.20000E-01   6.18136E-01   8.44632E-05   6.63831E-05   0.00000E+00   7.09470E-03   1.00000E+00   0.00000E+00   1.93789E+00   3.33654E-16            16   6.26598E-10   3.14550E+00
        2576   3.09120E+02   1.20000E-01   6.18136E-01   8.46659E-05   6.72157E-05   0.00000E+00   7.08337E-03   1.00000E+00   0.00000E+00   1.93789E+00   3.31849E-16            16   6.26850E-10   3.14549E+00
        2577   3.09240E+02   1.20000E-01   6.18136E-01   8.48658E-05   6.80450E-05   0.00000E+00   7.07189E-03   1.00000E+00   0.00000E+00   1.93789E+00   3.30367E-16            16   6.26805E-10   3.14549E+00
        2578   3.09360E+02   1.20000E-01   6.18136E-01   8.50630E-05   6.88707E-05   0.00000E+00   7.06027E-03   1.00000E+00   0.00000E+00   1.93789E+00   3.28493E-16            16   6.27062E-10   3.14548E+00
        2579   3.09480E+02   1.20000E-01   6.18136E-01   8.52575E-05   6.96930E-05   0.00000E+00   7.04849E-03   1.00000E+00   0.00000E+00   1.93789E+00   3.27099E-16            16   6.27023E-10   3.14547E+00
        2580   3.09600E+02   1.20000E-01   6.18136E-01   8.54492E-05   7.05118E-05   0.00000E+00   7.03657E-03   1.00000E+00   0.00000E+00   1.93789E+00   3.25258E-16            16   6.27287E-10   3.14547E+00
        2581   3.09720E+02   1.20000E-01   6.18136E-01   8.56382E-05   7.13272E-05   0.00000E+00   7.02450E-03   1.00000E+00   0.00000E+00   1.93789E+00   3.23637E-16            16   6.27254E-10   3.14546E+00
        2582   3.09840E+02   1.20000E-01   6.18136E-01   8.58244E-05   7.21389E-05   0.00000E+00   7.01229E-03   1.00000E+00   0.00000E+00   1.93789E+00   3.21795E-16            16   6.27523E-10   3.14545E+00
        2583   3.09960E+02   1.20000E-01   6.18136E-01   8.60576E-05   7.29472E-05   0.00000E+00   6.99993E-03   1.00000E+00   0.00000E+00   1.93789E+00   3.20263E-16            16   6.27497E-10   3.14545E+00
        2584   3.10080E+02   1.20000E-01   6.18136E-01   8.63300E-05   7.37518E-05   0.00000E+00   6.98743E-03   1.00000E+00   0.00000E+00   1.93789E+00   3.18412E-16            16   6.27772E-10   3.14544E+00
        2585   3.10200E+02   1.20000E-01   6.18136E-01   8.65994E-05   7.45530E-05   0.00000E+00   6.97478E-03   1.00000E+00   0.00000E+00   1.93789E+00   3.16896E-16            16   6.27753E-10   3.14543E+00
        2586   3.10320E+02   1.20000E-01   6.18136E-01   8.68660E-05   7.53504E-05   0.00000E+00   6.96199E-03   1.00000E+00   0.00000E+00   1.93789E+00   3.15090E-16            16   6.28034E-10   3.14543E+00
        2587   3.10440E+02   1.20000E-01   6.18136E-01   8.71296E-05   7.61443E-05   0.00000E+00   6.94905E-03   1.00000E+00   0.00000E+00   1.93789E+00   3.13576E-16            16   6.28021E-10   3.14542E+00
        2588   3.10560E+02   1.20000E-01   6.18136E-01   8.73903E-05   7.69345E-05   0.00000E+00   6.93598E-03   1.00000E+00   0.00000E+00   1.93789E+00   3.11529E-16            16   6.28308E-10   3.14541E+00
        2589   3.10680E+02   1.20000E-01   6.18136E-01   8.76481E-05   7.77212E-05   0.00000E+00   6.92276E-03   1.00000E+00   0.00000E+00   1.93789E+00   3.10139E-16            16   6.28302E-10   3.14540E+00
        2590   3.10800E+02   1.20000E-01   6.18136E-01   8.79030E-05   7.85041E-05   0.00000E+00   6.90940E-03   1.00000E+00   0.00000E+00   1.93789E+00   3.08290E-16            16   6.28594E-10   3.14540E+00
        2591   3.10920E+02   1.20000E-01   6.18136E-01   8.81550E-05   7.92833E-05   0.00000E+00   6.89590E-03   1.00000E+00   0.00000E+00   1.93789E+00   3.06603E-16            16   6.28595E-10   3.14539E+00
        2592   3.11040E+02   1.20000E-01   6.18136E-01   8.84041E-05   8.00588E-05   0.00000E+00   6.88226E-03   1.00000E+00   0.00000E+00   1.93789E+00   3.04763E-16            16   6.28893E-10   3.14538E+00
        2593   3.11160E+02   1.20000E-01   6.18136E-01   8.86502E-05   8.08307E-05   0.00000E+00   6.86849E-03   1.00000E+00   0.00000E+00   1.93789E+00   3.03096E-16            16   6.28900E-10   3.14537E+00
        2594   3.11280E+02   1.20000E-01   6.18136E-01   8.88934E-05   8.15987E-05   0.00000E+00   6.85457E-03   1.00000E+00   0.00000E+00   1.93789E+00   3.01181E-16            16   6.29204E-10   3.14537E+00
        2595   3.11400E+02   1.20000E-01   6.18136E-01   8.91337E-05   8.23631E-05   0.00000E+00   6.84051E-03   1.00000E+00   0.00000E+00   1.93789E+00   2.99546E-16            16   6.29312E-10   3.14536E+00
        2596   3.11520E+02   1.20000E-01   6.18136E-01   8.93711E-05   8.31236E-05   0.00000E+00   6.82632E-03   1.00000E+00   0.00000E+00   1.93789E+00   2.97600E-16            16   6.28960E-10   3.14535E+00
        2597   3.11640E+02   1.20000E-01   6.18136E-01   8.96055E-05   8.38804E-05   0.00000E+00   6.81199E-03   1.00000E+00   0.00000E+00   1.93789E+00   2.96155E-16            16   6.29760E-10   3.14534E+00
        2598   3.11760E+02   1.20000E-01   6.18136E-01   8.98371E-05   8.46333E-05   0.00000E+00   6.79753E-03   1.00000E+00   0.00000E+00   1.93789E+00   2.94094E-16            16   6.29288E-10   3.14533E+00
        2599   3.11880E+02   1.20000E-01   6.18136E-01   9.00656E-05   8.53824E-05   0.00000E+00   6.78292E-03   1.00000E+00   0.00000E+00   1.93789E+00   2.92566E-16            16   6.30066E-10   3.14532E+00
        2600   3.12000E+02   1.20000E-01   6.18136E-01   9.02913E-05   8.61277E-05   0.00000E+00   6.76819E-03   1.00000E+00   0.00000E+00   1.93789E+00   2.90485E-16            16   6.29677E-10   3.14532E+00
        2601   3.12120E+02   1.20000E-01   6.18136E-01   9.05141E-05   8.68692E-05   0.00000E+00   6.75331E-03   1.00000E+00   0.00000E+00   1.93789E+00   2.89031E-16            16   6.30417E-10   3.14531E+00
        2602   3.12240E+02   1.20000E-01   6.18136E-01   9.07339E-05   8.76066E-05   0.00000E+00   6.73831E-03   1.00000E+00   0.00000E+00   1.93789E+00   2.87153E-16            16   6.29954E-10   3.14530E+00
        2603   3.12360E+02   1.20000E-01   6.18136E-01   9.09508E-05   8.83404E-05   0.00000E+00   6.72317E-03   1.00000E+00   0.00000E+00   1.93789E+00   2.85398E-16            16   6.30250E-10   3.14529E+00
        2604   3.12480E+02   1.20000E-01   6.18136E-01   9.11647E-05   8.90701E-05   0.00000E+00   6.70789E-03   1.00000E+00   0.00000E+00   1.93789E+00   2.83458E-16            16   6.30461E-10   3.14528E+00
        2605   3.12600E+02   1.20000E-01   6.18136E-01   9.13758E-05   8.97959E-05   0.00000E+00   6.69249E-03   1.00000E+00   0.00000E+00   1.93789E+00   2.81896E-16            16   6.30596E-10   3.14527E+00
        2606   3.12720E+02   1.20000E-01   6.18136E-01   9.15839E-05   9.05178E-05   0.00000E+00   6.67695E-03   1.00000E+00   0.00000E+00   1.93789E+00   2.79842E-16            16   6.30863E-10   3.14527E+00
        2607   3.12840E+02   1.20000E-01   6.18136E-01   9.17891E-05   9.12358E-05   0.00000E+00   6.66128E-03   1.00000E+00   0.00000E+00   1.93789E+00   2.78272E-16            16   6.30997E-10   3.14526E+00
        2608   3.12960E+02   1.20000E-01   6.18136E-01   9.19913E-05   9.19497E-05   0.00000E+00   6.64548E-03   1.00000E+00   0.00000E+00   1.93789E+00   2.76013E-16            16   6.31327E-10   3.14525E+00
        2609   3.13080E+02   1.20000E-01   6.18136E-01   9.21907E-05   9.26597E-05   0.00000E+00   6.62955E-03   1.00000E+00   0.00000E+00   1.93789E+00   2.74678E-16            16   6.31406E-10   3.14524E+00
        2610   3.13200E+02   1.20000E-01   6.18136E-01   9.23871E-05   9.33657E-05   0.00000E+00   6.61349E-03   1.00000E+00   0.00000E+00   1.93789E+00   2.72770E-16            16   6.31678E-10   3.14523E+00
        2611   3.13320E+02   1.20000E-01   6.18136E-01   9.25806E-05   9.40677E-05   0.00000E+00   6.59730E-03   1.00000E+00   0.00000E+00   1.93789E+00   2.70936E-16            16   6.31850E-10   3.14522E+00
        2612   3.13440E+02   1.20000E-01   6.18136E-01   9.27711E-05   9.47656E-05   0.00000E+00   6.58098E-03   1.00000E+00   0.00000E+00   1.93789E+00   2.69062E-16            16   6.32108E-10   3.14521E+00
        2613   3.13560E+02   1.20000E-01   6.18136E-01   9.29588E-05   9.54596E-05   0.00000E+00   6.56453E-03   1.00000E+00   0.00000E+00   1.93789E+00   2.67269E-16            16   6.32298E-10   3.14520E+00
        2614   3.13680E+02   1.20000E-01   6.18136E-01   9.31435E-05   9.61493E-05   0.00000E+00   6.54796E-03   1.00000E+00   0.00000E+00   1.93789E+00   2.65383E-16            16   6.32574E-10   3.14519E+00
        2615   3.13800E+02   1.20000E-01   6.18136E-01   9.33253E-05   9.68352E-05   0.00000E+00   6.53126E-03   1.00000E+00   0.00000E+00   1.93789E+00   2.63650E-16            16   6.32768E-10   3.14518E+00
        2616   3.13920E+02   1.20000E-01   6.18136E-01   9.35042E-05   9.75168E-05   0.00000E+00   6.51444E-03   1.00000E+00   0.00000E+00   1.93789E+00   2.61667E-16            16   6.33051E-10   3.14517E+00
        2617   3.14040E+02   1.20000E-01   6.18136E-01   9.36802E-05   9.81944E-05   0.00000E+00   6.49749E-03   1.00000E+00   0.00000E+00   1.93789E+00   2.59815E-16            16   6.33272E-10   3.14516E+00
        2618   3.14160E+02   1.20000E-01   6.18136E-01   9.38533E-05   9.88678E-05   0.00000E+00   6.48041E-03   1.00000E+00   0.00000E+00   1.93789E+00   2.57910E-16            16   6.33470E-10   3.14515E+00
        2619   3.14280E+02   1.20000E-01   6.18136E-01   9.40234E-05   9.95372E-05   0.00000E+00   6.46321E-03   1.00000E+00   0.00000E+00   1.93789E+00   2.56137E-16            16   6.33755E-10   3.14514E+00
        2620   3.14400E+02   1.20000E-01   6.18136E-01   9.41907E-05   1.00202E-04   0.00000E+00   6.44589E-03   1.00000E+00   0.00000E+00   1.93789E+00   2.54137E-16            16   6.34028E-10   3.14513E+00
        2621   3.14520E+02   1.20000E-01   6.18136E-01   9.43550E-05   1.00863E-04   0.00000E+00   6.42844E-03   1.00000E+00   0.00000E+00   1.93789E+00   2.52389E-16            16   6.34264E-10   3.14512E+00
        2622   3.14640E+02   1.20000E-01   6.18136E-01   9.45165E-05   1.01520E-04   0.00000E+00   6.41088E-03   1.00000E+00   0.00000E+00   1.93789E+00   2.50601E-16            16   6.34535E-10   3.14511E+00
        2623   3.14760E+02   1.20000E-01   6.18136E-01   9.46750E-05   1.02173E-04   0.00000E+00   6.39319E-03   1.00000E+00   0.00000E+00   1.93789E+00   2.48637E-16            16   6.34794E-10   3.14510E+00
        2624   3.14880E+02   1.20000E-01   6.18136E-01   9.48306E-05   1.02821E-04   0.00000E+00   6.37538E-03   1.00000E+00   0.00000E+00   1.93789E+00   2.46832E-16            16   6.35025E-10   3.14509E+00
        2625   3.15000E+02   1.20000E-01   6.18136E-01   9.49834E-05   1.03466E-04   0.00000E+00   6.35745E-03   1.00000E+00   0.00000E+00   1.93789E+00   2.44855E-16            16   6.35329E-10   3.14508E+00
        2626   3.15120E+02   1.20000E-01   6.18136E-01   9.51332E-05   1.04106E-04   0.00000E+00   6.33940E-03   1.00000E+00   0.00000E+00   1.93789E+00   2.43206E-16            16   6.35565E-10   3.14507E+00
        2627   3.15240E+02   1.20000E-01   6.18136E-01   9.52802E-05   1.04742E-04   0.00000E+00   6.32123E-03   1.00000E+00   0.00000E+00   1.93789E+00   2.40779E-16            16   6.35894E-10   3.14506E+00
        2628   3.15360E+02   1.20000E-01   6.18136E-01   9.54242E-05   1.05373E-04   0.00000E+00   6.30295E-03   1.00000E+00   0.00000E+00   1.93789E+00   2.39333E-16            16   6.36121E-10   3.14505E+00
        2629   3.15480E+02   1.20000E-01   6.18136E-01   9.55654E-05   1.06001E-04   0.00000E+00   6.28454E-03   1.00000E+00   0.00000E+00   1.93789E+00   2.37196E-16            16   6.36405E-10   3.14504E+00
        2630   3.15600E+02   1.20000E-01   6.18136E-01   9.57036E-05   1.06623E-04   0.00000E+00   6.26602E-03   1.00000E+00   0.00000E+00   1.93789E+00   2.35857E-16            16   6.36631E-10   3.14503E+00
        2631   3.15720E+02   1.20000E-01   6.18136E-01   9.58390E-05   1.07242E-04   0.00000E+00   6.24738E-03   1.00000E+00   0.00000E+00   1.93789E+00   2.33667E-16            16   6.36925E-10   3.14502E+00
        2632   3.15840E+02   1.20000E-01   6.18136E-01   9.59715E-05   1.07857E-04   0.00000E+00   6.22863E-03   1.00000E+00   0.00000E+00   1.93789E+00   2.31931E-16            16   6.37180E-10   3.14501E+00
        2633   3.15960E+02   1.20000E-01   6.18136E-01   9.61012E-05   1.08467E-04   0.00000E+00   6.20976E-03   1.00000E+00   0.00000E+00   1.93789E+00   2.29836E-16            16   6.37607E-10   3.14500E+00
        2634   3.16080E+02   1.20000E-01   6.18136E-01   9.62279E-05   1.09072E-04   0.00000E+00   6.19078E-03   1.00000E+00   0.00000E+00   1.93789E+00   2.28300E-16            16   6.37714E-10   3.14499E+00
        2635   3.16200E+02   1.20000E-01   6.18136E-01   9.63518E-05   1.09674E-04   0.00000E+00   6.17168E-03   1.00000E+00   0.00000E+00   1.93789E+00   2.25886E-16            16   6.38193E-10   3.14498E+00
        2636   3.16320E+02   1.20000E-01   6.18136E-01   9.64728E-05   1.10271E-04   0.00000E+00   6.15247E-03   1.00000E+00   0.00000E+00   1.93789E+00   2.24293E-16            16   6.38324E-10   3.14497E+00
        2637   3.16440E+02   1.20000E-01   6.18136E-01   9.65910E-05   1.10863E-04   0.00000E+00   6.13315E-03   1.00000E+00   0.00000E+00   1.93789E+00   2.22156E-16            16   6.38788E-10   3.14496E+00
        2638   3.16560E+02   1.20000E-01   6.18136E-01   9.67062E-05   1.11451E-04   0.00000E+00   6.11371E-03   1.00000E+00   0.00000E+00   1.93789E+00   2.20833E-16            16   6.39021E-10   3.14495E+00
        2639   3.16680E+02   1.20000E-01   6.18136E-01   9.68187E-05   1.12035E-04   0.00000E+00   6.09416E-03   1.00000E+00   0.00000E+00   1.93789E+00   2.18744E-16            16   6.39323E-10   3.14493E+00
        2640   3.16800E+02   1.20000E-01   6.18136E-01   9.69282E-05   1.12615E-04   0.00000E+00   6.07450E-03   1.00000E+00   0.00000E+00   1.93789E+00   2.16884E-16            16   6.39626E-10   3.14492E+00
        2641   3.16920E+02   1.20000E-01   6.18136E-01   9.70350E-05   1.13190E-04   0.00000E+00   6.05473E-03   1.00000E+00   0.00000E+00   1.93789E+00   2.15171E-16            16   6.39921E-10   3.14491E+00
        2642   3.17040E+02   1.20000E-01   6.18136E-01   9.71388E-05   1.13760E-04   0.00000E+00   6.03485E-03   1.00000E+00   0.00000E+00   1.93789E+00   2.13206E-16            16   6.40245E-10   3.14490E+00
        2643   3.17160E+02   1.20000E-01   6.18136E-01   9.72399E-05   1.14327E-04   0.00000E+00   6.01486E-03   1.00000E+00   0.00000E+00   1.93789E+00   2.11259E-16            16   6.40680E-10   3.14489E+00
        2644   3.17280E+02   1.20000E-01   6.18136E-01   9.73381E-05   1.14888E-04   0.00000E+00   5.99476E-03   1.00000E+00   0.00000E+00   1.93789E+00   2.09428E-16            16   6.40857E-10   3.14488E+00
        2645   3.17400E+02   1.20000E-01   6.18136E-01   9.74334E-05   1.15446E-04   0.00000E+00   5.97456E-03   1.00000E+00   0.00000E+00   1.93789E+00   2.07417E-16            16   6.41353E-10   3.14487E+00
        2646   3.17520E+02   1.20000E-01   6.18136E-01   9.75259E-05   1.15999E-04   0.00000E+00   5.95424E-03   1.00000E+00   0.00000E+00   1.93789E+00   2.05580E-16            16   6.41519E-10   3.14485E+00
        2647   3.17640E+02   1.20000E-01   6.18136E-01   9.76156E-05   1.16547E-04   0.00000E+00   5.93382E-03   1.00000E+00   0.00000E+00   1.93789E+00   2.03528E-16            16   6.42011E-10   3.14484E+00
        2648   3.17760E+02   1.20000E-01   6.18136E-01   9.77025E-05   1.17091E-04   0.00000E+00   5.91330E-03   1.00000E+00   0.00000E+00   1.93789E+00   2.02114E-16            16   6.42311E-10   3.14483E+00
        2649   3.17880E+02   1.20000E-01   6.18136E-01   9.77866E-05   1.17631E-04   0.00000E+00   5.89266E-03   1.00000E+00   0.00000E+00   1.93789E+00   2.00035E-16            16   6.42654E-10   3.14482E+00
        2650   3.18000E+02   1.20000E-01   6.18136E-01   9.78703E-05   1.18166E-04   0.00000E+00   5.87192E-03   1.00000E+00   0.00000E+00   1.93789E+00   1.98317E-16            16   6.43018E-10   3.14481E+00
        2651   3.18120E+02   1.20000E-01   6.18136E-01   9.80181E-05   1.18697E-04   0.00000E+00   5.85108E-03   1.00000E+00   0.00000E+00   1.93789E+00   1.96328E-16            16   6.43358E-10   3.14480E+00
        2652   3.18240E+02   1.20000E-01   6.18136E-01   9.81629E-05   1.19223E-04   0.00000E+00   5.83013E-03   1.00000E+00   0.00000E+00   1.93789E+00   1.94573E-16            16   6.43722E-10   3.14478E+00
        2653   3.18360E+02   1.20000E-01   6.18136E-01   9.83048E-05   1.19744E-04   0.00000E+00   5.80908E-03   1.00000E+00   0.00000E+00   1.93789E+00   1.92696E-16            16   6.44205E-10   3.14477E+00
        2654   3.18480E+02   1.20000E-01   6.18136E-01   9.84437E-05   1.20261E-04   0.00000E+00   5.78793E-03   1.00000E+00   0.00000E+00   1.93789E+00   1.91438E-16            16   6.44404E-10   3.14476E+00
        2655   3.18600E+02   1.20000E-01   6.18136E-01   9.85796E-05   1.20774E-04   0.00000E+00   5.76667E-03   1.00000E+00   0.00000E+00   1.93789E+00   1.90251E-16            16   6.44954E-10   3.14475E+00
        2656   3.18720E+02   1.20000E-01   6.18136E-01   9.87126E-05   1.21282E-04   0.00000E+00   5.74531E-03   1.00000E+00   0.00000E+00   1.93789E+00   1.89203E-16            16   6.45134E-10   3.14474E+00
        2657   3.18840E+02   1.20000E-01   6.18136E-01   9.88426E-05   1.21785E-04   0.00000E+00   5.72386E-03   1.00000E+00   0.00000E+00   1.93789E+00   1.88014E-16            16   6.45695E-10   3.14472E+00
        2658   3.18960E+02   1.20000E-01   6.18136E-01   9.89697E-05   1.22284E-04   0.00000E+00   5.70230E-03   1.00000E+00   0.00000E+00   1.93789E+00   1.86659E-16            16   6.46047E-10   3.14471E+00
        2659   3.19080E+02   1.20000E-01   6.18136E-01   9.90938E-05   1.22778E-04   0.00000E+00   5.68064E-03   1.00000E+00   0.00000E+00   1.93789E+00   1.85581E-16            16   6.46390E-10   3.14470E+00
        2660   3.19200E+02   1.20000E-01   6.18136E-01   9.92149E-05   1.23268E-04   0.00000E+00   5.65888E-03   1.00000E+00   0.00000E+00   1.93789E+00   1.84133E-16            16   6.46846E-10   3.14469E+00
        2661   3.19320E+02   1.20000E-01   6.18136E-01   9.93332E-05   1.23753E-04   0.00000E+00   5.63702E-03   1.00000E+00   0.00000E+00   1.93789E+00   1.82999E-16            16   6.47253E-10   3.14467E+00
        2662   3.19440E+02   1.20000E-01   6.18136E-01   9.94485E-05   1.24233E-04   0.00000E+00   5.61507E-03   1.00000E+00   0.00000E+00   1.93789E+00   1.81669E-16            16   6.47572E-10   3.14466E+00
        2663   3.19560E+02   1.20000E-01   6.18136E-01   9.95608E-05   1.24709E-04   0.00000E+00   5.59301E-03   1.00000E+00   0.00000E+00   1.93789E+00   1.80367E-16            16   6.48140E-10   3.14465E+00
        2664   3.19680E+02   1.20000E-01   6.18136E-01   9.96702E-05   1.25180E-04   0.00000E+00   5.57087E-03   1.00000E+00   0.00000E+00   1.93789E+00   1.78381E-16            16   6.48795E-10   3.14464E+00
        2665   3.19800E+02   1.20000E-01   6.18136E-01   9.97767E-05   1.25647E-04   0.00000E+00   5.54862E-03   1.00000E+00   0.00000E+00   1.93789E+00   1.77492E-16            16   6.49135E-10   3.14462E+00
        2666   3.19920E+02   1.20000E-01   6.18136E-01   9.98803E-05   1.26109E-04   0.00000E+00   5.52628E-03   1.00000E+00   0.00000E+00   1.93789E+00   1.75348E-16            16   6.49814E-10   3.14461E+00
        2667   3.20040E+02   1.20000E-01   6.18136E-01   9.99810E-05   1.26566E-04   0.00000E+00   5.50384E-03   1.00000E+00   0.00000E+00   1.93789E+00   1.74884E-16            16   6.50041E-10   3.14460E+00
        2668   3.20160E+02   1.20000E-01   6.18136E-01   1.00079E-04   1.27019E-04   0.00000E+00   5.48131E-03   1.00000E+00   0.00000E+00   1.93789E+00   1.73122E-16            16   6.50568E-10   3.14459E+00
        2669   3.20280E+02   1.20000E-01   6.18136E-01   1.00174E-04   1.27467E-04   0.00000E+00   5.45869E-03   1.00000E+00   0.00000E+00   1.93789E+00   1.72695E-16            16   6.50869E-10   3.14457E+00
        2670   3.20400E+02   1.20000E-01   6.18136E-01   1.00265E-04   1.27910E-04   0.00000E+00   5.43597E-03   1.00000E+00   0.00000E+00   1.93789E+00   1.71462E-16            16   6.51305E-10   3.14456E+00
        2671   3.20520E+02   1.20000E-01   6.18136E-01   1.00354E-04   1.28349E-04   0.00000E+00   5.41316E-03   1.00000E+00   0.00000E+00   1.93789E+00   1.69796E-16            16   6.51836E-10   3.14455E+00
        2672   3.20640E+02   1.20000E-01   6.18136E-01   1.00441E-04   1.28783E-04   0.00000E+00   5.39025E-03   1.00000E+00   0.00000E+00   1.93789E+00   1.68886E-16            16   6.52421E-10   3.14453E+00
        2673   3.20760E+02   1.20000E-01   6.18136E-01   1.00524E-04   1.29213E-04   0.00000E+00   5.36726E-03   1.00000E+00   0.00000E+00   1.93789E+00   1.67124E-16            16   6.52904E-10   3.14452E+00
        2674   3.20880E+02   1.20000E-01   6.18136E-01   1.00604E-04   1.29638E-04   0.00000E+00   5.34417E-03   1.00000E+00   0.00000E+00   1.93789E+00   1.66437E-16            16   6.53307E-10   3.14451E+00
        2675   3.21000E+02   1.20000E-01   6.18136E-01   1.00682E-04   1.30058E-04   0.00000E+00   5.32100E-03   1.00000E+00   0.00000E+00   1.93789E+00   1.64860E-16            16   6.53765E-10   3.14449E+00
        2676   3.21120E+02   1.20000E-01   6.18136E-01   1.00756E-04   1.30473E-04   0.00000E+00   5.29773E-03   1.00000E+00   0.00000E+00   1.93789E+00   1.63938E-16            16   6.54087E-10   3.14448E+00
        2677   3.21240E+02   1.20000E-01   6.18136E-01   1.00828E-04   1.30884E-04   0.00000E+00   5.27438E-03   1.00000E+00   0.00000E+00   1.93789E+00   1.62600E-16            16   6.54522E-10   3.14447E+00
        2678   3.21360E+02   1.20000E-01   6.18136E-01   1.00897E-04   1.31290E-04   0.00000E+00   5.25094E-03   1.00000E+00   0.00000E+00   1.93789E+00   1.61165E-16            16   6.55172E-10   3.14446E+00
        2679   3.21480E+02   1.20000E-01   6.18136E-01   1.00963E-04   1.31691E-04   0.00000E+00   5.22741E-03   1.00000E+00   0.00000E+00   1.93789E+00   1.59533E-16            16   6.55780E-10   3.14444E+00
        2680   3.21600E+02   1.20000E-01   6.18136E-01   1.01026E-04   1.32088E-04   0.00000E+00   5.20380E-03   1.00000E+00   0.00000E+00   1.93789E+00   1.58090E-16            16   6.56312E-10   3.14443E+00
        2681   3.21720E+02   1.20000E-01   6.18136E-01   1.01086E-04   1.32480E-04   0.00000E+00   5.18009E-03   1.00000E+00   0.00000E+00   1.93789E+00   1.56895E-16            16   6.56891E-10   3.14442E+00
        2682   3.21840E+02   1.20000E-01   6.18136E-01   1.01143E-04   1.32867E-04   0.00000E+00   5.15631E-03   1.00000E+00   0.00000E+00   1.93789E+00   1.55827E-16            16   6.57331E-10   3.14440E+00
        2683   3.21960E+02   1.20000E-01   6.18136E-01   1.01198E-04   1.33250E-04   0.00000E+00   5.13243E-03   1.00000E+00   0.00000E+00   1.93789E+00   1.54753E-16            16   6.57692E-10   3.14439E+00
        2684   3.22080E+02   1.20000E-01   6.18136E-01   1.01249E-04   1.33628E-04   0.00000E+00   5.10848E-03   1.00000E+00   0.00000E+00   1.93789E+00   1.53767E-16            16   6.58183E-10   3.14437E+00
        2685   3.22200E+02   1.20000E-01   6.18136E-01   1.01298E-04   1.34001E-04   0.00000E+00   5.08444E-03   1.00000E+00   0.00000E+00   1.93789E+00   1.52660E-16            16   6.58664E-10   3.14436E+00
        2686   3.22320E+02   1.20000E-01   6.18136E-01   1.01344E-04   1.34369E-04   0.00000E+00   5.06032E-03   1.00000E+00   0.00000E+00   1.93789E+00   1.51336E-16            16   6.59178E-10   3.14435E+00
        2687   3.22440E+02   1.20000E-01   6.18136E-01   1.01387E-04   1.34733E-04   0.00000E+00   5.03611E-03   1.00000E+00   0.00000E+00   1.93789E+00   1.50014E-16            16   6.59868E-10   3.14433E+00
        2688   3.22560E+02   1.20000E-01   6.18136E-01   1.01428E-04   1.35092E-04   0.00000E+00   5.01182E-03   1.00000E+00   0.00000E+00   1.93789E+00   1.48693E-16            16   6.60518E-10   3.14432E+00
        2689   3.22680E+02   1.20000E-01   6.18136E-01   1.01465E-04   1.35446E-04   0.00000E+00   4.98745E-03   1.00000E+00   0.00000E+00   1.93789E+00   1.47487E-16            16   6.61123E-10   3.14431E+00
        2690   3.22800E+02   1.20000E-01   6.18136E-01   1.01500E-04   1.35796E-04   0.00000E+00   4.96300E-03   1.00000E+00   0.00000E+00   1.93789E+00   1.46309E-16            16   6.61801E-10   3.14429E+00
        2691   3.22920E+02   1.20000E-01   6.18136E-01   1.01532E-04   1.36141E-04   0.00000E+00   4.93847E-03   1.00000E+00   0.00000E+00   1.93789E+00   1.44703E-16            16   6.62380E-10   3.14428E+00
        2692   3.23040E+02   1.20000E-01   6.18136E-01   1.01561E-04   1.36481E-04   0.00000E+00   4.91386E-03   1.00000E+00   0.00000E+00   1.93789E+00   1.44043E-16            16   6.62902E-10   3.14426E+00
        2693   3.23160E+02   1.20000E-01   6.18136E-01   1.01588E-04   1.36816E-04   0.00000E+00   4.88917E-03   1.00000E+00   0.00000E+00   1.93789E+00   1.42615E-16            16   6.63546E-10   3.14425E+00
        2694   3.23280E+02   1.20000E-01   6.18136E-01   1.01611E-04   1.37146E-04   0.00000E+00   4.86440E-03   1.00000E+00   0.00000E+00   1.93789E+00   1.41177E-16            16   6.64174E-10   3.14424E+00
        2695   3.23400E+02   1.20000E-01   6.18136E-01   1.01632E-04   1.37477E-04   0.00000E+00   4.83956E-03   1.00000E+00   0.00000E+00   1.93789E+00   1.39839E-16            16   6.64820E-10   3.14422E+00
        2696   3.23520E+02   1.20000E-01   6.18136E-01   1.01650E-04   1.37817E-04   0.00000E+00   4.81463E-03   1.00000E+00   0.00000E+00   1.93789E+00   1.38288E-16            16   6.65606E-10   3.14421E+00
        2697   3.23640E+02   1.20000E-01   6.18136E-01   1.01665E-04   1.38152E-04   0.00000E+00   4.78963E-03   1.00000E+00   0.00000E+00   1.93789E+00   1.36987E-16            16   6.66382E-10   3.14419E+00
        2698   3.23760E+02   1.20000E-01   6.18136E-01   1.01678E-04   1.38482E-04   0.00000E+00   4.76456E-03   1.00000E+00   0.00000E+00   1.93789E+00   1.34771E-16            16   6.67137E-10   3.14418E+00
        2699   3.23880E+02   1.20000E-01   6.18136E-01   1.01688E-04   1.38807E-04   0.00000E+00   4.73940E-03   1.00000E+00   0.00000E+00   1.93789E+00   1.33271E-16            16   6.67994E-10   3.14417E+00
        2700   3.24000E+02   1.20000E-01   6.18136E-01   1.01695E-04   1.39127E-04   0.00000E+00   4.71418E-03   1.00000E+00   0.00000E+00   1.93789E+00   1.31025E-16            16   6.69147E-10   3.14415E+00
        2701   3.24120E+02   1.20000E-01   6.18136E-01   1.01699E-04   1.39443E-04   0.00000E+00   4.68887E-03   1.00000E+00   0.00000E+00   1.93789E+00   1.29153E-16            16   6.69803E-10   3.14414E+00
        2702   3.24240E+02   1.20000E-01   6.18136E-01   1.01700E-04   1.39754E-04   0.00000E+00   4.66350E-03   1.00000E+00   0.00000E+00   1.93789E+00   1.27568E-16            16   6.70499E-10   3.14412E+00
        2703   3.24360E+02   1.20000E-01   6.18136E-01   1.01699E-04   1.40060E-04   0.00000E+00   4.63805E-03   1.00000E+00   0.00000E+00   1.93789E+00   1.25011E-16            16   6.71485E-10   3.14411E+00
        2704   3.24480E+02   1.20000E-01   6.18136E-01   1.01695E-04   1.40361E-04   0.00000E+00   4.61253E-03   1.00000E+00   0.00000E+00   1.93789E+00   1.22744E-16            16   6.72717E-10   3.14410E+00
        2705   3.24600E+02   1.20000E-01   6.18136E-01   1.01689E-04   1.40657E-04   0.00000E+00   4.58694E-03   1.00000E+00   0.00000E+00   1.93789E+00   1.19848E-16            16   6.73517E-10   3.14408E+00
        2706   3.24720E+02   1.20000E-01   6.18136E-01   1.01679E-04   1.40948E-04   0.00000E+00   4.56128E-03   1.00000E+00   0.00000E+00   1.93789E+00   1.17396E-16            16   6.74529E-10   3.14407E+00
        2707   3.24840E+02   1.20000E-01   6.18136E-01   1.01667E-04   1.41235E-04   0.00000E+00   4.53554E-03   1.00000E+00   0.00000E+00   1.93789E+00   1.15143E-16            16   6.75533E-10   3.14405E+00
        2708   3.24960E+02   1.20000E-01   6.18136E-01   1.01653E-04   1.41516E-04   0.00000E+00   4.50974E-03   1.00000E+00   0.00000E+00   1.93789E+00   1.11696E-16            16   6.76955E-10   3.14404E+00
        2709   3.25080E+02   1.20000E-01   6.18136E-01   1.01635E-04   1.41793E-04   0.00000E+00   4.48387E-03   1.00000E+00   0.00000E+00   1.93789E+00   1.08958E-16            16   6.77994E-10   3.14402E+00
        2710   3.25200E+02   1.20000E-01   6.18136E-01   1.01615E-04   1.42065E-04   0.00000E+00   4.45792E-03   1.00000E+00   0.00000E+00   1.93789E+00   1.06708E-16            16   6.79115E-10   3.14401E+00
        2711   3.25320E+02   1.20000E-01   6.18136E-01   1.01592E-04   1.42332E-04   0.00000E+00   4.43191E-03   1.00000E+00   0.00000E+00   1.93789E+00   1.03954E-16            16   6.80270E-10   3.14399E+00
        2712   3.25440E+02   1.20000E-01   6.18136E-01   1.01567E-04   1.42594E-04   0.00000E+00   4.40584E-03   1.00000E+00   0.00000E+00   1.93789E+00   1.01806E-16            16   6.81677E-10   3.14398E+00
        2713   3.25560E+02   1.20000E-01   6.18136E-01   1.01539E-04   1.42851E-04   0.00000E+00   4.37969E-03   1.00000E+00   0.00000E+00   1.93789E+00   1.00349E-16            16   6.83043E-10   3.14396E+00
        2714   3.25680E+02   1.20000E-01   6.18136E-01   1.01508E-04   1.43104E-04   0.00000E+00   4.35349E-03   1.00000E+00   0.00000E+00   1.93789E+00   9.94822E-17            16   6.83838E-10   3.14395E+00
        2715   3.25800E+02   1.20000E-01   6.18136E-01   1.01475E-04   1.43351E-04   0.00000E+00   4.32720E-03   1.00000E+00   0.00000E+00   1.93789E+00   9.69394E-17            16   6.84786E-10   3.14394E+00
        2716   3.25920E+02   1.20000E-01   6.18136E-01   1.01439E-04   1.43594E-04   0.00000E+00   4.30086E-03   1.00000E+00   0.00000E+00   1.93789E+00   9.50127E-17            16   6.86247E-10   3.14392E+00
        2717   3.26040E+02   1.20000E-01   6.18136E-01   1.01400E-04   1.43831E-04   0.00000E+00   4.27445E-03   1.00000E+00   0.00000E+00   1.93789E+00   9.44220E-17            16   6.87193E-10   3.14391E+00
        2718   3.26160E+02   1.20000E-01   6.18136E-01   1.01359E-04   1.44064E-04   0.00000E+00   4.24799E-03   1.00000E+00   0.00000E+00   1.93789E+00   9.38045E-17            16   6.88283E-10   3.14389E+00
        2719   3.26280E+02   1.20000E-01   6.18136E-01   1.01315E-04   1.44292E-04   0.00000E+00   4.22146E-03   1.00000E+00   0.00000E+00   1.93789E+00   9.17928E-17            16   6.89187E-10   3.14388E+00
        2720   3.26400E+02   1.20000E-01   6.18136E-01   1.01269E-04   1.44515E-04   0.00000E+00   4.19488E-03   1.00000E+00   0.00000E+00   1.93789E+00   9.17760E-17            16   6.90411E-10   3.14386E+00
        2721   3.26520E+02   1.20000E-01   6.18136E-01   1.01220E-04   1.44734E-04   0.00000E+00   4.16823E-03   1.00000E+00   0.00000E+00   1.93789E+00   8.98623E-17            16   6.91345E-10   3.14385E+00
        2722   3.26640E+02   1.20000E-01   6.18136E-01   1.01168E-04   1.44947E-04   0.00000E+00   4.14152E-03   1.00000E+00   0.00000E+00   1.93789E+00   9.01044E-17            16   6.92332E-10   3.14383E+00
        2723   3.26760E+02   1.20000E-01   6.18136E-01   1.01167E-04   1.45155E-04   0.00000E+00   4.11476E-03   1.00000E+00   0.00000E+00   1.93789E+00   8.81103E-17            16   6.93134E-10   3.14382E+00
        2724   3.26880E+02   1.20000E-01   6.18136E-01   1.01164E-04   1.45359E-04   0.00000E+00   4.08793E-03   1.00000E+00   0.00000E+00   1.93789E+00   8.81579E-17            16   6.94075E-10   3.14380E+00
        2725   3.27000E+02   1.20000E-01   6.18136E-01   1.01158E-04   1.45558E-04   0.00000E+00   4.06105E-03   1.00000E+00   0.00000E+00   1.93789E+00   8.63836E-17            16   6.94789E-10   3.14379E+00
        2726   3.27120E+02   1.20000E-01   6.18136E-01   1.01150E-04   1.45752E-04   0.00000E+00   4.03411E-03   1.00000E+00   0.00000E+00   1.93789E+00   8.63165E-17            16   6.95859E-10   3.14377E+00
        2727   3.27240E+02   1.20000E-01   6.18136E-01   1.01138E-04   1.45941E-04   0.00000E+00   4.00712E-03   1.00000E+00   0.00000E+00   1.93789E+00   8.41314E-17            16   6.96558E-10   3.14376E+00
        2728   3.27360E+02   1.20000E-01   6.18136E-01   1.01125E-04   1.46125E-04   0.00000E+00   3.98007E-03   1.00000E+00   0.00000E+00   1.93789E+00   8.39428E-17            16   6.97622E-10   3.14374E+00
        2729   3.27480E+02   1.20000E-01   6.18136E-01   1.01108E-04   1.46304E-04   0.00000E+00   3.95296E-03   1.00000E+00   0.00000E+00   1.93789E+00   8.18047E-17            16   6.98239E-10   3.14373E+00
        2730   3.27600E+02   1.20000E-01   6.18136E-01   1.01089E-04   1.46479E-04   0.00000E+00   3.92580E-03   1.00000E+00   0.00000E+00   1.93789E+00   8.12367E-17            16   6.99242E-10   3.14371E+00
        2731   3.27720E+02   1.20000E-01   6.18136E-01   1.01067E-04   1.46648E-04   0.00000E+00   3.89858E-03   1.00000E+00   0.00000E+00   1.93789E+00   7.91991E-17            16   6.99662E-10   3.14370E+00
        2732   3.27840E+02   1.20000E-01   6.18136E-01   1.01043E-04   1.46813E-04   0.00000E+00   3.87131E-03   1.00000E+00   0.00000E+00   1.93789E+00   7.87745E-17            16   7.00462E-10   3.14368E+00
        2733   3.27960E+02   1.20000E-01   6.18136E-01   1.01016E-04   1.46973E-04   0.00000E+00   3.84398E-03   1.00000E+00   0.00000E+00   1.93789E+00   7.67875E-17            16   7.00913E-10   3.14367E+00
        2734   3.28080E+02   1.20000E-01   6.18136E-01   1.00986E-04   1.47128E-04   0.00000E+00   3.81660E-03   1.00000E+00   0.00000E+00   1.93789E+00   7.64333E-17            16   7.01307E-10   3.14365E+00
        2735   3.28200E+02   1.20000E-01   6.18136E-01   1.00954E-04   1.47278E-04   0.00000E+00   3.78916E-03   1.00000E+00   0.00000E+00   1.93789E+00   7.44739E-17            16   7.02206E-10   3.14364E+00
        2736   3.28320E+02   1.20000E-01   6.18136E-01   1.00918E-04   1.47423E-04   0.00000E+00   3.76167E-03   1.00000E+00   0.00000E+00   1.93789E+00   7.38584E-17            16   7.02829E-10   3.14362E+00
        2737   3.28440E+02   1.20000E-01   6.18136E-01   1.00881E-04   1.47564E-04   0.00000E+00   3.73415E-03   1.00000E+00   0.00000E+00   1.93789E+00   7.19137E-17            16   7.08085E-10   3.14361E+00
        2738   3.28560E+02   1.20000E-01   6.18136E-01   1.00840E-04   1.47700E-04   0.00000E+00   3.70656E-03   1.00000E+00   0.00000E+00   1.93789E+00   7.14333E-17            16   7.04946E-10   3.14359E+00
        2739   3.28680E+02   1.20000E-01   6.18136E-01   1.00798E-04   1.47830E-04   0.00000E+00   3.67892E-03   1.00000E+00   0.00000E+00   1.93789E+00   6.96173E-17            16   7.05576E-10   3.14358E+00
        2740   3.28800E+02   1.20000E-01   6.18136E-01   1.00752E-04   1.47956E-04   0.00000E+00   3.65123E-03   1.00000E+00   0.00000E+00   1.93789E+00   6.95313E-17            16   7.04059E-10   3.14356E+00
        2741   3.28920E+02   1.20000E-01   6.18136E-01   1.00704E-04   1.48078E-04   0.00000E+00   3.62350E-03   1.00000E+00   0.00000E+00   1.93789E+00   6.77189E-17            16   7.03293E-10   3.14354E+00
        2742   3.29040E+02   1.20000E-01   6.18136E-01   1.00653E-04   1.48194E-04   0.00000E+00   3.59571E-03   1.00000E+00   0.00000E+00   1.93789E+00   6.79220E-17            16   7.01509E-10   3.14353E+00
        2743   3.29160E+02   1.20000E-01   6.18136E-01   1.00600E-04   1.48306E-04   0.00000E+00   3.56788E-03   1.00000E+00   0.00000E+00   1.93789E+00   6.60590E-17            16   7.00162E-10   3.14351E+00
        2744   3.29280E+02   1.20000E-01   6.18136E-01   1.00544E-04   1.48412E-04   0.00000E+00   3.54000E-03   1.00000E+00   0.00000E+00   1.93789E+00   6.54496E-17            16   6.98498E-10   3.14350E+00
        2745   3.29400E+02   1.20000E-01   6.18136E-01   1.00486E-04   1.48514E-04   0.00000E+00   3.51208E-03   1.00000E+00   0.00000E+00   1.93789E+00   6.38204E-17            16   6.97634E-10   3.14348E+00
        2746   3.29520E+02   1.20000E-01   6.18136E-01   1.00425E-04   1.48611E-04   0.00000E+00   3.48412E-03   1.00000E+00   0.00000E+00   1.93789E+00   6.32703E-17            16   6.96245E-10   3.14347E+00
        2747   3.29640E+02   1.20000E-01   6.18136E-01   1.00361E-04   1.48704E-04   0.00000E+00   3.45610E-03   1.00000E+00   0.00000E+00   1.93789E+00   6.17799E-17            16   6.94696E-10   3.14345E+00
        2748   3.29760E+02   1.20000E-01   6.18136E-01   1.00295E-04   1.48791E-04   0.00000E+00   3.42805E-03   1.00000E+00   0.00000E+00   1.93789E+00   6.07648E-17            16   6.92270E-10   3.14344E+00
        2749   3.29880E+02   1.20000E-01   6.18136E-01   1.00227E-04   1.48874E-04   0.00000E+00   3.39995E-03   1.00000E+00   0.00000E+00   1.93789E+00   5.94355E-17            16   6.89617E-10   3.14342E+00
        2750   3.30000E+02   1.20000E-01   6.18136E-01   1.00156E-04   1.48952E-04   0.00000E+00   3.37181E-03   1.00000E+00   0.00000E+00   1.93789E+00   5.89540E-17            16   6.87308E-10   3.14341E+00
        2751   3.30120E+02   1.20000E-01   6.18136E-01   1.00082E-04   1.49025E-04   0.00000E+00   3.34363E-03   1.00000E+00   0.00000E+00   1.93789E+00   5.77266E-17            16   6.82552E-10   3.14339E+00
        2752   3.30240E+02   1.20000E-01   6.18136E-01   1.00006E-04   1.49094E-04   0.00000E+00   3.31540E-03   1.00000E+00   0.00000E+00   1.93789E+00   5.67129E-17            16   6.77611E-10   3.14338E+00
        2753   3.30360E+02   1.20000E-01   6.18136E-01   9.99274E-05   1.49157E-04   0.00000E+00   3.28713E-03   1.00000E+00   0.00000E+00   1.93789E+00   5.56837E-17            16   6.72314E-10   3.14336E+00
        2754   3.30480E+02   1.20000E-01   6.18136E-01   9.98463E-05   1.49216E-04   0.00000E+00   3.25882E-03   1.00000E+00   0.00000E+00   1.93789E+00   5.47372E-17            16   6.66219E-10   3.14334E+00
        2755   3.30600E+02   1.20000E-01   6.18136E-01   9.97628E-05   1.49270E-04   0.00000E+00   3.23047E-03   1.00000E+00   0.00000E+00   1.93789E+00   5.43111E-17            16   6.60274E-10   3.14333E+00
        2756   3.30720E+02   1.20000E-01   6.18136E-01   9.96767E-05   1.49320E-04   0.00000E+00   3.20208E-03   1.00000E+00   0.00000E+00   1.93789E+00   5.34481E-17            16   6.52898E-10   3.14331E+00
        2757   3.30840E+02   1.20000E-01   6.18136E-01   9.95883E-05   1.49364E-04   0.00000E+00   3.17365E-03   1.00000E+00   0.00000E+00   1.93789E+00   5.36496E-17            16   6.45149E-10   3.14330E+00
        2758   3.30960E+02   1.20000E-01   6.18136E-01   9.94973E-05   1.49404E-04   0.00000E+00   3.14518E-03   1.00000E+00   0.00000E+00   1.93789E+00   5.29577E-17            16   6.35988E-10   3.14328E+00
        2759   3.31080E+02   1.20000E-01   6.18136E-01   9.94040E-05   1.49439E-04   0.00000E+00   3.11667E-03   1.00000E+00   0.00000E+00   1.93789E+00   5.38185E-17            16   6.26015E-10   3.14327E+00
        2760   3.31200E+02   1.20000E-01   6.18136E-01   9.93082E-05   1.49470E-04   0.00000E+00   3.08812E-03   1.00000E+00   0.00000E+00   1.93789E+00   5.17105E-17            16   6.13390E-10   3.14325E+00
        2761   3.31320E+02   1.20000E-01   6.18136E-01   9.92100E-05   1.49495E-04   0.00000E+00   3.05953E-03   1.00000E+00   0.00000E+00   1.93789E+00   5.10981E-17            16   5.98891E-10   3.14324E+00
        2762   3.31440E+02   1.20000E-01   6.18136E-01   9.91093E-05   1.49516E-04   0.00000E+00   3.03091E-03   1.00000E+00   0.00000E+00   1.93789E+00   5.01426E-17            16   5.81885E-10   3.14322E+00
        2763   3.31560E+02   1.20000E-01   6.18136E-01   9.90063E-05   1.49533E-04   0.00000E+00   3.00225E-03   1.00000E+00   0.00000E+00   1.93789E+00   4.90270E-17            16   5.62819E-10   3.14320E+00
        2764   3.31680E+02   1.20000E-01   6.18136E-01   9.89009E-05   1.49544E-04   0.00000E+00   2.97356E-03   1.00000E+00   0.00000E+00   1.93789E+00   4.83230E-17            16   5.40928E-10   3.14319E+00
        2765   3.31800E+02   1.20000E-01   6.18136E-01   9.87931E-05   1.49551E-04   0.00000E+00   2.94483E-03   1.00000E+00   0.00000E+00   1.93789E+00   4.62901E-17            16   5.12667E-10   3.14317E+00
        2766   3.31920E+02   1.20000E-01   6.18136E-01   9.86832E-05   1.49554E-04   0.00000E+00   2.91607E-03   1.00000E+00   0.00000E+00   1.93789E+00   4.41026E-17            16   4.81324E-10   3.14316E+00
        2767   3.32040E+02   1.20000E-01   6.18136E-01   9.85757E-05   1.49551E-04   0.00000E+00   2.88728E-03   1.00000E+00   0.00000E+00   1.93789E+00   4.22151E-17            16   4.45440E-10   3.14314E+00
        2768   3.32160E+02   1.20000E-01   6.18136E-01   9.84659E-05   1.49544E-04   0.00000E+00   2.85846E-03   1.00000E+00   0.00000E+00   1.93789E+00   4.15543E-17            16   4.07696E-10   3.14313E+00
        2769   3.32280E+02   1.20000E-01   6.18136E-01   9.83538E-05   1.49532E-04   0.00000E+00   2.82960E-03   1.00000E+00   0.00000E+00   1.93789E+00   3.38760E-17            16   3.16495E-10   3.14311E+00
        2770   3.32400E+02   1.20000E-01   6.18136E-01   9.82394E-05   1.49516E-04   0.00000E+00   2.80071E-03   1.00000E+00   0.00000E+00   1.93789E+00   3.96894E-17            16   3.71246E-10   3.14310E+00
        2771   3.32520E+02   1.20000E-01   6.18136E-01   9.81226E-05   1.49495E-04   0.00000E+00   2.77179E-03   1.00000E+00   0.00000E+00   1.93789E+00   4.13484E-17            16   3.96440E-10   3.14308E+00
        2772   3.32640E+02   1.20000E-01   6.18136E-01   9.80036E-05   1.49469E-04   0.00000E+00   2.74284E-03   1.00000E+00   0.00000E+00   1.93789E+00   4.49442E-17            16   4.33415E-10   3.14306E+00
        2773   3.32760E+02   1.20000E-01   6.18136E-01   9.78822E-05   1.49439E-04   0.00000E+00   2.71386E-03   1.00000E+00   0.00000E+00   1.93789E+00   4.78608E-17            16   4.69420E-10   3.14305E+00
        2774   3.32880E+02   1.20000E-01   6.18136E-01   9.77586E-05   1.49404E-04   0.00000E+00   2.68484E-03   1.00000E+00   0.00000E+00   1.93789E+00   5.13060E-17            16   4.97059E-10   3.14303E+00
        2775   3.33000E+02   1.20000E-01   6.18136E-01   9.76327E-05   1.49365E-04   0.00000E+00   2.65580E-03   1.00000E+00   0.00000E+00   1.93789E+00   5.24559E-17            16   5.14884E-10   3.14302E+00
        2776   3.33120E+02   1.20000E-01   6.18136E-01   9.75046E-05   1.49321E-04   0.00000E+00   2.62673E-03   1.00000E+00   0.00000E+00   1.93789E+00   5.31446E-17            16   5.24910E-10   3.14300E+00
        2777   3.33240E+02   1.20000E-01   6.18136E-01   9.73742E-05   1.49272E-04   0.00000E+00   2.59762E-03   1.00000E+00   0.00000E+00   1.93789E+00   5.37685E-17            16   5.27742E-10   3.14299E+00
        2778   3.33360E+02   1.20000E-01   6.18136E-01   9.72415E-05   1.49219E-04   0.00000E+00   2.56849E-03   1.00000E+00   0.00000E+00   1.93789E+00   5.18067E-17            16   5.17859E-10   3.14297E+00
        2779   3.33480E+02   1.20000E-01   6.18136E-01   9.71066E-05   1.49161E-04   0.00000E+00   2.53933E-03   1.00000E+00   0.00000E+00   1.93789E+00   5.45841E-17            16   5.32673E-10   3.14295E+00
        2780   3.33600E+02   1.20000E-01   6.18136E-01   9.69695E-05   1.49099E-04   0.00000E+00   2.51014E-03   1.00000E+00   0.00000E+00   1.93789E+00   5.61886E-17            16   5.33227E-10   3.14294E+00
        2781   3.33720E+02   1.20000E-01   6.18136E-01   9.68302E-05   1.49032E-04   0.00000E+00   2.48092E-03   1.00000E+00   0.00000E+00   1.93789E+00   5.69983E-17            16   5.32742E-10   3.14292E+00
        2782   3.33840E+02   1.20000E-01   6.18136E-01   9.66887E-05   1.48961E-04   0.00000E+00   2.45167E-03   1.00000E+00   0.00000E+00   1.93789E+00   5.81841E-17            16   5.32832E-10   3.14291E+00
        2783   3.33960E+02   1.20000E-01   6.18136E-01   9.65449E-05   1.48885E-04   0.00000E+00   2.42240E-03   1.00000E+00   0.00000E+00   1.93789E+00   5.94002E-17            16   5.33583E-10   3.14289E+00
        2784   3.34080E+02   1.20000E-01   6.18136E-01   9.63990E-05   1.48805E-04   0.00000E+00   2.39310E-03   1.00000E+00   0.00000E+00   1.93789E+00   6.04270E-17            16   5.34778E-10   3.14288E+00
        2785   3.34200E+02   1.20000E-01   6.18136E-01   9.62509E-05   1.48720E-04   0.00000E+00   2.36377E-03   1.00000E+00   0.00000E+00   1.93789E+00   6.10197E-17            16   5.36540E-10   3.14286E+00
        2786   3.34320E+02   1.20000E-01   6.18136E-01   9.61007E-05   1.48631E-04   0.00000E+00   2.33442E-03   1.00000E+00   0.00000E+00   1.93789E+00   6.20780E-17            16   5.38619E-10   3.14284E+00
        2787   3.34440E+02   1.20000E-01   6.18136E-01   9.59483E-05   1.48537E-04   0.00000E+00   2.30503E-03   1.00000E+00   0.00000E+00   1.93789E+00   6.26369E-17            16   5.41367E-10   3.14283E+00
        2788   3.34560E+02   1.20000E-01   6.18136E-01   9.57937E-05   1.48439E-04   0.00000E+00   2.27563E-03   1.00000E+00   0.00000E+00   1.93789E+00   6.39026E-17            16   5.44686E-10   3.14281E+00
        2789   3.34680E+02   1.20000E-01   6.18136E-01   9.56371E-05   1.48336E-04   0.00000E+00   2.24619E-03   1.00000E+00   0.00000E+00   1.93789E+00   6.49548E-17            16   5.48358E-10   3.14280E+00
        2790   3.34800E+02   1.20000E-01   6.18136E-01   9.54783E-05   1.48229E-04   0.00000E+00   2.21673E-03   1.00000E+00   0.00000E+00   1.93789E+00   6.53968E-17            16   5.51551E-10   3.14278E+00
        2791   3.34920E+02   1.20000E-01   6.18136E-01   9.53173E-05   1.48118E-04   0.00000E+00   2.18725E-03   1.00000E+00   0.00000E+00   1.93789E+00   6.65309E-17            16   5.56065E-10   3.14277E+00
        2792   3.35040E+02   1.20000E-01   6.18136E-01   9.51543E-05   1.48002E-04   0.00000E+00   2.15774E-03   1.00000E+00   0.00000E+00   1.93789E+00   6.69814E-17            16   5.60063E-10   3.14275E+00
        2793   3.35160E+02   1.20000E-01   6.18136E-01   9.49892E-05   1.47882E-04   0.00000E+00   2.12820E-03   1.00000E+00   0.00000E+00   1.93789E+00   6.78189E-17            16   5.64638E-10   3.14274E+00
        2794   3.35280E+02   1.20000E-01   6.18136E-01   9.48220E-05   1.47757E-04   0.00000E+00   2.09864E-03   1.00000E+00   0.00000E+00   1.93789E+00   6.84254E-17            16   5.69576E-10   3.14272E+00
        2795   3.35400E+02   1.20000E-01   6.18136E-01   9.46655E-05   1.47628E-04   0.00000E+00   2.06905E-03   1.00000E+00   0.00000E+00   1.93789E+00   6.96972E-17            16   5.74122E-10   3.14270E+00
        2796   3.35520E+02   1.20000E-01   6.18136E-01   9.45372E-05   1.47495E-04   0.00000E+00   2.03943E-03   1.00000E+00   0.00000E+00   1.93789E+00   7.03641E-17            16   5.78974E-10   3.14269E+00
        2797   3.35640E+02   1.20000E-01   6.18136E-01   9.44067E-05   1.47357E-04   0.00000E+00   2.00979E-03   1.00000E+00   0.00000E+00   1.93789E+00   7.16725E-17            16   5.83954E-10   3.14267E+00
        2798   3.35760E+02   1.20000E-01   6.18136E-01   9.42741E-05   1.47216E-04   0.00000E+00   1.98013E-03   1.00000E+00   0.00000E+00   1.93789E+00   7.23377E-17            16   5.88884E-10   3.14266E+00
        2799   3.35880E+02   1.20000E-01   6.18136E-01   9.41393E-05   1.47069E-04   0.00000E+00   1.95044E-03   1.00000E+00   0.00000E+00   1.93789E+00   7.41162E-17            16   5.93995E-10   3.14264E+00
        2800   3.36000E+02   1.20000E-01   6.18136E-01   9.40023E-05   1.46919E-04   0.00000E+00   1.92072E-03   1.00000E+00   0.00000E+00   1.93789E+00   7.46198E-17            16   5.99090E-10   3.14263E+00
        2801   3.36120E+02   1.20000E-01   6.18136E-01   9.38632E-05   1.46764E-04   0.00000E+00   1.89098E-03   1.00000E+00   0.00000E+00   1.93789E+00   7.60622E-17            16   6.04128E-10   3.14261E+00
        2802   3.36240E+02   1.20000E-01   6.18136E-01   9.37219E-05   1.46605E-04   0.00000E+00   1.86121E-03   1.00000E+00   0.00000E+00   1.93789E+00   7.66665E-17            16   6.08945E-10   3.14259E+00
        2803   3.36360E+02   1.20000E-01   6.18136E-01   9.35785E-05   1.46442E-04   0.00000E+00   1.83142E-03   1.00000E+00   0.00000E+00   1.93789E+00   7.75472E-17            16   6.13785E-10   3.14258E+00
        2804   3.36480E+02   1.20000E-01   6.18136E-01   9.34330E-05   1.46274E-04   0.00000E+00   1.80159E-03   1.00000E+00   0.00000E+00   1.93789E+00   7.84024E-17            16   6.18798E-10   3.14256E+00
        2805   3.36600E+02   1.20000E-01   6.18136E-01   9.32854E-05   1.46103E-04   0.00000E+00   1.77174E-03   1.00000E+00   0.00000E+00   1.93789E+00   7.92619E-17            16   6.23740E-10   3.14255E+00
        2806   3.36720E+02   1.20000E-01   6.18136E-01   9.31357E-05   1.45927E-04   0.00000E+00   1.74186E-03   1.00000E+00   0.00000E+00   1.93789E+00   7.98437E-17            16   6.28812E-10   3.14253E+00
        2807   3.36840E+02   1.20000E-01   6.18136E-01   9.29839E-05   1.45747E-04   0.00000E+00   1.71195E-03   1.00000E+00   0.00000E+00   1.93789E+00   8.11950E-17            16   6.33583E-10   3.14252E+00
        2808   3.36960E+02   1.20000E-01   6.18136E-01   9.28299E-05   1.45563E-04   0.00000E+00   1.68201E-03   1.00000E+00   0.00000E+00   1.93789E+00   8.22205E-17            16   6.38284E-10   3.14250E+00
        2809   3.37080E+02   1.20000E-01   6.18136E-01   9.26740E-05   1.45374E-04   0.00000E+00   1.65204E-03   1.00000E+00   0.00000E+00   1.93789E+00   8.28476E-17            16   6.43032E-10   3.14249E+00
        2810   3.37200E+02   1.20000E-01   6.18136E-01   9.25159E-05   1.45182E-04   0.00000E+00   1.62204E-03   1.00000E+00   0.00000E+00   1.93789E+00   8.52019E-17            16   6.48546E-10   3.14247E+00
        2811   3.37320E+02   1.20000E-01   6.18136E-01   9.23558E-05   1.44986E-04   0.00000E+00   1.59199E-03   1.00000E+00   0.00000E+00   1.93789E+00   8.69362E-17            16   6.51322E-10   3.14246E+00
        2812   3.37440E+02   1.20000E-01   6.18136E-01   9.21937E-05   1.44785E-04   0.00000E+00   1.56192E-03   1.00000E+00   0.00000E+00   1.93789E+00   8.42080E-17            16   6.57032E-10   3.14244E+00
        2813   3.37560E+02   1.20000E-01   6.18136E-01   9.20296E-05   1.44581E-04   0.00000E+00   1.53180E-03   1.00000E+00   0.00000E+00   1.93789E+00   8.74028E-17            16   6.59023E-10   3.14242E+00
        2814   3.37680E+02   1.20000E-01   6.18136E-01   9.18634E-05   1.44372E-04   0.00000E+00   1.50166E-03   1.00000E+00   0.00000E+00   1.93789E+00   8.81186E-17            16   6.65743E-10   3.14241E+00
        2815   3.37800E+02   1.20000E-01   6.18136E-01   9.16952E-05   1.44159E-04   0.00000E+00   1.47147E-03   1.00000E+00   0.00000E+00   1.93789E+00   9.20012E-17            16   6.68205E-10   3.14239E+00
        2816   3.37920E+02   1.20000E-01   6.18136E-01   9.15250E-05   1.43943E-04   0.00000E+00   1.44124E-03   1.00000E+00   0.00000E+00   1.93789E+00   9.23266E-17            16   6.74435E-10   3.14238E+00
        2817   3.38040E+02   1.20000E-01   6.18136E-01   9.13528E-05   1.43722E-04   0.00000E+00   1.41097E-03   1.00000E+00   0.00000E+00   1.93789E+00   9.69307E-17            16   6.76812E-10   3.14236E+00
        2818   3.38160E+02   1.20000E-01   6.18136E-01   9.11786E-05   1.43498E-04   0.00000E+00   1.38066E-03   1.00000E+00   0.00000E+00   1.93789E+00   9.70824E-17            16   6.82726E-10   3.14235E+00
        2819   3.38280E+02   1.20000E-01   6.18136E-01   9.10025E-05   1.43270E-04   0.00000E+00   1.35030E-03   1.00000E+00   0.00000E+00   1.93789E+00   1.01744E-16            16   6.85245E-10   3.14233E+00
        2820   3.38400E+02   1.20000E-01   6.18136E-01   9.08244E-05   1.43037E-04   0.00000E+00   1.31988E-03   1.00000E+00   0.00000E+00   1.93789E+00   1.01475E-16            16   6.88724E-10   3.14232E+00
        2821   3.38520E+02   1.20000E-01   6.18136E-01   9.06443E-05   1.42801E-04   0.00000E+00   1.28942E-03   1.00000E+00   0.00000E+00   1.93789E+00   1.02433E-16            16   6.92253E-10   3.14230E+00
        2822   3.38640E+02   1.20000E-01   6.18136E-01   9.04624E-05   1.42561E-04   0.00000E+00   1.25891E-03   1.00000E+00   0.00000E+00   1.93789E+00   1.02429E-16            16   6.95412E-10   3.14229E+00
        2823   3.38760E+02   1.20000E-01   6.18136E-01   9.02784E-05   1.42317E-04   0.00000E+00   1.22833E-03   1.00000E+00   0.00000E+00   1.93789E+00   1.05092E-16            16   6.99422E-10   3.14227E+00
        2824   3.38880E+02   1.20000E-01   6.18136E-01   9.00926E-05   1.42070E-04   0.00000E+00   1.19769E-03   1.00000E+00   0.00000E+00   1.93789E+00   1.05362E-16            16   7.02469E-10   3.14226E+00
        2825   3.39000E+02   1.20000E-01   6.18136E-01   8.99049E-05   1.41818E-04   0.00000E+00   1.16698E-03   1.00000E+00   0.00000E+00   1.93789E+00   1.08591E-16            16   7.06219E-10   3.14224E+00
        2826   3.39120E+02   1.20000E-01   6.18136E-01   8.97152E-05   1.41563E-04   0.00000E+00   1.13621E-03   1.00000E+00   0.00000E+00   1.93789E+00   1.08190E-16            16   7.08938E-10   3.14222E+00
        2827   3.39240E+02   1.20000E-01   6.18136E-01   8.95237E-05   1.41304E-04   0.00000E+00   1.10535E-03   1.00000E+00   0.00000E+00   1.93789E+00   1.11879E-16            16   7.12352E-10   3.14221E+00
        2828   3.39360E+02   1.20000E-01   6.18136E-01   8.93303E-05   1.41042E-04   0.00000E+00   1.07442E-03   1.00000E+00   0.00000E+00   1.93789E+00   1.11737E-16            16   7.14840E-10   3.14219E+00
        2829   3.39480E+02   1.20000E-01   6.18136E-01   8.91350E-05   1.40776E-04   0.00000E+00   1.04339E-03   1.00000E+00   0.00000E+00   1.93789E+00   1.13973E-16            16   7.17531E-10   3.14218E+00
        2830   3.39600E+02   1.20000E-01   6.18136E-01   8.89379E-05   1.40506E-04   0.00000E+00   1.01228E-03   1.00000E+00   0.00000E+00   1.93789E+00   1.16805E-16            16   7.20056E-10   3.14216E+00
        2831   3.39720E+02   1.20000E-01   6.18136E-01   8.87389E-05   1.40232E-04   0.00000E+00   9.81054E-04   1.00000E+00   0.00000E+00   1.93789E+00   1.17720E-16            16   7.22066E-10   3.14215E+00
        2832   3.39840E+02   1.20000E-01   6.18136E-01   8.85381E-05   1.39955E-04   0.00000E+00   9.49724E-04   1.00000E+00   0.00000E+00   1.93789E+00   1.20257E-16            16   7.24033E-10   3.14213E+00
        2833   3.39960E+02   1.20000E-01   6.18136E-01   8.83354E-05   1.39675E-04   0.00000E+00   9.18274E-04   1.00000E+00   0.00000E+00   1.93789E+00   1.22368E-16            16   7.25585E-10   3.14212E+00
        2834   3.40080E+02   1.20000E-01   6.18136E-01   8.81310E-05   1.39390E-04   0.00000E+00   8.86694E-04   1.00000E+00   0.00000E+00   1.93789E+00   1.24362E-16            16   7.26887E-10   3.14210E+00
        2835   3.40200E+02   1.20000E-01   6.18136E-01   8.79247E-05   1.39103E-04   0.00000E+00   8.54982E-04   1.00000E+00   0.00000E+00   1.93789E+00   1.26187E-16            16   7.28118E-10   3.14209E+00
        2836   3.40320E+02   1.20000E-01   6.18136E-01   8.77166E-05   1.38812E-04   0.00000E+00   8.23117E-04   1.00000E+00   0.00000E+00   1.93789E+00   1.27504E-16            16   7.28696E-10   3.14207E+00
        2837   3.40440E+02   1.20000E-01   6.18136E-01   8.75068E-05   1.38517E-04   0.00000E+00   7.91089E-04   1.00000E+00   0.00000E+00   1.93789E+00   1.29198E-16            16   7.28864E-10   3.14206E+00
        2838   3.40560E+02   1.20000E-01   6.18136E-01   8.72951E-05   1.38219E-04   0.00000E+00   7.58880E-04   1.00000E+00   0.00000E+00   1.93789E+00   1.30884E-16            16   7.29417E-10   3.14204E+00
        2839   3.40680E+02   1.20000E-01   6.18136E-01   8.70817E-05   1.37918E-04   0.00000E+00   7.26478E-04   1.00000E+00   0.00000E+00   1.93789E+00   1.31684E-16            16   7.28998E-10   3.14203E+00
        2840   3.40800E+02   1.20000E-01   6.18136E-01   8.68666E-05   1.37613E-04   0.00000E+00   6.93874E-04   1.00000E+00   0.00000E+00   1.93789E+00   1.33802E-16            16   7.28011E-10   3.14201E+00
        2841   3.40920E+02   1.20000E-01   6.18136E-01   8.66497E-05   1.37306E-04   0.00000E+00   6.61036E-04   1.00000E+00   0.00000E+00   1.93789E+00   1.34228E-16            16   7.27207E-10   3.14200E+00
        2842   3.41040E+02   1.20000E-01   6.18136E-01   8.64310E-05   1.36994E-04   0.00000E+00   6.27946E-04   1.00000E+00   0.00000E+00   1.93789E+00   1.35362E-16            16   7.25296E-10   3.14198E+00
        2843   3.41160E+02   1.20000E-01   6.18136E-01   8.62107E-05   1.36680E-04   0.00000E+00   5.94570E-04   1.00000E+00   0.00000E+00   1.93789E+00   1.36038E-16            16   7.23338E-10   3.14197E+00
        2844   3.41280E+02   1.20000E-01   6.18136E-01   8.59888E-05   1.36363E-04   0.00000E+00   5.59255E-04   1.00000E+00   0.00000E+00   1.93789E+00   5.45588E-16            16   6.09544E-10   3.14195E+00
        2845   3.41400E+02   1.20000E-01   6.18136E-01   8.57651E-05   1.36042E-04   0.00000E+00   5.27824E-04   1.00000E+00   0.00000E+00   1.93789E+00   3.54214E-16            16   6.56452E-10   3.14194E+00
        2846   3.41520E+02   1.20000E-01   6.18136E-01   8.55399E-05   1.35718E-04   0.00000E+00   4.91836E-04   1.00000E+00   0.00000E+00   1.93789E+00   3.71627E-16            16   7.05541E-10   3.14192E+00
        2847   3.41640E+02   1.20000E-01   6.18136E-01   8.53130E-05   1.35391E-04   0.00000E+00   4.57964E-04   1.00000E+00   0.00000E+00   1.93789E+00   5.09303E-16            16   5.63832E-10   3.14191E+00
        2848   3.41760E+02   1.20000E-01   6.18136E-01   8.50844E-05   1.35062E-04   0.00000E+00   4.21826E-04   1.00000E+00   0.00000E+00   1.93789E+00   2.72940E-16            16   4.83078E-10   3.14189E+00
        2849   3.41880E+02   1.20000E-01   6.18136E-01   8.48541E-05   1.34729E-04   0.00000E+00   3.86290E-04   1.00000E+00   0.00000E+00   1.93789E+00   3.66280E-16            16   4.59826E-10   3.14188E+00
        2850   3.42000E+02   1.20000E-01   6.18136E-01   8.46221E-05   1.34393E-04   0.00000E+00   3.49883E-04   1.00000E+00   0.00000E+00   1.93789E+00   5.96608E-16            16   3.36988E-10   3.14186E+00
        2851   3.42120E+02   1.20000E-01   6.18136E-01   8.43886E-05   1.34055E-04   0.00000E+00   3.12980E-04   1.00000E+00   0.00000E+00   1.93789E+00   5.08260E-16            16   3.89100E-10   3.14185E+00
        2852   3.42240E+02   1.20000E-01   6.18136E-01   8.41534E-05   1.33713E-04   0.00000E+00   3.07482E-04   1.00000E+00   0.00000E+00   1.93789E+00   2.88527E-16            16   5.02553E-10   3.14183E+00
        2853   3.42360E+02   1.20000E-01   6.18136E-01   8.39164E-05   1.33369E-04   0.00000E+00   3.28723E-04   1.00000E+00   0.00000E+00   1.93789E+00   5.03467E-16            16   3.54330E-10   3.14182E+00
        2854   3.42480E+02   1.20000E-01   6.18136E-01   8.36779E-05   1.33023E-04   0.00000E+00   3.50271E-04   1.00000E+00   0.00000E+00   1.93789E+00   3.75400E-16            16   6.65300E-10   3.14181E+00
        2855   3.42600E+02   1.20000E-01   6.18136E-01   8.34379E-05   1.32673E-04   0.00000E+00   3.70918E-04   1.00000E+00   0.00000E+00   1.93789E+00   3.60010E-16            16   4.74317E-10   3.14179E+00
        2856   3.42720E+02   1.20000E-01   6.18136E-01   8.31961E-05   1.32321E-04   0.00000E+00   3.91403E-04   1.00000E+00   0.00000E+00   1.93789E+00   3.50682E-16            16   5.57380E-10   3.14178E+00
        2857   3.42840E+02   1.20000E-01   6.18136E-01   8.29527E-05   1.31966E-04   0.00000E+00   4.11731E-04   1.00000E+00   0.00000E+00   1.93789E+00   2.55222E-16            16   5.90204E-10   3.14176E+00
        2858   3.42960E+02   1.20000E-01   6.18136E-01   8.27077E-05   1.31609E-04   0.00000E+00   4.33019E-04   1.00000E+00   0.00000E+00   1.93789E+00   2.74740E-16            16   5.60099E-10   3.14175E+00
        2859   3.43080E+02   1.20000E-01   6.18136E-01   8.24775E-05   1.31248E-04   0.00000E+00   4.52465E-04   1.00000E+00   0.00000E+00   1.93789E+00   2.71602E-16            16   5.56111E-10   3.14173E+00
        2860   3.43200E+02   1.20000E-01   6.18136E-01   8.22670E-05   1.30887E-04   0.00000E+00   4.76050E-04   1.00000E+00   0.00000E+00   1.93789E+00   3.13636E-16            16   5.57287E-10   3.14172E+00
        2861   3.43320E+02   1.20000E-01   6.18136E-01   8.20545E-05   1.30522E-04   0.00000E+00   4.92426E-04   1.00000E+00   0.00000E+00   1.93789E+00   5.87089E-16            16   3.83045E-10   3.14170E+00
        2862   3.43440E+02   1.20000E-01   6.18136E-01   8.18408E-05   1.30158E-04   0.00000E+00   5.20850E-04   1.00000E+00   0.00000E+00   1.93789E+00   9.32389E-16            16   4.25561E-10   3.14169E+00
        2863   3.43560E+02   1.20000E-01   6.18136E-01   8.16248E-05   1.29787E-04   0.00000E+00   5.28169E-04   1.00000E+00   0.00000E+00   1.93789E+00   8.69576E-16            16   3.31758E-10   3.14167E+00
        2864   3.43680E+02   1.20000E-01   6.18136E-01   8.14073E-05   1.29419E-04   0.00000E+00   5.61410E-04   1.00000E+00   0.00000E+00   1.93789E+00   6.29083E-16            16   3.54382E-10   3.14166E+00
        2865   3.43800E+02   1.20000E-01   6.18136E-01   8.11887E-05   1.29046E-04   0.00000E+00   5.63017E-04   1.00000E+00   0.00000E+00   1.93789E+00   1.04161E-15            16   4.52840E-10   3.14165E+00
        2866   3.43920E+02   1.20000E-01   6.18136E-01   8.09686E-05   1.28674E-04   0.00000E+00   1.03422E-03   1.00000E+00   0.00000E+00   1.93789E+00   1.15979E-14            15   9.17241E-10   3.14163E+00
        2867   3.44040E+02   1.20000E-01   6.18136E-01   8.07492E-05   1.28284E-04   0.00000E+00   1.13850E-03   1.00000E+00   0.00000E+00   1.93789E+00   1.27137E-14            15   9.62111E-10   3.14162E+00
        2868   3.44160E+02   1.20000E-01   6.18136E-01   8.05202E-05   1.27903E-04   0.00000E+00   1.08018E-03   1.00000E+00   0.00000E+00   1.93789E+00   3.15906E-15            16   8.24154E-10   3.14160E+00
        2869   3.44280E+02   1.20000E-01   6.18136E-01   8.02927E-05   1.27526E-04   0.00000E+00   7.12722E-04   1.00000E+00   0.00000E+00   1.93789E+00   2.14326E-15            16   7.64268E-10   3.14160E+00
        2870   3.44400E+02   1.20000E-01   6.18136E-01   8.00660E-05   1.27155E-04   0.00000E+00   7.46043E-04   1.00000E+00   0.00000E+00   1.93789E+00   1.19598E-15            16   5.73053E-10   3.14157E+00
        2871   3.44520E+02   1.20000E-01   6.18136E-01   7.98383E-05   1.26788E-04   0.00000E+00   7.67291E-04   1.00000E+00   0.00000E+00   1.93789E+00   1.03792E-15            16   4.41059E-10   3.14156E+00
        2872   3.44640E+02   1.20000E-01   6.18136E-01   7.96096E-05   1.26424E-04   0.00000E+00   7.88404E-04   1.00000E+00   0.00000E+00   1.93789E+00   3.92843E-15            15   9.48856E-10   3.14155E+00
        2873   3.44760E+02   1.20000E-01   6.18136E-01   7.93799E-05   1.26063E-04   0.00000E+00   8.10178E-04   1.00000E+00   0.00000E+00   1.93789E+00   4.09690E-16            16   3.31215E-10   3.14153E+00
        2874   3.44880E+02   1.20000E-01   6.18136E-01   7.91491E-05   1.25704E-04   0.00000E+00   8.28558E-04   1.00000E+00   0.00000E+00   1.93789E+00   4.98318E-16            16   4.32362E-10   3.14152E+00
        2875   3.45000E+02   1.20000E-01   6.18136E-01   7.89172E-05   1.25347E-04   0.00000E+00   8.53975E-04   1.00000E+00   0.00000E+00   1.93789E+00   4.29019E-16            16   4.38224E-10   3.14150E+00
        2876   3.45120E+02   1.20000E-01   6.18136E-01   7.86842E-05   1.24992E-04   0.00000E+00   8.75198E-04   1.00000E+00   0.00000E+00   1.93789E+00   5.90770E-16            16   4.49537E-10   3.14149E+00
        2877   3.45240E+02   1.20000E-01   6.18136E-01   7.84500E-05   1.24639E-04   0.00000E+00   8.94402E-04   1.00000E+00   0.00000E+00   1.93789E+00   6.73111E-16            16   3.66829E-10   3.14148E+00
        2878   3.45360E+02   1.20000E-01   6.18136E-01   7.82146E-05   1.24286E-04   0.00000E+00   9.16852E-04   1.00000E+00   0.00000E+00   1.93789E+00   7.75701E-16            16   3.45769E-10   3.14146E+00
        2879   3.45480E+02   1.20000E-01   6.18136E-01   7.79781E-05   1.23935E-04   0.00000E+00   9.35251E-04   1.00000E+00   0.00000E+00   1.93789E+00   7.29188E-16            16   2.61417E-10   3.14145E+00
        2880   3.45600E+02   1.20000E-01   6.18136E-01   7.77402E-05   1.23584E-04   0.00000E+00   9.55492E-04   1.00000E+00   0.00000E+00   1.93789E+00   7.79095E-16            16   2.96519E-10   3.14143E+00
        2881   3.45720E+02   1.20000E-01   6.18136E-01   7.75012E-05   1.23233E-04   0.00000E+00   9.73589E-04   1.00000E+00   0.00000E+00   1.93789E+00   7.33734E-16            16   2.94748E-10   3.14142E+00
        2882   3.45840E+02   1.20000E-01   6.18136E-01   7.72610E-05   1.22883E-04   0.00000E+00   9.94836E-04   1.00000E+00   0.00000E+00   1.93789E+00   6.15042E-16            16   4.69345E-10   3.14141E+00
        2883   3.45960E+02   1.20000E-01   6.18136E-01   7.70197E-05   1.22532E-04   0.00000E+00   1.01263E-03   1.00000E+00   0.00000E+00   1.93789E+00   7.55929E-16            16   5.00308E-10   3.14139E+00
        2884   3.46080E+02   1.20000E-01   6.18136E-01   7.67770E-05   1.22182E-04   0.00000E+00   1.03472E-03   1.00000E+00   0.00000E+00   1.93789E+00   6.81774E-16            16   5.15472E-10   3.14138E+00
        2885   3.46200E+02   1.20000E-01   6.18136E-01   7.65332E-05   1.21832E-04   0.00000E+00   1.05462E-03   1.00000E+00   0.00000E+00   1.93789E+00   6.75999E-16            16   4.85548E-10   3.14137E+00
        2886   3.46320E+02   1.20000E-01   6.18136E-01   7.62882E-05   1.21482E-04   0.00000E+00   1.07728E-03   1.00000E+00   0.00000E+00   1.93789E+00   5.71374E-16            16   7.20197E-10   3.14135E+00
        2887   3.46440E+02   1.20000E-01   6.18136E-01   7.60419E-05   1.21130E-04   0.00000E+00   1.09686E-03   1.00000E+00   0.00000E+00   1.93789E+00   4.25988E-16            16   7.15373E-10   3.14134E+00
        2888   3.46560E+02   1.20000E-01   6.18136E-01   7.57946E-05   1.20778E-04   0.00000E+00   1.11719E-03   1.00000E+00   0.00000E+00   1.93789E+00   4.14016E-16            16   6.13340E-10   3.14133E+00
        2889   3.46680E+02   1.20000E-01   6.18136E-01   7.55462E-05   1.20425E-04   0.00000E+00   1.13629E-03   1.00000E+00   0.00000E+00   1.93789E+00   5.31125E-16            16   4.80635E-10   3.14131E+00
        2890   3.46800E+02   1.20000E-01   6.18136E-01   7.52965E-05   1.20072E-04   0.00000E+00   1.15756E-03   1.00000E+00   0.00000E+00   1.93789E+00   6.32810E-16            16   5.32853E-10   3.14130E+00
        2891   3.46920E+02   1.20000E-01   6.18136E-01   7.50457E-05   1.19717E-04   0.00000E+00   1.17717E-03   1.00000E+00   0.00000E+00   1.93789E+00   5.07920E-16            16   5.64048E-10   3.14128E+00
        2892   3.47040E+02   1.20000E-01   6.18136E-01   7.47938E-05   1.19361E-04   0.00000E+00   1.19682E-03   1.00000E+00   0.00000E+00   1.93789E+00   5.85701E-16            16   4.86682E-10   3.14127E+00
        2893   3.47160E+02   1.20000E-01   6.18136E-01   7.45405E-05   1.19004E-04   0.00000E+00   1.21692E-03   1.00000E+00   0.00000E+00   1.93789E+00   5.35656E-16            16   5.99589E-10   3.14126E+00
        2894   3.47280E+02   1.20000E-01   6.18136E-01   7.42862E-05   1.18646E-04   0.00000E+00   1.23680E-03   1.00000E+00   0.00000E+00   1.93789E+00   4.86800E-16            16   6.42396E-10   3.14124E+00
        2895   3.47400E+02   1.20000E-01   6.18136E-01   7.40307E-05   1.18286E-04   0.00000E+00   1.25617E-03   1.00000E+00   0.00000E+00   1.93789E+00   4.37092E-16            16   6.47445E-10   3.14123E+00
        2896   3.47520E+02   1.20000E-01   6.18136E-01   7.37739E-05   1.17926E-04   0.00000E+00   1.27632E-03   1.00000E+00   0.00000E+00   1.93789E+00   4.74021E-16            16   6.32599E-10   3.14122E+00
        2897   3.47640E+02   1.20000E-01   6.18136E-01   7.35160E-05   1.17564E-04   0.00000E+00   1.29613E-03   1.00000E+00   0.00000E+00   1.93789E+00   5.03844E-16            16   6.74280E-10   3.14120E+00
        2898   3.47760E+02   1.20000E-01   6.18136E-01   7.32569E-05   1.17200E-04   0.00000E+00   1.31550E-03   1.00000E+00   0.00000E+00   1.93789E+00   3.74238E-16            16   7.94228E-10   3.14119E+00
        2899   3.47880E+02   1.20000E-01   6.18136E-01   7.29966E-05   1.16835E-04   0.00000E+00   1.33549E-03   1.00000E+00   0.00000E+00   1.93789E+00   4.74477E-16            16   6.20075E-10   3.14118E+00
        2900   3.48000E+02   1.20000E-01   6.18136E-01   7.27351E-05   1.16469E-04   0.00000E+00   1.35517E-03   1.00000E+00   0.00000E+00   1.93789E+00   4.72798E-16            16   6.85035E-10   3.14117E+00
        2901   3.48120E+02   1.20000E-01   6.18136E-01   7.24726E-05   1.16101E-04   0.00000E+00   1.37443E-03   1.00000E+00   0.00000E+00   1.93789E+00   3.12220E-16            16   8.25744E-10   3.14115E+00
        2902   3.48240E+02   1.20000E-01   6.18136E-01   7.22088E-05   1.15732E-04   0.00000E+00   1.39421E-03   1.00000E+00   0.00000E+00   1.93789E+00   4.39596E-16            16   6.41437E-10   3.14114E+00
        2903   3.48360E+02   1.20000E-01   6.18136E-01   7.19439E-05   1.15361E-04   0.00000E+00   1.41370E-03   1.00000E+00   0.00000E+00   1.93789E+00   4.28227E-16            16   7.18325E-10   3.14113E+00
        2904   3.48480E+02   1.20000E-01   6.18136E-01   7.16779E-05   1.14988E-04   0.00000E+00   1.43277E-03   1.00000E+00   0.00000E+00   1.93789E+00   3.03465E-16            16   7.99455E-10   3.14111E+00
        2905   3.48600E+02   1.20000E-01   6.18136E-01   7.14106E-05   1.14614E-04   0.00000E+00   1.45231E-03   1.00000E+00   0.00000E+00   1.93789E+00   3.98745E-16            16   6.82334E-10   3.14110E+00
        2906   3.48720E+02   1.20000E-01   6.18136E-01   7.11423E-05   1.14238E-04   0.00000E+00   1.47154E-03   1.00000E+00   0.00000E+00   1.93789E+00   3.87735E-16            16   7.44806E-10   3.14109E+00
        2907   3.48840E+02   1.20000E-01   6.18136E-01   7.08729E-05   1.13860E-04   0.00000E+00   1.49038E-03   1.00000E+00   0.00000E+00   1.93789E+00   3.00089E-16            16   7.69904E-10   3.14107E+00
        2908   3.48960E+02   1.20000E-01   6.18136E-01   7.06025E-05   1.13481E-04   0.00000E+00   1.50931E-03   1.00000E+00   0.00000E+00   1.93789E+00   2.55802E-16            16   7.42217E-10   3.14106E+00
        2909   3.49080E+02   1.20000E-01   6.18136E-01   7.03308E-05   1.13100E-04   0.00000E+00   1.52852E-03   1.00000E+00   0.00000E+00   1.93789E+00   3.33541E-16            16   7.58720E-10   3.14105E+00
        2910   3.49200E+02   1.20000E-01   6.18136E-01   7.00581E-05   1.12717E-04   0.00000E+00   1.54719E-03   1.00000E+00   0.00000E+00   1.93789E+00   2.35363E-16            16   8.07418E-10   3.14104E+00
        2911   3.49320E+02   1.20000E-01   6.18136E-01   6.97843E-05   1.12333E-04   0.00000E+00   1.56587E-03   1.00000E+00   0.00000E+00   1.93789E+00   2.08097E-16            16   7.76047E-10   3.14102E+00
        2912   3.49440E+02   1.20000E-01   6.18136E-01   6.95171E-05   1.11947E-04   0.00000E+00   1.58453E-03   1.00000E+00   0.00000E+00   1.93789E+00   2.10769E-16            16   7.92966E-10   3.14101E+00
        2913   3.49560E+02   1.20000E-01   6.18136E-01   6.92759E-05   1.11559E-04   0.00000E+00   1.60338E-03   1.00000E+00   0.00000E+00   1.93789E+00   3.23793E-16            16   7.43316E-10   3.14100E+00
        2914   3.49680E+02   1.20000E-01   6.18136E-01   6.90335E-05   1.11170E-04   0.00000E+00   1.62168E-03   1.00000E+00   0.00000E+00   1.93789E+00   2.29966E-16            16   8.25177E-10   3.14099E+00
        2915   3.49800E+02   1.20000E-01   6.18136E-01   6.87900E-05   1.10779E-04   0.00000E+00   1.63999E-03   1.00000E+00   0.00000E+00   1.93789E+00   2.16177E-16            16   7.95486E-10   3.14097E+00
        2916   3.49920E+02   1.20000E-01   6.18136E-01   6.85453E-05   1.10386E-04   0.00000E+00   1.65828E-03   1.00000E+00   0.00000E+00   1.93789E+00   2.38151E-16            16   8.00568E-10   3.14096E+00
        2917   3.50040E+02   1.20000E-01   6.18136E-01   6.82995E-05   1.09992E-04   0.00000E+00   1.67648E-03   1.00000E+00   0.00000E+00   1.93789E+00   2.49921E-16            16   8.02659E-10   3.14095E+00
        2918   3.50160E+02   1.20000E-01   6.18136E-01   6.80526E-05   1.09596E-04   0.00000E+00   1.69459E-03   1.00000E+00   0.00000E+00   1.93789E+00   2.54980E-16            16   7.98722E-10   3.14094E+00
        2919   3.50280E+02   1.20000E-01   6.18136E-01   6.78045E-05   1.09198E-04   0.00000E+00   1.71264E-03   1.00000E+00   0.00000E+00   1.93789E+00   2.49851E-16            16   7.95218E-10   3.14092E+00
        2920   3.50400E+02   1.20000E-01   6.18136E-01   6.75553E-05   1.08798E-04   0.00000E+00   1.73057E-03   1.00000E+00   0.00000E+00   1.93789E+00   2.53555E-16            16   7.94709E-10   3.14091E+00
        2921   3.50520E+02   1.20000E-01   6.18136E-01   6.73050E-05   1.08397E-04   0.00000E+00   1.74841E-03   1.00000E+00   0.00000E+00   1.93789E+00   2.52404E-16            16   7.94246E-10   3.14090E+00
        2922   3.50640E+02   1.20000E-01   6.18136E-01   6.70536E-05   1.07994E-04   0.00000E+00   1.76617E-03   1.00000E+00   0.00000E+00   1.93789E+00   2.54398E-16            16   7.92728E-10   3.14089E+00
        2923   3.50760E+02   1.20000E-01   6.18136E-01   6.68010E-05   1.07590E-04   0.00000E+00   1.78383E-03   1.00000E+00   0.00000E+00   1.93789E+00   2.52872E-16            16   7.90493E-10   3.14087E+00
        2924   3.50880E+02   1.20000E-01   6.18136E-01   6.65474E-05   1.07183E-04   0.00000E+00   1.80140E-03   1.00000E+00   0.00000E+00   1.93789E+00   2.54933E-16            16   7.87332E-10   3.14086E+00
        2925   3.51000E+02   1.20000E-01   6.18136E-01   6.62927E-05   1.06776E-04   0.00000E+00   1.81887E-03   1.00000E+00   0.00000E+00   1.93789E+00   2.53003E-16            16   7.83232E-10   3.14085E+00
        2926   3.51120E+02   1.20000E-01   6.18136E-01   6.60370E-05   1.06366E-04   0.00000E+00   1.83583E-03   1.00000E+00   0.00000E+00   1.93789E+00   2.49580E-16            16   8.09939E-10   3.14084E+00
        2927   3.51240E+02   1.20000E-01   6.18136E-01   6.57802E-05   1.05955E-04   0.00000E+00   1.85315E-03   1.00000E+00   0.00000E+00   1.93789E+00   2.56184E-16            16   7.90013E-10   3.14083E+00
        2928   3.51360E+02   1.20000E-01   6.18136E-01   6.55223E-05   1.05542E-04   0.00000E+00   1.87006E-03   1.00000E+00   0.00000E+00   1.93789E+00   2.59360E-16            16   8.04263E-10   3.14081E+00
        2929   3.51480E+02   1.20000E-01   6.18136E-01   6.52634E-05   1.05132E-04   0.00000E+00   1.88722E-03   1.00000E+00   0.00000E+00   1.93789E+00   2.48355E-16            16   7.72436E-10   3.14080E+00
        2930   3.51600E+02   1.20000E-01   6.18136E-01   6.50035E-05   1.04731E-04   0.00000E+00   1.90426E-03   1.00000E+00   0.00000E+00   1.93789E+00   2.53584E-16            16   7.72086E-10   3.14079E+00
        2931   3.51720E+02   1.20000E-01   6.18136E-01   6.47425E-05   1.04328E-04   0.00000E+00   1.92122E-03   1.00000E+00   0.00000E+00   1.93789E+00   2.59134E-16            16   7.73148E-10   3.14078E+00
        2932   3.51840E+02   1.20000E-01   6.18136E-01   6.44805E-05   1.03924E-04   0.00000E+00   1.93810E-03   1.00000E+00   0.00000E+00   1.93789E+00   2.60882E-16            16   7.72268E-10   3.14077E+00
        2933   3.51960E+02   1.20000E-01   6.18136E-01   6.42175E-05   1.03519E-04   0.00000E+00   1.95489E-03   1.00000E+00   0.00000E+00   1.93789E+00   2.61095E-16            16   7.70143E-10   3.14076E+00
        2934   3.52080E+02   1.20000E-01   6.18136E-01   6.39534E-05   1.03112E-04   0.00000E+00   1.97161E-03   1.00000E+00   0.00000E+00   1.93789E+00   2.59718E-16            16   7.67388E-10   3.14074E+00
        2935   3.52200E+02   1.20000E-01   6.18136E-01   6.36884E-05   1.02703E-04   0.00000E+00   1.98824E-03   1.00000E+00   0.00000E+00   1.93789E+00   2.57357E-16            16   7.63793E-10   3.14073E+00
        2936   3.52320E+02   1.20000E-01   6.18136E-01   6.34223E-05   1.02293E-04   0.00000E+00   2.00480E-03   1.00000E+00   0.00000E+00   1.93789E+00   2.54156E-16            16   7.59366E-10   3.14072E+00
        2937   3.52440E+02   1.20000E-01   6.18136E-01   6.31552E-05   1.01882E-04   0.00000E+00   2.02129E-03   1.00000E+00   0.00000E+00   1.93789E+00   2.48291E-16            16   7.53512E-10   3.14071E+00
        2938   3.52560E+02   1.20000E-01   6.18136E-01   6.28872E-05   1.01469E-04   0.00000E+00   2.03770E-03   1.00000E+00   0.00000E+00   1.93789E+00   2.40452E-16            16   7.47649E-10   3.14070E+00
        2939   3.52680E+02   1.20000E-01   6.18136E-01   6.26182E-05   1.01054E-04   0.00000E+00   2.05403E-03   1.00000E+00   0.00000E+00   1.93789E+00   2.36517E-16            16   7.42180E-10   3.14069E+00
        2940   3.52800E+02   1.20000E-01   6.18136E-01   6.23482E-05   1.00638E-04   0.00000E+00   2.07029E-03   1.00000E+00   0.00000E+00   1.93789E+00   2.31693E-16            16   7.37351E-10   3.14067E+00
        2941   3.52920E+02   1.20000E-01   6.18136E-01   6.20773E-05   1.00221E-04   0.00000E+00   2.08647E-03   1.00000E+00   0.00000E+00   1.93789E+00   2.31454E-16            16   7.35297E-10   3.14066E+00
        2942   3.53040E+02   1.20000E-01   6.18136E-01   6.18053E-05   9.98022E-05   0.00000E+00   2.10258E-03   1.00000E+00   0.00000E+00   1.93789E+00   2.31915E-16            16   7.32616E-10   3.14065E+00
        2943   3.53160E+02   1.20000E-01   6.18136E-01   6.15325E-05   9.93819E-05   0.00000E+00   2.11861E-03   1.00000E+00   0.00000E+00   1.93789E+00   2.30051E-16            16   7.31718E-10   3.14064E+00
        2944   3.53280E+02   1.20000E-01   6.18136E-01   6.12587E-05   9.89602E-05   0.00000E+00   2.13457E-03   1.00000E+00   0.00000E+00   1.93789E+00   2.30340E-16            16   7.29136E-10   3.14063E+00
        2945   3.53400E+02   1.20000E-01   6.18136E-01   6.09840E-05   9.85370E-05   0.00000E+00   2.15046E-03   1.00000E+00   0.00000E+00   1.93789E+00   2.29633E-16            16   7.27678E-10   3.14062E+00
        2946   3.53520E+02   1.20000E-01   6.18136E-01   6.07084E-05   9.81124E-05   0.00000E+00   2.16627E-03   1.00000E+00   0.00000E+00   1.93789E+00   2.30678E-16            16   7.25151E-10   3.14061E+00
        2947   3.53640E+02   1.20000E-01   6.18136E-01   6.04318E-05   9.76864E-05   0.00000E+00   2.18201E-03   1.00000E+00   0.00000E+00   1.93789E+00   2.31279E-16            16   7.23308E-10   3.14060E+00
        2948   3.53760E+02   1.20000E-01   6.18136E-01   6.01544E-05   9.72589E-05   0.00000E+00   2.19767E-03   1.00000E+00   0.00000E+00   1.93789E+00   2.32183E-16            16   7.21252E-10   3.14059E+00
        2949   3.53880E+02   1.20000E-01   6.18136E-01   5.98760E-05   9.68299E-05   0.00000E+00   2.21327E-03   1.00000E+00   0.00000E+00   1.93789E+00   2.33468E-16            16   7.19349E-10   3.14057E+00
        2950   3.54000E+02   1.20000E-01   6.18136E-01   5.95968E-05   9.63995E-05   0.00000E+00   2.22879E-03   1.00000E+00   0.00000E+00   1.93789E+00   2.34632E-16            16   7.17730E-10   3.14056E+00
        2951   3.54120E+02   1.20000E-01   6.18136E-01   5.93167E-05   9.59677E-05   0.00000E+00   2.24424E-03   1.00000E+00   0.00000E+00   1.93789E+00   2.35628E-16            16   7.16216E-10   3.14055E+00
        2952   3.54240E+02   1.20000E-01   6.18136E-01   5.90357E-05   9.55343E-05   0.00000E+00   2.25962E-03   1.00000E+00   0.00000E+00   1.93789E+00   2.36612E-16            16   7.14713E-10   3.14054E+00
        2953   3.54360E+02   1.20000E-01   6.18136E-01   5.87538E-05   9.50996E-05   0.00000E+00   2.27493E-03   1.00000E+00   0.00000E+00   1.93789E+00   2.38200E-16            16   7.13105E-10   3.14053E+00
        2954   3.54480E+02   1.20000E-01   6.18136E-01   5.84711E-05   9.46633E-05   0.00000E+00   2.29016E-03   1.00000E+00   0.00000E+00   1.93789E+00   2.39287E-16            16   7.11410E-10   3.14052E+00
        2955   3.54600E+02   1.20000E-01   6.18136E-01   5.81876E-05   9.42257E-05   0.00000E+00   2.30532E-03   1.00000E+00   0.00000E+00   1.93789E+00   2.40868E-16            16   7.09682E-10   3.14051E+00
        2956   3.54720E+02   1.20000E-01   6.18136E-01   5.79098E-05   9.37865E-05   0.00000E+00   2.32041E-03   1.00000E+00   0.00000E+00   1.93789E+00   2.42278E-16            16   7.07837E-10   3.14050E+00
        2957   3.54840E+02   1.20000E-01   6.18136E-01   5.76573E-05   9.33460E-05   0.00000E+00   2.33542E-03   1.00000E+00   0.00000E+00   1.93789E+00   2.43598E-16            16   7.06050E-10   3.14049E+00
        2958   3.54960E+02   1.20000E-01   6.18136E-01   5.74039E-05   9.29040E-05   0.00000E+00   2.35036E-03   1.00000E+00   0.00000E+00   1.93789E+00   2.44728E-16            16   7.04287E-10   3.14048E+00
        2959   3.55080E+02   1.20000E-01   6.18136E-01   5.71497E-05   9.24605E-05   0.00000E+00   2.36522E-03   1.00000E+00   0.00000E+00   1.93789E+00   2.45848E-16            16   7.02592E-10   3.14047E+00
        2960   3.55200E+02   1.20000E-01   6.18136E-01   5.68945E-05   9.20156E-05   0.00000E+00   2.38000E-03   1.00000E+00   0.00000E+00   1.93789E+00   2.46727E-16            16   7.01049E-10   3.14046E+00
        2961   3.55320E+02   1.20000E-01   6.18136E-01   5.66385E-05   9.15693E-05   0.00000E+00   2.39471E-03   1.00000E+00   0.00000E+00   1.93789E+00   2.47432E-16            16   6.99461E-10   3.14045E+00
        2962   3.55440E+02   1.20000E-01   6.18136E-01   5.63816E-05   9.11216E-05   0.00000E+00   2.40934E-03   1.00000E+00   0.00000E+00   1.93789E+00   2.48439E-16            16   6.97994E-10   3.14044E+00
        2963   3.55560E+02   1.20000E-01   6.18136E-01   5.61238E-05   9.06725E-05   0.00000E+00   2.42388E-03   1.00000E+00   0.00000E+00   1.93789E+00   2.49101E-16            16   6.96533E-10   3.14043E+00
        2964   3.55680E+02   1.20000E-01   6.18136E-01   5.58652E-05   9.02220E-05   0.00000E+00   2.43835E-03   1.00000E+00   0.00000E+00   1.93789E+00   2.49911E-16            16   6.95082E-10   3.14042E+00
        2965   3.55800E+02   1.20000E-01   6.18136E-01   5.56058E-05   8.97701E-05   0.00000E+00   2.45273E-03   1.00000E+00   0.00000E+00   1.93789E+00   2.50717E-16            16   6.93666E-10   3.14041E+00
        2966   3.55920E+02   1.20000E-01   6.18136E-01   5.53455E-05   8.93168E-05   0.00000E+00   2.46704E-03   1.00000E+00   0.00000E+00   1.93789E+00   2.51612E-16            16   6.92388E-10   3.14040E+00
        2967   3.56040E+02   1.20000E-01   6.18136E-01   5.50844E-05   8.88622E-05   0.00000E+00   2.48126E-03   1.00000E+00   0.00000E+00   1.93789E+00   2.52296E-16            16   6.91019E-10   3.14039E+00
        2968   3.56160E+02   1.20000E-01   6.18136E-01   5.48224E-05   8.84062E-05   0.00000E+00   2.49539E-03   1.00000E+00   0.00000E+00   1.93789E+00   2.53335E-16            16   6.89774E-10   3.14038E+00
        2969   3.56280E+02   1.20000E-01   6.18136E-01   5.45597E-05   8.79489E-05   0.00000E+00   2.50944E-03   1.00000E+00   0.00000E+00   1.93789E+00   2.53897E-16            16   6.88494E-10   3.14037E+00
        2970   3.56400E+02   1.20000E-01   6.18136E-01   5.42961E-05   8.74902E-05   0.00000E+00   2.52341E-03   1.00000E+00   0.00000E+00   1.93789E+00   2.54427E-16            16   6.87214E-10   3.14036E+00
        2971   3.56520E+02   1.20000E-01   6.18136E-01   5.40318E-05   8.70303E-05   0.00000E+00   2.53729E-03   1.00000E+00   0.00000E+00   1.93789E+00   2.55165E-16            16   6.85916E-10   3.14035E+00
        2972   3.56640E+02   1.20000E-01   6.18136E-01   5.37667E-05   8.65690E-05   0.00000E+00   2.55108E-03   1.00000E+00   0.00000E+00   1.93789E+00   2.55702E-16            16   6.84648E-10   3.14034E+00
        2973   3.56760E+02   1.20000E-01   6.18136E-01   5.35008E-05   8.61065E-05   0.00000E+00   2.56479E-03   1.00000E+00   0.00000E+00   1.93789E+00   2.56258E-16            16   6.83399E-10   3.14033E+00
        2974   3.56880E+02   1.20000E-01   6.18136E-01   5.32341E-05   8.56427E-05   0.00000E+00   2.57841E-03   1.00000E+00   0.00000E+00   1.93789E+00   2.56555E-16            16   6.82094E-10   3.14032E+00
        2975   3.57000E+02   1.20000E-01   6.18136E-01   5.29667E-05   8.51777E-05   0.00000E+00   2.59194E-03   1.00000E+00   0.00000E+00   1.93789E+00   2.56815E-16            16   6.80848E-10   3.14031E+00
        2976   3.57120E+02   1.20000E-01   6.18136E-01   5.26985E-05   8.47115E-05   0.00000E+00   2.60538E-03   1.00000E+00   0.00000E+00   1.93789E+00   2.57166E-16            16   6.79706E-10   3.14030E+00
        2977   3.57240E+02   1.20000E-01   6.18136E-01   5.24295E-05   8.42440E-05   0.00000E+00   2.61873E-03   1.00000E+00   0.00000E+00   1.93789E+00   2.57010E-16            16   6.78532E-10   3.14029E+00
        2978   3.57360E+02   1.20000E-01   6.18136E-01   5.21598E-05   8.37754E-05   0.00000E+00   2.63200E-03   1.00000E+00   0.00000E+00   1.93789E+00   2.56915E-16            16   6.77401E-10   3.14028E+00
        2979   3.57480E+02   1.20000E-01   6.18136E-01   5.18894E-05   8.33056E-05   0.00000E+00   2.64517E-03   1.00000E+00   0.00000E+00   1.93789E+00   2.56981E-16            16   6.76267E-10   3.14027E+00
        2980   3.57600E+02   1.20000E-01   6.18136E-01   5.16183E-05   8.28346E-05   0.00000E+00   2.65826E-03   1.00000E+00   0.00000E+00   1.93789E+00   2.56907E-16            16   6.75263E-10   3.14026E+00
        2981   3.57720E+02   1.20000E-01   6.18136E-01   5.13464E-05   8.23625E-05   0.00000E+00   2.67126E-03   1.00000E+00   0.00000E+00   1.93789E+00   2.56867E-16            16   6.74284E-10   3.14025E+00
        2982   3.57840E+02   1.20000E-01   6.18136E-01   5.10739E-05   8.18893E-05   0.00000E+00   2.68417E-03   1.00000E+00   0.00000E+00   1.93789E+00   2.56618E-16            16   6.73276E-10   3.14024E+00
        2983   3.57960E+02   1.20000E-01   6.18136E-01   5.08006E-05   8.14150E-05   0.00000E+00   2.69698E-03   1.00000E+00   0.00000E+00   1.93789E+00   2.56504E-16            16   6.72300E-10   3.14023E+00
        2984   3.58080E+02   1.20000E-01   6.18136E-01   5.05267E-05   8.09397E-05   0.00000E+00   2.70972E-03   1.00000E+00   0.00000E+00   1.93789E+00   2.56405E-16            16   6.71444E-10   3.14023E+00
        2985   3.58200E+02   1.20000E-01   6.18136E-01   5.02521E-05   8.04718E-05   0.00000E+00   2.72237E-03   1.00000E+00   0.00000E+00   1.93789E+00   2.56265E-16            16   6.70577E-10   3.14022E+00
        2986   3.58320E+02   1.20000E-01   6.18136E-01   4.99768E-05   8.00203E-05   0.00000E+00   2.73494E-03   1.00000E+00   0.00000E+00   1.93789E+00   2.56162E-16            16   6.69773E-10   3.14021E+00
        2987   3.58440E+02   1.20000E-01   6.18136E-01   4.97008E-05   7.95678E-05   0.00000E+00   2.74741E-03   1.00000E+00   0.00000E+00   1.93789E+00   2.55933E-16            16   6.68890E-10   3.14020E+00
        2988   3.58560E+02   1.20000E-01   6.18136E-01   4.94242E-05   7.91143E-05   0.00000E+00   2.75980E-03   1.00000E+00   0.00000E+00   1.93789E+00   2.56226E-16            16   6.68202E-10   3.14019E+00
        2989   3.58680E+02   1.20000E-01   6.18136E-01   4.91469E-05   7.86597E-05   0.00000E+00   2.77209E-03   1.00000E+00   0.00000E+00   1.93789E+00   2.55850E-16            16   6.67443E-10   3.14018E+00
        2990   3.58800E+02   1.20000E-01   6.18136E-01   4.88690E-05   7.82042E-05   0.00000E+00   2.78429E-03   1.00000E+00   0.00000E+00   1.93789E+00   2.56068E-16            16   6.66755E-10   3.14017E+00
        2991   3.58920E+02   1.20000E-01   6.18136E-01   4.85905E-05   7.77477E-05   0.00000E+00   2.79641E-03   1.00000E+00   0.00000E+00   1.93789E+00   2.55968E-16            16   6.66006E-10   3.14016E+00
        2992   3.59040E+02   1.20000E-01   6.18136E-01   4.83113E-05   7.72903E-05   0.00000E+00   2.80843E-03   1.00000E+00   0.00000E+00   1.93789E+00   2.55946E-16            16   6.65408E-10   3.14016E+00
        2993   3.59160E+02   1.20000E-01   6.18136E-01   4.80325E-05   7.68319E-05   0.00000E+00   2.82036E-03   1.00000E+00   0.00000E+00   1.93789E+00   2.55955E-16            16   6.64797E-10   3.14015E+00
        2994   3.59280E+02   1.20000E-01   6.18136E-01   4.77828E-05   7.63726E-05   0.00000E+00   2.83220E-03   1.00000E+00   0.00000E+00   1.93789E+00   2.56029E-16            16   6.64155E-10   3.14014E+00
        2995   3.59400E+02   1.20000E-01   6.18136E-01   4.75324E-05   7.59124E-05   0.00000E+00   2.84395E-03   1.00000E+00   0.00000E+00   1.93789E+00   2.56254E-16            16   6.63774E-10   3.14013E+00
        2996   3.59520E+02   1.20000E-01   6.18136E-01   4.72814E-05   7.54512E-05   0.00000E+00   2.85561E-03   1.00000E+00   0.00000E+00   1.93789E+00   2.56336E-16            16   6.63098E-10   3.14012E+00
        2997   3.59640E+02   1.20000E-01   6.18136E-01   4.70297E-05   7.49892E-05   0.00000E+00   2.86718E-03   1.00000E+00   0.00000E+00   1.93789E+00   2.56456E-16            16   6.62802E-10   3.14011E+00
        2998   3.59760E+02   1.20000E-01   6.18136E-01   4.67773E-05   7.45264E-05   0.00000E+00   2.87866E-03   1.00000E+00   0.00000E+00   1.93789E+00   2.56481E-16            16   6.62146E-10   3.14010E+00
        2999   3.59880E+02   1.20000E-01   6.18136E-01   4.65243E-05   7.40626E-05   0.00000E+00   2.89005E-03   1.00000E+00   0.00000E+00   1.93789E+00   2.56789E-16            16   6.61846E-10   3.14010E+00
        3000   3.60000E+02   1.20000E-01   6.18136E-01   4.62707E-05   7.35981E-05   0.00000E+00   2.90135E-03   1.00000E+00   0.00000E+00   1.93789E+00   2.56938E-16            16   6.61324E-10   3.14009E+00
        3001   3.60120E+02   1.20000E-01   6.18136E-01   4.60165E-05   7.31327E-05   0.00000E+00   2.91256E-03   1.00000E+00   0.00000E+00   1.93789E+00   2.56899E-16            16   6.61160E-10   3.14008E+00
        3002   3.60240E+02   1.20000E-01   6.18136E-01   4.57616E-05   7.26665E-05   0.00000E+00   2.92367E-03   1.00000E+00   0.00000E+00   1.93789E+00   2.56747E-16            16   6.61445E-10   3.14007E+00
        3003   3.60360E+02   1.20000E-01   6.18136E-01   4.55061E-05   7.21995E-05   0.00000E+00   2.93470E-03   1.00000E+00   0.00000E+00   1.93789E+00   2.57389E-16            16   6.60621E-10   3.14006E+00
        3004   3.60480E+02   1.20000E-01   6.18136E-01   4.52501E-05   7.17317E-05   0.00000E+00   2.94563E-03   1.00000E+00   0.00000E+00   1.93789E+00   2.57348E-16            16   6.60123E-10   3.14006E+00
        3005   3.60600E+02   1.20000E-01   6.18136E-01   4.49934E-05   7.12632E-05   0.00000E+00   2.95647E-03   1.00000E+00   0.00000E+00   1.93789E+00   2.57058E-16            16   6.60065E-10   3.14005E+00
        3006   3.60720E+02   1.20000E-01   6.18136E-01   4.47361E-05   7.07939E-05   0.00000E+00   2.96723E-03   1.00000E+00   0.00000E+00   1.93789E+00   2.57028E-16            16   6.59616E-10   3.14004E+00
        3007   3.60840E+02   1.20000E-01   6.18136E-01   4.44783E-05   7.03239E-05   0.00000E+00   2.97789E-03   1.00000E+00   0.00000E+00   1.93789E+00   2.57167E-16            16   6.59572E-10   3.14003E+00
        3008   3.60960E+02   1.20000E-01   6.18136E-01   4.42199E-05   6.98531E-05   0.00000E+00   2.98847E-03   1.00000E+00   0.00000E+00   1.93789E+00   2.57080E-16            16   6.59203E-10   3.14003E+00
        3009   3.61080E+02   1.20000E-01   6.18136E-01   4.39609E-05   6.93817E-05   0.00000E+00   2.99896E-03   1.00000E+00   0.00000E+00   1.93789E+00   2.56964E-16            16   6.59163E-10   3.14002E+00
        3010   3.61200E+02   1.20000E-01   6.18136E-01   4.37014E-05   6.89096E-05   0.00000E+00   3.00935E-03   1.00000E+00   0.00000E+00   1.93789E+00   2.56632E-16            16   6.58755E-10   3.14001E+00
        3011   3.61320E+02   1.20000E-01   6.18136E-01   4.34413E-05   6.84368E-05   0.00000E+00   3.01966E-03   1.00000E+00   0.00000E+00   1.93789E+00   2.56400E-16            16   6.58948E-10   3.14000E+00
        3012   3.61440E+02   1.20000E-01   6.18136E-01   4.31806E-05   6.79633E-05   0.00000E+00   3.02988E-03   1.00000E+00   0.00000E+00   1.93789E+00   2.56055E-16            16   6.58615E-10   3.14000E+00
        3013   3.61560E+02   1.20000E-01   6.18136E-01   4.29195E-05   6.74892E-05   0.00000E+00   3.04001E-03   1.00000E+00   0.00000E+00   1.93789E+00   2.55847E-16            16   6.58580E-10   3.13999E+00
        3014   3.61680E+02   1.20000E-01   6.18136E-01   4.26578E-05   6.70145E-05   0.00000E+00   3.05004E-03   1.00000E+00   0.00000E+00   1.93789E+00   2.55509E-16            16   6.58543E-10   3.13998E+00
        3015   3.61800E+02   1.20000E-01   6.18136E-01   4.23956E-05   6.65392E-05   0.00000E+00   3.05999E-03   1.00000E+00   0.00000E+00   1.93789E+00   2.55178E-16            16   6.58651E-10   3.13997E+00
        3016   3.61920E+02   1.20000E-01   6.18136E-01   4.21329E-05   6.60632E-05   0.00000E+00   3.06985E-03   1.00000E+00   0.00000E+00   1.93789E+00   2.54802E-16            16   6.58320E-10   3.13997E+00
        3017   3.62040E+02   1.20000E-01   6.18136E-01   4.18696E-05   6.55870E-05   0.00000E+00   3.07962E-03   1.00000E+00   0.00000E+00   1.93789E+00   2.54446E-16            16   6.58654E-10   3.13996E+00
        3018   3.62160E+02   1.20000E-01   6.18136E-01   4.16059E-05   6.51405E-05   0.00000E+00   3.08930E-03   1.00000E+00   0.00000E+00   1.93789E+00   2.54142E-16            16   6.58489E-10   3.13995E+00
        3019   3.62280E+02   1.20000E-01   6.18136E-01   4.13417E-05   6.46933E-05   0.00000E+00   3.09889E-03   1.00000E+00   0.00000E+00   1.93789E+00   2.53857E-16            16   6.58606E-10   3.13995E+00
        3020   3.62400E+02   1.20000E-01   6.18136E-01   4.10770E-05   6.42456E-05   0.00000E+00   3.10839E-03   1.00000E+00   0.00000E+00   1.93789E+00   2.53483E-16            16   6.58561E-10   3.13994E+00
        3021   3.62520E+02   1.20000E-01   6.18136E-01   4.08119E-05   6.37972E-05   0.00000E+00   3.11962E-03   1.00000E+00   0.00000E+00   1.93789E+00   2.53120E-16            16   6.58818E-10   3.13993E+00
        3022   3.62640E+02   1.20000E-01   6.18136E-01   4.05463E-05   6.33484E-05   0.00000E+00   3.13205E-03   1.00000E+00   0.00000E+00   1.93789E+00   2.52926E-16            16   6.58625E-10   3.13992E+00
        3023   3.62760E+02   1.20000E-01   6.18136E-01   4.02802E-05   6.28989E-05   0.00000E+00   3.14436E-03   1.00000E+00   0.00000E+00   1.93789E+00   2.52422E-16            16   6.59000E-10   3.13992E+00
        3024   3.62880E+02   1.20000E-01   6.18136E-01   4.00136E-05   6.24490E-05   0.00000E+00   3.15655E-03   1.00000E+00   0.00000E+00   1.93789E+00   2.52289E-16            16   6.59099E-10   3.13991E+00
        3025   3.63000E+02   1.20000E-01   6.18136E-01   3.97467E-05   6.19985E-05   0.00000E+00   3.16861E-03   1.00000E+00   0.00000E+00   1.93789E+00   2.51982E-16            16   6.58966E-10   3.13990E+00
        3026   3.63120E+02   1.20000E-01   6.18136E-01   3.94973E-05   6.15475E-05   0.00000E+00   3.18055E-03   1.00000E+00   0.00000E+00   1.93789E+00   2.51614E-16            16   6.59325E-10   3.13990E+00
        3027   3.63240E+02   1.20000E-01   6.18136E-01   3.92579E-05   6.10960E-05   0.00000E+00   3.19237E-03   1.00000E+00   0.00000E+00   1.93789E+00   2.51262E-16            16   6.59511E-10   3.13989E+00
        3028   3.63360E+02   1.20000E-01   6.18136E-01   3.90179E-05   6.06441E-05   0.00000E+00   3.20407E-03   1.00000E+00   0.00000E+00   1.93789E+00   2.50864E-16            16   6.59376E-10   3.13989E+00
        3029   3.63480E+02   1.20000E-01   6.18136E-01   3.87776E-05   6.01916E-05   0.00000E+00   3.21565E-03   1.00000E+00   0.00000E+00   1.93789E+00   2.50640E-16            16   6.59756E-10   3.13988E+00
        3030   3.63600E+02   1.20000E-01   6.18136E-01   3.85367E-05   5.97388E-05   0.00000E+00   3.22711E-03   1.00000E+00   0.00000E+00   1.93789E+00   2.50348E-16            16   6.59349E-10   3.13987E+00
        3031   3.63720E+02   1.20000E-01   6.18136E-01   3.82954E-05   5.92854E-05   0.00000E+00   3.23845E-03   1.00000E+00   0.00000E+00   1.93789E+00   2.49744E-16            16   6.59642E-10   3.13987E+00
        3032   3.63840E+02   1.20000E-01   6.18136E-01   3.80536E-05   5.88317E-05   0.00000E+00   3.24968E-03   1.00000E+00   0.00000E+00   1.93789E+00   2.49508E-16            16   6.60001E-10   3.13986E+00
        3033   3.63960E+02   1.20000E-01   6.18136E-01   3.78113E-05   5.83775E-05   0.00000E+00   3.26079E-03   1.00000E+00   0.00000E+00   1.93789E+00   2.48966E-16            16   6.60305E-10   3.13985E+00
        3034   3.64080E+02   1.20000E-01   6.18136E-01   3.75686E-05   5.79230E-05   0.00000E+00   3.27179E-03   1.00000E+00   0.00000E+00   1.93789E+00   2.48659E-16            16   6.60404E-10   3.13985E+00
        3035   3.64200E+02   1.20000E-01   6.18136E-01   3.73255E-05   5.74680E-05   0.00000E+00   3.28267E-03   1.00000E+00   0.00000E+00   1.93789E+00   2.48250E-16            16   6.60652E-10   3.13984E+00
        3036   3.64320E+02   1.20000E-01   6.18136E-01   3.70820E-05   5.70127E-05   0.00000E+00   3.29344E-03   1.00000E+00   0.00000E+00   1.93789E+00   2.47846E-16            16   6.60933E-10   3.13984E+00
        3037   3.64440E+02   1.20000E-01   6.18136E-01   3.68380E-05   5.65570E-05   0.00000E+00   3.30408E-03   1.00000E+00   0.00000E+00   1.93789E+00   2.47616E-16            16   6.60966E-10   3.13983E+00
        3038   3.64560E+02   1.20000E-01   6.18136E-01   3.65936E-05   5.61009E-05   0.00000E+00   3.31462E-03   1.00000E+00   0.00000E+00   1.93789E+00   2.47139E-16            16   6.61207E-10   3.13982E+00
        3039   3.64680E+02   1.20000E-01   6.18136E-01   3.63488E-05   5.56445E-05   0.00000E+00   3.32504E-03   1.00000E+00   0.00000E+00   1.93789E+00   2.46841E-16            16   6.61482E-10   3.13982E+00
        3040   3.64800E+02   1.20000E-01   6.18136E-01   3.61036E-05   5.51878E-05   0.00000E+00   3.33534E-03   1.00000E+00   0.00000E+00   1.93789E+00   2.46443E-16            16   6.61499E-10   3.13981E+00
        3041   3.64920E+02   1.20000E-01   6.18136E-01   3.58581E-05   5.47308E-05   0.00000E+00   3.34552E-03   1.00000E+00   0.00000E+00   1.93789E+00   2.46192E-16            16   6.61707E-10   3.13981E+00
        3042   3.65040E+02   1.20000E-01   6.18136E-01   3.56121E-05   5.42735E-05   0.00000E+00   3.35559E-03   1.00000E+00   0.00000E+00   1.93789E+00   2.45811E-16            16   6.61992E-10   3.13980E+00
        3043   3.65160E+02   1.20000E-01   6.18136E-01   3.53657E-05   5.38174E-05   0.00000E+00   3.36554E-03   1.00000E+00   0.00000E+00   1.93789E+00   2.45445E-16            16   6.62012E-10   3.13980E+00
        3044   3.65280E+02   1.20000E-01   6.18136E-01   3.51190E-05   5.33921E-05   0.00000E+00   3.37538E-03   1.00000E+00   0.00000E+00   1.93789E+00   2.45055E-16            16   6.62285E-10   3.13979E+00
        3045   3.65400E+02   1.20000E-01   6.18136E-01   3.48719E-05   5.29664E-05   0.00000E+00   3.38510E-03   1.00000E+00   0.00000E+00   1.93789E+00   2.44720E-16            16   6.62443E-10   3.13978E+00
        3046   3.65520E+02   1.20000E-01   6.18136E-01   3.46245E-05   5.25404E-05   0.00000E+00   3.39471E-03   1.00000E+00   0.00000E+00   1.93789E+00   2.44239E-16            16   6.62500E-10   3.13978E+00
        3047   3.65640E+02   1.20000E-01   6.18136E-01   3.43767E-05   5.21141E-05   0.00000E+00   3.40421E-03   1.00000E+00   0.00000E+00   1.93789E+00   2.43864E-16            16   6.62735E-10   3.13977E+00
        3048   3.65760E+02   1.20000E-01   6.18136E-01   3.41286E-05   5.16875E-05   0.00000E+00   3.41359E-03   1.00000E+00   0.00000E+00   1.93789E+00   2.43633E-16            16   6.62884E-10   3.13977E+00
        3049   3.65880E+02   1.20000E-01   6.18136E-01   3.38801E-05   5.12606E-05   0.00000E+00   3.42285E-03   1.00000E+00   0.00000E+00   1.93789E+00   2.42987E-16            16   6.62914E-10   3.13976E+00
        3050   3.66000E+02   1.20000E-01   6.18136E-01   3.36313E-05   5.08335E-05   0.00000E+00   3.43200E-03   1.00000E+00   0.00000E+00   1.93789E+00   2.42683E-16            16   6.63158E-10   3.13976E+00
        3051   3.66120E+02   1.20000E-01   6.18136E-01   3.33822E-05   5.04061E-05   0.00000E+00   3.44104E-03   1.00000E+00   0.00000E+00   1.93789E+00   2.42294E-16            16   6.63293E-10   3.13975E+00
        3052   3.66240E+02   1.20000E-01   6.18136E-01   3.31327E-05   4.99784E-05   0.00000E+00   3.44997E-03   1.00000E+00   0.00000E+00   1.93789E+00   2.41827E-16            16   6.63312E-10   3.13975E+00
        3053   3.66360E+02   1.20000E-01   6.18136E-01   3.28830E-05   4.95504E-05   0.00000E+00   3.45878E-03   1.00000E+00   0.00000E+00   1.93789E+00   2.41292E-16            16   6.63527E-10   3.13974E+00
        3054   3.66480E+02   1.20000E-01   6.18136E-01   3.26329E-05   4.91223E-05   0.00000E+00   3.46748E-03   1.00000E+00   0.00000E+00   1.93789E+00   2.40969E-16            16   6.63647E-10   3.13974E+00
        3055   3.66600E+02   1.20000E-01   6.18136E-01   3.23949E-05   4.86939E-05   0.00000E+00   3.47607E-03   1.00000E+00   0.00000E+00   1.93789E+00   2.40418E-16            16   6.63656E-10   3.13973E+00
        3056   3.66720E+02   1.20000E-01   6.18136E-01   3.21702E-05   4.82654E-05   0.00000E+00   3.48454E-03   1.00000E+00   0.00000E+00   1.93789E+00   2.39970E-16            16   6.63940E-10   3.13973E+00
        3057   3.66840E+02   1.20000E-01   6.18136E-01   3.19453E-05   4.78366E-05   0.00000E+00   3.49291E-03   1.00000E+00   0.00000E+00   1.93789E+00   2.39574E-16            16   6.63961E-10   3.13972E+00
        3058   3.66960E+02   1.20000E-01   6.18136E-01   3.17200E-05   4.74076E-05   0.00000E+00   3.50116E-03   1.00000E+00   0.00000E+00   1.93789E+00   2.39131E-16            16   6.64030E-10   3.13972E+00
        3059   3.67080E+02   1.20000E-01   6.18136E-01   3.14944E-05   4.69785E-05   0.00000E+00   3.50930E-03   1.00000E+00   0.00000E+00   1.93789E+00   2.38641E-16            16   6.64126E-10   3.13971E+00
        3060   3.67200E+02   1.20000E-01   6.18136E-01   3.12684E-05   4.65492E-05   0.00000E+00   3.51733E-03   1.00000E+00   0.00000E+00   1.93789E+00   2.38232E-16            16   6.64293E-10   3.13971E+00
        3061   3.67320E+02   1.20000E-01   6.18136E-01   3.10421E-05   4.61198E-05   0.00000E+00   3.52525E-03   1.00000E+00   0.00000E+00   1.93789E+00   2.37758E-16            16   6.64182E-10   3.13971E+00
        3062   3.67440E+02   1.20000E-01   6.18136E-01   3.08156E-05   4.56902E-05   0.00000E+00   3.53306E-03   1.00000E+00   0.00000E+00   1.93789E+00   2.37247E-16            16   6.64424E-10   3.13970E+00
        3063   3.67560E+02   1.20000E-01   6.18136E-01   3.05887E-05   4.52605E-05   0.00000E+00   3.54076E-03   1.00000E+00   0.00000E+00   1.93789E+00   2.36830E-16            16   6.64410E-10   3.13970E+00
        3064   3.67680E+02   1.20000E-01   6.18136E-01   3.03615E-05   4.48306E-05   0.00000E+00   3.54835E-03   1.00000E+00   0.00000E+00   1.93789E+00   2.36311E-16            16   6.64447E-10   3.13969E+00
        3065   3.67800E+02   1.20000E-01   6.18136E-01   3.01341E-05   4.44007E-05   0.00000E+00   3.55583E-03   1.00000E+00   0.00000E+00   1.93789E+00   2.35840E-16            16   6.64510E-10   3.13969E+00
        3066   3.67920E+02   1.20000E-01   6.18136E-01   2.99063E-05   4.39801E-05   0.00000E+00   3.56320E-03   1.00000E+00   0.00000E+00   1.93789E+00   2.35357E-16            16   6.64646E-10   3.13968E+00
        3067   3.68040E+02   1.20000E-01   6.18136E-01   2.96783E-05   4.35831E-05   0.00000E+00   3.57046E-03   1.00000E+00   0.00000E+00   1.93789E+00   2.34816E-16            16   6.64501E-10   3.13968E+00
        3068   3.68160E+02   1.20000E-01   6.18136E-01   2.94500E-05   4.31860E-05   0.00000E+00   3.57761E-03   1.00000E+00   0.00000E+00   1.93789E+00   2.34361E-16            16   6.64716E-10   3.13968E+00
        3069   3.68280E+02   1.20000E-01   6.18136E-01   2.92215E-05   4.27888E-05   0.00000E+00   3.58466E-03   1.00000E+00   0.00000E+00   1.93789E+00   2.33815E-16            16   6.64669E-10   3.13967E+00
        3070   3.68400E+02   1.20000E-01   6.18136E-01   2.89926E-05   4.23914E-05   0.00000E+00   3.59159E-03   1.00000E+00   0.00000E+00   1.93789E+00   2.33258E-16            16   6.64683E-10   3.13967E+00
        3071   3.68520E+02   1.20000E-01   6.18136E-01   2.87636E-05   4.19939E-05   0.00000E+00   3.59841E-03   1.00000E+00   0.00000E+00   1.93789E+00   2.32755E-16            16   6.64713E-10   3.13966E+00
        3072   3.68640E+02   1.20000E-01   6.18136E-01   2.85343E-05   4.15963E-05   0.00000E+00   3.60513E-03   1.00000E+00   0.00000E+00   1.93789E+00   2.32308E-16            16   6.64825E-10   3.13966E+00
        3073   3.68760E+02   1.20000E-01   6.18136E-01   2.83047E-05   4.11986E-05   0.00000E+00   3.61173E-03   1.00000E+00   0.00000E+00   1.93789E+00   2.31855E-16            16   6.64657E-10   3.13966E+00
        3074   3.68880E+02   1.20000E-01   6.18136E-01   2.80750E-05   4.08008E-05   0.00000E+00   3.61823E-03   1.00000E+00   0.00000E+00   1.93789E+00   2.31245E-16            16   6.64845E-10   3.13965E+00
        3075   3.69000E+02   1.20000E-01   6.18136E-01   2.78450E-05   4.04029E-05   0.00000E+00   3.62462E-03   1.00000E+00   0.00000E+00   1.93789E+00   2.30797E-16            16   6.64775E-10   3.13965E+00
        3076   3.69120E+02   1.20000E-01   6.18136E-01   2.76148E-05   4.00050E-05   0.00000E+00   3.63089E-03   1.00000E+00   0.00000E+00   1.93789E+00   2.30274E-16            16   6.64768E-10   3.13965E+00
        3077   3.69240E+02   1.20000E-01   6.18136E-01   2.73843E-05   3.96070E-05   0.00000E+00   3.63707E-03   1.00000E+00   0.00000E+00   1.93789E+00   2.29669E-16            16   6.64775E-10   3.13964E+00
        3078   3.69360E+02   1.20000E-01   6.18136E-01   2.71537E-05   3.92089E-05   0.00000E+00   3.64313E-03   1.00000E+00   0.00000E+00   1.93789E+00   2.29176E-16            16   6.64866E-10   3.13964E+00
        3079   3.69480E+02   1.20000E-01   6.18136E-01   2.69229E-05   3.88108E-05   0.00000E+00   3.64909E-03   1.00000E+00   0.00000E+00   1.93789E+00   2.28679E-16            16   6.64681E-10   3.13964E+00
        3080   3.69600E+02   1.20000E-01   6.18136E-01   2.66918E-05   3.84127E-05   0.00000E+00   3.65494E-03   1.00000E+00   0.00000E+00   1.93789E+00   2.28101E-16            16   6.64849E-10   3.13963E+00
        3081   3.69720E+02   1.20000E-01   6.18136E-01   2.64606E-05   3.80146E-05   0.00000E+00   3.66068E-03   1.00000E+00   0.00000E+00   1.93789E+00   2.27509E-16            16   6.64762E-10   3.13963E+00
        3082   3.69840E+02   1.20000E-01   6.18136E-01   2.62385E-05   3.76164E-05   0.00000E+00   3.66632E-03   1.00000E+00   0.00000E+00   1.93789E+00   2.26998E-16            16   6.64747E-10   3.13963E+00
        3083   3.69960E+02   1.20000E-01   6.18136E-01   2.60304E-05   3.72183E-05   0.00000E+00   3.67185E-03   1.00000E+00   0.00000E+00   1.93789E+00   2.26381E-16            16   6.64788E-10   3.13962E+00
        3084   3.70080E+02   1.20000E-01   6.18136E-01   2.58222E-05   3.68201E-05   0.00000E+00   3.67727E-03   1.00000E+00   0.00000E+00   1.93789E+00   2.25856E-16            16   6.64816E-10   3.13962E+00
        3085   3.70200E+02   1.20000E-01   6.18136E-01   2.56137E-05   3.64220E-05   0.00000E+00   3.68259E-03   1.00000E+00   0.00000E+00   1.93789E+00   2.25286E-16            16   6.64665E-10   3.13962E+00
        3086   3.70320E+02   1.20000E-01   6.18136E-01   2.54050E-05   3.60239E-05   0.00000E+00   3.68780E-03   1.00000E+00   0.00000E+00   1.93789E+00   2.24680E-16            16   6.64771E-10   3.13961E+00
        3087   3.70440E+02   1.20000E-01   6.18136E-01   2.51960E-05   3.56439E-05   0.00000E+00   3.69291E-03   1.00000E+00   0.00000E+00   1.93789E+00   2.24135E-16            16   6.64717E-10   3.13961E+00
        3088   3.70560E+02   1.20000E-01   6.18136E-01   2.49869E-05   3.52787E-05   0.00000E+00   3.69790E-03   1.00000E+00   0.00000E+00   1.93789E+00   2.23493E-16            16   6.64635E-10   3.13961E+00
        3089   3.70680E+02   1.20000E-01   6.18136E-01   2.47776E-05   3.49135E-05   0.00000E+00   3.70280E-03   1.00000E+00   0.00000E+00   1.93789E+00   2.22925E-16            16   6.64668E-10   3.13960E+00
        3090   3.70800E+02   1.20000E-01   6.18136E-01   2.45681E-05   3.45482E-05   0.00000E+00   3.70758E-03   1.00000E+00   0.00000E+00   1.93789E+00   2.22339E-16            16   6.64683E-10   3.13960E+00
        3091   3.70920E+02   1.20000E-01   6.18136E-01   2.43585E-05   3.41830E-05   0.00000E+00   3.71227E-03   1.00000E+00   0.00000E+00   1.93789E+00   2.21808E-16            16   6.64525E-10   3.13960E+00
        3092   3.71040E+02   1.20000E-01   6.18136E-01   2.41486E-05   3.38178E-05   0.00000E+00   3.71684E-03   1.00000E+00   0.00000E+00   1.93789E+00   2.21132E-16            16   6.64623E-10   3.13960E+00
        3093   3.71160E+02   1.20000E-01   6.18136E-01   2.39386E-05   3.34526E-05   0.00000E+00   3.72131E-03   1.00000E+00   0.00000E+00   1.93789E+00   2.20601E-16            16   6.64563E-10   3.13959E+00
        3094   3.71280E+02   1.20000E-01   6.18136E-01   2.39565E-05   3.30875E-05   0.00000E+00   3.72568E-03   1.00000E+00   0.00000E+00   1.93789E+00   2.19935E-16            16   6.64482E-10   3.13959E+00
        3095   3.71400E+02   1.20000E-01   6.18136E-01   2.40662E-05   3.27223E-05   0.00000E+00   3.72994E-03   1.00000E+00   0.00000E+00   1.93789E+00   2.19360E-16            16   6.64498E-10   3.13959E+00
        3096   3.71520E+02   1.20000E-01   6.18136E-01   2.41751E-05   3.23572E-05   0.00000E+00   3.73410E-03   1.00000E+00   0.00000E+00   1.93789E+00   2.18686E-16            16   6.64521E-10   3.13959E+00
        3097   3.71640E+02   1.20000E-01   6.18136E-01   2.42830E-05   3.19922E-05   0.00000E+00   3.73815E-03   1.00000E+00   0.00000E+00   1.93789E+00   2.18141E-16            16   6.64355E-10   3.13958E+00
        3098   3.71760E+02   1.20000E-01   6.18136E-01   2.43901E-05   3.16272E-05   0.00000E+00   3.74209E-03   1.00000E+00   0.00000E+00   1.93789E+00   2.17431E-16            16   6.64461E-10   3.13958E+00
        3099   3.71880E+02   1.20000E-01   6.18136E-01   2.44962E-05   3.12623E-05   0.00000E+00   3.74594E-03   1.00000E+00   0.00000E+00   1.93789E+00   2.16925E-16            16   6.64393E-10   3.13958E+00
        3100   3.72000E+02   1.20000E-01   6.18136E-01   2.46015E-05   3.08975E-05   0.00000E+00   3.74966E-03   1.00000E+00   0.00000E+00   1.93789E+00   2.16030E-16            16   6.63577E-10   3.13958E+00
        3101   3.72120E+02   1.20000E-01   6.18136E-01   2.47058E-05   3.05328E-05   0.00000E+00   3.75329E-03   1.00000E+00   0.00000E+00   1.93789E+00   2.15378E-16            16   6.64177E-10   3.13957E+00
        3102   3.72240E+02   1.20000E-01   6.18136E-01   2.48092E-05   3.01681E-05   0.00000E+00   3.75683E-03   1.00000E+00   0.00000E+00   1.93789E+00   2.14734E-16            16   6.64301E-10   3.13957E+00
        3103   3.72360E+02   1.20000E-01   6.18136E-01   2.49625E-05   2.98036E-05   0.00000E+00   3.76025E-03   1.00000E+00   0.00000E+00   1.93789E+00   2.14226E-16            16   6.64207E-10   3.13957E+00
        3104   3.72480E+02   1.20000E-01   6.18136E-01   2.51407E-05   2.94392E-05   0.00000E+00   3.76358E-03   1.00000E+00   0.00000E+00   1.93789E+00   2.13510E-16            16   6.64395E-10   3.13957E+00
        3105   3.72600E+02   1.20000E-01   6.18136E-01   2.53178E-05   2.90749E-05   0.00000E+00   3.76680E-03   1.00000E+00   0.00000E+00   1.93789E+00   2.12923E-16            16   6.64393E-10   3.13957E+00
        3106   3.72720E+02   1.20000E-01   6.18136E-01   2.54939E-05   2.87194E-05   0.00000E+00   3.76992E-03   1.00000E+00   0.00000E+00   1.93789E+00   2.12220E-16            16   6.64382E-10   3.13956E+00
        3107   3.72840E+02   1.20000E-01   6.18136E-01   2.56689E-05   2.83872E-05   0.00000E+00   3.77293E-03   1.00000E+00   0.00000E+00   1.93789E+00   2.11598E-16            16   6.64423E-10   3.13956E+00
        3108   3.72960E+02   1.20000E-01   6.18136E-01   2.58428E-05   2.80551E-05   0.00000E+00   3.77584E-03   1.00000E+00   0.00000E+00   1.93789E+00   2.11080E-16            16   6.64475E-10   3.13956E+00
        3109   3.73080E+02   1.20000E-01   6.18136E-01   2.60156E-05   2.77230E-05   0.00000E+00   3.77865E-03   1.00000E+00   0.00000E+00   1.93789E+00   2.10885E-16            16   6.64309E-10   3.13956E+00
        3110   3.73200E+02   1.20000E-01   6.18136E-01   2.61874E-05   2.73910E-05   0.00000E+00   3.78136E-03   1.00000E+00   0.00000E+00   1.93789E+00   2.10553E-16            16   6.64420E-10   3.13956E+00
        3111   3.73320E+02   1.20000E-01   6.18136E-01   2.63581E-05   2.70591E-05   0.00000E+00   3.78396E-03   1.00000E+00   0.00000E+00   1.93789E+00   2.10302E-16            16   6.64340E-10   3.13956E+00
        3112   3.73440E+02   1.20000E-01   6.18136E-01   2.65276E-05   2.67274E-05   0.00000E+00   3.78647E-03   1.00000E+00   0.00000E+00   1.93789E+00   2.09816E-16            16   6.64282E-10   3.13955E+00
        3113   3.73560E+02   1.20000E-01   6.18136E-01   2.66961E-05   2.63957E-05   0.00000E+00   3.78887E-03   1.00000E+00   0.00000E+00   1.93789E+00   2.09814E-16            16   6.64289E-10   3.13955E+00
        3114   3.73680E+02   1.20000E-01   6.18136E-01   2.68634E-05   2.60642E-05   0.00000E+00   3.79117E-03   1.00000E+00   0.00000E+00   1.93789E+00   2.09531E-16            16   6.64833E-10   3.13955E+00
        3115   3.73800E+02   1.20000E-01   6.18136E-01   2.70297E-05   2.57328E-05   0.00000E+00   3.79336E-03   1.00000E+00   0.00000E+00   1.93789E+00   2.09022E-16            16   6.63847E-10   3.13955E+00
        3116   3.73920E+02   1.20000E-01   6.18136E-01   2.71949E-05   2.54015E-05   0.00000E+00   3.79546E-03   1.00000E+00   0.00000E+00   1.93789E+00   2.08700E-16            16   6.64256E-10   3.13955E+00
        3117   3.74040E+02   1.20000E-01   6.18136E-01   2.73590E-05   2.50704E-05   0.00000E+00   3.79746E-03   1.00000E+00   0.00000E+00   1.93789E+00   2.08485E-16            16   6.64211E-10   3.13955E+00
        3118   3.74160E+02   1.20000E-01   6.18136E-01   2.75220E-05   2.47394E-05   0.00000E+00   3.79935E-03   1.00000E+00   0.00000E+00   1.93789E+00   2.07911E-16            16   6.64189E-10   3.13955E+00
        3119   3.74280E+02   1.20000E-01   6.18136E-01   2.76838E-05   2.44086E-05   0.00000E+00   3.80114E-03   1.00000E+00   0.00000E+00   1.93789E+00   2.07927E-16            16   6.64217E-10   3.13955E+00
        3120   3.74400E+02   1.20000E-01   6.18136E-01   2.78446E-05   2.40779E-05   0.00000E+00   3.80284E-03   1.00000E+00   0.00000E+00   1.93789E+00   2.07310E-16            16   6.64292E-10   3.13954E+00
        3121   3.74520E+02   1.20000E-01   6.18136E-01   2.80043E-05   2.37474E-05   0.00000E+00   3.80443E-03   1.00000E+00   0.00000E+00   1.93789E+00   2.07175E-16            16   6.64156E-10   3.13954E+00
        3122   3.74640E+02   1.20000E-01   6.18136E-01   2.81628E-05   2.34171E-05   0.00000E+00   3.80592E-03   1.00000E+00   0.00000E+00   1.93789E+00   2.06781E-16            16   6.64308E-10   3.13954E+00
        3123   3.74760E+02   1.20000E-01   6.18136E-01   2.83202E-05   2.30870E-05   0.00000E+00   3.80732E-03   1.00000E+00   0.00000E+00   1.93789E+00   2.06554E-16            16   6.64258E-10   3.13954E+00
        3124   3.74880E+02   1.20000E-01   6.18136E-01   2.84766E-05   2.27621E-05   0.00000E+00   3.80861E-03   1.00000E+00   0.00000E+00   1.93789E+00   2.06008E-16            16   6.64213E-10   3.13954E+00
        3125   3.75000E+02   1.20000E-01   6.18136E-01   2.86318E-05   2.24627E-05   0.00000E+00   3.80980E-03   1.00000E+00   0.00000E+00   1.93789E+00   2.06068E-16            16   6.64224E-10   3.13954E+00
        3126   3.75120E+02   1.20000E-01   6.18136E-01   2.87859E-05   2.21635E-05   0.00000E+00   3.81090E-03   1.00000E+00   0.00000E+00   1.93789E+00   2.05414E-16            16   6.64328E-10   3.13954E+00
        3127   3.75240E+02   1.20000E-01   6.18136E-01   2.89389E-05   2.18644E-05   0.00000E+00   3.81189E-03   1.00000E+00   0.00000E+00   1.93789E+00   2.05935E-16            16   6.64214E-10   3.13954E+00
        3128   3.75360E+02   1.20000E-01   6.18136E-01   2.90908E-05   2.15654E-05   0.00000E+00   3.81279E-03   1.00000E+00   0.00000E+00   1.93789E+00   2.04768E-16            16   6.64375E-10   3.13954E+00
        3129   3.75480E+02   1.20000E-01   6.18136E-01   2.92415E-05   2.12667E-05   0.00000E+00   3.81358E-03   1.00000E+00   0.00000E+00   1.93789E+00   2.04999E-16            16   6.63696E-10   3.13954E+00
        3130   3.75600E+02   1.20000E-01   6.18136E-01   2.93912E-05   2.09680E-05   0.00000E+00   3.81428E-03   1.00000E+00   0.00000E+00   1.93789E+00   2.04637E-16            16   6.64391E-10   3.13954E+00
        3131   3.75720E+02   1.20000E-01   6.18136E-01   2.95397E-05   2.06696E-05   0.00000E+00   3.81489E-03   1.00000E+00   0.00000E+00   1.93789E+00   2.04093E-16            16   6.64342E-10   3.13954E+00
        3132   3.75840E+02   1.20000E-01   6.18136E-01   2.96871E-05   2.03714E-05   0.00000E+00   3.81540E-03   1.00000E+00   0.00000E+00   1.93789E+00   2.03372E-16            16   6.64479E-10   3.13954E+00
        3133   3.75960E+02   1.20000E-01   6.18136E-01   2.98334E-05   2.00733E-05   0.00000E+00   3.81581E-03   1.00000E+00   0.00000E+00   1.93789E+00   2.03605E-16            16   6.64360E-10   3.13954E+00
        3134   3.76080E+02   1.20000E-01   6.18136E-01   2.99786E-05   1.97755E-05   0.00000E+00   3.81612E-03   1.00000E+00   0.00000E+00   1.93789E+00   2.02342E-16            16   6.64565E-10   3.13954E+00
        3135   3.76200E+02   1.20000E-01   6.18136E-01   3.01226E-05   1.94778E-05   0.00000E+00   3.81634E-03   1.00000E+00   0.00000E+00   1.93789E+00   2.02504E-16            16   6.64705E-10   3.13954E+00
        3136   3.76320E+02   1.20000E-01   6.18136E-01   3.02656E-05   1.91804E-05   0.00000E+00   3.81645E-03   1.00000E+00   0.00000E+00   1.93789E+00   2.02635E-16            16   6.64756E-10   3.13954E+00
        3137   3.76440E+02   1.20000E-01   6.18136E-01   3.04074E-05   1.88831E-05   0.00000E+00   3.81648E-03   1.00000E+00   0.00000E+00   1.93789E+00   2.01986E-16            16   6.64747E-10   3.13954E+00
        3138   3.76560E+02   1.20000E-01   6.18136E-01   3.05480E-05   1.85861E-05   0.00000E+00   3.81640E-03   1.00000E+00   0.00000E+00   1.93789E+00   2.00330E-16            16   6.64337E-10   3.13954E+00
        3139   3.76680E+02   1.20000E-01   6.18136E-01   3.06876E-05   1.82893E-05   0.00000E+00   3.81623E-03   1.00000E+00   0.00000E+00   1.93789E+00   2.04298E-16            16   6.62814E-10   3.13954E+00
        3140   3.76800E+02   1.20000E-01   6.18136E-01   3.08259E-05   1.79927E-05   0.00000E+00   3.81596E-03   1.00000E+00   0.00000E+00   1.93789E+00   2.02590E-16            16   6.61372E-10   3.13954E+00
        3141   3.76920E+02   1.20000E-01   6.18136E-01   3.09632E-05   1.76979E-05   0.00000E+00   3.81560E-03   1.00000E+00   0.00000E+00   1.93789E+00   2.01997E-16            16   6.60997E-10   3.13954E+00
        3142   3.77040E+02   1.20000E-01   6.18136E-01   3.10992E-05   1.74301E-05   0.00000E+00   3.81514E-03   1.00000E+00   0.00000E+00   1.93789E+00   1.99204E-16            16   6.60443E-10   3.13954E+00
        3143   3.77160E+02   1.20000E-01   6.18136E-01   3.12341E-05   1.71625E-05   0.00000E+00   3.81458E-03   1.00000E+00   0.00000E+00   1.93789E+00   1.98869E-16            16   6.60478E-10   3.13954E+00
        3144   3.77280E+02   1.20000E-01   6.18136E-01   3.13678E-05   1.68950E-05   0.00000E+00   3.81393E-03   1.00000E+00   0.00000E+00   1.93789E+00   1.99907E-16            16   6.60597E-10   3.13954E+00
        3145   3.77400E+02   1.20000E-01   6.18136E-01   3.15004E-05   1.66276E-05   0.00000E+00   3.81319E-03   1.00000E+00   0.00000E+00   1.93789E+00   1.99927E-16            16   6.60664E-10   3.13954E+00
        3146   3.77520E+02   1.20000E-01   6.18136E-01   3.16318E-05   1.63604E-05   0.00000E+00   3.81235E-03   1.00000E+00   0.00000E+00   1.93789E+00   1.99314E-16            16   6.60880E-10   3.13954E+00
        3147   3.77640E+02   1.20000E-01   6.18136E-01   3.17621E-05   1.60933E-05   0.00000E+00   3.81141E-03   1.00000E+00   0.00000E+00   1.93789E+00   1.98782E-16            16   6.60928E-10   3.13954E+00
        3148   3.77760E+02   1.20000E-01   6.18136E-01   3.18962E-05   1.58264E-05   0.00000E+00   3.81039E-03   1.00000E+00   0.00000E+00   1.93789E+00   1.98155E-16            16   6.61180E-10   3.13954E+00
        3149   3.77880E+02   1.20000E-01   6.18136E-01   3.21086E-05   1.55597E-05   0.00000E+00   3.80927E-03   1.00000E+00   0.00000E+00   1.93789E+00   1.98073E-16            16   6.61259E-10   3.13954E+00
        3150   3.78000E+02   1.20000E-01   6.18136E-01   3.23198E-05   1.52931E-05   0.00000E+00   3.80806E-03   1.00000E+00   0.00000E+00   1.93789E+00   1.97377E-16            16   6.61285E-10   3.13954E+00
        3151   3.78120E+02   1.20000E-01   6.18136E-01   3.25296E-05   1.50268E-05   0.00000E+00   3.80675E-03   1.00000E+00   0.00000E+00   1.93789E+00   1.97155E-16            16   6.61243E-10   3.13954E+00
        3152   3.78240E+02   1.20000E-01   6.18136E-01   3.27382E-05   1.47606E-05   0.00000E+00   3.80535E-03   1.00000E+00   0.00000E+00   1.93789E+00   1.96658E-16            16   6.61507E-10   3.13954E+00
        3153   3.78360E+02   1.20000E-01   6.18136E-01   3.29455E-05   1.44947E-05   0.00000E+00   3.80386E-03   1.00000E+00   0.00000E+00   1.93789E+00   1.96415E-16            16   6.61602E-10   3.13954E+00
        3154   3.78480E+02   1.20000E-01   6.18136E-01   3.31514E-05   1.42290E-05   0.00000E+00   3.80227E-03   1.00000E+00   0.00000E+00   1.93789E+00   1.95295E-16            16   6.61626E-10   3.13954E+00
        3155   3.78600E+02   1.20000E-01   6.18136E-01   3.33561E-05   1.39634E-05   0.00000E+00   3.80060E-03   1.00000E+00   0.00000E+00   1.93789E+00   1.95134E-16            16   6.61759E-10   3.13954E+00
        3156   3.78720E+02   1.20000E-01   6.18136E-01   3.35595E-05   1.36982E-05   0.00000E+00   3.79883E-03   1.00000E+00   0.00000E+00   1.93789E+00   1.94442E-16            16   6.61931E-10   3.13954E+00
        3157   3.78840E+02   1.20000E-01   6.18136E-01   3.37616E-05   1.34331E-05   0.00000E+00   3.79697E-03   1.00000E+00   0.00000E+00   1.93789E+00   1.94155E-16            16   6.61902E-10   3.13954E+00
        3158   3.78960E+02   1.20000E-01   6.18136E-01   3.39623E-05   1.31936E-05   0.00000E+00   3.79502E-03   1.00000E+00   0.00000E+00   1.93789E+00   1.93615E-16            16   6.62142E-10   3.13954E+00
        3159   3.79080E+02   1.20000E-01   6.18136E-01   3.41618E-05   1.29556E-05   0.00000E+00   3.79298E-03   1.00000E+00   0.00000E+00   1.93789E+00   1.93266E-16            16   6.62212E-10   3.13955E+00
        3160   3.79200E+02   1.20000E-01   6.18136E-01   3.43599E-05   1.28507E-05   0.00000E+00   3.79085E-03   1.00000E+00   0.00000E+00   1.93789E+00   1.92574E-16            16   6.62309E-10   3.13955E+00
        3161   3.79320E+02   1.20000E-01   6.18136E-01   3.45568E-05   1.33214E-05   0.00000E+00   3.78862E-03   1.00000E+00   0.00000E+00   1.93789E+00   1.92400E-16            16   6.62447E-10   3.13955E+00
        3162   3.79440E+02   1.20000E-01   6.18136E-01   3.47523E-05   1.37908E-05   0.00000E+00   3.78631E-03   1.00000E+00   0.00000E+00   1.93789E+00   1.91621E-16            16   6.62639E-10   3.13955E+00
        3163   3.79560E+02   1.20000E-01   6.18136E-01   3.49465E-05   1.42589E-05   0.00000E+00   3.78391E-03   1.00000E+00   0.00000E+00   1.93789E+00   1.91265E-16            16   6.62642E-10   3.13955E+00
        3164   3.79680E+02   1.20000E-01   6.18136E-01   3.51394E-05   1.47257E-05   0.00000E+00   3.78142E-03   1.00000E+00   0.00000E+00   1.93789E+00   1.90734E-16            16   6.62897E-10   3.13955E+00
        3165   3.79800E+02   1.20000E-01   6.18136E-01   3.53310E-05   1.51911E-05   0.00000E+00   3.77884E-03   1.00000E+00   0.00000E+00   1.93789E+00   1.90323E-16            16   6.62985E-10   3.13955E+00
        3166   3.79920E+02   1.20000E-01   6.18136E-01   3.55212E-05   1.56551E-05   0.00000E+00   3.77617E-03   1.00000E+00   0.00000E+00   1.93789E+00   1.89629E-16            16   6.63106E-10   3.13955E+00
        3167   3.80040E+02   1.20000E-01   6.18136E-01   3.57101E-05   1.61178E-05   0.00000E+00   3.77341E-03   1.00000E+00   0.00000E+00   1.93789E+00   1.89412E-16            16   6.63260E-10   3.13956E+00
        3168   3.80160E+02   1.20000E-01   6.18136E-01   3.58977E-05   1.65791E-05   0.00000E+00   3.77057E-03   1.00000E+00   0.00000E+00   1.93789E+00   1.88668E-16            16   6.63459E-10   3.13956E+00
        3169   3.80280E+02   1.20000E-01   6.18136E-01   3.60840E-05   1.70390E-05   0.00000E+00   3.76764E-03   1.00000E+00   0.00000E+00   1.93789E+00   1.88265E-16            16   6.63483E-10   3.13956E+00
        3170   3.80400E+02   1.20000E-01   6.18136E-01   3.62690E-05   1.74976E-05   0.00000E+00   3.76461E-03   1.00000E+00   0.00000E+00   1.93789E+00   1.87707E-16            16   6.63749E-10   3.13956E+00
        3171   3.80520E+02   1.20000E-01   6.18136E-01   3.64526E-05   1.79547E-05   0.00000E+00   3.76151E-03   1.00000E+00   0.00000E+00   1.93789E+00   1.87231E-16            16   6.63850E-10   3.13956E+00
        3172   3.80640E+02   1.20000E-01   6.18136E-01   3.66348E-05   1.84104E-05   0.00000E+00   3.75831E-03   1.00000E+00   0.00000E+00   1.93789E+00   1.86578E-16            16   6.63989E-10   3.13956E+00
        3173   3.80760E+02   1.20000E-01   6.18136E-01   3.68158E-05   1.88647E-05   0.00000E+00   3.75503E-03   1.00000E+00   0.00000E+00   1.93789E+00   1.86240E-16            16   6.64158E-10   3.13957E+00
        3174   3.80880E+02   1.20000E-01   6.18136E-01   3.69954E-05   1.93175E-05   0.00000E+00   3.75166E-03   1.00000E+00   0.00000E+00   1.93789E+00   1.85583E-16            16   6.64373E-10   3.13957E+00
        3175   3.81000E+02   1.20000E-01   6.18136E-01   3.71736E-05   1.97689E-05   0.00000E+00   3.74821E-03   1.00000E+00   0.00000E+00   1.93789E+00   1.85053E-16            16   6.64418E-10   3.13957E+00
        3176   3.81120E+02   1.20000E-01   6.18136E-01   3.73505E-05   2.02188E-05   0.00000E+00   3.74467E-03   1.00000E+00   0.00000E+00   1.93789E+00   1.84554E-16            16   6.64698E-10   3.13957E+00
        3177   3.81240E+02   1.20000E-01   6.18136E-01   3.75261E-05   2.06673E-05   0.00000E+00   3.74104E-03   1.00000E+00   0.00000E+00   1.93789E+00   1.83972E-16            16   6.64821E-10   3.13957E+00
        3178   3.81360E+02   1.20000E-01   6.18136E-01   3.77003E-05   2.11142E-05   0.00000E+00   3.73733E-03   1.00000E+00   0.00000E+00   1.93789E+00   1.83359E-16            16   6.64978E-10   3.13957E+00
        3179   3.81480E+02   1.20000E-01   6.18136E-01   3.78732E-05   2.15597E-05   0.00000E+00   3.73353E-03   1.00000E+00   0.00000E+00   1.93789E+00   1.82948E-16            16   6.65167E-10   3.13958E+00
        3180   3.81600E+02   1.20000E-01   6.18136E-01   3.80448E-05   2.20037E-05   0.00000E+00   3.72965E-03   1.00000E+00   0.00000E+00   1.93789E+00   1.82295E-16            16   6.65395E-10   3.13958E+00
        3181   3.81720E+02   1.20000E-01   6.18136E-01   3.82150E-05   2.24462E-05   0.00000E+00   3.72569E-03   1.00000E+00   0.00000E+00   1.93789E+00   1.81717E-16            16   6.65467E-10   3.13958E+00
        3182   3.81840E+02   1.20000E-01   6.18136E-01   3.83839E-05   2.28871E-05   0.00000E+00   3.72164E-03   1.00000E+00   0.00000E+00   1.93789E+00   1.81258E-16            16   6.65757E-10   3.13958E+00
        3183   3.81960E+02   1.20000E-01   6.18136E-01   3.85514E-05   2.33266E-05   0.00000E+00   3.71750E-03   1.00000E+00   0.00000E+00   1.93789E+00   1.80617E-16            16   6.65903E-10   3.13958E+00
        3184   3.82080E+02   1.20000E-01   6.18136E-01   3.87175E-05   2.37644E-05   0.00000E+00   3.71329E-03   1.00000E+00   0.00000E+00   1.93789E+00   1.80017E-16            16   6.66075E-10   3.13959E+00
        3185   3.82200E+02   1.20000E-01   6.18136E-01   3.88823E-05   2.42007E-05   0.00000E+00   3.70899E-03   1.00000E+00   0.00000E+00   1.93789E+00   1.79518E-16            16   6.66283E-10   3.13959E+00
        3186   3.82320E+02   1.20000E-01   6.18136E-01   3.90458E-05   2.46355E-05   0.00000E+00   3.70461E-03   1.00000E+00   0.00000E+00   1.93789E+00   1.78884E-16            16   6.66524E-10   3.13959E+00
        3187   3.82440E+02   1.20000E-01   6.18136E-01   3.92079E-05   2.50686E-05   0.00000E+00   3.70014E-03   1.00000E+00   0.00000E+00   1.93789E+00   1.78188E-16            16   6.66618E-10   3.13959E+00
        3188   3.82560E+02   1.20000E-01   6.18136E-01   3.93686E-05   2.55003E-05   0.00000E+00   3.69559E-03   1.00000E+00   0.00000E+00   1.93789E+00   1.77817E-16            16   6.66919E-10   3.13960E+00
        3189   3.82680E+02   1.20000E-01   6.18136E-01   3.95279E-05   2.59303E-05   0.00000E+00   3.69097E-03   1.00000E+00   0.00000E+00   1.93789E+00   1.77044E-16            16   6.67083E-10   3.13960E+00
        3190   3.82800E+02   1.20000E-01   6.18136E-01   3.96859E-05   2.63587E-05   0.00000E+00   3.68625E-03   1.00000E+00   0.00000E+00   1.93789E+00   1.76522E-16            16   6.67274E-10   3.13960E+00
        3191   3.82920E+02   1.20000E-01   6.18136E-01   3.98426E-05   2.67855E-05   0.00000E+00   3.68146E-03   1.00000E+00   0.00000E+00   1.93789E+00   1.75871E-16            16   6.67449E-10   3.13960E+00
        3192   3.83040E+02   1.20000E-01   6.18136E-01   3.99979E-05   2.72107E-05   0.00000E+00   3.67659E-03   1.00000E+00   0.00000E+00   1.93789E+00   1.74522E-16            16   6.67748E-10   3.13961E+00
        3193   3.83160E+02   1.20000E-01   6.18136E-01   4.01518E-05   2.76342E-05   0.00000E+00   3.67164E-03   1.00000E+00   0.00000E+00   1.93789E+00   1.74220E-16            16   6.67832E-10   3.13961E+00
        3194   3.83280E+02   1.20000E-01   6.18136E-01   4.03043E-05   2.80562E-05   0.00000E+00   3.66660E-03   1.00000E+00   0.00000E+00   1.93789E+00   1.73113E-16            16   6.68187E-10   3.13961E+00
        3195   3.83400E+02   1.20000E-01   6.18136E-01   4.04555E-05   2.84764E-05   0.00000E+00   3.66149E-03   1.00000E+00   0.00000E+00   1.93789E+00   1.72915E-16            16   6.68328E-10   3.13961E+00
        3196   3.83520E+02   1.20000E-01   6.18136E-01   4.06053E-05   2.88950E-05   0.00000E+00   3.65629E-03   1.00000E+00   0.00000E+00   1.93789E+00   1.71765E-16            16   6.68573E-10   3.13962E+00
        3197   3.83640E+02   1.20000E-01   6.18136E-01   4.07537E-05   2.93120E-05   0.00000E+00   3.65102E-03   1.00000E+00   0.00000E+00   1.93789E+00   1.71887E-16            16   6.68767E-10   3.13962E+00
        3198   3.83760E+02   1.20000E-01   6.18136E-01   4.09007E-05   2.97273E-05   0.00000E+00   3.64567E-03   1.00000E+00   0.00000E+00   1.93789E+00   1.70718E-16            16   6.69074E-10   3.13962E+00
        3199   3.83880E+02   1.20000E-01   6.18136E-01   4.10464E-05   3.01408E-05   0.00000E+00   3.64024E-03   1.00000E+00   0.00000E+00   1.93789E+00   1.70691E-16            16   6.69169E-10   3.13963E+00
        3200   3.84000E+02   1.20000E-01   6.18136E-01   4.11907E-05   3.05527E-05   0.00000E+00   3.63473E-03   1.00000E+00   0.00000E+00   1.93789E+00   1.69668E-16            16   6.69533E-10   3.13963E+00
        3201   3.84120E+02   1.20000E-01   6.18136E-01   4.13337E-05   3.09629E-05   0.00000E+00   3.62914E-03   1.00000E+00   0.00000E+00   1.93789E+00   1.69679E-16            16   6.69691E-10   3.13963E+00
        3202   3.84240E+02   1.20000E-01   6.18136E-01   4.14752E-05   3.13713E-05   0.00000E+00   3.62347E-03   1.00000E+00   0.00000E+00   1.93789E+00   1.68427E-16            16   6.69962E-10   3.13964E+00
        3203   3.84360E+02   1.20000E-01   6.18136E-01   4.16154E-05   3.17781E-05   0.00000E+00   3.61773E-03   1.00000E+00   0.00000E+00   1.93789E+00   1.68545E-16            16   6.70187E-10   3.13964E+00
        3204   3.84480E+02   1.20000E-01   6.18136E-01   4.17542E-05   3.21831E-05   0.00000E+00   3.61190E-03   1.00000E+00   0.00000E+00   1.93789E+00   1.67265E-16            16   6.70509E-10   3.13964E+00
        3205   3.84600E+02   1.20000E-01   6.18136E-01   4.18916E-05   3.25863E-05   0.00000E+00   3.60600E-03   1.00000E+00   0.00000E+00   1.93789E+00   1.67213E-16            16   6.70638E-10   3.13964E+00
        3206   3.84720E+02   1.20000E-01   6.18136E-01   4.20277E-05   3.29879E-05   0.00000E+00   3.60003E-03   1.00000E+00   0.00000E+00   1.93789E+00   1.66086E-16            16   6.71008E-10   3.13965E+00
        3207   3.84840E+02   1.20000E-01   6.18136E-01   4.21623E-05   3.33877E-05   0.00000E+00   3.59398E-03   1.00000E+00   0.00000E+00   1.93789E+00   1.65926E-16            16   6.71186E-10   3.13965E+00
        3208   3.84960E+02   1.20000E-01   6.18136E-01   4.22956E-05   3.37856E-05   0.00000E+00   3.58785E-03   1.00000E+00   0.00000E+00   1.93789E+00   1.64573E-16            16   6.71461E-10   3.13965E+00
        3209   3.85080E+02   1.20000E-01   6.18136E-01   4.24275E-05   3.41819E-05   0.00000E+00   3.58164E-03   1.00000E+00   0.00000E+00   1.93789E+00   1.64584E-16            16   6.71688E-10   3.13966E+00
        3210   3.85200E+02   1.20000E-01   6.18136E-01   4.25580E-05   3.45763E-05   0.00000E+00   3.57536E-03   1.00000E+00   0.00000E+00   1.93789E+00   1.63203E-16            16   6.72020E-10   3.13966E+00
        3211   3.85320E+02   1.20000E-01   6.18136E-01   4.26871E-05   3.49689E-05   0.00000E+00   3.56901E-03   1.00000E+00   0.00000E+00   1.93789E+00   1.63083E-16            16   6.72163E-10   3.13966E+00
        3212   3.85440E+02   1.20000E-01   6.18136E-01   4.28149E-05   3.53598E-05   0.00000E+00   3.56258E-03   1.00000E+00   0.00000E+00   1.93789E+00   1.61923E-16            16   6.72548E-10   3.13967E+00
        3213   3.85560E+02   1.20000E-01   6.18136E-01   4.29413E-05   3.57489E-05   0.00000E+00   3.55607E-03   1.00000E+00   0.00000E+00   1.93789E+00   1.61760E-16            16   6.72749E-10   3.13967E+00
        3214   3.85680E+02   1.20000E-01   6.18136E-01   4.30662E-05   3.61360E-05   0.00000E+00   3.54949E-03   1.00000E+00   0.00000E+00   1.93789E+00   1.60379E-16            16   6.73048E-10   3.13968E+00
        3215   3.85800E+02   1.20000E-01   6.18136E-01   4.31899E-05   3.65215E-05   0.00000E+00   3.54284E-03   1.00000E+00   0.00000E+00   1.93789E+00   1.60440E-16            16   6.73299E-10   3.13968E+00
        3216   3.85920E+02   1.20000E-01   6.18136E-01   4.33121E-05   3.69050E-05   0.00000E+00   3.53611E-03   1.00000E+00   0.00000E+00   1.93789E+00   1.59002E-16            16   6.73646E-10   3.13968E+00
        3217   3.86040E+02   1.20000E-01   6.18136E-01   4.34329E-05   3.72867E-05   0.00000E+00   3.52931E-03   1.00000E+00   0.00000E+00   1.93789E+00   1.58947E-16            16   6.73816E-10   3.13969E+00
        3218   3.86160E+02   1.20000E-01   6.18136E-01   4.35524E-05   3.76666E-05   0.00000E+00   3.52244E-03   1.00000E+00   0.00000E+00   1.93789E+00   1.57697E-16            16   6.74142E-10   3.13969E+00
        3219   3.86280E+02   1.20000E-01   6.18136E-01   4.36704E-05   3.80446E-05   0.00000E+00   3.51549E-03   1.00000E+00   0.00000E+00   1.93789E+00   1.56659E-16            16   6.74427E-10   3.13969E+00
        3220   3.86400E+02   1.20000E-01   6.18136E-01   4.37871E-05   3.84207E-05   0.00000E+00   3.50847E-03   1.00000E+00   0.00000E+00   1.93789E+00   1.55674E-16            16   6.74696E-10   3.13970E+00
        3221   3.86520E+02   1.20000E-01   6.18136E-01   4.39024E-05   3.87950E-05   0.00000E+00   3.50138E-03   1.00000E+00   0.00000E+00   1.93789E+00   1.55078E-16            16   6.75018E-10   3.13970E+00
        3222   3.86640E+02   1.20000E-01   6.18136E-01   4.40163E-05   3.91673E-05   0.00000E+00   3.49422E-03   1.00000E+00   0.00000E+00   1.93789E+00   1.54260E-16            16   6.75326E-10   3.13971E+00
        3223   3.86760E+02   1.20000E-01   6.18136E-01   4.41288E-05   3.95378E-05   0.00000E+00   3.48699E-03   1.00000E+00   0.00000E+00   1.93789E+00   1.53549E-16            16   6.75566E-10   3.13971E+00
        3224   3.86880E+02   1.20000E-01   6.18136E-01   4.42399E-05   3.99064E-05   0.00000E+00   3.47968E-03   1.00000E+00   0.00000E+00   1.93789E+00   1.53116E-16            16   6.75914E-10   3.13971E+00
        3225   3.87000E+02   1.20000E-01   6.18136E-01   4.43497E-05   4.02731E-05   0.00000E+00   3.47230E-03   1.00000E+00   0.00000E+00   1.93789E+00   1.52401E-16            16   6.76195E-10   3.13972E+00
        3226   3.87120E+02   1.20000E-01   6.18136E-01   4.44581E-05   4.06378E-05   0.00000E+00   3.46486E-03   1.00000E+00   0.00000E+00   1.93789E+00   1.51823E-16            16   6.76479E-10   3.13972E+00
        3227   3.87240E+02   1.20000E-01   6.18136E-01   4.45650E-05   4.10007E-05   0.00000E+00   3.45734E-03   1.00000E+00   0.00000E+00   1.93789E+00   1.51360E-16            16   6.76803E-10   3.13973E+00
        3228   3.87360E+02   1.20000E-01   6.18136E-01   4.46706E-05   4.13616E-05   0.00000E+00   3.44976E-03   1.00000E+00   0.00000E+00   1.93789E+00   1.50644E-16            16   6.77131E-10   3.13973E+00
        3229   3.87480E+02   1.20000E-01   6.18136E-01   4.47748E-05   4.17206E-05   0.00000E+00   3.44210E-03   1.00000E+00   0.00000E+00   1.93789E+00   1.49914E-16            16   6.77396E-10   3.13973E+00
        3230   3.87600E+02   1.20000E-01   6.18136E-01   4.48854E-05   4.20776E-05   0.00000E+00   3.43437E-03   1.00000E+00   0.00000E+00   1.93789E+00   1.49364E-16            16   6.77763E-10   3.13974E+00
        3231   3.87720E+02   1.20000E-01   6.18136E-01   4.50145E-05   4.24327E-05   0.00000E+00   3.42658E-03   1.00000E+00   0.00000E+00   1.93789E+00   1.48541E-16            16   6.77883E-10   3.13974E+00
        3232   3.87840E+02   1.20000E-01   6.18136E-01   4.51421E-05   4.27858E-05   0.00000E+00   3.41871E-03   1.00000E+00   0.00000E+00   1.93789E+00   1.47820E-16            16   6.78312E-10   3.13975E+00
        3233   3.87960E+02   1.20000E-01   6.18136E-01   4.52684E-05   4.31370E-05   0.00000E+00   3.41078E-03   1.00000E+00   0.00000E+00   1.93789E+00   1.47234E-16            16   6.78718E-10   3.13975E+00
        3234   3.88080E+02   1.20000E-01   6.18136E-01   4.53931E-05   4.34862E-05   0.00000E+00   3.40278E-03   1.00000E+00   0.00000E+00   1.93789E+00   1.46299E-16            16   6.79066E-10   3.13976E+00
        3235   3.88200E+02   1.20000E-01   6.18136E-01   4.55165E-05   4.38334E-05   0.00000E+00   3.39471E-03   1.00000E+00   0.00000E+00   1.93789E+00   1.45416E-16            16   6.79193E-10   3.13976E+00
        3236   3.88320E+02   1.20000E-01   6.18136E-01   4.56383E-05   4.41786E-05   0.00000E+00   3.38658E-03   1.00000E+00   0.00000E+00   1.93789E+00   1.44789E-16            16   6.79676E-10   3.13976E+00
        3237   3.88440E+02   1.20000E-01   6.18136E-01   4.57588E-05   4.45218E-05   0.00000E+00   3.37838E-03   1.00000E+00   0.00000E+00   1.93789E+00   1.44538E-16            16   6.80065E-10   3.13977E+00
        3238   3.88560E+02   1.20000E-01   6.18136E-01   4.58777E-05   4.48631E-05   0.00000E+00   3.37011E-03   1.00000E+00   0.00000E+00   1.93789E+00   1.43090E-16            16   6.80245E-10   3.13977E+00
        3239   3.88680E+02   1.20000E-01   6.18136E-01   4.59953E-05   4.52023E-05   0.00000E+00   3.36177E-03   1.00000E+00   0.00000E+00   1.93789E+00   1.41263E-16            16   6.80657E-10   3.13978E+00
        3240   3.88800E+02   1.20000E-01   6.18136E-01   4.61114E-05   4.55395E-05   0.00000E+00   3.35337E-03   1.00000E+00   0.00000E+00   1.93789E+00   1.41718E-16            16   6.81120E-10   3.13978E+00
        3241   3.88920E+02   1.20000E-01   6.18136E-01   4.62260E-05   4.58747E-05   0.00000E+00   3.34490E-03   1.00000E+00   0.00000E+00   1.93789E+00   1.41152E-16            16   6.81283E-10   3.13979E+00
        3242   3.89040E+02   1.20000E-01   6.18136E-01   4.63392E-05   4.62079E-05   0.00000E+00   3.33637E-03   1.00000E+00   0.00000E+00   1.93789E+00   1.39262E-16            16   6.81728E-10   3.13979E+00
        3243   3.89160E+02   1.20000E-01   6.18136E-01   4.64509E-05   4.65390E-05   0.00000E+00   3.32777E-03   1.00000E+00   0.00000E+00   1.93789E+00   1.39753E-16            16   6.82220E-10   3.13980E+00
        3244   3.89280E+02   1.20000E-01   6.18136E-01   4.65612E-05   4.68681E-05   0.00000E+00   3.31911E-03   1.00000E+00   0.00000E+00   1.93789E+00   1.38949E-16            16   6.82366E-10   3.13980E+00
        3245   3.89400E+02   1.20000E-01   6.18136E-01   4.66700E-05   4.71951E-05   0.00000E+00   3.31038E-03   1.00000E+00   0.00000E+00   1.93789E+00   1.37297E-16            16   6.82837E-10   3.13981E+00
        3246   3.89520E+02   1.20000E-01   6.18136E-01   4.67774E-05   4.75201E-05   0.00000E+00   3.30159E-03   1.00000E+00   0.00000E+00   1.93789E+00   1.37467E-16            16   6.83191E-10   3.13981E+00
        3247   3.89640E+02   1.20000E-01   6.18136E-01   4.68834E-05   4.78431E-05   0.00000E+00   3.29274E-03   1.00000E+00   0.00000E+00   1.93789E+00   1.36768E-16            16   6.83631E-10   3.13982E+00
        3248   3.89760E+02   1.20000E-01   6.18136E-01   4.69878E-05   4.81639E-05   0.00000E+00   3.28382E-03   1.00000E+00   0.00000E+00   1.93789E+00   1.35028E-16            16   6.83878E-10   3.13982E+00
        3249   3.89880E+02   1.20000E-01   6.18136E-01   4.70909E-05   4.84827E-05   0.00000E+00   3.27484E-03   1.00000E+00   0.00000E+00   1.93789E+00   1.34988E-16            16   6.84499E-10   3.13982E+00
        3250   3.90000E+02   1.20000E-01   6.18136E-01   4.71925E-05   4.87995E-05   0.00000E+00   3.26580E-03   1.00000E+00   0.00000E+00   1.93789E+00   1.34186E-16            16   6.84694E-10   3.13983E+00
        3251   3.90120E+02   1.20000E-01   6.18136E-01   4.72926E-05   4.91141E-05   0.00000E+00   3.25669E-03   1.00000E+00   0.00000E+00   1.93789E+00   1.32700E-16            16   6.85221E-10   3.13983E+00
        3252   3.90240E+02   1.20000E-01   6.18136E-01   4.73913E-05   4.94266E-05   0.00000E+00   3.24753E-03   1.00000E+00   0.00000E+00   1.93789E+00   1.32734E-16            16   6.85547E-10   3.13984E+00
        3253   3.90360E+02   1.20000E-01   6.18136E-01   4.74885E-05   4.97371E-05   0.00000E+00   3.23830E-03   1.00000E+00   0.00000E+00   1.93789E+00   1.31168E-16            16   6.86094E-10   3.13984E+00
        3254   3.90480E+02   1.20000E-01   6.18136E-01   4.75843E-05   5.00455E-05   0.00000E+00   3.22901E-03   1.00000E+00   0.00000E+00   1.93789E+00   1.30763E-16            16   6.86364E-10   3.13985E+00
        3255   3.90600E+02   1.20000E-01   6.18136E-01   4.76787E-05   5.03517E-05   0.00000E+00   3.21965E-03   1.00000E+00   0.00000E+00   1.93789E+00   1.29379E-16            16   6.86906E-10   3.13986E+00
        3256   3.90720E+02   1.20000E-01   6.18136E-01   4.77716E-05   5.06559E-05   0.00000E+00   3.21024E-03   1.00000E+00   0.00000E+00   1.93789E+00   1.28867E-16            16   6.87151E-10   3.13986E+00
        3257   3.90840E+02   1.20000E-01   6.18136E-01   4.78631E-05   5.09579E-05   0.00000E+00   3.20077E-03   1.00000E+00   0.00000E+00   1.93789E+00   1.28022E-16            16   6.87725E-10   3.13987E+00
        3258   3.90960E+02   1.20000E-01   6.18136E-01   4.79533E-05   5.12578E-05   0.00000E+00   3.19121E-03   1.00000E+00   0.00000E+00   1.93789E+00   1.28114E-16            16   6.86539E-10   3.13987E+00
        3259   3.91080E+02   1.20000E-01   6.18136E-01   4.80420E-05   5.15556E-05   0.00000E+00   3.18161E-03   1.00000E+00   0.00000E+00   1.93789E+00   1.26976E-16            16   6.88329E-10   3.13988E+00
        3260   3.91200E+02   1.20000E-01   6.18136E-01   4.81293E-05   5.18513E-05   0.00000E+00   3.17196E-03   1.00000E+00   0.00000E+00   1.93789E+00   1.26116E-16            16   6.88359E-10   3.13988E+00
        3261   3.91320E+02   1.20000E-01   6.18136E-01   4.82151E-05   5.21448E-05   0.00000E+00   3.16224E-03   1.00000E+00   0.00000E+00   1.93789E+00   1.24964E-16            16   6.88847E-10   3.13989E+00
        3262   3.91440E+02   1.20000E-01   6.18136E-01   4.82995E-05   5.24362E-05   0.00000E+00   3.15247E-03   1.00000E+00   0.00000E+00   1.93789E+00   1.23396E-16            16   6.89153E-10   3.13989E+00
        3263   3.91560E+02   1.20000E-01   6.18136E-01   4.83824E-05   5.27254E-05   0.00000E+00   3.14264E-03   1.00000E+00   0.00000E+00   1.93789E+00   1.23886E-16            16   6.89709E-10   3.13990E+00
        3264   3.91680E+02   1.20000E-01   6.18136E-01   4.84639E-05   5.30125E-05   0.00000E+00   3.13275E-03   1.00000E+00   0.00000E+00   1.93789E+00   1.22447E-16            16   6.90027E-10   3.13990E+00
        3265   3.91800E+02   1.20000E-01   6.18136E-01   4.85439E-05   5.32975E-05   0.00000E+00   3.12280E-03   1.00000E+00   0.00000E+00   1.93789E+00   1.21645E-16            16   6.90683E-10   3.13991E+00
        3266   3.91920E+02   1.20000E-01   6.18136E-01   4.86224E-05   5.35802E-05   0.00000E+00   3.11279E-03   1.00000E+00   0.00000E+00   1.93789E+00   1.20951E-16            16   6.90993E-10   3.13991E+00
        3267   3.92040E+02   1.20000E-01   6.18136E-01   4.86995E-05   5.38608E-05   0.00000E+00   3.10272E-03   1.00000E+00   0.00000E+00   1.93789E+00   1.21235E-16            16   6.91615E-10   3.13992E+00
        3268   3.92160E+02   1.20000E-01   6.18136E-01   4.87752E-05   5.41393E-05   0.00000E+00   3.09260E-03   1.00000E+00   0.00000E+00   1.93789E+00   1.20110E-16            16   6.91932E-10   3.13992E+00
        3269   3.92280E+02   1.20000E-01   6.18136E-01   4.88494E-05   5.44156E-05   0.00000E+00   3.08242E-03   1.00000E+00   0.00000E+00   1.93789E+00   1.19200E-16            16   6.92489E-10   3.13993E+00
        3270   3.92400E+02   1.20000E-01   6.18136E-01   4.89222E-05   5.46896E-05   0.00000E+00   3.07219E-03   1.00000E+00   0.00000E+00   1.93789E+00   1.17596E-16            16   6.92813E-10   3.13994E+00
        3271   3.92520E+02   1.20000E-01   6.18136E-01   4.89936E-05   5.49616E-05   0.00000E+00   3.06189E-03   1.00000E+00   0.00000E+00   1.93789E+00   1.15337E-16            16   6.93450E-10   3.13994E+00
        3272   3.92640E+02   1.20000E-01   6.18136E-01   4.90636E-05   5.52314E-05   0.00000E+00   3.05155E-03   1.00000E+00   0.00000E+00   1.93789E+00   1.14859E-16            16   6.93784E-10   3.13995E+00
        3273   3.92760E+02   1.20000E-01   6.18136E-01   4.91321E-05   5.54989E-05   0.00000E+00   3.04114E-03   1.00000E+00   0.00000E+00   1.93789E+00   1.14942E-16            16   6.94357E-10   3.13995E+00
        3274   3.92880E+02   1.20000E-01   6.18136E-01   4.91992E-05   5.57643E-05   0.00000E+00   3.03068E-03   1.00000E+00   0.00000E+00   1.93789E+00   1.14200E-16            16   6.94680E-10   3.13996E+00
        3275   3.93000E+02   1.20000E-01   6.18136E-01   4.92649E-05   5.60274E-05   0.00000E+00   3.02017E-03   1.00000E+00   0.00000E+00   1.93789E+00   1.13723E-16            16   6.95404E-10   3.13996E+00
        3276   3.93120E+02   1.20000E-01   6.18136E-01   4.93292E-05   5.62884E-05   0.00000E+00   3.00960E-03   1.00000E+00   0.00000E+00   1.93789E+00   1.12724E-16            16   6.95740E-10   3.13997E+00
        3277   3.93240E+02   1.20000E-01   6.18136E-01   4.93920E-05   5.65472E-05   0.00000E+00   2.99898E-03   1.00000E+00   0.00000E+00   1.93789E+00   1.11268E-16            16   6.96631E-10   3.13998E+00
        3278   3.93360E+02   1.20000E-01   6.18136E-01   4.94535E-05   5.68037E-05   0.00000E+00   2.98830E-03   1.00000E+00   0.00000E+00   1.93789E+00   1.10940E-16            16   6.96838E-10   3.13998E+00
        3279   3.93480E+02   1.20000E-01   6.18136E-01   4.95135E-05   5.70580E-05   0.00000E+00   2.97757E-03   1.00000E+00   0.00000E+00   1.93789E+00   1.11146E-16            16   6.97529E-10   3.13999E+00
        3280   3.93600E+02   1.20000E-01   6.18136E-01   4.95721E-05   5.73101E-05   0.00000E+00   2.96679E-03   1.00000E+00   0.00000E+00   1.93789E+00   1.09273E-16            16   6.97651E-10   3.13999E+00
        3281   3.93720E+02   1.20000E-01   6.18136E-01   4.96293E-05   5.75600E-05   0.00000E+00   2.95596E-03   1.00000E+00   0.00000E+00   1.93789E+00   1.07885E-16            16   6.98368E-10   3.14000E+00
        3282   3.93840E+02   1.20000E-01   6.18136E-01   4.96850E-05   5.78077E-05   0.00000E+00   2.94507E-03   1.00000E+00   0.00000E+00   1.93789E+00   1.08825E-16            16   6.98685E-10   3.14001E+00
        3283   3.93960E+02   1.20000E-01   6.18136E-01   4.97394E-05   5.80531E-05   0.00000E+00   2.93413E-03   1.00000E+00   0.00000E+00   1.93789E+00   1.06702E-16            16   6.99379E-10   3.14001E+00
        3284   3.94080E+02   1.20000E-01   6.18136E-01   4.97923E-05   5.82964E-05   0.00000E+00   2.92315E-03   1.00000E+00   0.00000E+00   1.93789E+00   1.07491E-16            16   7.00356E-10   3.14002E+00
        3285   3.94200E+02   1.20000E-01   6.18136E-01   4.98439E-05   5.85375E-05   0.00000E+00   2.91212E-03   1.00000E+00   0.00000E+00   1.93789E+00   1.06550E-16            16   7.02655E-10   3.14002E+00
        3286   3.94320E+02   1.20000E-01   6.18136E-01   4.98939E-05   5.87762E-05   0.00000E+00   2.90104E-03   1.00000E+00   0.00000E+00   1.93789E+00   1.06700E-16            16   7.04238E-10   3.14003E+00
        3287   3.94440E+02   1.20000E-01   6.18136E-01   4.99426E-05   5.90127E-05   0.00000E+00   2.88990E-03   1.00000E+00   0.00000E+00   1.93789E+00   1.04625E-16            16   7.03346E-10   3.14004E+00
        3288   3.94560E+02   1.20000E-01   6.18136E-01   4.99898E-05   5.92471E-05   0.00000E+00   2.87871E-03   1.00000E+00   0.00000E+00   1.93789E+00   1.03811E-16            16   7.03406E-10   3.14004E+00
        3289   3.94680E+02   1.20000E-01   6.18136E-01   5.00356E-05   5.94792E-05   0.00000E+00   2.86747E-03   1.00000E+00   0.00000E+00   1.93789E+00   1.02305E-16            16   7.03646E-10   3.14005E+00
        3290   3.94800E+02   1.20000E-01   6.18136E-01   5.00801E-05   5.97090E-05   0.00000E+00   2.85618E-03   1.00000E+00   0.00000E+00   1.93789E+00   1.01398E-16            16   7.04032E-10   3.14005E+00
        3291   3.94920E+02   1.20000E-01   6.18136E-01   5.01232E-05   5.99365E-05   0.00000E+00   2.84484E-03   1.00000E+00   0.00000E+00   1.93789E+00   9.99154E-17            16   7.04653E-10   3.14006E+00
        3292   3.95040E+02   1.20000E-01   6.18136E-01   5.01649E-05   6.01619E-05   0.00000E+00   2.83345E-03   1.00000E+00   0.00000E+00   1.93789E+00   9.93925E-17            16   7.05317E-10   3.14007E+00
        3293   3.95160E+02   1.20000E-01   6.18136E-01   5.02052E-05   6.03851E-05   0.00000E+00   2.82201E-03   1.00000E+00   0.00000E+00   1.93789E+00   9.81635E-17            16   7.06085E-10   3.14007E+00
        3294   3.95280E+02   1.20000E-01   6.18136E-01   5.02441E-05   6.06059E-05   0.00000E+00   2.81052E-03   1.00000E+00   0.00000E+00   1.93789E+00   9.76239E-17            16   7.06706E-10   3.14008E+00
        3295   3.95400E+02   1.20000E-01   6.18136E-01   5.02817E-05   6.08245E-05   0.00000E+00   2.79898E-03   1.00000E+00   0.00000E+00   1.93789E+00   9.61685E-17            16   7.07512E-10   3.14009E+00
        3296   3.95520E+02   1.20000E-01   6.18136E-01   5.03178E-05   6.10409E-05   0.00000E+00   2.78739E-03   1.00000E+00   0.00000E+00   1.93789E+00   9.57035E-17            16   7.08105E-10   3.14009E+00
        3297   3.95640E+02   1.20000E-01   6.18136E-01   5.03526E-05   6.12550E-05   0.00000E+00   2.77575E-03   1.00000E+00   0.00000E+00   1.93789E+00   9.43126E-17            16   7.08748E-10   3.14010E+00
        3298   3.95760E+02   1.20000E-01   6.18136E-01   5.03860E-05   6.14669E-05   0.00000E+00   2.76407E-03   1.00000E+00   0.00000E+00   1.93789E+00   9.37941E-17            16   7.09235E-10   3.14010E+00
        3299   3.95880E+02   1.20000E-01   6.18136E-01   5.04180E-05   6.16765E-05   0.00000E+00   2.75234E-03   1.00000E+00   0.00000E+00   1.93789E+00   9.22854E-17            16   7.09931E-10   3.14011E+00
        3300   3.96000E+02   1.20000E-01   6.18136E-01   5.04486E-05   6.18839E-05   0.00000E+00   2.74056E-03   1.00000E+00   0.00000E+00   1.93789E+00   9.19936E-17            16   7.10610E-10   3.14012E+00
        3301   3.96120E+02   1.20000E-01   6.18136E-01   5.04778E-05   6.20890E-05   0.00000E+00   2.72874E-03   1.00000E+00   0.00000E+00   1.93789E+00   9.05733E-17            16   7.11263E-10   3.14012E+00
        3302   3.96240E+02   1.20000E-01   6.18136E-01   5.05057E-05   6.22918E-05   0.00000E+00   2.71686E-03   1.00000E+00   0.00000E+00   1.93789E+00   9.04440E-17            16   7.12081E-10   3.14013E+00
        3303   3.96360E+02   1.20000E-01   6.18136E-01   5.05321E-05   6.24924E-05   0.00000E+00   2.70495E-03   1.00000E+00   0.00000E+00   1.93789E+00   8.89028E-17            16   7.12857E-10   3.14014E+00
        3304   3.96480E+02   1.20000E-01   6.18136E-01   5.05572E-05   6.26908E-05   0.00000E+00   2.69299E-03   1.00000E+00   0.00000E+00   1.93789E+00   8.86898E-17            16   7.13767E-10   3.14014E+00
        3305   3.96600E+02   1.20000E-01   6.18136E-01   5.05810E-05   6.28868E-05   0.00000E+00   2.68098E-03   1.00000E+00   0.00000E+00   1.93789E+00   8.73557E-17            16   7.14467E-10   3.14015E+00
        3306   3.96720E+02   1.20000E-01   6.18136E-01   5.06033E-05   6.30806E-05   0.00000E+00   2.66893E-03   1.00000E+00   0.00000E+00   1.93789E+00   8.70505E-17            16   7.15189E-10   3.14016E+00
        3307   3.96840E+02   1.20000E-01   6.18136E-01   5.06244E-05   6.32721E-05   0.00000E+00   2.65684E-03   1.00000E+00   0.00000E+00   1.93789E+00   8.53551E-17            16   7.15915E-10   3.14016E+00
        3308   3.96960E+02   1.20000E-01   6.18136E-01   5.06440E-05   6.34614E-05   0.00000E+00   2.64470E-03   1.00000E+00   0.00000E+00   1.93789E+00   8.46935E-17            16   7.16656E-10   3.14017E+00
        3309   3.97080E+02   1.20000E-01   6.18136E-01   5.06623E-05   6.36485E-05   0.00000E+00   2.63252E-03   1.00000E+00   0.00000E+00   1.93789E+00   8.29647E-17            16   7.17558E-10   3.14018E+00
        3310   3.97200E+02   1.20000E-01   6.18136E-01   5.06792E-05   6.38332E-05   0.00000E+00   2.62029E-03   1.00000E+00   0.00000E+00   1.93789E+00   8.09617E-17            16   7.18478E-10   3.14018E+00
        3311   3.97320E+02   1.20000E-01   6.18136E-01   5.06948E-05   6.40156E-05   0.00000E+00   2.60802E-03   1.00000E+00   0.00000E+00   1.93789E+00   8.00471E-17            16   7.19458E-10   3.14019E+00
        3312   3.97440E+02   1.20000E-01   6.18136E-01   5.07091E-05   6.41959E-05   0.00000E+00   2.59572E-03   1.00000E+00   0.00000E+00   1.93789E+00   8.01821E-17            16   7.20129E-10   3.14020E+00
        3313   3.97560E+02   1.20000E-01   6.18136E-01   5.07219E-05   6.43738E-05   0.00000E+00   2.58336E-03   1.00000E+00   0.00000E+00   1.93789E+00   7.95210E-17            16   7.21189E-10   3.14020E+00
        3314   3.97680E+02   1.20000E-01   6.18136E-01   5.07335E-05   6.45495E-05   0.00000E+00   2.57097E-03   1.00000E+00   0.00000E+00   1.93789E+00   7.98935E-17            16   7.22074E-10   3.14021E+00
        3315   3.97800E+02   1.20000E-01   6.18136E-01   5.07481E-05   6.47229E-05   0.00000E+00   2.55854E-03   1.00000E+00   0.00000E+00   1.93789E+00   7.86463E-17            16   7.22907E-10   3.14022E+00
        3316   3.97920E+02   1.20000E-01   6.18136E-01   5.07785E-05   6.48941E-05   0.00000E+00   2.54606E-03   1.00000E+00   0.00000E+00   1.93789E+00   7.84218E-17            16   7.23568E-10   3.14022E+00
        3317   3.98040E+02   1.20000E-01   6.18136E-01   5.08075E-05   6.50630E-05   0.00000E+00   2.53355E-03   1.00000E+00   0.00000E+00   1.93789E+00   7.70526E-17            16   7.24141E-10   3.14023E+00
        3318   3.98160E+02   1.20000E-01   6.18136E-01   5.08352E-05   6.52296E-05   0.00000E+00   2.52099E-03   1.00000E+00   0.00000E+00   1.93789E+00   7.67587E-17            16   7.24820E-10   3.14024E+00
        3319   3.98280E+02   1.20000E-01   6.18136E-01   5.08615E-05   6.53939E-05   0.00000E+00   2.50839E-03   1.00000E+00   0.00000E+00   1.93789E+00   7.50374E-17            16   7.25519E-10   3.14024E+00
        3320   3.98400E+02   1.20000E-01   6.18136E-01   5.08864E-05   6.55560E-05   0.00000E+00   2.49575E-03   1.00000E+00   0.00000E+00   1.93789E+00   7.46548E-17            16   7.26614E-10   3.14025E+00
        3321   3.98520E+02   1.20000E-01   6.18136E-01   5.09099E-05   6.57159E-05   0.00000E+00   2.48307E-03   1.00000E+00   0.00000E+00   1.93789E+00   7.46850E-17            16   7.27573E-10   3.14026E+00
        3322   3.98640E+02   1.20000E-01   6.18136E-01   5.09320E-05   6.58734E-05   0.00000E+00   2.47035E-03   1.00000E+00   0.00000E+00   1.93789E+00   7.38001E-17            16   7.28584E-10   3.14026E+00
        3323   3.98760E+02   1.20000E-01   6.18136E-01   5.09528E-05   6.60287E-05   0.00000E+00   2.45759E-03   1.00000E+00   0.00000E+00   1.93789E+00   7.15059E-17            16   7.29542E-10   3.14027E+00
        3324   3.98880E+02   1.20000E-01   6.18136E-01   5.09722E-05   6.61818E-05   0.00000E+00   2.44479E-03   1.00000E+00   0.00000E+00   1.93789E+00   7.10900E-17            16   7.30796E-10   3.14028E+00
        3325   3.99000E+02   1.20000E-01   6.18136E-01   5.09903E-05   6.63325E-05   0.00000E+00   2.43195E-03   1.00000E+00   0.00000E+00   1.93789E+00   6.78311E-17            16   7.30794E-10   3.14028E+00
        3326   3.99120E+02   1.20000E-01   6.18136E-01   5.10070E-05   6.64811E-05   0.00000E+00   2.41907E-03   1.00000E+00   0.00000E+00   1.93789E+00   6.68555E-17            16   7.31311E-10   3.14029E+00
        3327   3.99240E+02   1.20000E-01   6.18136E-01   5.10223E-05   6.66273E-05   0.00000E+00   2.40615E-03   1.00000E+00   0.00000E+00   1.93789E+00   6.54146E-17            16   7.32169E-10   3.14030E+00
        3328   3.99360E+02   1.20000E-01   6.18136E-01   5.10363E-05   6.67713E-05   0.00000E+00   2.39320E-03   1.00000E+00   0.00000E+00   1.93789E+00   6.39491E-17            16   7.32921E-10   3.14031E+00
        3329   3.99480E+02   1.20000E-01   6.18136E-01   5.10489E-05   6.69131E-05   0.00000E+00   2.38021E-03   1.00000E+00   0.00000E+00   1.93789E+00   6.27925E-17            16   7.34111E-10   3.14031E+00
        3330   3.99600E+02   1.20000E-01   6.18136E-01   5.10602E-05   6.70525E-05   0.00000E+00   2.36718E-03   1.00000E+00   0.00000E+00   1.93789E+00   6.22044E-17            16   7.34428E-10   3.14032E+00
        3331   3.99720E+02   1.20000E-01   6.18136E-01   5.10701E-05   6.71897E-05   0.00000E+00   2.35411E-03   1.00000E+00   0.00000E+00   1.93789E+00   6.11335E-17            16   7.36070E-10   3.14033E+00
        3332   3.99840E+02   1.20000E-01   6.18136E-01   5.10787E-05   6.73248E-05   0.00000E+00   2.34101E-03   1.00000E+00   0.00000E+00   1.93789E+00   6.01196E-17            16   7.36314E-10   3.14033E+00
        3333   3.99960E+02   1.20000E-01   6.18136E-01   5.10859E-05   6.74575E-05   0.00000E+00   2.32787E-03   1.00000E+00   0.00000E+00   1.93789E+00   5.97193E-17            16   7.37215E-10   3.14034E+00
        3334   4.00080E+02   1.20000E-01   6.18136E-01   5.10918E-05   6.75880E-05   0.00000E+00   2.31469E-03   1.00000E+00   0.00000E+00   1.93789E+00   5.85063E-17            16   7.37561E-10   3.14035E+00
        3335   4.00200E+02   1.20000E-01   6.18136E-01   5.10963E-05   6.77162E-05   0.00000E+00   2.30148E-03   1.00000E+00   0.00000E+00   1.93789E+00   5.62617E-17            16   7.38576E-10   3.14036E+00
        3336   4.00320E+02   1.20000E-01   6.18136E-01   5.10995E-05   6.78422E-05   0.00000E+00   2.28823E-03   1.00000E+00   0.00000E+00   1.93789E+00   5.57597E-17            16   7.39246E-10   3.14036E+00
        3337   4.00440E+02   1.20000E-01   6.18136E-01   5.11014E-05   6.79660E-05   0.00000E+00   2.27495E-03   1.00000E+00   0.00000E+00   1.93789E+00   5.38350E-17            16   7.39773E-10   3.14037E+00
        3338   4.00560E+02   1.20000E-01   6.18136E-01   5.11019E-05   6.80875E-05   0.00000E+00   2.26164E-03   1.00000E+00   0.00000E+00   1.93789E+00   5.29912E-17            16   7.40079E-10   3.14038E+00
        3339   4.00680E+02   1.20000E-01   6.18136E-01   5.11011E-05   6.82067E-05   0.00000E+00   2.24829E-03   1.00000E+00   0.00000E+00   1.93789E+00   5.17239E-17            16   7.40945E-10   3.14038E+00
        3340   4.00800E+02   1.20000E-01   6.18136E-01   5.10990E-05   6.83237E-05   0.00000E+00   2.23491E-03   1.00000E+00   0.00000E+00   1.93789E+00   5.04040E-17            16   7.42007E-10   3.14039E+00
        3341   4.00920E+02   1.20000E-01   6.18136E-01   5.10956E-05   6.84385E-05   0.00000E+00   2.22149E-03   1.00000E+00   0.00000E+00   1.93789E+00   4.97833E-17            16   7.42175E-10   3.14040E+00
        3342   4.01040E+02   1.20000E-01   6.18136E-01   5.10908E-05   6.85511E-05   0.00000E+00   2.20804E-03   1.00000E+00   0.00000E+00   1.93789E+00   4.88528E-17            16   7.43236E-10   3.14041E+00
        3343   4.01160E+02   1.20000E-01   6.18136E-01   5.10848E-05   6.86615E-05   0.00000E+00   2.19456E-03   1.00000E+00   0.00000E+00   1.93789E+00   4.76052E-17            16   7.43176E-10   3.14041E+00
        3344   4.01280E+02   1.20000E-01   6.18136E-01   5.10774E-05   6.87695E-05   0.00000E+00   2.18105E-03   1.00000E+00   0.00000E+00   1.93789E+00   4.75014E-17            16   7.44399E-10   3.14042E+00
        3345   4.01400E+02   1.20000E-01   6.18136E-01   5.10687E-05   6.88754E-05   0.00000E+00   2.16750E-03   1.00000E+00   0.00000E+00   1.93789E+00   4.75639E-17            16   7.44724E-10   3.14043E+00
        3346   4.01520E+02   1.20000E-01   6.18136E-01   5.10587E-05   6.89791E-05   0.00000E+00   2.15393E-03   1.00000E+00   0.00000E+00   1.93789E+00   4.50836E-17            16   7.45471E-10   3.14043E+00
        3347   4.01640E+02   1.20000E-01   6.18136E-01   5.10474E-05   6.90805E-05   0.00000E+00   2.14032E-03   1.00000E+00   0.00000E+00   1.93789E+00   4.44807E-17            16   7.45223E-10   3.14044E+00
        3348   4.01760E+02   1.20000E-01   6.18136E-01   5.10348E-05   6.91797E-05   0.00000E+00   2.12668E-03   1.00000E+00   0.00000E+00   1.93789E+00   4.31733E-17            16   7.45386E-10   3.14045E+00
        3349   4.01880E+02   1.20000E-01   6.18136E-01   5.10209E-05   6.92767E-05   0.00000E+00   2.11301E-03   1.00000E+00   0.00000E+00   1.93789E+00   4.17580E-17            16   7.45226E-10   3.14046E+00
        3350   4.02000E+02   1.20000E-01   6.18136E-01   5.10057E-05   6.93715E-05   0.00000E+00   2.09932E-03   1.00000E+00   0.00000E+00   1.93789E+00   4.21580E-17            16   7.45492E-10   3.14046E+00
        3351   4.02120E+02   1.20000E-01   6.18136E-01   5.09892E-05   6.94641E-05   0.00000E+00   2.08559E-03   1.00000E+00   0.00000E+00   1.93789E+00   3.99829E-17            16   7.45708E-10   3.14047E+00
        3352   4.02240E+02   1.20000E-01   6.18136E-01   5.09714E-05   6.95544E-05   0.00000E+00   2.07183E-03   1.00000E+00   0.00000E+00   1.93789E+00   4.05228E-17            16   7.46060E-10   3.14048E+00
        3353   4.02360E+02   1.20000E-01   6.18136E-01   5.09524E-05   6.96425E-05   0.00000E+00   2.05805E-03   1.00000E+00   0.00000E+00   1.93789E+00   3.94926E-17            16   7.45561E-10   3.14049E+00
        3354   4.02480E+02   1.20000E-01   6.18136E-01   5.09320E-05   6.97285E-05   0.00000E+00   2.04423E-03   1.00000E+00   0.00000E+00   1.93789E+00   3.97391E-17            16   7.45330E-10   3.14049E+00
        3355   4.02600E+02   1.20000E-01   6.18136E-01   5.09104E-05   6.98122E-05   0.00000E+00   2.03039E-03   1.00000E+00   0.00000E+00   1.93789E+00   3.78475E-17            16   7.44889E-10   3.14050E+00
        3356   4.02720E+02   1.20000E-01   6.18136E-01   5.08875E-05   6.98938E-05   0.00000E+00   2.01652E-03   1.00000E+00   0.00000E+00   1.93789E+00   3.81791E-17            16   7.44606E-10   3.14051E+00
        3357   4.02840E+02   1.20000E-01   6.18136E-01   5.08633E-05   6.99732E-05   0.00000E+00   2.00262E-03   1.00000E+00   0.00000E+00   1.93789E+00   3.66469E-17            16   7.43602E-10   3.14052E+00
        3358   4.02960E+02   1.20000E-01   6.18136E-01   5.08379E-05   7.00505E-05   0.00000E+00   1.98870E-03   1.00000E+00   0.00000E+00   1.93789E+00   3.65134E-17            16   7.43158E-10   3.14052E+00
        3359   4.03080E+02   1.20000E-01   6.18136E-01   5.08112E-05   7.01255E-05   0.00000E+00   1.97474E-03   1.00000E+00   0.00000E+00   1.93789E+00   3.53645E-17            16   7.41882E-10   3.14053E+00
        3360   4.03200E+02   1.20000E-01   6.18136E-01   5.07832E-05   7.01983E-05   0.00000E+00   1.96076E-03   1.00000E+00   0.00000E+00   1.93789E+00   3.45889E-17            16   7.41575E-10   3.14054E+00
        3361   4.03320E+02   1.20000E-01   6.18136E-01   5.07540E-05   7.02690E-05   0.00000E+00   1.94675E-03   1.00000E+00   0.00000E+00   1.93789E+00   3.36746E-17            16   7.39918E-10   3.14055E+00
        3362   4.03440E+02   1.20000E-01   6.18136E-01   5.07235E-05   7.03375E-05   0.00000E+00   1.93272E-03   1.00000E+00   0.00000E+00   1.93789E+00   3.30430E-17            16   7.39115E-10   3.14055E+00
        3363   4.03560E+02   1.20000E-01   6.18136E-01   5.06918E-05   7.04039E-05   0.00000E+00   1.91865E-03   1.00000E+00   0.00000E+00   1.93789E+00   3.27403E-17            16   7.36503E-10   3.14056E+00
        3364   4.03680E+02   1.20000E-01   6.18136E-01   5.06588E-05   7.04681E-05   0.00000E+00   1.90456E-03   1.00000E+00   0.00000E+00   1.93789E+00   3.14473E-17            16   7.35239E-10   3.14057E+00
        3365   4.03800E+02   1.20000E-01   6.18136E-01   5.06246E-05   7.05302E-05   0.00000E+00   1.89045E-03   1.00000E+00   0.00000E+00   1.93789E+00   3.11408E-17            16   7.32741E-10   3.14058E+00
        3366   4.03920E+02   1.20000E-01   6.18136E-01   5.05891E-05   7.05901E-05   0.00000E+00   1.87631E-03   1.00000E+00   0.00000E+00   1.93789E+00   2.97553E-17            16   7.30644E-10   3.14058E+00
        3367   4.04040E+02   1.20000E-01   6.18136E-01   5.05524E-05   7.06479E-05   0.00000E+00   1.86214E-03   1.00000E+00   0.00000E+00   1.93789E+00   2.89334E-17            16   7.28143E-10   3.14059E+00
        3368   4.04160E+02   1.20000E-01   6.18136E-01   5.05145E-05   7.07035E-05   0.00000E+00   1.84794E-03   1.00000E+00   0.00000E+00   1.93789E+00   2.79199E-17            16   7.25438E-10   3.14060E+00
        3369   4.04280E+02   1.20000E-01   6.18136E-01   5.04753E-05   7.07570E-05   0.00000E+00   1.83372E-03   1.00000E+00   0.00000E+00   1.93789E+00   2.71406E-17            16   7.22282E-10   3.14061E+00
        3370   4.04400E+02   1.20000E-01   6.18136E-01   5.04349E-05   7.08084E-05   0.00000E+00   1.81948E-03   1.00000E+00   0.00000E+00   1.93789E+00   2.59482E-17            16   7.18628E-10   3.14061E+00
        3371   4.04520E+02   1.20000E-01   6.18136E-01   5.03933E-05   7.08576E-05   0.00000E+00   1.80521E-03   1.00000E+00   0.00000E+00   1.93789E+00   2.54073E-17            16   7.14830E-10   3.14062E+00
        3372   4.04640E+02   1.20000E-01   6.18136E-01   5.03505E-05   7.09047E-05   0.00000E+00   1.79092E-03   1.00000E+00   0.00000E+00   1.93789E+00   2.50162E-17            16   7.11174E-10   3.14063E+00
        3373   4.04760E+02   1.20000E-01   6.18136E-01   5.03064E-05   7.09497E-05   0.00000E+00   1.77660E-03   1.00000E+00   0.00000E+00   1.93789E+00   2.38729E-17            16   7.05260E-10   3.14064E+00
        3374   4.04880E+02   1.20000E-01   6.18136E-01   5.02612E-05   7.09926E-05   0.00000E+00   1.76226E-03   1.00000E+00   0.00000E+00   1.93789E+00   2.36332E-17            16   7.00699E-10   3.14064E+00
        3375   4.05000E+02   1.20000E-01   6.18136E-01   5.02147E-05   7.10334E-05   0.00000E+00   1.74790E-03   1.00000E+00   0.00000E+00   1.93789E+00   2.28479E-17            16   6.94906E-10   3.14065E+00
        3376   4.05120E+02   1.20000E-01   6.18136E-01   5.01670E-05   7.10720E-05   0.00000E+00   1.73351E-03   1.00000E+00   0.00000E+00   1.93789E+00   2.27814E-17            16   6.89320E-10   3.14066E+00
        3377   4.05240E+02   1.20000E-01   6.18136E-01   5.01182E-05   7.11086E-05   0.00000E+00   1.71910E-03   1.00000E+00   0.00000E+00   1.93789E+00   2.23796E-17            16   6.82587E-10   3.14067E+00
        3378   4.05360E+02   1.20000E-01   6.18136E-01   5.00681E-05   7.11430E-05   0.00000E+00   1.70468E-03   1.00000E+00   0.00000E+00   1.93789E+00   2.21774E-17            16   6.75553E-10   3.14067E+00
        3379   4.05480E+02   1.20000E-01   6.18136E-01   5.00168E-05   7.11754E-05   0.00000E+00   1.69022E-03   1.00000E+00   0.00000E+00   1.93789E+00   2.19263E-17            16   6.68121E-10   3.14068E+00
        3380   4.05600E+02   1.20000E-01   6.18136E-01   4.99644E-05   7.12057E-05   0.00000E+00   1.67575E-03   1.00000E+00   0.00000E+00   1.93789E+00   2.19130E-17            16   6.60371E-10   3.14069E+00
        3381   4.05720E+02   1.20000E-01   6.18136E-01   4.99108E-05   7.12338E-05   0.00000E+00   1.66126E-03   1.00000E+00   0.00000E+00   1.93789E+00   2.12989E-17            16   6.51733E-10   3.14070E+00
        3382   4.05840E+02   1.20000E-01   6.18136E-01   4.98560E-05   7.12599E-05   0.00000E+00   1.64674E-03   1.00000E+00   0.00000E+00   1.93789E+00   2.13066E-17            16   6.42406E-10   3.14070E+00
        3383   4.05960E+02   1.20000E-01   6.18136E-01   4.98000E-05   7.12839E-05   0.00000E+00   1.63221E-03   1.00000E+00   0.00000E+00   1.93789E+00   2.06491E-17            16   6.33754E-10   3.14071E+00
        3384   4.06080E+02   1.20000E-01   6.18136E-01   4.97428E-05   7.13059E-05   0.00000E+00   1.61765E-03   1.00000E+00   0.00000E+00   1.93789E+00   2.02742E-17            16   6.21371E-10   3.14072E+00
        3385   4.06200E+02   1.20000E-01   6.18136E-01   4.96845E-05   7.13257E-05   0.00000E+00   1.60308E-03   1.00000E+00   0.00000E+00   1.93789E+00   2.01750E-17            16   6.07209E-10   3.14073E+00
        3386   4.06320E+02   1.20000E-01   6.18136E-01   4.96250E-05   7.13436E-05   0.00000E+00   1.58848E-03   1.00000E+00   0.00000E+00   1.93789E+00   2.10387E-17            16   5.93943E-10   3.14074E+00
        3387   4.06440E+02   1.20000E-01   6.18136E-01   4.95643E-05   7.13594E-05   0.00000E+00   1.57386E-03   1.00000E+00   0.00000E+00   1.93789E+00   2.00684E-17            16   5.77493E-10   3.14074E+00
        3388   4.06560E+02   1.20000E-01   6.18136E-01   4.95025E-05   7.13731E-05   0.00000E+00   1.55922E-03   1.00000E+00   0.00000E+00   1.93789E+00   2.05880E-17            16   5.60323E-10   3.14075E+00
        3389   4.06680E+02   1.20000E-01   6.18136E-01   4.94395E-05   7.13849E-05   0.00000E+00   1.54457E-03   1.00000E+00   0.00000E+00   1.93789E+00   2.01633E-17            16   5.43329E-10   3.14076E+00
        3390   4.06800E+02   1.20000E-01   6.18136E-01   4.93754E-05   7.13946E-05   0.00000E+00   1.52989E-03   1.00000E+00   0.00000E+00   1.93789E+00   2.04857E-17            16   5.21770E-10   3.14077E+00
        3391   4.06920E+02   1.20000E-01   6.18136E-01   4.93101E-05   7.14024E-05   0.00000E+00   1.51520E-03   1.00000E+00   0.00000E+00   1.93789E+00   1.94934E-17            16   4.98271E-10   3.14077E+00
        3392   4.07040E+02   1.20000E-01   6.18136E-01   4.92437E-05   7.14081E-05   0.00000E+00   1.50048E-03   1.00000E+00   0.00000E+00   1.93789E+00   1.95772E-17            16   4.62137E-10   3.14078E+00
        3393   4.07160E+02   1.20000E-01   6.18136E-01   4.91762E-05   7.14119E-05   0.00000E+00   1.48576E-03   1.00000E+00   0.00000E+00   1.93789E+00   1.64002E-17            16   3.69640E-10   3.14079E+00
        3394   4.07280E+02   1.20000E-01   6.18136E-01   4.91075E-05   7.14137E-05   0.00000E+00   1.47101E-03   1.00000E+00   0.00000E+00   1.93789E+00   1.81561E-17            16   3.94322E-10   3.14080E+00
        3395   4.07400E+02   1.20000E-01   6.18136E-01   4.90377E-05   7.14134E-05   0.00000E+00   1.45624E-03   1.00000E+00   0.00000E+00   1.93789E+00   1.85515E-17            16   4.14263E-10   3.14081E+00
        3396   4.07520E+02   1.20000E-01   6.18136E-01   4.89668E-05   7.14113E-05   0.00000E+00   1.44146E-03   1.00000E+00   0.00000E+00   1.93789E+00   1.88630E-17            16   3.90204E-10   3.14081E+00
        3397   4.07640E+02   1.20000E-01   6.18136E-01   4.88947E-05   7.14071E-05   0.00000E+00   1.42666E-03   1.00000E+00   0.00000E+00   1.93789E+00   1.93394E-17            16   3.74509E-10   3.14082E+00
        3398   4.07760E+02   1.20000E-01   6.18136E-01   4.88216E-05   7.14010E-05   0.00000E+00   1.41183E-03   1.00000E+00   0.00000E+00   1.93789E+00   2.01669E-17            16   3.62334E-10   3.14083E+00
        3399   4.07880E+02   1.20000E-01   6.18136E-01   4.87473E-05   7.13929E-05   0.00000E+00   1.39700E-03   1.00000E+00   0.00000E+00   1.93789E+00   1.98978E-17            16   3.64737E-10   3.14084E+00
        3400   4.08000E+02   1.20000E-01   6.18136E-01   4.86719E-05   7.13829E-05   0.00000E+00   1.38214E-03   1.00000E+00   0.00000E+00   1.93789E+00   1.96684E-17            16   3.81743E-10   3.14084E+00
        3401   4.08120E+02   1.20000E-01   6.18136E-01   4.85955E-05   7.13710E-05   0.00000E+00   1.36727E-03   1.00000E+00   0.00000E+00   1.93789E+00   1.83365E-17            16   3.97691E-10   3.14085E+00
        3402   4.08240E+02   1.20000E-01   6.18136E-01   4.85365E-05   7.13571E-05   0.00000E+00   1.35237E-03   1.00000E+00   0.00000E+00   1.93789E+00   1.98322E-17            16   4.24492E-10   3.14086E+00
        3403   4.08360E+02   1.20000E-01   6.18136E-01   4.84763E-05   7.13413E-05   0.00000E+00   1.33746E-03   1.00000E+00   0.00000E+00   1.93789E+00   1.99044E-17            16   4.48587E-10   3.14087E+00
        3404   4.08480E+02   1.20000E-01   6.18136E-01   4.84150E-05   7.13235E-05   0.00000E+00   1.32253E-03   1.00000E+00   0.00000E+00   1.93789E+00   2.21237E-17            16   4.67455E-10   3.14087E+00
        3405   4.08600E+02   1.20000E-01   6.18136E-01   4.83526E-05   7.13039E-05   0.00000E+00   1.30760E-03   1.00000E+00   0.00000E+00   1.93789E+00   2.25742E-17            16   4.86200E-10   3.14088E+00
        3406   4.08720E+02   1.20000E-01   6.18136E-01   4.82891E-05   7.12823E-05   0.00000E+00   1.29264E-03   1.00000E+00   0.00000E+00   1.93789E+00   1.43628E-17            16   2.61095E-10   3.14089E+00
        3407   4.08840E+02   1.20000E-01   6.18136E-01   4.82244E-05   7.12588E-05   0.00000E+00   1.27766E-03   1.00000E+00   0.00000E+00   1.93789E+00   2.55660E-17            16   5.08780E-10   3.14090E+00
        3408   4.08960E+02   1.20000E-01   6.18136E-01   4.81586E-05   7.12335E-05   0.00000E+00   1.26267E-03   1.00000E+00   0.00000E+00   1.93789E+00   2.65557E-17            16   5.20959E-10   3.14091E+00
        3409   4.09080E+02   1.20000E-01   6.18136E-01   4.80917E-05   7.12088E-05   0.00000E+00   1.24767E-03   1.00000E+00   0.00000E+00   1.93789E+00   2.72106E-17            16   5.28517E-10   3.14091E+00
        3410   4.09200E+02   1.20000E-01   6.18136E-01   4.80238E-05   7.11842E-05   0.00000E+00   1.23265E-03   1.00000E+00   0.00000E+00   1.93789E+00   2.86618E-17            16   5.36263E-10   3.14092E+00
        3411   4.09320E+02   1.20000E-01   6.18136E-01   4.79547E-05   7.11576E-05   0.00000E+00   1.21761E-03   1.00000E+00   0.00000E+00   1.93789E+00   2.92791E-17            16   5.42847E-10   3.14093E+00
        3412   4.09440E+02   1.20000E-01   6.18136E-01   4.78845E-05   7.11292E-05   0.00000E+00   1.20255E-03   1.00000E+00   0.00000E+00   1.93789E+00   3.07325E-17            16   5.49490E-10   3.14094E+00
        3413   4.09560E+02   1.20000E-01   6.18136E-01   4.78132E-05   7.10989E-05   0.00000E+00   1.18748E-03   1.00000E+00   0.00000E+00   1.93789E+00   3.11772E-17            16   5.55517E-10   3.14094E+00
        3414   4.09680E+02   1.20000E-01   6.18136E-01   4.77408E-05   7.10667E-05   0.00000E+00   1.17240E-03   1.00000E+00   0.00000E+00   1.93789E+00   3.26453E-17            16   5.61379E-10   3.14095E+00
        3415   4.09800E+02   1.20000E-01   6.18136E-01   4.76674E-05   7.10326E-05   0.00000E+00   1.15729E-03   1.00000E+00   0.00000E+00   1.93789E+00   3.27433E-17            16   5.67057E-10   3.14096E+00
        3416   4.09920E+02   1.20000E-01   6.18136E-01   4.75928E-05   7.09967E-05   0.00000E+00   1.14218E-03   1.00000E+00   0.00000E+00   1.93789E+00   3.41865E-17            16   5.73054E-10   3.14097E+00
        3417   4.10040E+02   1.20000E-01   6.18136E-01   4.75172E-05   7.09590E-05   0.00000E+00   1.12705E-03   1.00000E+00   0.00000E+00   1.93789E+00   3.42315E-17            16   5.78167E-10   3.14098E+00
        3418   4.10160E+02   1.20000E-01   6.18136E-01   4.74405E-05   7.09194E-05   0.00000E+00   1.11190E-03   1.00000E+00   0.00000E+00   1.93789E+00   3.55320E-17            16   5.84244E-10   3.14098E+00
        3419   4.10280E+02   1.20000E-01   6.18136E-01   4.73628E-05   7.08780E-05   0.00000E+00   1.09674E-03   1.00000E+00   0.00000E+00   1.93789E+00   3.54273E-17            16   5.89110E-10   3.14099E+00
        3420   4.10400E+02   1.20000E-01   6.18136E-01   4.72840E-05   7.08348E-05   0.00000E+00   1.08156E-03   1.00000E+00   0.00000E+00   1.93789E+00   3.63670E-17            16   5.94768E-10   3.14100E+00
        3421   4.10520E+02   1.20000E-01   6.18136E-01   4.72041E-05   7.07897E-05   0.00000E+00   1.06637E-03   1.00000E+00   0.00000E+00   1.93789E+00   3.70626E-17            16   6.00227E-10   3.14101E+00
        3422   4.10640E+02   1.20000E-01   6.18136E-01   4.71232E-05   7.07429E-05   0.00000E+00   1.05115E-03   1.00000E+00   0.00000E+00   1.93789E+00   3.76167E-17            16   6.05521E-10   3.14101E+00
        3423   4.10760E+02   1.20000E-01   6.18136E-01   4.70412E-05   7.06942E-05   0.00000E+00   1.03593E-03   1.00000E+00   0.00000E+00   1.93789E+00   3.81656E-17            16   6.10652E-10   3.14102E+00
        3424   4.10880E+02   1.20000E-01   6.18136E-01   4.69581E-05   7.06438E-05   0.00000E+00   1.02068E-03   1.00000E+00   0.00000E+00   1.93789E+00   3.86096E-17            16   6.15784E-10   3.14103E+00
        3425   4.11000E+02   1.20000E-01   6.18136E-01   4.68741E-05   7.05916E-05   0.00000E+00   1.00543E-03   1.00000E+00   0.00000E+00   1.93789E+00   3.91048E-17            16   6.20723E-10   3.14104E+00
        3426   4.11120E+02   1.20000E-01   6.18136E-01   4.67890E-05   7.05377E-05   0.00000E+00   9.90152E-04   1.00000E+00   0.00000E+00   1.93789E+00   3.95008E-17            16   6.25531E-10   3.14105E+00
        3427   4.11240E+02   1.20000E-01   6.18136E-01   4.67028E-05   7.04820E-05   0.00000E+00   9.74860E-04   1.00000E+00   0.00000E+00   1.93789E+00   3.98620E-17            16   6.30230E-10   3.14105E+00
        3428   4.11360E+02   1.20000E-01   6.18136E-01   4.66157E-05   7.04245E-05   0.00000E+00   9.59552E-04   1.00000E+00   0.00000E+00   1.93789E+00   4.02584E-17            16   6.34738E-10   3.14106E+00
        3429   4.11480E+02   1.20000E-01   6.18136E-01   4.65275E-05   7.03653E-05   0.00000E+00   9.44228E-04   1.00000E+00   0.00000E+00   1.93789E+00   4.04428E-17            16   6.39164E-10   3.14107E+00
        3430   4.11600E+02   1.20000E-01   6.18136E-01   4.64383E-05   7.03044E-05   0.00000E+00   9.28885E-04   1.00000E+00   0.00000E+00   1.93789E+00   4.08347E-17            16   6.43477E-10   3.14108E+00
        3431   4.11720E+02   1.20000E-01   6.18136E-01   4.63480E-05   7.02417E-05   0.00000E+00   9.13523E-04   1.00000E+00   0.00000E+00   1.93789E+00   4.11438E-17            16   6.47515E-10   3.14108E+00
        3432   4.11840E+02   1.20000E-01   6.18136E-01   4.62568E-05   7.01774E-05   0.00000E+00   8.98140E-04   1.00000E+00   0.00000E+00   1.93789E+00   4.14623E-17            16   6.51498E-10   3.14109E+00
        3433   4.11960E+02   1.20000E-01   6.18136E-01   4.61646E-05   7.01114E-05   0.00000E+00   8.82741E-04   1.00000E+00   0.00000E+00   1.93789E+00   4.17950E-17            16   6.55469E-10   3.14110E+00
        3434   4.12080E+02   1.20000E-01   6.18136E-01   4.60713E-05   7.00436E-05   0.00000E+00   8.67323E-04   1.00000E+00   0.00000E+00   1.93789E+00   4.22205E-17            16   6.58740E-10   3.14111E+00
        3435   4.12200E+02   1.20000E-01   6.18136E-01   4.59771E-05   6.99742E-05   0.00000E+00   8.51885E-04   1.00000E+00   0.00000E+00   1.93789E+00   4.23504E-17            16   6.62625E-10   3.14112E+00
        3436   4.12320E+02   1.20000E-01   6.18136E-01   4.58818E-05   6.99032E-05   0.00000E+00   8.36424E-04   1.00000E+00   0.00000E+00   1.93789E+00   4.29799E-17            16   6.65879E-10   3.14112E+00
        3437   4.12440E+02   1.20000E-01   6.18136E-01   4.57856E-05   6.98304E-05   0.00000E+00   8.20945E-04   1.00000E+00   0.00000E+00   1.93789E+00   4.32729E-17            16   6.68665E-10   3.14113E+00
        3438   4.12560E+02   1.20000E-01   6.18136E-01   4.56884E-05   6.97560E-05   0.00000E+00   8.05442E-04   1.00000E+00   0.00000E+00   1.93789E+00   4.39009E-17            16   6.72078E-10   3.14114E+00
        3439   4.12680E+02   1.20000E-01   6.18136E-01   4.55902E-05   6.96800E-05   0.00000E+00   7.89917E-04   1.00000E+00   0.00000E+00   1.93789E+00   4.46350E-17            16   6.74832E-10   3.14115E+00
        3440   4.12800E+02   1.20000E-01   6.18136E-01   4.54910E-05   6.96024E-05   0.00000E+00   7.74369E-04   1.00000E+00   0.00000E+00   1.93789E+00   4.51122E-17            16   6.77008E-10   3.14115E+00
        3441   4.12920E+02   1.20000E-01   6.18136E-01   4.53909E-05   6.95231E-05   0.00000E+00   7.58799E-04   1.00000E+00   0.00000E+00   1.93789E+00   4.58147E-17            16   6.80194E-10   3.14116E+00
        3442   4.13040E+02   1.20000E-01   6.18136E-01   4.52898E-05   6.94423E-05   0.00000E+00   7.43203E-04   1.00000E+00   0.00000E+00   1.93789E+00   4.63478E-17            16   6.81991E-10   3.14117E+00
        3443   4.13160E+02   1.20000E-01   6.18136E-01   4.51877E-05   6.93598E-05   0.00000E+00   7.27588E-04   1.00000E+00   0.00000E+00   1.93789E+00   4.71407E-17            16   6.84711E-10   3.14118E+00
        3444   4.13280E+02   1.20000E-01   6.18136E-01   4.50847E-05   6.92758E-05   0.00000E+00   7.11947E-04   1.00000E+00   0.00000E+00   1.93789E+00   4.76251E-17            16   6.86171E-10   3.14118E+00
        3445   4.13400E+02   1.20000E-01   6.18136E-01   4.49807E-05   6.91901E-05   0.00000E+00   6.96274E-04   1.00000E+00   0.00000E+00   1.93789E+00   4.89335E-17            16   6.88577E-10   3.14119E+00
        3446   4.13520E+02   1.20000E-01   6.18136E-01   4.48757E-05   6.91029E-05   0.00000E+00   6.80589E-04   1.00000E+00   0.00000E+00   1.93789E+00   4.97183E-17            16   6.89851E-10   3.14120E+00
        3447   4.13640E+02   1.20000E-01   6.18136E-01   4.47699E-05   6.90142E-05   0.00000E+00   6.64859E-04   1.00000E+00   0.00000E+00   1.93789E+00   5.08863E-17            16   6.92019E-10   3.14121E+00
        3448   4.13760E+02   1.20000E-01   6.18136E-01   4.46630E-05   6.89239E-05   0.00000E+00   6.49098E-04   1.00000E+00   0.00000E+00   1.93789E+00   5.17714E-17            16   6.92820E-10   3.14122E+00
        3449   4.13880E+02   1.20000E-01   6.18136E-01   4.45553E-05   6.88321E-05   0.00000E+00   6.33302E-04   1.00000E+00   0.00000E+00   1.93789E+00   5.31775E-17            16   6.94936E-10   3.14122E+00
        3450   4.14000E+02   1.20000E-01   6.18136E-01   4.44466E-05   6.87389E-05   0.00000E+00   6.17001E-04   1.00000E+00   0.00000E+00   1.93789E+00   8.59798E-16            15   9.74397E-10   3.14123E+00
        3451   4.14120E+02   1.20000E-01   6.18136E-01   4.43378E-05   6.86444E-05   0.00000E+00   6.00146E-04   1.00000E+00   0.00000E+00   1.93789E+00   2.58079E-16            16   4.68153E-10   3.14124E+00
        3452   4.14240E+02   1.20000E-01   6.18136E-01   4.42280E-05   6.85483E-05   0.00000E+00   5.84858E-04   1.00000E+00   0.00000E+00   1.93789E+00   1.10524E-16            16   5.38303E-10   3.14125E+00
        3453   4.14360E+02   1.20000E-01   6.18136E-01   4.41410E-05   6.84510E-05   0.00000E+00   5.67709E-04   1.00000E+00   0.00000E+00   1.93789E+00   4.05492E-16            16   4.16817E-10   3.14125E+00
        3454   4.14480E+02   1.20000E-01   6.18136E-01   4.40549E-05   6.83515E-05   0.00000E+00   5.54531E-04   1.00000E+00   0.00000E+00   1.93789E+00   1.54371E-15            15   9.59649E-10   3.14126E+00
        3455   4.14600E+02   1.20000E-01   6.18136E-01   4.39679E-05   6.82509E-05   0.00000E+00   5.36978E-04   1.00000E+00   0.00000E+00   1.93789E+00   2.75351E-16            16   3.54928E-10   3.14127E+00
        3456   4.14720E+02   1.20000E-01   6.18136E-01   4.38801E-05   6.81485E-05   0.00000E+00   5.22050E-04   1.00000E+00   0.00000E+00   1.93789E+00   1.02063E-15            15   9.11102E-10   3.14128E+00
        3457   4.14840E+02   1.20000E-01   6.18136E-01   4.37912E-05   6.80449E-05   0.00000E+00   5.05198E-04   1.00000E+00   0.00000E+00   1.93789E+00   3.16357E-16            16   4.04893E-10   3.14128E+00
        3458   4.14960E+02   1.20000E-01   6.18136E-01   4.37014E-05   6.79398E-05   0.00000E+00   4.89273E-04   1.00000E+00   0.00000E+00   1.93789E+00   4.10330E-16            16   4.26256E-10   3.14129E+00
        3459   4.15080E+02   1.20000E-01   6.18136E-01   4.36106E-05   6.78333E-05   0.00000E+00   4.72973E-04   1.00000E+00   0.00000E+00   1.93789E+00   2.14928E-16            16   3.36131E-10   3.14130E+00
        3460   4.15200E+02   1.20000E-01   6.18136E-01   4.35190E-05   6.77253E-05   0.00000E+00   4.56767E-04   1.00000E+00   0.00000E+00   1.93789E+00   4.18394E-16            16   4.34997E-10   3.14131E+00
        3461   4.15320E+02   1.20000E-01   6.18136E-01   4.34265E-05   6.76161E-05   0.00000E+00   4.39888E-04   1.00000E+00   0.00000E+00   1.93789E+00   3.15104E-16            16   3.44205E-10   3.14131E+00
        3462   4.15440E+02   1.20000E-01   6.18136E-01   4.33329E-05   6.75053E-05   0.00000E+00   4.24061E-04   1.00000E+00   0.00000E+00   1.93789E+00   2.46439E-16            16   3.13618E-10   3.14132E+00
        3463   4.15560E+02   1.20000E-01   6.18136E-01   4.32384E-05   6.73933E-05   0.00000E+00   4.07088E-04   1.00000E+00   0.00000E+00   1.93789E+00   2.94618E-16            16   2.88402E-10   3.14133E+00
        3464   4.15680E+02   1.20000E-01   6.18136E-01   4.31431E-05   6.72799E-05   0.00000E+00   3.90617E-04   1.00000E+00   0.00000E+00   1.93789E+00   1.18484E-15            15   8.03619E-10   3.14134E+00
        3465   4.15800E+02   1.20000E-01   6.18136E-01   4.30468E-05   6.71649E-05   0.00000E+00   3.74409E-04   1.00000E+00   0.00000E+00   1.93789E+00   3.91472E-16            16   4.75455E-10   3.14134E+00
        3466   4.15920E+02   1.20000E-01   6.18136E-01   4.29496E-05   6.70489E-05   0.00000E+00   3.57070E-04   1.00000E+00   0.00000E+00   1.93789E+00   3.08346E-16            16   3.02591E-10   3.14135E+00
        3467   4.16040E+02   1.20000E-01   6.18136E-01   4.28515E-05   6.69316E-05   0.00000E+00   3.39762E-04   1.00000E+00   0.00000E+00   1.93789E+00   3.79277E-16            16   3.91749E-10   3.14136E+00
        3468   4.16160E+02   1.20000E-01   6.18136E-01   4.27525E-05   6.68127E-05   0.00000E+00   3.23474E-04   1.00000E+00   0.00000E+00   1.93789E+00   3.84153E-16            16   2.75198E-10   3.14137E+00
        3469   4.16280E+02   1.20000E-01   6.18136E-01   4.26526E-05   6.66926E-05   0.00000E+00   3.06597E-04   1.00000E+00   0.00000E+00   1.93789E+00   1.52293E-15            15   8.28690E-10   3.14137E+00
        3470   4.16400E+02   1.20000E-01   6.18136E-01   4.25519E-05   6.65713E-05   0.00000E+00   2.88688E-04   1.00000E+00   0.00000E+00   1.93789E+00   3.28366E-16            16   5.73829E-10   3.14138E+00
        3471   4.16520E+02   1.20000E-01   6.18136E-01   4.24502E-05   6.64488E-05   0.00000E+00   2.71229E-04   1.00000E+00   0.00000E+00   1.93789E+00   3.31282E-16            16   3.19874E-10   3.14139E+00
        3472   4.16640E+02   1.20000E-01   6.18136E-01   4.23477E-05   6.63247E-05   0.00000E+00   2.54857E-04   1.00000E+00   0.00000E+00   1.93789E+00   3.01688E-16            16   3.34313E-10   3.14140E+00
        3473   4.16760E+02   1.20000E-01   6.18136E-01   4.22443E-05   6.61991E-05   0.00000E+00   2.38107E-04   1.00000E+00   0.00000E+00   1.93789E+00   2.60801E-16            16   3.38643E-10   3.14140E+00
        3474   4.16880E+02   1.20000E-01   6.18136E-01   4.21400E-05   6.60724E-05   0.00000E+00   2.20153E-04   1.00000E+00   0.00000E+00   1.93789E+00   2.41755E-16            16   5.30290E-10   3.14141E+00
        3475   4.17000E+02   1.20000E-01   6.18136E-01   4.20348E-05   6.59445E-05   0.00000E+00   2.01921E-04   1.00000E+00   0.00000E+00   1.93789E+00   2.44284E-16            16   5.08640E-10   3.14142E+00
        3476   4.17120E+02   1.20000E-01   6.18136E-01   4.19288E-05   6.58153E-05   0.00000E+00   1.83732E-04   1.00000E+00   0.00000E+00   1.93789E+00   1.29985E-16            16   6.44902E-10   3.14143E+00
        3477   4.17240E+02   1.20000E-01   6.18136E-01   4.18219E-05   6.56850E-05   0.00000E+00   1.65500E-04   1.00000E+00   0.00000E+00   1.93789E+00   1.09615E-16            16   6.63513E-10   3.14143E+00
        3478   4.17360E+02   1.20000E-01   6.18136E-01   4.17141E-05   6.55533E-05   0.00000E+00   1.47306E-04   1.00000E+00   0.00000E+00   1.93789E+00   1.47408E-16            16   5.68036E-10   3.14144E+00
        3479   4.17480E+02   1.20000E-01   6.18136E-01   4.16055E-05   6.54206E-05   0.00000E+00   1.28305E-04   1.00000E+00   0.00000E+00   1.93789E+00   2.07953E-16            16   5.26379E-10   3.14145E+00
        3480   4.17600E+02   1.20000E-01   6.18136E-01   4.14959E-05   6.52864E-05   0.00000E+00   1.33660E-04   1.00000E+00   0.00000E+00   1.93789E+00   3.44196E-16            16   4.97968E-10   3.14145E+00
        3481   4.17720E+02   1.20000E-01   6.18136E-01   4.13857E-05   6.51514E-05   0.00000E+00   1.45415E-04   1.00000E+00   0.00000E+00   1.93789E+00   3.46924E-16            16   6.21923E-10   3.14146E+00
        3482   4.17840E+02   1.20000E-01   6.18136E-01   4.12743E-05   6.50148E-05   0.00000E+00   1.54481E-04   1.00000E+00   0.00000E+00   1.93789E+00   6.88323E-16            16   5.60371E-10   3.14147E+00
        3483   4.17960E+02   1.20000E-01   6.18136E-01   4.11623E-05   6.48779E-05   0.00000E+00   1.67464E-04   1.00000E+00   0.00000E+00   1.93789E+00   4.75969E-16            16   6.16517E-10   3.14148E+00
        3484   4.18080E+02   1.20000E-01   6.18136E-01   4.10494E-05   6.47390E-05   0.00000E+00   1.75437E-04   1.00000E+00   0.00000E+00   1.93789E+00   8.68528E-16            16   5.67348E-10   3.14148E+00
        3485   4.18200E+02   1.20000E-01   6.18136E-01   4.09355E-05   6.46001E-05   0.00000E+00   2.15489E-04   1.00000E+00   0.00000E+00   1.93789E+00   9.30272E-16            16   5.62312E-10   3.14149E+00
        3486   4.18320E+02   1.20000E-01   6.18136E-01   4.08210E-05   6.44590E-05   0.00000E+00   2.40802E-04   1.00000E+00   0.00000E+00   1.93789E+00   1.57755E-15            16   6.51725E-10   3.14150E+00
        3487   4.18440E+02   1.20000E-01   6.18136E-01   4.07054E-05   6.43177E-05   0.00000E+00   2.24739E-04   1.00000E+00   0.00000E+00   1.93789E+00   1.13744E-15            16   7.70303E-10   3.14151E+00
        3488   4.18560E+02   1.20000E-01   6.18136E-01   4.05890E-05   6.41733E-05   0.00000E+00   2.60513E-04   1.00000E+00   0.00000E+00   1.93789E+00   1.31985E-15            16   7.03842E-10   3.14151E+00
        3489   4.18680E+02   1.20000E-01   6.18136E-01   4.04717E-05   6.40302E-05   0.00000E+00   2.60015E-04   1.00000E+00   0.00000E+00   1.93789E+00   9.14456E-16            16   7.06028E-10   3.14152E+00
        3490   4.18800E+02   1.20000E-01   6.18136E-01   4.03536E-05   6.38846E-05   0.00000E+00   2.93913E-04   1.00000E+00   0.00000E+00   1.93789E+00   1.24195E-15            16   9.61689E-10   3.14153E+00
        3491   4.18920E+02   1.20000E-01   6.18136E-01   4.02350E-05   6.37392E-05   0.00000E+00   2.97089E-04   1.00000E+00   0.00000E+00   1.93789E+00   1.81259E-15            16   6.45258E-10   3.14153E+00
        3492   4.19040E+02   1.20000E-01   6.18136E-01   4.01155E-05   6.35907E-05   0.00000E+00   2.59694E-04   1.00000E+00   0.00000E+00   1.93789E+00   1.88600E-15            16   4.73355E-10   3.14154E+00
        3493   4.19160E+02   1.20000E-01   6.18136E-01   3.99967E-05   6.34896E-05   0.00000E+00   2.55631E-04   1.00000E+00   0.00000E+00   1.93789E+00   2.31586E-15            16   5.42072E-10   3.14155E+00
        3494   4.19280E+02   1.20000E-01   6.18136E-01   3.98911E-05   6.33620E-05   0.00000E+00   2.51379E-04   1.00000E+00   0.00000E+00   1.93789E+00   1.83263E-15            16   5.10985E-10   3.14160E+00
        3495   4.19400E+02   1.20000E-01   6.18136E-01   3.97883E-05   6.32321E-05   0.00000E+00   4.00331E-04   1.00000E+00   0.00000E+00   1.93789E+00   2.29538E-15            16   7.79386E-10   3.14160E+00
        3496   4.19520E+02   1.20000E-01   6.18136E-01   3.96869E-05   6.30953E-05   0.00000E+00   3.75385E-04   1.00000E+00   0.00000E+00   1.93789E+00   1.40114E-15            16   4.99824E-10   3.14160E+00
        3497   4.19640E+02   1.20000E-01   6.18136E-01   3.95850E-05   6.29467E-05   0.00000E+00   3.57035E-04   1.00000E+00   0.00000E+00   1.93789E+00   3.40321E-15            16   7.21273E-10   3.14160E+00
        3498   4.19760E+02   1.20000E-01   6.18136E-01   3.94720E-05   6.27937E-05   0.00000E+00   7.32774E-04   1.00000E+00   0.00000E+00   1.93789E+00   3.57446E-15            16   6.60926E-10   3.14160E+00
        3499   4.19880E+02   1.20000E-01   6.18136E-01   3.93672E-05   6.26413E-05   0.00000E+00   4.23449E-04   1.00000E+00   0.00000E+00   1.93789E+00   2.94324E-15            16   8.13331E-10   3.14160E+00
        3500   4.20000E+02   1.20000E-01   6.18136E-01   3.92598E-05   6.24862E-05   0.00000E+00   4.42330E-04   1.00000E+00   0.00000E+00   1.93789E+00   1.28710E-15            16   7.06887E-10   3.14160E+00
        3501   4.20120E+02   1.20000E-01   6.18136E-01   3.91518E-05   6.23289E-05   0.00000E+00   4.63430E-04   1.00000E+00   0.00000E+00   1.93789E+00   1.14985E-15            16   7.07558E-10   3.14161E+00
        3502   4.20240E+02   1.20000E-01   6.18136E-01   3.90436E-05   6.21795E-05   0.00000E+00   4.69190E-04   1.00000E+00   0.00000E+00   1.93789E+00   8.06147E-16            16   6.73690E-10   3.14161E+00
        3503   4.20360E+02   1.20000E-01   6.18136E-01   3.89349E-05   6.20296E-05   0.00000E+00   1.48201E-03   1.00000E+00   0.00000E+00   1.93789E+00   6.39913E-15            15   4.72101E-10   3.14162E+00
        3504   4.20480E+02   1.20000E-01   6.18136E-01   3.88251E-05   6.18794E-05   0.00000E+00   4.67310E-04   1.00000E+00   0.00000E+00   1.93789E+00   6.43844E-15            15   7.97341E-10   3.14163E+00
        3505   4.20600E+02   1.20000E-01   6.18136E-01   3.87147E-05   6.17270E-05   0.00000E+00   4.63380E-04   1.00000E+00   0.00000E+00   1.93789E+00   2.82094E-15            15   5.45216E-10   3.14163E+00
        3506   4.20720E+02   1.20000E-01   6.18136E-01   3.86033E-05   6.15715E-05   0.00000E+00   4.65371E-04   1.00000E+00   0.00000E+00   1.93789E+00   2.83972E-15            15   6.92650E-10   3.14164E+00
        3507   4.20840E+02   1.20000E-01   6.18136E-01   3.84914E-05   6.14140E-05   0.00000E+00   4.67833E-04   1.00000E+00   0.00000E+00   1.93789E+00   2.03025E-15            15   7.52315E-10   3.14165E+00
        3508   4.20960E+02   1.20000E-01   6.18136E-01   3.83787E-05   6.12555E-05   0.00000E+00   4.73178E-04   1.00000E+00   0.00000E+00   1.93789E+00   1.48677E-15            15   8.33328E-10   3.14165E+00
        3509   4.21080E+02   1.20000E-01   6.18136E-01   3.82654E-05   6.10944E-05   0.00000E+00   4.83786E-04   1.00000E+00   0.00000E+00   1.93789E+00   4.36992E-16            16   4.28465E-10   3.14166E+00
        3510   4.21200E+02   1.20000E-01   6.18136E-01   3.81514E-05   6.09319E-05   0.00000E+00   4.89912E-04   1.00000E+00   0.00000E+00   1.93789E+00   3.49220E-16            16   3.86412E-10   3.14167E+00
        3511   4.21320E+02   1.20000E-01   6.18136E-01   3.80367E-05   6.07670E-05   0.00000E+00   4.99613E-04   1.00000E+00   0.00000E+00   1.93789E+00   3.93246E-16            16   5.62843E-10   3.14168E+00
        3512   4.21440E+02   1.20000E-01   6.18136E-01   3.79213E-05   6.06006E-05   0.00000E+00   5.08521E-04   1.00000E+00   0.00000E+00   1.93789E+00   4.42171E-16            16   5.26541E-10   3.14168E+00
        3513   4.21560E+02   1.20000E-01   6.18136E-01   3.78054E-05   6.04334E-05   0.00000E+00   5.19742E-04   1.00000E+00   0.00000E+00   1.93789E+00   6.43932E-16            16   3.65534E-10   3.14169E+00
        3514   4.21680E+02   1.20000E-01   6.18136E-01   3.76888E-05   6.02655E-05   0.00000E+00   5.31307E-04   1.00000E+00   0.00000E+00   1.93789E+00   4.41204E-16            16   2.85250E-10   3.14170E+00
        3515   4.21800E+02   1.20000E-01   6.18136E-01   3.75716E-05   6.00970E-05   0.00000E+00   5.41331E-04   1.00000E+00   0.00000E+00   1.93789E+00   2.50301E-15            15   9.83027E-10   3.14170E+00
        3516   4.21920E+02   1.20000E-01   6.18136E-01   3.74536E-05   5.99303E-05   0.00000E+00   5.52901E-04   1.00000E+00   0.00000E+00   1.93789E+00   5.69831E-16            16   3.39674E-10   3.14171E+00
        3517   4.22040E+02   1.20000E-01   6.18136E-01   3.73351E-05   5.97628E-05   0.00000E+00   5.59583E-04   1.00000E+00   0.00000E+00   1.93789E+00   7.24959E-16            16   2.96127E-10   3.14172E+00
        3518   4.22160E+02   1.20000E-01   6.18136E-01   3.72158E-05   5.95936E-05   0.00000E+00   5.70026E-04   1.00000E+00   0.00000E+00   1.93789E+00   4.36023E-16            16   2.93394E-10   3.14172E+00
        3519   4.22280E+02   1.20000E-01   6.18136E-01   3.70959E-05   5.94234E-05   0.00000E+00   5.77558E-04   1.00000E+00   0.00000E+00   1.93789E+00   6.65281E-16            16   3.09992E-10   3.14173E+00
        3520   4.22400E+02   1.20000E-01   6.18136E-01   3.69753E-05   5.92518E-05   0.00000E+00   5.87467E-04   1.00000E+00   0.00000E+00   1.93789E+00   5.22545E-16            16   2.24162E-10   3.14174E+00
        3521   4.22520E+02   1.20000E-01   6.18136E-01   3.68541E-05   5.90794E-05   0.00000E+00   5.94867E-04   1.00000E+00   0.00000E+00   1.93789E+00   3.97676E-16            16   2.48672E-10   3.14174E+00
        3522   4.22640E+02   1.20000E-01   6.18136E-01   3.67322E-05   5.89090E-05   0.00000E+00   6.04749E-04   1.00000E+00   0.00000E+00   1.93789E+00   5.49818E-16            16   3.14479E-10   3.14175E+00
        3523   4.22760E+02   1.20000E-01   6.18136E-01   3.66097E-05   5.87412E-05   0.00000E+00   6.12679E-04   1.00000E+00   0.00000E+00   1.93789E+00   4.99944E-16            16   3.57773E-10   3.14176E+00
        3524   4.22880E+02   1.20000E-01   6.18136E-01   3.64866E-05   5.85727E-05   0.00000E+00   6.23455E-04   1.00000E+00   0.00000E+00   1.93789E+00   3.32272E-16            16   3.35790E-10   3.14176E+00
        3525   4.23000E+02   1.20000E-01   6.18136E-01   3.63630E-05   5.84028E-05   0.00000E+00   6.31977E-04   1.00000E+00   0.00000E+00   1.93789E+00   5.08865E-16            16   3.52925E-10   3.14177E+00
        3526   4.23120E+02   1.20000E-01   6.18136E-01   3.62387E-05   5.82324E-05   0.00000E+00   6.43438E-04   1.00000E+00   0.00000E+00   1.93789E+00   4.40151E-16            16   3.11948E-10   3.14178E+00
        3527   4.23240E+02   1.20000E-01   6.18136E-01   3.61138E-05   5.80605E-05   0.00000E+00   6.51454E-04   1.00000E+00   0.00000E+00   1.93789E+00   4.53478E-16            16   4.11537E-10   3.14178E+00
        3528   4.23360E+02   1.20000E-01   6.18136E-01   3.59883E-05   5.78880E-05   0.00000E+00   6.62523E-04   1.00000E+00   0.00000E+00   1.93789E+00   3.27721E-16            16   3.68092E-10   3.14179E+00
        3529   4.23480E+02   1.20000E-01   6.18136E-01   3.58623E-05   5.77141E-05   0.00000E+00   6.70732E-04   1.00000E+00   0.00000E+00   1.93789E+00   2.81753E-16            16   6.44979E-10   3.14180E+00
        3530   4.23600E+02   1.20000E-01   6.18136E-01   3.57353E-05   5.75402E-05   0.00000E+00   6.83928E-04   1.00000E+00   0.00000E+00   1.93789E+00   2.49238E-15            15   9.40117E-10   3.14180E+00
        3531   4.23720E+02   1.20000E-01   6.18136E-01   3.56078E-05   5.73654E-05   0.00000E+00   6.93470E-04   1.00000E+00   0.00000E+00   1.93789E+00   2.33517E-15            15   9.95149E-10   3.14181E+00
        3532   4.23840E+02   1.20000E-01   6.18136E-01   3.54796E-05   5.71899E-05   0.00000E+00   7.04138E-04   1.00000E+00   0.00000E+00   1.93789E+00   3.02652E-16            16   6.15301E-10   3.14181E+00
        3533   4.23960E+02   1.20000E-01   6.18136E-01   3.53511E-05   5.70126E-05   0.00000E+00   7.10214E-04   1.00000E+00   0.00000E+00   1.93789E+00   2.62344E-16            16   8.75088E-10   3.14182E+00
        3534   4.24080E+02   1.20000E-01   6.18136E-01   3.52219E-05   5.68348E-05   0.00000E+00   7.21817E-04   1.00000E+00   0.00000E+00   1.93789E+00   4.29184E-16            16   3.51430E-10   3.14183E+00
        3535   4.24200E+02   1.20000E-01   6.18136E-01   3.50922E-05   5.66558E-05   0.00000E+00   7.30552E-04   1.00000E+00   0.00000E+00   1.93789E+00   3.17007E-16            16   5.85790E-10   3.14183E+00
        3536   4.24320E+02   1.20000E-01   6.18136E-01   3.49618E-05   5.64763E-05   0.00000E+00   7.41445E-04   1.00000E+00   0.00000E+00   1.93789E+00   4.69010E-16            16   3.34823E-10   3.14184E+00
        3537   4.24440E+02   1.20000E-01   6.18136E-01   3.48310E-05   5.62950E-05   0.00000E+00   7.47661E-04   1.00000E+00   0.00000E+00   1.93789E+00   4.40588E-16            16   4.43796E-10   3.14185E+00
        3538   4.24560E+02   1.20000E-01   6.18136E-01   3.46995E-05   5.61136E-05   0.00000E+00   7.60078E-04   1.00000E+00   0.00000E+00   1.93789E+00   2.68866E-16            16   6.72906E-10   3.14185E+00
        3539   4.24680E+02   1.20000E-01   6.18136E-01   3.45675E-05   5.59306E-05   0.00000E+00   7.66864E-04   1.00000E+00   0.00000E+00   1.93789E+00   3.20667E-16            16   5.41259E-10   3.14186E+00
        3540   4.24800E+02   1.20000E-01   6.18136E-01   3.44349E-05   5.57473E-05   0.00000E+00   7.77935E-04   1.00000E+00   0.00000E+00   1.93789E+00   3.61332E-16            16   3.97456E-10   3.14187E+00
        3541   4.24920E+02   1.20000E-01   6.18136E-01   3.43017E-05   5.55626E-05   0.00000E+00   7.85459E-04   1.00000E+00   0.00000E+00   1.93789E+00   4.06459E-16            16   5.18257E-10   3.14187E+00
        3542   4.25040E+02   1.20000E-01   6.18136E-01   3.41680E-05   5.53775E-05   0.00000E+00   7.96069E-04   1.00000E+00   0.00000E+00   1.93789E+00   2.99826E-16            16   6.02017E-10   3.14188E+00
        3543   4.25160E+02   1.20000E-01   6.18136E-01   3.40338E-05   5.51909E-05   0.00000E+00   8.02984E-04   1.00000E+00   0.00000E+00   1.93789E+00   2.90303E-16            16   6.21208E-10   3.14188E+00
        3544   4.25280E+02   1.20000E-01   6.18136E-01   3.39000E-05   5.50039E-05   0.00000E+00   8.13951E-04   1.00000E+00   0.00000E+00   1.93789E+00   3.47413E-16            16   4.96752E-10   3.14189E+00
        3545   4.25400E+02   1.20000E-01   6.18136E-01   3.37819E-05   5.48157E-05   0.00000E+00   8.21563E-04   1.00000E+00   0.00000E+00   1.93789E+00   2.48510E-16            16   7.41800E-10   3.14190E+00
        3546   4.25520E+02   1.20000E-01   6.18136E-01   3.36632E-05   5.46268E-05   0.00000E+00   8.31350E-04   1.00000E+00   0.00000E+00   1.93789E+00   2.92365E-16            16   5.63943E-10   3.14190E+00
        3547   4.25640E+02   1.20000E-01   6.18136E-01   3.35438E-05   5.44369E-05   0.00000E+00   8.39889E-04   1.00000E+00   0.00000E+00   1.93789E+00   4.04151E-16            16   4.55993E-10   3.14191E+00
        3548   4.25760E+02   1.20000E-01   6.18136E-01   3.34239E-05   5.42462E-05   0.00000E+00   8.49112E-04   1.00000E+00   0.00000E+00   1.93789E+00   2.79722E-16            16   6.75077E-10   3.14191E+00
        3549   4.25880E+02   1.20000E-01   6.18136E-01   3.33034E-05   5.40545E-05   0.00000E+00   8.57645E-04   1.00000E+00   0.00000E+00   1.93789E+00   3.28209E-16            16   5.19097E-10   3.14192E+00
        3550   4.26000E+02   1.20000E-01   6.18136E-01   3.31824E-05   5.38620E-05   0.00000E+00   8.66480E-04   1.00000E+00   0.00000E+00   1.93789E+00   3.03638E-16            16   6.29263E-10   3.14193E+00
        3551   4.26120E+02   1.20000E-01   6.18136E-01   3.30608E-05   5.36685E-05   0.00000E+00   8.74741E-04   1.00000E+00   0.00000E+00   1.93789E+00   2.59810E-16            16   5.26437E-10   3.14193E+00
        3552   4.26240E+02   1.20000E-01   6.18136E-01   3.29386E-05   5.34743E-05   0.00000E+00   8.83834E-04   1.00000E+00   0.00000E+00   1.93789E+00   3.70429E-16            16   5.02552E-10   3.14194E+00
        3553   4.26360E+02   1.20000E-01   6.18136E-01   3.28158E-05   5.32790E-05   0.00000E+00   8.92073E-04   1.00000E+00   0.00000E+00   1.93789E+00   2.60409E-16            16   6.25772E-10   3.14195E+00
        3554   4.26480E+02   1.20000E-01   6.18136E-01   3.26926E-05   5.30829E-05   0.00000E+00   9.00589E-04   1.00000E+00   0.00000E+00   1.93789E+00   2.83857E-16            16   5.46717E-10   3.14195E+00
        3555   4.26600E+02   1.20000E-01   6.18136E-01   3.25686E-05   5.28859E-05   0.00000E+00   9.09238E-04   1.00000E+00   0.00000E+00   1.93789E+00   3.60656E-16            16   5.20459E-10   3.14196E+00
        3556   4.26720E+02   1.20000E-01   6.18136E-01   3.24442E-05   5.26881E-05   0.00000E+00   9.17736E-04   1.00000E+00   0.00000E+00   1.93789E+00   2.71238E-16            16   6.71344E-10   3.14196E+00
        3557   4.26840E+02   1.20000E-01   6.18136E-01   3.23193E-05   5.24892E-05   0.00000E+00   9.25859E-04   1.00000E+00   0.00000E+00   1.93789E+00   2.57693E-16            16   5.59152E-10   3.14197E+00
        3558   4.26960E+02   1.20000E-01   6.18136E-01   3.21938E-05   5.22896E-05   0.00000E+00   9.34709E-04   1.00000E+00   0.00000E+00   1.93789E+00   3.75642E-16            16   5.23235E-10   3.14197E+00
        3559   4.27080E+02   1.20000E-01   6.18136E-01   3.20677E-05   5.20891E-05   0.00000E+00   9.42799E-04   1.00000E+00   0.00000E+00   1.93789E+00   2.56427E-16            16   6.41734E-10   3.14198E+00
        3560   4.27200E+02   1.20000E-01   6.18136E-01   3.19412E-05   5.18876E-05   0.00000E+00   9.50904E-04   1.00000E+00   0.00000E+00   1.93789E+00   2.34542E-16            16   5.08703E-10   3.14199E+00
        3561   4.27320E+02   1.20000E-01   6.18136E-01   3.18140E-05   5.16854E-05   0.00000E+00   9.59822E-04   1.00000E+00   0.00000E+00   1.93789E+00   4.30325E-16            16   4.88699E-10   3.14199E+00
        3562   4.27440E+02   1.20000E-01   6.18136E-01   3.16864E-05   5.14822E-05   0.00000E+00   9.67844E-04   1.00000E+00   0.00000E+00   1.93789E+00   2.23629E-16            16   7.22559E-10   3.14200E+00
        3563   4.27560E+02   1.20000E-01   6.18136E-01   3.15583E-05   5.12781E-05   0.00000E+00   9.75908E-04   1.00000E+00   0.00000E+00   1.93789E+00   2.16209E-16            16   5.71961E-10   3.14200E+00
        3564   4.27680E+02   1.20000E-01   6.18136E-01   3.14295E-05   5.10733E-05   0.00000E+00   9.84738E-04   1.00000E+00   0.00000E+00   1.93789E+00   4.17922E-16            16   4.74563E-10   3.14201E+00
        3565   4.27800E+02   1.20000E-01   6.18136E-01   3.13004E-05   5.08675E-05   0.00000E+00   9.92697E-04   1.00000E+00   0.00000E+00   1.93789E+00   2.12695E-16            16   7.50714E-10   3.14202E+00
        3566   4.27920E+02   1.20000E-01   6.18136E-01   3.11707E-05   5.06608E-05   0.00000E+00   1.00071E-03   1.00000E+00   0.00000E+00   1.93789E+00   2.09228E-16            16   5.97314E-10   3.14202E+00
        3567   4.28040E+02   1.20000E-01   6.18136E-01   3.10404E-05   5.04534E-05   0.00000E+00   1.00945E-03   1.00000E+00   0.00000E+00   1.93789E+00   4.03714E-16            16   4.83691E-10   3.14203E+00
        3568   4.28160E+02   1.20000E-01   6.18136E-01   3.09097E-05   5.02451E-05   0.00000E+00   1.01733E-03   1.00000E+00   0.00000E+00   1.93789E+00   2.18262E-16            16   7.47880E-10   3.14203E+00
        3569   4.28280E+02   1.20000E-01   6.18136E-01   3.07785E-05   5.00360E-05   0.00000E+00   1.02528E-03   1.00000E+00   0.00000E+00   1.93789E+00   2.11220E-16            16   5.98319E-10   3.14204E+00
        3570   4.28400E+02   1.20000E-01   6.18136E-01   3.06468E-05   4.98262E-05   0.00000E+00   1.03393E-03   1.00000E+00   0.00000E+00   1.93789E+00   3.94832E-16            16   5.04660E-10   3.14204E+00
        3571   4.28520E+02   1.20000E-01   6.18136E-01   3.05146E-05   4.96155E-05   0.00000E+00   1.04173E-03   1.00000E+00   0.00000E+00   1.93789E+00   2.28275E-16            16   7.36982E-10   3.14205E+00
        3572   4.28640E+02   1.20000E-01   6.18136E-01   3.03819E-05   4.94040E-05   0.00000E+00   1.04962E-03   1.00000E+00   0.00000E+00   1.93789E+00   2.15313E-16            16   5.95602E-10   3.14205E+00
        3573   4.28760E+02   1.20000E-01   6.18136E-01   3.02487E-05   4.91918E-05   0.00000E+00   1.05820E-03   1.00000E+00   0.00000E+00   1.93789E+00   3.91333E-16            16   5.23616E-10   3.14206E+00
        3574   4.28880E+02   1.20000E-01   6.18136E-01   3.01151E-05   4.89786E-05   0.00000E+00   1.06592E-03   1.00000E+00   0.00000E+00   1.93789E+00   2.35192E-16            16   7.31218E-10   3.14207E+00
        3575   4.29000E+02   1.20000E-01   6.18136E-01   2.99810E-05   4.87646E-05   0.00000E+00   1.07375E-03   1.00000E+00   0.00000E+00   1.93789E+00   2.16946E-16            16   6.00874E-10   3.14207E+00
        3576   4.29120E+02   1.20000E-01   6.18136E-01   2.98463E-05   4.85500E-05   0.00000E+00   1.08225E-03   1.00000E+00   0.00000E+00   1.93789E+00   3.90926E-16            16   5.34386E-10   3.14208E+00
        3577   4.29240E+02   1.20000E-01   6.18136E-01   2.97113E-05   4.83403E-05   0.00000E+00   1.08990E-03   1.00000E+00   0.00000E+00   1.93789E+00   2.35709E-16            16   7.37286E-10   3.14208E+00
        3578   4.29360E+02   1.20000E-01   6.18136E-01   2.95758E-05   4.81332E-05   0.00000E+00   1.09764E-03   1.00000E+00   0.00000E+00   1.93789E+00   2.14215E-16            16   6.13896E-10   3.14209E+00
        3579   4.29480E+02   1.20000E-01   6.18136E-01   2.94398E-05   4.79255E-05   0.00000E+00   1.10604E-03   1.00000E+00   0.00000E+00   1.93789E+00   3.89235E-16            16   5.41022E-10   3.14209E+00
        3580   4.29600E+02   1.20000E-01   6.18136E-01   2.93034E-05   4.77169E-05   0.00000E+00   1.11360E-03   1.00000E+00   0.00000E+00   1.93789E+00   2.32953E-16            16   7.44244E-10   3.14210E+00
        3581   4.29720E+02   1.20000E-01   6.18136E-01   2.91665E-05   4.75075E-05   0.00000E+00   1.12126E-03   1.00000E+00   0.00000E+00   1.93789E+00   2.08758E-16            16   6.27848E-10   3.14210E+00
        3582   4.29840E+02   1.20000E-01   6.18136E-01   2.90292E-05   4.72974E-05   0.00000E+00   1.12958E-03   1.00000E+00   0.00000E+00   1.93789E+00   3.85070E-16            16   5.46340E-10   3.14211E+00
        3583   4.29960E+02   1.20000E-01   6.18136E-01   2.88914E-05   4.70865E-05   0.00000E+00   1.13704E-03   1.00000E+00   0.00000E+00   1.93789E+00   2.28605E-16            16   7.51405E-10   3.14211E+00
        3584   4.30080E+02   1.20000E-01   6.18136E-01   2.87533E-05   4.68747E-05   0.00000E+00   1.14463E-03   1.00000E+00   0.00000E+00   1.93789E+00   2.02603E-16            16   6.40604E-10   3.14212E+00
        3585   4.30200E+02   1.20000E-01   6.18136E-01   2.86146E-05   4.66623E-05   0.00000E+00   1.15284E-03   1.00000E+00   0.00000E+00   1.93789E+00   3.77066E-16            16   5.52631E-10   3.14212E+00
        3586   4.30320E+02   1.20000E-01   6.18136E-01   2.84755E-05   4.64490E-05   0.00000E+00   1.16021E-03   1.00000E+00   0.00000E+00   1.93789E+00   2.24287E-16            16   7.56626E-10   3.14213E+00
        3587   4.30440E+02   1.20000E-01   6.18136E-01   2.83493E-05   4.62348E-05   0.00000E+00   1.16771E-03   1.00000E+00   0.00000E+00   1.93789E+00   1.96559E-16            16   6.50852E-10   3.14213E+00
        3588   4.30560E+02   1.20000E-01   6.18136E-01   2.82256E-05   4.60200E-05   0.00000E+00   1.17557E-03   1.00000E+00   0.00000E+00   1.93789E+00   2.78182E-16            16   6.10671E-10   3.14214E+00
        3589   4.30680E+02   1.20000E-01   6.18136E-01   2.81014E-05   4.58044E-05   0.00000E+00   1.18325E-03   1.00000E+00   0.00000E+00   1.93789E+00   3.33331E-16            16   5.93150E-10   3.14215E+00
        3590   4.30800E+02   1.20000E-01   6.18136E-01   2.79768E-05   4.55880E-05   0.00000E+00   1.19056E-03   1.00000E+00   0.00000E+00   1.93789E+00   1.88067E-16            16   7.39451E-10   3.14215E+00
        3591   4.30920E+02   1.20000E-01   6.18136E-01   2.78517E-05   4.53709E-05   0.00000E+00   1.19825E-03   1.00000E+00   0.00000E+00   1.93789E+00   2.84162E-16            16   6.22305E-10   3.14216E+00
        3592   4.31040E+02   1.20000E-01   6.18136E-01   2.77263E-05   4.51530E-05   0.00000E+00   1.20554E-03   1.00000E+00   0.00000E+00   1.93789E+00   1.91499E-16            16   7.76088E-10   3.14216E+00
        3593   4.31160E+02   1.20000E-01   6.18136E-01   2.76004E-05   4.49343E-05   0.00000E+00   1.21290E-03   1.00000E+00   0.00000E+00   1.93789E+00   1.51372E-16            16   7.22514E-10   3.14217E+00
        3594   4.31280E+02   1.20000E-01   6.18136E-01   2.74741E-05   4.47148E-05   0.00000E+00   1.22029E-03   1.00000E+00   0.00000E+00   1.93789E+00   1.19918E-16            16   7.66829E-10   3.14217E+00
        3595   4.31400E+02   1.20000E-01   6.18136E-01   2.73473E-05   4.44947E-05   0.00000E+00   1.22792E-03   1.00000E+00   0.00000E+00   1.93789E+00   2.85389E-16            16   6.09384E-10   3.14218E+00
        3596   4.31520E+02   1.20000E-01   6.18136E-01   2.72201E-05   4.42737E-05   0.00000E+00   1.23505E-03   1.00000E+00   0.00000E+00   1.93789E+00   1.51550E-16            16   8.39186E-10   3.14218E+00
        3597   4.31640E+02   1.20000E-01   6.18136E-01   2.70925E-05   4.40521E-05   0.00000E+00   1.24225E-03   1.00000E+00   0.00000E+00   1.93789E+00   1.25606E-16            16   7.66110E-10   3.14219E+00
        3598   4.31760E+02   1.20000E-01   6.18136E-01   2.69645E-05   4.38296E-05   0.00000E+00   1.24946E-03   1.00000E+00   0.00000E+00   1.93789E+00   1.16929E-16            16   7.81546E-10   3.14219E+00
        3599   4.31880E+02   1.20000E-01   6.18136E-01   2.68361E-05   4.36065E-05   0.00000E+00   1.25662E-03   1.00000E+00   0.00000E+00   1.93789E+00   1.31836E-16            16   7.99617E-10   3.14220E+00
        3600   4.32000E+02   1.20000E-01   6.18136E-01   2.67072E-05   4.33826E-05   0.00000E+00   1.26375E-03   1.00000E+00   0.00000E+00   1.93789E+00   1.42472E-16            16   8.06856E-10   3.14220E+00
        3601   4.32120E+02   1.20000E-01   6.18136E-01   2.65780E-05   4.31580E-05   0.00000E+00   1.27081E-03   1.00000E+00   0.00000E+00   1.93789E+00   1.43754E-16            16   8.07288E-10   3.14220E+00
        3602   4.32240E+02   1.20000E-01   6.18136E-01   2.64484E-05   4.29326E-05   0.00000E+00   1.27783E-03   1.00000E+00   0.00000E+00   1.93789E+00   1.44360E-16            16   8.07136E-10   3.14221E+00
        3603   4.32360E+02   1.20000E-01   6.18136E-01   2.63183E-05   4.27066E-05   0.00000E+00   1.28479E-03   1.00000E+00   0.00000E+00   1.93789E+00   1.42183E-16            16   8.05131E-10   3.14221E+00
        3604   4.32480E+02   1.20000E-01   6.18136E-01   2.61879E-05   4.24799E-05   0.00000E+00   1.29170E-03   1.00000E+00   0.00000E+00   1.93789E+00   1.42482E-16            16   8.04194E-10   3.14222E+00
        3605   4.32600E+02   1.20000E-01   6.18136E-01   2.60571E-05   4.22524E-05   0.00000E+00   1.29855E-03   1.00000E+00   0.00000E+00   1.93789E+00   1.42368E-16            16   8.03209E-10   3.14222E+00
        3606   4.32720E+02   1.20000E-01   6.18136E-01   2.59259E-05   4.20243E-05   0.00000E+00   1.30535E-03   1.00000E+00   0.00000E+00   1.93789E+00   1.45547E-16            16   8.03292E-10   3.14223E+00
        3607   4.32840E+02   1.20000E-01   6.18136E-01   2.57943E-05   4.17955E-05   0.00000E+00   1.31209E-03   1.00000E+00   0.00000E+00   1.93789E+00   1.46172E-16            16   8.02020E-10   3.14223E+00
        3608   4.32960E+02   1.20000E-01   6.18136E-01   2.56624E-05   4.15660E-05   0.00000E+00   1.31878E-03   1.00000E+00   0.00000E+00   1.93789E+00   1.47891E-16            16   7.99968E-10   3.14224E+00
        3609   4.33080E+02   1.20000E-01   6.18136E-01   2.55300E-05   4.13358E-05   0.00000E+00   1.32540E-03   1.00000E+00   0.00000E+00   1.93789E+00   1.45733E-16            16   7.95128E-10   3.14224E+00
        3610   4.33200E+02   1.20000E-01   6.18136E-01   2.53973E-05   4.11050E-05   0.00000E+00   1.33198E-03   1.00000E+00   0.00000E+00   1.93789E+00   1.44469E-16            16   7.89943E-10   3.14225E+00
        3611   4.33320E+02   1.20000E-01   6.18136E-01   2.52643E-05   4.08735E-05   0.00000E+00   1.33849E-03   1.00000E+00   0.00000E+00   1.93789E+00   1.41876E-16            16   7.86014E-10   3.14225E+00
        3612   4.33440E+02   1.20000E-01   6.18136E-01   2.51309E-05   4.06413E-05   0.00000E+00   1.34496E-03   1.00000E+00   0.00000E+00   1.93789E+00   1.43259E-16            16   7.84769E-10   3.14226E+00
        3613   4.33560E+02   1.20000E-01   6.18136E-01   2.49971E-05   4.04086E-05   0.00000E+00   1.35136E-03   1.00000E+00   0.00000E+00   1.93789E+00   1.42763E-16            16   7.84791E-10   3.14226E+00
        3614   4.33680E+02   1.20000E-01   6.18136E-01   2.48630E-05   4.01752E-05   0.00000E+00   1.35772E-03   1.00000E+00   0.00000E+00   1.93789E+00   1.43931E-16            16   7.83897E-10   3.14227E+00
        3615   4.33800E+02   1.20000E-01   6.18136E-01   2.47286E-05   3.99412E-05   0.00000E+00   1.36402E-03   1.00000E+00   0.00000E+00   1.93789E+00   1.43020E-16            16   7.82554E-10   3.14227E+00
        3616   4.33920E+02   1.20000E-01   6.18136E-01   2.45938E-05   3.97066E-05   0.00000E+00   1.37027E-03   1.00000E+00   0.00000E+00   1.93789E+00   1.42583E-16            16   7.79722E-10   3.14227E+00
        3617   4.34040E+02   1.20000E-01   6.18136E-01   2.44587E-05   3.94714E-05   0.00000E+00   1.37646E-03   1.00000E+00   0.00000E+00   1.93789E+00   1.40360E-16            16   7.76779E-10   3.14228E+00
        3618   4.34160E+02   1.20000E-01   6.18136E-01   2.43232E-05   3.92356E-05   0.00000E+00   1.38260E-03   1.00000E+00   0.00000E+00   1.93789E+00   1.39514E-16            16   7.72944E-10   3.14228E+00
        3619   4.34280E+02   1.20000E-01   6.18136E-01   2.41874E-05   3.89992E-05   0.00000E+00   1.38869E-03   1.00000E+00   0.00000E+00   1.93789E+00   1.36950E-16            16   7.69915E-10   3.14229E+00
        3620   4.34400E+02   1.20000E-01   6.18136E-01   2.40513E-05   3.87623E-05   0.00000E+00   1.39473E-03   1.00000E+00   0.00000E+00   1.93789E+00   1.36751E-16            16   7.67413E-10   3.14229E+00
        3621   4.34520E+02   1.20000E-01   6.18136E-01   2.39149E-05   3.85248E-05   0.00000E+00   1.40071E-03   1.00000E+00   0.00000E+00   1.93789E+00   1.35146E-16            16   7.65576E-10   3.14230E+00
        3622   4.34640E+02   1.20000E-01   6.18136E-01   2.37781E-05   3.82953E-05   0.00000E+00   1.40665E-03   1.00000E+00   0.00000E+00   1.93789E+00   1.35871E-16            16   7.64706E-10   3.14230E+00
        3623   4.34760E+02   1.20000E-01   6.18136E-01   2.36538E-05   3.80706E-05   0.00000E+00   1.41253E-03   1.00000E+00   0.00000E+00   1.93789E+00   1.35195E-16            16   7.63670E-10   3.14230E+00
        3624   4.34880E+02   1.20000E-01   6.18136E-01   2.35316E-05   3.78454E-05   0.00000E+00   1.41837E-03   1.00000E+00   0.00000E+00   1.93789E+00   1.35591E-16            16   7.63330E-10   3.14231E+00
        3625   4.35000E+02   1.20000E-01   6.18136E-01   2.34090E-05   3.76197E-05   0.00000E+00   1.42415E-03   1.00000E+00   0.00000E+00   1.93789E+00   1.35104E-16            16   7.62537E-10   3.14231E+00
        3626   4.35120E+02   1.20000E-01   6.18136E-01   2.32861E-05   3.73935E-05   0.00000E+00   1.42989E-03   1.00000E+00   0.00000E+00   1.93789E+00   1.35912E-16            16   7.61786E-10   3.14232E+00
        3627   4.35240E+02   1.20000E-01   6.18136E-01   2.31629E-05   3.71668E-05   0.00000E+00   1.43557E-03   1.00000E+00   0.00000E+00   1.93789E+00   1.34628E-16            16   7.61094E-10   3.14232E+00
        3628   4.35360E+02   1.20000E-01   6.18136E-01   2.30393E-05   3.69396E-05   0.00000E+00   1.44121E-03   1.00000E+00   0.00000E+00   1.93789E+00   1.35614E-16            16   7.60668E-10   3.14232E+00
        3629   4.35480E+02   1.20000E-01   6.18136E-01   2.29154E-05   3.67119E-05   0.00000E+00   1.44680E-03   1.00000E+00   0.00000E+00   1.93789E+00   1.35519E-16            16   7.60139E-10   3.14233E+00
        3630   4.35600E+02   1.20000E-01   6.18136E-01   2.27912E-05   3.64837E-05   0.00000E+00   1.45235E-03   1.00000E+00   0.00000E+00   1.93789E+00   1.35438E-16            16   7.59782E-10   3.14233E+00
        3631   4.35720E+02   1.20000E-01   6.18136E-01   2.26667E-05   3.62550E-05   0.00000E+00   1.45785E-03   1.00000E+00   0.00000E+00   1.93789E+00   1.36412E-16            16   7.59339E-10   3.14234E+00
        3632   4.35840E+02   1.20000E-01   6.18136E-01   2.25419E-05   3.60259E-05   0.00000E+00   1.46288E-03   1.00000E+00   0.00000E+00   1.93789E+00   1.52393E-16            16   8.52256E-10   3.14234E+00
        3633   4.35960E+02   1.20000E-01   6.18136E-01   2.24168E-05   3.57962E-05   0.00000E+00   1.46787E-03   1.00000E+00   0.00000E+00   1.93789E+00   1.49684E-16            16   8.34843E-10   3.14235E+00
        3634   4.36080E+02   1.20000E-01   6.18136E-01   2.22914E-05   3.55660E-05   0.00000E+00   1.47325E-03   1.00000E+00   0.00000E+00   1.93789E+00   1.58167E-16            16   8.06605E-10   3.14235E+00
        3635   4.36200E+02   1.20000E-01   6.18136E-01   2.21657E-05   3.53354E-05   0.00000E+00   1.47855E-03   1.00000E+00   0.00000E+00   1.93789E+00   1.52208E-16            16   7.92404E-10   3.14235E+00
        3636   4.36320E+02   1.20000E-01   6.18136E-01   2.20397E-05   3.51044E-05   0.00000E+00   1.48381E-03   1.00000E+00   0.00000E+00   1.93789E+00   1.46892E-16            16   7.79759E-10   3.14236E+00
        3637   4.36440E+02   1.20000E-01   6.18136E-01   2.19134E-05   3.48730E-05   0.00000E+00   1.48901E-03   1.00000E+00   0.00000E+00   1.93789E+00   1.54665E-16            16   7.85745E-10   3.14236E+00
        3638   4.36560E+02   1.20000E-01   6.18136E-01   2.17869E-05   3.46411E-05   0.00000E+00   1.49418E-03   1.00000E+00   0.00000E+00   1.93789E+00   1.56497E-16            16   7.88115E-10   3.14236E+00
        3639   4.36680E+02   1.20000E-01   6.18136E-01   2.16600E-05   3.44088E-05   0.00000E+00   1.49929E-03   1.00000E+00   0.00000E+00   1.93789E+00   1.57243E-16            16   7.88152E-10   3.14237E+00
        3640   4.36800E+02   1.20000E-01   6.18136E-01   2.15329E-05   3.41762E-05   0.00000E+00   1.50437E-03   1.00000E+00   0.00000E+00   1.93789E+00   1.56890E-16            16   7.87502E-10   3.14237E+00
        3641   4.36920E+02   1.20000E-01   6.18136E-01   2.14055E-05   3.39431E-05   0.00000E+00   1.50940E-03   1.00000E+00   0.00000E+00   1.93789E+00   1.55311E-16            16   7.86263E-10   3.14238E+00
        3642   4.37040E+02   1.20000E-01   6.18136E-01   2.12778E-05   3.37097E-05   0.00000E+00   1.51439E-03   1.00000E+00   0.00000E+00   1.93789E+00   1.54642E-16            16   7.84052E-10   3.14238E+00
        3643   4.37160E+02   1.20000E-01   6.18136E-01   2.11498E-05   3.34759E-05   0.00000E+00   1.51934E-03   1.00000E+00   0.00000E+00   1.93789E+00   1.52043E-16            16   7.80295E-10   3.14238E+00
        3644   4.37280E+02   1.20000E-01   6.18136E-01   2.10216E-05   3.32417E-05   0.00000E+00   1.52424E-03   1.00000E+00   0.00000E+00   1.93789E+00   1.47427E-16            16   7.74451E-10   3.14239E+00
        3645   4.37400E+02   1.20000E-01   6.18136E-01   2.08931E-05   3.30072E-05   0.00000E+00   1.53016E-03   1.00000E+00   0.00000E+00   1.93789E+00   1.41513E-16            16   7.67613E-10   3.14239E+00
        3646   4.37520E+02   1.20000E-01   6.18136E-01   2.07644E-05   3.27724E-05   0.00000E+00   1.53680E-03   1.00000E+00   0.00000E+00   1.93789E+00   1.38775E-16            16   7.62336E-10   3.14239E+00
        3647   4.37640E+02   1.20000E-01   6.18136E-01   2.06354E-05   3.25372E-05   0.00000E+00   1.54337E-03   1.00000E+00   0.00000E+00   1.93789E+00   1.37006E-16            16   7.60046E-10   3.14240E+00
        3648   4.37760E+02   1.20000E-01   6.18136E-01   2.05061E-05   3.23016E-05   0.00000E+00   1.54989E-03   1.00000E+00   0.00000E+00   1.93789E+00   1.37276E-16            16   7.59612E-10   3.14240E+00
        3649   4.37880E+02   1.20000E-01   6.18136E-01   2.03766E-05   3.20658E-05   0.00000E+00   1.55635E-03   1.00000E+00   0.00000E+00   1.93789E+00   1.37647E-16            16   7.59425E-10   3.14240E+00
        3650   4.38000E+02   1.20000E-01   6.18136E-01   2.02469E-05   3.18296E-05   0.00000E+00   1.56274E-03   1.00000E+00   0.00000E+00   1.93789E+00   1.36521E-16            16   7.58681E-10   3.14241E+00
        3651   4.38120E+02   1.20000E-01   6.18136E-01   2.01169E-05   3.15962E-05   0.00000E+00   1.56908E-03   1.00000E+00   0.00000E+00   1.93789E+00   1.37318E-16            16   7.57434E-10   3.14241E+00
        3652   4.38240E+02   1.20000E-01   6.18136E-01   1.99867E-05   3.13752E-05   0.00000E+00   1.57535E-03   1.00000E+00   0.00000E+00   1.93789E+00   1.36681E-16            16   7.55848E-10   3.14241E+00
        3653   4.38360E+02   1.20000E-01   6.18136E-01   1.98562E-05   3.11539E-05   0.00000E+00   1.58157E-03   1.00000E+00   0.00000E+00   1.93789E+00   1.36247E-16            16   7.54966E-10   3.14242E+00
        3654   4.38480E+02   1.20000E-01   6.18136E-01   1.97298E-05   3.09322E-05   0.00000E+00   1.58772E-03   1.00000E+00   0.00000E+00   1.93789E+00   1.35402E-16            16   7.53365E-10   3.14242E+00
        3655   4.38600E+02   1.20000E-01   6.18136E-01   1.96129E-05   3.07103E-05   0.00000E+00   1.59382E-03   1.00000E+00   0.00000E+00   1.93789E+00   1.35290E-16            16   7.52383E-10   3.14242E+00
        3656   4.38720E+02   1.20000E-01   6.18136E-01   1.94957E-05   3.04880E-05   0.00000E+00   1.59985E-03   1.00000E+00   0.00000E+00   1.93789E+00   1.35584E-16            16   7.52224E-10   3.14243E+00
        3657   4.38840E+02   1.20000E-01   6.18136E-01   1.93784E-05   3.02655E-05   0.00000E+00   1.60583E-03   1.00000E+00   0.00000E+00   1.93789E+00   1.35070E-16            16   7.51764E-10   3.14243E+00
        3658   4.38960E+02   1.20000E-01   6.18136E-01   1.92607E-05   3.00427E-05   0.00000E+00   1.61174E-03   1.00000E+00   0.00000E+00   1.93789E+00   1.35470E-16            16   7.51447E-10   3.14243E+00
        3659   4.39080E+02   1.20000E-01   6.18136E-01   1.91429E-05   2.98196E-05   0.00000E+00   1.61759E-03   1.00000E+00   0.00000E+00   1.93789E+00   1.35670E-16            16   7.50973E-10   3.14244E+00
        3660   4.39200E+02   1.20000E-01   6.18136E-01   1.90247E-05   2.95962E-05   0.00000E+00   1.62338E-03   1.00000E+00   0.00000E+00   1.93789E+00   1.35526E-16            16   7.50333E-10   3.14244E+00
        3661   4.39320E+02   1.20000E-01   6.18136E-01   1.89064E-05   2.93726E-05   0.00000E+00   1.62911E-03   1.00000E+00   0.00000E+00   1.93789E+00   1.34394E-16            16   7.49881E-10   3.14244E+00
        3662   4.39440E+02   1.20000E-01   6.18136E-01   1.87878E-05   2.91488E-05   0.00000E+00   1.63478E-03   1.00000E+00   0.00000E+00   1.93789E+00   1.35242E-16            16   7.49056E-10   3.14245E+00
        3663   4.39560E+02   1.20000E-01   6.18136E-01   1.86690E-05   2.89247E-05   0.00000E+00   1.64039E-03   1.00000E+00   0.00000E+00   1.93789E+00   1.34668E-16            16   7.48659E-10   3.14245E+00
        3664   4.39680E+02   1.20000E-01   6.18136E-01   1.85500E-05   2.87003E-05   0.00000E+00   1.64593E-03   1.00000E+00   0.00000E+00   1.93789E+00   1.33506E-16            16   7.47754E-10   3.14245E+00
        3665   4.39800E+02   1.20000E-01   6.18136E-01   1.84308E-05   2.84757E-05   0.00000E+00   1.65142E-03   1.00000E+00   0.00000E+00   1.93789E+00   1.34307E-16            16   7.47420E-10   3.14246E+00
        3666   4.39920E+02   1.20000E-01   6.18136E-01   1.83113E-05   2.82510E-05   0.00000E+00   1.65677E-03   1.00000E+00   0.00000E+00   1.93789E+00   1.39387E-16            16   7.55572E-10   3.14246E+00
        3667   4.40040E+02   1.20000E-01   6.18136E-01   1.81917E-05   2.80259E-05   0.00000E+00   1.66208E-03   1.00000E+00   0.00000E+00   1.93789E+00   1.40033E-16            16   7.58318E-10   3.14246E+00
        3668   4.40160E+02   1.20000E-01   6.18136E-01   1.80718E-05   2.78007E-05   0.00000E+00   1.66738E-03   1.00000E+00   0.00000E+00   1.93789E+00   1.36183E-16            16   7.48461E-10   3.14247E+00
        3669   4.40280E+02   1.20000E-01   6.18136E-01   1.79517E-05   2.75753E-05   0.00000E+00   1.67262E-03   1.00000E+00   0.00000E+00   1.93789E+00   1.34223E-16            16   7.46593E-10   3.14247E+00
        3670   4.40400E+02   1.20000E-01   6.18136E-01   1.78314E-05   2.73497E-05   0.00000E+00   1.67780E-03   1.00000E+00   0.00000E+00   1.93789E+00   1.32792E-16            16   7.45042E-10   3.14247E+00
        3671   4.40520E+02   1.20000E-01   6.18136E-01   1.77110E-05   2.71239E-05   0.00000E+00   1.68292E-03   1.00000E+00   0.00000E+00   1.93789E+00   1.33690E-16            16   7.44627E-10   3.14247E+00
        3672   4.40640E+02   1.20000E-01   6.18136E-01   1.75903E-05   2.68979E-05   0.00000E+00   1.68798E-03   1.00000E+00   0.00000E+00   1.93789E+00   1.34284E-16            16   7.44717E-10   3.14248E+00
        3673   4.40760E+02   1.20000E-01   6.18136E-01   1.74695E-05   2.66717E-05   0.00000E+00   1.69298E-03   1.00000E+00   0.00000E+00   1.93789E+00   1.33451E-16            16   7.44854E-10   3.14248E+00
        3674   4.40880E+02   1.20000E-01   6.18136E-01   1.73484E-05   2.64454E-05   0.00000E+00   1.69793E-03   1.00000E+00   0.00000E+00   1.93789E+00   1.34965E-16            16   7.44652E-10   3.14248E+00
        3675   4.41000E+02   1.20000E-01   6.18136E-01   1.72272E-05   2.62189E-05   0.00000E+00   1.70281E-03   1.00000E+00   0.00000E+00   1.93789E+00   1.34492E-16            16   7.44402E-10   3.14249E+00
        3676   4.41120E+02   1.20000E-01   6.18136E-01   1.71058E-05   2.60058E-05   0.00000E+00   1.70765E-03   1.00000E+00   0.00000E+00   1.93789E+00   1.33760E-16            16   7.43749E-10   3.14249E+00
        3677   4.41240E+02   1.20000E-01   6.18136E-01   1.69842E-05   2.57956E-05   0.00000E+00   1.71242E-03   1.00000E+00   0.00000E+00   1.93789E+00   1.34277E-16            16   7.43332E-10   3.14249E+00
        3678   4.41360E+02   1.20000E-01   6.18136E-01   1.68625E-05   2.55852E-05   0.00000E+00   1.71714E-03   1.00000E+00   0.00000E+00   1.93789E+00   1.34121E-16            16   7.42606E-10   3.14249E+00
        3679   4.41480E+02   1.20000E-01   6.18136E-01   1.67406E-05   2.53746E-05   0.00000E+00   1.72180E-03   1.00000E+00   0.00000E+00   1.93789E+00   1.33089E-16            16   7.42175E-10   3.14250E+00
        3680   4.41600E+02   1.20000E-01   6.18136E-01   1.66185E-05   2.51639E-05   0.00000E+00   1.72641E-03   1.00000E+00   0.00000E+00   1.93789E+00   1.33895E-16            16   7.41578E-10   3.14250E+00
        3681   4.41720E+02   1.20000E-01   6.18136E-01   1.64962E-05   2.49530E-05   0.00000E+00   1.73096E-03   1.00000E+00   0.00000E+00   1.93789E+00   1.33504E-16            16   7.41230E-10   3.14250E+00
        3682   4.41840E+02   1.20000E-01   6.18136E-01   1.63738E-05   2.47420E-05   0.00000E+00   1.73546E-03   1.00000E+00   0.00000E+00   1.93789E+00   1.32815E-16            16   7.40815E-10   3.14250E+00
        3683   4.41960E+02   1.20000E-01   6.18136E-01   1.62613E-05   2.45307E-05   0.00000E+00   1.73990E-03   1.00000E+00   0.00000E+00   1.93789E+00   1.33627E-16            16   7.40387E-10   3.14251E+00
        3684   4.42080E+02   1.20000E-01   6.18136E-01   1.61514E-05   2.43194E-05   0.00000E+00   1.74428E-03   1.00000E+00   0.00000E+00   1.93789E+00   1.33053E-16            16   7.39934E-10   3.14251E+00
        3685   4.42200E+02   1.20000E-01   6.18136E-01   1.60413E-05   2.41079E-05   0.00000E+00   1.74862E-03   1.00000E+00   0.00000E+00   1.93789E+00   1.32505E-16            16   7.39755E-10   3.14251E+00
        3686   4.42320E+02   1.20000E-01   6.18136E-01   1.59310E-05   2.38963E-05   0.00000E+00   1.75289E-03   1.00000E+00   0.00000E+00   1.93789E+00   1.33259E-16            16   7.39308E-10   3.14251E+00
        3687   4.42440E+02   1.20000E-01   6.18136E-01   1.58206E-05   2.36846E-05   0.00000E+00   1.75711E-03   1.00000E+00   0.00000E+00   1.93789E+00   1.32992E-16            16   7.38956E-10   3.14252E+00
        3688   4.42560E+02   1.20000E-01   6.18136E-01   1.57100E-05   2.34727E-05   0.00000E+00   1.76127E-03   1.00000E+00   0.00000E+00   1.93789E+00   1.32258E-16            16   7.38563E-10   3.14252E+00
        3689   4.42680E+02   1.20000E-01   6.18136E-01   1.55992E-05   2.32607E-05   0.00000E+00   1.76538E-03   1.00000E+00   0.00000E+00   1.93789E+00   1.33043E-16            16   7.38232E-10   3.14252E+00
        3690   4.42800E+02   1.20000E-01   6.18136E-01   1.54883E-05   2.30487E-05   0.00000E+00   1.76944E-03   1.00000E+00   0.00000E+00   1.93789E+00   1.32314E-16            16   7.37883E-10   3.14252E+00
        3691   4.42920E+02   1.20000E-01   6.18136E-01   1.53772E-05   2.28365E-05   0.00000E+00   1.77344E-03   1.00000E+00   0.00000E+00   1.93789E+00   1.32264E-16            16   7.37580E-10   3.14253E+00
        3692   4.43040E+02   1.20000E-01   6.18136E-01   1.52660E-05   2.26242E-05   0.00000E+00   1.77738E-03   1.00000E+00   0.00000E+00   1.93789E+00   1.32627E-16            16   7.37292E-10   3.14253E+00
        3693   4.43160E+02   1.20000E-01   6.18136E-01   1.51546E-05   2.24119E-05   0.00000E+00   1.78127E-03   1.00000E+00   0.00000E+00   1.93789E+00   1.31687E-16            16   7.37150E-10   3.14253E+00
        3694   4.43280E+02   1.20000E-01   6.18136E-01   1.50430E-05   2.21994E-05   0.00000E+00   1.78510E-03   1.00000E+00   0.00000E+00   1.93789E+00   1.32548E-16            16   7.36680E-10   3.14253E+00
        3695   4.43400E+02   1.20000E-01   6.18136E-01   1.49314E-05   2.19869E-05   0.00000E+00   1.78887E-03   1.00000E+00   0.00000E+00   1.93789E+00   1.31995E-16            16   7.36437E-10   3.14253E+00
        3696   4.43520E+02   1.20000E-01   6.18136E-01   1.48196E-05   2.17743E-05   0.00000E+00   1.79259E-03   1.00000E+00   0.00000E+00   1.93789E+00   1.31791E-16            16   7.36222E-10   3.14254E+00
        3697   4.43640E+02   1.20000E-01   6.18136E-01   1.47076E-05   2.15640E-05   0.00000E+00   1.79626E-03   1.00000E+00   0.00000E+00   1.93789E+00   1.31410E-16            16   7.35964E-10   3.14254E+00
        3698   4.43760E+02   1.20000E-01   6.18136E-01   1.45955E-05   2.13682E-05   0.00000E+00   1.79987E-03   1.00000E+00   0.00000E+00   1.93789E+00   1.32180E-16            16   7.35711E-10   3.14254E+00
        3699   4.43880E+02   1.20000E-01   6.18136E-01   1.44833E-05   2.11722E-05   0.00000E+00   1.80342E-03   1.00000E+00   0.00000E+00   1.93789E+00   1.31284E-16            16   7.35503E-10   3.14254E+00
        3700   4.44000E+02   1.20000E-01   6.18136E-01   1.43710E-05   2.09761E-05   0.00000E+00   1.80692E-03   1.00000E+00   0.00000E+00   1.93789E+00   1.31759E-16            16   7.35235E-10   3.14255E+00
        3701   4.44120E+02   1.20000E-01   6.18136E-01   1.42585E-05   2.07800E-05   0.00000E+00   1.81036E-03   1.00000E+00   0.00000E+00   1.93789E+00   1.30933E-16            16   7.35161E-10   3.14255E+00
        3702   4.44240E+02   1.20000E-01   6.18136E-01   1.41459E-05   2.05838E-05   0.00000E+00   1.81375E-03   1.00000E+00   0.00000E+00   1.93789E+00   1.31314E-16            16   7.34829E-10   3.14255E+00
        3703   4.44360E+02   1.20000E-01   6.18136E-01   1.40332E-05   2.03875E-05   0.00000E+00   1.81708E-03   1.00000E+00   0.00000E+00   1.93789E+00   1.31149E-16            16   7.34730E-10   3.14255E+00
        3704   4.44480E+02   1.20000E-01   6.18136E-01   1.39204E-05   2.01912E-05   0.00000E+00   1.82035E-03   1.00000E+00   0.00000E+00   1.93789E+00   1.31292E-16            16   7.34516E-10   3.14255E+00
        3705   4.44600E+02   1.20000E-01   6.18136E-01   1.38074E-05   1.99948E-05   0.00000E+00   1.82356E-03   1.00000E+00   0.00000E+00   1.93789E+00   1.30107E-16            16   7.34359E-10   3.14256E+00
        3706   4.44720E+02   1.20000E-01   6.18136E-01   1.36944E-05   1.97984E-05   0.00000E+00   1.82672E-03   1.00000E+00   0.00000E+00   1.93789E+00   1.31043E-16            16   7.34179E-10   3.14256E+00
        3707   4.44840E+02   1.20000E-01   6.18136E-01   1.35813E-05   1.96019E-05   0.00000E+00   1.82981E-03   1.00000E+00   0.00000E+00   1.93789E+00   1.30400E-16            16   7.34051E-10   3.14256E+00
        3708   4.44960E+02   1.20000E-01   6.18136E-01   1.34680E-05   1.94054E-05   0.00000E+00   1.83285E-03   1.00000E+00   0.00000E+00   1.93789E+00   1.30426E-16            16   7.33864E-10   3.14256E+00
        3709   4.45080E+02   1.20000E-01   6.18136E-01   1.33567E-05   1.92088E-05   0.00000E+00   1.83583E-03   1.00000E+00   0.00000E+00   1.93789E+00   1.29829E-16            16   7.33853E-10   3.14256E+00
        3710   4.45200E+02   1.20000E-01   6.18136E-01   1.32548E-05   1.90122E-05   0.00000E+00   1.83875E-03   1.00000E+00   0.00000E+00   1.93789E+00   1.30459E-16            16   7.33588E-10   3.14256E+00
        3711   4.45320E+02   1.20000E-01   6.18136E-01   1.31528E-05   1.88156E-05   0.00000E+00   1.84161E-03   1.00000E+00   0.00000E+00   1.93789E+00   1.29621E-16            16   7.33499E-10   3.14257E+00
        3712   4.45440E+02   1.20000E-01   6.18136E-01   1.30507E-05   1.86190E-05   0.00000E+00   1.84440E-03   1.00000E+00   0.00000E+00   1.93789E+00   1.29924E-16            16   7.33373E-10   3.14257E+00
        3713   4.45560E+02   1.20000E-01   6.18136E-01   1.29485E-05   1.84223E-05   0.00000E+00   1.84714E-03   1.00000E+00   0.00000E+00   1.93789E+00   1.29597E-16            16   7.33340E-10   3.14257E+00
        3714   4.45680E+02   1.20000E-01   6.18136E-01   1.28461E-05   1.82257E-05   0.00000E+00   1.84982E-03   1.00000E+00   0.00000E+00   1.93789E+00   1.29624E-16            16   7.33157E-10   3.14257E+00
        3715   4.45800E+02   1.20000E-01   6.18136E-01   1.27437E-05   1.80290E-05   0.00000E+00   1.85244E-03   1.00000E+00   0.00000E+00   1.93789E+00   1.28989E-16            16   7.33179E-10   3.14257E+00
        3716   4.45920E+02   1.20000E-01   6.18136E-01   1.26411E-05   1.78323E-05   0.00000E+00   1.85499E-03   1.00000E+00   0.00000E+00   1.93789E+00   1.29093E-16            16   7.33025E-10   3.14257E+00
        3717   4.46040E+02   1.20000E-01   6.18136E-01   1.25385E-05   1.76385E-05   0.00000E+00   1.85748E-03   1.00000E+00   0.00000E+00   1.93789E+00   1.29511E-16            16   7.33034E-10   3.14258E+00
        3718   4.46160E+02   1.20000E-01   6.18136E-01   1.24357E-05   1.74584E-05   0.00000E+00   1.85991E-03   1.00000E+00   0.00000E+00   1.93789E+00   1.28509E-16            16   7.32859E-10   3.14258E+00
        3719   4.46280E+02   1.20000E-01   6.18136E-01   1.23329E-05   1.72783E-05   0.00000E+00   1.86228E-03   1.00000E+00   0.00000E+00   1.93789E+00   1.28770E-16            16   7.32870E-10   3.14258E+00
        3720   4.46400E+02   1.20000E-01   6.18136E-01   1.22299E-05   1.70982E-05   0.00000E+00   1.86458E-03   1.00000E+00   0.00000E+00   1.93789E+00   1.28543E-16            16   7.32730E-10   3.14258E+00
        3721   4.46520E+02   1.20000E-01   6.18136E-01   1.21269E-05   1.69181E-05   0.00000E+00   1.86682E-03   1.00000E+00   0.00000E+00   1.93789E+00   1.28879E-16            16   7.32793E-10   3.14258E+00
        3722   4.46640E+02   1.20000E-01   6.18136E-01   1.21199E-05   1.67379E-05   0.00000E+00   1.86900E-03   1.00000E+00   0.00000E+00   1.93789E+00   1.28717E-16            16   7.32572E-10   3.14258E+00
        3723   4.46760E+02   1.20000E-01   6.18136E-01   1.21785E-05   1.65578E-05   0.00000E+00   1.87112E-03   1.00000E+00   0.00000E+00   1.93789E+00   1.27966E-16            16   7.32660E-10   3.14258E+00
        3724   4.46880E+02   1.20000E-01   6.18136E-01   1.22367E-05   1.63776E-05   0.00000E+00   1.87317E-03   1.00000E+00   0.00000E+00   1.93789E+00   1.28112E-16            16   7.32529E-10   3.14259E+00
        3725   4.47000E+02   1.20000E-01   6.18136E-01   1.22944E-05   1.61975E-05   0.00000E+00   1.87517E-03   1.00000E+00   0.00000E+00   1.93789E+00   1.28577E-16            16   7.32594E-10   3.14259E+00
        3726   4.47120E+02   1.20000E-01   6.18136E-01   1.23517E-05   1.60174E-05   0.00000E+00   1.87710E-03   1.00000E+00   0.00000E+00   1.93789E+00   1.27436E-16            16   7.32473E-10   3.14259E+00
        3727   4.47240E+02   1.20000E-01   6.18136E-01   1.24086E-05   1.58373E-05   0.00000E+00   1.87898E-03   1.00000E+00   0.00000E+00   1.93789E+00   1.28132E-16            16   7.32498E-10   3.14259E+00
        3728   4.47360E+02   1.20000E-01   6.18136E-01   1.24650E-05   1.56572E-05   0.00000E+00   1.88080E-03   1.00000E+00   0.00000E+00   1.93789E+00   1.27606E-16            16   7.32380E-10   3.14259E+00
        3729   4.47480E+02   1.20000E-01   6.18136E-01   1.25209E-05   1.54772E-05   0.00000E+00   1.88256E-03   1.00000E+00   0.00000E+00   1.93789E+00   1.27628E-16            16   7.32473E-10   3.14259E+00
