    Timestep          Time      Timestep       Maximum          Umax          Vmax          Wmax          Pmax           VOF           VOF           VOF       Maximum      Pressure      Pressure            A0
      number                        size           CFL                                                               maximum       minimum      integral    divergence     iteration         error
           0   0.00000E+00   1.20000E-01   7.72670E-02   0.00000E+00   0.00000E+00   0.00000E+00   0.00000E+00   1.00000E+00   0.00000E+00   7.75157E+00   0.00000E+00             0   0.00000E+00   0.00000E+00
           1   1.20000E-01   1.20000E-01   7.72670E-02   1.37115E-05   1.61873E-05   0.00000E+00   9.17065E-02   1.00000E+00   0.00000E+00   7.75157E+00   1.48912E-15            15   4.29710E-10   3.20282E+00
           2   2.40000E-01   1.20000E-01   7.72670E-02   2.67540E-05   3.23223E-05   0.00000E+00   9.16202E-02   1.00000E+00   0.00000E+00   7.75157E+00   4.90795E-16            15   4.63105E-10   3.20282E+00
           3   3.60000E-01   1.20000E-01   7.72670E-02   3.95036E-05   4.84027E-05   0.00000E+00   9.15349E-02   1.00000E+00   0.00000E+00   7.75157E+00   3.87920E-16            15   5.71924E-10   3.20282E+00
           4   4.80000E-01   1.20000E-01   7.72670E-02   5.20797E-05   6.44275E-05   0.00000E+00   9.14485E-02   1.00000E+00   0.00000E+00   7.75157E+00   5.47604E-16            15   5.64018E-10   3.20281E+00
           5   6.00000E-01   1.20000E-01   7.72670E-02   6.45136E-05   8.03965E-05   0.00000E+00   9.13604E-02   1.00000E+00   0.00000E+00   7.75157E+00   5.61250E-16            15   5.37124E-10   3.20281E+00
           6   7.20000E-01   1.20000E-01   7.72670E-02   7.68128E-05   9.63094E-05   0.00000E+00   9.12706E-02   1.00000E+00   0.00000E+00   7.75157E+00   5.69513E-16            15   5.35744E-10   3.20280E+00
           7   8.40000E-01   1.20000E-01   7.72670E-02   8.89801E-05   1.12166E-04   0.00000E+00   9.11789E-02   1.00000E+00   0.00000E+00   7.75157E+00   4.50205E-16            15   4.39687E-10   3.20279E+00
           8   9.60000E-01   1.20000E-01   7.72670E-02   1.01018E-04   1.27966E-04   0.00000E+00   9.10854E-02   1.00000E+00   0.00000E+00   7.75157E+00   5.14962E-16            15   4.97390E-10   3.20278E+00
           9   1.08000E+00   1.20000E-01   7.72670E-02   1.12927E-04   1.43710E-04   0.00000E+00   9.09901E-02   1.00000E+00   0.00000E+00   7.75157E+00   6.18642E-16            15   5.70815E-10   3.20277E+00
          10   1.20000E+00   1.20000E-01   7.72670E-02   1.24710E-04   1.59397E-04   0.00000E+00   9.08930E-02   1.00000E+00   0.00000E+00   7.75157E+00   6.45911E-16            15   5.90191E-10   3.20275E+00
          11   1.32000E+00   1.20000E-01   7.72670E-02   1.36369E-04   1.75027E-04   0.00000E+00   9.07941E-02   1.00000E+00   0.00000E+00   7.75157E+00   6.48075E-16            15   5.96871E-10   3.20274E+00
          12   1.44000E+00   1.20000E-01   7.72670E-02   1.47906E-04   1.90600E-04   0.00000E+00   9.06934E-02   1.00000E+00   0.00000E+00   7.75157E+00   6.51951E-16            15   6.04659E-10   3.20272E+00
          13   1.56000E+00   1.20000E-01   7.72670E-02   1.59322E-04   2.06116E-04   0.00000E+00   9.05909E-02   1.00000E+00   0.00000E+00   7.75157E+00   6.53831E-16            15   6.11931E-10   3.20270E+00
          14   1.68000E+00   1.20000E-01   7.72670E-02   1.70618E-04   2.21575E-04   0.00000E+00   9.04866E-02   1.00000E+00   0.00000E+00   7.75157E+00   6.54574E-16            15   6.18981E-10   3.20268E+00
          15   1.80000E+00   1.20000E-01   7.72670E-02   1.81797E-04   2.36977E-04   0.00000E+00   9.03806E-02   1.00000E+00   0.00000E+00   7.75157E+00   6.59949E-16            15   6.25907E-10   3.20266E+00
          16   1.92000E+00   1.20000E-01   7.72670E-02   1.92860E-04   2.52321E-04   0.00000E+00   9.02728E-02   1.00000E+00   0.00000E+00   7.75157E+00   6.64745E-16            15   6.32742E-10   3.20264E+00
          17   2.04000E+00   1.20000E-01   7.72670E-02   2.03808E-04   2.67607E-04   0.00000E+00   9.01632E-02   1.00000E+00   0.00000E+00   7.75157E+00   6.69005E-16            15   6.39494E-10   3.20261E+00
          18   2.16000E+00   1.20000E-01   7.72670E-02   2.14643E-04   2.82836E-04   0.00000E+00   9.00519E-02   1.00000E+00   0.00000E+00   7.75157E+00   6.74427E-16            15   6.46160E-10   3.20258E+00
          19   2.28000E+00   1.20000E-01   7.72670E-02   2.25366E-04   2.98008E-04   0.00000E+00   8.99389E-02   1.00000E+00   0.00000E+00   7.75157E+00   6.84823E-16            15   6.52733E-10   3.20256E+00
          20   2.40000E+00   1.20000E-01   7.72670E-02   2.35978E-04   3.13121E-04   0.00000E+00   8.98241E-02   1.00000E+00   0.00000E+00   7.75157E+00   6.95281E-16            15   6.59204E-10   3.20253E+00
          21   2.52000E+00   1.20000E-01   7.72670E-02   2.46481E-04   3.28177E-04   0.00000E+00   8.97075E-02   1.00000E+00   0.00000E+00   7.75157E+00   7.09605E-16            15   6.65563E-10   3.20249E+00
          22   2.64000E+00   1.20000E-01   7.72670E-02   2.56875E-04   3.43175E-04   0.00000E+00   8.95893E-02   1.00000E+00   0.00000E+00   7.75157E+00   7.31195E-16            15   6.71800E-10   3.20246E+00
          23   2.76000E+00   1.20000E-01   7.72670E-02   2.67163E-04   3.58148E-04   0.00000E+00   8.94693E-02   1.00000E+00   0.00000E+00   7.75157E+00   7.53038E-16            15   6.77905E-10   3.20243E+00
          24   2.88000E+00   1.20000E-01   7.72670E-02   2.77344E-04   3.73252E-04   0.00000E+00   8.93476E-02   1.00000E+00   0.00000E+00   7.75157E+00   7.75421E-16            15   6.83868E-10   3.20239E+00
          25   3.00000E+00   1.20000E-01   7.72670E-02   2.87420E-04   3.88296E-04   0.00000E+00   8.92241E-02   1.00000E+00   0.00000E+00   7.75157E+00   7.97906E-16            15   6.89679E-10   3.20235E+00
          26   3.12000E+00   1.20000E-01   7.72670E-02   2.97392E-04   4.03281E-04   0.00000E+00   8.90990E-02   1.00000E+00   0.00000E+00   7.75157E+00   8.20706E-16            15   6.95330E-10   3.20231E+00
          27   3.24000E+00   1.20000E-01   7.72670E-02   3.07262E-04   4.18206E-04   0.00000E+00   8.89722E-02   1.00000E+00   0.00000E+00   7.75157E+00   8.43539E-16            15   7.00812E-10   3.20227E+00
          28   3.36000E+00   1.20000E-01   7.72670E-02   3.17029E-04   4.33072E-04   0.00000E+00   8.88436E-02   1.00000E+00   0.00000E+00   7.75157E+00   8.67173E-16            15   7.06118E-10   3.20223E+00
          29   3.48000E+00   1.20000E-01   7.72670E-02   3.26696E-04   4.47878E-04   0.00000E+00   8.87134E-02   1.00000E+00   0.00000E+00   7.75157E+00   8.90736E-16            15   7.11240E-10   3.20219E+00
          30   3.60000E+00   1.20000E-01   7.72670E-02   3.36263E-04   4.62625E-04   0.00000E+00   8.85814E-02   1.00000E+00   0.00000E+00   7.75157E+00   9.14468E-16            15   7.16171E-10   3.20214E+00
          31   3.72000E+00   1.20000E-01   7.72670E-02   3.45730E-04   4.77311E-04   0.00000E+00   8.84478E-02   1.00000E+00   0.00000E+00   7.75157E+00   9.38707E-16            15   7.20906E-10   3.20209E+00
          32   3.84000E+00   1.20000E-01   7.72670E-02   3.55100E-04   4.91938E-04   0.00000E+00   8.83125E-02   1.00000E+00   0.00000E+00   7.75157E+00   9.62800E-16            15   7.25441E-10   3.20205E+00
          33   3.96000E+00   1.20000E-01   7.72670E-02   3.64372E-04   5.06505E-04   0.00000E+00   8.81756E-02   1.00000E+00   0.00000E+00   7.75157E+00   9.87277E-16            15   7.29770E-10   3.20200E+00
          34   4.08000E+00   1.20000E-01   7.72670E-02   3.73548E-04   5.21011E-04   0.00000E+00   8.80369E-02   1.00000E+00   0.00000E+00   7.75157E+00   1.01177E-15            15   7.33891E-10   3.20195E+00
          35   4.20000E+00   1.20000E-01   7.72670E-02   3.82628E-04   5.35458E-04   0.00000E+00   8.78966E-02   1.00000E+00   0.00000E+00   7.75157E+00   1.03638E-15            15   7.37802E-10   3.20189E+00
          36   4.32000E+00   1.20000E-01   7.72670E-02   3.91613E-04   5.49844E-04   0.00000E+00   8.77546E-02   1.00000E+00   0.00000E+00   7.75157E+00   1.06106E-15            15   7.41501E-10   3.20184E+00
          37   4.44000E+00   1.20000E-01   7.72670E-02   4.00504E-04   5.64169E-04   0.00000E+00   8.76110E-02   1.00000E+00   0.00000E+00   7.75157E+00   1.08587E-15            15   7.44987E-10   3.20178E+00
          38   4.56000E+00   1.20000E-01   7.72670E-02   4.09969E-04   5.78434E-04   0.00000E+00   8.74657E-02   1.00000E+00   0.00000E+00   7.75157E+00   1.11096E-15            15   7.48284E-10   3.20172E+00
          39   4.68000E+00   1.20000E-01   7.72670E-02   4.19409E-04   5.92639E-04   0.00000E+00   8.73188E-02   1.00000E+00   0.00000E+00   7.75157E+00   1.13533E-15            15   7.51299E-10   3.20167E+00
          40   4.80000E+00   1.20000E-01   7.72670E-02   4.28759E-04   6.06783E-04   0.00000E+00   8.71703E-02   1.00000E+00   0.00000E+00   7.75157E+00   1.16035E-15            15   7.54195E-10   3.20161E+00
          41   4.92000E+00   1.20000E-01   7.72670E-02   4.38019E-04   6.20865E-04   0.00000E+00   8.70201E-02   1.00000E+00   0.00000E+00   7.75157E+00   1.18419E-15            15   7.56799E-10   3.20154E+00
          42   5.04000E+00   1.20000E-01   7.72670E-02   4.47188E-04   6.34887E-04   0.00000E+00   8.68682E-02   1.00000E+00   0.00000E+00   7.75157E+00   1.20951E-15            15   7.59283E-10   3.20148E+00
          43   5.16000E+00   1.20000E-01   7.72670E-02   4.56266E-04   6.48848E-04   0.00000E+00   8.67148E-02   1.00000E+00   0.00000E+00   7.75157E+00   1.23339E-15            15   7.61487E-10   3.20142E+00
          44   5.28000E+00   1.20000E-01   7.72670E-02   4.65255E-04   6.62748E-04   0.00000E+00   8.65597E-02   1.00000E+00   0.00000E+00   7.75157E+00   1.25808E-15            15   7.63576E-10   3.20135E+00
          45   5.40000E+00   1.20000E-01   7.72670E-02   4.74153E-04   6.76587E-04   0.00000E+00   8.64030E-02   1.00000E+00   0.00000E+00   7.75157E+00   1.28176E-15            15   7.65399E-10   3.20128E+00
          46   5.52000E+00   1.20000E-01   7.72670E-02   4.82963E-04   6.90364E-04   0.00000E+00   8.62447E-02   1.00000E+00   0.00000E+00   7.75157E+00   1.30601E-15            15   7.67114E-10   3.20121E+00
          47   5.64000E+00   1.20000E-01   7.72670E-02   4.91683E-04   7.04080E-04   0.00000E+00   8.60848E-02   1.00000E+00   0.00000E+00   7.75157E+00   1.32956E-15            15   7.68598E-10   3.20114E+00
          48   5.76000E+00   1.20000E-01   7.72670E-02   5.00314E-04   7.17734E-04   0.00000E+00   8.59233E-02   1.00000E+00   0.00000E+00   7.75157E+00   1.35289E-15            15   7.69929E-10   3.20107E+00
          49   5.88000E+00   1.20000E-01   7.72670E-02   5.08856E-04   7.31326E-04   0.00000E+00   8.57603E-02   1.00000E+00   0.00000E+00   7.75157E+00   1.37616E-15            15   7.71099E-10   3.20100E+00
          50   6.00000E+00   1.20000E-01   7.72670E-02   5.17311E-04   7.44857E-04   0.00000E+00   8.55956E-02   1.00000E+00   0.00000E+00   7.75157E+00   1.39845E-15            15   7.72115E-10   3.20092E+00
          51   6.12000E+00   1.20000E-01   7.72670E-02   5.25677E-04   7.58326E-04   0.00000E+00   8.54293E-02   1.00000E+00   0.00000E+00   7.75157E+00   1.42119E-15            15   7.72984E-10   3.20085E+00
          52   6.24000E+00   1.20000E-01   7.72670E-02   5.33957E-04   7.71733E-04   0.00000E+00   8.52615E-02   1.00000E+00   0.00000E+00   7.75157E+00   1.44312E-15            15   7.73713E-10   3.20077E+00
          53   6.36000E+00   1.20000E-01   7.72670E-02   5.42149E-04   7.85077E-04   0.00000E+00   8.50921E-02   1.00000E+00   0.00000E+00   7.75157E+00   1.46507E-15            15   7.74310E-10   3.20069E+00
          54   6.48000E+00   1.20000E-01   7.72670E-02   5.50255E-04   7.98360E-04   0.00000E+00   8.49211E-02   1.00000E+00   0.00000E+00   7.75157E+00   1.48635E-15            15   7.74783E-10   3.20061E+00
          55   6.60000E+00   1.20000E-01   7.72670E-02   5.58275E-04   8.11580E-04   0.00000E+00   8.47486E-02   1.00000E+00   0.00000E+00   7.75157E+00   1.50739E-15            15   7.75139E-10   3.20053E+00
          56   6.72000E+00   1.20000E-01   7.72670E-02   5.66209E-04   8.24738E-04   0.00000E+00   8.45745E-02   1.00000E+00   0.00000E+00   7.75157E+00   1.52824E-15            15   7.75386E-10   3.20044E+00
          57   6.84000E+00   1.20000E-01   7.72670E-02   5.74058E-04   8.37833E-04   0.00000E+00   8.43989E-02   1.00000E+00   0.00000E+00   7.75157E+00   1.54867E-15            15   7.75530E-10   3.20036E+00
          58   6.96000E+00   1.20000E-01   7.72670E-02   5.81822E-04   8.50866E-04   0.00000E+00   8.42217E-02   1.00000E+00   0.00000E+00   7.75157E+00   1.56847E-15            15   7.75580E-10   3.20027E+00
          59   7.08000E+00   1.20000E-01   7.72670E-02   5.89503E-04   8.63836E-04   0.00000E+00   8.40430E-02   1.00000E+00   0.00000E+00   7.75157E+00   1.58744E-15            15   7.75541E-10   3.20019E+00
          60   7.20000E+00   1.20000E-01   7.72670E-02   5.97099E-04   8.76743E-04   0.00000E+00   8.38627E-02   1.00000E+00   0.00000E+00   7.75157E+00   1.60701E-15            15   7.75420E-10   3.20010E+00
          61   7.32000E+00   1.20000E-01   7.72670E-02   6.04613E-04   8.89587E-04   0.00000E+00   8.36810E-02   1.00000E+00   0.00000E+00   7.75157E+00   1.62536E-15            15   7.75223E-10   3.20001E+00
          62   7.44000E+00   1.20000E-01   7.72670E-02   6.12043E-04   9.02368E-04   0.00000E+00   8.34977E-02   1.00000E+00   0.00000E+00   7.75157E+00   1.64376E-15            15   7.74957E-10   3.19992E+00
          63   7.56000E+00   1.20000E-01   7.72670E-02   6.19391E-04   9.15086E-04   0.00000E+00   8.33129E-02   1.00000E+00   0.00000E+00   7.75157E+00   1.66174E-15            15   7.74627E-10   3.19982E+00
          64   7.68000E+00   1.20000E-01   7.72670E-02   6.26658E-04   9.27741E-04   0.00000E+00   8.31265E-02   1.00000E+00   0.00000E+00   7.75157E+00   1.67889E-15            15   7.74238E-10   3.19973E+00
          65   7.80000E+00   1.20000E-01   7.72670E-02   6.33843E-04   9.40332E-04   0.00000E+00   8.29387E-02   1.00000E+00   0.00000E+00   7.75157E+00   1.69570E-15            15   7.73795E-10   3.19963E+00
          66   7.92000E+00   1.20000E-01   7.72670E-02   6.40947E-04   9.52860E-04   0.00000E+00   8.27494E-02   1.00000E+00   0.00000E+00   7.75157E+00   1.71241E-15            15   7.73303E-10   3.19954E+00
          67   8.04000E+00   1.20000E-01   7.72670E-02   6.47971E-04   9.65324E-04   0.00000E+00   8.25586E-02   1.00000E+00   0.00000E+00   7.75157E+00   1.72828E-15            15   7.72766E-10   3.19944E+00
          68   8.16000E+00   1.20000E-01   7.72670E-02   6.54915E-04   9.77725E-04   0.00000E+00   8.23663E-02   1.00000E+00   0.00000E+00   7.75157E+00   1.74478E-15            15   7.72188E-10   3.19934E+00
          69   8.28000E+00   1.20000E-01   7.72670E-02   6.61779E-04   9.90062E-04   0.00000E+00   8.21725E-02   1.00000E+00   0.00000E+00   7.75157E+00   1.75989E-15            15   7.71573E-10   3.19924E+00
          70   8.40000E+00   1.20000E-01   7.72670E-02   6.68565E-04   1.00233E-03   0.00000E+00   8.19773E-02   1.00000E+00   0.00000E+00   7.75157E+00   1.77462E-15            15   7.70925E-10   3.19913E+00
          71   8.52000E+00   1.20000E-01   7.72670E-02   6.75272E-04   1.01454E-03   0.00000E+00   8.17806E-02   1.00000E+00   0.00000E+00   7.75157E+00   1.78918E-15            15   7.70247E-10   3.19903E+00
          72   8.64000E+00   1.20000E-01   7.72670E-02   6.81901E-04   1.02669E-03   0.00000E+00   8.15824E-02   1.00000E+00   0.00000E+00   7.75157E+00   1.80339E-15            15   7.69541E-10   3.19893E+00
          73   8.76000E+00   1.20000E-01   7.72670E-02   6.88453E-04   1.03877E-03   0.00000E+00   8.13827E-02   1.00000E+00   0.00000E+00   7.75157E+00   1.81703E-15            15   7.68811E-10   3.19882E+00
          74   8.88000E+00   1.20000E-01   7.72670E-02   6.94927E-04   1.05078E-03   0.00000E+00   8.11817E-02   1.00000E+00   0.00000E+00   7.75157E+00   1.83015E-15            15   7.68059E-10   3.19871E+00
          75   9.00000E+00   1.20000E-01   7.72670E-02   7.01325E-04   1.06274E-03   0.00000E+00   8.09791E-02   1.00000E+00   0.00000E+00   7.75157E+00   1.84326E-15            15   7.67288E-10   3.19860E+00
          76   9.12000E+00   1.20000E-01   7.72670E-02   7.07647E-04   1.07462E-03   0.00000E+00   8.07752E-02   1.00000E+00   0.00000E+00   7.75157E+00   1.85563E-15            15   7.66500E-10   3.19849E+00
          77   9.24000E+00   1.20000E-01   7.72670E-02   7.13893E-04   1.08645E-03   0.00000E+00   8.05698E-02   1.00000E+00   0.00000E+00   7.75157E+00   1.86802E-15            15   7.65696E-10   3.19838E+00
          78   9.36000E+00   1.20000E-01   7.72670E-02   7.20064E-04   1.09820E-03   0.00000E+00   8.03630E-02   1.00000E+00   0.00000E+00   7.75157E+00   1.87965E-15            15   7.64878E-10   3.19827E+00
          79   9.48000E+00   1.20000E-01   7.72670E-02   7.26160E-04   1.10990E-03   0.00000E+00   8.01547E-02   1.00000E+00   0.00000E+00   7.75157E+00   1.89085E-15            15   7.64049E-10   3.19816E+00
          80   9.60000E+00   1.20000E-01   7.72670E-02   7.32182E-04   1.12153E-03   0.00000E+00   7.99451E-02   1.00000E+00   0.00000E+00   7.75157E+00   1.90117E-15            15   7.63210E-10   3.19804E+00
          81   9.72000E+00   1.20000E-01   7.72670E-02   7.38130E-04   1.13309E-03   0.00000E+00   7.97340E-02   1.00000E+00   0.00000E+00   7.75157E+00   1.91181E-15            15   7.62361E-10   3.19793E+00
          82   9.84000E+00   1.20000E-01   7.72670E-02   7.44005E-04   1.14459E-03   0.00000E+00   7.95216E-02   1.00000E+00   0.00000E+00   7.75157E+00   1.92160E-15            15   7.61505E-10   3.19781E+00
          83   9.96000E+00   1.20000E-01   7.72670E-02   7.49806E-04   1.15602E-03   0.00000E+00   7.93077E-02   1.00000E+00   0.00000E+00   7.75157E+00   1.93284E-15            15   7.60643E-10   3.19769E+00
          84   1.00800E+01   1.20000E-01   7.72670E-02   7.56174E-04   1.16739E-03   0.00000E+00   7.90925E-02   1.00000E+00   0.00000E+00   7.75157E+00   1.95027E-15            15   7.59775E-10   3.19757E+00
          85   1.02000E+01   1.20000E-01   7.72670E-02   7.62661E-04   1.17869E-03   0.00000E+00   7.88758E-02   1.00000E+00   0.00000E+00   7.75157E+00   1.96729E-15            15   7.58903E-10   3.19745E+00
          86   1.03200E+01   1.20000E-01   7.72670E-02   7.69094E-04   1.18993E-03   0.00000E+00   7.86579E-02   1.00000E+00   0.00000E+00   7.75157E+00   1.98421E-15            15   7.58027E-10   3.19733E+00
          87   1.04400E+01   1.20000E-01   7.72670E-02   7.75472E-04   1.20110E-03   0.00000E+00   7.84385E-02   1.00000E+00   0.00000E+00   7.75157E+00   2.00057E-15            15   7.57149E-10   3.19720E+00
          88   1.05600E+01   1.20000E-01   7.72670E-02   7.81796E-04   1.21220E-03   0.00000E+00   7.82178E-02   1.00000E+00   0.00000E+00   7.75157E+00   2.01657E-15            15   7.56269E-10   3.19708E+00
          89   1.06800E+01   1.20000E-01   7.72670E-02   7.88066E-04   1.22324E-03   0.00000E+00   7.79957E-02   1.00000E+00   0.00000E+00   7.75157E+00   2.03267E-15            15   7.55388E-10   3.19695E+00
          90   1.08000E+01   1.20000E-01   7.72670E-02   7.94282E-04   1.23422E-03   0.00000E+00   7.77723E-02   1.00000E+00   0.00000E+00   7.75157E+00   2.04775E-15            15   7.54506E-10   3.19682E+00
          91   1.09200E+01   1.20000E-01   7.72670E-02   8.00444E-04   1.24512E-03   0.00000E+00   7.75475E-02   1.00000E+00   0.00000E+00   7.75157E+00   2.06293E-15            15   7.53624E-10   3.19669E+00
          92   1.10400E+01   1.20000E-01   7.72670E-02   8.06552E-04   1.25597E-03   0.00000E+00   7.73214E-02   1.00000E+00   0.00000E+00   7.75157E+00   2.07819E-15            15   7.52743E-10   3.19657E+00
          93   1.11600E+01   1.20000E-01   7.72670E-02   8.12606E-04   1.26674E-03   0.00000E+00   7.70939E-02   1.00000E+00   0.00000E+00   7.75157E+00   2.09221E-15            15   7.51863E-10   3.19643E+00
          94   1.12800E+01   1.20000E-01   7.72670E-02   8.18607E-04   1.27745E-03   0.00000E+00   7.68652E-02   1.00000E+00   0.00000E+00   7.75157E+00   2.10655E-15            15   7.50984E-10   3.19630E+00
          95   1.14000E+01   1.20000E-01   7.72670E-02   8.24554E-04   1.28809E-03   0.00000E+00   7.66351E-02   1.00000E+00   0.00000E+00   7.75157E+00   2.12023E-15            15   7.50107E-10   3.19617E+00
          96   1.15200E+01   1.20000E-01   7.72670E-02   8.30448E-04   1.29867E-03   0.00000E+00   7.64037E-02   1.00000E+00   0.00000E+00   7.75157E+00   2.13357E-15            15   7.49233E-10   3.19603E+00
          97   1.16400E+01   1.20000E-01   7.72670E-02   8.36289E-04   1.30918E-03   0.00000E+00   7.61710E-02   1.00000E+00   0.00000E+00   7.75157E+00   2.14642E-15            15   7.48361E-10   3.19590E+00
          98   1.17600E+01   1.20000E-01   7.72670E-02   8.42076E-04   1.31963E-03   0.00000E+00   7.59370E-02   1.00000E+00   0.00000E+00   7.75157E+00   2.15956E-15            15   7.47493E-10   3.19576E+00
          99   1.18800E+01   1.20000E-01   7.72670E-02   8.47810E-04   1.33000E-03   0.00000E+00   7.57017E-02   1.00000E+00   0.00000E+00   7.75157E+00   2.17202E-15            15   7.46628E-10   3.19562E+00
         100   1.20000E+01   1.20000E-01   7.72670E-02   8.53491E-04   1.34031E-03   0.00000E+00   7.54651E-02   1.00000E+00   0.00000E+00   7.75157E+00   2.18348E-15            15   7.45766E-10   3.19549E+00
         101   1.21200E+01   1.20000E-01   7.72670E-02   8.59120E-04   1.35056E-03   0.00000E+00   7.52273E-02   1.00000E+00   0.00000E+00   7.75157E+00   2.19502E-15            15   7.44908E-10   3.19535E+00
         102   1.22400E+01   1.20000E-01   7.72670E-02   8.64695E-04   1.36073E-03   0.00000E+00   7.49882E-02   1.00000E+00   0.00000E+00   7.75157E+00   2.20667E-15            15   7.44055E-10   3.19520E+00
         103   1.23600E+01   1.20000E-01   7.72670E-02   8.70217E-04   1.37084E-03   0.00000E+00   7.47478E-02   1.00000E+00   0.00000E+00   7.75157E+00   2.21713E-15            15   7.43205E-10   3.19506E+00
         104   1.24800E+01   1.20000E-01   7.72670E-02   8.75687E-04   1.38088E-03   0.00000E+00   7.45062E-02   1.00000E+00   0.00000E+00   7.75157E+00   2.22758E-15            15   7.42361E-10   3.19492E+00
         105   1.26000E+01   1.20000E-01   7.72670E-02   8.81105E-04   1.39086E-03   0.00000E+00   7.42633E-02   1.00000E+00   0.00000E+00   7.75157E+00   2.23770E-15            15   7.41521E-10   3.19477E+00
         106   1.27200E+01   1.20000E-01   7.72670E-02   8.86469E-04   1.40077E-03   0.00000E+00   7.40191E-02   1.00000E+00   0.00000E+00   7.75157E+00   2.24736E-15            15   7.40686E-10   3.19463E+00
         107   1.28400E+01   1.20000E-01   7.72670E-02   8.91781E-04   1.41061E-03   0.00000E+00   7.37738E-02   1.00000E+00   0.00000E+00   7.75157E+00   2.25667E-15            15   7.39856E-10   3.19448E+00
         108   1.29600E+01   1.20000E-01   7.72670E-02   8.97041E-04   1.42038E-03   0.00000E+00   7.35272E-02   1.00000E+00   0.00000E+00   7.75157E+00   2.26565E-15            15   7.39031E-10   3.19433E+00
         109   1.30800E+01   1.20000E-01   7.72670E-02   9.02249E-04   1.43009E-03   0.00000E+00   7.32793E-02   1.00000E+00   0.00000E+00   7.75157E+00   2.27439E-15            15   7.38212E-10   3.19419E+00
         110   1.32000E+01   1.20000E-01   7.72670E-02   9.07404E-04   1.43973E-03   0.00000E+00   7.30303E-02   1.00000E+00   0.00000E+00   7.75157E+00   2.28218E-15            15   7.37399E-10   3.19404E+00
         111   1.33200E+01   1.20000E-01   7.72670E-02   9.12508E-04   1.44930E-03   0.00000E+00   7.27800E-02   1.00000E+00   0.00000E+00   7.75157E+00   2.29024E-15            15   7.36591E-10   3.19388E+00
         112   1.34400E+01   1.20000E-01   7.72670E-02   9.17559E-04   1.45880E-03   0.00000E+00   7.25286E-02   1.00000E+00   0.00000E+00   7.75157E+00   2.29770E-15            15   7.35790E-10   3.19373E+00
         113   1.35600E+01   1.20000E-01   7.72670E-02   9.22558E-04   1.46824E-03   0.00000E+00   7.22759E-02   1.00000E+00   0.00000E+00   7.75157E+00   2.30439E-15            15   7.34994E-10   3.19358E+00
         114   1.36800E+01   1.20000E-01   7.72670E-02   9.27505E-04   1.47761E-03   0.00000E+00   7.20221E-02   1.00000E+00   0.00000E+00   7.75157E+00   2.31086E-15            15   7.34204E-10   3.19343E+00
         115   1.38000E+01   1.20000E-01   7.72670E-02   9.32401E-04   1.48691E-03   0.00000E+00   7.17670E-02   1.00000E+00   0.00000E+00   7.75157E+00   2.31727E-15            15   7.33420E-10   3.19327E+00
         116   1.39200E+01   1.20000E-01   7.72670E-02   9.37244E-04   1.49614E-03   0.00000E+00   7.15108E-02   1.00000E+00   0.00000E+00   7.75157E+00   2.32288E-15            15   7.32643E-10   3.19311E+00
         117   1.40400E+01   1.20000E-01   7.72670E-02   9.42036E-04   1.50531E-03   0.00000E+00   7.12535E-02   1.00000E+00   0.00000E+00   7.75157E+00   2.32834E-15            15   7.31872E-10   3.19296E+00
         118   1.41600E+01   1.20000E-01   7.72670E-02   9.46777E-04   1.51440E-03   0.00000E+00   7.09949E-02   1.00000E+00   0.00000E+00   7.75157E+00   2.33360E-15            15   7.31107E-10   3.19280E+00
         119   1.42800E+01   1.20000E-01   7.72670E-02   9.51466E-04   1.52343E-03   0.00000E+00   7.07352E-02   1.00000E+00   0.00000E+00   7.75157E+00   2.33824E-15            15   7.30349E-10   3.19264E+00
         120   1.44000E+01   1.20000E-01   7.72670E-02   9.56103E-04   1.53239E-03   0.00000E+00   7.04744E-02   1.00000E+00   0.00000E+00   7.75157E+00   2.34262E-15            15   7.29598E-10   3.19248E+00
         121   1.45200E+01   1.20000E-01   7.72670E-02   9.60689E-04   1.54129E-03   0.00000E+00   7.02124E-02   1.00000E+00   0.00000E+00   7.75157E+00   2.34650E-15            15   7.28853E-10   3.19232E+00
         122   1.46400E+01   1.20000E-01   7.72670E-02   9.65223E-04   1.55011E-03   0.00000E+00   6.99493E-02   1.00000E+00   0.00000E+00   7.75157E+00   2.35042E-15            15   7.28114E-10   3.19215E+00
         123   1.47600E+01   1.20000E-01   7.72670E-02   9.69707E-04   1.55887E-03   0.00000E+00   6.96851E-02   1.00000E+00   0.00000E+00   7.75157E+00   2.35343E-15            15   7.27383E-10   3.19199E+00
         124   1.48800E+01   1.20000E-01   7.72670E-02   9.74139E-04   1.56756E-03   0.00000E+00   6.94197E-02   1.00000E+00   0.00000E+00   7.75157E+00   2.35631E-15            15   7.26658E-10   3.19183E+00
         125   1.50000E+01   1.20000E-01   7.72670E-02   9.78520E-04   1.57618E-03   0.00000E+00   6.91533E-02   1.00000E+00   0.00000E+00   7.75157E+00   2.35877E-15            15   7.25940E-10   3.19166E+00
         126   1.51200E+01   1.20000E-01   7.72670E-02   9.82850E-04   1.58473E-03   0.00000E+00   6.88857E-02   1.00000E+00   0.00000E+00   7.75157E+00   2.36111E-15            15   7.25229E-10   3.19150E+00
         127   1.52400E+01   1.20000E-01   7.72670E-02   9.87129E-04   1.59322E-03   0.00000E+00   6.86170E-02   1.00000E+00   0.00000E+00   7.75157E+00   2.36264E-15            15   7.24525E-10   3.19133E+00
         128   1.53600E+01   1.20000E-01   7.72670E-02   9.91357E-04   1.60163E-03   0.00000E+00   6.83472E-02   1.00000E+00   0.00000E+00   7.75157E+00   2.37114E-15            15   7.23827E-10   3.19116E+00
         129   1.54800E+01   1.20000E-01   7.72670E-02   9.95535E-04   1.60998E-03   0.00000E+00   6.80764E-02   1.00000E+00   0.00000E+00   7.75157E+00   2.38735E-15            15   7.23136E-10   3.19099E+00
         130   1.56000E+01   1.20000E-01   7.72670E-02   9.99661E-04   1.61826E-03   0.00000E+00   6.78045E-02   1.00000E+00   0.00000E+00   7.75157E+00   2.40410E-15            15   7.22453E-10   3.19082E+00
         131   1.57200E+01   1.20000E-01   7.72670E-02   1.00374E-03   1.62647E-03   0.00000E+00   6.75315E-02   1.00000E+00   0.00000E+00   7.75157E+00   2.41920E-15            15   7.21776E-10   3.19065E+00
         132   1.58400E+01   1.20000E-01   7.72670E-02   1.00776E-03   1.63461E-03   0.00000E+00   6.72574E-02   1.00000E+00   0.00000E+00   7.75157E+00   2.43489E-15            15   7.21106E-10   3.19048E+00
         133   1.59600E+01   1.20000E-01   7.72670E-02   1.01174E-03   1.64269E-03   0.00000E+00   6.69823E-02   1.00000E+00   0.00000E+00   7.75157E+00   2.44938E-15            15   7.20443E-10   3.19030E+00
         134   1.60800E+01   1.20000E-01   7.72670E-02   1.01566E-03   1.65069E-03   0.00000E+00   6.67062E-02   1.00000E+00   0.00000E+00   7.75157E+00   2.46393E-15            15   7.19787E-10   3.19013E+00
         135   1.62000E+01   1.20000E-01   7.72670E-02   1.01953E-03   1.65863E-03   0.00000E+00   6.64290E-02   1.00000E+00   0.00000E+00   7.75157E+00   2.47810E-15            15   7.19137E-10   3.18996E+00
         136   1.63200E+01   1.20000E-01   7.72670E-02   1.02336E-03   1.66650E-03   0.00000E+00   6.61508E-02   1.00000E+00   0.00000E+00   7.75157E+00   2.49165E-15            15   7.18495E-10   3.18978E+00
         137   1.64400E+01   1.20000E-01   7.72670E-02   1.02713E-03   1.67430E-03   0.00000E+00   6.58715E-02   1.00000E+00   0.00000E+00   7.75157E+00   2.50450E-15            15   7.17859E-10   3.18960E+00
         138   1.65600E+01   1.20000E-01   7.72670E-02   1.03085E-03   1.68203E-03   0.00000E+00   6.55912E-02   1.00000E+00   0.00000E+00   7.75157E+00   2.51811E-15            15   7.17230E-10   3.18943E+00
         139   1.66800E+01   1.20000E-01   7.72670E-02   1.03453E-03   1.68969E-03   0.00000E+00   6.53100E-02   1.00000E+00   0.00000E+00   7.75157E+00   2.53002E-15            15   7.16608E-10   3.18925E+00
         140   1.68000E+01   1.20000E-01   7.72670E-02   1.03815E-03   1.69729E-03   0.00000E+00   6.50277E-02   1.00000E+00   0.00000E+00   7.75157E+00   2.54202E-15            15   7.15993E-10   3.18907E+00
         141   1.69200E+01   1.20000E-01   7.72670E-02   1.04172E-03   1.70482E-03   0.00000E+00   6.47444E-02   1.00000E+00   0.00000E+00   7.75157E+00   2.55358E-15            15   7.15384E-10   3.18889E+00
         142   1.70400E+01   1.20000E-01   7.72670E-02   1.04525E-03   1.71227E-03   0.00000E+00   6.44601E-02   1.00000E+00   0.00000E+00   7.75157E+00   2.56489E-15            15   7.14782E-10   3.18871E+00
         143   1.71600E+01   1.20000E-01   7.72670E-02   1.04872E-03   1.71966E-03   0.00000E+00   6.41749E-02   1.00000E+00   0.00000E+00   7.75157E+00   2.57549E-15            15   7.14187E-10   3.18853E+00
         144   1.72800E+01   1.20000E-01   7.72670E-02   1.05214E-03   1.72698E-03   0.00000E+00   6.38887E-02   1.00000E+00   0.00000E+00   7.75157E+00   2.58611E-15            15   7.13598E-10   3.18834E+00
         145   1.74000E+01   1.20000E-01   7.72670E-02   1.05552E-03   1.73423E-03   0.00000E+00   6.36015E-02   1.00000E+00   0.00000E+00   7.75157E+00   2.59615E-15            15   7.13015E-10   3.18816E+00
         146   1.75200E+01   1.20000E-01   7.72670E-02   1.05915E-03   1.74142E-03   0.00000E+00   6.33134E-02   1.00000E+00   0.00000E+00   7.75157E+00   2.60568E-15            15   7.12439E-10   3.18798E+00
         147   1.76400E+01   1.20000E-01   7.72670E-02   1.06337E-03   1.74853E-03   0.00000E+00   6.30243E-02   1.00000E+00   0.00000E+00   7.75157E+00   2.61468E-15            15   7.11869E-10   3.18779E+00
         148   1.77600E+01   1.20000E-01   7.72670E-02   1.06755E-03   1.75558E-03   0.00000E+00   6.27342E-02   1.00000E+00   0.00000E+00   7.75157E+00   2.62372E-15            15   7.11305E-10   3.18760E+00
         149   1.78800E+01   1.20000E-01   7.72670E-02   1.07167E-03   1.76256E-03   0.00000E+00   6.24433E-02   1.00000E+00   0.00000E+00   7.75157E+00   2.63189E-15            15   7.10748E-10   3.18742E+00
         150   1.80000E+01   1.20000E-01   7.72670E-02   1.07575E-03   1.76947E-03   0.00000E+00   6.21514E-02   1.00000E+00   0.00000E+00   7.75157E+00   2.64051E-15            15   7.10183E-10   3.18723E+00
         151   1.81200E+01   1.20000E-01   7.72670E-02   1.07979E-03   1.77631E-03   0.00000E+00   6.18586E-02   1.00000E+00   0.00000E+00   7.75157E+00   2.64781E-15            15   7.09611E-10   3.18704E+00
         152   1.82400E+01   1.20000E-01   7.72670E-02   1.08377E-03   1.78308E-03   0.00000E+00   6.15649E-02   1.00000E+00   0.00000E+00   7.75157E+00   2.65605E-15            15   7.09085E-10   3.18685E+00
         153   1.83600E+01   1.20000E-01   7.72670E-02   1.08771E-03   1.78979E-03   0.00000E+00   6.12703E-02   1.00000E+00   0.00000E+00   7.75157E+00   2.66105E-15            15   7.08539E-10   3.18666E+00
         154   1.84800E+01   1.20000E-01   7.72670E-02   1.09159E-03   1.79642E-03   0.00000E+00   6.09747E-02   1.00000E+00   0.00000E+00   7.75157E+00   2.66821E-15            15   7.08013E-10   3.18647E+00
         155   1.86000E+01   1.20000E-01   7.72670E-02   1.09543E-03   1.80299E-03   0.00000E+00   6.06783E-02   1.00000E+00   0.00000E+00   7.75157E+00   2.67466E-15            15   7.07499E-10   3.18628E+00
         156   1.87200E+01   1.20000E-01   7.72670E-02   1.09922E-03   1.80949E-03   0.00000E+00   6.03811E-02   1.00000E+00   0.00000E+00   7.75157E+00   2.68115E-15            15   7.06991E-10   3.18609E+00
         157   1.88400E+01   1.20000E-01   7.72670E-02   1.10297E-03   1.81592E-03   0.00000E+00   6.00829E-02   1.00000E+00   0.00000E+00   7.75157E+00   2.68686E-15            15   7.06488E-10   3.18589E+00
         158   1.89600E+01   1.20000E-01   7.72670E-02   1.10666E-03   1.82228E-03   0.00000E+00   5.97839E-02   1.00000E+00   0.00000E+00   7.75157E+00   2.69177E-15            15   7.05987E-10   3.18570E+00
         159   1.90800E+01   1.20000E-01   7.72670E-02   1.11031E-03   1.82858E-03   0.00000E+00   5.94840E-02   1.00000E+00   0.00000E+00   7.75157E+00   2.69714E-15            15   7.05490E-10   3.18551E+00
         160   1.92000E+01   1.20000E-01   7.72670E-02   1.11391E-03   1.83480E-03   0.00000E+00   5.91833E-02   1.00000E+00   0.00000E+00   7.75157E+00   2.70195E-15            15   7.04997E-10   3.18531E+00
         161   1.93200E+01   1.20000E-01   7.72670E-02   1.11746E-03   1.84096E-03   0.00000E+00   5.88817E-02   1.00000E+00   0.00000E+00   7.75157E+00   2.70659E-15            15   7.04506E-10   3.18511E+00
         162   1.94400E+01   1.20000E-01   7.72670E-02   1.12097E-03   1.84705E-03   0.00000E+00   5.85793E-02   1.00000E+00   0.00000E+00   7.75157E+00   2.71113E-15            15   7.04004E-10   3.18492E+00
         163   1.95600E+01   1.20000E-01   7.72670E-02   1.12443E-03   1.85307E-03   0.00000E+00   5.82761E-02   1.00000E+00   0.00000E+00   7.75157E+00   2.71488E-15            15   7.03478E-10   3.18472E+00
         164   1.96800E+01   1.20000E-01   7.72670E-02   1.12783E-03   1.85903E-03   0.00000E+00   5.79721E-02   1.00000E+00   0.00000E+00   7.75157E+00   2.71956E-15            15   7.02996E-10   3.18452E+00
         165   1.98000E+01   1.20000E-01   7.72670E-02   1.13120E-03   1.86491E-03   0.00000E+00   5.76672E-02   1.00000E+00   0.00000E+00   7.75157E+00   2.72108E-15            15   7.02487E-10   3.18432E+00
         166   1.99200E+01   1.20000E-01   7.72670E-02   1.13451E-03   1.87073E-03   0.00000E+00   5.73616E-02   1.00000E+00   0.00000E+00   7.75157E+00   2.72489E-15            15   7.01992E-10   3.18412E+00
         167   2.00400E+01   1.20000E-01   7.72670E-02   1.13778E-03   1.87648E-03   0.00000E+00   5.70551E-02   1.00000E+00   0.00000E+00   7.75157E+00   2.72740E-15            15   7.01503E-10   3.18392E+00
         168   2.01600E+01   1.20000E-01   7.72670E-02   1.14099E-03   1.88216E-03   0.00000E+00   5.67479E-02   1.00000E+00   0.00000E+00   7.75157E+00   2.72997E-15            15   7.01013E-10   3.18372E+00
         169   2.02800E+01   1.20000E-01   7.72670E-02   1.14417E-03   1.88777E-03   0.00000E+00   5.64399E-02   1.00000E+00   0.00000E+00   7.75157E+00   2.73293E-15            15   7.00523E-10   3.18352E+00
         170   2.04000E+01   1.20000E-01   7.72670E-02   1.14729E-03   1.89332E-03   0.00000E+00   5.61312E-02   1.00000E+00   0.00000E+00   7.75157E+00   2.73514E-15            15   7.00031E-10   3.18332E+00
         171   2.05200E+01   1.20000E-01   7.72670E-02   1.15037E-03   1.89880E-03   0.00000E+00   5.58216E-02   1.00000E+00   0.00000E+00   7.75157E+00   2.73745E-15            15   6.99538E-10   3.18311E+00
         172   2.06400E+01   1.20000E-01   7.72670E-02   1.15340E-03   1.90421E-03   0.00000E+00   5.55114E-02   1.00000E+00   0.00000E+00   7.75157E+00   2.73941E-15            15   6.99041E-10   3.18291E+00
         173   2.07600E+01   1.20000E-01   7.72670E-02   1.15638E-03   1.90955E-03   0.00000E+00   5.52003E-02   1.00000E+00   0.00000E+00   7.75157E+00   2.74130E-15            15   6.98542E-10   3.18271E+00
         174   2.08800E+01   1.20000E-01   7.72670E-02   1.15931E-03   1.91483E-03   0.00000E+00   5.48886E-02   1.00000E+00   0.00000E+00   7.75157E+00   2.74348E-15            15   6.98038E-10   3.18250E+00
         175   2.10000E+01   1.20000E-01   7.72670E-02   1.16220E-03   1.92003E-03   0.00000E+00   5.45761E-02   1.00000E+00   0.00000E+00   7.75157E+00   2.74471E-15            15   6.97531E-10   3.18229E+00
         176   2.11200E+01   1.20000E-01   7.72670E-02   1.16504E-03   1.92517E-03   0.00000E+00   5.42629E-02   1.00000E+00   0.00000E+00   7.75157E+00   2.74602E-15            15   6.97018E-10   3.18209E+00
         177   2.12400E+01   1.20000E-01   7.72670E-02   1.16783E-03   1.93025E-03   0.00000E+00   5.39490E-02   1.00000E+00   0.00000E+00   7.75157E+00   2.74734E-15            15   6.96500E-10   3.18188E+00
         178   2.13600E+01   1.20000E-01   7.72670E-02   1.17058E-03   1.93525E-03   0.00000E+00   5.36344E-02   1.00000E+00   0.00000E+00   7.75157E+00   2.74791E-15            15   6.95975E-10   3.18167E+00
         179   2.14800E+01   1.20000E-01   7.72670E-02   1.17328E-03   1.94019E-03   0.00000E+00   5.33191E-02   1.00000E+00   0.00000E+00   7.75157E+00   2.74880E-15            15   6.95444E-10   3.18147E+00
         180   2.16000E+01   1.20000E-01   7.72670E-02   1.17593E-03   1.94506E-03   0.00000E+00   5.30031E-02   1.00000E+00   0.00000E+00   7.75157E+00   2.74995E-15            15   6.94904E-10   3.18126E+00
         181   2.17200E+01   1.20000E-01   7.72670E-02   1.17853E-03   1.94986E-03   0.00000E+00   5.26864E-02   1.00000E+00   0.00000E+00   7.75157E+00   2.75044E-15            15   6.94357E-10   3.18105E+00
         182   2.18400E+01   1.20000E-01   7.72670E-02   1.18109E-03   1.95460E-03   0.00000E+00   5.23691E-02   1.00000E+00   0.00000E+00   7.75157E+00   2.75041E-15            15   6.93801E-10   3.18084E+00
         183   2.19600E+01   1.20000E-01   7.72670E-02   1.18360E-03   1.95927E-03   0.00000E+00   5.20511E-02   1.00000E+00   0.00000E+00   7.75157E+00   2.75029E-15            15   6.93235E-10   3.18063E+00
         184   2.20800E+01   1.20000E-01   7.72670E-02   1.18607E-03   1.96387E-03   0.00000E+00   5.17324E-02   1.00000E+00   0.00000E+00   7.75157E+00   2.75085E-15            15   6.92659E-10   3.18041E+00
         185   2.22000E+01   1.20000E-01   7.72670E-02   1.18849E-03   1.96840E-03   0.00000E+00   5.14131E-02   1.00000E+00   0.00000E+00   7.75157E+00   2.74946E-15            15   6.92072E-10   3.18020E+00
         186   2.23200E+01   1.20000E-01   7.72670E-02   1.19086E-03   1.97287E-03   0.00000E+00   5.10932E-02   1.00000E+00   0.00000E+00   7.75157E+00   2.74930E-15            15   6.91474E-10   3.17999E+00
         187   2.24400E+01   1.20000E-01   7.72670E-02   1.19319E-03   1.97727E-03   0.00000E+00   5.07726E-02   1.00000E+00   0.00000E+00   7.75157E+00   2.74839E-15            15   6.90864E-10   3.17978E+00
         188   2.25600E+01   1.20000E-01   7.72670E-02   1.19547E-03   1.98161E-03   0.00000E+00   5.04515E-02   1.00000E+00   0.00000E+00   7.75157E+00   2.74723E-15            15   6.90242E-10   3.17956E+00
         189   2.26800E+01   1.20000E-01   7.72670E-02   1.19770E-03   1.98587E-03   0.00000E+00   5.01297E-02   1.00000E+00   0.00000E+00   7.75157E+00   2.74520E-15            15   6.89607E-10   3.17935E+00
         190   2.28000E+01   1.20000E-01   7.72670E-02   1.19989E-03   1.99008E-03   0.00000E+00   4.98073E-02   1.00000E+00   0.00000E+00   7.75157E+00   2.74358E-15            15   6.88958E-10   3.17913E+00
         191   2.29200E+01   1.20000E-01   7.72670E-02   1.20203E-03   1.99421E-03   0.00000E+00   4.94843E-02   1.00000E+00   0.00000E+00   7.75157E+00   2.74115E-15            15   6.88296E-10   3.17892E+00
         192   2.30400E+01   1.20000E-01   7.72670E-02   1.20412E-03   1.99828E-03   0.00000E+00   4.91607E-02   1.00000E+00   0.00000E+00   7.75157E+00   2.73964E-15            15   6.87619E-10   3.17870E+00
         193   2.31600E+01   1.20000E-01   7.72670E-02   1.20617E-03   2.00228E-03   0.00000E+00   4.88366E-02   1.00000E+00   0.00000E+00   7.75157E+00   2.73673E-15            15   6.86927E-10   3.17849E+00
         194   2.32800E+01   1.20000E-01   7.72670E-02   1.20817E-03   2.00621E-03   0.00000E+00   4.85119E-02   1.00000E+00   0.00000E+00   7.75157E+00   2.73378E-15            15   6.86220E-10   3.17827E+00
         195   2.34000E+01   1.20000E-01   7.72670E-02   1.21013E-03   2.01008E-03   0.00000E+00   4.81866E-02   1.00000E+00   0.00000E+00   7.75157E+00   2.72955E-15            15   6.85497E-10   3.17805E+00
         196   2.35200E+01   1.20000E-01   7.72670E-02   1.21204E-03   2.01389E-03   0.00000E+00   4.78608E-02   1.00000E+00   0.00000E+00   7.75157E+00   2.72620E-15            15   6.84759E-10   3.17784E+00
         197   2.36400E+01   1.20000E-01   7.72670E-02   1.21391E-03   2.01762E-03   0.00000E+00   4.75344E-02   1.00000E+00   0.00000E+00   7.75157E+00   2.72197E-15            15   6.84003E-10   3.17762E+00
         198   2.37600E+01   1.20000E-01   7.72670E-02   1.21573E-03   2.02129E-03   0.00000E+00   4.72075E-02   1.00000E+00   0.00000E+00   7.75157E+00   2.71787E-15            15   6.83231E-10   3.17740E+00
         199   2.38800E+01   1.20000E-01   7.72670E-02   1.21750E-03   2.02490E-03   0.00000E+00   4.68800E-02   1.00000E+00   0.00000E+00   7.75157E+00   2.71256E-15            15   6.82442E-10   3.17718E+00
         200   2.40000E+01   1.20000E-01   7.72670E-02   1.21923E-03   2.02844E-03   0.00000E+00   4.65521E-02   1.00000E+00   0.00000E+00   7.75157E+00   2.70678E-15            15   6.81635E-10   3.17696E+00
         201   2.41200E+01   1.20000E-01   7.72670E-02   1.22091E-03   2.03191E-03   0.00000E+00   4.62236E-02   1.00000E+00   0.00000E+00   7.75157E+00   2.70088E-15            15   6.80810E-10   3.17674E+00
         202   2.42400E+01   1.20000E-01   7.72670E-02   1.22255E-03   2.03532E-03   0.00000E+00   4.58946E-02   1.00000E+00   0.00000E+00   7.75157E+00   2.69454E-15            15   6.79967E-10   3.17652E+00
         203   2.43600E+01   1.20000E-01   7.72670E-02   1.22414E-03   2.03866E-03   0.00000E+00   4.55652E-02   1.00000E+00   0.00000E+00   7.75157E+00   2.68798E-15            15   6.79106E-10   3.17630E+00
         204   2.44800E+01   1.20000E-01   7.72670E-02   1.22569E-03   2.04194E-03   0.00000E+00   4.52352E-02   1.00000E+00   0.00000E+00   7.75157E+00   2.68029E-15            15   6.78225E-10   3.17608E+00
         205   2.46000E+01   1.20000E-01   7.72670E-02   1.22720E-03   2.04515E-03   0.00000E+00   4.49048E-02   1.00000E+00   0.00000E+00   7.75157E+00   2.67308E-15            15   6.77325E-10   3.17585E+00
         206   2.47200E+01   1.20000E-01   7.72670E-02   1.22865E-03   2.04829E-03   0.00000E+00   4.45739E-02   1.00000E+00   0.00000E+00   7.75157E+00   2.66518E-15            15   6.76406E-10   3.17563E+00
         207   2.48400E+01   1.20000E-01   7.72670E-02   1.23007E-03   2.05137E-03   0.00000E+00   4.42426E-02   1.00000E+00   0.00000E+00   7.75157E+00   2.65622E-15            15   6.75467E-10   3.17541E+00
         208   2.49600E+01   1.20000E-01   7.72670E-02   1.23144E-03   2.05439E-03   0.00000E+00   4.39108E-02   1.00000E+00   0.00000E+00   7.75157E+00   2.64663E-15            15   6.74507E-10   3.17518E+00
         209   2.50800E+01   1.20000E-01   7.72670E-02   1.23276E-03   2.05734E-03   0.00000E+00   4.35786E-02   1.00000E+00   0.00000E+00   7.75157E+00   2.63699E-15            15   6.73528E-10   3.17496E+00
         210   2.52000E+01   1.20000E-01   7.72670E-02   1.23404E-03   2.06022E-03   0.00000E+00   4.32459E-02   1.00000E+00   0.00000E+00   7.75157E+00   2.62600E-15            15   6.72527E-10   3.17474E+00
         211   2.53200E+01   1.20000E-01   7.72670E-02   1.23527E-03   2.06305E-03   0.00000E+00   4.29128E-02   1.00000E+00   0.00000E+00   7.75157E+00   2.61577E-15            15   6.71505E-10   3.17451E+00
         212   2.54400E+01   1.20000E-01   7.72670E-02   1.23647E-03   2.06580E-03   0.00000E+00   4.25793E-02   1.00000E+00   0.00000E+00   7.75157E+00   2.60392E-15            15   6.70462E-10   3.17429E+00
         213   2.55600E+01   1.20000E-01   7.72670E-02   1.23761E-03   2.06849E-03   0.00000E+00   4.22454E-02   1.00000E+00   0.00000E+00   7.75157E+00   2.59286E-15            15   6.69397E-10   3.17406E+00
         214   2.56800E+01   1.20000E-01   7.72670E-02   1.23872E-03   2.07112E-03   0.00000E+00   4.19111E-02   1.00000E+00   0.00000E+00   7.75157E+00   2.58037E-15            15   6.68310E-10   3.17384E+00
         215   2.58000E+01   1.20000E-01   7.72670E-02   1.23977E-03   2.07368E-03   0.00000E+00   4.15763E-02   1.00000E+00   0.00000E+00   7.75157E+00   2.56704E-15            15   6.67200E-10   3.17361E+00
         216   2.59200E+01   1.20000E-01   7.72670E-02   1.24079E-03   2.07618E-03   0.00000E+00   4.12412E-02   1.00000E+00   0.00000E+00   7.75157E+00   2.55310E-15            15   6.66067E-10   3.17338E+00
         217   2.60400E+01   1.20000E-01   7.72670E-02   1.24176E-03   2.07861E-03   0.00000E+00   4.09058E-02   1.00000E+00   0.00000E+00   7.75157E+00   2.54021E-15            15   6.64911E-10   3.17316E+00
         218   2.61600E+01   1.20000E-01   7.72670E-02   1.24269E-03   2.08098E-03   0.00000E+00   4.05699E-02   1.00000E+00   0.00000E+00   7.75157E+00   2.52538E-15            15   6.63732E-10   3.17293E+00
         219   2.62800E+01   1.20000E-01   7.72670E-02   1.24357E-03   2.08329E-03   0.00000E+00   4.02338E-02   1.00000E+00   0.00000E+00   7.75157E+00   2.51005E-15            15   6.62528E-10   3.17270E+00
         220   2.64000E+01   1.20000E-01   7.72670E-02   1.24441E-03   2.08553E-03   0.00000E+00   3.98972E-02   1.00000E+00   0.00000E+00   7.75157E+00   2.49424E-15            15   6.61300E-10   3.17247E+00
         221   2.65200E+01   1.20000E-01   7.72670E-02   1.24521E-03   2.08770E-03   0.00000E+00   3.95603E-02   1.00000E+00   0.00000E+00   7.75157E+00   2.47769E-15            15   6.60047E-10   3.17225E+00
         222   2.66400E+01   1.20000E-01   7.72670E-02   1.24596E-03   2.08982E-03   0.00000E+00   3.92231E-02   1.00000E+00   0.00000E+00   7.75157E+00   2.46051E-15            15   6.58768E-10   3.17202E+00
         223   2.67600E+01   1.20000E-01   7.72670E-02   1.24667E-03   2.09187E-03   0.00000E+00   3.88856E-02   1.00000E+00   0.00000E+00   7.75157E+00   2.44362E-15            15   6.57464E-10   3.17179E+00
         224   2.68800E+01   1.20000E-01   7.72670E-02   1.24734E-03   2.09385E-03   0.00000E+00   3.85477E-02   1.00000E+00   0.00000E+00   7.75157E+00   2.42585E-15            15   6.56133E-10   3.17156E+00
         225   2.70000E+01   1.20000E-01   7.72670E-02   1.24796E-03   2.09578E-03   0.00000E+00   3.82096E-02   1.00000E+00   0.00000E+00   7.75157E+00   2.40699E-15            15   6.54775E-10   3.17133E+00
         226   2.71200E+01   1.20000E-01   7.72670E-02   1.24854E-03   2.09764E-03   0.00000E+00   3.78711E-02   1.00000E+00   0.00000E+00   7.75157E+00   2.38738E-15            15   6.53390E-10   3.17110E+00
         227   2.72400E+01   1.20000E-01   7.72670E-02   1.24908E-03   2.09943E-03   0.00000E+00   3.75324E-02   1.00000E+00   0.00000E+00   7.75157E+00   2.36851E-15            15   6.51977E-10   3.17087E+00
         228   2.73600E+01   1.20000E-01   7.72670E-02   1.24958E-03   2.10117E-03   0.00000E+00   3.71934E-02   1.00000E+00   0.00000E+00   7.75157E+00   2.34857E-15            15   6.50535E-10   3.17064E+00
         229   2.74800E+01   1.20000E-01   7.72670E-02   1.25003E-03   2.10284E-03   0.00000E+00   3.68541E-02   1.00000E+00   0.00000E+00   7.75157E+00   2.32730E-15            15   6.49063E-10   3.17041E+00
         230   2.76000E+01   1.20000E-01   7.72670E-02   1.25044E-03   2.10445E-03   0.00000E+00   3.65145E-02   1.00000E+00   0.00000E+00   7.75157E+00   2.30624E-15            15   6.47562E-10   3.17018E+00
         231   2.77200E+01   1.20000E-01   7.72670E-02   1.25081E-03   2.10599E-03   0.00000E+00   3.61747E-02   1.00000E+00   0.00000E+00   7.75157E+00   2.28409E-15            15   6.46031E-10   3.16995E+00
         232   2.78400E+01   1.20000E-01   7.72670E-02   1.25113E-03   2.10747E-03   0.00000E+00   3.58346E-02   1.00000E+00   0.00000E+00   7.75157E+00   2.26249E-15            15   6.44468E-10   3.16971E+00
         233   2.79600E+01   1.20000E-01   7.72670E-02   1.25142E-03   2.10889E-03   0.00000E+00   3.54943E-02   1.00000E+00   0.00000E+00   7.75157E+00   2.23943E-15            15   6.42873E-10   3.16948E+00
         234   2.80800E+01   1.20000E-01   7.72670E-02   1.25166E-03   2.11025E-03   0.00000E+00   3.51538E-02   1.00000E+00   0.00000E+00   7.75157E+00   2.21573E-15            15   6.41245E-10   3.16925E+00
         235   2.82000E+01   1.20000E-01   7.72670E-02   1.25186E-03   2.11155E-03   0.00000E+00   3.48130E-02   1.00000E+00   0.00000E+00   7.75157E+00   2.19216E-15            15   6.39584E-10   3.16902E+00
         236   2.83200E+01   1.20000E-01   7.72670E-02   1.25202E-03   2.11278E-03   0.00000E+00   3.44720E-02   1.00000E+00   0.00000E+00   7.75157E+00   2.16734E-15            15   6.37888E-10   3.16878E+00
         237   2.84400E+01   1.20000E-01   7.72670E-02   1.25214E-03   2.11395E-03   0.00000E+00   3.41309E-02   1.00000E+00   0.00000E+00   7.75157E+00   2.14225E-15            15   6.36157E-10   3.16855E+00
         238   2.85600E+01   1.20000E-01   7.72670E-02   1.25221E-03   2.11506E-03   0.00000E+00   3.37895E-02   1.00000E+00   0.00000E+00   7.75157E+00   2.11751E-15            15   6.34390E-10   3.16832E+00
         239   2.86800E+01   1.20000E-01   7.72670E-02   1.25225E-03   2.11611E-03   0.00000E+00   3.34479E-02   1.00000E+00   0.00000E+00   7.75157E+00   2.09140E-15            15   6.32585E-10   3.16809E+00
         240   2.88000E+01   1.20000E-01   7.72670E-02   1.25224E-03   2.11709E-03   0.00000E+00   3.31062E-02   1.00000E+00   0.00000E+00   7.75157E+00   2.06480E-15            15   6.30742E-10   3.16785E+00
         241   2.89200E+01   1.20000E-01   7.72670E-02   1.25219E-03   2.11801E-03   0.00000E+00   3.27643E-02   1.00000E+00   0.00000E+00   7.75157E+00   2.03795E-15            15   6.28861E-10   3.16762E+00
         242   2.90400E+01   1.20000E-01   7.72670E-02   1.25210E-03   2.11888E-03   0.00000E+00   3.24222E-02   1.00000E+00   0.00000E+00   7.75157E+00   2.01016E-15            15   6.26939E-10   3.16738E+00
         243   2.91600E+01   1.20000E-01   7.72670E-02   1.25197E-03   2.11968E-03   0.00000E+00   3.20799E-02   1.00000E+00   0.00000E+00   7.75157E+00   1.98231E-15            15   6.24976E-10   3.16715E+00
         244   2.92800E+01   1.20000E-01   7.72670E-02   1.25180E-03   2.12042E-03   0.00000E+00   3.17376E-02   1.00000E+00   0.00000E+00   7.75157E+00   1.95420E-15            15   6.22969E-10   3.16692E+00
         245   2.94000E+01   1.20000E-01   7.72670E-02   1.25159E-03   2.12110E-03   0.00000E+00   3.13950E-02   1.00000E+00   0.00000E+00   7.75157E+00   1.92537E-15            15   6.20917E-10   3.16668E+00
         246   2.95200E+01   1.20000E-01   7.72670E-02   1.25134E-03   2.12172E-03   0.00000E+00   3.10524E-02   1.00000E+00   0.00000E+00   7.75157E+00   1.89548E-15            15   6.18821E-10   3.16645E+00
         247   2.96400E+01   1.20000E-01   7.72670E-02   1.25105E-03   2.12227E-03   0.00000E+00   3.07096E-02   1.00000E+00   0.00000E+00   7.75157E+00   1.86533E-15            15   6.16679E-10   3.16621E+00
         248   2.97600E+01   1.20000E-01   7.72670E-02   1.25071E-03   2.12277E-03   0.00000E+00   3.03667E-02   1.00000E+00   0.00000E+00   7.75157E+00   1.84276E-15            15   6.14489E-10   3.16598E+00
         249   2.98800E+01   1.20000E-01   7.72670E-02   1.25034E-03   2.12321E-03   0.00000E+00   3.00237E-02   1.00000E+00   0.00000E+00   7.75157E+00   1.83806E-15            15   6.12250E-10   3.16574E+00
         250   3.00000E+01   1.20000E-01   7.72670E-02   1.24993E-03   2.12358E-03   0.00000E+00   2.96806E-02   1.00000E+00   0.00000E+00   7.75157E+00   1.83161E-15            15   6.09881E-10   3.16551E+00
         251   3.01200E+01   1.20000E-01   7.72670E-02   1.24948E-03   2.12390E-03   0.00000E+00   2.93374E-02   1.00000E+00   0.00000E+00   7.75157E+00   1.82339E-15            15   6.07190E-10   3.16527E+00
         252   3.02400E+01   1.20000E-01   7.72670E-02   1.24899E-03   2.12416E-03   0.00000E+00   2.89942E-02   1.00000E+00   0.00000E+00   7.75157E+00   1.81570E-15            15   6.04795E-10   3.16504E+00
         253   3.03600E+01   1.20000E-01   7.72670E-02   1.24845E-03   2.12435E-03   0.00000E+00   2.86509E-02   1.00000E+00   0.00000E+00   7.75157E+00   1.81223E-15            15   6.02533E-10   3.16480E+00
         254   3.04800E+01   1.20000E-01   7.72670E-02   1.24788E-03   2.12449E-03   0.00000E+00   2.83075E-02   1.00000E+00   0.00000E+00   7.75157E+00   1.80827E-15            15   5.99866E-10   3.16456E+00
         255   3.06000E+01   1.20000E-01   7.72670E-02   1.24727E-03   2.12456E-03   0.00000E+00   2.79641E-02   1.00000E+00   0.00000E+00   7.75157E+00   1.79288E-15            15   5.96483E-10   3.16433E+00
         256   3.07200E+01   1.20000E-01   7.72670E-02   1.24662E-03   2.12458E-03   0.00000E+00   2.76206E-02   1.00000E+00   0.00000E+00   7.75157E+00   1.80633E-15            15   5.96400E-10   3.16409E+00
         257   3.08400E+01   1.20000E-01   7.72670E-02   1.24593E-03   2.12454E-03   0.00000E+00   2.72771E-02   1.00000E+00   0.00000E+00   7.75157E+00   1.78780E-15            15   5.93050E-10   3.16386E+00
         258   3.09600E+01   1.20000E-01   7.72670E-02   1.24521E-03   2.12444E-03   0.00000E+00   2.69336E-02   1.00000E+00   0.00000E+00   7.75157E+00   1.78256E-15            15   5.89865E-10   3.16362E+00
         259   3.10800E+01   1.20000E-01   7.72670E-02   1.24444E-03   2.12428E-03   0.00000E+00   2.65900E-02   1.00000E+00   0.00000E+00   7.75157E+00   1.77609E-15            15   5.86864E-10   3.16338E+00
         260   3.12000E+01   1.20000E-01   7.72670E-02   1.24364E-03   2.12406E-03   0.00000E+00   2.62464E-02   1.00000E+00   0.00000E+00   7.75157E+00   1.76874E-15            15   5.83898E-10   3.16315E+00
         261   3.13200E+01   1.20000E-01   7.72670E-02   1.24279E-03   2.12378E-03   0.00000E+00   2.59028E-02   1.00000E+00   0.00000E+00   7.75157E+00   1.75923E-15            15   5.80902E-10   3.16291E+00
         262   3.14400E+01   1.20000E-01   7.72670E-02   1.24191E-03   2.12344E-03   0.00000E+00   2.55591E-02   1.00000E+00   0.00000E+00   7.75157E+00   1.74998E-15            15   5.77853E-10   3.16267E+00
         263   3.15600E+01   1.20000E-01   7.72670E-02   1.24099E-03   2.12305E-03   0.00000E+00   2.52155E-02   1.00000E+00   0.00000E+00   7.75157E+00   1.73925E-15            15   5.74741E-10   3.16244E+00
         264   3.16800E+01   1.20000E-01   7.72670E-02   1.24004E-03   2.12259E-03   0.00000E+00   2.48719E-02   1.00000E+00   0.00000E+00   7.75157E+00   1.72882E-15            15   5.71558E-10   3.16220E+00
         265   3.18000E+01   1.20000E-01   7.72670E-02   1.23904E-03   2.12208E-03   0.00000E+00   2.45283E-02   1.00000E+00   0.00000E+00   7.75157E+00   1.71801E-15            15   5.68300E-10   3.16196E+00
         266   3.19200E+01   1.20000E-01   7.72670E-02   1.23801E-03   2.12151E-03   0.00000E+00   2.41848E-02   1.00000E+00   0.00000E+00   7.75157E+00   1.70594E-15            15   5.64962E-10   3.16173E+00
         267   3.20400E+01   1.20000E-01   7.72670E-02   1.23694E-03   2.12088E-03   0.00000E+00   2.38412E-02   1.00000E+00   0.00000E+00   7.75157E+00   1.69341E-15            15   5.61541E-10   3.16149E+00
         268   3.21600E+01   1.20000E-01   7.72670E-02   1.23583E-03   2.12020E-03   0.00000E+00   2.34978E-02   1.00000E+00   0.00000E+00   7.75157E+00   1.67904E-15            15   5.58030E-10   3.16125E+00
         269   3.22800E+01   1.20000E-01   7.72670E-02   1.23468E-03   2.11945E-03   0.00000E+00   2.31544E-02   1.00000E+00   0.00000E+00   7.75157E+00   1.66683E-15            15   5.54462E-10   3.16101E+00
         270   3.24000E+01   1.20000E-01   7.72670E-02   1.23350E-03   2.11865E-03   0.00000E+00   2.28111E-02   1.00000E+00   0.00000E+00   7.75157E+00   1.64709E-15            15   5.51553E-10   3.16078E+00
         271   3.25200E+01   1.20000E-01   7.72670E-02   1.23228E-03   2.11779E-03   0.00000E+00   2.24678E-02   1.00000E+00   0.00000E+00   7.75157E+00   1.63624E-15            15   5.47050E-10   3.16054E+00
         272   3.26400E+01   1.20000E-01   7.72670E-02   1.23103E-03   2.11688E-03   0.00000E+00   2.21246E-02   1.00000E+00   0.00000E+00   7.75157E+00   1.61947E-15            15   5.43161E-10   3.16030E+00
         273   3.27600E+01   1.20000E-01   7.72670E-02   1.22974E-03   2.11591E-03   0.00000E+00   2.17815E-02   1.00000E+00   0.00000E+00   7.75157E+00   1.60244E-15            15   5.39164E-10   3.16007E+00
         274   3.28800E+01   1.20000E-01   7.72670E-02   1.22841E-03   2.11488E-03   0.00000E+00   2.14384E-02   1.00000E+00   0.00000E+00   7.75157E+00   1.58396E-15            15   5.35057E-10   3.15983E+00
         275   3.30000E+01   1.20000E-01   7.72670E-02   1.22704E-03   2.11380E-03   0.00000E+00   2.10955E-02   1.00000E+00   0.00000E+00   7.75157E+00   1.56470E-15            15   5.30843E-10   3.15959E+00
         276   3.31200E+01   1.20000E-01   7.72670E-02   1.22564E-03   2.11266E-03   0.00000E+00   2.07527E-02   1.00000E+00   0.00000E+00   7.75157E+00   1.54596E-15            15   5.26520E-10   3.15935E+00
         277   3.32400E+01   1.20000E-01   7.72670E-02   1.22420E-03   2.11146E-03   0.00000E+00   2.04100E-02   1.00000E+00   0.00000E+00   7.75157E+00   1.52591E-15            15   5.22080E-10   3.15912E+00
         278   3.33600E+01   1.20000E-01   7.72670E-02   1.22273E-03   2.11021E-03   0.00000E+00   2.00674E-02   1.00000E+00   0.00000E+00   7.75157E+00   1.50571E-15            15   5.17521E-10   3.15888E+00
         279   3.34800E+01   1.20000E-01   7.72670E-02   1.22122E-03   2.10890E-03   0.00000E+00   1.97250E-02   1.00000E+00   0.00000E+00   7.75157E+00   1.48401E-15            15   5.12836E-10   3.15864E+00
         280   3.36000E+01   1.20000E-01   7.72670E-02   1.21967E-03   2.10754E-03   0.00000E+00   1.93826E-02   1.00000E+00   0.00000E+00   7.75157E+00   1.46128E-15            15   5.08024E-10   3.15841E+00
         281   3.37200E+01   1.20000E-01   7.72670E-02   1.21809E-03   2.10612E-03   0.00000E+00   1.90405E-02   1.00000E+00   0.00000E+00   7.75157E+00   1.43907E-15            15   5.03079E-10   3.15817E+00
         282   3.38400E+01   1.20000E-01   7.72670E-02   1.21648E-03   2.10464E-03   0.00000E+00   1.86985E-02   1.00000E+00   0.00000E+00   7.75157E+00   1.41563E-15            15   4.97997E-10   3.15793E+00
         283   3.39600E+01   1.20000E-01   7.72670E-02   1.21482E-03   2.10312E-03   0.00000E+00   1.83566E-02   1.00000E+00   0.00000E+00   7.75157E+00   1.39169E-15            15   4.92775E-10   3.15770E+00
         284   3.40800E+01   1.20000E-01   7.72670E-02   1.21314E-03   2.10153E-03   0.00000E+00   1.80149E-02   1.00000E+00   0.00000E+00   7.75157E+00   1.36713E-15            15   4.87408E-10   3.15746E+00
         285   3.42000E+01   1.20000E-01   7.72670E-02   1.21142E-03   2.09989E-03   0.00000E+00   1.76735E-02   1.00000E+00   0.00000E+00   7.75157E+00   1.35005E-15            15   4.81740E-10   3.15722E+00
         286   3.43200E+01   1.20000E-01   7.72670E-02   1.20966E-03   2.09820E-03   0.00000E+00   1.73321E-02   1.00000E+00   0.00000E+00   7.75157E+00   1.30941E-15            15   4.76269E-10   3.15698E+00
         287   3.44400E+01   1.20000E-01   7.72670E-02   1.20787E-03   2.09646E-03   0.00000E+00   1.69910E-02   1.00000E+00   0.00000E+00   7.75157E+00   1.28443E-15            15   4.70447E-10   3.15675E+00
         288   3.45600E+01   1.20000E-01   7.72670E-02   1.20605E-03   2.09466E-03   0.00000E+00   1.66501E-02   1.00000E+00   0.00000E+00   7.75157E+00   1.25837E-15            15   4.64422E-10   3.15651E+00
         289   3.46800E+01   1.20000E-01   7.72670E-02   1.20419E-03   2.09280E-03   0.00000E+00   1.63093E-02   1.00000E+00   0.00000E+00   7.75157E+00   1.23021E-15            15   4.58272E-10   3.15628E+00
         290   3.48000E+01   1.20000E-01   7.72670E-02   1.20229E-03   2.09089E-03   0.00000E+00   1.59688E-02   1.00000E+00   0.00000E+00   7.75157E+00   1.20097E-15            15   4.51953E-10   3.15604E+00
         291   3.49200E+01   1.20000E-01   7.72670E-02   1.20037E-03   2.08893E-03   0.00000E+00   1.56285E-02   1.00000E+00   0.00000E+00   7.75157E+00   1.17148E-15            15   4.45437E-10   3.15580E+00
         292   3.50400E+01   1.20000E-01   7.72670E-02   1.19841E-03   2.08692E-03   0.00000E+00   1.52885E-02   1.00000E+00   0.00000E+00   7.75157E+00   1.14052E-15            15   4.38751E-10   3.15557E+00
         293   3.51600E+01   1.20000E-01   7.72670E-02   1.19641E-03   2.08485E-03   0.00000E+00   1.49486E-02   1.00000E+00   0.00000E+00   7.75157E+00   1.10945E-15            15   4.31885E-10   3.15533E+00
         294   3.52800E+01   1.20000E-01   7.72670E-02   1.19438E-03   2.08273E-03   0.00000E+00   1.46091E-02   1.00000E+00   0.00000E+00   7.75157E+00   1.07737E-15            15   4.24816E-10   3.15509E+00
         295   3.54000E+01   1.20000E-01   7.72670E-02   1.19232E-03   2.08056E-03   0.00000E+00   1.42698E-02   1.00000E+00   0.00000E+00   7.75157E+00   1.04390E-15            15   4.17556E-10   3.15486E+00
         296   3.55200E+01   1.20000E-01   7.72670E-02   1.19023E-03   2.07834E-03   0.00000E+00   1.39307E-02   1.00000E+00   0.00000E+00   7.75157E+00   1.01015E-15            15   4.10108E-10   3.15462E+00
         297   3.56400E+01   1.20000E-01   7.72670E-02   1.18810E-03   2.07606E-03   0.00000E+00   1.35919E-02   1.00000E+00   0.00000E+00   7.75157E+00   9.76064E-16            15   4.02468E-10   3.15439E+00
         298   3.57600E+01   1.20000E-01   7.72670E-02   1.18594E-03   2.07373E-03   0.00000E+00   1.32534E-02   1.00000E+00   0.00000E+00   7.75157E+00   9.40423E-16            15   3.94675E-10   3.15415E+00
         299   3.58800E+01   1.20000E-01   7.72670E-02   1.18375E-03   2.07135E-03   0.00000E+00   1.29152E-02   1.00000E+00   0.00000E+00   7.75157E+00   9.03917E-16            15   3.86440E-10   3.15392E+00
         300   3.60000E+01   1.20000E-01   7.72670E-02   1.18152E-03   2.06892E-03   0.00000E+00   1.25773E-02   1.00000E+00   0.00000E+00   7.75157E+00   8.67286E-16            15   3.78303E-10   3.15368E+00
         301   3.61200E+01   1.20000E-01   7.72670E-02   1.17926E-03   2.06643E-03   0.00000E+00   1.22397E-02   1.00000E+00   0.00000E+00   7.75157E+00   8.43286E-16            15   3.69845E-10   3.15345E+00
         302   3.62400E+01   1.20000E-01   7.72670E-02   1.17697E-03   2.06390E-03   0.00000E+00   1.19024E-02   1.00000E+00   0.00000E+00   7.75157E+00   8.20649E-16            15   3.61209E-10   3.15321E+00
         303   3.63600E+01   1.20000E-01   7.72670E-02   1.17465E-03   2.06131E-03   0.00000E+00   1.15654E-02   1.00000E+00   0.00000E+00   7.75157E+00   7.96211E-16            15   3.52413E-10   3.15298E+00
         304   3.64800E+01   1.20000E-01   7.72670E-02   1.17230E-03   2.05868E-03   0.00000E+00   1.12287E-02   1.00000E+00   0.00000E+00   7.75157E+00   7.71466E-16            15   3.43372E-10   3.15274E+00
         305   3.66000E+01   1.20000E-01   7.72670E-02   1.16991E-03   2.05599E-03   0.00000E+00   1.08924E-02   1.00000E+00   0.00000E+00   7.75157E+00   7.45219E-16            15   3.34190E-10   3.15251E+00
         306   3.67200E+01   1.20000E-01   7.72670E-02   1.16749E-03   2.05325E-03   0.00000E+00   1.05564E-02   1.00000E+00   0.00000E+00   7.75157E+00   7.17528E-16            15   3.24844E-10   3.15227E+00
         307   3.68400E+01   1.20000E-01   7.72670E-02   1.16504E-03   2.05047E-03   0.00000E+00   1.02207E-02   1.00000E+00   0.00000E+00   7.75157E+00   6.89346E-16            15   3.15356E-10   3.15204E+00
         308   3.69600E+01   1.20000E-01   7.72670E-02   1.16256E-03   2.04763E-03   0.00000E+00   9.88545E-03   1.00000E+00   0.00000E+00   7.75157E+00   6.60093E-16            15   3.05752E-10   3.15180E+00
         309   3.70800E+01   1.20000E-01   7.72670E-02   1.16005E-03   2.04474E-03   0.00000E+00   9.55052E-03   1.00000E+00   0.00000E+00   7.75157E+00   6.43031E-16            15   2.96060E-10   3.15157E+00
         310   3.72000E+01   1.20000E-01   7.72670E-02   1.15751E-03   2.04181E-03   0.00000E+00   9.21595E-03   1.00000E+00   0.00000E+00   7.75157E+00   6.32461E-16            15   2.86323E-10   3.15134E+00
         311   3.73200E+01   1.20000E-01   7.72670E-02   1.15494E-03   2.03882E-03   0.00000E+00   8.88177E-03   1.00000E+00   0.00000E+00   7.75157E+00   6.24350E-16            15   2.76590E-10   3.15110E+00
         312   3.74400E+01   1.20000E-01   7.72670E-02   1.15233E-03   2.03579E-03   0.00000E+00   8.54796E-03   1.00000E+00   0.00000E+00   7.75157E+00   6.16254E-16            15   2.66919E-10   3.15087E+00
         313   3.75600E+01   1.20000E-01   7.72670E-02   1.14970E-03   2.03271E-03   0.00000E+00   8.21455E-03   1.00000E+00   0.00000E+00   7.75157E+00   6.08777E-16            15   2.57386E-10   3.15064E+00
         314   3.76800E+01   1.20000E-01   7.72670E-02   1.14703E-03   2.02957E-03   0.00000E+00   7.88154E-03   1.00000E+00   0.00000E+00   7.75157E+00   6.03084E-16            15   2.48076E-10   3.15041E+00
         315   3.78000E+01   1.20000E-01   7.72670E-02   1.14434E-03   2.02639E-03   0.00000E+00   7.54893E-03   1.00000E+00   0.00000E+00   7.75157E+00   5.97592E-16            15   2.39098E-10   3.15017E+00
         316   3.79200E+01   1.20000E-01   7.72670E-02   1.14161E-03   2.02317E-03   0.00000E+00   7.21674E-03   1.00000E+00   0.00000E+00   7.75157E+00   5.93271E-16            15   2.30576E-10   3.14994E+00
         317   3.80400E+01   1.20000E-01   7.72670E-02   1.13886E-03   2.01989E-03   0.00000E+00   6.88496E-03   1.00000E+00   0.00000E+00   7.75157E+00   5.90530E-16            15   2.22655E-10   3.14971E+00
         318   3.81600E+01   1.20000E-01   7.72670E-02   1.13608E-03   2.01657E-03   0.00000E+00   6.55361E-03   1.00000E+00   0.00000E+00   7.75157E+00   5.87051E-16            15   2.15502E-10   3.14948E+00
         319   3.82800E+01   1.20000E-01   7.72670E-02   1.13326E-03   2.01320E-03   0.00000E+00   6.22270E-03   1.00000E+00   0.00000E+00   7.75157E+00   5.85762E-16            15   2.09298E-10   3.14925E+00
         320   3.84000E+01   1.20000E-01   7.72670E-02   1.13042E-03   2.00978E-03   0.00000E+00   5.89223E-03   1.00000E+00   0.00000E+00   7.75157E+00   5.84948E-16            15   2.04229E-10   3.14902E+00
         321   3.85200E+01   1.20000E-01   7.72670E-02   1.12755E-03   2.00631E-03   0.00000E+00   5.56221E-03   1.00000E+00   0.00000E+00   7.75157E+00   5.85605E-16            15   2.00535E-10   3.14878E+00
         322   3.86400E+01   1.20000E-01   7.72670E-02   1.12465E-03   2.00280E-03   0.00000E+00   5.23265E-03   1.00000E+00   0.00000E+00   7.75157E+00   5.85590E-16            15   1.98313E-10   3.14855E+00
         323   3.87600E+01   1.20000E-01   7.72670E-02   1.12172E-03   1.99924E-03   0.00000E+00   5.08190E-03   1.00000E+00   0.00000E+00   7.75157E+00   5.86111E-16            15   1.97754E-10   3.14832E+00
         324   3.88800E+01   1.20000E-01   7.72670E-02   1.11876E-03   1.99563E-03   0.00000E+00   5.03739E-03   1.00000E+00   0.00000E+00   7.75157E+00   5.86519E-16            15   1.98950E-10   3.14809E+00
         325   3.90000E+01   1.20000E-01   7.72670E-02   1.11577E-03   1.99198E-03   0.00000E+00   4.99279E-03   1.00000E+00   0.00000E+00   7.75157E+00   5.85934E-16            15   2.01976E-10   3.14786E+00
         326   3.91200E+01   1.20000E-01   7.72670E-02   1.11276E-03   1.98828E-03   0.00000E+00   4.94809E-03   1.00000E+00   0.00000E+00   7.75157E+00   5.84427E-16            15   2.06720E-10   3.14763E+00
         327   3.92400E+01   1.20000E-01   7.72670E-02   1.10971E-03   1.98454E-03   0.00000E+00   4.90329E-03   1.00000E+00   0.00000E+00   7.75157E+00   5.80544E-16            15   2.13188E-10   3.14740E+00
         328   3.93600E+01   1.20000E-01   7.72670E-02   1.10664E-03   1.98075E-03   0.00000E+00   4.85840E-03   1.00000E+00   0.00000E+00   7.75157E+00   5.75457E-16            15   2.21132E-10   3.14718E+00
         329   3.94800E+01   1.20000E-01   7.72670E-02   1.10355E-03   1.97692E-03   0.00000E+00   4.81342E-03   1.00000E+00   0.00000E+00   7.75157E+00   5.66102E-16            15   2.30457E-10   3.14695E+00
         330   3.96000E+01   1.20000E-01   7.72670E-02   1.10042E-03   1.97304E-03   0.00000E+00   4.76834E-03   1.00000E+00   0.00000E+00   7.75157E+00   5.57156E-16            15   2.40803E-10   3.14672E+00
         331   3.97200E+01   1.20000E-01   7.72670E-02   1.09727E-03   1.96911E-03   0.00000E+00   4.72317E-03   1.00000E+00   0.00000E+00   7.75157E+00   5.67154E-16            15   2.52085E-10   3.14649E+00
         332   3.98400E+01   1.20000E-01   7.72670E-02   1.09409E-03   1.96515E-03   0.00000E+00   4.67791E-03   1.00000E+00   0.00000E+00   7.75157E+00   5.76880E-16            15   2.63998E-10   3.14626E+00
         333   3.99600E+01   1.20000E-01   7.72670E-02   1.09088E-03   1.96113E-03   0.00000E+00   4.63255E-03   1.00000E+00   0.00000E+00   7.75157E+00   5.87031E-16            15   2.76293E-10   3.14604E+00
         334   4.00800E+01   1.20000E-01   7.72670E-02   1.08764E-03   1.95708E-03   0.00000E+00   4.58711E-03   1.00000E+00   0.00000E+00   7.75157E+00   5.97353E-16            15   2.88863E-10   3.14581E+00
         335   4.02000E+01   1.20000E-01   7.72670E-02   1.08439E-03   1.95298E-03   0.00000E+00   4.54157E-03   1.00000E+00   0.00000E+00   7.75157E+00   6.31766E-16            15   3.01149E-10   3.14558E+00
         336   4.03200E+01   1.20000E-01   7.72670E-02   1.08110E-03   1.94883E-03   0.00000E+00   4.49592E-03   1.00000E+00   0.00000E+00   7.75157E+00   6.67736E-16            15   3.13459E-10   3.14536E+00
         337   4.04400E+01   1.20000E-01   7.72670E-02   1.07779E-03   1.94464E-03   0.00000E+00   4.45016E-03   1.00000E+00   0.00000E+00   7.75157E+00   7.08094E-16            15   3.25303E-10   3.14513E+00
         338   4.05600E+01   1.20000E-01   7.72670E-02   1.07445E-03   1.94041E-03   0.00000E+00   4.40428E-03   1.00000E+00   0.00000E+00   7.75157E+00   7.42961E-16            15   3.36602E-10   3.14490E+00
         339   4.06800E+01   1.20000E-01   7.72670E-02   1.07109E-03   1.93614E-03   0.00000E+00   4.35826E-03   1.00000E+00   0.00000E+00   7.75157E+00   7.72004E-16            15   3.47355E-10   3.14468E+00
         340   4.08000E+01   1.20000E-01   7.72670E-02   1.06771E-03   1.93182E-03   0.00000E+00   4.31093E-03   1.00000E+00   0.00000E+00   7.75157E+00   8.27077E-16            15   3.47855E-10   3.14445E+00
         341   4.09200E+01   1.20000E-01   7.72670E-02   1.06429E-03   1.92746E-03   0.00000E+00   4.26511E-03   1.00000E+00   0.00000E+00   7.75157E+00   9.25237E-16            15   3.60451E-10   3.14423E+00
         342   4.10400E+01   1.20000E-01   7.72670E-02   1.06086E-03   1.92306E-03   0.00000E+00   4.21907E-03   1.00000E+00   0.00000E+00   7.75157E+00   9.03148E-16            15   3.63370E-10   3.14400E+00
         343   4.11600E+01   1.20000E-01   7.72670E-02   1.05740E-03   1.91862E-03   0.00000E+00   4.17278E-03   1.00000E+00   0.00000E+00   7.75157E+00   9.82911E-16            15   3.67963E-10   3.14378E+00
         344   4.12800E+01   1.20000E-01   7.72670E-02   1.05394E-03   1.91414E-03   0.00000E+00   4.12612E-03   1.00000E+00   0.00000E+00   7.75157E+00   1.09396E-15            15   3.71115E-10   3.14356E+00
         345   4.14000E+01   1.20000E-01   7.72670E-02   1.05046E-03   1.90961E-03   0.00000E+00   4.07887E-03   1.00000E+00   0.00000E+00   7.75157E+00   1.25017E-15            15   3.72969E-10   3.14333E+00
         346   4.15200E+01   1.20000E-01   7.72670E-02   1.04699E-03   1.90504E-03   0.00000E+00   4.03081E-03   1.00000E+00   0.00000E+00   7.75157E+00   1.29526E-15            15   3.64545E-10   3.14311E+00
         347   4.16400E+01   1.20000E-01   7.72670E-02   1.04354E-03   1.90044E-03   0.00000E+00   4.25122E-03   1.00000E+00   0.00000E+00   7.75157E+00   1.02035E-15            15   3.91247E-10   3.14289E+00
         348   4.17600E+01   1.20000E-01   7.72670E-02   1.04017E-03   1.89580E-03   0.00000E+00   4.57437E-03   1.00000E+00   0.00000E+00   7.75157E+00   1.21375E-15            15   3.72696E-10   3.14267E+00
         349   4.18800E+01   1.20000E-01   7.72670E-02   1.03702E-03   1.89114E-03   0.00000E+00   4.89880E-03   1.00000E+00   0.00000E+00   7.75157E+00   1.24971E-15            15   4.03313E-10   3.14245E+00
         350   4.20000E+01   1.20000E-01   7.72670E-02   1.03396E-03   1.88662E-03   0.00000E+00   5.21577E-03   1.00000E+00   0.00000E+00   7.75157E+00   2.43383E-15            15   4.67898E-10   3.14222E+00
         351   4.21200E+01   1.20000E-01   7.72670E-02   1.03104E-03   1.89218E-03   0.00000E+00   5.75601E-03   1.00000E+00   0.00000E+00   7.75157E+00   4.74313E-15            15   7.33893E-10   3.14200E+00
         352   4.22400E+01   1.20000E-01   7.72670E-02   1.02821E-03   1.89643E-03   0.00000E+00   6.20491E-03   1.00000E+00   0.00000E+00   7.75157E+00   6.55849E-15            15   9.04624E-10   3.14178E+00
         353   4.23600E+01   1.20000E-01   7.72670E-02   1.02482E-03   1.89520E-03   0.00000E+00   6.55937E-03   1.00000E+00   0.00000E+00   7.75157E+00   5.20467E-15            15   8.25544E-10   3.14160E+00
         354   4.24800E+01   1.20000E-01   7.72670E-02   1.02206E-03   1.89153E-03   0.00000E+00   6.87954E-03   1.00000E+00   0.00000E+00   7.75157E+00   4.01457E-15            15   7.92631E-10   3.14134E+00
         355   4.26000E+01   1.20000E-01   7.72670E-02   1.01927E-03   1.88704E-03   0.00000E+00   7.18875E-03   1.00000E+00   0.00000E+00   7.75157E+00   3.48196E-15            15   7.18351E-10   3.14112E+00
         356   4.27200E+01   1.20000E-01   7.72670E-02   1.01647E-03   1.88223E-03   0.00000E+00   7.49327E-03   1.00000E+00   0.00000E+00   7.75157E+00   2.31519E-15            15   5.82430E-10   3.14091E+00
         357   4.28400E+01   1.20000E-01   7.72670E-02   1.01364E-03   1.87729E-03   0.00000E+00   7.79734E-03   1.00000E+00   0.00000E+00   7.75157E+00   1.61511E-15            15   4.41653E-10   3.14069E+00
         358   4.29600E+01   1.20000E-01   7.72670E-02   1.01078E-03   1.87228E-03   0.00000E+00   8.09990E-03   1.00000E+00   0.00000E+00   7.75157E+00   1.87075E-15            15   4.57927E-10   3.14047E+00
         359   4.30800E+01   1.20000E-01   7.72670E-02   1.00790E-03   1.86723E-03   0.00000E+00   8.40244E-03   1.00000E+00   0.00000E+00   7.75157E+00   1.47766E-15            15   4.17922E-10   3.14025E+00
         360   4.32000E+01   1.20000E-01   7.72670E-02   1.00500E-03   1.86214E-03   0.00000E+00   8.70348E-03   1.00000E+00   0.00000E+00   7.75157E+00   1.72987E-15            15   4.30184E-10   3.14004E+00
         361   4.33200E+01   1.20000E-01   7.72670E-02   1.00208E-03   1.85703E-03   0.00000E+00   9.00430E-03   1.00000E+00   0.00000E+00   7.75157E+00   1.54538E-15            15   4.11154E-10   3.13982E+00
         362   4.34400E+01   1.20000E-01   7.72670E-02   9.99134E-04   1.85187E-03   0.00000E+00   9.30357E-03   1.00000E+00   0.00000E+00   7.75157E+00   1.53073E-15            15   4.07127E-10   3.13960E+00
         363   4.35600E+01   1.20000E-01   7.72670E-02   9.96165E-04   1.84669E-03   0.00000E+00   9.60242E-03   1.00000E+00   0.00000E+00   7.75157E+00   1.47939E-15            15   3.91261E-10   3.13939E+00
         364   4.36800E+01   1.20000E-01   7.72670E-02   9.93173E-04   1.84147E-03   0.00000E+00   9.89973E-03   1.00000E+00   0.00000E+00   7.75157E+00   1.34030E-15            15   3.85679E-10   3.13917E+00
         365   4.38000E+01   1.20000E-01   7.72670E-02   9.90159E-04   1.83622E-03   0.00000E+00   1.01966E-02   1.00000E+00   0.00000E+00   7.75157E+00   1.38819E-15            15   3.77169E-10   3.13896E+00
         366   4.39200E+01   1.20000E-01   7.72670E-02   9.87124E-04   1.83093E-03   0.00000E+00   1.04919E-02   1.00000E+00   0.00000E+00   7.75157E+00   1.21804E-15            15   3.64638E-10   3.13874E+00
         367   4.40400E+01   1.20000E-01   7.72670E-02   9.84066E-04   1.82560E-03   0.00000E+00   1.07866E-02   1.00000E+00   0.00000E+00   7.75157E+00   1.24325E-15            15   3.56520E-10   3.13853E+00
         368   4.41600E+01   1.20000E-01   7.72670E-02   9.80986E-04   1.82024E-03   0.00000E+00   1.10799E-02   1.00000E+00   0.00000E+00   7.75157E+00   1.10867E-15            15   3.43580E-10   3.13832E+00
         369   4.42800E+01   1.20000E-01   7.72670E-02   9.77885E-04   1.81484E-03   0.00000E+00   1.13725E-02   1.00000E+00   0.00000E+00   7.75157E+00   1.09990E-15            15   3.35561E-10   3.13811E+00
         370   4.44000E+01   1.20000E-01   7.72670E-02   9.74763E-04   1.80940E-03   0.00000E+00   1.16637E-02   1.00000E+00   0.00000E+00   7.75157E+00   1.00880E-15            15   3.23256E-10   3.13789E+00
         371   4.45200E+01   1.20000E-01   7.72670E-02   9.71618E-04   1.80393E-03   0.00000E+00   1.19542E-02   1.00000E+00   0.00000E+00   7.75157E+00   1.00625E-15            15   3.15434E-10   3.13768E+00
         372   4.46400E+01   1.20000E-01   7.72670E-02   9.68453E-04   1.79841E-03   0.00000E+00   1.22433E-02   1.00000E+00   0.00000E+00   7.75157E+00   9.23074E-16            15   3.04546E-10   3.13747E+00
         373   4.47600E+01   1.20000E-01   7.72670E-02   9.65266E-04   1.79287E-03   0.00000E+00   1.25316E-02   1.00000E+00   0.00000E+00   7.75157E+00   1.04177E-15            15   2.97134E-10   3.13726E+00
         374   4.48800E+01   1.20000E-01   7.72670E-02   9.62059E-04   1.78728E-03   0.00000E+00   1.28186E-02   1.00000E+00   0.00000E+00   7.75157E+00   8.51937E-16            15   2.88152E-10   3.13705E+00
         375   4.50000E+01   1.20000E-01   7.72670E-02   9.58830E-04   1.78166E-03   0.00000E+00   1.31048E-02   1.00000E+00   0.00000E+00   7.75157E+00   1.06991E-15            15   2.81394E-10   3.13684E+00
         376   4.51200E+01   1.20000E-01   7.72670E-02   9.55581E-04   1.77600E-03   0.00000E+00   1.33896E-02   1.00000E+00   0.00000E+00   7.75157E+00   8.26913E-16            15   2.74660E-10   3.13663E+00
         377   4.52400E+01   1.20000E-01   7.72670E-02   9.52311E-04   1.77031E-03   0.00000E+00   1.36737E-02   1.00000E+00   0.00000E+00   7.75157E+00   1.08816E-15            15   2.69028E-10   3.13642E+00
         378   4.53600E+01   1.20000E-01   7.72670E-02   9.49021E-04   1.76458E-03   0.00000E+00   1.39563E-02   1.00000E+00   0.00000E+00   7.75157E+00   8.22405E-16            15   2.64794E-10   3.13621E+00
         379   4.54800E+01   1.20000E-01   7.72670E-02   9.45710E-04   1.75882E-03   0.00000E+00   1.42382E-02   1.00000E+00   0.00000E+00   7.75157E+00   1.09998E-15            15   2.60497E-10   3.13601E+00
         380   4.56000E+01   1.20000E-01   7.72670E-02   9.42379E-04   1.75302E-03   0.00000E+00   1.45187E-02   1.00000E+00   0.00000E+00   7.75157E+00   8.20390E-16            15   2.58792E-10   3.13580E+00
         381   4.57200E+01   1.20000E-01   7.72670E-02   9.39028E-04   1.74719E-03   0.00000E+00   1.47983E-02   1.00000E+00   0.00000E+00   7.75157E+00   1.10563E-15            15   2.56018E-10   3.13559E+00
         382   4.58400E+01   1.20000E-01   7.72670E-02   9.35657E-04   1.74132E-03   0.00000E+00   1.50766E-02   1.00000E+00   0.00000E+00   7.75157E+00   8.19163E-16            15   2.56748E-10   3.13539E+00
         383   4.59600E+01   1.20000E-01   7.72670E-02   9.32266E-04   1.73541E-03   0.00000E+00   1.53541E-02   1.00000E+00   0.00000E+00   7.75157E+00   1.10591E-15            15   2.55521E-10   3.13518E+00
         384   4.60800E+01   1.20000E-01   7.72670E-02   9.28855E-04   1.72947E-03   0.00000E+00   1.56302E-02   1.00000E+00   0.00000E+00   7.75157E+00   8.19101E-16            15   2.58472E-10   3.13498E+00
         385   4.62000E+01   1.20000E-01   7.72670E-02   9.25425E-04   1.72350E-03   0.00000E+00   1.59054E-02   1.00000E+00   0.00000E+00   7.75157E+00   1.10047E-15            15   2.58732E-10   3.13477E+00
         386   4.63200E+01   1.20000E-01   7.72670E-02   9.21975E-04   1.71750E-03   0.00000E+00   1.61793E-02   1.00000E+00   0.00000E+00   7.75157E+00   8.19743E-16            15   2.63577E-10   3.13457E+00
         387   4.64400E+01   1.20000E-01   7.72670E-02   9.18506E-04   1.71146E-03   0.00000E+00   1.64522E-02   1.00000E+00   0.00000E+00   7.75157E+00   1.09463E-15            15   2.65197E-10   3.13437E+00
         388   4.65600E+01   1.20000E-01   7.72670E-02   9.15018E-04   1.70539E-03   0.00000E+00   1.67239E-02   1.00000E+00   0.00000E+00   7.75157E+00   8.19831E-16            15   2.71536E-10   3.13416E+00
         389   4.66800E+01   1.20000E-01   7.72670E-02   9.11510E-04   1.69928E-03   0.00000E+00   1.69946E-02   1.00000E+00   0.00000E+00   7.75157E+00   1.08461E-15            15   2.74281E-10   3.13396E+00
         390   4.68000E+01   1.20000E-01   7.72670E-02   9.08381E-04   1.69314E-03   0.00000E+00   1.72640E-02   1.00000E+00   0.00000E+00   7.75157E+00   8.29156E-16            15   2.81763E-10   3.13376E+00
         391   4.69200E+01   1.20000E-01   7.72670E-02   9.05472E-04   1.68697E-03   0.00000E+00   1.75324E-02   1.00000E+00   0.00000E+00   7.75157E+00   1.07284E-15            15   2.85417E-10   3.13356E+00
         392   4.70400E+01   1.20000E-01   7.72670E-02   9.02540E-04   1.68077E-03   0.00000E+00   1.77996E-02   1.00000E+00   0.00000E+00   7.75157E+00   8.37223E-16            15   2.93704E-10   3.13336E+00
         393   4.71600E+01   1.20000E-01   7.72670E-02   8.99592E-04   1.67453E-03   0.00000E+00   1.80658E-02   1.00000E+00   0.00000E+00   7.75157E+00   1.05940E-15            15   2.98056E-10   3.13316E+00
         394   4.72800E+01   1.20000E-01   7.72670E-02   8.96621E-04   1.66826E-03   0.00000E+00   1.83307E-02   1.00000E+00   0.00000E+00   7.75157E+00   8.42609E-16            15   3.06861E-10   3.13296E+00
         395   4.74000E+01   1.20000E-01   7.72670E-02   8.93634E-04   1.66197E-03   0.00000E+00   1.85946E-02   1.00000E+00   0.00000E+00   7.75157E+00   1.04507E-15            15   3.11728E-10   3.13276E+00
         396   4.75200E+01   1.20000E-01   7.72670E-02   8.90624E-04   1.65564E-03   0.00000E+00   1.88572E-02   1.00000E+00   0.00000E+00   7.75157E+00   8.45509E-16            15   3.20819E-10   3.13257E+00
         397   4.76400E+01   1.20000E-01   7.72670E-02   8.87599E-04   1.64928E-03   0.00000E+00   1.91188E-02   1.00000E+00   0.00000E+00   7.75157E+00   1.02996E-15            15   3.26048E-10   3.13237E+00
         398   4.77600E+01   1.20000E-01   7.72670E-02   8.84552E-04   1.64288E-03   0.00000E+00   1.93791E-02   1.00000E+00   0.00000E+00   7.75157E+00   8.46588E-16            15   3.35246E-10   3.13217E+00
         399   4.78800E+01   1.20000E-01   7.72670E-02   8.81489E-04   1.63646E-03   0.00000E+00   1.96384E-02   1.00000E+00   0.00000E+00   7.75157E+00   1.01421E-15            15   3.40713E-10   3.13198E+00
         400   4.80000E+01   1.20000E-01   7.72670E-02   8.78405E-04   1.63001E-03   0.00000E+00   1.98964E-02   1.00000E+00   0.00000E+00   7.75157E+00   8.48943E-16            15   3.49881E-10   3.13178E+00
         401   4.81200E+01   1.20000E-01   7.72670E-02   8.75305E-04   1.62353E-03   0.00000E+00   2.01534E-02   1.00000E+00   0.00000E+00   7.75157E+00   9.97618E-16            15   3.55489E-10   3.13159E+00
         402   4.82400E+01   1.20000E-01   7.72670E-02   8.72184E-04   1.61701E-03   0.00000E+00   2.04091E-02   1.00000E+00   0.00000E+00   7.75157E+00   8.66152E-16            15   3.64526E-10   3.13139E+00
         403   4.83600E+01   1.20000E-01   7.72670E-02   8.69046E-04   1.61047E-03   0.00000E+00   2.06637E-02   1.00000E+00   0.00000E+00   7.75157E+00   9.80848E-16            15   3.70202E-10   3.13120E+00
         404   4.84800E+01   1.20000E-01   7.72670E-02   8.65889E-04   1.60390E-03   0.00000E+00   2.09171E-02   1.00000E+00   0.00000E+00   7.75157E+00   8.84947E-16            15   3.79047E-10   3.13101E+00
         405   4.86000E+01   1.20000E-01   7.72670E-02   8.62716E-04   1.59730E-03   0.00000E+00   2.11694E-02   1.00000E+00   0.00000E+00   7.75157E+00   9.62732E-16            15   3.84713E-10   3.13081E+00
         406   4.87200E+01   1.20000E-01   7.72670E-02   8.59523E-04   1.59188E-03   0.00000E+00   2.14204E-02   1.00000E+00   0.00000E+00   7.75157E+00   9.02614E-16            15   3.93343E-10   3.13062E+00
         407   4.88400E+01   1.20000E-01   7.72670E-02   8.56314E-04   1.58651E-03   0.00000E+00   2.16704E-02   1.00000E+00   0.00000E+00   7.75157E+00   9.44311E-16            15   3.98965E-10   3.13043E+00
         408   4.89600E+01   1.20000E-01   7.72670E-02   8.53085E-04   1.58111E-03   0.00000E+00   2.19191E-02   1.00000E+00   0.00000E+00   7.75157E+00   9.20918E-16            15   4.07237E-10   3.13024E+00
         409   4.90800E+01   1.20000E-01   7.72670E-02   8.49841E-04   1.57567E-03   0.00000E+00   2.21667E-02   1.00000E+00   0.00000E+00   7.75157E+00   9.25177E-16            15   4.12869E-10   3.13005E+00
         410   4.92000E+01   1.20000E-01   7.72670E-02   8.46577E-04   1.57021E-03   0.00000E+00   2.24130E-02   1.00000E+00   0.00000E+00   7.75157E+00   9.50209E-16            15   4.20869E-10   3.12986E+00
         411   4.93200E+01   1.20000E-01   7.72670E-02   8.43298E-04   1.56472E-03   0.00000E+00   2.26582E-02   1.00000E+00   0.00000E+00   7.75157E+00   9.38809E-16            15   4.26380E-10   3.12967E+00
         412   4.94400E+01   1.20000E-01   7.72670E-02   8.40000E-04   1.55919E-03   0.00000E+00   2.29022E-02   1.00000E+00   0.00000E+00   7.75157E+00   9.77733E-16            15   4.34073E-10   3.12949E+00
         413   4.95600E+01   1.20000E-01   7.72670E-02   8.36687E-04   1.55364E-03   0.00000E+00   2.31450E-02   1.00000E+00   0.00000E+00   7.75157E+00   9.65928E-16            15   4.39487E-10   3.12930E+00
         414   4.96800E+01   1.20000E-01   7.72670E-02   8.33355E-04   1.54805E-03   0.00000E+00   2.33866E-02   1.00000E+00   0.00000E+00   7.75157E+00   1.00354E-15            15   4.46868E-10   3.12911E+00
         415   4.98000E+01   1.20000E-01   7.72670E-02   8.30008E-04   1.54244E-03   0.00000E+00   2.36271E-02   1.00000E+00   0.00000E+00   7.75157E+00   9.90797E-16            15   4.52173E-10   3.12893E+00
         416   4.99200E+01   1.20000E-01   7.72670E-02   8.26643E-04   1.53680E-03   0.00000E+00   2.38663E-02   1.00000E+00   0.00000E+00   7.75157E+00   1.03062E-15            15   4.59245E-10   3.12874E+00
         417   5.00400E+01   1.20000E-01   7.72670E-02   8.23263E-04   1.53113E-03   0.00000E+00   2.41043E-02   1.00000E+00   0.00000E+00   7.75157E+00   1.01431E-15            15   4.64434E-10   3.12856E+00
         418   5.01600E+01   1.20000E-01   7.72670E-02   8.19865E-04   1.52542E-03   0.00000E+00   2.43412E-02   1.00000E+00   0.00000E+00   7.75157E+00   1.06912E-15            15   4.71204E-10   3.12837E+00
         419   5.02800E+01   1.20000E-01   7.72670E-02   8.16452E-04   1.51970E-03   0.00000E+00   2.45768E-02   1.00000E+00   0.00000E+00   7.75157E+00   1.03605E-15            15   4.76275E-10   3.12819E+00
         420   5.04000E+01   1.20000E-01   7.72670E-02   8.13021E-04   1.51394E-03   0.00000E+00   2.48112E-02   1.00000E+00   0.00000E+00   7.75157E+00   1.10638E-15            15   4.82751E-10   3.12801E+00
         421   5.05200E+01   1.20000E-01   7.72670E-02   8.09576E-04   1.50815E-03   0.00000E+00   2.50444E-02   1.00000E+00   0.00000E+00   7.75157E+00   1.08148E-15            15   4.87688E-10   3.12783E+00
         422   5.06400E+01   1.20000E-01   7.72670E-02   8.06113E-04   1.50233E-03   0.00000E+00   2.52764E-02   1.00000E+00   0.00000E+00   7.75157E+00   1.14754E-15            15   4.93896E-10   3.12765E+00
         423   5.07600E+01   1.20000E-01   7.72670E-02   8.02636E-04   1.49649E-03   0.00000E+00   2.55072E-02   1.00000E+00   0.00000E+00   7.75157E+00   1.13683E-15            15   4.98687E-10   3.12747E+00
         424   5.08800E+01   1.20000E-01   7.72670E-02   7.99142E-04   1.49062E-03   0.00000E+00   2.57368E-02   1.00000E+00   0.00000E+00   7.75157E+00   1.29547E-15            15   5.04418E-10   3.12729E+00
         425   5.10000E+01   1.20000E-01   7.72670E-02   7.95634E-04   1.48472E-03   0.00000E+00   2.59652E-02   1.00000E+00   0.00000E+00   7.75157E+00   1.17694E-15            15   5.09434E-10   3.12711E+00
         426   5.11200E+01   1.20000E-01   7.72670E-02   7.92109E-04   1.47880E-03   0.00000E+00   2.61923E-02   1.00000E+00   0.00000E+00   7.75157E+00   1.22014E-15            15   5.14945E-10   3.12693E+00
         427   5.12400E+01   1.20000E-01   7.72670E-02   7.88570E-04   1.47284E-03   0.00000E+00   2.64182E-02   1.00000E+00   0.00000E+00   7.75157E+00   1.21821E-15            15   5.19622E-10   3.12675E+00
         428   5.13600E+01   1.20000E-01   7.72670E-02   7.85015E-04   1.46686E-03   0.00000E+00   2.66429E-02   1.00000E+00   0.00000E+00   7.75157E+00   1.25591E-15            15   5.25028E-10   3.12657E+00
         429   5.14800E+01   1.20000E-01   7.72670E-02   7.81445E-04   1.46085E-03   0.00000E+00   2.68664E-02   1.00000E+00   0.00000E+00   7.75157E+00   1.25560E-15            15   5.29473E-10   3.12640E+00
         430   5.16000E+01   1.20000E-01   7.72670E-02   7.77860E-04   1.45482E-03   0.00000E+00   2.70886E-02   1.00000E+00   0.00000E+00   7.75157E+00   1.28999E-15            15   5.34682E-10   3.12622E+00
         431   5.17200E+01   1.20000E-01   7.72670E-02   7.74261E-04   1.44876E-03   0.00000E+00   2.73097E-02   1.00000E+00   0.00000E+00   7.75157E+00   1.28991E-15            15   5.39001E-10   3.12605E+00
         432   5.18400E+01   1.20000E-01   7.72670E-02   7.70646E-04   1.44267E-03   0.00000E+00   2.75294E-02   1.00000E+00   0.00000E+00   7.75157E+00   1.32086E-15            15   5.43996E-10   3.12588E+00
         433   5.19600E+01   1.20000E-01   7.72670E-02   7.67018E-04   1.43656E-03   0.00000E+00   2.77480E-02   1.00000E+00   0.00000E+00   7.75157E+00   1.32020E-15            15   5.48193E-10   3.12570E+00
         434   5.20800E+01   1.20000E-01   7.72670E-02   7.63374E-04   1.43042E-03   0.00000E+00   2.79653E-02   1.00000E+00   0.00000E+00   7.75157E+00   1.34833E-15            15   5.52985E-10   3.12553E+00
         435   5.22000E+01   1.20000E-01   7.72670E-02   7.59717E-04   1.42426E-03   0.00000E+00   2.81814E-02   1.00000E+00   0.00000E+00   7.75157E+00   1.34739E-15            15   5.57060E-10   3.12536E+00
         436   5.23200E+01   1.20000E-01   7.72670E-02   7.56045E-04   1.41807E-03   0.00000E+00   2.83963E-02   1.00000E+00   0.00000E+00   7.75157E+00   1.37362E-15            15   5.61661E-10   3.12519E+00
         437   5.24400E+01   1.20000E-01   7.72670E-02   7.52359E-04   1.41186E-03   0.00000E+00   2.86099E-02   1.00000E+00   0.00000E+00   7.75157E+00   1.37182E-15            15   5.65616E-10   3.12502E+00
         438   5.25600E+01   1.20000E-01   7.72670E-02   7.48659E-04   1.40562E-03   0.00000E+00   2.88222E-02   1.00000E+00   0.00000E+00   7.75157E+00   1.39481E-15            15   5.70038E-10   3.12485E+00
         439   5.26800E+01   1.20000E-01   7.72670E-02   7.44946E-04   1.39936E-03   0.00000E+00   2.90334E-02   1.00000E+00   0.00000E+00   7.75157E+00   1.39287E-15            15   5.73874E-10   3.12468E+00
         440   5.28000E+01   1.20000E-01   7.72670E-02   7.41219E-04   1.39307E-03   0.00000E+00   2.92432E-02   1.00000E+00   0.00000E+00   7.75157E+00   1.41378E-15            15   5.78127E-10   3.12451E+00
         441   5.29200E+01   1.20000E-01   7.72670E-02   7.37478E-04   1.38676E-03   0.00000E+00   2.94519E-02   1.00000E+00   0.00000E+00   7.75157E+00   1.41058E-15            15   5.81848E-10   3.12434E+00
         442   5.30400E+01   1.20000E-01   7.72670E-02   7.33724E-04   1.38042E-03   0.00000E+00   2.96592E-02   1.00000E+00   0.00000E+00   7.75157E+00   1.42944E-15            15   5.85942E-10   3.12418E+00
         443   5.31600E+01   1.20000E-01   7.72670E-02   7.29956E-04   1.37406E-03   0.00000E+00   2.98654E-02   1.00000E+00   0.00000E+00   7.75157E+00   1.42607E-15            15   5.89549E-10   3.12401E+00
         444   5.32800E+01   1.20000E-01   7.72670E-02   7.26175E-04   1.36767E-03   0.00000E+00   3.00703E-02   1.00000E+00   0.00000E+00   7.75157E+00   1.44261E-15            15   5.93492E-10   3.12385E+00
         445   5.34000E+01   1.20000E-01   7.72670E-02   7.22382E-04   1.36127E-03   0.00000E+00   3.02739E-02   1.00000E+00   0.00000E+00   7.75157E+00   1.43927E-15            15   5.96988E-10   3.12368E+00
         446   5.35200E+01   1.20000E-01   7.72670E-02   7.18575E-04   1.35484E-03   0.00000E+00   3.04763E-02   1.00000E+00   0.00000E+00   7.75157E+00   1.45377E-15            15   6.00790E-10   3.12352E+00
         447   5.36400E+01   1.20000E-01   7.72670E-02   7.14756E-04   1.34838E-03   0.00000E+00   3.06774E-02   1.00000E+00   0.00000E+00   7.75157E+00   1.44877E-15            15   6.04178E-10   3.12336E+00
         448   5.37600E+01   1.20000E-01   7.72670E-02   7.10924E-04   1.34191E-03   0.00000E+00   3.08773E-02   1.00000E+00   0.00000E+00   7.75157E+00   1.46240E-15            15   6.07845E-10   3.12320E+00
         449   5.38800E+01   1.20000E-01   7.72670E-02   7.07079E-04   1.33541E-03   0.00000E+00   3.10759E-02   1.00000E+00   0.00000E+00   7.75157E+00   1.45686E-15            15   6.11128E-10   3.12303E+00
         450   5.40000E+01   1.20000E-01   7.72670E-02   7.03222E-04   1.32889E-03   0.00000E+00   3.12732E-02   1.00000E+00   0.00000E+00   7.75157E+00   1.46845E-15            15   6.14669E-10   3.12287E+00
         451   5.41200E+01   1.20000E-01   7.72670E-02   6.99353E-04   1.32234E-03   0.00000E+00   3.14693E-02   1.00000E+00   0.00000E+00   7.75157E+00   1.46317E-15            15   6.17850E-10   3.12271E+00
         452   5.42400E+01   1.20000E-01   7.72670E-02   6.95471E-04   1.31578E-03   0.00000E+00   3.16641E-02   1.00000E+00   0.00000E+00   7.75157E+00   1.47255E-15            15   6.21270E-10   3.12256E+00
         453   5.43600E+01   1.20000E-01   7.72670E-02   6.91578E-04   1.30919E-03   0.00000E+00   3.18577E-02   1.00000E+00   0.00000E+00   7.75157E+00   1.46655E-15            15   6.24353E-10   3.12240E+00
         454   5.44800E+01   1.20000E-01   7.72670E-02   6.87673E-04   1.30258E-03   0.00000E+00   3.20500E-02   1.00000E+00   0.00000E+00   7.75157E+00   1.47518E-15            15   6.27659E-10   3.12224E+00
         455   5.46000E+01   1.20000E-01   7.72670E-02   6.83756E-04   1.29595E-03   0.00000E+00   3.22410E-02   1.00000E+00   0.00000E+00   7.75157E+00   1.46883E-15            15   6.30646E-10   3.12208E+00
         456   5.47200E+01   1.20000E-01   7.72670E-02   6.79827E-04   1.28930E-03   0.00000E+00   3.24308E-02   1.00000E+00   0.00000E+00   7.75157E+00   1.47555E-15            15   6.33842E-10   3.12193E+00
         457   5.48400E+01   1.20000E-01   7.72670E-02   6.75886E-04   1.28263E-03   0.00000E+00   3.26193E-02   1.00000E+00   0.00000E+00   7.75157E+00   1.46811E-15            15   6.36759E-10   3.12177E+00
         458   5.49600E+01   1.20000E-01   7.72670E-02   6.71935E-04   1.27594E-03   0.00000E+00   3.28066E-02   1.00000E+00   0.00000E+00   7.75157E+00   1.48132E-15            15   6.39826E-10   3.12162E+00
         459   5.50800E+01   1.20000E-01   7.72670E-02   6.67972E-04   1.26923E-03   0.00000E+00   3.29925E-02   1.00000E+00   0.00000E+00   7.75157E+00   1.46750E-15            15   6.42634E-10   3.12147E+00
         460   5.52000E+01   1.20000E-01   7.72670E-02   6.63998E-04   1.26249E-03   0.00000E+00   3.31772E-02   1.00000E+00   0.00000E+00   7.75157E+00   1.48696E-15            15   6.45633E-10   3.12131E+00
         461   5.53200E+01   1.20000E-01   7.72670E-02   6.60013E-04   1.25574E-03   0.00000E+00   3.33606E-02   1.00000E+00   0.00000E+00   7.75157E+00   1.47088E-15            15   6.48356E-10   3.12116E+00
         462   5.54400E+01   1.20000E-01   7.72670E-02   6.56016E-04   1.24897E-03   0.00000E+00   3.35428E-02   1.00000E+00   0.00000E+00   7.75157E+00   1.48645E-15            15   6.51349E-10   3.12101E+00
         463   5.55600E+01   1.20000E-01   7.72670E-02   6.52010E-04   1.24218E-03   0.00000E+00   3.37237E-02   1.00000E+00   0.00000E+00   7.75157E+00   1.46582E-15            15   6.54150E-10   3.12086E+00
         464   5.56800E+01   1.20000E-01   7.72670E-02   6.47992E-04   1.23537E-03   0.00000E+00   3.39033E-02   1.00000E+00   0.00000E+00   7.75157E+00   1.48215E-15            15   6.57076E-10   3.12071E+00
         465   5.58000E+01   1.20000E-01   7.72670E-02   6.43965E-04   1.22854E-03   0.00000E+00   3.40816E-02   1.00000E+00   0.00000E+00   7.75157E+00   1.46804E-15            15   6.59669E-10   3.12056E+00
         466   5.59200E+01   1.20000E-01   7.72670E-02   6.39926E-04   1.22169E-03   0.00000E+00   3.42586E-02   1.00000E+00   0.00000E+00   7.75157E+00   1.48377E-15            15   6.62431E-10   3.12042E+00
         467   5.60400E+01   1.20000E-01   7.72670E-02   6.35878E-04   1.21482E-03   0.00000E+00   3.44344E-02   1.00000E+00   0.00000E+00   7.75157E+00   1.47078E-15            15   6.64944E-10   3.12027E+00
         468   5.61600E+01   1.20000E-01   7.72670E-02   6.31819E-04   1.20793E-03   0.00000E+00   3.46089E-02   1.00000E+00   0.00000E+00   7.75157E+00   1.48606E-15            15   6.67619E-10   3.12012E+00
         469   5.62800E+01   1.20000E-01   7.72670E-02   6.27751E-04   1.20103E-03   0.00000E+00   3.47821E-02   1.00000E+00   0.00000E+00   7.75157E+00   1.47390E-15            15   6.70057E-10   3.11998E+00
         470   5.64000E+01   1.20000E-01   7.72670E-02   6.24318E-04   1.19410E-03   0.00000E+00   3.49541E-02   1.00000E+00   0.00000E+00   7.75157E+00   1.48650E-15            15   6.72652E-10   3.11983E+00
         471   5.65200E+01   1.20000E-01   7.72670E-02   6.21221E-04   1.18716E-03   0.00000E+00   3.51247E-02   1.00000E+00   0.00000E+00   7.75157E+00   1.47449E-15            15   6.75018E-10   3.11969E+00
         472   5.66400E+01   1.20000E-01   7.72670E-02   6.18116E-04   1.18021E-03   0.00000E+00   3.52941E-02   1.00000E+00   0.00000E+00   7.75157E+00   1.48595E-15            15   6.77538E-10   3.11955E+00
         473   5.67600E+01   1.20000E-01   7.72670E-02   6.15001E-04   1.17323E-03   0.00000E+00   3.54622E-02   1.00000E+00   0.00000E+00   7.75157E+00   1.47404E-15            15   6.79836E-10   3.11941E+00
         474   5.68800E+01   1.20000E-01   7.72670E-02   6.11876E-04   1.16624E-03   0.00000E+00   3.56291E-02   1.00000E+00   0.00000E+00   7.75157E+00   1.48424E-15            15   6.82312E-10   3.11926E+00
         475   5.70000E+01   1.20000E-01   7.72670E-02   6.08742E-04   1.15923E-03   0.00000E+00   3.57946E-02   1.00000E+00   0.00000E+00   7.75157E+00   1.47375E-15            15   6.84512E-10   3.11912E+00
         476   5.71200E+01   1.20000E-01   7.72670E-02   6.05599E-04   1.15220E-03   0.00000E+00   3.59589E-02   1.00000E+00   0.00000E+00   7.75157E+00   1.48263E-15            15   6.86894E-10   3.11899E+00
         477   5.72400E+01   1.20000E-01   7.72670E-02   6.02447E-04   1.14516E-03   0.00000E+00   3.61219E-02   1.00000E+00   0.00000E+00   7.75157E+00   1.47213E-15            15   6.89065E-10   3.11885E+00
         478   5.73600E+01   1.20000E-01   7.72670E-02   5.99286E-04   1.13810E-03   0.00000E+00   3.62836E-02   1.00000E+00   0.00000E+00   7.75157E+00   1.48037E-15            15   6.91378E-10   3.11871E+00
         479   5.74800E+01   1.20000E-01   7.72670E-02   5.96116E-04   1.13103E-03   0.00000E+00   3.64441E-02   1.00000E+00   0.00000E+00   7.75157E+00   1.46990E-15            15   6.93491E-10   3.11857E+00
         480   5.76000E+01   1.20000E-01   7.72670E-02   5.92937E-04   1.12394E-03   0.00000E+00   3.66032E-02   1.00000E+00   0.00000E+00   7.75157E+00   1.47694E-15            15   6.95742E-10   3.11844E+00
         481   5.77200E+01   1.20000E-01   7.72670E-02   5.89749E-04   1.11683E-03   0.00000E+00   3.67611E-02   1.00000E+00   0.00000E+00   7.75157E+00   1.46746E-15            15   6.97799E-10   3.11830E+00
         482   5.78400E+01   1.20000E-01   7.72670E-02   5.86553E-04   1.10971E-03   0.00000E+00   3.69177E-02   1.00000E+00   0.00000E+00   7.75157E+00   1.47224E-15            15   6.99988E-10   3.11817E+00
         483   5.79600E+01   1.20000E-01   7.72670E-02   5.83348E-04   1.10257E-03   0.00000E+00   3.70730E-02   1.00000E+00   0.00000E+00   7.75157E+00   1.46290E-15            15   7.01990E-10   3.11803E+00
         484   5.80800E+01   1.20000E-01   7.72670E-02   5.80135E-04   1.09542E-03   0.00000E+00   3.72270E-02   1.00000E+00   0.00000E+00   7.75157E+00   1.46716E-15            15   7.04123E-10   3.11790E+00
         485   5.82000E+01   1.20000E-01   7.72670E-02   5.76914E-04   1.08826E-03   0.00000E+00   3.73798E-02   1.00000E+00   0.00000E+00   7.75157E+00   1.45805E-15            15   7.06074E-10   3.11777E+00
         486   5.83200E+01   1.20000E-01   7.72670E-02   5.73684E-04   1.08108E-03   0.00000E+00   3.75312E-02   1.00000E+00   0.00000E+00   7.75157E+00   1.45991E-15            15   7.08172E-10   3.11764E+00
         487   5.84400E+01   1.20000E-01   7.72670E-02   5.70446E-04   1.07388E-03   0.00000E+00   3.76814E-02   1.00000E+00   0.00000E+00   7.75157E+00   1.45124E-15            15   7.10090E-10   3.11751E+00
         488   5.85600E+01   1.20000E-01   7.72670E-02   5.67200E-04   1.06667E-03   0.00000E+00   3.78303E-02   1.00000E+00   0.00000E+00   7.75157E+00   1.45334E-15            15   7.12131E-10   3.11738E+00
         489   5.86800E+01   1.20000E-01   7.72670E-02   5.63946E-04   1.05945E-03   0.00000E+00   3.79779E-02   1.00000E+00   0.00000E+00   7.75157E+00   1.44454E-15            15   7.14002E-10   3.11725E+00
         490   5.88000E+01   1.20000E-01   7.72670E-02   5.60685E-04   1.05221E-03   0.00000E+00   3.81243E-02   1.00000E+00   0.00000E+00   7.75157E+00   1.44694E-15            15   7.15173E-10   3.11712E+00
         491   5.89200E+01   1.20000E-01   7.72670E-02   5.57415E-04   1.04496E-03   0.00000E+00   3.82693E-02   1.00000E+00   0.00000E+00   7.75157E+00   1.43699E-15            15   7.18523E-10   3.11700E+00
         492   5.90400E+01   1.20000E-01   7.72670E-02   5.54138E-04   1.03770E-03   0.00000E+00   3.84130E-02   1.00000E+00   0.00000E+00   7.75157E+00   1.43947E-15            15   7.19878E-10   3.11687E+00
         493   5.91600E+01   1.20000E-01   7.72670E-02   5.50854E-04   1.03042E-03   0.00000E+00   3.85555E-02   1.00000E+00   0.00000E+00   7.75157E+00   1.43116E-15            15   7.21547E-10   3.11674E+00
         494   5.92800E+01   1.20000E-01   7.72670E-02   5.47561E-04   1.02313E-03   0.00000E+00   3.86967E-02   1.00000E+00   0.00000E+00   7.75157E+00   1.43140E-15            15   7.23407E-10   3.11662E+00
         495   5.94000E+01   1.20000E-01   7.72670E-02   5.44262E-04   1.01583E-03   0.00000E+00   3.88367E-02   1.00000E+00   0.00000E+00   7.75157E+00   1.42312E-15            15   7.25137E-10   3.11650E+00
         496   5.95200E+01   1.20000E-01   7.72670E-02   5.40955E-04   1.00852E-03   0.00000E+00   3.89753E-02   1.00000E+00   0.00000E+00   7.75157E+00   1.42244E-15            15   7.26979E-10   3.11637E+00
         497   5.96400E+01   1.20000E-01   7.72670E-02   5.37641E-04   1.00119E-03   0.00000E+00   3.91127E-02   1.00000E+00   0.00000E+00   7.75157E+00   1.41400E-15            15   7.28678E-10   3.11625E+00
         498   5.97600E+01   1.20000E-01   7.72670E-02   5.34320E-04   9.93855E-04   0.00000E+00   3.92488E-02   1.00000E+00   0.00000E+00   7.75157E+00   1.41300E-15            15   7.30481E-10   3.11613E+00
         499   5.98800E+01   1.20000E-01   7.72670E-02   5.30992E-04   9.86505E-04   0.00000E+00   3.93836E-02   1.00000E+00   0.00000E+00   7.75157E+00   1.40479E-15            15   7.32145E-10   3.11601E+00
         500   6.00000E+01   1.20000E-01   7.72670E-02   5.27658E-04   9.79144E-04   0.00000E+00   3.95171E-02   1.00000E+00   0.00000E+00   7.75157E+00   1.40345E-15            15   7.33909E-10   3.11589E+00
         501   6.01200E+01   1.20000E-01   7.72670E-02   5.24316E-04   9.71772E-04   0.00000E+00   3.96494E-02   1.00000E+00   0.00000E+00   7.75157E+00   1.39461E-15            15   7.35538E-10   3.11578E+00
         502   6.02400E+01   1.20000E-01   7.72670E-02   5.20968E-04   9.64388E-04   0.00000E+00   3.97803E-02   1.00000E+00   0.00000E+00   7.75157E+00   1.39252E-15            15   7.37263E-10   3.11566E+00
         503   6.03600E+01   1.20000E-01   7.72670E-02   5.17613E-04   9.56994E-04   0.00000E+00   3.99100E-02   1.00000E+00   0.00000E+00   7.75157E+00   1.38467E-15            15   7.38860E-10   3.11554E+00
         504   6.04800E+01   1.20000E-01   7.72670E-02   5.14252E-04   9.49589E-04   0.00000E+00   4.00385E-02   1.00000E+00   0.00000E+00   7.75157E+00   1.38173E-15            15   7.40548E-10   3.11543E+00
         505   6.06000E+01   1.20000E-01   7.72670E-02   5.10884E-04   9.42173E-04   0.00000E+00   4.01656E-02   1.00000E+00   0.00000E+00   7.75157E+00   1.37375E-15            15   7.42113E-10   3.11531E+00
         506   6.07200E+01   1.20000E-01   7.72670E-02   5.07510E-04   9.34748E-04   0.00000E+00   4.02915E-02   1.00000E+00   0.00000E+00   7.75157E+00   1.37069E-15            15   7.43766E-10   3.11520E+00
         507   6.08400E+01   1.20000E-01   7.72670E-02   5.04130E-04   9.27312E-04   0.00000E+00   4.04158E-02   1.00000E+00   0.00000E+00   7.75157E+00   1.33494E-15            15   7.46130E-10   3.11509E+00
         508   6.09600E+01   1.20000E-01   7.72670E-02   5.00743E-04   9.19866E-04   0.00000E+00   4.05391E-02   1.00000E+00   0.00000E+00   7.75157E+00   1.35895E-15            15   7.47117E-10   3.11497E+00
         509   6.10800E+01   1.20000E-01   7.72670E-02   4.97351E-04   9.12411E-04   0.00000E+00   4.06612E-02   1.00000E+00   0.00000E+00   7.75157E+00   1.35027E-15            15   7.48594E-10   3.11486E+00
         510   6.12000E+01   1.20000E-01   7.72670E-02   4.93953E-04   9.04947E-04   0.00000E+00   4.07819E-02   1.00000E+00   0.00000E+00   7.75157E+00   1.34575E-15            15   7.50164E-10   3.11475E+00
         511   6.13200E+01   1.20000E-01   7.72670E-02   4.90549E-04   8.97473E-04   0.00000E+00   4.09014E-02   1.00000E+00   0.00000E+00   7.75157E+00   1.33757E-15            15   7.51637E-10   3.11464E+00
         512   6.14400E+01   1.20000E-01   7.72670E-02   4.87139E-04   8.89990E-04   0.00000E+00   4.10196E-02   1.00000E+00   0.00000E+00   7.75157E+00   1.33277E-15            15   7.53191E-10   3.11454E+00
         513   6.15600E+01   1.20000E-01   7.72670E-02   4.83723E-04   8.82499E-04   0.00000E+00   4.11366E-02   1.00000E+00   0.00000E+00   7.75157E+00   1.32483E-15            15   7.54645E-10   3.11443E+00
         514   6.16800E+01   1.20000E-01   7.72670E-02   4.80303E-04   8.74999E-04   0.00000E+00   4.12523E-02   1.00000E+00   0.00000E+00   7.75157E+00   1.31957E-15            15   7.56174E-10   3.11432E+00
         515   6.18000E+01   1.20000E-01   7.72670E-02   4.76876E-04   8.67490E-04   0.00000E+00   4.13667E-02   1.00000E+00   0.00000E+00   7.75157E+00   1.31110E-15            15   7.57605E-10   3.11422E+00
         516   6.19200E+01   1.20000E-01   7.72670E-02   4.73445E-04   8.59974E-04   0.00000E+00   4.14798E-02   1.00000E+00   0.00000E+00   7.75157E+00   1.30588E-15            15   7.59105E-10   3.11411E+00
         517   6.20400E+01   1.20000E-01   7.72670E-02   4.70008E-04   8.52450E-04   0.00000E+00   4.15917E-02   1.00000E+00   0.00000E+00   7.75157E+00   1.29733E-15            15   7.60513E-10   3.11401E+00
         518   6.21600E+01   1.20000E-01   7.72670E-02   4.66565E-04   8.44918E-04   0.00000E+00   4.17023E-02   1.00000E+00   0.00000E+00   7.75157E+00   1.29154E-15            15   7.61987E-10   3.11390E+00
         519   6.22800E+01   1.20000E-01   7.72670E-02   4.63118E-04   8.37378E-04   0.00000E+00   4.18117E-02   1.00000E+00   0.00000E+00   7.75157E+00   1.28302E-15            15   7.63373E-10   3.11380E+00
         520   6.24000E+01   1.20000E-01   7.72670E-02   4.59666E-04   8.29831E-04   0.00000E+00   4.19197E-02   1.00000E+00   0.00000E+00   7.75157E+00   1.27689E-15            15   7.64822E-10   3.11370E+00
         521   6.25200E+01   1.20000E-01   7.72670E-02   4.56209E-04   8.22277E-04   0.00000E+00   4.20266E-02   1.00000E+00   0.00000E+00   7.75157E+00   1.26831E-15            15   7.66186E-10   3.11360E+00
         522   6.26400E+01   1.20000E-01   7.72670E-02   4.52748E-04   8.14716E-04   0.00000E+00   4.21321E-02   1.00000E+00   0.00000E+00   7.75157E+00   1.26180E-15            15   7.67612E-10   3.11350E+00
         523   6.27600E+01   1.20000E-01   7.72670E-02   4.49281E-04   8.07149E-04   0.00000E+00   4.22364E-02   1.00000E+00   0.00000E+00   7.75157E+00   1.25263E-15            15   7.68956E-10   3.11340E+00
         524   6.28800E+01   1.20000E-01   7.72670E-02   4.45810E-04   7.99575E-04   0.00000E+00   4.23395E-02   1.00000E+00   0.00000E+00   7.75157E+00   1.24629E-15            15   7.70359E-10   3.11330E+00
         525   6.30000E+01   1.20000E-01   7.72670E-02   4.42335E-04   7.91995E-04   0.00000E+00   4.24412E-02   1.00000E+00   0.00000E+00   7.75157E+00   1.23721E-15            15   7.71685E-10   3.11321E+00
         526   6.31200E+01   1.20000E-01   7.72670E-02   4.38855E-04   7.85632E-04   0.00000E+00   4.25418E-02   1.00000E+00   0.00000E+00   7.75157E+00   1.23009E-15            15   7.73066E-10   3.11311E+00
         527   6.32400E+01   1.20000E-01   7.72670E-02   4.35371E-04   7.80060E-04   0.00000E+00   4.26410E-02   1.00000E+00   0.00000E+00   7.75157E+00   1.22134E-15            15   7.74374E-10   3.11302E+00
         528   6.33600E+01   1.20000E-01   7.72670E-02   4.31883E-04   7.74481E-04   0.00000E+00   4.27390E-02   1.00000E+00   0.00000E+00   7.75157E+00   1.21383E-15            15   7.75735E-10   3.11292E+00
         529   6.34800E+01   1.20000E-01   7.72670E-02   4.28390E-04   7.68893E-04   0.00000E+00   4.28358E-02   1.00000E+00   0.00000E+00   7.75157E+00   1.20468E-15            15   7.77027E-10   3.11283E+00
         530   6.36000E+01   1.20000E-01   7.72670E-02   4.24894E-04   7.63298E-04   0.00000E+00   4.29313E-02   1.00000E+00   0.00000E+00   7.75157E+00   1.19711E-15            15   7.78369E-10   3.11274E+00
         531   6.37200E+01   1.20000E-01   7.72670E-02   4.21394E-04   7.57696E-04   0.00000E+00   4.30255E-02   1.00000E+00   0.00000E+00   7.75157E+00   1.18806E-15            15   7.79646E-10   3.11264E+00
         532   6.38400E+01   1.20000E-01   7.72670E-02   4.17889E-04   7.52086E-04   0.00000E+00   4.31185E-02   1.00000E+00   0.00000E+00   7.75157E+00   1.17994E-15            15   7.80970E-10   3.11255E+00
         533   6.39600E+01   1.20000E-01   7.72670E-02   4.14382E-04   7.46469E-04   0.00000E+00   4.32103E-02   1.00000E+00   0.00000E+00   7.75157E+00   1.17071E-15            15   7.82232E-10   3.11246E+00
         534   6.40800E+01   1.20000E-01   7.72670E-02   4.10870E-04   7.40845E-04   0.00000E+00   4.33007E-02   1.00000E+00   0.00000E+00   7.75157E+00   1.16273E-15            15   7.83539E-10   3.11238E+00
         535   6.42000E+01   1.20000E-01   7.72670E-02   4.07355E-04   7.35214E-04   0.00000E+00   4.33900E-02   1.00000E+00   0.00000E+00   7.75157E+00   1.15338E-15            15   7.84788E-10   3.11229E+00
         536   6.43200E+01   1.20000E-01   7.72670E-02   4.03837E-04   7.29577E-04   0.00000E+00   4.34780E-02   1.00000E+00   0.00000E+00   7.75157E+00   1.14510E-15            15   7.86080E-10   3.11220E+00
         537   6.44400E+01   1.20000E-01   7.72670E-02   4.00824E-04   7.23933E-04   0.00000E+00   4.35648E-02   1.00000E+00   0.00000E+00   7.75157E+00   1.13561E-15            15   7.87316E-10   3.11211E+00
         538   6.45600E+01   1.20000E-01   7.72670E-02   3.98499E-04   7.18283E-04   0.00000E+00   4.36503E-02   1.00000E+00   0.00000E+00   7.75157E+00   1.12679E-15            15   7.88594E-10   3.11203E+00
         539   6.46800E+01   1.20000E-01   7.72670E-02   3.96169E-04   7.12626E-04   0.00000E+00   4.37345E-02   1.00000E+00   0.00000E+00   7.75157E+00   1.11714E-15            15   7.89819E-10   3.11195E+00
         540   6.48000E+01   1.20000E-01   7.72670E-02   3.93836E-04   7.06964E-04   0.00000E+00   4.38176E-02   1.00000E+00   0.00000E+00   7.75157E+00   1.10847E-15            15   7.91083E-10   3.11186E+00
         541   6.49200E+01   1.20000E-01   7.72670E-02   3.91499E-04   7.01295E-04   0.00000E+00   4.38994E-02   1.00000E+00   0.00000E+00   7.75157E+00   1.09874E-15            15   7.92297E-10   3.11178E+00
         542   6.50400E+01   1.20000E-01   7.72670E-02   3.89158E-04   6.95621E-04   0.00000E+00   4.39799E-02   1.00000E+00   0.00000E+00   7.75157E+00   1.08983E-15            15   7.93549E-10   3.11170E+00
         543   6.51600E+01   1.20000E-01   7.72670E-02   3.86812E-04   6.89941E-04   0.00000E+00   4.40591E-02   1.00000E+00   0.00000E+00   7.75157E+00   1.06588E-15            15   7.95737E-10   3.11162E+00
         544   6.52800E+01   1.20000E-01   7.72670E-02   3.84463E-04   6.84256E-04   0.00000E+00   4.41372E-02   1.00000E+00   0.00000E+00   7.75157E+00   1.07161E-15            15   7.95865E-10   3.11154E+00
         545   6.54000E+01   1.20000E-01   7.72670E-02   3.82110E-04   6.78566E-04   0.00000E+00   4.42141E-02   1.00000E+00   0.00000E+00   7.75157E+00   1.06149E-15            15   7.97108E-10   3.11146E+00
         546   6.55200E+01   1.20000E-01   7.72670E-02   3.79754E-04   6.72870E-04   0.00000E+00   4.42897E-02   1.00000E+00   0.00000E+00   7.75157E+00   1.05231E-15            15   7.98340E-10   3.11138E+00
         547   6.56400E+01   1.20000E-01   7.72670E-02   3.77394E-04   6.67170E-04   0.00000E+00   4.43641E-02   1.00000E+00   0.00000E+00   7.75157E+00   1.04216E-15            15   7.99528E-10   3.11130E+00
         548   6.57600E+01   1.20000E-01   7.72670E-02   3.75030E-04   6.61464E-04   0.00000E+00   4.44373E-02   1.00000E+00   0.00000E+00   7.75157E+00   1.03298E-15            15   8.00745E-10   3.11123E+00
         549   6.58800E+01   1.20000E-01   7.72670E-02   3.72662E-04   6.55754E-04   0.00000E+00   4.45092E-02   1.00000E+00   0.00000E+00   7.75157E+00   1.02246E-15            15   8.01926E-10   3.11115E+00
         550   6.60000E+01   1.20000E-01   7.72670E-02   3.70292E-04   6.50040E-04   0.00000E+00   4.45799E-02   1.00000E+00   0.00000E+00   7.75157E+00   1.01303E-15            15   8.03137E-10   3.11108E+00
         551   6.61200E+01   1.20000E-01   7.72670E-02   3.67917E-04   6.44321E-04   0.00000E+00   4.46494E-02   1.00000E+00   0.00000E+00   7.75157E+00   1.00302E-15            15   8.04309E-10   3.11100E+00
         552   6.62400E+01   1.20000E-01   7.72670E-02   3.65540E-04   6.38598E-04   0.00000E+00   4.47177E-02   1.00000E+00   0.00000E+00   7.75157E+00   9.92926E-16            15   8.05512E-10   3.11093E+00
         553   6.63600E+01   1.20000E-01   7.72670E-02   3.63159E-04   6.32871E-04   0.00000E+00   4.47847E-02   1.00000E+00   0.00000E+00   7.75157E+00   9.82752E-16            15   8.06679E-10   3.11086E+00
         554   6.64800E+01   1.20000E-01   7.72670E-02   3.60775E-04   6.27140E-04   0.00000E+00   4.48506E-02   1.00000E+00   0.00000E+00   7.75157E+00   9.72587E-16            15   8.07875E-10   3.11079E+00
         555   6.66000E+01   1.20000E-01   7.72670E-02   3.58541E-04   6.21405E-04   0.00000E+00   4.49152E-02   1.00000E+00   0.00000E+00   7.75157E+00   9.62329E-16            15   8.09038E-10   3.11072E+00
         556   6.67200E+01   1.20000E-01   7.72670E-02   3.60453E-04   6.15667E-04   0.00000E+00   4.49786E-02   1.00000E+00   0.00000E+00   7.75157E+00   9.52246E-16            15   8.10228E-10   3.11065E+00
         557   6.68400E+01   1.20000E-01   7.72670E-02   3.62356E-04   6.09926E-04   0.00000E+00   4.50408E-02   1.00000E+00   0.00000E+00   7.75157E+00   9.41529E-16            15   8.11388E-10   3.11058E+00
         558   6.69600E+01   1.20000E-01   7.72670E-02   3.64250E-04   6.04181E-04   0.00000E+00   4.51017E-02   1.00000E+00   0.00000E+00   7.75157E+00   9.31283E-16            15   8.12575E-10   3.11052E+00
         559   6.70800E+01   1.20000E-01   7.72670E-02   3.66134E-04   5.98433E-04   0.00000E+00   4.51615E-02   1.00000E+00   0.00000E+00   7.75157E+00   9.20708E-16            15   8.13735E-10   3.11045E+00
         560   6.72000E+01   1.20000E-01   7.72670E-02   3.68009E-04   5.92682E-04   0.00000E+00   4.52200E-02   1.00000E+00   0.00000E+00   7.75157E+00   9.10142E-16            15   8.14923E-10   3.11038E+00
         561   6.73200E+01   1.20000E-01   7.72670E-02   3.69875E-04   5.86928E-04   0.00000E+00   4.52774E-02   1.00000E+00   0.00000E+00   7.75157E+00   9.02175E-16            15   8.16091E-10   3.11032E+00
         562   6.74400E+01   1.20000E-01   7.72670E-02   3.71732E-04   5.81172E-04   0.00000E+00   4.53335E-02   1.00000E+00   0.00000E+00   7.75157E+00   8.97898E-16            15   8.17291E-10   3.11026E+00
         563   6.75600E+01   1.20000E-01   7.72670E-02   3.73578E-04   5.75413E-04   0.00000E+00   4.53884E-02   1.00000E+00   0.00000E+00   7.75157E+00   8.93623E-16            15   8.18478E-10   3.11019E+00
         564   6.76800E+01   1.20000E-01   7.72670E-02   3.75416E-04   5.69652E-04   0.00000E+00   4.54422E-02   1.00000E+00   0.00000E+00   7.75157E+00   8.89424E-16            15   8.19703E-10   3.11013E+00
         565   6.78000E+01   1.20000E-01   7.72670E-02   3.77244E-04   5.63889E-04   0.00000E+00   4.54947E-02   1.00000E+00   0.00000E+00   7.75157E+00   8.85433E-16            15   8.20890E-10   3.11007E+00
         566   6.79200E+01   1.20000E-01   7.72670E-02   3.79062E-04   5.58124E-04   0.00000E+00   4.55460E-02   1.00000E+00   0.00000E+00   7.75157E+00   8.80887E-16            15   8.21892E-10   3.11001E+00
         567   6.80400E+01   1.20000E-01   7.72670E-02   3.80871E-04   5.52357E-04   0.00000E+00   4.55961E-02   1.00000E+00   0.00000E+00   7.75157E+00   8.75848E-16            15   8.22769E-10   3.10995E+00
         568   6.81600E+01   1.20000E-01   7.72670E-02   3.82670E-04   5.46588E-04   0.00000E+00   4.56451E-02   1.00000E+00   0.00000E+00   7.75157E+00   8.69512E-16            15   8.23410E-10   3.10990E+00
         569   6.82800E+01   1.20000E-01   7.72670E-02   3.84459E-04   5.40817E-04   0.00000E+00   4.56928E-02   1.00000E+00   0.00000E+00   7.75157E+00   8.70411E-16            15   8.26115E-10   3.10984E+00
         570   6.84000E+01   1.20000E-01   7.72670E-02   3.86239E-04   5.35045E-04   0.00000E+00   4.57394E-02   1.00000E+00   0.00000E+00   7.75157E+00   8.63288E-16            15   8.26125E-10   3.10978E+00
         571   6.85200E+01   1.20000E-01   7.72670E-02   3.88009E-04   5.29272E-04   0.00000E+00   4.57848E-02   1.00000E+00   0.00000E+00   7.75157E+00   8.59351E-16            15   8.27187E-10   3.10973E+00
         572   6.86400E+01   1.20000E-01   7.72670E-02   3.89769E-04   5.23498E-04   0.00000E+00   4.58290E-02   1.00000E+00   0.00000E+00   7.75157E+00   8.55412E-16            15   8.28253E-10   3.10967E+00
         573   6.87600E+01   1.20000E-01   7.72670E-02   3.91520E-04   5.17723E-04   0.00000E+00   4.58720E-02   1.00000E+00   0.00000E+00   7.75157E+00   8.51573E-16            15   8.29285E-10   3.10962E+00
         574   6.88800E+01   1.20000E-01   7.72670E-02   3.93261E-04   5.11947E-04   0.00000E+00   4.59138E-02   1.00000E+00   0.00000E+00   7.75157E+00   8.47708E-16            15   8.30319E-10   3.10957E+00
         575   6.90000E+01   1.20000E-01   7.72670E-02   3.94992E-04   5.06171E-04   0.00000E+00   4.59545E-02   1.00000E+00   0.00000E+00   7.75157E+00   8.43978E-16            15   8.31316E-10   3.10951E+00
         576   6.91200E+01   1.20000E-01   7.72670E-02   3.96713E-04   5.00647E-04   0.00000E+00   4.59940E-02   1.00000E+00   0.00000E+00   7.75157E+00   8.40146E-16            15   8.32307E-10   3.10946E+00
         577   6.92400E+01   1.20000E-01   7.72670E-02   3.98425E-04   4.95124E-04   0.00000E+00   4.60323E-02   1.00000E+00   0.00000E+00   7.75157E+00   8.36359E-16            15   8.33257E-10   3.10941E+00
         578   6.93600E+01   1.20000E-01   7.72670E-02   4.00126E-04   4.89602E-04   0.00000E+00   4.60694E-02   1.00000E+00   0.00000E+00   7.75157E+00   8.32760E-16            15   8.34194E-10   3.10937E+00
         579   6.94800E+01   1.20000E-01   7.72670E-02   4.01818E-04   4.84080E-04   0.00000E+00   4.61054E-02   1.00000E+00   0.00000E+00   7.75157E+00   8.28861E-16            15   8.35101E-10   3.10932E+00
         580   6.96000E+01   1.20000E-01   7.72670E-02   4.03500E-04   4.78561E-04   0.00000E+00   4.61401E-02   1.00000E+00   0.00000E+00   7.75157E+00   8.25151E-16            15   8.35992E-10   3.10927E+00
         581   6.97200E+01   1.20000E-01   7.72670E-02   4.05172E-04   4.73042E-04   0.00000E+00   4.61738E-02   1.00000E+00   0.00000E+00   7.75157E+00   8.21155E-16            15   8.36824E-10   3.10922E+00
         582   6.98400E+01   1.20000E-01   7.72670E-02   4.06834E-04   4.67525E-04   0.00000E+00   4.62062E-02   1.00000E+00   0.00000E+00   7.75157E+00   8.17319E-16            15   8.37619E-10   3.10918E+00
         583   6.99600E+01   1.20000E-01   7.72670E-02   4.08486E-04   4.62010E-04   0.00000E+00   4.62375E-02   1.00000E+00   0.00000E+00   7.75157E+00   8.13171E-16            15   8.38342E-10   3.10913E+00
         584   7.00800E+01   1.20000E-01   7.72670E-02   4.10129E-04   4.56496E-04   0.00000E+00   4.62676E-02   1.00000E+00   0.00000E+00   7.75157E+00   8.09043E-16            15   8.39011E-10   3.10909E+00
         585   7.02000E+01   1.20000E-01   7.72670E-02   4.11761E-04   4.50984E-04   0.00000E+00   4.62966E-02   1.00000E+00   0.00000E+00   7.75157E+00   8.04617E-16            15   8.39591E-10   3.10905E+00
         586   7.03200E+01   1.20000E-01   7.72670E-02   4.13383E-04   4.45475E-04   0.00000E+00   4.63244E-02   1.00000E+00   0.00000E+00   7.75157E+00   7.99970E-16            15   8.40098E-10   3.10901E+00
         587   7.04400E+01   1.20000E-01   7.72670E-02   4.14994E-04   4.39967E-04   0.00000E+00   4.63511E-02   1.00000E+00   0.00000E+00   7.75157E+00   7.95008E-16            15   8.40496E-10   3.10897E+00
         588   7.05600E+01   1.20000E-01   7.72670E-02   4.16596E-04   4.34462E-04   0.00000E+00   4.63766E-02   1.00000E+00   0.00000E+00   7.75157E+00   7.89817E-16            15   8.40797E-10   3.10893E+00
         589   7.06800E+01   1.20000E-01   7.72670E-02   4.18188E-04   4.28958E-04   0.00000E+00   4.64009E-02   1.00000E+00   0.00000E+00   7.75157E+00   7.84299E-16            15   8.40966E-10   3.10889E+00
         590   7.08000E+01   1.20000E-01   7.72670E-02   4.19769E-04   4.23458E-04   0.00000E+00   4.64241E-02   1.00000E+00   0.00000E+00   7.75157E+00   7.78408E-16            15   8.41012E-10   3.10885E+00
         591   7.09200E+01   1.20000E-01   7.72670E-02   4.21340E-04   4.17959E-04   0.00000E+00   4.64462E-02   1.00000E+00   0.00000E+00   7.75157E+00   7.72266E-16            15   8.40899E-10   3.10881E+00
         592   7.10400E+01   1.20000E-01   7.72670E-02   4.22901E-04   4.12464E-04   0.00000E+00   4.64671E-02   1.00000E+00   0.00000E+00   7.75157E+00   7.65379E-16            15   8.40633E-10   3.10877E+00
         593   7.11600E+01   1.20000E-01   7.72670E-02   4.24451E-04   4.07288E-04   0.00000E+00   4.64868E-02   1.00000E+00   0.00000E+00   7.75157E+00   7.58300E-16            15   8.40182E-10   3.10874E+00
         594   7.12800E+01   1.20000E-01   7.72670E-02   4.25991E-04   4.03478E-04   0.00000E+00   4.65055E-02   1.00000E+00   0.00000E+00   7.75157E+00   7.50553E-16            15   8.39549E-10   3.10870E+00
         595   7.14000E+01   1.20000E-01   7.72670E-02   4.27521E-04   3.99667E-04   0.00000E+00   4.65229E-02   1.00000E+00   0.00000E+00   7.75157E+00   7.42325E-16            15   8.38703E-10   3.10867E+00
         596   7.15200E+01   1.20000E-01   7.72670E-02   4.29041E-04   3.95857E-04   0.00000E+00   4.65393E-02   1.00000E+00   0.00000E+00   7.75157E+00   7.33625E-16            15   8.37647E-10   3.10864E+00
         597   7.16400E+01   1.20000E-01   7.72670E-02   4.30550E-04   3.92047E-04   0.00000E+00   4.65545E-02   1.00000E+00   0.00000E+00   7.75157E+00   7.24349E-16            15   8.36352E-10   3.10861E+00
         598   7.17600E+01   1.20000E-01   7.72670E-02   4.32048E-04   3.88237E-04   0.00000E+00   4.65686E-02   1.00000E+00   0.00000E+00   7.75157E+00   7.14493E-16            15   8.34824E-10   3.10857E+00
         599   7.18800E+01   1.20000E-01   7.72670E-02   4.33536E-04   3.84428E-04   0.00000E+00   4.65816E-02   1.00000E+00   0.00000E+00   7.75157E+00   7.04130E-16            15   8.33034E-10   3.10854E+00
         600   7.20000E+01   1.20000E-01   7.72670E-02   4.35014E-04   3.80620E-04   0.00000E+00   4.65934E-02   1.00000E+00   0.00000E+00   7.75157E+00   6.93213E-16            15   8.30992E-10   3.10851E+00
         601   7.21200E+01   1.20000E-01   7.72670E-02   4.36481E-04   3.76812E-04   0.00000E+00   4.66041E-02   1.00000E+00   0.00000E+00   7.75157E+00   6.81853E-16            15   8.28673E-10   3.10849E+00
         602   7.22400E+01   1.20000E-01   7.72670E-02   4.37937E-04   3.73005E-04   0.00000E+00   4.66137E-02   1.00000E+00   0.00000E+00   7.75157E+00   6.70138E-16            15   8.26088E-10   3.10846E+00
         603   7.23600E+01   1.20000E-01   7.72670E-02   4.39383E-04   3.69199E-04   0.00000E+00   4.66221E-02   1.00000E+00   0.00000E+00   7.75157E+00   6.57749E-16            15   8.23218E-10   3.10843E+00
         604   7.24800E+01   1.20000E-01   7.72670E-02   4.40818E-04   3.65393E-04   0.00000E+00   4.66295E-02   1.00000E+00   0.00000E+00   7.75157E+00   6.45250E-16            15   8.20075E-10   3.10841E+00
         605   7.26000E+01   1.20000E-01   7.72670E-02   4.42242E-04   3.61589E-04   0.00000E+00   4.66357E-02   1.00000E+00   0.00000E+00   7.75157E+00   6.32300E-16            15   8.16645E-10   3.10838E+00
         606   7.27200E+01   1.20000E-01   7.72670E-02   4.43656E-04   3.57785E-04   0.00000E+00   4.66408E-02   1.00000E+00   0.00000E+00   7.75157E+00   6.19158E-16            15   8.12940E-10   3.10836E+00
         607   7.28400E+01   1.20000E-01   7.72670E-02   4.45059E-04   3.53983E-04   0.00000E+00   4.66448E-02   1.00000E+00   0.00000E+00   7.75157E+00   6.05820E-16            15   8.08952E-10   3.10833E+00
         608   7.29600E+01   1.20000E-01   7.72670E-02   4.46451E-04   3.50182E-04   0.00000E+00   4.66477E-02   1.00000E+00   0.00000E+00   7.75157E+00   5.92314E-16            15   8.04693E-10   3.10831E+00
         609   7.30800E+01   1.20000E-01   7.72670E-02   4.47832E-04   3.46383E-04   0.00000E+00   4.66495E-02   1.00000E+00   0.00000E+00   7.75157E+00   5.78702E-16            15   8.00156E-10   3.10829E+00
         610   7.32000E+01   1.20000E-01   7.72670E-02   4.49203E-04   3.42584E-04   0.00000E+00   4.66502E-02   1.00000E+00   0.00000E+00   7.75157E+00   5.65068E-16            15   7.95357E-10   3.10827E+00
         611   7.33200E+01   1.20000E-01   7.72670E-02   4.50563E-04   3.38787E-04   0.00000E+00   4.66498E-02   1.00000E+00   0.00000E+00   7.75157E+00   5.51496E-16            15   7.90289E-10   3.10825E+00
         612   7.34400E+01   1.20000E-01   7.72670E-02   4.51912E-04   3.34992E-04   0.00000E+00   4.66483E-02   1.00000E+00   0.00000E+00   7.75157E+00   5.37880E-16            15   7.84970E-10   3.10823E+00
         613   7.35600E+01   1.20000E-01   7.72670E-02   4.53250E-04   3.31199E-04   0.00000E+00   4.66457E-02   1.00000E+00   0.00000E+00   7.75157E+00   5.24493E-16            15   7.79394E-10   3.10821E+00
         614   7.36800E+01   1.20000E-01   7.72670E-02   4.54577E-04   3.27407E-04   0.00000E+00   4.66420E-02   1.00000E+00   0.00000E+00   7.75157E+00   5.11281E-16            15   7.73580E-10   3.10820E+00
         615   7.38000E+01   1.20000E-01   7.72670E-02   4.55893E-04   3.23617E-04   0.00000E+00   4.66372E-02   1.00000E+00   0.00000E+00   7.75157E+00   4.98028E-16            15   7.67525E-10   3.10818E+00
         616   7.39200E+01   1.20000E-01   7.72670E-02   4.57198E-04   3.19828E-04   0.00000E+00   4.66313E-02   1.00000E+00   0.00000E+00   7.75157E+00   4.85011E-16            15   7.61250E-10   3.10816E+00
         617   7.40400E+01   1.20000E-01   7.72670E-02   4.58493E-04   3.16042E-04   0.00000E+00   4.66243E-02   1.00000E+00   0.00000E+00   7.75157E+00   4.72295E-16            15   7.54757E-10   3.10815E+00
         618   7.41600E+01   1.20000E-01   7.72670E-02   4.59776E-04   3.12258E-04   0.00000E+00   4.66163E-02   1.00000E+00   0.00000E+00   7.75157E+00   4.59806E-16            15   7.48069E-10   3.10814E+00
         619   7.42800E+01   1.20000E-01   7.72670E-02   4.61048E-04   3.08476E-04   0.00000E+00   4.66072E-02   1.00000E+00   0.00000E+00   7.75157E+00   4.47693E-16            15   7.41195E-10   3.10812E+00
         620   7.44000E+01   1.20000E-01   7.72670E-02   4.62309E-04   3.04696E-04   0.00000E+00   4.65970E-02   1.00000E+00   0.00000E+00   7.75157E+00   4.39752E-16            15   7.34165E-10   3.10811E+00
         621   7.45200E+01   1.20000E-01   7.72670E-02   4.63559E-04   3.00918E-04   0.00000E+00   4.65857E-02   1.00000E+00   0.00000E+00   7.75157E+00   4.36434E-16            15   7.26996E-10   3.10810E+00
         622   7.46400E+01   1.20000E-01   7.72670E-02   4.64798E-04   2.97143E-04   0.00000E+00   4.65733E-02   1.00000E+00   0.00000E+00   7.75157E+00   4.32988E-16            15   7.19720E-10   3.10809E+00
         623   7.47600E+01   1.20000E-01   7.72670E-02   4.66026E-04   2.93370E-04   0.00000E+00   4.65599E-02   1.00000E+00   0.00000E+00   7.75157E+00   4.29367E-16            15   7.11581E-10   3.10808E+00
         624   7.48800E+01   1.20000E-01   7.72670E-02   4.67242E-04   2.89600E-04   0.00000E+00   4.65454E-02   1.00000E+00   0.00000E+00   7.75157E+00   4.25720E-16            15   7.05028E-10   3.10807E+00
         625   7.50000E+01   1.20000E-01   7.72670E-02   4.68447E-04   2.85832E-04   0.00000E+00   4.65298E-02   1.00000E+00   0.00000E+00   7.75157E+00   4.21879E-16            15   6.97698E-10   3.10807E+00
         626   7.51200E+01   1.20000E-01   7.72670E-02   4.70814E-04   2.82067E-04   0.00000E+00   4.65132E-02   1.00000E+00   0.00000E+00   7.75157E+00   4.17987E-16            15   6.90453E-10   3.10806E+00
         627   7.52400E+01   1.20000E-01   7.72670E-02   4.74689E-04   2.78305E-04   0.00000E+00   4.64955E-02   1.00000E+00   0.00000E+00   7.75157E+00   4.14281E-16            15   6.83354E-10   3.10805E+00
         628   7.53600E+01   1.20000E-01   7.72670E-02   4.78549E-04   2.74545E-04   0.00000E+00   4.64768E-02   1.00000E+00   0.00000E+00   7.75157E+00   4.10629E-16            15   6.76479E-10   3.10805E+00
         629   7.54800E+01   1.20000E-01   7.72670E-02   4.82391E-04   2.70789E-04   0.00000E+00   4.64570E-02   1.00000E+00   0.00000E+00   7.75157E+00   4.07239E-16            15   6.69900E-10   3.10804E+00
         630   7.56000E+01   1.20000E-01   7.72670E-02   4.86216E-04   2.67035E-04   0.00000E+00   4.64361E-02   1.00000E+00   0.00000E+00   7.75157E+00   4.04405E-16            15   6.63701E-10   3.10804E+00
         631   7.57200E+01   1.20000E-01   7.72670E-02   4.90023E-04   2.63285E-04   0.00000E+00   4.64142E-02   1.00000E+00   0.00000E+00   7.75157E+00   4.02067E-16            15   6.57956E-10   3.10804E+00
         632   7.58400E+01   1.20000E-01   7.72670E-02   4.93814E-04   2.59537E-04   0.00000E+00   4.63913E-02   1.00000E+00   0.00000E+00   7.75157E+00   4.00365E-16            15   6.52745E-10   3.10804E+00
         633   7.59600E+01   1.20000E-01   7.72670E-02   4.97588E-04   2.55793E-04   0.00000E+00   4.63673E-02   1.00000E+00   0.00000E+00   7.75157E+00   3.99540E-16            15   6.48125E-10   3.10804E+00
         634   7.60800E+01   1.20000E-01   7.72670E-02   5.01344E-04   2.52052E-04   0.00000E+00   4.63423E-02   1.00000E+00   0.00000E+00   7.75157E+00   3.99482E-16            15   6.44145E-10   3.10804E+00
         635   7.62000E+01   1.20000E-01   7.72670E-02   5.05083E-04   2.48315E-04   0.00000E+00   4.63162E-02   1.00000E+00   0.00000E+00   7.75157E+00   4.00277E-16            15   6.40803E-10   3.10804E+00
         636   7.63200E+01   1.20000E-01   7.72670E-02   5.08804E-04   2.44581E-04   0.00000E+00   4.62891E-02   1.00000E+00   0.00000E+00   7.75157E+00   4.01711E-16            15   6.38015E-10   3.10804E+00
         637   7.64400E+01   1.20000E-01   7.72670E-02   5.12508E-04   2.40850E-04   0.00000E+00   4.62609E-02   1.00000E+00   0.00000E+00   7.75157E+00   4.03546E-16            15   6.35302E-10   3.10804E+00
         638   7.65600E+01   1.20000E-01   7.72670E-02   5.16194E-04   2.39302E-04   0.00000E+00   4.62317E-02   1.00000E+00   0.00000E+00   7.75157E+00   4.01787E-16            15   6.28872E-10   3.10804E+00
         639   7.66800E+01   1.20000E-01   7.72670E-02   5.19863E-04   2.46586E-04   0.00000E+00   4.62015E-02   1.00000E+00   0.00000E+00   7.75157E+00   3.89725E-16            15   6.12889E-10   3.10805E+00
         640   7.68000E+01   1.20000E-01   7.72670E-02   5.23514E-04   2.53848E-04   0.00000E+00   4.61703E-02   1.00000E+00   0.00000E+00   7.75157E+00   3.98043E-16            15   6.14848E-10   3.10805E+00
         641   7.69200E+01   1.20000E-01   7.72670E-02   5.27148E-04   2.61090E-04   0.00000E+00   4.61381E-02   1.00000E+00   0.00000E+00   7.75157E+00   3.66504E-16            15   5.68021E-10   3.10806E+00
         642   7.70400E+01   1.20000E-01   7.72670E-02   5.30763E-04   2.68312E-04   0.00000E+00   4.61048E-02   1.00000E+00   0.00000E+00   7.75157E+00   1.94134E-16            15   3.10815E-10   3.10807E+00
         643   7.71600E+01   1.20000E-01   7.72670E-02   5.34361E-04   2.75512E-04   0.00000E+00   4.60705E-02   1.00000E+00   0.00000E+00   7.75157E+00   4.07862E-16            15   6.05030E-10   3.10807E+00
         644   7.72800E+01   1.20000E-01   7.72670E-02   5.37940E-04   2.82691E-04   0.00000E+00   4.60352E-02   1.00000E+00   0.00000E+00   7.75157E+00   4.34918E-16            15   6.34040E-10   3.10808E+00
         645   7.74000E+01   1.20000E-01   7.72670E-02   5.41502E-04   2.89849E-04   0.00000E+00   4.59989E-02   1.00000E+00   0.00000E+00   7.75157E+00   4.46908E-16            15   6.43525E-10   3.10809E+00
         646   7.75200E+01   1.20000E-01   7.72670E-02   5.45046E-04   2.96985E-04   0.00000E+00   4.59616E-02   1.00000E+00   0.00000E+00   7.75157E+00   4.56249E-16            15   6.49458E-10   3.10810E+00
         647   7.76400E+01   1.20000E-01   7.72670E-02   5.48571E-04   3.04100E-04   0.00000E+00   4.59232E-02   1.00000E+00   0.00000E+00   7.75157E+00   4.64782E-16            15   6.54369E-10   3.10811E+00
         648   7.77600E+01   1.20000E-01   7.72670E-02   5.52079E-04   3.11193E-04   0.00000E+00   4.58839E-02   1.00000E+00   0.00000E+00   7.75157E+00   4.73027E-16            15   6.58905E-10   3.10812E+00
         649   7.78800E+01   1.20000E-01   7.72670E-02   5.55568E-04   3.18264E-04   0.00000E+00   4.58436E-02   1.00000E+00   0.00000E+00   7.75157E+00   4.80877E-16            15   6.63259E-10   3.10814E+00
         650   7.80000E+01   1.20000E-01   7.72670E-02   5.59039E-04   3.25314E-04   0.00000E+00   4.58022E-02   1.00000E+00   0.00000E+00   7.75157E+00   4.88940E-16            15   6.67493E-10   3.10815E+00
         651   7.81200E+01   1.20000E-01   7.72670E-02   5.62492E-04   3.32341E-04   0.00000E+00   4.57599E-02   1.00000E+00   0.00000E+00   7.75157E+00   4.96802E-16            15   6.71613E-10   3.10816E+00
         652   7.82400E+01   1.20000E-01   7.72670E-02   5.65926E-04   3.39345E-04   0.00000E+00   4.57166E-02   1.00000E+00   0.00000E+00   7.75157E+00   5.04514E-16            15   6.75612E-10   3.10818E+00
         653   7.83600E+01   1.20000E-01   7.72670E-02   5.69342E-04   3.46328E-04   0.00000E+00   4.56723E-02   1.00000E+00   0.00000E+00   7.75157E+00   5.11892E-16            15   6.79474E-10   3.10819E+00
         654   7.84800E+01   1.20000E-01   7.72670E-02   5.72739E-04   3.53288E-04   0.00000E+00   4.56270E-02   1.00000E+00   0.00000E+00   7.75157E+00   5.19462E-16            15   6.83189E-10   3.10821E+00
         655   7.86000E+01   1.20000E-01   7.72670E-02   5.76118E-04   3.60225E-04   0.00000E+00   4.55807E-02   1.00000E+00   0.00000E+00   7.75157E+00   5.26807E-16            15   6.86744E-10   3.10823E+00
         656   7.87200E+01   1.20000E-01   7.72670E-02   5.79478E-04   3.67139E-04   0.00000E+00   4.55334E-02   1.00000E+00   0.00000E+00   7.75157E+00   5.33961E-16            15   6.90133E-10   3.10825E+00
         657   7.88400E+01   1.20000E-01   7.72670E-02   5.82819E-04   3.74031E-04   0.00000E+00   4.54852E-02   1.00000E+00   0.00000E+00   7.75157E+00   5.40977E-16            15   6.93350E-10   3.10826E+00
         658   7.89600E+01   1.20000E-01   7.72670E-02   5.86142E-04   3.80899E-04   0.00000E+00   4.54360E-02   1.00000E+00   0.00000E+00   7.75157E+00   5.47924E-16            15   6.96396E-10   3.10828E+00
         659   7.90800E+01   1.20000E-01   7.72670E-02   5.89446E-04   3.87744E-04   0.00000E+00   4.53858E-02   1.00000E+00   0.00000E+00   7.75157E+00   5.54762E-16            15   6.99269E-10   3.10830E+00
         660   7.92000E+01   1.20000E-01   7.72670E-02   5.92731E-04   3.94566E-04   0.00000E+00   4.53347E-02   1.00000E+00   0.00000E+00   7.75157E+00   5.61365E-16            15   7.01976E-10   3.10833E+00
         661   7.93200E+01   1.20000E-01   7.72670E-02   5.95997E-04   4.01364E-04   0.00000E+00   4.52826E-02   1.00000E+00   0.00000E+00   7.75157E+00   5.67945E-16            15   7.04519E-10   3.10835E+00
         662   7.94400E+01   1.20000E-01   7.72670E-02   5.99245E-04   4.08138E-04   0.00000E+00   4.52295E-02   1.00000E+00   0.00000E+00   7.75157E+00   5.74186E-16            15   7.06905E-10   3.10837E+00
         663   7.95600E+01   1.20000E-01   7.72670E-02   6.02473E-04   4.14889E-04   0.00000E+00   4.51754E-02   1.00000E+00   0.00000E+00   7.75157E+00   5.80628E-16            15   7.09140E-10   3.10839E+00
         664   7.96800E+01   1.20000E-01   7.72670E-02   6.05683E-04   4.21616E-04   0.00000E+00   4.51205E-02   1.00000E+00   0.00000E+00   7.75157E+00   5.86677E-16            15   7.11233E-10   3.10842E+00
         665   7.98000E+01   1.20000E-01   7.72670E-02   6.08873E-04   4.28319E-04   0.00000E+00   4.50645E-02   1.00000E+00   0.00000E+00   7.75157E+00   5.92678E-16            15   7.13190E-10   3.10844E+00
         666   7.99200E+01   1.20000E-01   7.72670E-02   6.12044E-04   4.34998E-04   0.00000E+00   4.50076E-02   1.00000E+00   0.00000E+00   7.75157E+00   5.98551E-16            15   7.15019E-10   3.10847E+00
         667   8.00400E+01   1.20000E-01   7.72670E-02   6.15196E-04   4.41652E-04   0.00000E+00   4.49498E-02   1.00000E+00   0.00000E+00   7.75157E+00   6.04516E-16            15   7.16728E-10   3.10850E+00
         668   8.01600E+01   1.20000E-01   7.72670E-02   6.18329E-04   4.48282E-04   0.00000E+00   4.48910E-02   1.00000E+00   0.00000E+00   7.75157E+00   6.10136E-16            15   7.18324E-10   3.10852E+00
         669   8.02800E+01   1.20000E-01   7.72670E-02   6.21443E-04   4.54888E-04   0.00000E+00   4.48313E-02   1.00000E+00   0.00000E+00   7.75157E+00   6.15744E-16            15   7.19813E-10   3.10855E+00
         670   8.04000E+01   1.20000E-01   7.72670E-02   6.24537E-04   4.61469E-04   0.00000E+00   4.47706E-02   1.00000E+00   0.00000E+00   7.75157E+00   6.21336E-16            15   7.21204E-10   3.10858E+00
         671   8.05200E+01   1.20000E-01   7.72670E-02   6.27612E-04   4.68025E-04   0.00000E+00   4.47090E-02   1.00000E+00   0.00000E+00   7.75157E+00   6.26649E-16            15   7.22501E-10   3.10861E+00
         672   8.06400E+01   1.20000E-01   7.72670E-02   6.30668E-04   4.74556E-04   0.00000E+00   4.46465E-02   1.00000E+00   0.00000E+00   7.75157E+00   6.33363E-16            15   7.23712E-10   3.10864E+00
         673   8.07600E+01   1.20000E-01   7.72670E-02   6.33704E-04   4.81063E-04   0.00000E+00   4.45830E-02   1.00000E+00   0.00000E+00   7.75157E+00   6.43210E-16            15   7.24840E-10   3.10867E+00
         674   8.08800E+01   1.20000E-01   7.72670E-02   6.36721E-04   4.87544E-04   0.00000E+00   4.45186E-02   1.00000E+00   0.00000E+00   7.75157E+00   6.52898E-16            15   7.25893E-10   3.10870E+00
         675   8.10000E+01   1.20000E-01   7.72670E-02   6.39718E-04   4.94000E-04   0.00000E+00   4.44533E-02   1.00000E+00   0.00000E+00   7.75157E+00   6.62582E-16            15   7.26873E-10   3.10874E+00
         676   8.11200E+01   1.20000E-01   7.72670E-02   6.42696E-04   5.00430E-04   0.00000E+00   4.43871E-02   1.00000E+00   0.00000E+00   7.75157E+00   6.72480E-16            15   7.27786E-10   3.10877E+00
         677   8.12400E+01   1.20000E-01   7.72670E-02   6.45654E-04   5.06835E-04   0.00000E+00   4.43199E-02   1.00000E+00   0.00000E+00   7.75157E+00   6.81977E-16            15   7.28635E-10   3.10880E+00
         678   8.13600E+01   1.20000E-01   7.72670E-02   6.48592E-04   5.13215E-04   0.00000E+00   4.42519E-02   1.00000E+00   0.00000E+00   7.75157E+00   6.91535E-16            15   7.29425E-10   3.10884E+00
         679   8.14800E+01   1.20000E-01   7.72670E-02   6.51511E-04   5.19568E-04   0.00000E+00   4.41829E-02   1.00000E+00   0.00000E+00   7.75157E+00   7.01139E-16            15   7.30158E-10   3.10888E+00
         680   8.16000E+01   1.20000E-01   7.72670E-02   6.54410E-04   5.25896E-04   0.00000E+00   4.41130E-02   1.00000E+00   0.00000E+00   7.75157E+00   7.10357E-16            15   7.30838E-10   3.10891E+00
         681   8.17200E+01   1.20000E-01   7.72670E-02   6.57289E-04   5.32198E-04   0.00000E+00   4.40423E-02   1.00000E+00   0.00000E+00   7.75157E+00   7.19913E-16            15   7.31467E-10   3.10895E+00
         682   8.18400E+01   1.20000E-01   7.72670E-02   6.60149E-04   5.38474E-04   0.00000E+00   4.39706E-02   1.00000E+00   0.00000E+00   7.75157E+00   7.28934E-16            15   7.32048E-10   3.10899E+00
         683   8.19600E+01   1.20000E-01   7.72670E-02   6.62988E-04   5.44724E-04   0.00000E+00   4.38980E-02   1.00000E+00   0.00000E+00   7.75157E+00   7.37999E-16            15   7.32583E-10   3.10903E+00
         684   8.20800E+01   1.20000E-01   7.72670E-02   6.65808E-04   5.50947E-04   0.00000E+00   4.38245E-02   1.00000E+00   0.00000E+00   7.75157E+00   7.47100E-16            15   7.33074E-10   3.10906E+00
         685   8.22000E+01   1.20000E-01   7.72670E-02   6.68608E-04   5.57144E-04   0.00000E+00   4.37502E-02   1.00000E+00   0.00000E+00   7.75157E+00   7.56173E-16            15   7.33522E-10   3.10911E+00
         686   8.23200E+01   1.20000E-01   7.72670E-02   6.71388E-04   5.63314E-04   0.00000E+00   4.36749E-02   1.00000E+00   0.00000E+00   7.75157E+00   7.64909E-16            15   7.33931E-10   3.10915E+00
         687   8.24400E+01   1.20000E-01   7.72670E-02   6.74148E-04   5.69458E-04   0.00000E+00   4.35988E-02   1.00000E+00   0.00000E+00   7.75157E+00   7.73998E-16            15   7.34301E-10   3.10919E+00
         688   8.25600E+01   1.20000E-01   7.72670E-02   6.76888E-04   5.75575E-04   0.00000E+00   4.35218E-02   1.00000E+00   0.00000E+00   7.75157E+00   7.82402E-16            15   7.34633E-10   3.10923E+00
         689   8.26800E+01   1.20000E-01   7.72670E-02   6.79608E-04   5.81666E-04   0.00000E+00   4.34439E-02   1.00000E+00   0.00000E+00   7.75157E+00   7.91132E-16            15   7.34930E-10   3.10927E+00
         690   8.28000E+01   1.20000E-01   7.72670E-02   6.82308E-04   5.87729E-04   0.00000E+00   4.33652E-02   1.00000E+00   0.00000E+00   7.75157E+00   7.99701E-16            15   7.35191E-10   3.10932E+00
         691   8.29200E+01   1.20000E-01   7.72670E-02   6.84987E-04   5.93765E-04   0.00000E+00   4.32855E-02   1.00000E+00   0.00000E+00   7.75157E+00   8.07924E-16            15   7.35419E-10   3.10936E+00
         692   8.30400E+01   1.20000E-01   7.72670E-02   6.87647E-04   5.99775E-04   0.00000E+00   4.32050E-02   1.00000E+00   0.00000E+00   7.75157E+00   8.16095E-16            15   7.35614E-10   3.10941E+00
         693   8.31600E+01   1.20000E-01   7.72670E-02   6.90286E-04   6.05757E-04   0.00000E+00   4.31237E-02   1.00000E+00   0.00000E+00   7.75157E+00   8.24450E-16            15   7.35777E-10   3.10945E+00
         694   8.32800E+01   1.20000E-01   7.72670E-02   6.92905E-04   6.11711E-04   0.00000E+00   4.30414E-02   1.00000E+00   0.00000E+00   7.75157E+00   8.32423E-16            15   7.35908E-10   3.10950E+00
         695   8.34000E+01   1.20000E-01   7.72670E-02   6.95504E-04   6.17638E-04   0.00000E+00   4.29584E-02   1.00000E+00   0.00000E+00   7.75157E+00   8.40527E-16            15   7.36010E-10   3.10955E+00
         696   8.35200E+01   1.20000E-01   7.72670E-02   6.98083E-04   6.23538E-04   0.00000E+00   4.28744E-02   1.00000E+00   0.00000E+00   7.75157E+00   8.48148E-16            15   7.36082E-10   3.10959E+00
         697   8.36400E+01   1.20000E-01   7.72670E-02   7.00641E-04   6.29410E-04   0.00000E+00   4.27896E-02   1.00000E+00   0.00000E+00   7.75157E+00   8.55627E-16            15   7.36124E-10   3.10964E+00
         698   8.37600E+01   1.20000E-01   7.72670E-02   7.03179E-04   6.35254E-04   0.00000E+00   4.27040E-02   1.00000E+00   0.00000E+00   7.75157E+00   8.63565E-16            15   7.36139E-10   3.10969E+00
         699   8.38800E+01   1.20000E-01   7.72670E-02   7.05697E-04   6.41070E-04   0.00000E+00   4.26175E-02   1.00000E+00   0.00000E+00   7.75157E+00   8.70800E-16            15   7.36125E-10   3.10974E+00
         700   8.40000E+01   1.20000E-01   7.72670E-02   7.08194E-04   6.46859E-04   0.00000E+00   4.25302E-02   1.00000E+00   0.00000E+00   7.75157E+00   8.78211E-16            15   7.36085E-10   3.10979E+00
         701   8.41200E+01   1.20000E-01   7.72670E-02   7.10671E-04   6.52619E-04   0.00000E+00   4.24420E-02   1.00000E+00   0.00000E+00   7.75157E+00   8.85157E-16            15   7.36018E-10   3.10984E+00
         702   8.42400E+01   1.20000E-01   7.72670E-02   7.13127E-04   6.58351E-04   0.00000E+00   4.23531E-02   1.00000E+00   0.00000E+00   7.75157E+00   8.92171E-16            15   7.35924E-10   3.10990E+00
         703   8.43600E+01   1.20000E-01   7.72670E-02   7.15563E-04   6.64055E-04   0.00000E+00   4.22632E-02   1.00000E+00   0.00000E+00   7.75157E+00   8.99291E-16            15   7.35805E-10   3.10995E+00
         704   8.44800E+01   1.20000E-01   7.72670E-02   7.17979E-04   6.69731E-04   0.00000E+00   4.21726E-02   1.00000E+00   0.00000E+00   7.75157E+00   9.05642E-16            15   7.35661E-10   3.11000E+00
         705   8.46000E+01   1.20000E-01   7.72670E-02   7.20374E-04   6.75378E-04   0.00000E+00   4.20811E-02   1.00000E+00   0.00000E+00   7.75157E+00   9.12429E-16            15   7.35492E-10   3.11006E+00
         706   8.47200E+01   1.20000E-01   7.72670E-02   7.22748E-04   6.80997E-04   0.00000E+00   4.19888E-02   1.00000E+00   0.00000E+00   7.75157E+00   9.18902E-16            15   7.35299E-10   3.11011E+00
         707   8.48400E+01   1.20000E-01   7.72670E-02   7.25102E-04   6.86587E-04   0.00000E+00   4.18957E-02   1.00000E+00   0.00000E+00   7.75157E+00   9.25175E-16            15   7.35082E-10   3.11017E+00
         708   8.49600E+01   1.20000E-01   7.72670E-02   7.27435E-04   6.92149E-04   0.00000E+00   4.18018E-02   1.00000E+00   0.00000E+00   7.75157E+00   9.31322E-16            15   7.34841E-10   3.11022E+00
         709   8.50800E+01   1.20000E-01   7.72670E-02   7.29747E-04   6.97681E-04   0.00000E+00   4.17071E-02   1.00000E+00   0.00000E+00   7.75157E+00   9.37220E-16            15   7.34578E-10   3.11028E+00
         710   8.52000E+01   1.20000E-01   7.72670E-02   7.32039E-04   7.03185E-04   0.00000E+00   4.16115E-02   1.00000E+00   0.00000E+00   7.75157E+00   9.42675E-16            15   7.34292E-10   3.11034E+00
         711   8.53200E+01   1.20000E-01   7.72670E-02   7.34311E-04   7.08660E-04   0.00000E+00   4.15152E-02   1.00000E+00   0.00000E+00   7.75157E+00   9.48617E-16            15   7.33984E-10   3.11040E+00
         712   8.54400E+01   1.20000E-01   7.72670E-02   7.36561E-04   7.14106E-04   0.00000E+00   4.14181E-02   1.00000E+00   0.00000E+00   7.75157E+00   9.54143E-16            15   7.33654E-10   3.11046E+00
         713   8.55600E+01   1.20000E-01   7.72670E-02   7.38791E-04   7.19523E-04   0.00000E+00   4.13201E-02   1.00000E+00   0.00000E+00   7.75157E+00   9.59477E-16            15   7.33303E-10   3.11052E+00
         714   8.56800E+01   1.20000E-01   7.72670E-02   7.41000E-04   7.24910E-04   0.00000E+00   4.12214E-02   1.00000E+00   0.00000E+00   7.75157E+00   9.64499E-16            15   7.32931E-10   3.11058E+00
         715   8.58000E+01   1.20000E-01   7.72670E-02   7.43189E-04   7.30269E-04   0.00000E+00   4.11219E-02   1.00000E+00   0.00000E+00   7.75157E+00   9.69543E-16            15   7.32538E-10   3.11064E+00
         716   8.59200E+01   1.20000E-01   7.72670E-02   7.45356E-04   7.35598E-04   0.00000E+00   4.10216E-02   1.00000E+00   0.00000E+00   7.75157E+00   9.74492E-16            15   7.32125E-10   3.11070E+00
         717   8.60400E+01   1.20000E-01   7.72670E-02   7.47503E-04   7.40897E-04   0.00000E+00   4.09205E-02   1.00000E+00   0.00000E+00   7.75157E+00   9.79129E-16            15   7.31693E-10   3.11076E+00
         718   8.61600E+01   1.20000E-01   7.72670E-02   7.49629E-04   7.46167E-04   0.00000E+00   4.08187E-02   1.00000E+00   0.00000E+00   7.75157E+00   9.83808E-16            15   7.31241E-10   3.11082E+00
         719   8.62800E+01   1.20000E-01   7.72670E-02   7.51735E-04   7.51408E-04   0.00000E+00   4.07161E-02   1.00000E+00   0.00000E+00   7.75157E+00   9.88017E-16            15   7.30770E-10   3.11089E+00
         720   8.64000E+01   1.20000E-01   7.72670E-02   7.53819E-04   7.56618E-04   0.00000E+00   4.06127E-02   1.00000E+00   0.00000E+00   7.75157E+00   9.92305E-16            15   7.30281E-10   3.11095E+00
         721   8.65200E+01   1.20000E-01   7.72670E-02   7.55883E-04   7.61799E-04   0.00000E+00   4.05085E-02   1.00000E+00   0.00000E+00   7.75157E+00   9.96343E-16            15   7.29773E-10   3.11101E+00
         722   8.66400E+01   1.20000E-01   7.72670E-02   7.57925E-04   7.66951E-04   0.00000E+00   4.04036E-02   1.00000E+00   0.00000E+00   7.75157E+00   9.99692E-16            15   7.29248E-10   3.11108E+00
         723   8.67600E+01   1.20000E-01   7.72670E-02   7.59947E-04   7.72072E-04   0.00000E+00   4.02979E-02   1.00000E+00   0.00000E+00   7.75157E+00   1.00374E-15            15   7.28705E-10   3.11115E+00
         724   8.68800E+01   1.20000E-01   7.72670E-02   7.61948E-04   7.77163E-04   0.00000E+00   4.01914E-02   1.00000E+00   0.00000E+00   7.75157E+00   1.00718E-15            15   7.28146E-10   3.11121E+00
         725   8.70000E+01   1.20000E-01   7.72670E-02   7.63928E-04   7.82225E-04   0.00000E+00   4.00842E-02   1.00000E+00   0.00000E+00   7.75157E+00   1.01026E-15            15   7.27569E-10   3.11128E+00
         726   8.71200E+01   1.20000E-01   7.72670E-02   7.65887E-04   7.87256E-04   0.00000E+00   3.99763E-02   1.00000E+00   0.00000E+00   7.75157E+00   1.01365E-15            15   7.26976E-10   3.11135E+00
         727   8.72400E+01   1.20000E-01   7.72670E-02   7.67825E-04   7.92257E-04   0.00000E+00   3.98676E-02   1.00000E+00   0.00000E+00   7.75157E+00   1.01686E-15            15   7.26368E-10   3.11142E+00
         728   8.73600E+01   1.20000E-01   7.72670E-02   7.69743E-04   7.97227E-04   0.00000E+00   3.97582E-02   1.00000E+00   0.00000E+00   7.75157E+00   1.01934E-15            15   7.25743E-10   3.11148E+00
         729   8.74800E+01   1.20000E-01   7.72670E-02   7.71639E-04   8.02168E-04   0.00000E+00   3.96480E-02   1.00000E+00   0.00000E+00   7.75157E+00   1.02190E-15            15   7.25104E-10   3.11155E+00
         730   8.76000E+01   1.20000E-01   7.72670E-02   7.73514E-04   8.07078E-04   0.00000E+00   3.95371E-02   1.00000E+00   0.00000E+00   7.75157E+00   1.02437E-15            15   7.24449E-10   3.11162E+00
         731   8.77200E+01   1.20000E-01   7.72670E-02   7.75369E-04   8.11958E-04   0.00000E+00   3.94255E-02   1.00000E+00   0.00000E+00   7.75157E+00   1.02666E-15            15   7.23780E-10   3.11169E+00
         732   8.78400E+01   1.20000E-01   7.72670E-02   7.77202E-04   8.16807E-04   0.00000E+00   3.93131E-02   1.00000E+00   0.00000E+00   7.75157E+00   1.02870E-15            15   7.23097E-10   3.11177E+00
         733   8.79600E+01   1.20000E-01   7.72670E-02   7.79014E-04   8.21625E-04   0.00000E+00   3.92001E-02   1.00000E+00   0.00000E+00   7.75157E+00   1.03061E-15            15   7.22399E-10   3.11184E+00
         734   8.80800E+01   1.20000E-01   7.72670E-02   7.80806E-04   8.26413E-04   0.00000E+00   3.90863E-02   1.00000E+00   0.00000E+00   7.75157E+00   1.03202E-15            15   7.21688E-10   3.11191E+00
         735   8.82000E+01   1.20000E-01   7.72670E-02   7.82576E-04   8.31170E-04   0.00000E+00   3.89718E-02   1.00000E+00   0.00000E+00   7.75157E+00   1.03384E-15            15   7.20964E-10   3.11198E+00
         736   8.83200E+01   1.20000E-01   7.72670E-02   7.84325E-04   8.35897E-04   0.00000E+00   3.88565E-02   1.00000E+00   0.00000E+00   7.75157E+00   1.03541E-15            15   7.20226E-10   3.11206E+00
         737   8.84400E+01   1.20000E-01   7.72670E-02   7.86054E-04   8.40592E-04   0.00000E+00   3.87406E-02   1.00000E+00   0.00000E+00   7.75157E+00   1.03628E-15            15   7.19476E-10   3.11213E+00
         738   8.85600E+01   1.20000E-01   7.72670E-02   7.87761E-04   8.45257E-04   0.00000E+00   3.86240E-02   1.00000E+00   0.00000E+00   7.75157E+00   1.03759E-15            15   7.18713E-10   3.11221E+00
         739   8.86800E+01   1.20000E-01   7.72670E-02   7.89447E-04   8.49891E-04   0.00000E+00   3.85067E-02   1.00000E+00   0.00000E+00   7.75157E+00   1.03816E-15            15   7.17938E-10   3.11228E+00
         740   8.88000E+01   1.20000E-01   7.72670E-02   7.91112E-04   8.54494E-04   0.00000E+00   3.83886E-02   1.00000E+00   0.00000E+00   7.75157E+00   1.03874E-15            15   7.17151E-10   3.11236E+00
         741   8.89200E+01   1.20000E-01   7.72670E-02   7.92756E-04   8.59066E-04   0.00000E+00   3.82699E-02   1.00000E+00   0.00000E+00   7.75157E+00   1.03948E-15            15   7.16352E-10   3.11243E+00
         742   8.90400E+01   1.20000E-01   7.72670E-02   7.94379E-04   8.63606E-04   0.00000E+00   3.81505E-02   1.00000E+00   0.00000E+00   7.75157E+00   1.03967E-15            15   7.15542E-10   3.11251E+00
         743   8.91600E+01   1.20000E-01   7.72670E-02   7.95981E-04   8.68116E-04   0.00000E+00   3.80304E-02   1.00000E+00   0.00000E+00   7.75157E+00   1.04012E-15            15   7.14721E-10   3.11259E+00
         744   8.92800E+01   1.20000E-01   7.72670E-02   7.97562E-04   8.72594E-04   0.00000E+00   3.79096E-02   1.00000E+00   0.00000E+00   7.75157E+00   1.03971E-15            15   7.13888E-10   3.11267E+00
         745   8.94000E+01   1.20000E-01   7.72670E-02   7.99122E-04   8.77042E-04   0.00000E+00   3.77882E-02   1.00000E+00   0.00000E+00   7.75157E+00   1.03950E-15            15   7.13045E-10   3.11275E+00
         746   8.95200E+01   1.20000E-01   7.72670E-02   8.00661E-04   8.81457E-04   0.00000E+00   3.76661E-02   1.00000E+00   0.00000E+00   7.75157E+00   1.04450E-15            15   7.12191E-10   3.11283E+00
         747   8.96400E+01   1.20000E-01   7.72670E-02   8.02179E-04   8.85842E-04   0.00000E+00   3.75433E-02   1.00000E+00   0.00000E+00   7.75157E+00   1.05374E-15            15   7.11327E-10   3.11291E+00
         748   8.97600E+01   1.20000E-01   7.72670E-02   8.03675E-04   8.90195E-04   0.00000E+00   3.74198E-02   1.00000E+00   0.00000E+00   7.75157E+00   1.06269E-15            15   7.10453E-10   3.11299E+00
         749   8.98800E+01   1.20000E-01   7.72670E-02   8.05151E-04   8.94517E-04   0.00000E+00   3.72957E-02   1.00000E+00   0.00000E+00   7.75157E+00   1.07120E-15            15   7.09569E-10   3.11307E+00
         750   9.00000E+01   1.20000E-01   7.72670E-02   8.06606E-04   8.98807E-04   0.00000E+00   3.71709E-02   1.00000E+00   0.00000E+00   7.75157E+00   1.07967E-15            15   7.08674E-10   3.11315E+00
         751   9.01200E+01   1.20000E-01   7.72670E-02   8.08039E-04   9.03065E-04   0.00000E+00   3.70455E-02   1.00000E+00   0.00000E+00   7.75157E+00   1.08753E-15            15   7.07771E-10   3.11323E+00
         752   9.02400E+01   1.20000E-01   7.72670E-02   8.09451E-04   9.07292E-04   0.00000E+00   3.69194E-02   1.00000E+00   0.00000E+00   7.75157E+00   1.09575E-15            15   7.06857E-10   3.11331E+00
         753   9.03600E+01   1.20000E-01   7.72670E-02   8.10843E-04   9.11488E-04   0.00000E+00   3.67927E-02   1.00000E+00   0.00000E+00   7.75157E+00   1.10328E-15            15   7.05935E-10   3.11340E+00
         754   9.04800E+01   1.20000E-01   7.72670E-02   8.12213E-04   9.15651E-04   0.00000E+00   3.66654E-02   1.00000E+00   0.00000E+00   7.75157E+00   1.11105E-15            15   7.05003E-10   3.11348E+00
         755   9.06000E+01   1.20000E-01   7.72670E-02   8.13562E-04   9.19784E-04   0.00000E+00   3.65373E-02   1.00000E+00   0.00000E+00   7.75157E+00   1.11812E-15            15   7.04062E-10   3.11356E+00
         756   9.07200E+01   1.20000E-01   7.72670E-02   8.14890E-04   9.23884E-04   0.00000E+00   3.64087E-02   1.00000E+00   0.00000E+00   7.75157E+00   1.12542E-15            15   7.03112E-10   3.11365E+00
         757   9.08400E+01   1.20000E-01   7.72670E-02   8.16197E-04   9.27952E-04   0.00000E+00   3.62794E-02   1.00000E+00   0.00000E+00   7.75157E+00   1.13232E-15            15   7.02154E-10   3.11373E+00
         758   9.09600E+01   1.20000E-01   7.72670E-02   8.17483E-04   9.31989E-04   0.00000E+00   3.61496E-02   1.00000E+00   0.00000E+00   7.75157E+00   1.13900E-15            15   7.01187E-10   3.11382E+00
         759   9.10800E+01   1.20000E-01   7.72670E-02   8.18748E-04   9.35994E-04   0.00000E+00   3.60190E-02   1.00000E+00   0.00000E+00   7.75157E+00   1.14553E-15            15   7.00211E-10   3.11391E+00
         760   9.12000E+01   1.20000E-01   7.72670E-02   8.19992E-04   9.39967E-04   0.00000E+00   3.58879E-02   1.00000E+00   0.00000E+00   7.75157E+00   1.15160E-15            15   6.99227E-10   3.11399E+00
         761   9.13200E+01   1.20000E-01   7.72670E-02   8.21215E-04   9.43908E-04   0.00000E+00   3.57562E-02   1.00000E+00   0.00000E+00   7.75157E+00   1.15790E-15            15   6.98234E-10   3.11408E+00
         762   9.14400E+01   1.20000E-01   7.72670E-02   8.22417E-04   9.47817E-04   0.00000E+00   3.56238E-02   1.00000E+00   0.00000E+00   7.75157E+00   1.16315E-15            15   6.97233E-10   3.11417E+00
         763   9.15600E+01   1.20000E-01   7.72670E-02   8.23598E-04   9.51694E-04   0.00000E+00   3.54908E-02   1.00000E+00   0.00000E+00   7.75157E+00   1.16874E-15            15   6.96224E-10   3.11426E+00
         764   9.16800E+01   1.20000E-01   7.72670E-02   8.24758E-04   9.55539E-04   0.00000E+00   3.53573E-02   1.00000E+00   0.00000E+00   7.75157E+00   1.17378E-15            15   6.95207E-10   3.11434E+00
         765   9.18000E+01   1.20000E-01   7.72670E-02   8.25896E-04   9.59352E-04   0.00000E+00   3.52231E-02   1.00000E+00   0.00000E+00   7.75157E+00   1.17892E-15            15   6.94182E-10   3.11443E+00
         766   9.19200E+01   1.20000E-01   7.72670E-02   8.27014E-04   9.63133E-04   0.00000E+00   3.50884E-02   1.00000E+00   0.00000E+00   7.75157E+00   1.18364E-15            15   6.93149E-10   3.11452E+00
         767   9.20400E+01   1.20000E-01   7.72670E-02   8.28111E-04   9.66882E-04   0.00000E+00   3.49530E-02   1.00000E+00   0.00000E+00   7.75157E+00   1.18814E-15            15   6.92108E-10   3.11461E+00
         768   9.21600E+01   1.20000E-01   7.72670E-02   8.29187E-04   9.70599E-04   0.00000E+00   3.48171E-02   1.00000E+00   0.00000E+00   7.75157E+00   1.19232E-15            15   6.91059E-10   3.11470E+00
         769   9.22800E+01   1.20000E-01   7.72670E-02   8.30242E-04   9.74284E-04   0.00000E+00   3.46806E-02   1.00000E+00   0.00000E+00   7.75157E+00   1.19623E-15            15   6.90002E-10   3.11479E+00
         770   9.24000E+01   1.20000E-01   7.72670E-02   8.31275E-04   9.77936E-04   0.00000E+00   3.45435E-02   1.00000E+00   0.00000E+00   7.75157E+00   1.19990E-15            15   6.88938E-10   3.11489E+00
         771   9.25200E+01   1.20000E-01   7.72670E-02   8.32288E-04   9.81556E-04   0.00000E+00   3.44058E-02   1.00000E+00   0.00000E+00   7.75157E+00   1.20324E-15            15   6.87866E-10   3.11498E+00
         772   9.26400E+01   1.20000E-01   7.72670E-02   8.33280E-04   9.85144E-04   0.00000E+00   3.42676E-02   1.00000E+00   0.00000E+00   7.75157E+00   1.20665E-15            15   6.86786E-10   3.11507E+00
         773   9.27600E+01   1.20000E-01   7.72670E-02   8.34251E-04   9.88700E-04   0.00000E+00   3.41288E-02   1.00000E+00   0.00000E+00   7.75157E+00   1.20928E-15            15   6.85699E-10   3.11516E+00
         774   9.28800E+01   1.20000E-01   7.72670E-02   8.35202E-04   9.92224E-04   0.00000E+00   3.39894E-02   1.00000E+00   0.00000E+00   7.75157E+00   1.21218E-15            15   6.84604E-10   3.11526E+00
         775   9.30000E+01   1.20000E-01   7.72670E-02   8.36131E-04   9.95715E-04   0.00000E+00   3.38495E-02   1.00000E+00   0.00000E+00   7.75157E+00   1.21476E-15            15   6.83501E-10   3.11535E+00
         776   9.31200E+01   1.20000E-01   7.72670E-02   8.37039E-04   9.99174E-04   0.00000E+00   3.37090E-02   1.00000E+00   0.00000E+00   7.75157E+00   1.21661E-15            15   6.82391E-10   3.11545E+00
         777   9.32400E+01   1.20000E-01   7.72670E-02   8.37927E-04   1.00260E-03   0.00000E+00   3.35680E-02   1.00000E+00   0.00000E+00   7.75157E+00   1.21879E-15            15   6.81273E-10   3.11554E+00
         778   9.33600E+01   1.20000E-01   7.72670E-02   8.38793E-04   1.00599E-03   0.00000E+00   3.34264E-02   1.00000E+00   0.00000E+00   7.75157E+00   1.22061E-15            15   6.80148E-10   3.11564E+00
         779   9.34800E+01   1.20000E-01   7.72670E-02   8.39639E-04   1.00936E-03   0.00000E+00   3.32843E-02   1.00000E+00   0.00000E+00   7.75157E+00   1.22192E-15            15   6.79015E-10   3.11573E+00
         780   9.36000E+01   1.20000E-01   7.72670E-02   8.40464E-04   1.01269E-03   0.00000E+00   3.31417E-02   1.00000E+00   0.00000E+00   7.75157E+00   1.22314E-15            15   6.77874E-10   3.11583E+00
         781   9.37200E+01   1.20000E-01   7.72670E-02   8.41268E-04   1.01598E-03   0.00000E+00   3.29985E-02   1.00000E+00   0.00000E+00   7.75157E+00   1.22402E-15            15   6.76726E-10   3.11592E+00
         782   9.38400E+01   1.20000E-01   7.72670E-02   8.42051E-04   1.01925E-03   0.00000E+00   3.28548E-02   1.00000E+00   0.00000E+00   7.75157E+00   1.22456E-15            15   6.75571E-10   3.11602E+00
         783   9.39600E+01   1.20000E-01   7.72670E-02   8.42814E-04   1.02248E-03   0.00000E+00   3.27105E-02   1.00000E+00   0.00000E+00   7.75157E+00   1.22508E-15            15   6.74407E-10   3.11612E+00
         784   9.40800E+01   1.20000E-01   7.72670E-02   8.43556E-04   1.02568E-03   0.00000E+00   3.25658E-02   1.00000E+00   0.00000E+00   7.75157E+00   1.22512E-15            15   6.73236E-10   3.11622E+00
         785   9.42000E+01   1.20000E-01   7.72670E-02   8.44277E-04   1.02885E-03   0.00000E+00   3.24205E-02   1.00000E+00   0.00000E+00   7.75157E+00   1.22510E-15            15   6.72057E-10   3.11631E+00
         786   9.43200E+01   1.20000E-01   7.72670E-02   8.44977E-04   1.03198E-03   0.00000E+00   3.22747E-02   1.00000E+00   0.00000E+00   7.75157E+00   1.22506E-15            15   6.70871E-10   3.11641E+00
         787   9.44400E+01   1.20000E-01   7.72670E-02   8.45657E-04   1.03508E-03   0.00000E+00   3.21284E-02   1.00000E+00   0.00000E+00   7.75157E+00   1.22466E-15            15   6.69676E-10   3.11651E+00
         788   9.45600E+01   1.20000E-01   7.72670E-02   8.46316E-04   1.03815E-03   0.00000E+00   3.19816E-02   1.00000E+00   0.00000E+00   7.75157E+00   1.22329E-15            15   6.68474E-10   3.11661E+00
         789   9.46800E+01   1.20000E-01   7.72670E-02   8.46954E-04   1.04119E-03   0.00000E+00   3.18343E-02   1.00000E+00   0.00000E+00   7.75157E+00   1.22250E-15            15   6.67264E-10   3.11671E+00
         790   9.48000E+01   1.20000E-01   7.72670E-02   8.47571E-04   1.04420E-03   0.00000E+00   3.16865E-02   1.00000E+00   0.00000E+00   7.75157E+00   1.22142E-15            15   6.66045E-10   3.11681E+00
         791   9.49200E+01   1.20000E-01   7.72670E-02   8.48168E-04   1.04717E-03   0.00000E+00   3.15383E-02   1.00000E+00   0.00000E+00   7.75157E+00   1.21969E-15            15   6.64819E-10   3.11691E+00
         792   9.50400E+01   1.20000E-01   7.72670E-02   8.48745E-04   1.05011E-03   0.00000E+00   3.13895E-02   1.00000E+00   0.00000E+00   7.75157E+00   1.21811E-15            15   6.63584E-10   3.11701E+00
         793   9.51600E+01   1.20000E-01   7.72670E-02   8.49300E-04   1.05302E-03   0.00000E+00   3.12402E-02   1.00000E+00   0.00000E+00   7.75157E+00   1.21609E-15            15   6.62341E-10   3.11712E+00
         794   9.52800E+01   1.20000E-01   7.72670E-02   8.49836E-04   1.05589E-03   0.00000E+00   3.10905E-02   1.00000E+00   0.00000E+00   7.75157E+00   1.21435E-15            15   6.61089E-10   3.11722E+00
         795   9.54000E+01   1.20000E-01   7.72670E-02   8.50350E-04   1.05874E-03   0.00000E+00   3.09403E-02   1.00000E+00   0.00000E+00   7.75157E+00   1.21185E-15            15   6.59829E-10   3.11732E+00
         796   9.55200E+01   1.20000E-01   7.72670E-02   8.50844E-04   1.06155E-03   0.00000E+00   3.07896E-02   1.00000E+00   0.00000E+00   7.75157E+00   1.20929E-15            15   6.58560E-10   3.11742E+00
         797   9.56400E+01   1.20000E-01   7.72670E-02   8.51318E-04   1.06432E-03   0.00000E+00   3.06384E-02   1.00000E+00   0.00000E+00   7.75157E+00   1.20649E-15            15   6.57279E-10   3.11753E+00
         798   9.57600E+01   1.20000E-01   7.72670E-02   8.51771E-04   1.06707E-03   0.00000E+00   3.04868E-02   1.00000E+00   0.00000E+00   7.75157E+00   1.20380E-15            15   6.55989E-10   3.11763E+00
         799   9.58800E+01   1.20000E-01   7.72670E-02   8.52204E-04   1.06978E-03   0.00000E+00   3.03348E-02   1.00000E+00   0.00000E+00   7.75157E+00   1.20088E-15            15   6.54690E-10   3.11773E+00
         800   9.60000E+01   1.20000E-01   7.72670E-02   8.52616E-04   1.07246E-03   0.00000E+00   3.01822E-02   1.00000E+00   0.00000E+00   7.75157E+00   1.19727E-15            15   6.53381E-10   3.11784E+00
         801   9.61200E+01   1.20000E-01   7.72670E-02   8.53008E-04   1.07511E-03   0.00000E+00   3.00293E-02   1.00000E+00   0.00000E+00   7.75157E+00   1.19407E-15            15   6.52063E-10   3.11794E+00
         802   9.62400E+01   1.20000E-01   7.72670E-02   8.53380E-04   1.07773E-03   0.00000E+00   2.98759E-02   1.00000E+00   0.00000E+00   7.75157E+00   1.19021E-15            15   6.50736E-10   3.11805E+00
         803   9.63600E+01   1.20000E-01   7.72670E-02   8.53731E-04   1.08031E-03   0.00000E+00   2.97220E-02   1.00000E+00   0.00000E+00   7.75157E+00   1.18633E-15            15   6.49398E-10   3.11815E+00
         804   9.64800E+01   1.20000E-01   7.72670E-02   8.54062E-04   1.08286E-03   0.00000E+00   2.95677E-02   1.00000E+00   0.00000E+00   7.75157E+00   1.18213E-15            15   6.48049E-10   3.11826E+00
         805   9.66000E+01   1.20000E-01   7.72670E-02   8.54373E-04   1.08538E-03   0.00000E+00   2.94130E-02   1.00000E+00   0.00000E+00   7.75157E+00   1.17816E-15            15   6.46690E-10   3.11836E+00
         806   9.67200E+01   1.20000E-01   7.72670E-02   8.54663E-04   1.08786E-03   0.00000E+00   2.92578E-02   1.00000E+00   0.00000E+00   7.75157E+00   1.17380E-15            15   6.45321E-10   3.11847E+00
         807   9.68400E+01   1.20000E-01   7.72670E-02   8.54933E-04   1.09032E-03   0.00000E+00   2.91022E-02   1.00000E+00   0.00000E+00   7.75157E+00   1.16927E-15            15   6.43941E-10   3.11858E+00
         808   9.69600E+01   1.20000E-01   7.72670E-02   8.55183E-04   1.09274E-03   0.00000E+00   2.89462E-02   1.00000E+00   0.00000E+00   7.75157E+00   1.16486E-15            15   6.42549E-10   3.11868E+00
         809   9.70800E+01   1.20000E-01   7.72670E-02   8.55413E-04   1.09513E-03   0.00000E+00   2.87898E-02   1.00000E+00   0.00000E+00   7.75157E+00   1.15981E-15            15   6.41147E-10   3.11879E+00
         810   9.72000E+01   1.20000E-01   7.72670E-02   8.55623E-04   1.09748E-03   0.00000E+00   2.86330E-02   1.00000E+00   0.00000E+00   7.75157E+00   1.15440E-15            15   6.39733E-10   3.11890E+00
         811   9.73200E+01   1.20000E-01   7.72670E-02   8.55812E-04   1.09981E-03   0.00000E+00   2.84758E-02   1.00000E+00   0.00000E+00   7.75157E+00   1.14959E-15            15   6.38307E-10   3.11901E+00
         812   9.74400E+01   1.20000E-01   7.72670E-02   8.55982E-04   1.10210E-03   0.00000E+00   2.83181E-02   1.00000E+00   0.00000E+00   7.75157E+00   1.14416E-15            15   6.36870E-10   3.11912E+00
         813   9.75600E+01   1.20000E-01   7.72670E-02   8.56131E-04   1.10436E-03   0.00000E+00   2.81601E-02   1.00000E+00   0.00000E+00   7.75157E+00   1.13896E-15            15   6.35419E-10   3.11922E+00
         814   9.76800E+01   1.20000E-01   7.72670E-02   8.56261E-04   1.10658E-03   0.00000E+00   2.80017E-02   1.00000E+00   0.00000E+00   7.75157E+00   1.13315E-15            15   6.33956E-10   3.11933E+00
         815   9.78000E+01   1.20000E-01   7.72670E-02   8.56370E-04   1.10878E-03   0.00000E+00   2.78428E-02   1.00000E+00   0.00000E+00   7.75157E+00   1.12748E-15            15   6.32480E-10   3.11944E+00
         816   9.79200E+01   1.20000E-01   7.72670E-02   8.56460E-04   1.11094E-03   0.00000E+00   2.76836E-02   1.00000E+00   0.00000E+00   7.75157E+00   1.12156E-15            15   6.30990E-10   3.11955E+00
         817   9.80400E+01   1.20000E-01   7.72670E-02   8.56530E-04   1.11307E-03   0.00000E+00   2.75240E-02   1.00000E+00   0.00000E+00   7.75157E+00   1.11572E-15            15   6.29487E-10   3.11966E+00
         818   9.81600E+01   1.20000E-01   7.72670E-02   8.56579E-04   1.11516E-03   0.00000E+00   2.73641E-02   1.00000E+00   0.00000E+00   7.75157E+00   1.10903E-15            15   6.27969E-10   3.11977E+00
         819   9.82800E+01   1.20000E-01   7.72670E-02   8.56609E-04   1.11723E-03   0.00000E+00   2.72037E-02   1.00000E+00   0.00000E+00   7.75157E+00   1.10296E-15            15   6.26438E-10   3.11988E+00
         820   9.84000E+01   1.20000E-01   7.72670E-02   8.56620E-04   1.11926E-03   0.00000E+00   2.70430E-02   1.00000E+00   0.00000E+00   7.75157E+00   1.09583E-15            15   6.24870E-10   3.11999E+00
         821   9.85200E+01   1.20000E-01   7.72670E-02   8.56610E-04   1.12126E-03   0.00000E+00   2.68820E-02   1.00000E+00   0.00000E+00   7.75157E+00   1.09024E-15            15   6.23387E-10   3.12010E+00
         822   9.86400E+01   1.20000E-01   7.72670E-02   8.56581E-04   1.12323E-03   0.00000E+00   2.67205E-02   1.00000E+00   0.00000E+00   7.75157E+00   1.08266E-15            15   6.21802E-10   3.12022E+00
         823   9.87600E+01   1.20000E-01   7.72670E-02   8.56531E-04   1.12517E-03   0.00000E+00   2.65587E-02   1.00000E+00   0.00000E+00   7.75157E+00   1.07599E-15            15   6.20213E-10   3.12033E+00
         824   9.88800E+01   1.20000E-01   7.72670E-02   8.56463E-04   1.12707E-03   0.00000E+00   2.63966E-02   1.00000E+00   0.00000E+00   7.75157E+00   1.06907E-15            15   6.18605E-10   3.12044E+00
         825   9.90000E+01   1.20000E-01   7.72670E-02   8.56374E-04   1.12894E-03   0.00000E+00   2.62341E-02   1.00000E+00   0.00000E+00   7.75157E+00   1.06189E-15            15   6.16979E-10   3.12055E+00
         826   9.91200E+01   1.20000E-01   7.72670E-02   8.56266E-04   1.13078E-03   0.00000E+00   2.60713E-02   1.00000E+00   0.00000E+00   7.75157E+00   1.05433E-15            15   6.15336E-10   3.12067E+00
         827   9.92400E+01   1.20000E-01   7.72670E-02   8.56139E-04   1.13259E-03   0.00000E+00   2.59081E-02   1.00000E+00   0.00000E+00   7.75157E+00   1.04681E-15            15   6.13676E-10   3.12078E+00
         828   9.93600E+01   1.20000E-01   7.72670E-02   8.55991E-04   1.13437E-03   0.00000E+00   2.57446E-02   1.00000E+00   0.00000E+00   7.75157E+00   1.03928E-15            15   6.11998E-10   3.12089E+00
         829   9.94800E+01   1.20000E-01   7.72670E-02   8.55825E-04   1.13611E-03   0.00000E+00   2.55807E-02   1.00000E+00   0.00000E+00   7.75157E+00   1.03102E-15            15   6.10284E-10   3.12100E+00
         830   9.96000E+01   1.20000E-01   7.72670E-02   8.55639E-04   1.13782E-03   0.00000E+00   2.54166E-02   1.00000E+00   0.00000E+00   7.75157E+00   1.02336E-15            15   6.08616E-10   3.12112E+00
         831   9.97200E+01   1.20000E-01   7.72670E-02   8.55433E-04   1.13950E-03   0.00000E+00   2.52521E-02   1.00000E+00   0.00000E+00   7.75157E+00   1.01549E-15            15   6.06880E-10   3.12123E+00
         832   9.98400E+01   1.20000E-01   7.72670E-02   8.55208E-04   1.14115E-03   0.00000E+00   2.50873E-02   1.00000E+00   0.00000E+00   7.75157E+00   1.00589E-15            15   6.05121E-10   3.12135E+00
         833   9.99600E+01   1.20000E-01   7.72670E-02   8.54964E-04   1.14277E-03   0.00000E+00   2.49222E-02   1.00000E+00   0.00000E+00   7.75157E+00   9.97046E-16            15   6.03343E-10   3.12146E+00
         834   1.00080E+02   1.20000E-01   7.72670E-02   8.54701E-04   1.14435E-03   0.00000E+00   2.47567E-02   1.00000E+00   0.00000E+00   7.75157E+00   9.87998E-16            15   6.01546E-10   3.12158E+00
         835   1.00200E+02   1.20000E-01   7.72670E-02   8.54418E-04   1.14591E-03   0.00000E+00   2.45910E-02   1.00000E+00   0.00000E+00   7.75157E+00   9.78925E-16            15   5.99729E-10   3.12169E+00
         836   1.00320E+02   1.20000E-01   7.72670E-02   8.54116E-04   1.14743E-03   0.00000E+00   2.44250E-02   1.00000E+00   0.00000E+00   7.75157E+00   9.69695E-16            15   5.97891E-10   3.12181E+00
         837   1.00440E+02   1.20000E-01   7.72670E-02   8.53795E-04   1.14892E-03   0.00000E+00   2.42586E-02   1.00000E+00   0.00000E+00   7.75157E+00   9.60368E-16            15   5.96033E-10   3.12192E+00
         838   1.00560E+02   1.20000E-01   7.72670E-02   8.53455E-04   1.15037E-03   0.00000E+00   2.40920E-02   1.00000E+00   0.00000E+00   7.75157E+00   9.50369E-16            15   5.94153E-10   3.12204E+00
         839   1.00680E+02   1.20000E-01   7.72670E-02   8.53095E-04   1.15180E-03   0.00000E+00   2.39251E-02   1.00000E+00   0.00000E+00   7.75157E+00   9.40437E-16            15   5.92251E-10   3.12215E+00
         840   1.00800E+02   1.20000E-01   7.72670E-02   8.52717E-04   1.15319E-03   0.00000E+00   2.37579E-02   1.00000E+00   0.00000E+00   7.75157E+00   9.30761E-16            15   5.90327E-10   3.12227E+00
         841   1.00920E+02   1.20000E-01   7.72670E-02   8.52320E-04   1.15456E-03   0.00000E+00   2.35905E-02   1.00000E+00   0.00000E+00   7.75157E+00   9.20191E-16            15   5.88379E-10   3.12239E+00
         842   1.01040E+02   1.20000E-01   7.72670E-02   8.51903E-04   1.15589E-03   0.00000E+00   2.34227E-02   1.00000E+00   0.00000E+00   7.75157E+00   9.09939E-16            15   5.86409E-10   3.12250E+00
         843   1.01160E+02   1.20000E-01   7.72670E-02   8.51468E-04   1.15719E-03   0.00000E+00   2.32547E-02   1.00000E+00   0.00000E+00   7.75157E+00   8.99213E-16            15   5.84415E-10   3.12262E+00
         844   1.01280E+02   1.20000E-01   7.72670E-02   8.51014E-04   1.15845E-03   0.00000E+00   2.30864E-02   1.00000E+00   0.00000E+00   7.75157E+00   8.88757E-16            15   5.82396E-10   3.12274E+00
         845   1.01400E+02   1.20000E-01   7.72670E-02   8.50541E-04   1.15969E-03   0.00000E+00   2.29179E-02   1.00000E+00   0.00000E+00   7.75157E+00   8.78098E-16            15   5.80354E-10   3.12285E+00
         846   1.01520E+02   1.20000E-01   7.72670E-02   8.50050E-04   1.16090E-03   0.00000E+00   2.27491E-02   1.00000E+00   0.00000E+00   7.75157E+00   8.71493E-16            15   5.78286E-10   3.12297E+00
         847   1.01640E+02   1.20000E-01   7.72670E-02   8.49539E-04   1.16207E-03   0.00000E+00   2.25801E-02   1.00000E+00   0.00000E+00   7.75157E+00   8.71096E-16            15   5.76193E-10   3.12309E+00
         848   1.01760E+02   1.20000E-01   7.72670E-02   8.49010E-04   1.16321E-03   0.00000E+00   2.24108E-02   1.00000E+00   0.00000E+00   7.75157E+00   8.71061E-16            15   5.74074E-10   3.12321E+00
         849   1.01880E+02   1.20000E-01   7.72670E-02   8.48463E-04   1.16432E-03   0.00000E+00   2.22412E-02   1.00000E+00   0.00000E+00   7.75157E+00   8.70218E-16            15   5.71928E-10   3.12332E+00
         850   1.02000E+02   1.20000E-01   7.72670E-02   8.47896E-04   1.16540E-03   0.00000E+00   2.20715E-02   1.00000E+00   0.00000E+00   7.75157E+00   8.69368E-16            15   5.69756E-10   3.12344E+00
         851   1.02120E+02   1.20000E-01   7.72670E-02   8.47312E-04   1.16645E-03   0.00000E+00   2.19014E-02   1.00000E+00   0.00000E+00   7.75157E+00   8.68086E-16            15   5.67557E-10   3.12356E+00
         852   1.02240E+02   1.20000E-01   7.72670E-02   8.46708E-04   1.16747E-03   0.00000E+00   2.17312E-02   1.00000E+00   0.00000E+00   7.75157E+00   8.66766E-16            15   5.65330E-10   3.12368E+00
         853   1.02360E+02   1.20000E-01   7.72670E-02   8.46087E-04   1.16846E-03   0.00000E+00   2.15607E-02   1.00000E+00   0.00000E+00   7.75157E+00   8.65251E-16            15   5.63075E-10   3.12380E+00
         854   1.02480E+02   1.20000E-01   7.72670E-02   8.45447E-04   1.16942E-03   0.00000E+00   2.13901E-02   1.00000E+00   0.00000E+00   7.75157E+00   8.63094E-16            15   5.60791E-10   3.12392E+00
         855   1.02600E+02   1.20000E-01   7.72670E-02   8.44788E-04   1.17034E-03   0.00000E+00   2.12191E-02   1.00000E+00   0.00000E+00   7.75157E+00   8.61736E-16            15   5.58478E-10   3.12404E+00
         856   1.02720E+02   1.20000E-01   7.72670E-02   8.44111E-04   1.17123E-03   0.00000E+00   2.10480E-02   1.00000E+00   0.00000E+00   7.75157E+00   8.59509E-16            15   5.56136E-10   3.12416E+00
         857   1.02840E+02   1.20000E-01   7.72670E-02   8.43417E-04   1.17210E-03   0.00000E+00   2.08767E-02   1.00000E+00   0.00000E+00   7.75157E+00   8.57539E-16            15   5.53763E-10   3.12428E+00
         858   1.02960E+02   1.20000E-01   7.72670E-02   8.42703E-04   1.17293E-03   0.00000E+00   2.07052E-02   1.00000E+00   0.00000E+00   7.75157E+00   8.54829E-16            15   5.51360E-10   3.12440E+00
         859   1.03080E+02   1.20000E-01   7.72670E-02   8.41972E-04   1.17373E-03   0.00000E+00   2.05334E-02   1.00000E+00   0.00000E+00   7.75157E+00   8.52391E-16            15   5.48926E-10   3.12452E+00
         860   1.03200E+02   1.20000E-01   7.72670E-02   8.41223E-04   1.17450E-03   0.00000E+00   2.03615E-02   1.00000E+00   0.00000E+00   7.75157E+00   8.49679E-16            15   5.46460E-10   3.12464E+00
         861   1.03320E+02   1.20000E-01   7.72670E-02   8.40456E-04   1.17524E-03   0.00000E+00   2.01894E-02   1.00000E+00   0.00000E+00   7.75157E+00   8.46822E-16            15   5.43962E-10   3.12476E+00
         862   1.03440E+02   1.20000E-01   7.72670E-02   8.39670E-04   1.17595E-03   0.00000E+00   2.00171E-02   1.00000E+00   0.00000E+00   7.75157E+00   8.43574E-16            15   5.41432E-10   3.12488E+00
         863   1.03560E+02   1.20000E-01   7.72670E-02   8.38867E-04   1.17663E-03   0.00000E+00   1.98446E-02   1.00000E+00   0.00000E+00   7.75157E+00   8.40147E-16            15   5.38868E-10   3.12500E+00
         864   1.03680E+02   1.20000E-01   7.72670E-02   8.38046E-04   1.17728E-03   0.00000E+00   1.96719E-02   1.00000E+00   0.00000E+00   7.75157E+00   8.36508E-16            15   5.36271E-10   3.12512E+00
         865   1.03800E+02   1.20000E-01   7.72670E-02   8.37207E-04   1.17790E-03   0.00000E+00   1.94991E-02   1.00000E+00   0.00000E+00   7.75157E+00   8.32911E-16            15   5.33640E-10   3.12524E+00
         866   1.03920E+02   1.20000E-01   7.72670E-02   8.36350E-04   1.17849E-03   0.00000E+00   1.93261E-02   1.00000E+00   0.00000E+00   7.75157E+00   8.28899E-16            15   5.30974E-10   3.12536E+00
         867   1.04040E+02   1.20000E-01   7.72670E-02   8.35476E-04   1.17904E-03   0.00000E+00   1.91529E-02   1.00000E+00   0.00000E+00   7.75157E+00   8.24919E-16            15   5.28273E-10   3.12548E+00
         868   1.04160E+02   1.20000E-01   7.72670E-02   8.34584E-04   1.17957E-03   0.00000E+00   1.89796E-02   1.00000E+00   0.00000E+00   7.75157E+00   8.20421E-16            15   5.25536E-10   3.12560E+00
         869   1.04280E+02   1.20000E-01   7.72670E-02   8.33675E-04   1.18007E-03   0.00000E+00   1.88061E-02   1.00000E+00   0.00000E+00   7.75157E+00   8.16173E-16            15   5.22763E-10   3.12572E+00
         870   1.04400E+02   1.20000E-01   7.72670E-02   8.32747E-04   1.18053E-03   0.00000E+00   1.86324E-02   1.00000E+00   0.00000E+00   7.75157E+00   8.11341E-16            15   5.19953E-10   3.12584E+00
         871   1.04520E+02   1.20000E-01   7.72670E-02   8.31803E-04   1.18097E-03   0.00000E+00   1.84587E-02   1.00000E+00   0.00000E+00   7.75157E+00   8.06642E-16            15   5.17106E-10   3.12597E+00
         872   1.04640E+02   1.20000E-01   7.72670E-02   8.30841E-04   1.18138E-03   0.00000E+00   1.82847E-02   1.00000E+00   0.00000E+00   7.75157E+00   8.01554E-16            15   5.14221E-10   3.12609E+00
         873   1.04760E+02   1.20000E-01   7.72670E-02   8.29861E-04   1.18175E-03   0.00000E+00   1.81106E-02   1.00000E+00   0.00000E+00   7.75157E+00   7.96209E-16            15   5.11297E-10   3.12621E+00
         874   1.04880E+02   1.20000E-01   7.72670E-02   8.28865E-04   1.18210E-03   0.00000E+00   1.79364E-02   1.00000E+00   0.00000E+00   7.75157E+00   7.90988E-16            15   5.08336E-10   3.12633E+00
         875   1.05000E+02   1.20000E-01   7.72670E-02   8.27851E-04   1.18242E-03   0.00000E+00   1.77621E-02   1.00000E+00   0.00000E+00   7.75157E+00   7.85475E-16            15   5.05334E-10   3.12645E+00
         876   1.05120E+02   1.20000E-01   7.72670E-02   8.26819E-04   1.18270E-03   0.00000E+00   1.75876E-02   1.00000E+00   0.00000E+00   7.75157E+00   7.79450E-16            15   5.02168E-10   3.12658E+00
         877   1.05240E+02   1.20000E-01   7.72670E-02   8.25771E-04   1.18296E-03   0.00000E+00   1.74131E-02   1.00000E+00   0.00000E+00   7.75157E+00   7.73158E-16            15   4.99060E-10   3.12670E+00
         878   1.05360E+02   1.20000E-01   7.72670E-02   8.24706E-04   1.18319E-03   0.00000E+00   1.72383E-02   1.00000E+00   0.00000E+00   7.75157E+00   7.66475E-16            15   4.95949E-10   3.12682E+00
         879   1.05480E+02   1.20000E-01   7.72670E-02   8.23624E-04   1.18338E-03   0.00000E+00   1.70635E-02   1.00000E+00   0.00000E+00   7.75157E+00   7.61380E-16            15   4.92731E-10   3.12694E+00
         880   1.05600E+02   1.20000E-01   7.72670E-02   8.22524E-04   1.18355E-03   0.00000E+00   1.68887E-02   1.00000E+00   0.00000E+00   7.75157E+00   7.51029E-16            15   4.90505E-10   3.12707E+00
         881   1.05720E+02   1.20000E-01   7.72670E-02   8.21408E-04   1.18369E-03   0.00000E+00   1.67136E-02   1.00000E+00   0.00000E+00   7.75157E+00   7.51500E-16            15   4.85752E-10   3.12719E+00
         882   1.05840E+02   1.20000E-01   7.72670E-02   8.20275E-04   1.18380E-03   0.00000E+00   1.65385E-02   1.00000E+00   0.00000E+00   7.75157E+00   7.41935E-16            15   4.83146E-10   3.12731E+00
         883   1.05960E+02   1.20000E-01   7.72670E-02   8.19125E-04   1.18388E-03   0.00000E+00   1.63633E-02   1.00000E+00   0.00000E+00   7.75157E+00   7.36358E-16            15   4.80071E-10   3.12743E+00
         884   1.06080E+02   1.20000E-01   7.72670E-02   8.17959E-04   1.18393E-03   0.00000E+00   1.61880E-02   1.00000E+00   0.00000E+00   7.75157E+00   7.29402E-16            15   4.77029E-10   3.12756E+00
         885   1.06200E+02   1.20000E-01   7.72670E-02   8.16775E-04   1.18395E-03   0.00000E+00   1.60126E-02   1.00000E+00   0.00000E+00   7.75157E+00   7.26229E-16            15   4.73362E-10   3.12768E+00
         886   1.06320E+02   1.20000E-01   7.72670E-02   8.15575E-04   1.18394E-03   0.00000E+00   1.58372E-02   1.00000E+00   0.00000E+00   7.75157E+00   7.21278E-16            15   4.69754E-10   3.12780E+00
         887   1.06440E+02   1.20000E-01   7.72670E-02   8.14359E-04   1.18391E-03   0.00000E+00   1.56616E-02   1.00000E+00   0.00000E+00   7.75157E+00   7.13976E-16            15   4.66166E-10   3.12793E+00
         888   1.06560E+02   1.20000E-01   7.72670E-02   8.13126E-04   1.18384E-03   0.00000E+00   1.54860E-02   1.00000E+00   0.00000E+00   7.75157E+00   7.06867E-16            15   4.62584E-10   3.12805E+00
         889   1.06680E+02   1.20000E-01   7.72670E-02   8.11877E-04   1.18374E-03   0.00000E+00   1.53103E-02   1.00000E+00   0.00000E+00   7.75157E+00   6.99675E-16            15   4.58984E-10   3.12817E+00
         890   1.06800E+02   1.20000E-01   7.72670E-02   8.10611E-04   1.18362E-03   0.00000E+00   1.51345E-02   1.00000E+00   0.00000E+00   7.75157E+00   6.91557E-16            15   4.55266E-10   3.12830E+00
         891   1.06920E+02   1.20000E-01   7.72670E-02   8.09330E-04   1.18347E-03   0.00000E+00   1.49587E-02   1.00000E+00   0.00000E+00   7.75157E+00   6.83955E-16            15   4.51629E-10   3.12842E+00
         892   1.07040E+02   1.20000E-01   7.72670E-02   8.08032E-04   1.18329E-03   0.00000E+00   1.47828E-02   1.00000E+00   0.00000E+00   7.75157E+00   6.75834E-16            15   4.47952E-10   3.12854E+00
         893   1.07160E+02   1.20000E-01   7.72670E-02   8.06717E-04   1.18307E-03   0.00000E+00   1.46068E-02   1.00000E+00   0.00000E+00   7.75157E+00   6.68089E-16            15   4.44216E-10   3.12867E+00
         894   1.07280E+02   1.20000E-01   7.72670E-02   8.05387E-04   1.18284E-03   0.00000E+00   1.44309E-02   1.00000E+00   0.00000E+00   7.75157E+00   6.60148E-16            15   4.40425E-10   3.12879E+00
         895   1.07400E+02   1.20000E-01   7.72670E-02   8.04041E-04   1.18257E-03   0.00000E+00   1.42549E-02   1.00000E+00   0.00000E+00   7.75157E+00   6.38343E-16            15   4.37347E-10   3.12891E+00
         896   1.07520E+02   1.20000E-01   7.72670E-02   8.02678E-04   1.18227E-03   0.00000E+00   1.40789E-02   1.00000E+00   0.00000E+00   7.75157E+00   6.43944E-16            15   4.32737E-10   3.12904E+00
         897   1.07640E+02   1.20000E-01   7.72670E-02   8.01299E-04   1.18195E-03   0.00000E+00   1.39028E-02   1.00000E+00   0.00000E+00   7.75157E+00   6.34794E-16            15   4.28778E-10   3.12916E+00
         898   1.07760E+02   1.20000E-01   7.72670E-02   7.99905E-04   1.18159E-03   0.00000E+00   1.37266E-02   1.00000E+00   0.00000E+00   7.75157E+00   6.25604E-16            15   4.24773E-10   3.12929E+00
         899   1.07880E+02   1.20000E-01   7.72670E-02   7.98495E-04   1.18121E-03   0.00000E+00   1.35505E-02   1.00000E+00   0.00000E+00   7.75157E+00   6.16605E-16            15   4.20724E-10   3.12941E+00
         900   1.08000E+02   1.20000E-01   7.72670E-02   7.97069E-04   1.18080E-03   0.00000E+00   1.33743E-02   1.00000E+00   0.00000E+00   7.75157E+00   6.07608E-16            15   4.16628E-10   3.12953E+00
         901   1.08120E+02   1.20000E-01   7.72670E-02   7.95627E-04   1.18037E-03   0.00000E+00   1.31981E-02   1.00000E+00   0.00000E+00   7.75157E+00   5.98107E-16            15   4.12488E-10   3.12966E+00
         902   1.08240E+02   1.20000E-01   7.72670E-02   7.94170E-04   1.17990E-03   0.00000E+00   1.30219E-02   1.00000E+00   0.00000E+00   7.75157E+00   5.88756E-16            15   4.08302E-10   3.12978E+00
         903   1.08360E+02   1.20000E-01   7.72670E-02   7.92697E-04   1.17941E-03   0.00000E+00   1.28457E-02   1.00000E+00   0.00000E+00   7.75157E+00   5.79075E-16            15   4.04069E-10   3.12991E+00
         904   1.08480E+02   1.20000E-01   7.72670E-02   7.91209E-04   1.17889E-03   0.00000E+00   1.26695E-02   1.00000E+00   0.00000E+00   7.75157E+00   5.69278E-16            15   3.99767E-10   3.13003E+00
         905   1.08600E+02   1.20000E-01   7.72670E-02   7.89706E-04   1.17834E-03   0.00000E+00   1.24933E-02   1.00000E+00   0.00000E+00   7.75157E+00   5.59119E-16            15   3.95476E-10   3.13015E+00
         906   1.08720E+02   1.20000E-01   7.72670E-02   7.88187E-04   1.17776E-03   0.00000E+00   1.23171E-02   1.00000E+00   0.00000E+00   7.75157E+00   5.48783E-16            15   3.91106E-10   3.13028E+00
         907   1.08840E+02   1.20000E-01   7.72670E-02   7.86653E-04   1.17716E-03   0.00000E+00   1.21409E-02   1.00000E+00   0.00000E+00   7.75157E+00   5.38054E-16            15   3.86705E-10   3.13040E+00
         908   1.08960E+02   1.20000E-01   7.72670E-02   7.85103E-04   1.17652E-03   0.00000E+00   1.19647E-02   1.00000E+00   0.00000E+00   7.75157E+00   5.27996E-16            15   3.82290E-10   3.13053E+00
         909   1.09080E+02   1.20000E-01   7.72670E-02   7.83539E-04   1.17586E-03   0.00000E+00   1.17885E-02   1.00000E+00   0.00000E+00   7.75157E+00   5.17222E-16            15   3.77779E-10   3.13065E+00
         910   1.09200E+02   1.20000E-01   7.72670E-02   7.81959E-04   1.17518E-03   0.00000E+00   1.16124E-02   1.00000E+00   0.00000E+00   7.75157E+00   5.06600E-16            15   3.73258E-10   3.13077E+00
         911   1.09320E+02   1.20000E-01   7.72670E-02   7.80364E-04   1.17446E-03   0.00000E+00   1.14362E-02   1.00000E+00   0.00000E+00   7.75157E+00   4.95635E-16            15   3.68696E-10   3.13090E+00
         912   1.09440E+02   1.20000E-01   7.72670E-02   7.78755E-04   1.17372E-03   0.00000E+00   1.12601E-02   1.00000E+00   0.00000E+00   7.75157E+00   4.84614E-16            15   3.64091E-10   3.13102E+00
         913   1.09560E+02   1.20000E-01   7.72670E-02   7.77131E-04   1.17295E-03   0.00000E+00   1.10841E-02   1.00000E+00   0.00000E+00   7.75157E+00   4.73725E-16            15   3.59466E-10   3.13115E+00
         914   1.09680E+02   1.20000E-01   7.72670E-02   7.75491E-04   1.17216E-03   0.00000E+00   1.09080E-02   1.00000E+00   0.00000E+00   7.75157E+00   4.62730E-16            15   3.54803E-10   3.13127E+00
         915   1.09800E+02   1.20000E-01   7.72670E-02   7.73838E-04   1.17134E-03   0.00000E+00   1.07321E-02   1.00000E+00   0.00000E+00   7.75157E+00   4.51518E-16            15   3.50111E-10   3.13139E+00
         916   1.09920E+02   1.20000E-01   7.72670E-02   7.72169E-04   1.17049E-03   0.00000E+00   1.05561E-02   1.00000E+00   0.00000E+00   7.75157E+00   4.40159E-16            15   3.45392E-10   3.13152E+00
         917   1.10040E+02   1.20000E-01   7.72670E-02   7.70486E-04   1.16961E-03   0.00000E+00   1.03802E-02   1.00000E+00   0.00000E+00   7.75157E+00   4.28645E-16            15   3.40648E-10   3.13164E+00
         918   1.10160E+02   1.20000E-01   7.72670E-02   7.68788E-04   1.16871E-03   0.00000E+00   1.02044E-02   1.00000E+00   0.00000E+00   7.75157E+00   4.25602E-16            15   3.35884E-10   3.13176E+00
         919   1.10280E+02   1.20000E-01   7.72670E-02   7.67076E-04   1.16778E-03   0.00000E+00   1.00286E-02   1.00000E+00   0.00000E+00   7.75157E+00   4.24223E-16            15   3.31102E-10   3.13189E+00
         920   1.10400E+02   1.20000E-01   7.72670E-02   7.65350E-04   1.16682E-03   0.00000E+00   9.85292E-03   1.00000E+00   0.00000E+00   7.75157E+00   4.23890E-16            15   3.26307E-10   3.13201E+00
         921   1.10520E+02   1.20000E-01   7.72670E-02   7.63609E-04   1.16584E-03   0.00000E+00   9.67728E-03   1.00000E+00   0.00000E+00   7.75157E+00   4.23031E-16            15   3.21512E-10   3.13214E+00
         922   1.10640E+02   1.20000E-01   7.72670E-02   7.61854E-04   1.16483E-03   0.00000E+00   9.50172E-03   1.00000E+00   0.00000E+00   7.75157E+00   4.22200E-16            15   3.16712E-10   3.13226E+00
         923   1.10760E+02   1.20000E-01   7.72670E-02   7.60085E-04   1.16380E-03   0.00000E+00   9.32623E-03   1.00000E+00   0.00000E+00   7.75157E+00   4.21388E-16            15   3.11912E-10   3.13238E+00
         924   1.10880E+02   1.20000E-01   7.72670E-02   7.58302E-04   1.16274E-03   0.00000E+00   9.15082E-03   1.00000E+00   0.00000E+00   7.75157E+00   4.21354E-16            15   3.07118E-10   3.13251E+00
         925   1.11000E+02   1.20000E-01   7.72670E-02   7.56505E-04   1.16165E-03   0.00000E+00   8.97549E-03   1.00000E+00   0.00000E+00   7.75157E+00   4.20319E-16            15   3.02336E-10   3.13263E+00
         926   1.11120E+02   1.20000E-01   7.72670E-02   7.54694E-04   1.16054E-03   0.00000E+00   8.80026E-03   1.00000E+00   0.00000E+00   7.75157E+00   4.20064E-16            15   2.97573E-10   3.13275E+00
         927   1.11240E+02   1.20000E-01   7.72670E-02   7.52868E-04   1.15940E-03   0.00000E+00   8.62512E-03   1.00000E+00   0.00000E+00   7.75157E+00   4.19235E-16            15   2.92835E-10   3.13288E+00
         928   1.11360E+02   1.20000E-01   7.72670E-02   7.51030E-04   1.15824E-03   0.00000E+00   8.45007E-03   1.00000E+00   0.00000E+00   7.75157E+00   4.18762E-16            15   2.88131E-10   3.13300E+00
         929   1.11480E+02   1.20000E-01   7.72670E-02   7.49177E-04   1.15705E-03   0.00000E+00   8.27513E-03   1.00000E+00   0.00000E+00   7.75157E+00   4.17154E-16            15   2.83469E-10   3.13312E+00
         930   1.11600E+02   1.20000E-01   7.72670E-02   7.47311E-04   1.15583E-03   0.00000E+00   8.10030E-03   1.00000E+00   0.00000E+00   7.75157E+00   4.16948E-16            15   2.78859E-10   3.13325E+00
         931   1.11720E+02   1.20000E-01   7.72670E-02   7.45431E-04   1.15459E-03   0.00000E+00   7.92557E-03   1.00000E+00   0.00000E+00   7.75157E+00   4.16098E-16            15   2.74311E-10   3.13337E+00
         932   1.11840E+02   1.20000E-01   7.72670E-02   7.43537E-04   1.15332E-03   0.00000E+00   7.75096E-03   1.00000E+00   0.00000E+00   7.75157E+00   4.16151E-16            15   2.69835E-10   3.13349E+00
         933   1.11960E+02   1.20000E-01   7.72670E-02   7.41631E-04   1.15203E-03   0.00000E+00   7.57647E-03   1.00000E+00   0.00000E+00   7.75157E+00   4.15501E-16            15   2.65444E-10   3.13362E+00
         934   1.12080E+02   1.20000E-01   7.72670E-02   7.39710E-04   1.15071E-03   0.00000E+00   7.40210E-03   1.00000E+00   0.00000E+00   7.75157E+00   4.15255E-16            15   2.61149E-10   3.13374E+00
         935   1.12200E+02   1.20000E-01   7.72670E-02   7.37777E-04   1.14937E-03   0.00000E+00   7.22786E-03   1.00000E+00   0.00000E+00   7.75157E+00   4.14991E-16            15   2.56965E-10   3.13386E+00
         936   1.12320E+02   1.20000E-01   7.72670E-02   7.35830E-04   1.14800E-03   0.00000E+00   7.05375E-03   1.00000E+00   0.00000E+00   7.75157E+00   4.14492E-16            15   2.52906E-10   3.13399E+00
         937   1.12440E+02   1.20000E-01   7.72670E-02   7.33870E-04   1.14661E-03   0.00000E+00   6.87978E-03   1.00000E+00   0.00000E+00   7.75157E+00   4.14660E-16            15   2.48985E-10   3.13411E+00
         938   1.12560E+02   1.20000E-01   7.72670E-02   7.31897E-04   1.14519E-03   0.00000E+00   6.70594E-03   1.00000E+00   0.00000E+00   7.75157E+00   4.14652E-16            15   2.45220E-10   3.13423E+00
         939   1.12680E+02   1.20000E-01   7.72670E-02   7.29911E-04   1.14375E-03   0.00000E+00   6.53225E-03   1.00000E+00   0.00000E+00   7.75157E+00   4.14671E-16            15   2.41628E-10   3.13435E+00
         940   1.12800E+02   1.20000E-01   7.72670E-02   7.27912E-04   1.14228E-03   0.00000E+00   6.35871E-03   1.00000E+00   0.00000E+00   7.75157E+00   4.14288E-16            15   2.38225E-10   3.13448E+00
         941   1.12920E+02   1.20000E-01   7.72670E-02   7.25900E-04   1.14079E-03   0.00000E+00   6.18532E-03   1.00000E+00   0.00000E+00   7.75157E+00   4.14442E-16            15   2.35029E-10   3.13460E+00
         942   1.13040E+02   1.20000E-01   7.72670E-02   7.23876E-04   1.13928E-03   0.00000E+00   6.01209E-03   1.00000E+00   0.00000E+00   7.75157E+00   4.15377E-16            15   2.32057E-10   3.13472E+00
         943   1.13160E+02   1.20000E-01   7.72670E-02   7.21838E-04   1.13774E-03   0.00000E+00   5.83901E-03   1.00000E+00   0.00000E+00   7.75157E+00   4.15464E-16            15   2.29329E-10   3.13484E+00
         944   1.13280E+02   1.20000E-01   7.72670E-02   7.19788E-04   1.13617E-03   0.00000E+00   5.66610E-03   1.00000E+00   0.00000E+00   7.75157E+00   4.15255E-16            15   2.26857E-10   3.13497E+00
         945   1.13400E+02   1.20000E-01   7.72670E-02   7.17726E-04   1.13458E-03   0.00000E+00   5.49337E-03   1.00000E+00   0.00000E+00   7.75157E+00   4.16016E-16            15   2.24700E-10   3.13509E+00
         946   1.13520E+02   1.20000E-01   7.72670E-02   7.15651E-04   1.13297E-03   0.00000E+00   5.32080E-03   1.00000E+00   0.00000E+00   7.75157E+00   4.16411E-16            15   2.22801E-10   3.13521E+00
         947   1.13640E+02   1.20000E-01   7.72670E-02   7.13564E-04   1.13135E-03   0.00000E+00   5.14842E-03   1.00000E+00   0.00000E+00   7.75157E+00   4.15894E-16            15   2.21219E-10   3.13533E+00
         948   1.13760E+02   1.20000E-01   7.72670E-02   7.11464E-04   1.12976E-03   0.00000E+00   4.97621E-03   1.00000E+00   0.00000E+00   7.75157E+00   4.16201E-16            15   2.19963E-10   3.13545E+00
         949   1.13880E+02   1.20000E-01   7.72670E-02   7.09352E-04   1.12815E-03   0.00000E+00   4.80419E-03   1.00000E+00   0.00000E+00   7.75157E+00   4.16130E-16            15   2.19046E-10   3.13558E+00
         950   1.14000E+02   1.20000E-01   7.72670E-02   7.07228E-04   1.12651E-03   0.00000E+00   4.63235E-03   1.00000E+00   0.00000E+00   7.75157E+00   4.15815E-16            15   2.18516E-10   3.13570E+00
         951   1.14120E+02   1.20000E-01   7.72670E-02   7.05092E-04   1.12485E-03   0.00000E+00   4.46071E-03   1.00000E+00   0.00000E+00   7.75157E+00   4.15704E-16            15   2.18278E-10   3.13582E+00
         952   1.14240E+02   1.20000E-01   7.72670E-02   7.02944E-04   1.12316E-03   0.00000E+00   4.28925E-03   1.00000E+00   0.00000E+00   7.75157E+00   4.14802E-16            15   2.18463E-10   3.13594E+00
         953   1.14360E+02   1.20000E-01   7.72670E-02   7.00784E-04   1.12144E-03   0.00000E+00   4.11801E-03   1.00000E+00   0.00000E+00   7.75157E+00   4.13528E-16            15   2.18895E-10   3.13606E+00
         954   1.14480E+02   1.20000E-01   7.72670E-02   6.98612E-04   1.11971E-03   0.00000E+00   3.94695E-03   1.00000E+00   0.00000E+00   7.75157E+00   4.12411E-16            15   2.19832E-10   3.13618E+00
         955   1.14600E+02   1.20000E-01   7.72670E-02   6.96428E-04   1.11794E-03   0.00000E+00   3.77613E-03   1.00000E+00   0.00000E+00   7.75157E+00   4.10891E-16            15   2.20989E-10   3.13630E+00
         956   1.14720E+02   1.20000E-01   7.72670E-02   6.94233E-04   1.11616E-03   0.00000E+00   3.60550E-03   1.00000E+00   0.00000E+00   7.75157E+00   4.07958E-16            15   2.22619E-10   3.13642E+00
         957   1.14840E+02   1.20000E-01   7.72670E-02   6.92026E-04   1.11434E-03   0.00000E+00   3.43510E-03   1.00000E+00   0.00000E+00   7.75157E+00   4.05961E-16            15   2.24526E-10   3.13654E+00
         958   1.14960E+02   1.20000E-01   7.72670E-02   6.89807E-04   1.11251E-03   0.00000E+00   3.26491E-03   1.00000E+00   0.00000E+00   7.75157E+00   4.02361E-16            15   2.26833E-10   3.13666E+00
         959   1.15080E+02   1.20000E-01   7.72670E-02   6.87577E-04   1.11065E-03   0.00000E+00   3.09496E-03   1.00000E+00   0.00000E+00   7.75157E+00   3.98253E-16            15   2.29378E-10   3.13678E+00
         960   1.15200E+02   1.20000E-01   7.72670E-02   6.86138E-04   1.10876E-03   0.00000E+00   2.92522E-03   1.00000E+00   0.00000E+00   7.75157E+00   3.93750E-16            15   2.32290E-10   3.13690E+00
         961   1.15320E+02   1.20000E-01   7.72670E-02   6.84918E-04   1.10685E-03   0.00000E+00   2.75571E-03   1.00000E+00   0.00000E+00   7.75157E+00   3.87762E-16            15   2.35438E-10   3.13702E+00
         962   1.15440E+02   1.20000E-01   7.72670E-02   6.83684E-04   1.10492E-03   0.00000E+00   2.58644E-03   1.00000E+00   0.00000E+00   7.75157E+00   3.81621E-16            15   2.38833E-10   3.13714E+00
         963   1.15560E+02   1.20000E-01   7.72670E-02   6.82437E-04   1.10296E-03   0.00000E+00   2.41741E-03   1.00000E+00   0.00000E+00   7.75157E+00   3.75550E-16            15   2.42452E-10   3.13726E+00
         964   1.15680E+02   1.20000E-01   7.72670E-02   6.81176E-04   1.10098E-03   0.00000E+00   2.24863E-03   1.00000E+00   0.00000E+00   7.75157E+00   3.73444E-16            15   2.46267E-10   3.13738E+00
         965   1.15800E+02   1.20000E-01   7.72670E-02   6.79901E-04   1.09898E-03   0.00000E+00   2.08009E-03   1.00000E+00   0.00000E+00   7.75157E+00   3.77477E-16            15   2.50252E-10   3.13750E+00
         966   1.15920E+02   1.20000E-01   7.72670E-02   6.78614E-04   1.09695E-03   0.00000E+00   1.91181E-03   1.00000E+00   0.00000E+00   7.75157E+00   3.81314E-16            15   2.54380E-10   3.13762E+00
         967   1.16040E+02   1.20000E-01   7.72670E-02   6.77312E-04   1.09490E-03   0.00000E+00   1.74378E-03   1.00000E+00   0.00000E+00   7.75157E+00   3.84707E-16            15   2.58621E-10   3.13774E+00
         968   1.16160E+02   1.20000E-01   7.72670E-02   6.75998E-04   1.09283E-03   0.00000E+00   1.57601E-03   1.00000E+00   0.00000E+00   7.75157E+00   3.88150E-16            15   2.62948E-10   3.13786E+00
         969   1.16280E+02   1.20000E-01   7.72670E-02   6.74670E-04   1.09073E-03   0.00000E+00   1.41513E-03   1.00000E+00   0.00000E+00   7.75157E+00   3.91286E-16            15   2.67333E-10   3.13798E+00
         970   1.16400E+02   1.20000E-01   7.72670E-02   6.73329E-04   1.08861E-03   0.00000E+00   1.39376E-03   1.00000E+00   0.00000E+00   7.75157E+00   3.94026E-16            15   2.71749E-10   3.13810E+00
         971   1.16520E+02   1.20000E-01   7.72670E-02   6.71974E-04   1.08647E-03   0.00000E+00   1.37236E-03   1.00000E+00   0.00000E+00   7.75157E+00   3.95624E-16            15   2.76218E-10   3.13822E+00
         972   1.16640E+02   1.20000E-01   7.72670E-02   6.70607E-04   1.08430E-03   0.00000E+00   1.35094E-03   1.00000E+00   0.00000E+00   7.75157E+00   3.98687E-16            15   2.80569E-10   3.13833E+00
         973   1.16760E+02   1.20000E-01   7.72670E-02   6.69227E-04   1.08211E-03   0.00000E+00   1.32950E-03   1.00000E+00   0.00000E+00   7.75157E+00   4.01737E-16            15   2.85010E-10   3.13845E+00
         974   1.16880E+02   1.20000E-01   7.72670E-02   6.67833E-04   1.07990E-03   0.00000E+00   1.30804E-03   1.00000E+00   0.00000E+00   7.75157E+00   4.09634E-16            15   2.89265E-10   3.13857E+00
         975   1.17000E+02   1.20000E-01   7.72670E-02   6.66427E-04   1.07767E-03   0.00000E+00   1.28656E-03   1.00000E+00   0.00000E+00   7.75157E+00   4.18459E-16            15   2.93521E-10   3.13869E+00
         976   1.17120E+02   1.20000E-01   7.72670E-02   6.65008E-04   1.07541E-03   0.00000E+00   1.26505E-03   1.00000E+00   0.00000E+00   7.75157E+00   4.28055E-16            15   2.97563E-10   3.13880E+00
         977   1.17240E+02   1.20000E-01   7.72670E-02   6.63576E-04   1.07313E-03   0.00000E+00   1.24353E-03   1.00000E+00   0.00000E+00   7.75157E+00   4.35690E-16            15   3.01477E-10   3.13892E+00
         978   1.17360E+02   1.20000E-01   7.72670E-02   6.62131E-04   1.07083E-03   0.00000E+00   1.22198E-03   1.00000E+00   0.00000E+00   7.75157E+00   4.43699E-16            15   3.05313E-10   3.13904E+00
         979   1.17480E+02   1.20000E-01   7.72670E-02   6.60674E-04   1.06851E-03   0.00000E+00   1.20041E-03   1.00000E+00   0.00000E+00   7.75157E+00   4.52028E-16            15   3.08897E-10   3.13916E+00
         980   1.17600E+02   1.20000E-01   7.72670E-02   6.59204E-04   1.06616E-03   0.00000E+00   1.17882E-03   1.00000E+00   0.00000E+00   7.75157E+00   4.59001E-16            15   3.12455E-10   3.13927E+00
         981   1.17720E+02   1.20000E-01   7.72670E-02   6.57722E-04   1.06380E-03   0.00000E+00   1.31715E-03   1.00000E+00   0.00000E+00   7.75157E+00   4.65118E-16            15   3.15885E-10   3.13939E+00
         982   1.17840E+02   1.20000E-01   7.72670E-02   6.56227E-04   1.06141E-03   0.00000E+00   1.47847E-03   1.00000E+00   0.00000E+00   7.75157E+00   4.71465E-16            15   3.19204E-10   3.13950E+00
         983   1.17960E+02   1.20000E-01   7.72670E-02   6.54719E-04   1.05900E-03   0.00000E+00   1.63950E-03   1.00000E+00   0.00000E+00   7.75157E+00   4.77830E-16            15   3.22502E-10   3.13962E+00
         984   1.18080E+02   1.20000E-01   7.72670E-02   6.53199E-04   1.05657E-03   0.00000E+00   1.80129E-03   1.00000E+00   0.00000E+00   7.75157E+00   5.10882E-16            15   3.32228E-10   3.13974E+00
         985   1.18200E+02   1.20000E-01   7.72670E-02   6.51667E-04   1.05411E-03   0.00000E+00   1.96060E-03   1.00000E+00   0.00000E+00   7.75157E+00   5.72505E-16            15   3.64880E-10   3.13985E+00
         986   1.18320E+02   1.20000E-01   7.72670E-02   6.50122E-04   1.05164E-03   0.00000E+00   2.12173E-03   1.00000E+00   0.00000E+00   7.75157E+00   5.36653E-16            15   3.31995E-10   3.13997E+00
         987   1.18440E+02   1.20000E-01   7.72670E-02   6.48566E-04   1.04915E-03   0.00000E+00   2.28052E-03   1.00000E+00   0.00000E+00   7.75157E+00   5.59062E-16            15   3.66829E-10   3.14008E+00
         988   1.18560E+02   1.20000E-01   7.72670E-02   6.46997E-04   1.04663E-03   0.00000E+00   2.44099E-03   1.00000E+00   0.00000E+00   7.75157E+00   5.82226E-16            15   3.31596E-10   3.14020E+00
         989   1.18680E+02   1.20000E-01   7.72670E-02   6.45416E-04   1.04410E-03   0.00000E+00   2.59927E-03   1.00000E+00   0.00000E+00   7.75157E+00   5.32745E-16            15   3.62944E-10   3.14031E+00
         990   1.18800E+02   1.20000E-01   7.72670E-02   6.43823E-04   1.04154E-03   0.00000E+00   2.75908E-03   1.00000E+00   0.00000E+00   7.75157E+00   6.26793E-16            15   3.27575E-10   3.14043E+00
         991   1.18920E+02   1.20000E-01   7.72670E-02   6.42218E-04   1.03896E-03   0.00000E+00   2.91688E-03   1.00000E+00   0.00000E+00   7.75157E+00   4.70186E-16            15   3.49127E-10   3.14054E+00
         992   1.19040E+02   1.20000E-01   7.72670E-02   6.40602E-04   1.03637E-03   0.00000E+00   3.07535E-03   1.00000E+00   0.00000E+00   7.75157E+00   5.27380E-16            15   3.07109E-10   3.14066E+00
         993   1.19160E+02   1.20000E-01   7.72670E-02   6.38973E-04   1.03375E-03   0.00000E+00   3.23306E-03   1.00000E+00   0.00000E+00   7.75157E+00   5.13144E-16            15   2.96744E-10   3.14077E+00
         994   1.19280E+02   1.20000E-01   7.72670E-02   6.37333E-04   1.03111E-03   0.00000E+00   3.39066E-03   1.00000E+00   0.00000E+00   7.75157E+00   5.27271E-16            15   2.86842E-10   3.14088E+00
         995   1.19400E+02   1.20000E-01   7.72670E-02   6.35680E-04   1.02845E-03   0.00000E+00   3.54797E-03   1.00000E+00   0.00000E+00   7.75157E+00   4.42592E-16            15   2.33598E-10   3.14100E+00
         996   1.19520E+02   1.20000E-01   7.72670E-02   6.34016E-04   1.02578E-03   0.00000E+00   3.70634E-03   1.00000E+00   0.00000E+00   7.75157E+00   5.87291E-16            15   3.28599E-10   3.14111E+00
         997   1.19640E+02   1.20000E-01   7.72670E-02   6.32339E-04   1.02309E-03   0.00000E+00   3.86424E-03   1.00000E+00   0.00000E+00   7.75157E+00   6.54010E-16            15   3.52794E-10   3.14122E+00
         998   1.19760E+02   1.20000E-01   7.72670E-02   6.30648E-04   1.02040E-03   0.00000E+00   4.02176E-03   1.00000E+00   0.00000E+00   7.75157E+00   6.88485E-16            15   4.69314E-10   3.14134E+00
         999   1.19880E+02   1.20000E-01   7.72670E-02   6.28947E-04   1.01777E-03   0.00000E+00   4.17802E-03   1.00000E+00   0.00000E+00   7.75157E+00   7.47042E-16            15   5.19184E-10   3.14145E+00
        1000   1.20000E+02   1.20000E-01   7.72670E-02   6.27234E-04   1.01527E-03   0.00000E+00   4.38129E-03   1.00000E+00   0.00000E+00   7.75157E+00   6.27344E-16            16   2.20738E-10   3.14156E+00
        1001   1.20120E+02   1.20000E-01   7.72670E-02   6.25509E-04   1.01477E-03   0.00000E+00   4.59612E-03   1.00000E+00   0.00000E+00   7.75157E+00   6.50722E-16            16   2.50831E-10   3.14167E+00
        1002   1.20240E+02   1.20000E-01   7.72670E-02   6.23772E-04   1.01471E-03   0.00000E+00   4.76375E-03   1.00000E+00   0.00000E+00   7.75157E+00   2.31594E-15            15   9.31593E-10   3.14178E+00
        1003   1.20360E+02   1.20000E-01   7.72670E-02   6.22025E-04   1.01332E-03   0.00000E+00   4.92170E-03   1.00000E+00   0.00000E+00   7.75157E+00   1.49449E-15            15   7.02764E-10   3.14189E+00
        1004   1.20480E+02   1.20000E-01   7.72670E-02   6.20266E-04   1.01105E-03   0.00000E+00   5.07069E-03   1.00000E+00   0.00000E+00   7.75157E+00   1.32481E-15            15   6.07185E-10   3.14201E+00
        1005   1.20600E+02   1.20000E-01   7.72670E-02   6.18496E-04   1.00842E-03   0.00000E+00   5.22016E-03   1.00000E+00   0.00000E+00   7.75157E+00   9.26336E-16            15   4.13091E-10   3.14212E+00
        1006   1.20720E+02   1.20000E-01   7.72670E-02   6.16714E-04   1.00568E-03   0.00000E+00   5.36844E-03   1.00000E+00   0.00000E+00   7.75157E+00   6.85873E-16            15   3.67752E-10   3.14223E+00
        1007   1.20840E+02   1.20000E-01   7.72670E-02   6.14921E-04   1.00289E-03   0.00000E+00   5.51724E-03   1.00000E+00   0.00000E+00   7.75157E+00   6.09761E-16            15   3.10441E-10   3.14234E+00
        1008   1.20960E+02   1.20000E-01   7.72670E-02   6.13117E-04   1.00007E-03   0.00000E+00   5.66508E-03   1.00000E+00   0.00000E+00   7.75157E+00   5.49400E-16            15   3.69130E-10   3.14245E+00
        1009   1.21080E+02   1.20000E-01   7.72670E-02   6.11303E-04   9.97235E-04   0.00000E+00   5.81375E-03   1.00000E+00   0.00000E+00   7.75157E+00   6.90068E-16            15   4.49755E-10   3.14256E+00
        1010   1.21200E+02   1.20000E-01   7.72670E-02   6.09478E-04   9.94381E-04   0.00000E+00   5.96081E-03   1.00000E+00   0.00000E+00   7.75157E+00   5.59412E-16            15   3.58824E-10   3.14267E+00
        1011   1.21320E+02   1.20000E-01   7.72670E-02   6.07643E-04   9.91508E-04   0.00000E+00   6.10809E-03   1.00000E+00   0.00000E+00   7.75157E+00   6.44773E-16            15   3.92536E-10   3.14278E+00
        1012   1.21440E+02   1.20000E-01   7.72670E-02   6.05798E-04   9.88617E-04   0.00000E+00   6.25419E-03   1.00000E+00   0.00000E+00   7.75157E+00   5.59268E-16            15   3.61683E-10   3.14289E+00
        1013   1.21560E+02   1.20000E-01   7.72670E-02   6.03942E-04   9.85706E-04   0.00000E+00   6.40050E-03   1.00000E+00   0.00000E+00   7.75157E+00   6.17487E-16            15   3.91769E-10   3.14299E+00
        1014   1.21680E+02   1.20000E-01   7.72670E-02   6.02076E-04   9.82777E-04   0.00000E+00   6.54558E-03   1.00000E+00   0.00000E+00   7.75157E+00   5.40266E-16            15   3.61233E-10   3.14310E+00
        1015   1.21800E+02   1.20000E-01   7.72670E-02   6.00200E-04   9.79829E-04   0.00000E+00   6.69088E-03   1.00000E+00   0.00000E+00   7.75157E+00   5.85762E-16            15   3.87745E-10   3.14321E+00
        1016   1.21920E+02   1.20000E-01   7.72670E-02   5.98314E-04   9.76862E-04   0.00000E+00   6.83492E-03   1.00000E+00   0.00000E+00   7.75157E+00   5.20282E-16            15   3.59226E-10   3.14332E+00
        1017   1.22040E+02   1.20000E-01   7.72670E-02   5.96417E-04   9.73878E-04   0.00000E+00   6.97896E-03   1.00000E+00   0.00000E+00   7.75157E+00   5.46135E-16            15   3.16116E-10   3.14343E+00
        1018   1.22160E+02   1.20000E-01   7.72670E-02   5.94510E-04   9.70874E-04   0.00000E+00   7.12221E-03   1.00000E+00   0.00000E+00   7.75157E+00   4.83294E-16            15   3.16968E-10   3.14353E+00
        1019   1.22280E+02   1.20000E-01   7.72670E-02   5.92594E-04   9.67853E-04   0.00000E+00   7.26520E-03   1.00000E+00   0.00000E+00   7.75157E+00   5.20889E-16            15   3.13991E-10   3.14364E+00
        1020   1.22400E+02   1.20000E-01   7.72670E-02   5.90667E-04   9.64813E-04   0.00000E+00   7.40742E-03   1.00000E+00   0.00000E+00   7.75157E+00   4.66658E-16            15   3.13796E-10   3.14375E+00
        1021   1.22520E+02   1.20000E-01   7.72670E-02   5.88731E-04   9.61756E-04   0.00000E+00   7.54937E-03   1.00000E+00   0.00000E+00   7.75157E+00   4.95334E-16            15   3.10615E-10   3.14385E+00
        1022   1.22640E+02   1.20000E-01   7.72670E-02   5.86785E-04   9.58681E-04   0.00000E+00   7.69056E-03   1.00000E+00   0.00000E+00   7.75157E+00   4.84847E-16            15   3.09757E-10   3.14396E+00
        1023   1.22760E+02   1.20000E-01   7.72670E-02   5.84830E-04   9.55588E-04   0.00000E+00   7.83145E-03   1.00000E+00   0.00000E+00   7.75157E+00   4.70141E-16            15   3.06303E-10   3.14407E+00
        1024   1.22880E+02   1.20000E-01   7.72670E-02   5.82865E-04   9.52477E-04   0.00000E+00   7.97160E-03   1.00000E+00   0.00000E+00   7.75157E+00   5.03650E-16            15   3.04948E-10   3.14417E+00
        1025   1.23000E+02   1.20000E-01   7.72670E-02   5.80890E-04   9.49349E-04   0.00000E+00   8.11142E-03   1.00000E+00   0.00000E+00   7.75157E+00   4.45778E-16            15   3.01270E-10   3.14428E+00
        1026   1.23120E+02   1.20000E-01   7.72670E-02   5.78907E-04   9.46202E-04   0.00000E+00   8.25052E-03   1.00000E+00   0.00000E+00   7.75157E+00   5.22575E-16            15   2.99479E-10   3.14438E+00
        1027   1.23240E+02   1.20000E-01   7.72670E-02   5.76913E-04   9.43039E-04   0.00000E+00   8.38927E-03   1.00000E+00   0.00000E+00   7.75157E+00   4.35379E-16            15   2.95863E-10   3.14449E+00
        1028   1.23360E+02   1.20000E-01   7.72670E-02   5.74911E-04   9.39859E-04   0.00000E+00   8.52731E-03   1.00000E+00   0.00000E+00   7.75157E+00   5.39899E-16            15   2.93823E-10   3.14459E+00
        1029   1.23480E+02   1.20000E-01   7.72670E-02   5.72899E-04   9.36661E-04   0.00000E+00   8.66500E-03   1.00000E+00   0.00000E+00   7.75157E+00   4.40819E-16            15   2.90137E-10   3.14470E+00
        1030   1.23600E+02   1.20000E-01   7.72670E-02   5.70878E-04   9.33446E-04   0.00000E+00   8.80197E-03   1.00000E+00   0.00000E+00   7.75157E+00   5.55371E-16            15   2.88061E-10   3.14480E+00
        1031   1.23720E+02   1.20000E-01   7.72670E-02   5.68848E-04   9.30215E-04   0.00000E+00   8.93857E-03   1.00000E+00   0.00000E+00   7.75157E+00   4.61218E-16            15   2.84486E-10   3.14490E+00
        1032   1.23840E+02   1.20000E-01   7.72670E-02   5.66809E-04   9.26966E-04   0.00000E+00   9.07447E-03   1.00000E+00   0.00000E+00   7.75157E+00   5.68899E-16            15   2.82459E-10   3.14501E+00
        1033   1.23960E+02   1.20000E-01   7.72670E-02   5.64762E-04   9.23701E-04   0.00000E+00   9.20999E-03   1.00000E+00   0.00000E+00   7.75157E+00   4.84057E-16            15   2.79001E-10   3.14511E+00
        1034   1.24080E+02   1.20000E-01   7.72670E-02   5.62705E-04   9.20419E-04   0.00000E+00   9.34481E-03   1.00000E+00   0.00000E+00   7.75157E+00   5.80638E-16            15   2.77051E-10   3.14521E+00
        1035   1.24200E+02   1.20000E-01   7.72670E-02   5.60639E-04   9.17121E-04   0.00000E+00   9.47923E-03   1.00000E+00   0.00000E+00   7.75157E+00   5.04050E-16            15   2.73847E-10   3.14531E+00
        1036   1.24320E+02   1.20000E-01   7.72670E-02   5.58565E-04   9.13807E-04   0.00000E+00   9.61296E-03   1.00000E+00   0.00000E+00   7.75157E+00   5.90624E-16            15   2.72011E-10   3.14542E+00
        1037   1.24440E+02   1.20000E-01   7.72670E-02   5.56482E-04   9.10476E-04   0.00000E+00   9.74629E-03   1.00000E+00   0.00000E+00   7.75157E+00   5.21332E-16            15   2.69095E-10   3.14552E+00
        1038   1.24560E+02   1.20000E-01   7.72670E-02   5.54391E-04   9.07130E-04   0.00000E+00   9.87893E-03   1.00000E+00   0.00000E+00   7.75157E+00   5.98543E-16            15   2.67496E-10   3.14562E+00
        1039   1.24680E+02   1.20000E-01   7.72670E-02   5.52291E-04   9.03767E-04   0.00000E+00   1.00111E-02   1.00000E+00   0.00000E+00   7.75157E+00   5.35845E-16            15   2.64921E-10   3.14572E+00
        1040   1.24800E+02   1.20000E-01   7.72670E-02   5.50182E-04   9.00389E-04   0.00000E+00   1.01427E-02   1.00000E+00   0.00000E+00   7.75157E+00   6.04448E-16            15   2.63545E-10   3.14582E+00
        1041   1.24920E+02   1.20000E-01   7.72670E-02   5.48065E-04   8.96995E-04   0.00000E+00   1.02738E-02   1.00000E+00   0.00000E+00   7.75157E+00   5.47718E-16            15   2.61370E-10   3.14592E+00
        1042   1.25040E+02   1.20000E-01   7.72670E-02   5.45940E-04   8.93585E-04   0.00000E+00   1.04042E-02   1.00000E+00   0.00000E+00   7.75157E+00   6.08460E-16            15   2.60283E-10   3.14602E+00
        1043   1.25160E+02   1.20000E-01   7.72670E-02   5.43806E-04   8.90160E-04   0.00000E+00   1.05342E-02   1.00000E+00   0.00000E+00   7.75157E+00   5.57138E-16            15   2.58534E-10   3.14612E+00
        1044   1.25280E+02   1.20000E-01   7.72670E-02   5.41665E-04   8.86720E-04   0.00000E+00   1.06635E-02   1.00000E+00   0.00000E+00   7.75157E+00   6.10732E-16            15   2.57769E-10   3.14622E+00
        1045   1.25400E+02   1.20000E-01   7.72670E-02   5.39515E-04   8.83264E-04   0.00000E+00   1.07924E-02   1.00000E+00   0.00000E+00   7.75157E+00   5.64187E-16            15   2.56473E-10   3.14632E+00
        1046   1.25520E+02   1.20000E-01   7.72670E-02   5.37357E-04   8.79794E-04   0.00000E+00   1.09206E-02   1.00000E+00   0.00000E+00   7.75157E+00   6.11401E-16            15   2.56058E-10   3.14642E+00
        1047   1.25640E+02   1.20000E-01   7.72670E-02   5.35191E-04   8.76308E-04   0.00000E+00   1.10483E-02   1.00000E+00   0.00000E+00   7.75157E+00   5.69045E-16            15   2.55229E-10   3.14652E+00
        1048   1.25760E+02   1.20000E-01   7.72670E-02   5.33018E-04   8.72808E-04   0.00000E+00   1.11754E-02   1.00000E+00   0.00000E+00   7.75157E+00   2.17012E-15            14   9.72293E-10   3.14661E+00
        1049   1.25880E+02   1.20000E-01   7.72670E-02   5.30836E-04   8.69292E-04   0.00000E+00   1.13020E-02   1.00000E+00   0.00000E+00   7.75157E+00   5.71792E-16            15   2.54826E-10   3.14671E+00
        1050   1.26000E+02   1.20000E-01   7.72670E-02   5.28647E-04   8.65763E-04   0.00000E+00   1.14279E-02   1.00000E+00   0.00000E+00   7.75157E+00   6.08670E-16            15   2.55161E-10   3.14681E+00
        1051   1.26120E+02   1.20000E-01   7.72670E-02   5.26450E-04   8.62219E-04   0.00000E+00   1.15534E-02   1.00000E+00   0.00000E+00   7.75157E+00   5.73556E-16            15   2.55265E-10   3.14691E+00
        1052   1.26240E+02   1.20000E-01   7.72670E-02   5.24245E-04   8.58660E-04   0.00000E+00   1.16782E-02   1.00000E+00   0.00000E+00   7.75157E+00   6.05160E-16            15   2.55989E-10   3.14700E+00
        1053   1.26360E+02   1.20000E-01   7.72670E-02   5.22033E-04   8.55087E-04   0.00000E+00   1.18025E-02   1.00000E+00   0.00000E+00   7.75157E+00   5.72762E-16            15   2.56566E-10   3.14710E+00
        1054   1.26480E+02   1.20000E-01   7.72670E-02   5.19813E-04   8.51501E-04   0.00000E+00   1.19261E-02   1.00000E+00   0.00000E+00   7.75157E+00   6.00608E-16            15   2.57653E-10   3.14719E+00
        1055   1.26600E+02   1.20000E-01   7.72670E-02   5.17586E-04   8.47900E-04   0.00000E+00   1.20493E-02   1.00000E+00   0.00000E+00   7.75157E+00   5.70879E-16            15   2.58661E-10   3.14729E+00
        1056   1.26720E+02   1.20000E-01   7.72670E-02   5.15352E-04   8.44286E-04   0.00000E+00   1.21718E-02   1.00000E+00   0.00000E+00   7.75157E+00   5.95461E-16            15   2.60082E-10   3.14739E+00
        1057   1.26840E+02   1.20000E-01   7.72670E-02   5.13110E-04   8.40658E-04   0.00000E+00   1.22938E-02   1.00000E+00   0.00000E+00   7.75157E+00   5.67964E-16            15   2.61479E-10   3.14748E+00
        1058   1.26960E+02   1.20000E-01   7.72670E-02   5.10861E-04   8.37016E-04   0.00000E+00   1.24151E-02   1.00000E+00   0.00000E+00   7.75157E+00   5.88116E-16            15   2.63245E-10   3.14758E+00
        1059   1.27080E+02   1.20000E-01   7.72670E-02   5.08605E-04   8.33361E-04   0.00000E+00   1.25360E-02   1.00000E+00   0.00000E+00   7.75157E+00   5.62738E-16            15   2.65074E-10   3.14767E+00
        1060   1.27200E+02   1.20000E-01   7.72670E-02   5.06342E-04   8.29693E-04   0.00000E+00   1.26561E-02   1.00000E+00   0.00000E+00   7.75157E+00   5.80293E-16            15   2.67194E-10   3.14776E+00
        1061   1.27320E+02   1.20000E-01   7.72670E-02   5.04071E-04   8.26011E-04   0.00000E+00   1.27758E-02   1.00000E+00   0.00000E+00   7.75157E+00   5.56676E-16            15   2.69374E-10   3.14786E+00
        1062   1.27440E+02   1.20000E-01   7.72670E-02   5.01794E-04   8.22317E-04   0.00000E+00   1.28948E-02   1.00000E+00   0.00000E+00   7.75157E+00   5.71306E-16            15   2.71728E-10   3.14795E+00
        1063   1.27560E+02   1.20000E-01   7.72670E-02   4.99510E-04   8.18609E-04   0.00000E+00   1.30133E-02   1.00000E+00   0.00000E+00   7.75157E+00   5.50066E-16            15   2.74296E-10   3.14804E+00
        1064   1.27680E+02   1.20000E-01   7.72670E-02   4.97220E-04   8.14889E-04   0.00000E+00   1.31311E-02   1.00000E+00   0.00000E+00   7.75157E+00   5.62684E-16            15   2.76989E-10   3.14813E+00
        1065   1.27800E+02   1.20000E-01   7.72670E-02   4.94922E-04   8.11157E-04   0.00000E+00   1.32484E-02   1.00000E+00   0.00000E+00   7.75157E+00   5.42213E-16            15   2.79780E-10   3.14823E+00
        1066   1.27920E+02   1.20000E-01   7.72670E-02   4.92618E-04   8.07411E-04   0.00000E+00   1.33651E-02   1.00000E+00   0.00000E+00   7.75157E+00   5.52833E-16            15   2.82714E-10   3.14832E+00
        1067   1.28040E+02   1.20000E-01   7.72670E-02   4.90307E-04   8.03654E-04   0.00000E+00   1.34812E-02   1.00000E+00   0.00000E+00   7.75157E+00   5.33711E-16            15   2.85757E-10   3.14841E+00
        1068   1.28160E+02   1.20000E-01   7.72670E-02   4.87990E-04   7.99884E-04   0.00000E+00   1.35966E-02   1.00000E+00   0.00000E+00   7.75157E+00   5.42262E-16            15   2.88906E-10   3.14850E+00
        1069   1.28280E+02   1.20000E-01   7.72670E-02   4.85666E-04   7.96102E-04   0.00000E+00   1.37116E-02   1.00000E+00   0.00000E+00   7.75157E+00   5.24401E-16            15   2.92168E-10   3.14859E+00
        1070   1.28400E+02   1.20000E-01   7.72670E-02   4.83336E-04   7.92308E-04   0.00000E+00   1.38258E-02   1.00000E+00   0.00000E+00   7.75157E+00   5.31320E-16            15   2.95505E-10   3.14868E+00
        1071   1.28520E+02   1.20000E-01   7.72670E-02   4.81000E-04   7.88502E-04   0.00000E+00   1.39396E-02   1.00000E+00   0.00000E+00   7.75157E+00   5.14459E-16            15   2.98955E-10   3.14877E+00
        1072   1.28640E+02   1.20000E-01   7.72670E-02   4.78658E-04   7.84685E-04   0.00000E+00   1.40526E-02   1.00000E+00   0.00000E+00   7.75157E+00   5.19787E-16            15   3.02454E-10   3.14886E+00
        1073   1.28760E+02   1.20000E-01   7.72670E-02   4.76309E-04   7.80855E-04   0.00000E+00   1.41652E-02   1.00000E+00   0.00000E+00   7.75157E+00   5.04027E-16            15   3.06062E-10   3.14895E+00
        1074   1.28880E+02   1.20000E-01   7.72670E-02   4.73954E-04   7.77015E-04   0.00000E+00   1.42770E-02   1.00000E+00   0.00000E+00   7.75157E+00   5.07924E-16            15   3.09697E-10   3.14904E+00
        1075   1.29000E+02   1.20000E-01   7.72670E-02   4.71593E-04   7.73163E-04   0.00000E+00   1.43884E-02   1.00000E+00   0.00000E+00   7.75157E+00   4.92949E-16            15   3.13437E-10   3.14913E+00
        1076   1.29120E+02   1.20000E-01   7.72670E-02   4.69227E-04   7.69300E-04   0.00000E+00   1.44990E-02   1.00000E+00   0.00000E+00   7.75157E+00   4.95594E-16            15   3.17186E-10   3.14921E+00
        1077   1.29240E+02   1.20000E-01   7.72670E-02   4.66854E-04   7.65425E-04   0.00000E+00   1.46091E-02   1.00000E+00   0.00000E+00   7.75157E+00   4.81317E-16            15   3.21033E-10   3.14930E+00
        1078   1.29360E+02   1.20000E-01   7.72670E-02   4.64475E-04   7.61540E-04   0.00000E+00   1.47186E-02   1.00000E+00   0.00000E+00   7.75157E+00   4.82810E-16            15   3.24876E-10   3.14939E+00
        1079   1.29480E+02   1.20000E-01   7.72670E-02   4.62091E-04   7.57644E-04   0.00000E+00   1.48275E-02   1.00000E+00   0.00000E+00   7.75157E+00   4.77475E-16            15   3.28807E-10   3.14947E+00
        1080   1.29600E+02   1.20000E-01   7.72670E-02   4.59702E-04   7.53737E-04   0.00000E+00   1.49357E-02   1.00000E+00   0.00000E+00   7.75157E+00   4.78304E-16            15   3.32725E-10   3.14956E+00
        1081   1.29720E+02   1.20000E-01   7.72670E-02   4.57306E-04   7.49820E-04   0.00000E+00   1.50434E-02   1.00000E+00   0.00000E+00   7.75157E+00   4.80381E-16            15   3.36722E-10   3.14965E+00
        1082   1.29840E+02   1.20000E-01   7.72670E-02   4.54905E-04   7.45892E-04   0.00000E+00   1.51504E-02   1.00000E+00   0.00000E+00   7.75157E+00   4.81068E-16            15   3.40696E-10   3.14973E+00
        1083   1.29960E+02   1.20000E-01   7.72670E-02   4.52499E-04   7.41954E-04   0.00000E+00   1.52569E-02   1.00000E+00   0.00000E+00   7.75157E+00   4.83021E-16            15   3.44741E-10   3.14982E+00
        1084   1.30080E+02   1.20000E-01   7.72670E-02   4.50087E-04   7.38005E-04   0.00000E+00   1.53627E-02   1.00000E+00   0.00000E+00   7.75157E+00   4.83778E-16            15   3.48756E-10   3.14990E+00
        1085   1.30200E+02   1.20000E-01   7.72670E-02   4.47670E-04   7.34047E-04   0.00000E+00   1.54679E-02   1.00000E+00   0.00000E+00   7.75157E+00   4.85602E-16            15   3.52833E-10   3.14999E+00
        1086   1.30320E+02   1.20000E-01   7.72670E-02   4.45247E-04   7.30079E-04   0.00000E+00   1.55725E-02   1.00000E+00   0.00000E+00   7.75157E+00   4.85989E-16            15   3.56877E-10   3.15007E+00
        1087   1.30440E+02   1.20000E-01   7.72670E-02   4.42820E-04   7.26100E-04   0.00000E+00   1.56765E-02   1.00000E+00   0.00000E+00   7.75157E+00   4.87726E-16            15   3.60973E-10   3.15015E+00
        1088   1.30560E+02   1.20000E-01   7.72670E-02   4.40387E-04   7.22112E-04   0.00000E+00   1.57798E-02   1.00000E+00   0.00000E+00   7.75157E+00   4.88433E-16            15   3.65033E-10   3.15024E+00
        1089   1.30680E+02   1.20000E-01   7.72670E-02   4.37950E-04   7.18115E-04   0.00000E+00   1.58825E-02   1.00000E+00   0.00000E+00   7.75157E+00   4.90001E-16            15   3.69136E-10   3.15032E+00
        1090   1.30800E+02   1.20000E-01   7.72670E-02   4.35507E-04   7.14108E-04   0.00000E+00   1.59846E-02   1.00000E+00   0.00000E+00   7.75157E+00   4.90766E-16            15   3.72513E-10   3.15040E+00
        1091   1.30920E+02   1.20000E-01   7.72670E-02   4.33059E-04   7.10091E-04   0.00000E+00   1.60861E-02   1.00000E+00   0.00000E+00   7.75157E+00   4.92620E-16            15   3.76769E-10   3.15048E+00
        1092   1.31040E+02   1.20000E-01   7.72670E-02   4.30607E-04   7.06066E-04   0.00000E+00   1.61870E-02   1.00000E+00   0.00000E+00   7.75157E+00   4.93153E-16            15   3.80906E-10   3.15057E+00
        1093   1.31160E+02   1.20000E-01   7.72670E-02   4.28150E-04   7.02031E-04   0.00000E+00   1.62872E-02   1.00000E+00   0.00000E+00   7.75157E+00   4.94723E-16            15   3.85059E-10   3.15065E+00
        1094   1.31280E+02   1.20000E-01   7.72670E-02   4.25688E-04   6.97988E-04   0.00000E+00   1.63868E-02   1.00000E+00   0.00000E+00   7.75157E+00   4.95273E-16            15   3.89178E-10   3.15073E+00
        1095   1.31400E+02   1.20000E-01   7.72670E-02   4.23221E-04   6.93935E-04   0.00000E+00   1.64858E-02   1.00000E+00   0.00000E+00   7.75157E+00   4.96716E-16            15   3.93300E-10   3.15081E+00
        1096   1.31520E+02   1.20000E-01   7.72670E-02   4.20750E-04   6.89874E-04   0.00000E+00   1.65842E-02   1.00000E+00   0.00000E+00   7.75157E+00   4.97230E-16            15   3.97388E-10   3.15089E+00
        1097   1.31640E+02   1.20000E-01   7.72670E-02   4.18274E-04   6.85804E-04   0.00000E+00   1.66819E-02   1.00000E+00   0.00000E+00   7.75157E+00   4.98701E-16            15   4.01476E-10   3.15097E+00
        1098   1.31760E+02   1.20000E-01   7.72670E-02   4.15794E-04   6.81726E-04   0.00000E+00   1.67790E-02   1.00000E+00   0.00000E+00   7.75157E+00   4.99085E-16            15   4.05531E-10   3.15105E+00
        1099   1.31880E+02   1.20000E-01   7.72670E-02   4.13309E-04   6.77640E-04   0.00000E+00   1.68755E-02   1.00000E+00   0.00000E+00   7.75157E+00   5.00506E-16            15   4.09581E-10   3.15112E+00
        1100   1.32000E+02   1.20000E-01   7.72670E-02   4.10821E-04   6.73545E-04   0.00000E+00   1.69714E-02   1.00000E+00   0.00000E+00   7.75157E+00   5.00939E-16            15   4.13599E-10   3.15120E+00
        1101   1.32120E+02   1.20000E-01   7.72670E-02   4.08327E-04   6.69442E-04   0.00000E+00   1.70666E-02   1.00000E+00   0.00000E+00   7.75157E+00   5.02196E-16            15   4.17608E-10   3.15128E+00
        1102   1.32240E+02   1.20000E-01   7.72670E-02   4.05830E-04   6.65331E-04   0.00000E+00   1.71612E-02   1.00000E+00   0.00000E+00   7.75157E+00   5.02497E-16            15   4.21584E-10   3.15136E+00
        1103   1.32360E+02   1.20000E-01   7.72670E-02   4.03329E-04   6.61213E-04   0.00000E+00   1.72552E-02   1.00000E+00   0.00000E+00   7.75157E+00   5.03691E-16            15   4.25549E-10   3.15144E+00
        1104   1.32480E+02   1.20000E-01   7.72670E-02   4.00823E-04   6.57086E-04   0.00000E+00   1.73485E-02   1.00000E+00   0.00000E+00   7.75157E+00   5.04048E-16            15   4.29480E-10   3.15151E+00
        1105   1.32600E+02   1.20000E-01   7.72670E-02   3.98314E-04   6.52952E-04   0.00000E+00   1.74413E-02   1.00000E+00   0.00000E+00   7.75157E+00   5.05173E-16            15   4.33398E-10   3.15159E+00
        1106   1.32720E+02   1.20000E-01   7.72670E-02   3.95801E-04   6.48811E-04   0.00000E+00   1.75333E-02   1.00000E+00   0.00000E+00   7.75157E+00   5.05631E-16            15   4.37282E-10   3.15166E+00
        1107   1.32840E+02   1.20000E-01   7.72670E-02   3.93283E-04   6.44662E-04   0.00000E+00   1.76248E-02   1.00000E+00   0.00000E+00   7.75157E+00   5.06629E-16            15   4.41151E-10   3.15174E+00
        1108   1.32960E+02   1.20000E-01   7.72670E-02   3.90763E-04   6.40506E-04   0.00000E+00   1.77156E-02   1.00000E+00   0.00000E+00   7.75157E+00   5.06772E-16            15   4.44985E-10   3.15181E+00
        1109   1.33080E+02   1.20000E-01   7.72670E-02   3.88238E-04   6.36342E-04   0.00000E+00   1.78057E-02   1.00000E+00   0.00000E+00   7.75157E+00   5.07883E-16            15   4.48803E-10   3.15189E+00
        1110   1.33200E+02   1.20000E-01   7.72670E-02   3.85710E-04   6.32172E-04   0.00000E+00   1.78953E-02   1.00000E+00   0.00000E+00   7.75157E+00   5.08094E-16            15   4.52586E-10   3.15196E+00
        1111   1.33320E+02   1.20000E-01   7.72670E-02   3.83178E-04   6.27995E-04   0.00000E+00   1.79842E-02   1.00000E+00   0.00000E+00   7.75157E+00   5.08934E-16            15   4.56352E-10   3.15204E+00
        1112   1.33440E+02   1.20000E-01   7.72670E-02   3.80643E-04   6.23811E-04   0.00000E+00   1.80724E-02   1.00000E+00   0.00000E+00   7.75157E+00   5.09109E-16            15   4.60083E-10   3.15211E+00
        1113   1.33560E+02   1.20000E-01   7.72670E-02   3.78104E-04   6.19620E-04   0.00000E+00   1.81601E-02   1.00000E+00   0.00000E+00   7.75157E+00   5.10009E-16            15   4.63796E-10   3.15218E+00
        1114   1.33680E+02   1.20000E-01   7.72670E-02   3.75562E-04   6.15423E-04   0.00000E+00   1.82471E-02   1.00000E+00   0.00000E+00   7.75157E+00   5.10045E-16            15   4.67473E-10   3.15225E+00
        1115   1.33800E+02   1.20000E-01   7.72670E-02   3.73017E-04   6.11219E-04   0.00000E+00   1.83334E-02   1.00000E+00   0.00000E+00   7.75157E+00   5.10935E-16            15   4.71106E-10   3.15233E+00
        1116   1.33920E+02   1.20000E-01   7.72670E-02   3.70469E-04   6.07009E-04   0.00000E+00   1.84191E-02   1.00000E+00   0.00000E+00   7.75157E+00   5.10914E-16            15   4.74778E-10   3.15240E+00
        1117   1.34040E+02   1.20000E-01   7.72670E-02   3.67917E-04   6.02793E-04   0.00000E+00   1.85042E-02   1.00000E+00   0.00000E+00   7.75157E+00   5.11700E-16            15   4.78323E-10   3.15247E+00
        1118   1.34160E+02   1.20000E-01   7.72670E-02   3.65362E-04   5.98571E-04   0.00000E+00   1.85886E-02   1.00000E+00   0.00000E+00   7.75157E+00   5.11691E-16            15   4.81921E-10   3.15254E+00
        1119   1.34280E+02   1.20000E-01   7.72670E-02   3.62805E-04   5.94343E-04   0.00000E+00   1.86724E-02   1.00000E+00   0.00000E+00   7.75157E+00   5.12472E-16            15   4.85465E-10   3.15261E+00
        1120   1.34400E+02   1.20000E-01   7.72670E-02   3.60244E-04   5.90108E-04   0.00000E+00   1.87556E-02   1.00000E+00   0.00000E+00   7.75157E+00   5.12389E-16            15   4.88979E-10   3.15268E+00
        1121   1.34520E+02   1.20000E-01   7.72670E-02   3.57681E-04   5.85869E-04   0.00000E+00   1.88381E-02   1.00000E+00   0.00000E+00   7.75157E+00   5.13052E-16            15   4.92481E-10   3.15275E+00
        1122   1.34640E+02   1.20000E-01   7.72670E-02   3.55115E-04   5.81623E-04   0.00000E+00   1.89199E-02   1.00000E+00   0.00000E+00   7.75157E+00   5.13057E-16            15   4.95953E-10   3.15282E+00
        1123   1.34760E+02   1.20000E-01   7.72670E-02   3.52788E-04   5.77372E-04   0.00000E+00   1.90012E-02   1.00000E+00   0.00000E+00   7.75157E+00   5.13439E-16            15   4.99416E-10   3.15289E+00
        1124   1.34880E+02   1.20000E-01   7.72670E-02   3.50459E-04   5.73116E-04   0.00000E+00   1.90817E-02   1.00000E+00   0.00000E+00   7.75157E+00   5.13367E-16            15   5.02807E-10   3.15296E+00
        1125   1.35000E+02   1.20000E-01   7.72670E-02   3.48128E-04   5.68854E-04   0.00000E+00   1.91617E-02   1.00000E+00   0.00000E+00   7.75157E+00   5.13669E-16            15   5.06250E-10   3.15302E+00
        1126   1.35120E+02   1.20000E-01   7.72670E-02   3.45793E-04   5.65033E-04   0.00000E+00   1.92410E-02   1.00000E+00   0.00000E+00   7.75157E+00   5.13599E-16            15   5.09579E-10   3.15309E+00
        1127   1.35240E+02   1.20000E-01   7.72670E-02   3.43454E-04   5.61344E-04   0.00000E+00   1.93196E-02   1.00000E+00   0.00000E+00   7.75157E+00   5.13852E-16            15   5.12934E-10   3.15316E+00
        1128   1.35360E+02   1.20000E-01   7.72670E-02   3.41112E-04   5.57649E-04   0.00000E+00   1.93976E-02   1.00000E+00   0.00000E+00   7.75157E+00   5.13732E-16            15   5.16246E-10   3.15322E+00
        1129   1.35480E+02   1.20000E-01   7.72670E-02   3.38767E-04   5.53947E-04   0.00000E+00   1.94750E-02   1.00000E+00   0.00000E+00   7.75157E+00   5.14096E-16            15   5.19545E-10   3.15329E+00
        1130   1.35600E+02   1.20000E-01   7.72670E-02   3.36419E-04   5.50239E-04   0.00000E+00   1.95517E-02   1.00000E+00   0.00000E+00   7.75157E+00   5.15683E-16            15   5.22809E-10   3.15336E+00
        1131   1.35720E+02   1.20000E-01   7.72670E-02   3.34067E-04   5.46524E-04   0.00000E+00   1.96278E-02   1.00000E+00   0.00000E+00   7.75157E+00   5.17284E-16            15   5.26060E-10   3.15342E+00
        1132   1.35840E+02   1.20000E-01   7.72670E-02   3.31712E-04   5.42803E-04   0.00000E+00   1.97032E-02   1.00000E+00   0.00000E+00   7.75157E+00   5.18784E-16            15   5.29277E-10   3.15348E+00
        1133   1.35960E+02   1.20000E-01   7.72670E-02   3.29355E-04   5.39076E-04   0.00000E+00   1.97779E-02   1.00000E+00   0.00000E+00   7.75157E+00   5.20230E-16            15   5.32482E-10   3.15355E+00
        1134   1.36080E+02   1.20000E-01   7.72670E-02   3.26994E-04   5.35344E-04   0.00000E+00   1.98521E-02   1.00000E+00   0.00000E+00   7.75157E+00   5.21442E-16            15   5.35652E-10   3.15361E+00
        1135   1.36200E+02   1.20000E-01   7.72670E-02   3.24631E-04   5.31605E-04   0.00000E+00   1.99256E-02   1.00000E+00   0.00000E+00   7.75157E+00   5.22788E-16            15   5.38813E-10   3.15368E+00
        1136   1.36320E+02   1.20000E-01   7.72670E-02   3.22264E-04   5.27860E-04   0.00000E+00   1.99984E-02   1.00000E+00   0.00000E+00   7.75157E+00   5.23624E-16            15   5.41939E-10   3.15374E+00
        1137   1.36440E+02   1.20000E-01   7.72670E-02   3.19895E-04   5.24110E-04   0.00000E+00   2.00706E-02   1.00000E+00   0.00000E+00   7.75157E+00   5.24880E-16            15   5.45056E-10   3.15380E+00
        1138   1.36560E+02   1.20000E-01   7.72670E-02   3.17524E-04   5.20354E-04   0.00000E+00   2.01421E-02   1.00000E+00   0.00000E+00   7.75157E+00   5.25636E-16            15   5.48140E-10   3.15386E+00
        1139   1.36680E+02   1.20000E-01   7.72670E-02   3.15149E-04   5.16593E-04   0.00000E+00   2.02130E-02   1.00000E+00   0.00000E+00   7.75157E+00   5.26611E-16            15   5.51215E-10   3.15392E+00
        1140   1.36800E+02   1.20000E-01   7.72670E-02   3.12772E-04   5.12827E-04   0.00000E+00   2.02832E-02   1.00000E+00   0.00000E+00   7.75157E+00   5.27404E-16            15   5.54257E-10   3.15399E+00
        1141   1.36920E+02   1.20000E-01   7.72670E-02   3.10393E-04   5.09055E-04   0.00000E+00   2.03528E-02   1.00000E+00   0.00000E+00   7.75157E+00   5.27995E-16            15   5.57293E-10   3.15405E+00
        1142   1.37040E+02   1.20000E-01   7.72670E-02   3.08011E-04   5.05278E-04   0.00000E+00   2.04218E-02   1.00000E+00   0.00000E+00   7.75157E+00   5.28630E-16            15   5.60296E-10   3.15411E+00
        1143   1.37160E+02   1.20000E-01   7.72670E-02   3.05627E-04   5.01496E-04   0.00000E+00   2.04901E-02   1.00000E+00   0.00000E+00   7.75157E+00   5.29163E-16            15   5.63293E-10   3.15417E+00
        1144   1.37280E+02   1.20000E-01   7.72670E-02   3.03240E-04   4.97709E-04   0.00000E+00   2.05577E-02   1.00000E+00   0.00000E+00   7.75157E+00   5.29607E-16            15   5.66258E-10   3.15423E+00
        1145   1.37400E+02   1.20000E-01   7.72670E-02   3.00851E-04   4.93918E-04   0.00000E+00   2.06247E-02   1.00000E+00   0.00000E+00   7.75157E+00   5.29864E-16            15   5.69219E-10   3.15428E+00
        1146   1.37520E+02   1.20000E-01   7.72670E-02   2.98460E-04   4.90122E-04   0.00000E+00   2.06911E-02   1.00000E+00   0.00000E+00   7.75157E+00   5.30030E-16            15   5.72149E-10   3.15434E+00
        1147   1.37640E+02   1.20000E-01   7.72670E-02   2.96067E-04   4.86321E-04   0.00000E+00   2.07568E-02   1.00000E+00   0.00000E+00   7.75157E+00   5.30290E-16            15   5.75074E-10   3.15440E+00
        1148   1.37760E+02   1.20000E-01   7.72670E-02   2.93672E-04   4.82516E-04   0.00000E+00   2.08219E-02   1.00000E+00   0.00000E+00   7.75157E+00   5.30529E-16            15   5.77970E-10   3.15446E+00
        1149   1.37880E+02   1.20000E-01   7.72670E-02   2.91789E-04   4.78707E-04   0.00000E+00   2.08863E-02   1.00000E+00   0.00000E+00   7.75157E+00   5.30460E-16            15   5.80862E-10   3.15452E+00
        1150   1.38000E+02   1.20000E-01   7.72670E-02   2.90174E-04   4.74893E-04   0.00000E+00   2.09500E-02   1.00000E+00   0.00000E+00   7.75157E+00   5.30390E-16            15   5.83726E-10   3.15457E+00
        1151   1.38120E+02   1.20000E-01   7.72670E-02   2.88555E-04   4.71075E-04   0.00000E+00   2.10131E-02   1.00000E+00   0.00000E+00   7.75157E+00   5.30472E-16            15   5.86587E-10   3.15463E+00
        1152   1.38240E+02   1.20000E-01   7.72670E-02   2.86933E-04   4.67253E-04   0.00000E+00   2.10756E-02   1.00000E+00   0.00000E+00   7.75157E+00   5.30128E-16            15   5.89420E-10   3.15468E+00
        1153   1.38360E+02   1.20000E-01   7.72670E-02   2.85308E-04   4.63428E-04   0.00000E+00   2.11374E-02   1.00000E+00   0.00000E+00   7.75157E+00   5.30036E-16            15   5.92251E-10   3.15474E+00
        1154   1.38480E+02   1.20000E-01   7.72670E-02   2.83679E-04   4.59598E-04   0.00000E+00   2.11986E-02   1.00000E+00   0.00000E+00   7.75157E+00   5.29511E-16            15   5.95055E-10   3.15479E+00
        1155   1.38600E+02   1.20000E-01   7.72670E-02   2.82047E-04   4.55765E-04   0.00000E+00   2.12591E-02   1.00000E+00   0.00000E+00   7.75157E+00   5.29387E-16            15   5.97859E-10   3.15485E+00
        1156   1.38720E+02   1.20000E-01   7.72670E-02   2.80412E-04   4.51928E-04   0.00000E+00   2.13190E-02   1.00000E+00   0.00000E+00   7.75157E+00   5.28854E-16            15   6.00636E-10   3.15490E+00
        1157   1.38840E+02   1.20000E-01   7.72670E-02   2.78773E-04   4.48088E-04   0.00000E+00   2.13782E-02   1.00000E+00   0.00000E+00   7.75157E+00   5.28334E-16            15   6.03414E-10   3.15496E+00
        1158   1.38960E+02   1.20000E-01   7.72670E-02   2.77132E-04   4.44245E-04   0.00000E+00   2.14368E-02   1.00000E+00   0.00000E+00   7.75157E+00   5.27654E-16            15   6.06166E-10   3.15501E+00
        1159   1.39080E+02   1.20000E-01   7.72670E-02   2.75487E-04   4.40398E-04   0.00000E+00   2.14947E-02   1.00000E+00   0.00000E+00   7.75157E+00   5.27143E-16            15   6.08919E-10   3.15506E+00
        1160   1.39200E+02   1.20000E-01   7.72670E-02   2.73839E-04   4.36548E-04   0.00000E+00   2.15520E-02   1.00000E+00   0.00000E+00   7.75157E+00   5.26570E-16            15   6.11647E-10   3.15511E+00
        1161   1.39320E+02   1.20000E-01   7.72670E-02   2.72188E-04   4.32695E-04   0.00000E+00   2.16086E-02   1.00000E+00   0.00000E+00   7.75157E+00   5.25729E-16            15   6.14378E-10   3.15517E+00
        1162   1.39440E+02   1.20000E-01   7.72670E-02   2.70534E-04   4.28839E-04   0.00000E+00   2.16646E-02   1.00000E+00   0.00000E+00   7.75157E+00   5.24825E-16            15   6.17084E-10   3.15522E+00
        1163   1.39560E+02   1.20000E-01   7.72670E-02   2.68877E-04   4.24981E-04   0.00000E+00   2.17200E-02   1.00000E+00   0.00000E+00   7.75157E+00   5.23966E-16            15   6.19794E-10   3.15527E+00
        1164   1.39680E+02   1.20000E-01   7.72670E-02   2.67218E-04   4.21119E-04   0.00000E+00   2.17746E-02   1.00000E+00   0.00000E+00   7.75157E+00   5.23023E-16            15   6.22480E-10   3.15532E+00
        1165   1.39800E+02   1.20000E-01   7.72670E-02   2.65555E-04   4.17255E-04   0.00000E+00   2.18287E-02   1.00000E+00   0.00000E+00   7.75157E+00   5.22163E-16            15   6.25170E-10   3.15537E+00
        1166   1.39920E+02   1.20000E-01   7.72670E-02   2.63890E-04   4.13389E-04   0.00000E+00   2.18821E-02   1.00000E+00   0.00000E+00   7.75157E+00   5.21262E-16            15   6.27838E-10   3.15542E+00
        1167   1.40040E+02   1.20000E-01   7.72670E-02   2.62222E-04   4.09716E-04   0.00000E+00   2.19348E-02   1.00000E+00   0.00000E+00   7.75157E+00   5.20094E-16            15   6.30510E-10   3.15547E+00
        1168   1.40160E+02   1.20000E-01   7.72670E-02   2.60551E-04   4.06143E-04   0.00000E+00   2.19870E-02   1.00000E+00   0.00000E+00   7.75157E+00   5.18896E-16            15   6.33160E-10   3.15551E+00
        1169   1.40280E+02   1.20000E-01   7.72670E-02   2.58878E-04   4.02567E-04   0.00000E+00   2.20384E-02   1.00000E+00   0.00000E+00   7.75157E+00   5.17720E-16            15   6.35816E-10   3.15556E+00
        1170   1.40400E+02   1.20000E-01   7.72670E-02   2.57202E-04   3.98990E-04   0.00000E+00   2.20892E-02   1.00000E+00   0.00000E+00   7.75157E+00   5.16260E-16            15   6.38451E-10   3.15561E+00
        1171   1.40520E+02   1.20000E-01   7.72670E-02   2.55523E-04   3.95410E-04   0.00000E+00   2.21394E-02   1.00000E+00   0.00000E+00   7.75157E+00   5.15193E-16            15   6.41091E-10   3.15566E+00
        1172   1.40640E+02   1.20000E-01   7.72670E-02   2.53842E-04   3.91829E-04   0.00000E+00   2.21889E-02   1.00000E+00   0.00000E+00   7.75157E+00   5.13654E-16            15   6.43730E-10   3.15570E+00
        1173   1.40760E+02   1.20000E-01   7.72670E-02   2.52159E-04   3.88246E-04   0.00000E+00   2.22378E-02   1.00000E+00   0.00000E+00   7.75157E+00   5.12596E-16            15   6.46284E-10   3.15575E+00
        1174   1.40880E+02   1.20000E-01   7.72670E-02   2.50473E-04   3.84662E-04   0.00000E+00   2.22861E-02   1.00000E+00   0.00000E+00   7.75157E+00   5.11016E-16            15   6.48993E-10   3.15580E+00
        1175   1.41000E+02   1.20000E-01   7.72670E-02   2.48785E-04   3.81076E-04   0.00000E+00   2.23337E-02   1.00000E+00   0.00000E+00   7.75157E+00   5.09355E-16            15   6.51530E-10   3.15584E+00
        1176   1.41120E+02   1.20000E-01   7.72670E-02   2.47094E-04   3.77489E-04   0.00000E+00   2.23806E-02   1.00000E+00   0.00000E+00   7.75157E+00   5.07954E-16            15   6.54194E-10   3.15589E+00
        1177   1.41240E+02   1.20000E-01   7.72670E-02   2.45401E-04   3.73901E-04   0.00000E+00   2.24269E-02   1.00000E+00   0.00000E+00   7.75157E+00   5.06121E-16            15   6.56745E-10   3.15593E+00
        1178   1.41360E+02   1.20000E-01   7.72670E-02   2.43706E-04   3.70311E-04   0.00000E+00   2.24726E-02   1.00000E+00   0.00000E+00   7.75157E+00   5.04756E-16            15   6.59307E-10   3.15597E+00
        1179   1.41480E+02   1.20000E-01   7.72670E-02   2.42009E-04   3.66720E-04   0.00000E+00   2.25176E-02   1.00000E+00   0.00000E+00   7.75157E+00   5.03028E-16            15   6.61879E-10   3.15602E+00
        1180   1.41600E+02   1.20000E-01   7.72670E-02   2.40310E-04   3.63128E-04   0.00000E+00   2.25620E-02   1.00000E+00   0.00000E+00   7.75157E+00   5.02036E-16            15   6.64376E-10   3.15606E+00
        1181   1.41720E+02   1.20000E-01   7.72670E-02   2.38608E-04   3.59536E-04   0.00000E+00   2.26057E-02   1.00000E+00   0.00000E+00   7.75157E+00   5.00353E-16            15   6.66974E-10   3.15610E+00
        1182   1.41840E+02   1.20000E-01   7.72670E-02   2.36905E-04   3.55942E-04   0.00000E+00   2.26488E-02   1.00000E+00   0.00000E+00   7.75157E+00   4.98565E-16            15   6.69547E-10   3.15615E+00
        1183   1.41960E+02   1.20000E-01   7.72670E-02   2.35199E-04   3.52348E-04   0.00000E+00   2.26912E-02   1.00000E+00   0.00000E+00   7.75157E+00   4.97196E-16            15   6.72126E-10   3.15619E+00
        1184   1.42080E+02   1.20000E-01   7.72670E-02   2.33492E-04   3.48753E-04   0.00000E+00   2.27331E-02   1.00000E+00   0.00000E+00   7.75157E+00   5.02814E-16            15   6.83100E-10   3.15623E+00
        1185   1.42200E+02   1.20000E-01   7.72670E-02   2.31782E-04   3.45158E-04   0.00000E+00   2.27742E-02   1.00000E+00   0.00000E+00   7.75157E+00   4.85936E-16            15   6.68237E-10   3.15627E+00
        1186   1.42320E+02   1.20000E-01   7.72670E-02   2.30071E-04   3.41562E-04   0.00000E+00   2.28147E-02   1.00000E+00   0.00000E+00   7.75157E+00   4.92612E-16            15   6.80245E-10   3.15631E+00
        1187   1.42440E+02   1.20000E-01   7.72670E-02   2.28358E-04   3.37965E-04   0.00000E+00   2.28546E-02   1.00000E+00   0.00000E+00   7.75157E+00   4.90680E-16            15   6.83173E-10   3.15635E+00
        1188   1.42560E+02   1.20000E-01   7.72670E-02   2.26644E-04   3.34369E-04   0.00000E+00   2.28939E-02   1.00000E+00   0.00000E+00   7.75157E+00   4.88214E-16            15   6.85979E-10   3.15639E+00
        1189   1.42680E+02   1.20000E-01   7.72670E-02   2.24927E-04   3.30772E-04   0.00000E+00   2.29325E-02   1.00000E+00   0.00000E+00   7.75157E+00   4.84940E-16            15   6.87519E-10   3.15643E+00
        1190   1.42800E+02   1.20000E-01   7.72670E-02   2.23209E-04   3.27175E-04   0.00000E+00   2.29705E-02   1.00000E+00   0.00000E+00   7.75157E+00   4.82739E-16            15   6.90035E-10   3.15647E+00
        1191   1.42920E+02   1.20000E-01   7.72670E-02   2.21489E-04   3.23578E-04   0.00000E+00   2.30078E-02   1.00000E+00   0.00000E+00   7.75157E+00   4.80558E-16            15   6.92604E-10   3.15650E+00
        1192   1.43040E+02   1.20000E-01   7.72670E-02   2.19768E-04   3.19981E-04   0.00000E+00   2.30446E-02   1.00000E+00   0.00000E+00   7.75157E+00   4.78287E-16            15   6.95147E-10   3.15654E+00
        1193   1.43160E+02   1.20000E-01   7.72670E-02   2.18045E-04   3.16384E-04   0.00000E+00   2.30806E-02   1.00000E+00   0.00000E+00   7.75157E+00   4.75980E-16            15   6.97685E-10   3.15658E+00
        1194   1.43280E+02   1.20000E-01   7.72670E-02   2.16321E-04   3.12787E-04   0.00000E+00   2.31161E-02   1.00000E+00   0.00000E+00   7.75157E+00   4.73629E-16            15   7.00201E-10   3.15662E+00
        1195   1.43400E+02   1.20000E-01   7.72670E-02   2.14595E-04   3.09191E-04   0.00000E+00   2.31509E-02   1.00000E+00   0.00000E+00   7.75157E+00   4.71400E-16            15   7.02713E-10   3.15665E+00
        1196   1.43520E+02   1.20000E-01   7.72670E-02   2.12868E-04   3.05595E-04   0.00000E+00   2.31851E-02   1.00000E+00   0.00000E+00   7.75157E+00   4.68906E-16            15   7.05204E-10   3.15669E+00
        1197   1.43640E+02   1.20000E-01   7.72670E-02   2.11139E-04   3.02000E-04   0.00000E+00   2.32186E-02   1.00000E+00   0.00000E+00   7.75157E+00   4.66357E-16            15   7.07691E-10   3.15672E+00
        1198   1.43760E+02   1.20000E-01   7.72670E-02   2.09409E-04   2.98405E-04   0.00000E+00   2.32516E-02   1.00000E+00   0.00000E+00   7.75157E+00   4.64150E-16            15   7.10155E-10   3.15676E+00
        1199   1.43880E+02   1.20000E-01   7.72670E-02   2.07678E-04   2.94811E-04   0.00000E+00   2.32837E-02   1.00000E+00   0.00000E+00   7.75157E+00   4.56342E-16            15   7.11694E-10   3.15679E+00
        1200   1.44000E+02   1.20000E-01   7.72670E-02   2.05946E-04   2.91218E-04   0.00000E+00   2.33154E-02   1.00000E+00   0.00000E+00   7.75157E+00   4.59617E-16            15   7.15121E-10   3.15683E+00
        1201   1.44120E+02   1.20000E-01   7.72670E-02   2.04212E-04   2.87625E-04   0.00000E+00   2.33464E-02   1.00000E+00   0.00000E+00   7.75157E+00   4.57522E-16            15   7.17534E-10   3.15686E+00
        1202   1.44240E+02   1.20000E-01   7.72670E-02   2.02478E-04   2.84034E-04   0.00000E+00   2.33768E-02   1.00000E+00   0.00000E+00   7.75157E+00   4.55215E-16            15   7.19961E-10   3.15689E+00
        1203   1.44360E+02   1.20000E-01   7.72670E-02   2.00742E-04   2.80443E-04   0.00000E+00   2.34066E-02   1.00000E+00   0.00000E+00   7.75157E+00   4.52792E-16            15   7.22355E-10   3.15693E+00
        1204   1.44480E+02   1.20000E-01   7.72670E-02   1.99005E-04   2.76854E-04   0.00000E+00   2.34357E-02   1.00000E+00   0.00000E+00   7.75157E+00   4.50314E-16            15   7.24715E-10   3.15696E+00
        1205   1.44600E+02   1.20000E-01   7.72670E-02   1.97268E-04   2.73265E-04   0.00000E+00   2.34642E-02   1.00000E+00   0.00000E+00   7.75157E+00   4.47882E-16            15   7.27054E-10   3.15699E+00
        1206   1.44720E+02   1.20000E-01   7.72670E-02   1.95529E-04   2.69678E-04   0.00000E+00   2.34919E-02   1.00000E+00   0.00000E+00   7.75157E+00   4.35499E-16            15   7.29496E-10   3.15702E+00
        1207   1.44840E+02   1.20000E-01   7.72670E-02   1.93790E-04   2.66093E-04   0.00000E+00   2.35192E-02   1.00000E+00   0.00000E+00   7.75157E+00   4.42336E-16            15   7.32121E-10   3.15705E+00
        1208   1.44960E+02   1.20000E-01   7.72670E-02   1.92049E-04   2.62509E-04   0.00000E+00   2.35458E-02   1.00000E+00   0.00000E+00   7.75157E+00   4.38979E-16            15   7.34277E-10   3.15708E+00
        1209   1.45080E+02   1.20000E-01   7.72670E-02   1.90308E-04   2.58926E-04   0.00000E+00   2.35718E-02   1.00000E+00   0.00000E+00   7.75157E+00   4.36008E-16            15   7.36442E-10   3.15711E+00
        1210   1.45200E+02   1.20000E-01   7.72670E-02   1.88566E-04   2.55345E-04   0.00000E+00   2.35972E-02   1.00000E+00   0.00000E+00   7.75157E+00   4.33182E-16            15   7.38593E-10   3.15714E+00
        1211   1.45320E+02   1.20000E-01   7.72670E-02   1.86823E-04   2.52453E-04   0.00000E+00   2.36220E-02   1.00000E+00   0.00000E+00   7.75157E+00   4.30200E-16            15   7.40729E-10   3.15717E+00
        1212   1.45440E+02   1.20000E-01   7.72670E-02   1.85080E-04   2.49895E-04   0.00000E+00   2.36461E-02   1.00000E+00   0.00000E+00   7.75157E+00   4.27205E-16            15   7.42826E-10   3.15720E+00
        1213   1.45560E+02   1.20000E-01   7.72670E-02   1.83336E-04   2.47336E-04   0.00000E+00   2.36697E-02   1.00000E+00   0.00000E+00   7.75157E+00   4.24470E-16            15   7.44889E-10   3.15723E+00
        1214   1.45680E+02   1.20000E-01   7.72670E-02   1.81591E-04   2.44778E-04   0.00000E+00   2.36926E-02   1.00000E+00   0.00000E+00   7.75157E+00   4.21742E-16            15   7.46903E-10   3.15725E+00
        1215   1.45800E+02   1.20000E-01   7.72670E-02   1.79846E-04   2.42219E-04   0.00000E+00   2.37148E-02   1.00000E+00   0.00000E+00   7.75157E+00   4.19080E-16            15   7.48877E-10   3.15728E+00
        1216   1.45920E+02   1.20000E-01   7.72670E-02   1.78101E-04   2.39660E-04   0.00000E+00   2.37365E-02   1.00000E+00   0.00000E+00   7.75157E+00   4.16436E-16            15   7.50799E-10   3.15731E+00
        1217   1.46040E+02   1.20000E-01   7.72670E-02   1.76355E-04   2.37101E-04   0.00000E+00   2.37576E-02   1.00000E+00   0.00000E+00   7.75157E+00   4.13850E-16            15   7.52677E-10   3.15733E+00
        1218   1.46160E+02   1.20000E-01   7.72670E-02   1.74608E-04   2.34541E-04   0.00000E+00   2.37780E-02   1.00000E+00   0.00000E+00   7.75157E+00   4.11394E-16            15   7.54499E-10   3.15736E+00
        1219   1.46280E+02   1.20000E-01   7.72670E-02   1.72862E-04   2.31982E-04   0.00000E+00   2.37978E-02   1.00000E+00   0.00000E+00   7.75157E+00   4.08887E-16            15   7.56278E-10   3.15738E+00
        1220   1.46400E+02   1.20000E-01   7.72670E-02   1.71114E-04   2.29423E-04   0.00000E+00   2.38170E-02   1.00000E+00   0.00000E+00   7.75157E+00   4.06603E-16            15   7.58001E-10   3.15741E+00
        1221   1.46520E+02   1.20000E-01   7.72670E-02   1.69367E-04   2.26865E-04   0.00000E+00   2.38356E-02   1.00000E+00   0.00000E+00   7.75157E+00   4.04235E-16            15   7.59678E-10   3.15743E+00
        1222   1.46640E+02   1.20000E-01   7.72670E-02   1.67619E-04   2.24306E-04   0.00000E+00   2.38536E-02   1.00000E+00   0.00000E+00   7.75157E+00   4.02068E-16            15   7.61300E-10   3.15746E+00
        1223   1.46760E+02   1.20000E-01   7.72670E-02   1.65872E-04   2.21748E-04   0.00000E+00   2.38710E-02   1.00000E+00   0.00000E+00   7.75157E+00   4.00009E-16            15   7.62880E-10   3.15748E+00
        1224   1.46880E+02   1.20000E-01   7.72670E-02   1.67295E-04   2.19190E-04   0.00000E+00   2.38877E-02   1.00000E+00   0.00000E+00   7.75157E+00   3.97958E-16            15   7.64404E-10   3.15750E+00
        1225   1.47000E+02   1.20000E-01   7.72670E-02   1.68917E-04   2.16632E-04   0.00000E+00   2.39039E-02   1.00000E+00   0.00000E+00   7.75157E+00   3.95933E-16            15   7.65887E-10   3.15753E+00
        1226   1.47120E+02   1.20000E-01   7.72670E-02   1.70532E-04   2.14075E-04   0.00000E+00   2.39194E-02   1.00000E+00   0.00000E+00   7.75157E+00   3.94163E-16            15   7.67320E-10   3.15755E+00
        1227   1.47240E+02   1.20000E-01   7.72670E-02   1.72139E-04   2.11518E-04   0.00000E+00   2.39343E-02   1.00000E+00   0.00000E+00   7.75157E+00   3.92425E-16            15   7.68713E-10   3.15757E+00
        1228   1.47360E+02   1.20000E-01   7.72670E-02   1.73739E-04   2.08962E-04   0.00000E+00   2.39486E-02   1.00000E+00   0.00000E+00   7.75157E+00   3.90740E-16            15   7.70059E-10   3.15759E+00
        1229   1.47480E+02   1.20000E-01   7.72670E-02   1.75331E-04   2.06407E-04   0.00000E+00   2.39624E-02   1.00000E+00   0.00000E+00   7.75157E+00   3.89041E-16            15   7.71368E-10   3.15761E+00
        1230   1.47600E+02   1.20000E-01   7.72670E-02   1.76916E-04   2.03853E-04   0.00000E+00   2.39755E-02   1.00000E+00   0.00000E+00   7.75157E+00   3.87605E-16            15   7.72634E-10   3.15763E+00
        1231   1.47720E+02   1.20000E-01   7.72670E-02   1.78494E-04   2.01299E-04   0.00000E+00   2.39880E-02   1.00000E+00   0.00000E+00   7.75157E+00   3.86156E-16            15   7.73865E-10   3.15765E+00
        1232   1.47840E+02   1.20000E-01   7.72670E-02   1.80064E-04   1.98746E-04   0.00000E+00   2.39999E-02   1.00000E+00   0.00000E+00   7.75157E+00   3.84741E-16            15   7.75055E-10   3.15767E+00
        1233   1.47960E+02   1.20000E-01   7.72670E-02   1.81626E-04   1.96194E-04   0.00000E+00   2.40112E-02   1.00000E+00   0.00000E+00   7.75157E+00   3.83360E-16            15   7.76210E-10   3.15769E+00
        1234   1.48080E+02   1.20000E-01   7.72670E-02   1.83181E-04   1.93643E-04   0.00000E+00   2.40219E-02   1.00000E+00   0.00000E+00   7.75157E+00   3.81979E-16            15   7.77324E-10   3.15771E+00
        1235   1.48200E+02   1.20000E-01   7.72670E-02   1.84729E-04   1.91093E-04   0.00000E+00   2.40320E-02   1.00000E+00   0.00000E+00   7.75157E+00   3.80717E-16            15   7.78404E-10   3.15773E+00
        1236   1.48320E+02   1.20000E-01   7.72670E-02   1.86268E-04   1.88544E-04   0.00000E+00   2.40415E-02   1.00000E+00   0.00000E+00   7.75157E+00   3.79352E-16            15   7.79437E-10   3.15775E+00
        1237   1.48440E+02   1.20000E-01   7.72670E-02   1.87801E-04   1.85996E-04   0.00000E+00   2.40504E-02   1.00000E+00   0.00000E+00   7.75157E+00   3.78044E-16            15   7.80428E-10   3.15776E+00
        1238   1.48560E+02   1.20000E-01   7.72670E-02   1.89325E-04   1.83449E-04   0.00000E+00   2.40587E-02   1.00000E+00   0.00000E+00   7.75157E+00   3.76838E-16            15   7.81370E-10   3.15778E+00
        1239   1.48680E+02   1.20000E-01   7.72670E-02   1.90842E-04   1.80904E-04   0.00000E+00   2.40664E-02   1.00000E+00   0.00000E+00   7.75157E+00   3.75440E-16            15   7.82260E-10   3.15780E+00
        1240   1.48800E+02   1.20000E-01   7.72670E-02   1.92351E-04   1.78360E-04   0.00000E+00   2.40735E-02   1.00000E+00   0.00000E+00   7.75157E+00   3.74081E-16            15   7.83091E-10   3.15781E+00
        1241   1.48920E+02   1.20000E-01   7.72670E-02   1.93853E-04   1.75817E-04   0.00000E+00   2.40800E-02   1.00000E+00   0.00000E+00   7.75157E+00   3.72658E-16            15   7.83861E-10   3.15783E+00
        1242   1.49040E+02   1.20000E-01   7.72670E-02   1.95346E-04   1.73276E-04   0.00000E+00   2.40859E-02   1.00000E+00   0.00000E+00   7.75157E+00   3.71270E-16            15   7.84554E-10   3.15784E+00
        1243   1.49160E+02   1.20000E-01   7.72670E-02   1.96832E-04   1.70736E-04   0.00000E+00   2.40912E-02   1.00000E+00   0.00000E+00   7.75157E+00   3.69729E-16            15   7.85172E-10   3.15786E+00
        1244   1.49280E+02   1.20000E-01   7.72670E-02   1.98311E-04   1.68198E-04   0.00000E+00   2.40960E-02   1.00000E+00   0.00000E+00   7.75157E+00   3.68181E-16            15   7.85696E-10   3.15787E+00
        1245   1.49400E+02   1.20000E-01   7.72670E-02   1.99781E-04   1.65662E-04   0.00000E+00   2.41001E-02   1.00000E+00   0.00000E+00   7.75157E+00   3.66550E-16            15   7.86125E-10   3.15789E+00
        1246   1.49520E+02   1.20000E-01   7.72670E-02   2.01244E-04   1.63127E-04   0.00000E+00   2.41037E-02   1.00000E+00   0.00000E+00   7.75157E+00   3.64793E-16            15   7.86444E-10   3.15790E+00
        1247   1.49640E+02   1.20000E-01   7.72670E-02   2.02698E-04   1.60594E-04   0.00000E+00   2.41066E-02   1.00000E+00   0.00000E+00   7.75157E+00   3.63018E-16            15   7.86640E-10   3.15791E+00
        1248   1.49760E+02   1.20000E-01   7.72670E-02   2.04145E-04   1.58062E-04   0.00000E+00   2.41090E-02   1.00000E+00   0.00000E+00   7.75157E+00   3.61114E-16            15   7.86702E-10   3.15792E+00
        1249   1.49880E+02   1.20000E-01   7.72670E-02   2.05584E-04   1.55533E-04   0.00000E+00   2.41108E-02   1.00000E+00   0.00000E+00   7.75157E+00   3.59067E-16            15   7.86619E-10   3.15794E+00
        1250   1.50000E+02   1.20000E-01   7.72670E-02   2.07015E-04   1.53006E-04   0.00000E+00   2.41120E-02   1.00000E+00   0.00000E+00   7.75157E+00   3.56945E-16            15   7.86372E-10   3.15795E+00
        1251   1.50120E+02   1.20000E-01   7.72670E-02   2.08439E-04   1.50480E-04   0.00000E+00   2.41127E-02   1.00000E+00   0.00000E+00   7.75157E+00   3.54684E-16            15   7.85951E-10   3.15796E+00
        1252   1.50240E+02   1.20000E-01   7.72670E-02   2.09854E-04   1.47957E-04   0.00000E+00   2.41127E-02   1.00000E+00   0.00000E+00   7.75157E+00   3.52415E-16            15   7.85339E-10   3.15797E+00
        1253   1.50360E+02   1.20000E-01   7.72670E-02   2.11261E-04   1.45435E-04   0.00000E+00   2.41122E-02   1.00000E+00   0.00000E+00   7.75157E+00   3.49921E-16            15   7.84518E-10   3.15798E+00
        1254   1.50480E+02   1.20000E-01   7.72670E-02   2.12660E-04   1.42916E-04   0.00000E+00   2.41111E-02   1.00000E+00   0.00000E+00   7.75157E+00   3.47348E-16            15   7.83474E-10   3.15799E+00
        1255   1.50600E+02   1.20000E-01   7.72670E-02   2.14052E-04   1.40399E-04   0.00000E+00   2.41094E-02   1.00000E+00   0.00000E+00   7.75157E+00   3.44606E-16            15   7.82192E-10   3.15800E+00
        1256   1.50720E+02   1.20000E-01   7.72670E-02   2.15435E-04   1.37884E-04   0.00000E+00   2.41071E-02   1.00000E+00   0.00000E+00   7.75157E+00   3.41793E-16            15   7.80650E-10   3.15801E+00
        1257   1.50840E+02   1.20000E-01   7.72670E-02   2.16810E-04   1.35372E-04   0.00000E+00   2.41043E-02   1.00000E+00   0.00000E+00   7.75157E+00   3.38759E-16            15   7.78837E-10   3.15802E+00
        1258   1.50960E+02   1.20000E-01   7.72670E-02   2.18177E-04   1.32862E-04   0.00000E+00   2.41008E-02   1.00000E+00   0.00000E+00   7.75157E+00   3.35706E-16            15   7.76731E-10   3.15802E+00
        1259   1.51080E+02   1.20000E-01   7.72670E-02   2.19536E-04   1.30354E-04   0.00000E+00   2.40969E-02   1.00000E+00   0.00000E+00   7.75157E+00   3.32400E-16            15   7.74316E-10   3.15803E+00
        1260   1.51200E+02   1.20000E-01   7.72670E-02   2.20888E-04   1.27849E-04   0.00000E+00   2.40923E-02   1.00000E+00   0.00000E+00   7.75157E+00   3.28917E-16            15   7.71582E-10   3.15804E+00
        1261   1.51320E+02   1.20000E-01   7.72670E-02   2.22230E-04   1.25347E-04   0.00000E+00   2.40871E-02   1.00000E+00   0.00000E+00   7.75157E+00   3.25300E-16            15   7.68501E-10   3.15805E+00
        1262   1.51440E+02   1.20000E-01   7.72670E-02   2.23565E-04   1.22847E-04   0.00000E+00   2.40814E-02   1.00000E+00   0.00000E+00   7.75157E+00   3.21598E-16            15   7.65080E-10   3.15805E+00
        1263   1.51560E+02   1.20000E-01   7.72670E-02   2.24892E-04   1.20349E-04   0.00000E+00   2.40752E-02   1.00000E+00   0.00000E+00   7.75157E+00   3.17644E-16            15   7.61303E-10   3.15806E+00
        1264   1.51680E+02   1.20000E-01   7.72670E-02   2.26210E-04   1.17855E-04   0.00000E+00   2.40683E-02   1.00000E+00   0.00000E+00   7.75157E+00   3.13604E-16            15   7.57171E-10   3.15806E+00
        1265   1.51800E+02   1.20000E-01   7.72670E-02   2.27521E-04   1.15363E-04   0.00000E+00   2.40609E-02   1.00000E+00   0.00000E+00   7.75157E+00   3.09352E-16            15   7.52754E-10   3.15807E+00
        1266   1.51920E+02   1.20000E-01   7.72670E-02   2.28823E-04   1.12874E-04   0.00000E+00   2.40529E-02   1.00000E+00   0.00000E+00   7.75157E+00   3.04873E-16            15   7.48142E-10   3.15807E+00
        1267   1.52040E+02   1.20000E-01   7.72670E-02   2.30117E-04   1.10388E-04   0.00000E+00   2.40444E-02   1.00000E+00   0.00000E+00   7.75157E+00   3.00668E-16            15   7.43027E-10   3.15808E+00
        1268   1.52160E+02   1.20000E-01   7.72670E-02   2.31402E-04   1.07905E-04   0.00000E+00   2.40353E-02   1.00000E+00   0.00000E+00   7.75157E+00   2.96157E-16            15   7.37661E-10   3.15808E+00
        1269   1.52280E+02   1.20000E-01   7.72670E-02   2.32680E-04   1.05425E-04   0.00000E+00   2.40256E-02   1.00000E+00   0.00000E+00   7.75157E+00   2.91446E-16            15   7.34182E-10   3.15808E+00
        1270   1.52400E+02   1.20000E-01   7.72670E-02   2.33949E-04   1.02948E-04   0.00000E+00   2.40154E-02   1.00000E+00   0.00000E+00   7.75157E+00   2.87423E-16            15   7.24019E-10   3.15809E+00
        1271   1.52520E+02   1.20000E-01   7.72670E-02   2.35210E-04   1.00474E-04   0.00000E+00   2.40046E-02   1.00000E+00   0.00000E+00   7.75157E+00   2.82961E-16            15   7.14999E-10   3.15809E+00
        1272   1.52640E+02   1.20000E-01   7.72670E-02   2.36463E-04   9.82323E-05   0.00000E+00   2.39933E-02   1.00000E+00   0.00000E+00   7.75157E+00   2.76881E-16            15   7.14539E-10   3.15809E+00
        1273   1.52760E+02   1.20000E-01   7.72670E-02   2.37707E-04   9.66030E-05   0.00000E+00   2.39814E-02   1.00000E+00   0.00000E+00   7.75157E+00   2.74172E-16            15   6.97076E-10   3.15809E+00
        1274   1.52880E+02   1.20000E-01   7.72670E-02   2.38943E-04   9.49751E-05   0.00000E+00   2.39689E-02   1.00000E+00   0.00000E+00   7.75157E+00   2.69827E-16            15   6.95932E-10   3.15810E+00
        1275   1.53000E+02   1.20000E-01   7.72670E-02   2.40171E-04   9.33486E-05   0.00000E+00   2.39559E-02   1.00000E+00   0.00000E+00   7.75157E+00   2.66064E-16            15   6.88717E-10   3.15810E+00
        1276   1.53120E+02   1.20000E-01   7.72670E-02   2.41390E-04   9.17236E-05   0.00000E+00   2.39423E-02   1.00000E+00   0.00000E+00   7.75157E+00   2.62789E-16            15   6.81217E-10   3.15810E+00
        1277   1.53240E+02   1.20000E-01   7.72670E-02   2.42601E-04   9.01002E-05   0.00000E+00   2.39282E-02   1.00000E+00   0.00000E+00   7.75157E+00   2.59918E-16            15   6.73677E-10   3.15810E+00
        1278   1.53360E+02   1.20000E-01   7.72670E-02   2.43804E-04   8.84782E-05   0.00000E+00   2.39136E-02   1.00000E+00   0.00000E+00   7.75157E+00   2.57667E-16            15   6.66185E-10   3.15810E+00
        1279   1.53480E+02   1.20000E-01   7.72670E-02   2.44998E-04   8.68579E-05   0.00000E+00   2.38984E-02   1.00000E+00   0.00000E+00   7.75157E+00   2.55801E-16            15   6.58733E-10   3.15810E+00
        1280   1.53600E+02   1.20000E-01   7.72670E-02   2.46184E-04   8.52392E-05   0.00000E+00   2.38826E-02   1.00000E+00   0.00000E+00   7.75157E+00   2.54327E-16            15   6.51167E-10   3.15809E+00
        1281   1.53720E+02   1.20000E-01   7.72670E-02   2.47362E-04   8.82927E-05   0.00000E+00   2.38663E-02   1.00000E+00   0.00000E+00   7.75157E+00   2.52861E-16            15   6.42785E-10   3.15809E+00
        1282   1.53840E+02   1.20000E-01   7.72670E-02   2.48531E-04   9.20277E-05   0.00000E+00   2.38495E-02   1.00000E+00   0.00000E+00   7.75157E+00   2.48552E-16            15   6.28894E-10   3.15809E+00
        1283   1.53960E+02   1.20000E-01   7.72670E-02   2.49691E-04   9.57519E-05   0.00000E+00   2.38321E-02   1.00000E+00   0.00000E+00   7.75157E+00   2.35679E-16            15   6.01393E-10   3.15809E+00
        1284   1.54080E+02   1.20000E-01   7.72670E-02   2.50844E-04   9.94653E-05   0.00000E+00   2.38142E-02   1.00000E+00   0.00000E+00   7.75157E+00   2.12493E-16            15   5.42658E-10   3.15809E+00
        1285   1.54200E+02   1.20000E-01   7.72670E-02   2.51988E-04   1.03168E-04   0.00000E+00   2.37957E-02   1.00000E+00   0.00000E+00   7.75157E+00   1.48508E-16            15   3.93379E-10   3.15808E+00
        1286   1.54320E+02   1.20000E-01   7.72670E-02   2.53123E-04   1.06859E-04   0.00000E+00   2.37767E-02   1.00000E+00   0.00000E+00   7.75157E+00   2.42958E-16            15   5.89223E-10   3.15808E+00
        1287   1.54440E+02   1.20000E-01   7.72670E-02   2.54250E-04   1.10540E-04   0.00000E+00   2.37572E-02   1.00000E+00   0.00000E+00   7.75157E+00   2.56281E-16            15   6.08908E-10   3.15807E+00
        1288   1.54560E+02   1.20000E-01   7.72670E-02   2.55368E-04   1.14209E-04   0.00000E+00   2.37371E-02   1.00000E+00   0.00000E+00   7.75157E+00   2.61848E-16            15   6.12976E-10   3.15807E+00
        1289   1.54680E+02   1.20000E-01   7.72670E-02   2.56478E-04   1.17867E-04   0.00000E+00   2.37165E-02   1.00000E+00   0.00000E+00   7.75157E+00   2.65997E-16            15   6.14146E-10   3.15806E+00
        1290   1.54800E+02   1.20000E-01   7.72670E-02   2.57580E-04   1.21514E-04   0.00000E+00   2.36954E-02   1.00000E+00   0.00000E+00   7.75157E+00   2.69748E-16            15   6.14754E-10   3.15806E+00
        1291   1.54920E+02   1.20000E-01   7.72670E-02   2.58673E-04   1.25149E-04   0.00000E+00   2.36737E-02   1.00000E+00   0.00000E+00   7.75157E+00   2.73482E-16            15   6.15489E-10   3.15805E+00
        1292   1.55040E+02   1.20000E-01   7.72670E-02   2.59757E-04   1.28773E-04   0.00000E+00   2.36516E-02   1.00000E+00   0.00000E+00   7.75157E+00   2.77287E-16            15   6.16456E-10   3.15805E+00
        1293   1.55160E+02   1.20000E-01   7.72670E-02   2.60833E-04   1.32386E-04   0.00000E+00   2.36288E-02   1.00000E+00   0.00000E+00   7.75157E+00   2.81215E-16            15   6.17979E-10   3.15804E+00
        1294   1.55280E+02   1.20000E-01   7.72670E-02   2.61901E-04   1.35987E-04   0.00000E+00   2.36056E-02   1.00000E+00   0.00000E+00   7.75157E+00   2.85394E-16            15   6.19890E-10   3.15803E+00
        1295   1.55400E+02   1.20000E-01   7.72670E-02   2.62960E-04   1.39576E-04   0.00000E+00   2.35818E-02   1.00000E+00   0.00000E+00   7.75157E+00   2.89568E-16            15   6.22159E-10   3.15803E+00
        1296   1.55520E+02   1.20000E-01   7.72670E-02   2.64010E-04   1.43154E-04   0.00000E+00   2.35575E-02   1.00000E+00   0.00000E+00   7.75157E+00   2.93897E-16            15   6.24734E-10   3.15802E+00
        1297   1.55640E+02   1.20000E-01   7.72670E-02   2.65052E-04   1.46720E-04   0.00000E+00   2.35327E-02   1.00000E+00   0.00000E+00   7.75157E+00   2.98283E-16            15   6.27559E-10   3.15801E+00
        1298   1.55760E+02   1.20000E-01   7.72670E-02   2.66085E-04   1.50274E-04   0.00000E+00   2.35074E-02   1.00000E+00   0.00000E+00   7.75157E+00   3.02789E-16            15   6.30569E-10   3.15800E+00
        1299   1.55880E+02   1.20000E-01   7.72670E-02   2.67110E-04   1.53816E-04   0.00000E+00   2.34816E-02   1.00000E+00   0.00000E+00   7.75157E+00   3.07386E-16            15   6.33703E-10   3.15799E+00
        1300   1.56000E+02   1.20000E-01   7.72670E-02   2.68127E-04   1.57347E-04   0.00000E+00   2.34552E-02   1.00000E+00   0.00000E+00   7.75157E+00   3.12019E-16            15   6.36901E-10   3.15798E+00
        1301   1.56120E+02   1.20000E-01   7.72670E-02   2.69134E-04   1.60865E-04   0.00000E+00   2.34283E-02   1.00000E+00   0.00000E+00   7.75157E+00   3.16766E-16            15   6.40108E-10   3.15797E+00
        1302   1.56240E+02   1.20000E-01   7.72670E-02   2.70133E-04   1.64372E-04   0.00000E+00   2.34009E-02   1.00000E+00   0.00000E+00   7.75157E+00   3.21384E-16            15   6.43272E-10   3.15796E+00
        1303   1.56360E+02   1.20000E-01   7.72670E-02   2.71124E-04   1.67866E-04   0.00000E+00   2.33730E-02   1.00000E+00   0.00000E+00   7.75157E+00   3.26125E-16            15   6.46349E-10   3.15795E+00
        1304   1.56480E+02   1.20000E-01   7.72670E-02   2.72106E-04   1.71348E-04   0.00000E+00   2.33446E-02   1.00000E+00   0.00000E+00   7.75157E+00   3.30765E-16            15   6.49300E-10   3.15794E+00
        1305   1.56600E+02   1.20000E-01   7.72670E-02   2.73079E-04   1.74818E-04   0.00000E+00   2.33157E-02   1.00000E+00   0.00000E+00   7.75157E+00   3.35398E-16            15   6.52094E-10   3.15793E+00
        1306   1.56720E+02   1.20000E-01   7.72670E-02   2.74044E-04   1.78275E-04   0.00000E+00   2.32863E-02   1.00000E+00   0.00000E+00   7.75157E+00   3.39980E-16            15   6.54706E-10   3.15792E+00
        1307   1.56840E+02   1.20000E-01   7.72670E-02   2.75001E-04   1.81721E-04   0.00000E+00   2.32563E-02   1.00000E+00   0.00000E+00   7.75157E+00   3.44498E-16            15   6.57116E-10   3.15791E+00
        1308   1.56960E+02   1.20000E-01   7.72670E-02   2.75948E-04   1.85153E-04   0.00000E+00   2.32259E-02   1.00000E+00   0.00000E+00   7.75157E+00   3.49048E-16            15   6.59310E-10   3.15790E+00
        1309   1.57080E+02   1.20000E-01   7.72670E-02   2.76887E-04   1.88574E-04   0.00000E+00   2.31950E-02   1.00000E+00   0.00000E+00   7.75157E+00   3.53360E-16            15   6.61280E-10   3.15788E+00
        1310   1.57200E+02   1.20000E-01   7.72670E-02   2.77818E-04   1.91981E-04   0.00000E+00   2.31635E-02   1.00000E+00   0.00000E+00   7.75157E+00   3.57611E-16            15   6.63019E-10   3.15787E+00
        1311   1.57320E+02   1.20000E-01   7.72670E-02   2.78739E-04   1.95376E-04   0.00000E+00   2.31316E-02   1.00000E+00   0.00000E+00   7.75157E+00   3.61812E-16            15   6.64527E-10   3.15786E+00
        1312   1.57440E+02   1.20000E-01   7.72670E-02   2.79653E-04   1.98759E-04   0.00000E+00   2.30992E-02   1.00000E+00   0.00000E+00   7.75157E+00   3.65946E-16            15   6.65806E-10   3.15784E+00
        1313   1.57560E+02   1.20000E-01   7.72670E-02   2.80557E-04   2.02129E-04   0.00000E+00   2.30662E-02   1.00000E+00   0.00000E+00   7.75157E+00   3.69876E-16            15   6.66861E-10   3.15783E+00
        1314   1.57680E+02   1.20000E-01   7.72670E-02   2.81453E-04   2.05486E-04   0.00000E+00   2.30328E-02   1.00000E+00   0.00000E+00   7.75157E+00   3.73732E-16            15   6.67697E-10   3.15781E+00
        1315   1.57800E+02   1.20000E-01   7.72670E-02   2.82340E-04   2.08830E-04   0.00000E+00   2.29989E-02   1.00000E+00   0.00000E+00   7.75157E+00   3.77354E-16            15   6.68324E-10   3.15780E+00
        1316   1.57920E+02   1.20000E-01   7.72670E-02   2.83219E-04   2.12161E-04   0.00000E+00   2.29645E-02   1.00000E+00   0.00000E+00   7.75157E+00   3.81017E-16            15   6.68749E-10   3.15778E+00
        1317   1.58040E+02   1.20000E-01   7.72670E-02   2.84089E-04   2.15479E-04   0.00000E+00   2.29296E-02   1.00000E+00   0.00000E+00   7.75157E+00   3.84452E-16            15   6.68984E-10   3.15777E+00
        1318   1.58160E+02   1.20000E-01   7.72670E-02   2.84950E-04   2.18785E-04   0.00000E+00   2.28942E-02   1.00000E+00   0.00000E+00   7.75157E+00   3.87872E-16            15   6.69039E-10   3.15775E+00
        1319   1.58280E+02   1.20000E-01   7.72670E-02   2.85803E-04   2.22077E-04   0.00000E+00   2.28584E-02   1.00000E+00   0.00000E+00   7.75157E+00   3.91075E-16            15   6.68925E-10   3.15773E+00
        1320   1.58400E+02   1.20000E-01   7.72670E-02   2.86647E-04   2.25356E-04   0.00000E+00   2.28220E-02   1.00000E+00   0.00000E+00   7.75157E+00   3.94184E-16            15   6.68653E-10   3.15772E+00
        1321   1.58520E+02   1.20000E-01   7.72670E-02   2.87482E-04   2.28622E-04   0.00000E+00   2.27852E-02   1.00000E+00   0.00000E+00   7.75157E+00   3.97150E-16            15   6.68233E-10   3.15770E+00
        1322   1.58640E+02   1.20000E-01   7.72670E-02   2.88309E-04   2.31875E-04   0.00000E+00   2.27479E-02   1.00000E+00   0.00000E+00   7.75157E+00   4.00038E-16            15   6.67677E-10   3.15768E+00
        1323   1.58760E+02   1.20000E-01   7.72670E-02   2.89127E-04   2.35115E-04   0.00000E+00   2.27101E-02   1.00000E+00   0.00000E+00   7.75157E+00   4.02765E-16            15   6.66994E-10   3.15766E+00
        1324   1.58880E+02   1.20000E-01   7.72670E-02   2.89937E-04   2.38341E-04   0.00000E+00   2.26718E-02   1.00000E+00   0.00000E+00   7.75157E+00   4.05356E-16            15   6.66195E-10   3.15765E+00
        1325   1.59000E+02   1.20000E-01   7.72670E-02   2.90737E-04   2.41554E-04   0.00000E+00   2.26331E-02   1.00000E+00   0.00000E+00   7.75157E+00   4.07934E-16            15   6.65289E-10   3.15763E+00
        1326   1.59120E+02   1.20000E-01   7.72670E-02   2.91529E-04   2.44753E-04   0.00000E+00   2.25939E-02   1.00000E+00   0.00000E+00   7.75157E+00   4.10287E-16            15   6.64286E-10   3.15761E+00
        1327   1.59240E+02   1.20000E-01   7.72670E-02   2.92313E-04   2.47939E-04   0.00000E+00   2.25542E-02   1.00000E+00   0.00000E+00   7.75157E+00   4.12581E-16            15   6.63193E-10   3.15759E+00
        1328   1.59360E+02   1.20000E-01   7.72670E-02   2.93088E-04   2.51112E-04   0.00000E+00   2.25141E-02   1.00000E+00   0.00000E+00   7.75157E+00   4.14756E-16            15   6.62018E-10   3.15757E+00
        1329   1.59480E+02   1.20000E-01   7.72670E-02   2.93854E-04   2.54271E-04   0.00000E+00   2.24735E-02   1.00000E+00   0.00000E+00   7.75157E+00   4.16868E-16            15   6.60770E-10   3.15755E+00
        1330   1.59600E+02   1.20000E-01   7.72670E-02   2.94611E-04   2.57416E-04   0.00000E+00   2.24324E-02   1.00000E+00   0.00000E+00   7.75157E+00   4.18810E-16            15   6.59455E-10   3.15753E+00
        1331   1.59720E+02   1.20000E-01   7.72670E-02   2.95360E-04   2.60547E-04   0.00000E+00   2.23908E-02   1.00000E+00   0.00000E+00   7.75157E+00   4.20644E-16            15   6.58080E-10   3.15751E+00
        1332   1.59840E+02   1.20000E-01   7.72670E-02   2.96100E-04   2.63665E-04   0.00000E+00   2.23488E-02   1.00000E+00   0.00000E+00   7.75157E+00   4.22341E-16            15   6.56650E-10   3.15749E+00
        1333   1.59960E+02   1.20000E-01   7.72670E-02   2.96831E-04   2.66769E-04   0.00000E+00   2.23064E-02   1.00000E+00   0.00000E+00   7.75157E+00   4.24165E-16            15   6.55171E-10   3.15746E+00
        1334   1.60080E+02   1.20000E-01   7.72670E-02   2.97554E-04   2.69860E-04   0.00000E+00   2.22635E-02   1.00000E+00   0.00000E+00   7.75157E+00   4.25753E-16            15   6.53649E-10   3.15744E+00
        1335   1.60200E+02   1.20000E-01   7.72670E-02   2.98268E-04   2.72936E-04   0.00000E+00   2.22201E-02   1.00000E+00   0.00000E+00   7.75157E+00   4.27210E-16            15   6.52087E-10   3.15742E+00
        1336   1.60320E+02   1.20000E-01   7.72670E-02   2.98973E-04   2.75999E-04   0.00000E+00   2.21763E-02   1.00000E+00   0.00000E+00   7.75157E+00   4.28692E-16            15   6.50492E-10   3.15740E+00
        1337   1.60440E+02   1.20000E-01   7.72670E-02   2.99670E-04   2.79047E-04   0.00000E+00   2.21320E-02   1.00000E+00   0.00000E+00   7.75157E+00   4.29990E-16            15   6.48865E-10   3.15737E+00
        1338   1.60560E+02   1.20000E-01   7.72670E-02   3.00358E-04   2.82082E-04   0.00000E+00   2.20872E-02   1.00000E+00   0.00000E+00   7.75157E+00   4.31266E-16            15   6.47211E-10   3.15735E+00
        1339   1.60680E+02   1.20000E-01   7.72670E-02   3.01037E-04   2.85102E-04   0.00000E+00   2.20421E-02   1.00000E+00   0.00000E+00   7.75157E+00   4.32362E-16            15   6.45533E-10   3.15733E+00
        1340   1.60800E+02   1.20000E-01   7.72670E-02   3.01708E-04   2.88109E-04   0.00000E+00   2.19964E-02   1.00000E+00   0.00000E+00   7.75157E+00   4.33509E-16            15   6.43834E-10   3.15730E+00
        1341   1.60920E+02   1.20000E-01   7.72670E-02   3.02370E-04   2.91101E-04   0.00000E+00   2.19504E-02   1.00000E+00   0.00000E+00   7.75157E+00   4.34568E-16            15   6.42117E-10   3.15728E+00
        1342   1.61040E+02   1.20000E-01   7.72670E-02   3.03023E-04   2.94079E-04   0.00000E+00   2.19038E-02   1.00000E+00   0.00000E+00   7.75157E+00   4.35359E-16            15   6.40384E-10   3.15725E+00
        1343   1.61160E+02   1.20000E-01   7.72670E-02   3.03668E-04   2.97043E-04   0.00000E+00   2.18569E-02   1.00000E+00   0.00000E+00   7.75157E+00   4.36326E-16            15   6.38638E-10   3.15723E+00
        1344   1.61280E+02   1.20000E-01   7.72670E-02   3.04304E-04   2.99993E-04   0.00000E+00   2.18095E-02   1.00000E+00   0.00000E+00   7.75157E+00   4.37125E-16            15   6.36880E-10   3.15720E+00
        1345   1.61400E+02   1.20000E-01   7.72670E-02   3.04931E-04   3.02928E-04   0.00000E+00   2.17617E-02   1.00000E+00   0.00000E+00   7.75157E+00   4.37765E-16            15   6.35112E-10   3.15718E+00
        1346   1.61520E+02   1.20000E-01   7.72670E-02   3.05550E-04   3.05849E-04   0.00000E+00   2.17134E-02   1.00000E+00   0.00000E+00   7.75157E+00   4.38456E-16            15   6.33336E-10   3.15715E+00
        1347   1.61640E+02   1.20000E-01   7.72670E-02   3.06160E-04   3.08755E-04   0.00000E+00   2.16647E-02   1.00000E+00   0.00000E+00   7.75157E+00   4.39122E-16            15   6.31554E-10   3.15712E+00
        1348   1.61760E+02   1.20000E-01   7.72670E-02   3.06761E-04   3.11648E-04   0.00000E+00   2.16156E-02   1.00000E+00   0.00000E+00   7.75157E+00   4.39616E-16            15   6.29765E-10   3.15710E+00
        1349   1.61880E+02   1.20000E-01   7.72670E-02   3.07354E-04   3.14525E-04   0.00000E+00   2.15660E-02   1.00000E+00   0.00000E+00   7.75157E+00   4.40057E-16            15   6.27973E-10   3.15707E+00
        1350   1.62000E+02   1.20000E-01   7.72670E-02   3.07938E-04   3.17388E-04   0.00000E+00   2.15160E-02   1.00000E+00   0.00000E+00   7.75157E+00   4.40430E-16            15   6.26177E-10   3.15704E+00
        1351   1.62120E+02   1.20000E-01   7.72670E-02   3.08513E-04   3.20237E-04   0.00000E+00   2.14656E-02   1.00000E+00   0.00000E+00   7.75157E+00   4.40816E-16            15   6.24378E-10   3.15702E+00
        1352   1.62240E+02   1.20000E-01   7.72670E-02   3.09080E-04   3.23071E-04   0.00000E+00   2.14148E-02   1.00000E+00   0.00000E+00   7.75157E+00   4.41174E-16            15   6.22578E-10   3.15699E+00
        1353   1.62360E+02   1.20000E-01   7.72670E-02   3.09638E-04   3.25890E-04   0.00000E+00   2.13635E-02   1.00000E+00   0.00000E+00   7.75157E+00   4.41302E-16            15   6.20776E-10   3.15696E+00
        1354   1.62480E+02   1.20000E-01   7.72670E-02   3.10187E-04   3.28695E-04   0.00000E+00   2.13119E-02   1.00000E+00   0.00000E+00   7.75157E+00   4.41566E-16            15   6.18974E-10   3.15693E+00
        1355   1.62600E+02   1.20000E-01   7.72670E-02   3.10728E-04   3.31484E-04   0.00000E+00   2.12598E-02   1.00000E+00   0.00000E+00   7.75157E+00   4.41682E-16            15   6.17172E-10   3.15690E+00
        1356   1.62720E+02   1.20000E-01   7.72670E-02   3.11260E-04   3.34260E-04   0.00000E+00   2.12073E-02   1.00000E+00   0.00000E+00   7.75157E+00   4.41724E-16            15   6.15370E-10   3.15687E+00
        1357   1.62840E+02   1.20000E-01   7.72670E-02   3.11784E-04   3.37020E-04   0.00000E+00   2.11543E-02   1.00000E+00   0.00000E+00   7.75157E+00   4.41587E-16            15   6.13569E-10   3.15684E+00
        1358   1.62960E+02   1.20000E-01   7.72670E-02   3.12371E-04   3.39765E-04   0.00000E+00   2.11010E-02   1.00000E+00   0.00000E+00   7.75157E+00   4.41587E-16            15   6.11769E-10   3.15681E+00
        1359   1.63080E+02   1.20000E-01   7.72670E-02   3.13601E-04   3.42496E-04   0.00000E+00   2.10473E-02   1.00000E+00   0.00000E+00   7.75157E+00   4.41425E-16            15   6.09970E-10   3.15678E+00
        1360   1.63200E+02   1.20000E-01   7.72670E-02   3.14819E-04   3.45212E-04   0.00000E+00   2.09931E-02   1.00000E+00   0.00000E+00   7.75157E+00   4.41275E-16            15   6.08172E-10   3.15675E+00
        1361   1.63320E+02   1.20000E-01   7.72670E-02   3.16026E-04   3.47912E-04   0.00000E+00   2.09386E-02   1.00000E+00   0.00000E+00   7.75157E+00   4.41089E-16            15   6.06375E-10   3.15672E+00
        1362   1.63440E+02   1.20000E-01   7.72670E-02   3.17223E-04   3.50598E-04   0.00000E+00   2.08836E-02   1.00000E+00   0.00000E+00   7.75157E+00   4.40827E-16            15   6.04580E-10   3.15669E+00
        1363   1.63560E+02   1.20000E-01   7.72670E-02   3.18408E-04   3.53269E-04   0.00000E+00   2.08283E-02   1.00000E+00   0.00000E+00   7.75157E+00   4.40542E-16            15   6.02786E-10   3.15666E+00
        1364   1.63680E+02   1.20000E-01   7.72670E-02   3.19582E-04   3.55925E-04   0.00000E+00   2.07725E-02   1.00000E+00   0.00000E+00   7.75157E+00   4.40119E-16            15   6.00993E-10   3.15662E+00
        1365   1.63800E+02   1.20000E-01   7.72670E-02   3.20745E-04   3.58566E-04   0.00000E+00   2.07164E-02   1.00000E+00   0.00000E+00   7.75157E+00   4.39663E-16            15   5.99201E-10   3.15659E+00
        1366   1.63920E+02   1.20000E-01   7.72670E-02   3.21898E-04   3.61191E-04   0.00000E+00   2.06598E-02   1.00000E+00   0.00000E+00   7.75157E+00   4.39233E-16            15   5.97411E-10   3.15656E+00
        1367   1.64040E+02   1.20000E-01   7.72670E-02   3.23039E-04   3.63802E-04   0.00000E+00   2.06029E-02   1.00000E+00   0.00000E+00   7.75157E+00   4.38675E-16            15   5.95621E-10   3.15653E+00
        1368   1.64160E+02   1.20000E-01   7.72670E-02   3.24169E-04   3.66397E-04   0.00000E+00   2.05455E-02   1.00000E+00   0.00000E+00   7.75157E+00   4.38035E-16            15   5.93833E-10   3.15649E+00
        1369   1.64280E+02   1.20000E-01   7.72670E-02   3.25288E-04   3.68977E-04   0.00000E+00   2.04878E-02   1.00000E+00   0.00000E+00   7.75157E+00   4.37404E-16            15   5.92045E-10   3.15646E+00
        1370   1.64400E+02   1.20000E-01   7.72670E-02   3.26396E-04   3.71542E-04   0.00000E+00   2.04297E-02   1.00000E+00   0.00000E+00   7.75157E+00   4.36667E-16            15   5.90257E-10   3.15643E+00
        1371   1.64520E+02   1.20000E-01   7.72670E-02   3.27492E-04   3.74091E-04   0.00000E+00   2.03712E-02   1.00000E+00   0.00000E+00   7.75157E+00   4.35956E-16            15   5.88470E-10   3.15639E+00
        1372   1.64640E+02   1.20000E-01   7.72670E-02   3.28578E-04   3.76625E-04   0.00000E+00   2.03124E-02   1.00000E+00   0.00000E+00   7.75157E+00   4.35180E-16            15   5.86682E-10   3.15636E+00
        1373   1.64760E+02   1.20000E-01   7.72670E-02   3.29653E-04   3.79144E-04   0.00000E+00   2.02531E-02   1.00000E+00   0.00000E+00   7.75157E+00   4.34506E-16            15   5.84929E-10   3.15632E+00
        1374   1.64880E+02   1.20000E-01   7.72670E-02   3.30717E-04   3.81648E-04   0.00000E+00   2.01935E-02   1.00000E+00   0.00000E+00   7.75157E+00   4.33034E-16            15   5.82978E-10   3.15629E+00
        1375   1.65000E+02   1.20000E-01   7.72670E-02   3.31769E-04   3.84136E-04   0.00000E+00   2.01335E-02   1.00000E+00   0.00000E+00   7.75157E+00   4.32759E-16            15   5.81468E-10   3.15625E+00
        1376   1.65120E+02   1.20000E-01   7.72670E-02   3.32811E-04   3.86609E-04   0.00000E+00   2.00731E-02   1.00000E+00   0.00000E+00   7.75157E+00   4.31585E-16            15   5.79486E-10   3.15622E+00
        1377   1.65240E+02   1.20000E-01   7.72670E-02   3.33841E-04   3.89066E-04   0.00000E+00   2.00123E-02   1.00000E+00   0.00000E+00   7.75157E+00   4.30246E-16            15   5.77675E-10   3.15618E+00
        1378   1.65360E+02   1.20000E-01   7.72670E-02   3.34860E-04   3.91508E-04   0.00000E+00   1.99512E-02   1.00000E+00   0.00000E+00   7.75157E+00   4.29592E-16            15   5.76042E-10   3.15614E+00
        1379   1.65480E+02   1.20000E-01   7.72670E-02   3.35869E-04   3.93934E-04   0.00000E+00   1.98897E-02   1.00000E+00   0.00000E+00   7.75157E+00   4.27871E-16            15   5.74023E-10   3.15611E+00
        1380   1.65600E+02   1.20000E-01   7.72670E-02   3.36866E-04   3.96345E-04   0.00000E+00   1.98279E-02   1.00000E+00   0.00000E+00   7.75157E+00   4.27337E-16            15   5.72498E-10   3.15607E+00
        1381   1.65720E+02   1.20000E-01   7.72670E-02   3.37852E-04   3.98740E-04   0.00000E+00   1.97657E-02   1.00000E+00   0.00000E+00   7.75157E+00   4.25284E-16            15   5.70388E-10   3.15603E+00
        1382   1.65840E+02   1.20000E-01   7.72670E-02   3.38827E-04   4.01119E-04   0.00000E+00   1.97031E-02   1.00000E+00   0.00000E+00   7.75157E+00   4.24453E-16            15   5.68829E-10   3.15600E+00
        1383   1.65960E+02   1.20000E-01   7.72670E-02   3.39791E-04   4.03483E-04   0.00000E+00   1.96402E-02   1.00000E+00   0.00000E+00   7.75157E+00   4.22977E-16            15   5.66863E-10   3.15596E+00
        1384   1.66080E+02   1.20000E-01   7.72670E-02   3.40863E-04   4.05832E-04   0.00000E+00   1.95769E-02   1.00000E+00   0.00000E+00   7.75157E+00   4.21564E-16            15   5.65135E-10   3.15592E+00
        1385   1.66200E+02   1.20000E-01   7.72670E-02   3.41979E-04   4.08165E-04   0.00000E+00   1.95132E-02   1.00000E+00   0.00000E+00   7.75157E+00   4.20133E-16            15   5.63321E-10   3.15588E+00
        1386   1.66320E+02   1.20000E-01   7.72670E-02   3.43085E-04   4.10482E-04   0.00000E+00   1.94492E-02   1.00000E+00   0.00000E+00   7.75157E+00   4.18243E-16            15   5.61382E-10   3.15584E+00
        1387   1.66440E+02   1.20000E-01   7.72670E-02   3.44180E-04   4.12783E-04   0.00000E+00   1.93849E-02   1.00000E+00   0.00000E+00   7.75157E+00   4.17155E-16            15   5.59700E-10   3.15580E+00
        1388   1.66560E+02   1.20000E-01   7.72670E-02   3.45264E-04   4.15069E-04   0.00000E+00   1.93202E-02   1.00000E+00   0.00000E+00   7.75157E+00   4.14788E-16            15   5.57681E-10   3.15577E+00
        1389   1.66680E+02   1.20000E-01   7.72670E-02   3.46337E-04   4.17338E-04   0.00000E+00   1.92552E-02   1.00000E+00   0.00000E+00   7.75157E+00   4.13462E-16            15   5.55984E-10   3.15573E+00
        1390   1.66800E+02   1.20000E-01   7.72670E-02   3.47399E-04   4.19592E-04   0.00000E+00   1.91898E-02   1.00000E+00   0.00000E+00   7.75157E+00   4.11517E-16            15   5.54089E-10   3.15569E+00
        1391   1.66920E+02   1.20000E-01   7.72670E-02   3.48450E-04   4.21831E-04   0.00000E+00   1.91240E-02   1.00000E+00   0.00000E+00   7.75157E+00   4.09739E-16            15   5.52219E-10   3.15565E+00
        1392   1.67040E+02   1.20000E-01   7.72670E-02   3.49491E-04   4.24053E-04   0.00000E+00   1.90580E-02   1.00000E+00   0.00000E+00   7.75157E+00   4.07889E-16            15   5.50351E-10   3.15561E+00
        1393   1.67160E+02   1.20000E-01   7.72670E-02   3.50520E-04   4.26260E-04   0.00000E+00   1.89916E-02   1.00000E+00   0.00000E+00   7.75157E+00   4.05779E-16            15   5.48474E-10   3.15557E+00
        1394   1.67280E+02   1.20000E-01   7.72670E-02   3.51538E-04   4.28451E-04   0.00000E+00   1.89248E-02   1.00000E+00   0.00000E+00   7.75157E+00   4.04006E-16            15   5.46587E-10   3.15553E+00
        1395   1.67400E+02   1.20000E-01   7.72670E-02   3.52545E-04   4.30626E-04   0.00000E+00   1.88578E-02   1.00000E+00   0.00000E+00   7.75157E+00   4.01818E-16            15   5.44691E-10   3.15548E+00
        1396   1.67520E+02   1.20000E-01   7.72670E-02   3.53542E-04   4.32785E-04   0.00000E+00   1.87904E-02   1.00000E+00   0.00000E+00   7.75157E+00   3.99586E-16            15   5.42785E-10   3.15544E+00
        1397   1.67640E+02   1.20000E-01   7.72670E-02   3.54527E-04   4.34928E-04   0.00000E+00   1.87227E-02   1.00000E+00   0.00000E+00   7.75157E+00   3.97557E-16            15   5.40867E-10   3.15540E+00
        1398   1.67760E+02   1.20000E-01   7.72670E-02   3.55501E-04   4.37055E-04   0.00000E+00   1.86546E-02   1.00000E+00   0.00000E+00   7.75157E+00   3.95334E-16            15   5.38939E-10   3.15536E+00
        1399   1.67880E+02   1.20000E-01   7.72670E-02   3.56464E-04   4.39166E-04   0.00000E+00   1.85862E-02   1.00000E+00   0.00000E+00   7.75157E+00   3.93140E-16            15   5.36998E-10   3.15532E+00
        1400   1.68000E+02   1.20000E-01   7.72670E-02   3.57417E-04   4.41261E-04   0.00000E+00   1.85175E-02   1.00000E+00   0.00000E+00   7.75157E+00   3.90612E-16            15   5.35046E-10   3.15528E+00
        1401   1.68120E+02   1.20000E-01   7.72670E-02   3.58358E-04   4.43341E-04   0.00000E+00   1.84485E-02   1.00000E+00   0.00000E+00   7.75157E+00   3.88270E-16            15   5.33081E-10   3.15523E+00
        1402   1.68240E+02   1.20000E-01   7.72670E-02   3.59289E-04   4.45404E-04   0.00000E+00   1.83792E-02   1.00000E+00   0.00000E+00   7.75157E+00   3.85707E-16            15   5.31103E-10   3.15519E+00
        1403   1.68360E+02   1.20000E-01   7.72670E-02   3.60208E-04   4.47451E-04   0.00000E+00   1.83095E-02   1.00000E+00   0.00000E+00   7.75157E+00   3.83071E-16            15   5.29111E-10   3.15515E+00
        1404   1.68480E+02   1.20000E-01   7.72670E-02   3.61116E-04   4.49482E-04   0.00000E+00   1.82396E-02   1.00000E+00   0.00000E+00   7.75157E+00   3.80469E-16            15   5.27106E-10   3.15510E+00
        1405   1.68600E+02   1.20000E-01   7.72670E-02   3.62014E-04   4.51498E-04   0.00000E+00   1.81693E-02   1.00000E+00   0.00000E+00   7.75157E+00   3.78020E-16            15   5.25087E-10   3.15506E+00
        1406   1.68720E+02   1.20000E-01   7.72670E-02   3.62900E-04   4.53497E-04   0.00000E+00   1.80987E-02   1.00000E+00   0.00000E+00   7.75157E+00   3.75319E-16            15   5.23054E-10   3.15502E+00
        1407   1.68840E+02   1.20000E-01   7.72670E-02   3.63776E-04   4.55480E-04   0.00000E+00   1.80278E-02   1.00000E+00   0.00000E+00   7.75157E+00   3.72596E-16            15   5.21006E-10   3.15497E+00
        1408   1.68960E+02   1.20000E-01   7.72670E-02   3.64640E-04   4.57446E-04   0.00000E+00   1.79567E-02   1.00000E+00   0.00000E+00   7.75157E+00   3.69869E-16            15   5.18944E-10   3.15493E+00
        1409   1.69080E+02   1.20000E-01   7.72670E-02   3.65494E-04   4.59397E-04   0.00000E+00   1.78852E-02   1.00000E+00   0.00000E+00   7.75157E+00   3.66897E-16            15   5.16868E-10   3.15488E+00
        1410   1.69200E+02   1.20000E-01   7.72670E-02   3.66336E-04   4.61332E-04   0.00000E+00   1.78134E-02   1.00000E+00   0.00000E+00   7.75157E+00   3.64092E-16            15   5.14777E-10   3.15484E+00
        1411   1.69320E+02   1.20000E-01   7.72670E-02   3.67168E-04   4.63250E-04   0.00000E+00   1.77413E-02   1.00000E+00   0.00000E+00   7.75157E+00   3.61348E-16            15   5.12672E-10   3.15479E+00
        1412   1.69440E+02   1.20000E-01   7.72670E-02   3.67989E-04   4.65153E-04   0.00000E+00   1.76689E-02   1.00000E+00   0.00000E+00   7.75157E+00   3.58363E-16            15   5.10552E-10   3.15475E+00
        1413   1.69560E+02   1.20000E-01   7.72670E-02   3.68798E-04   4.67039E-04   0.00000E+00   1.75963E-02   1.00000E+00   0.00000E+00   7.75157E+00   3.55495E-16            15   5.08419E-10   3.15470E+00
        1414   1.69680E+02   1.20000E-01   7.72670E-02   3.69597E-04   4.68909E-04   0.00000E+00   1.75233E-02   1.00000E+00   0.00000E+00   7.75157E+00   3.52968E-16            15   5.06273E-10   3.15466E+00
        1415   1.69800E+02   1.20000E-01   7.72670E-02   3.70385E-04   4.70763E-04   0.00000E+00   1.74501E-02   1.00000E+00   0.00000E+00   7.75157E+00   3.52097E-16            15   5.04114E-10   3.15461E+00
        1416   1.69920E+02   1.20000E-01   7.72670E-02   3.71161E-04   4.72601E-04   0.00000E+00   1.73765E-02   1.00000E+00   0.00000E+00   7.75157E+00   3.51049E-16            15   5.01943E-10   3.15457E+00
        1417   1.70040E+02   1.20000E-01   7.72670E-02   3.71927E-04   4.74422E-04   0.00000E+00   1.73027E-02   1.00000E+00   0.00000E+00   7.75157E+00   3.49825E-16            15   4.99762E-10   3.15452E+00
        1418   1.70160E+02   1.20000E-01   7.72670E-02   3.72682E-04   4.76227E-04   0.00000E+00   1.72286E-02   1.00000E+00   0.00000E+00   7.75157E+00   3.48424E-16            15   4.97570E-10   3.15447E+00
        1419   1.70280E+02   1.20000E-01   7.72670E-02   3.73426E-04   4.78017E-04   0.00000E+00   1.71543E-02   1.00000E+00   0.00000E+00   7.75157E+00   3.46858E-16            15   4.95370E-10   3.15443E+00
        1420   1.70400E+02   1.20000E-01   7.72670E-02   3.74159E-04   4.79789E-04   0.00000E+00   1.70796E-02   1.00000E+00   0.00000E+00   7.75157E+00   3.45002E-16            15   4.93163E-10   3.15438E+00
        1421   1.70520E+02   1.20000E-01   7.72670E-02   3.74881E-04   4.81546E-04   0.00000E+00   1.70047E-02   1.00000E+00   0.00000E+00   7.75157E+00   3.43005E-16            15   4.90950E-10   3.15433E+00
        1422   1.70640E+02   1.20000E-01   7.72670E-02   3.75592E-04   4.83286E-04   0.00000E+00   1.69295E-02   1.00000E+00   0.00000E+00   7.75157E+00   3.40840E-16            15   4.88733E-10   3.15428E+00
        1423   1.70760E+02   1.20000E-01   7.72670E-02   3.76292E-04   4.85010E-04   0.00000E+00   1.68540E-02   1.00000E+00   0.00000E+00   7.75157E+00   3.38426E-16            15   4.86514E-10   3.15424E+00
        1424   1.70880E+02   1.20000E-01   7.72670E-02   3.76981E-04   4.86718E-04   0.00000E+00   1.67783E-02   1.00000E+00   0.00000E+00   7.75157E+00   3.35846E-16            15   4.84295E-10   3.15419E+00
        1425   1.71000E+02   1.20000E-01   7.72670E-02   3.77660E-04   4.88410E-04   0.00000E+00   1.67023E-02   1.00000E+00   0.00000E+00   7.75157E+00   3.33067E-16            15   4.82078E-10   3.15414E+00
        1426   1.71120E+02   1.20000E-01   7.72670E-02   3.78327E-04   4.90085E-04   0.00000E+00   1.66261E-02   1.00000E+00   0.00000E+00   7.75157E+00   3.30085E-16            15   4.79864E-10   3.15409E+00
        1427   1.71240E+02   1.20000E-01   7.72670E-02   3.78983E-04   4.91744E-04   0.00000E+00   1.65496E-02   1.00000E+00   0.00000E+00   7.75157E+00   3.26920E-16            15   4.77657E-10   3.15404E+00
        1428   1.71360E+02   1.20000E-01   7.72670E-02   3.79629E-04   4.93387E-04   0.00000E+00   1.64728E-02   1.00000E+00   0.00000E+00   7.75157E+00   3.23571E-16            15   4.75458E-10   3.15399E+00
        1429   1.71480E+02   1.20000E-01   7.72670E-02   3.80264E-04   4.95013E-04   0.00000E+00   1.63958E-02   1.00000E+00   0.00000E+00   7.75157E+00   3.20024E-16            15   4.73270E-10   3.15394E+00
        1430   1.71600E+02   1.20000E-01   7.72670E-02   3.80887E-04   4.96623E-04   0.00000E+00   1.63185E-02   1.00000E+00   0.00000E+00   7.75157E+00   3.16391E-16            15   4.71095E-10   3.15389E+00
        1431   1.71720E+02   1.20000E-01   7.72670E-02   3.81500E-04   4.98217E-04   0.00000E+00   1.62410E-02   1.00000E+00   0.00000E+00   7.75157E+00   3.12738E-16            15   4.68934E-10   3.15385E+00
        1432   1.71840E+02   1.20000E-01   7.72670E-02   3.82102E-04   4.99795E-04   0.00000E+00   1.61632E-02   1.00000E+00   0.00000E+00   7.75157E+00   3.12839E-16            15   4.66790E-10   3.15380E+00
        1433   1.71960E+02   1.20000E-01   7.72670E-02   3.82694E-04   5.01356E-04   0.00000E+00   1.60852E-02   1.00000E+00   0.00000E+00   7.75157E+00   3.13334E-16            15   4.64665E-10   3.15375E+00
        1434   1.72080E+02   1.20000E-01   7.72670E-02   3.83274E-04   5.02901E-04   0.00000E+00   1.60069E-02   1.00000E+00   0.00000E+00   7.75157E+00   3.13958E-16            15   4.62560E-10   3.15370E+00
        1435   1.72200E+02   1.20000E-01   7.72670E-02   3.83843E-04   5.04430E-04   0.00000E+00   1.59284E-02   1.00000E+00   0.00000E+00   7.75157E+00   3.14610E-16            15   4.60477E-10   3.15365E+00
        1436   1.72320E+02   1.20000E-01   7.72670E-02   3.84402E-04   5.05942E-04   0.00000E+00   1.58497E-02   1.00000E+00   0.00000E+00   7.75157E+00   3.15281E-16            15   4.58415E-10   3.15359E+00
        1437   1.72440E+02   1.20000E-01   7.72670E-02   3.84950E-04   5.07438E-04   0.00000E+00   1.57707E-02   1.00000E+00   0.00000E+00   7.75157E+00   3.15953E-16            15   4.56377E-10   3.15354E+00
        1438   1.72560E+02   1.20000E-01   7.72670E-02   3.85487E-04   5.08918E-04   0.00000E+00   1.56915E-02   1.00000E+00   0.00000E+00   7.75157E+00   3.16641E-16            15   4.54363E-10   3.15349E+00
        1439   1.72680E+02   1.20000E-01   7.72670E-02   3.86013E-04   5.10382E-04   0.00000E+00   1.56120E-02   1.00000E+00   0.00000E+00   7.75157E+00   3.17308E-16            15   4.52372E-10   3.15344E+00
        1440   1.72800E+02   1.20000E-01   7.72670E-02   3.86528E-04   5.11829E-04   0.00000E+00   1.55324E-02   1.00000E+00   0.00000E+00   7.75157E+00   3.18012E-16            15   4.50405E-10   3.15339E+00
        1441   1.72920E+02   1.20000E-01   7.72670E-02   3.87033E-04   5.13260E-04   0.00000E+00   1.54525E-02   1.00000E+00   0.00000E+00   7.75157E+00   3.18708E-16            15   4.48461E-10   3.15334E+00
        1442   1.73040E+02   1.20000E-01   7.72670E-02   3.87527E-04   5.14674E-04   0.00000E+00   1.53723E-02   1.00000E+00   0.00000E+00   7.75157E+00   3.19377E-16            15   4.46538E-10   3.15329E+00
        1443   1.73160E+02   1.20000E-01   7.72670E-02   3.88010E-04   5.16072E-04   0.00000E+00   1.52920E-02   1.00000E+00   0.00000E+00   7.75157E+00   3.20051E-16            15   4.44637E-10   3.15324E+00
        1444   1.73280E+02   1.20000E-01   7.72670E-02   3.88482E-04   5.17454E-04   0.00000E+00   1.52114E-02   1.00000E+00   0.00000E+00   7.75157E+00   3.20718E-16            15   4.42755E-10   3.15318E+00
        1445   1.73400E+02   1.20000E-01   7.72670E-02   3.88944E-04   5.18820E-04   0.00000E+00   1.51306E-02   1.00000E+00   0.00000E+00   7.75157E+00   3.21334E-16            15   4.40901E-10   3.15313E+00
        1446   1.73520E+02   1.20000E-01   7.72670E-02   3.89394E-04   5.20169E-04   0.00000E+00   1.50496E-02   1.00000E+00   0.00000E+00   7.75157E+00   3.22023E-16            15   4.38969E-10   3.15308E+00
        1447   1.73640E+02   1.20000E-01   7.72670E-02   3.89834E-04   5.21502E-04   0.00000E+00   1.49684E-02   1.00000E+00   0.00000E+00   7.75157E+00   3.22523E-16            15   4.37267E-10   3.15303E+00
        1448   1.73760E+02   1.20000E-01   7.72670E-02   3.90264E-04   5.22819E-04   0.00000E+00   1.48870E-02   1.00000E+00   0.00000E+00   7.75157E+00   3.23204E-16            15   4.35325E-10   3.15297E+00
        1449   1.73880E+02   1.20000E-01   7.72670E-02   3.90682E-04   5.24120E-04   0.00000E+00   1.48054E-02   1.00000E+00   0.00000E+00   7.75157E+00   3.23610E-16            15   4.33610E-10   3.15292E+00
        1450   1.74000E+02   1.20000E-01   7.72670E-02   3.91090E-04   5.25404E-04   0.00000E+00   1.47235E-02   1.00000E+00   0.00000E+00   7.75157E+00   3.24200E-16            15   4.31772E-10   3.15287E+00
        1451   1.74120E+02   1.20000E-01   7.72670E-02   3.91488E-04   5.26672E-04   0.00000E+00   1.46415E-02   1.00000E+00   0.00000E+00   7.75157E+00   3.24600E-16            15   4.29941E-10   3.15281E+00
        1452   1.74240E+02   1.20000E-01   7.72670E-02   3.91874E-04   5.27923E-04   0.00000E+00   1.45593E-02   1.00000E+00   0.00000E+00   7.75157E+00   3.24923E-16            15   4.28167E-10   3.15276E+00
        1453   1.74360E+02   1.20000E-01   7.72670E-02   3.92250E-04   5.29159E-04   0.00000E+00   1.44768E-02   1.00000E+00   0.00000E+00   7.75157E+00   3.25239E-16            15   4.26382E-10   3.15271E+00
        1454   1.74480E+02   1.20000E-01   7.72670E-02   3.92616E-04   5.30378E-04   0.00000E+00   1.43942E-02   1.00000E+00   0.00000E+00   7.75157E+00   3.25524E-16            15   4.24600E-10   3.15265E+00
        1455   1.74600E+02   1.20000E-01   7.72670E-02   3.92970E-04   5.31581E-04   0.00000E+00   1.43114E-02   1.00000E+00   0.00000E+00   7.75157E+00   3.25744E-16            15   4.22818E-10   3.15260E+00
        1456   1.74720E+02   1.20000E-01   7.72670E-02   3.93314E-04   5.32767E-04   0.00000E+00   1.42284E-02   1.00000E+00   0.00000E+00   7.75157E+00   3.25868E-16            15   4.21035E-10   3.15255E+00
        1457   1.74840E+02   1.20000E-01   7.72670E-02   3.93648E-04   5.33938E-04   0.00000E+00   1.41452E-02   1.00000E+00   0.00000E+00   7.75157E+00   3.26110E-16            15   4.19211E-10   3.15249E+00
        1458   1.74960E+02   1.20000E-01   7.72670E-02   3.93971E-04   5.35092E-04   0.00000E+00   1.40618E-02   1.00000E+00   0.00000E+00   7.75157E+00   3.26070E-16            15   4.17436E-10   3.15244E+00
        1459   1.75080E+02   1.20000E-01   7.72670E-02   3.94283E-04   5.36230E-04   0.00000E+00   1.39782E-02   1.00000E+00   0.00000E+00   7.75157E+00   3.26191E-16            15   4.15572E-10   3.15238E+00
        1460   1.75200E+02   1.20000E-01   7.72670E-02   3.94585E-04   5.37352E-04   0.00000E+00   1.38944E-02   1.00000E+00   0.00000E+00   7.75157E+00   3.26093E-16            15   4.13754E-10   3.15233E+00
        1461   1.75320E+02   1.20000E-01   7.72670E-02   3.94876E-04   5.38457E-04   0.00000E+00   1.38105E-02   1.00000E+00   0.00000E+00   7.75157E+00   3.26002E-16            15   4.11914E-10   3.15227E+00
        1462   1.75440E+02   1.20000E-01   7.72670E-02   3.95157E-04   5.39547E-04   0.00000E+00   1.37264E-02   1.00000E+00   0.00000E+00   7.75157E+00   3.25832E-16            15   4.10061E-10   3.15222E+00
        1463   1.75560E+02   1.20000E-01   7.72670E-02   3.95427E-04   5.40620E-04   0.00000E+00   1.36421E-02   1.00000E+00   0.00000E+00   7.75157E+00   3.25645E-16            15   4.08196E-10   3.15216E+00
        1464   1.75680E+02   1.20000E-01   7.72670E-02   3.95687E-04   5.41677E-04   0.00000E+00   1.35576E-02   1.00000E+00   0.00000E+00   7.75157E+00   3.25383E-16            15   4.06316E-10   3.15211E+00
        1465   1.75800E+02   1.20000E-01   7.72670E-02   3.95936E-04   5.42718E-04   0.00000E+00   1.34730E-02   1.00000E+00   0.00000E+00   7.75157E+00   3.25032E-16            15   4.04422E-10   3.15205E+00
        1466   1.75920E+02   1.20000E-01   7.72670E-02   3.96174E-04   5.43742E-04   0.00000E+00   1.33882E-02   1.00000E+00   0.00000E+00   7.75157E+00   3.24655E-16            15   4.02513E-10   3.15200E+00
        1467   1.76040E+02   1.20000E-01   7.72670E-02   3.96403E-04   5.44751E-04   0.00000E+00   1.33032E-02   1.00000E+00   0.00000E+00   7.75157E+00   3.24214E-16            15   4.00588E-10   3.15194E+00
        1468   1.76160E+02   1.20000E-01   7.72670E-02   3.96621E-04   5.45743E-04   0.00000E+00   1.32181E-02   1.00000E+00   0.00000E+00   7.75157E+00   3.23729E-16            15   3.98647E-10   3.15188E+00
        1469   1.76280E+02   1.20000E-01   7.72670E-02   3.96828E-04   5.46719E-04   0.00000E+00   1.31328E-02   1.00000E+00   0.00000E+00   7.75157E+00   3.23186E-16            15   3.96690E-10   3.15183E+00
        1470   1.76400E+02   1.20000E-01   7.72670E-02   3.97025E-04   5.47680E-04   0.00000E+00   1.30474E-02   1.00000E+00   0.00000E+00   7.75157E+00   3.22583E-16            15   3.94717E-10   3.15177E+00
        1471   1.76520E+02   1.20000E-01   7.72670E-02   3.97212E-04   5.48624E-04   0.00000E+00   1.29618E-02   1.00000E+00   0.00000E+00   7.75157E+00   3.21923E-16            15   3.92726E-10   3.15172E+00
        1472   1.76640E+02   1.20000E-01   7.72670E-02   3.97388E-04   5.49552E-04   0.00000E+00   1.28760E-02   1.00000E+00   0.00000E+00   7.75157E+00   3.21229E-16            15   3.90720E-10   3.15166E+00
        1473   1.76760E+02   1.20000E-01   7.72670E-02   3.97554E-04   5.50463E-04   0.00000E+00   1.27901E-02   1.00000E+00   0.00000E+00   7.75157E+00   3.20518E-16            15   3.88696E-10   3.15160E+00
        1474   1.76880E+02   1.20000E-01   7.72670E-02   3.97710E-04   5.51359E-04   0.00000E+00   1.27041E-02   1.00000E+00   0.00000E+00   7.75157E+00   3.19696E-16            15   3.86656E-10   3.15155E+00
        1475   1.77000E+02   1.20000E-01   7.72670E-02   3.97855E-04   5.52239E-04   0.00000E+00   1.26179E-02   1.00000E+00   0.00000E+00   7.75157E+00   3.18859E-16            15   3.84599E-10   3.15149E+00
        1476   1.77120E+02   1.20000E-01   7.72670E-02   3.97990E-04   5.53103E-04   0.00000E+00   1.25315E-02   1.00000E+00   0.00000E+00   7.75157E+00   3.17969E-16            15   3.82526E-10   3.15143E+00
        1477   1.77240E+02   1.20000E-01   7.72670E-02   3.98115E-04   5.53950E-04   0.00000E+00   1.24450E-02   1.00000E+00   0.00000E+00   7.75157E+00   3.17024E-16            15   3.80437E-10   3.15137E+00
        1478   1.77360E+02   1.20000E-01   7.72670E-02   3.98229E-04   5.54782E-04   0.00000E+00   1.23584E-02   1.00000E+00   0.00000E+00   7.75157E+00   3.16669E-16            15   3.78332E-10   3.15132E+00
        1479   1.77480E+02   1.20000E-01   7.72670E-02   3.98333E-04   5.55598E-04   0.00000E+00   1.22716E-02   1.00000E+00   0.00000E+00   7.75157E+00   3.16344E-16            15   3.76211E-10   3.15126E+00
        1480   1.77600E+02   1.20000E-01   7.72670E-02   3.98427E-04   5.56398E-04   0.00000E+00   1.21848E-02   1.00000E+00   0.00000E+00   7.75157E+00   3.16017E-16            15   3.74076E-10   3.15120E+00
        1481   1.77720E+02   1.20000E-01   7.72670E-02   3.98511E-04   5.57181E-04   0.00000E+00   1.20977E-02   1.00000E+00   0.00000E+00   7.75157E+00   3.15633E-16            15   3.71925E-10   3.15114E+00
        1482   1.77840E+02   1.20000E-01   7.72670E-02   3.98585E-04   5.57949E-04   0.00000E+00   1.20106E-02   1.00000E+00   0.00000E+00   7.75157E+00   3.15287E-16            15   3.69760E-10   3.15109E+00
        1483   1.77960E+02   1.20000E-01   7.72670E-02   3.98648E-04   5.58701E-04   0.00000E+00   1.19233E-02   1.00000E+00   0.00000E+00   7.75157E+00   3.14861E-16            15   3.67581E-10   3.15103E+00
        1484   1.78080E+02   1.20000E-01   7.72670E-02   3.98702E-04   5.59437E-04   0.00000E+00   1.18359E-02   1.00000E+00   0.00000E+00   7.75157E+00   3.14497E-16            15   3.65388E-10   3.15097E+00
        1485   1.78200E+02   1.20000E-01   7.72670E-02   3.98745E-04   5.60157E-04   0.00000E+00   1.17484E-02   1.00000E+00   0.00000E+00   7.75157E+00   3.13996E-16            15   3.63182E-10   3.15091E+00
        1486   1.78320E+02   1.20000E-01   7.72670E-02   3.98778E-04   5.60862E-04   0.00000E+00   1.16607E-02   1.00000E+00   0.00000E+00   7.75157E+00   3.13544E-16            15   3.60964E-10   3.15085E+00
        1487   1.78440E+02   1.20000E-01   7.72670E-02   3.98801E-04   5.61550E-04   0.00000E+00   1.15730E-02   1.00000E+00   0.00000E+00   7.75157E+00   3.13146E-16            15   3.58733E-10   3.15080E+00
        1488   1.78560E+02   1.20000E-01   7.72670E-02   3.98814E-04   5.62223E-04   0.00000E+00   1.14851E-02   1.00000E+00   0.00000E+00   7.75157E+00   3.12667E-16            15   3.56491E-10   3.15074E+00
        1489   1.78680E+02   1.20000E-01   7.72670E-02   3.98817E-04   5.62879E-04   0.00000E+00   1.13971E-02   1.00000E+00   0.00000E+00   7.75157E+00   3.12111E-16            15   3.54238E-10   3.15068E+00
        1490   1.78800E+02   1.20000E-01   7.72670E-02   3.98810E-04   5.63520E-04   0.00000E+00   1.13090E-02   1.00000E+00   0.00000E+00   7.75157E+00   3.11674E-16            15   3.51975E-10   3.15062E+00
        1491   1.78920E+02   1.20000E-01   7.72670E-02   3.98793E-04   5.64146E-04   0.00000E+00   1.12208E-02   1.00000E+00   0.00000E+00   7.75157E+00   3.11191E-16            15   3.49701E-10   3.15056E+00
        1492   1.79040E+02   1.20000E-01   7.72670E-02   3.98766E-04   5.64755E-04   0.00000E+00   1.11324E-02   1.00000E+00   0.00000E+00   7.75157E+00   3.10649E-16            15   3.47419E-10   3.15050E+00
        1493   1.79160E+02   1.20000E-01   7.72670E-02   3.98729E-04   5.65349E-04   0.00000E+00   1.10440E-02   1.00000E+00   0.00000E+00   7.75157E+00   3.10134E-16            15   3.45128E-10   3.15044E+00
        1494   1.79280E+02   1.20000E-01   7.72670E-02   3.98682E-04   5.65927E-04   0.00000E+00   1.09555E-02   1.00000E+00   0.00000E+00   7.75157E+00   3.09516E-16            15   3.42830E-10   3.15038E+00
        1495   1.79400E+02   1.20000E-01   7.72670E-02   3.98625E-04   5.66489E-04   0.00000E+00   1.08669E-02   1.00000E+00   0.00000E+00   7.75157E+00   3.09008E-16            15   3.40525E-10   3.15032E+00
        1496   1.79520E+02   1.20000E-01   7.72670E-02   3.98559E-04   5.67036E-04   0.00000E+00   1.07782E-02   1.00000E+00   0.00000E+00   7.75157E+00   3.08379E-16            15   3.38214E-10   3.15026E+00
        1497   1.79640E+02   1.20000E-01   7.72670E-02   3.98482E-04   5.67567E-04   0.00000E+00   1.06894E-02   1.00000E+00   0.00000E+00   7.75157E+00   3.07739E-16            15   3.35897E-10   3.15021E+00
        1498   1.79760E+02   1.20000E-01   7.72670E-02   3.98396E-04   5.68083E-04   0.00000E+00   1.06005E-02   1.00000E+00   0.00000E+00   7.75157E+00   3.07205E-16            15   3.33575E-10   3.15015E+00
        1499   1.79880E+02   1.20000E-01   7.72670E-02   3.98300E-04   5.68582E-04   0.00000E+00   1.05115E-02   1.00000E+00   0.00000E+00   7.75157E+00   3.06569E-16            15   3.31250E-10   3.15009E+00
        1500   1.80000E+02   1.20000E-01   7.72670E-02   3.98194E-04   5.69067E-04   0.00000E+00   1.04224E-02   1.00000E+00   0.00000E+00   7.75157E+00   3.05895E-16            15   3.28921E-10   3.15003E+00
        1501   1.80120E+02   1.20000E-01   7.72670E-02   3.98078E-04   5.69535E-04   0.00000E+00   1.03332E-02   1.00000E+00   0.00000E+00   7.75157E+00   3.05244E-16            15   3.26591E-10   3.14997E+00
        1502   1.80240E+02   1.20000E-01   7.72670E-02   3.97952E-04   5.69988E-04   0.00000E+00   1.02440E-02   1.00000E+00   0.00000E+00   7.75157E+00   3.04635E-16            15   3.24260E-10   3.14991E+00
        1503   1.80360E+02   1.20000E-01   7.72670E-02   3.97817E-04   5.70426E-04   0.00000E+00   1.01547E-02   1.00000E+00   0.00000E+00   7.75157E+00   3.03957E-16            15   3.21928E-10   3.14985E+00
        1504   1.80480E+02   1.20000E-01   7.72670E-02   3.97672E-04   5.70848E-04   0.00000E+00   1.00653E-02   1.00000E+00   0.00000E+00   7.75157E+00   3.03303E-16            15   3.19597E-10   3.14979E+00
        1505   1.80600E+02   1.20000E-01   7.72670E-02   3.97518E-04   5.71255E-04   0.00000E+00   9.97582E-03   1.00000E+00   0.00000E+00   7.75157E+00   3.02507E-16            15   3.17268E-10   3.14973E+00
        1506   1.80720E+02   1.20000E-01   7.72670E-02   3.97354E-04   5.71646E-04   0.00000E+00   9.88627E-03   1.00000E+00   0.00000E+00   7.75157E+00   3.01802E-16            15   3.14942E-10   3.14967E+00
        1507   1.80840E+02   1.20000E-01   7.72670E-02   3.97180E-04   5.72022E-04   0.00000E+00   9.79666E-03   1.00000E+00   0.00000E+00   7.75157E+00   3.01025E-16            15   3.12620E-10   3.14961E+00
        1508   1.80960E+02   1.20000E-01   7.72670E-02   3.96996E-04   5.72383E-04   0.00000E+00   9.70697E-03   1.00000E+00   0.00000E+00   7.75157E+00   3.00327E-16            15   3.10302E-10   3.14955E+00
        1509   1.81080E+02   1.20000E-01   7.72670E-02   3.96803E-04   5.72728E-04   0.00000E+00   9.61723E-03   1.00000E+00   0.00000E+00   7.75157E+00   2.99599E-16            15   3.07992E-10   3.14949E+00
        1510   1.81200E+02   1.20000E-01   7.72670E-02   3.96601E-04   5.73057E-04   0.00000E+00   9.52741E-03   1.00000E+00   0.00000E+00   7.75157E+00   2.98854E-16            15   3.05688E-10   3.14942E+00
        1511   1.81320E+02   1.20000E-01   7.72670E-02   3.96389E-04   5.73372E-04   0.00000E+00   9.43754E-03   1.00000E+00   0.00000E+00   7.75157E+00   2.97975E-16            15   3.03393E-10   3.14936E+00
        1512   1.81440E+02   1.20000E-01   7.72670E-02   3.96167E-04   5.73671E-04   0.00000E+00   9.34761E-03   1.00000E+00   0.00000E+00   7.75157E+00   2.97219E-16            15   3.01108E-10   3.14930E+00
        1513   1.81560E+02   1.20000E-01   7.72670E-02   3.95936E-04   5.73955E-04   0.00000E+00   9.25763E-03   1.00000E+00   0.00000E+00   7.75157E+00   2.96494E-16            15   2.98834E-10   3.14924E+00
        1514   1.81680E+02   1.20000E-01   7.72670E-02   3.95695E-04   5.74224E-04   0.00000E+00   9.16759E-03   1.00000E+00   0.00000E+00   7.75157E+00   2.95645E-16            15   2.96573E-10   3.14918E+00
        1515   1.81800E+02   1.20000E-01   7.72670E-02   3.95445E-04   5.74477E-04   0.00000E+00   9.07750E-03   1.00000E+00   0.00000E+00   7.75157E+00   2.94770E-16            15   2.94325E-10   3.14912E+00
        1516   1.81920E+02   1.20000E-01   7.72670E-02   3.95186E-04   5.74716E-04   0.00000E+00   8.98736E-03   1.00000E+00   0.00000E+00   7.75157E+00   2.93950E-16            15   2.92093E-10   3.14906E+00
        1517   1.82040E+02   1.20000E-01   7.72670E-02   3.94917E-04   5.74939E-04   0.00000E+00   8.89717E-03   1.00000E+00   0.00000E+00   7.75157E+00   2.93022E-16            15   2.89878E-10   3.14900E+00
        1518   1.82160E+02   1.20000E-01   7.72670E-02   3.94639E-04   5.75147E-04   0.00000E+00   8.80694E-03   1.00000E+00   0.00000E+00   7.75157E+00   2.92220E-16            15   2.87680E-10   3.14894E+00
        1519   1.82280E+02   1.20000E-01   7.72670E-02   3.94352E-04   5.75340E-04   0.00000E+00   8.71666E-03   1.00000E+00   0.00000E+00   7.75157E+00   2.91258E-16            15   2.85503E-10   3.14888E+00
        1520   1.82400E+02   1.20000E-01   7.72670E-02   3.94055E-04   5.75518E-04   0.00000E+00   8.62635E-03   1.00000E+00   0.00000E+00   7.75157E+00   2.90444E-16            15   2.83347E-10   3.14882E+00
        1521   1.82520E+02   1.20000E-01   7.72670E-02   3.93750E-04   5.75681E-04   0.00000E+00   8.53600E-03   1.00000E+00   0.00000E+00   7.75157E+00   2.89507E-16            15   2.81214E-10   3.14875E+00
        1522   1.82640E+02   1.20000E-01   7.72670E-02   3.93434E-04   5.75829E-04   0.00000E+00   8.44562E-03   1.00000E+00   0.00000E+00   7.75157E+00   2.88512E-16            15   2.79106E-10   3.14869E+00
        1523   1.82760E+02   1.20000E-01   7.72670E-02   3.93110E-04   5.75962E-04   0.00000E+00   8.35520E-03   1.00000E+00   0.00000E+00   7.75157E+00   2.87644E-16            15   2.77025E-10   3.14863E+00
        1524   1.82880E+02   1.20000E-01   7.72670E-02   3.92777E-04   5.76080E-04   0.00000E+00   8.26475E-03   1.00000E+00   0.00000E+00   7.75157E+00   2.86705E-16            15   2.74971E-10   3.14857E+00
        1525   1.83000E+02   1.20000E-01   7.72670E-02   3.92434E-04   5.76183E-04   0.00000E+00   8.17427E-03   1.00000E+00   0.00000E+00   7.75157E+00   2.85656E-16            15   2.72947E-10   3.14851E+00
        1526   1.83120E+02   1.20000E-01   7.72670E-02   3.92082E-04   5.76272E-04   0.00000E+00   8.08377E-03   1.00000E+00   0.00000E+00   7.75157E+00   2.84629E-16            15   2.70955E-10   3.14845E+00
        1527   1.83240E+02   1.20000E-01   7.72670E-02   3.91721E-04   5.76345E-04   0.00000E+00   7.99324E-03   1.00000E+00   0.00000E+00   7.75157E+00   2.83693E-16            15   2.68996E-10   3.14839E+00
        1528   1.83360E+02   1.20000E-01   7.72670E-02   3.91351E-04   5.76404E-04   0.00000E+00   7.90270E-03   1.00000E+00   0.00000E+00   7.75157E+00   2.82700E-16            15   2.67073E-10   3.14832E+00
        1529   1.83480E+02   1.20000E-01   7.72670E-02   3.90973E-04   5.76448E-04   0.00000E+00   7.81213E-03   1.00000E+00   0.00000E+00   7.75157E+00   2.81647E-16            15   2.65185E-10   3.14826E+00
        1530   1.83600E+02   1.20000E-01   7.72670E-02   3.90585E-04   5.76477E-04   0.00000E+00   7.72155E-03   1.00000E+00   0.00000E+00   7.75157E+00   2.80507E-16            15   2.63335E-10   3.14820E+00
        1531   1.83720E+02   1.20000E-01   7.72670E-02   3.90188E-04   5.76491E-04   0.00000E+00   7.63095E-03   1.00000E+00   0.00000E+00   7.75157E+00   2.79495E-16            15   2.61603E-10   3.14814E+00
        1532   1.83840E+02   1.20000E-01   7.72670E-02   3.89782E-04   5.76491E-04   0.00000E+00   7.54034E-03   1.00000E+00   0.00000E+00   7.75157E+00   2.78391E-16            15   2.60021E-10   3.14808E+00
        1533   1.83960E+02   1.20000E-01   7.72670E-02   3.89367E-04   5.76476E-04   0.00000E+00   7.44972E-03   1.00000E+00   0.00000E+00   7.75157E+00   2.77407E-16            15   2.58452E-10   3.14802E+00
        1534   1.84080E+02   1.20000E-01   7.72670E-02   3.88943E-04   5.76446E-04   0.00000E+00   7.35909E-03   1.00000E+00   0.00000E+00   7.75157E+00   2.76279E-16            15   2.56918E-10   3.14795E+00
        1535   1.84200E+02   1.20000E-01   7.72670E-02   3.88511E-04   5.76402E-04   0.00000E+00   7.26845E-03   1.00000E+00   0.00000E+00   7.75157E+00   2.75163E-16            15   2.55417E-10   3.14789E+00
        1536   1.84320E+02   1.20000E-01   7.72670E-02   3.88069E-04   5.76344E-04   0.00000E+00   7.17782E-03   1.00000E+00   0.00000E+00   7.75157E+00   2.74066E-16            15   2.53985E-10   3.14783E+00
        1537   1.84440E+02   1.20000E-01   7.72670E-02   3.87619E-04   5.76271E-04   0.00000E+00   7.08718E-03   1.00000E+00   0.00000E+00   7.75157E+00   2.72966E-16            15   2.52532E-10   3.14777E+00
        1538   1.84560E+02   1.20000E-01   7.72670E-02   3.87160E-04   5.76183E-04   0.00000E+00   6.99655E-03   1.00000E+00   0.00000E+00   7.75157E+00   2.71736E-16            15   2.51197E-10   3.14771E+00
        1539   1.84680E+02   1.20000E-01   7.72670E-02   3.86692E-04   5.76081E-04   0.00000E+00   6.90592E-03   1.00000E+00   0.00000E+00   7.75157E+00   2.70637E-16            15   2.49792E-10   3.14764E+00
        1540   1.84800E+02   1.20000E-01   7.72670E-02   3.86216E-04   5.75964E-04   0.00000E+00   6.81530E-03   1.00000E+00   0.00000E+00   7.75157E+00   2.69425E-16            15   2.48599E-10   3.14758E+00
        1541   1.84920E+02   1.20000E-01   7.72670E-02   3.85731E-04   5.75833E-04   0.00000E+00   6.72468E-03   1.00000E+00   0.00000E+00   7.75157E+00   2.68090E-16            15   2.47378E-10   3.14752E+00
        1542   1.85040E+02   1.20000E-01   7.72670E-02   3.85237E-04   5.75688E-04   0.00000E+00   6.63406E-03   1.00000E+00   0.00000E+00   7.75157E+00   2.66845E-16            15   2.46790E-10   3.14746E+00
        1543   1.85160E+02   1.20000E-01   7.72670E-02   3.84735E-04   5.75529E-04   0.00000E+00   6.54348E-03   1.00000E+00   0.00000E+00   7.75157E+00   2.65675E-16            15   2.44208E-10   3.14740E+00
        1544   1.85280E+02   1.20000E-01   7.72670E-02   3.84224E-04   5.75355E-04   0.00000E+00   6.45290E-03   1.00000E+00   0.00000E+00   7.75157E+00   2.64326E-16            15   2.43997E-10   3.14733E+00
        1545   1.85400E+02   1.20000E-01   7.72670E-02   3.83705E-04   5.75167E-04   0.00000E+00   6.36233E-03   1.00000E+00   0.00000E+00   7.75157E+00   2.62925E-16            15   2.43217E-10   3.14727E+00
        1546   1.85520E+02   1.20000E-01   7.72670E-02   3.83177E-04   5.74964E-04   0.00000E+00   6.27179E-03   1.00000E+00   0.00000E+00   7.75157E+00   2.61591E-16            15   2.42282E-10   3.14721E+00
        1547   1.85640E+02   1.20000E-01   7.72670E-02   3.82640E-04   5.74748E-04   0.00000E+00   6.18126E-03   1.00000E+00   0.00000E+00   7.75157E+00   2.60295E-16            15   2.41426E-10   3.14715E+00
        1548   1.85760E+02   1.20000E-01   7.72670E-02   3.82095E-04   5.74517E-04   0.00000E+00   6.09076E-03   1.00000E+00   0.00000E+00   7.75157E+00   2.58967E-16            15   2.40588E-10   3.14709E+00
        1549   1.85880E+02   1.20000E-01   7.72670E-02   3.81542E-04   5.74273E-04   0.00000E+00   6.00028E-03   1.00000E+00   0.00000E+00   7.75157E+00   2.57470E-16            15   2.39870E-10   3.14702E+00
        1550   1.86000E+02   1.20000E-01   7.72670E-02   3.80980E-04   5.74014E-04   0.00000E+00   5.90984E-03   1.00000E+00   0.00000E+00   7.75157E+00   2.56072E-16            15   2.39179E-10   3.14696E+00
        1551   1.86120E+02   1.20000E-01   7.72670E-02   3.80410E-04   5.73741E-04   0.00000E+00   5.81942E-03   1.00000E+00   0.00000E+00   7.75157E+00   2.54696E-16            15   2.38611E-10   3.14690E+00
        1552   1.86240E+02   1.20000E-01   7.72670E-02   3.79832E-04   5.73454E-04   0.00000E+00   5.72905E-03   1.00000E+00   0.00000E+00   7.75157E+00   2.53145E-16            15   2.38069E-10   3.14684E+00
        1553   1.86360E+02   1.20000E-01   7.72670E-02   3.79245E-04   5.73167E-04   0.00000E+00   5.63870E-03   1.00000E+00   0.00000E+00   7.75157E+00   2.51669E-16            15   2.37652E-10   3.14678E+00
        1554   1.86480E+02   1.20000E-01   7.72670E-02   3.78650E-04   5.72867E-04   0.00000E+00   5.54839E-03   1.00000E+00   0.00000E+00   7.75157E+00   2.50084E-16            15   2.37258E-10   3.14671E+00
        1555   1.86600E+02   1.20000E-01   7.72670E-02   3.78047E-04   5.72552E-04   0.00000E+00   5.45812E-03   1.00000E+00   0.00000E+00   7.75157E+00   2.48568E-16            15   2.36993E-10   3.14665E+00
        1556   1.86720E+02   1.20000E-01   7.72670E-02   3.77436E-04   5.72223E-04   0.00000E+00   5.36798E-03   1.00000E+00   0.00000E+00   7.75157E+00   2.47520E-16            15   2.31511E-10   3.14659E+00
        1557   1.86840E+02   1.20000E-01   7.72670E-02   3.76816E-04   5.71881E-04   0.00000E+00   5.27779E-03   1.00000E+00   0.00000E+00   7.75157E+00   2.47174E-16            15   2.36128E-10   3.14653E+00
        1558   1.86960E+02   1.20000E-01   7.72670E-02   3.76188E-04   5.71524E-04   0.00000E+00   5.18766E-03   1.00000E+00   0.00000E+00   7.75157E+00   2.47275E-16            15   2.36029E-10   3.14647E+00
        1559   1.87080E+02   1.20000E-01   7.72670E-02   3.75553E-04   5.71153E-04   0.00000E+00   5.09758E-03   1.00000E+00   0.00000E+00   7.75157E+00   2.47039E-16            15   2.36059E-10   3.14640E+00
        1560   1.87200E+02   1.20000E-01   7.72670E-02   3.74909E-04   5.70769E-04   0.00000E+00   5.00755E-03   1.00000E+00   0.00000E+00   7.75157E+00   2.46929E-16            15   2.36106E-10   3.14634E+00
        1561   1.87320E+02   1.20000E-01   7.72670E-02   3.74257E-04   5.70370E-04   0.00000E+00   4.91756E-03   1.00000E+00   0.00000E+00   7.75157E+00   2.46751E-16            15   2.36284E-10   3.14628E+00
        1562   1.87440E+02   1.20000E-01   7.72670E-02   3.73597E-04   5.69958E-04   0.00000E+00   4.82764E-03   1.00000E+00   0.00000E+00   7.75157E+00   2.46856E-16            15   2.36475E-10   3.14622E+00
        1563   1.87560E+02   1.20000E-01   7.72670E-02   3.72929E-04   5.69532E-04   0.00000E+00   4.73777E-03   1.00000E+00   0.00000E+00   7.75157E+00   2.47072E-16            15   2.36796E-10   3.14616E+00
        1564   1.87680E+02   1.20000E-01   7.72670E-02   3.72253E-04   5.69092E-04   0.00000E+00   4.64795E-03   1.00000E+00   0.00000E+00   7.75157E+00   2.46762E-16            15   2.37155E-10   3.14609E+00
        1565   1.87800E+02   1.20000E-01   7.72670E-02   3.71570E-04   5.68639E-04   0.00000E+00   4.55820E-03   1.00000E+00   0.00000E+00   7.75157E+00   2.46783E-16            15   2.37583E-10   3.14603E+00
        1566   1.87920E+02   1.20000E-01   7.72670E-02   3.70878E-04   5.68172E-04   0.00000E+00   4.46851E-03   1.00000E+00   0.00000E+00   7.75157E+00   2.46514E-16            15   2.38077E-10   3.14597E+00
        1567   1.88040E+02   1.20000E-01   7.72670E-02   3.70179E-04   5.67691E-04   0.00000E+00   4.37889E-03   1.00000E+00   0.00000E+00   7.75157E+00   2.46460E-16            15   2.38634E-10   3.14591E+00
        1568   1.88160E+02   1.20000E-01   7.72670E-02   3.69472E-04   5.67197E-04   0.00000E+00   4.28933E-03   1.00000E+00   0.00000E+00   7.75157E+00   2.46118E-16            15   2.39255E-10   3.14585E+00
        1569   1.88280E+02   1.20000E-01   7.72670E-02   3.68757E-04   5.66689E-04   0.00000E+00   4.19984E-03   1.00000E+00   0.00000E+00   7.75157E+00   2.45845E-16            15   2.39935E-10   3.14578E+00
        1570   1.88400E+02   1.20000E-01   7.72670E-02   3.68034E-04   5.66168E-04   0.00000E+00   4.11043E-03   1.00000E+00   0.00000E+00   7.75157E+00   2.45983E-16            15   2.40673E-10   3.14572E+00
        1571   1.88520E+02   1.20000E-01   7.72670E-02   3.67304E-04   5.65633E-04   0.00000E+00   4.02109E-03   1.00000E+00   0.00000E+00   7.75157E+00   2.45605E-16            15   2.41466E-10   3.14566E+00
        1572   1.88640E+02   1.20000E-01   7.72670E-02   3.66566E-04   5.65085E-04   0.00000E+00   3.93183E-03   1.00000E+00   0.00000E+00   7.75157E+00   2.45222E-16            15   2.42312E-10   3.14560E+00
        1573   1.88760E+02   1.20000E-01   7.72670E-02   3.65820E-04   5.64524E-04   0.00000E+00   3.84264E-03   1.00000E+00   0.00000E+00   7.75157E+00   2.45087E-16            15   2.43208E-10   3.14554E+00
        1574   1.88880E+02   1.20000E-01   7.72670E-02   3.65067E-04   5.63949E-04   0.00000E+00   3.75354E-03   1.00000E+00   0.00000E+00   7.75157E+00   2.44613E-16            15   2.44151E-10   3.14547E+00
        1575   1.89000E+02   1.20000E-01   7.72670E-02   3.64306E-04   5.63361E-04   0.00000E+00   3.66452E-03   1.00000E+00   0.00000E+00   7.75157E+00   2.44359E-16            15   2.45137E-10   3.14541E+00
        1576   1.89120E+02   1.20000E-01   7.72670E-02   3.63538E-04   5.62760E-04   0.00000E+00   3.57558E-03   1.00000E+00   0.00000E+00   7.75157E+00   2.43931E-16            15   2.46164E-10   3.14535E+00
        1577   1.89240E+02   1.20000E-01   7.72670E-02   3.62762E-04   5.62146E-04   0.00000E+00   3.48674E-03   1.00000E+00   0.00000E+00   7.75157E+00   2.43576E-16            15   2.47227E-10   3.14529E+00
        1578   1.89360E+02   1.20000E-01   7.72670E-02   3.61979E-04   5.61518E-04   0.00000E+00   3.39798E-03   1.00000E+00   0.00000E+00   7.75157E+00   2.43033E-16            15   2.48325E-10   3.14523E+00
        1579   1.89480E+02   1.20000E-01   7.72670E-02   3.61189E-04   5.60878E-04   0.00000E+00   3.30931E-03   1.00000E+00   0.00000E+00   7.75157E+00   2.42678E-16            15   2.49451E-10   3.14517E+00
        1580   1.89600E+02   1.20000E-01   7.72670E-02   3.60391E-04   5.60224E-04   0.00000E+00   3.22073E-03   1.00000E+00   0.00000E+00   7.75157E+00   2.42023E-16            15   2.50604E-10   3.14510E+00
        1581   1.89720E+02   1.20000E-01   7.72670E-02   3.59585E-04   5.59558E-04   0.00000E+00   3.13225E-03   1.00000E+00   0.00000E+00   7.75157E+00   2.41523E-16            15   2.51779E-10   3.14504E+00
        1582   1.89840E+02   1.20000E-01   7.72670E-02   3.58773E-04   5.58879E-04   0.00000E+00   3.04387E-03   1.00000E+00   0.00000E+00   7.75157E+00   2.40884E-16            15   2.52972E-10   3.14498E+00
        1583   1.89960E+02   1.20000E-01   7.72670E-02   3.57953E-04   5.58186E-04   0.00000E+00   2.95559E-03   1.00000E+00   0.00000E+00   7.75157E+00   2.40467E-16            15   2.54179E-10   3.14492E+00
        1584   1.90080E+02   1.20000E-01   7.72670E-02   3.57126E-04   5.57481E-04   0.00000E+00   2.86741E-03   1.00000E+00   0.00000E+00   7.75157E+00   2.39668E-16            15   2.55443E-10   3.14486E+00
        1585   1.90200E+02   1.20000E-01   7.72670E-02   3.56291E-04   5.56763E-04   0.00000E+00   2.77933E-03   1.00000E+00   0.00000E+00   7.75157E+00   2.38518E-16            15   2.56614E-10   3.14480E+00
        1586   1.90320E+02   1.20000E-01   7.72670E-02   3.55450E-04   5.56033E-04   0.00000E+00   2.69136E-03   1.00000E+00   0.00000E+00   7.75157E+00   2.37953E-16            15   2.57820E-10   3.14473E+00
        1587   1.90440E+02   1.20000E-01   7.72670E-02   3.54601E-04   5.55289E-04   0.00000E+00   2.60350E-03   1.00000E+00   0.00000E+00   7.75157E+00   2.36852E-16            15   2.58966E-10   3.14467E+00
        1588   1.90560E+02   1.20000E-01   7.72670E-02   3.53745E-04   5.54533E-04   0.00000E+00   2.51575E-03   1.00000E+00   0.00000E+00   7.75157E+00   2.35985E-16            15   2.60267E-10   3.14461E+00
        1589   1.90680E+02   1.20000E-01   7.72670E-02   3.52883E-04   5.53765E-04   0.00000E+00   2.42812E-03   1.00000E+00   0.00000E+00   7.75157E+00   2.35446E-16            15   2.61462E-10   3.14455E+00
        1590   1.90800E+02   1.20000E-01   7.72670E-02   3.52013E-04   5.52984E-04   0.00000E+00   2.34060E-03   1.00000E+00   0.00000E+00   7.75157E+00   2.34240E-16            15   2.62607E-10   3.14449E+00
        1591   1.90920E+02   1.20000E-01   7.72670E-02   3.51136E-04   5.52190E-04   0.00000E+00   2.25319E-03   1.00000E+00   0.00000E+00   7.75157E+00   2.33325E-16            15   2.63776E-10   3.14443E+00
        1592   1.91040E+02   1.20000E-01   7.72670E-02   3.50252E-04   5.51384E-04   0.00000E+00   2.16589E-03   1.00000E+00   0.00000E+00   7.75157E+00   2.31823E-16            15   2.64945E-10   3.14437E+00
        1593   1.91160E+02   1.20000E-01   7.72670E-02   3.49362E-04   5.50566E-04   0.00000E+00   2.07873E-03   1.00000E+00   0.00000E+00   7.75157E+00   2.30433E-16            15   2.65997E-10   3.14431E+00
        1594   1.91280E+02   1.20000E-01   7.72670E-02   3.48464E-04   5.49735E-04   0.00000E+00   1.99167E-03   1.00000E+00   0.00000E+00   7.75157E+00   2.29276E-16            15   2.67102E-10   3.14425E+00
        1595   1.91400E+02   1.20000E-01   7.72670E-02   3.47560E-04   5.48892E-04   0.00000E+00   1.90474E-03   1.00000E+00   0.00000E+00   7.75157E+00   2.28249E-16            15   2.68138E-10   3.14418E+00
        1596   1.91520E+02   1.20000E-01   7.72670E-02   3.46648E-04   5.48037E-04   0.00000E+00   1.81794E-03   1.00000E+00   0.00000E+00   7.75157E+00   2.26697E-16            15   2.69130E-10   3.14412E+00
        1597   1.91640E+02   1.20000E-01   7.72670E-02   3.45730E-04   5.47170E-04   0.00000E+00   1.73126E-03   1.00000E+00   0.00000E+00   7.75157E+00   2.25739E-16            15   2.70079E-10   3.14406E+00
        1598   1.91760E+02   1.20000E-01   7.72670E-02   3.44806E-04   5.46290E-04   0.00000E+00   1.64471E-03   1.00000E+00   0.00000E+00   7.75157E+00   2.24476E-16            15   2.70948E-10   3.14400E+00
        1599   1.91880E+02   1.20000E-01   7.72670E-02   3.43874E-04   5.45398E-04   0.00000E+00   1.55829E-03   1.00000E+00   0.00000E+00   7.75157E+00   2.23290E-16            15   2.71772E-10   3.14394E+00
        1600   1.92000E+02   1.20000E-01   7.72670E-02   3.42936E-04   5.44495E-04   0.00000E+00   1.47201E-03   1.00000E+00   0.00000E+00   7.75157E+00   2.21708E-16            15   2.72524E-10   3.14388E+00
        1601   1.92120E+02   1.20000E-01   7.72670E-02   3.41992E-04   5.43579E-04   0.00000E+00   1.38587E-03   1.00000E+00   0.00000E+00   7.75157E+00   2.20783E-16            15   2.73168E-10   3.14382E+00
        1602   1.92240E+02   1.20000E-01   7.72670E-02   3.41040E-04   5.42652E-04   0.00000E+00   1.29986E-03   1.00000E+00   0.00000E+00   7.75157E+00   2.19245E-16            15   2.73648E-10   3.14376E+00
        1603   1.92360E+02   1.20000E-01   7.72670E-02   3.40083E-04   5.41712E-04   0.00000E+00   1.21399E-03   1.00000E+00   0.00000E+00   7.75157E+00   2.18018E-16            15   2.74005E-10   3.14370E+00
        1604   1.92480E+02   1.20000E-01   7.72670E-02   3.39118E-04   5.40761E-04   0.00000E+00   1.12827E-03   1.00000E+00   0.00000E+00   7.75157E+00   2.17227E-16            15   2.74281E-10   3.14364E+00
        1605   1.92600E+02   1.20000E-01   7.72670E-02   3.38147E-04   5.39798E-04   0.00000E+00   1.04269E-03   1.00000E+00   0.00000E+00   7.75157E+00   2.15730E-16            15   2.74471E-10   3.14358E+00
        1606   1.92720E+02   1.20000E-01   7.72670E-02   3.37170E-04   5.38823E-04   0.00000E+00   9.59124E-04   1.00000E+00   0.00000E+00   7.75157E+00   2.14773E-16            15   2.74567E-10   3.14352E+00
        1607   1.92840E+02   1.20000E-01   7.72670E-02   3.36187E-04   5.37837E-04   0.00000E+00   9.47927E-04   1.00000E+00   0.00000E+00   7.75157E+00   2.13875E-16            15   2.74566E-10   3.14346E+00
        1608   1.92960E+02   1.20000E-01   7.72670E-02   3.35197E-04   5.36839E-04   0.00000E+00   9.36724E-04   1.00000E+00   0.00000E+00   7.75157E+00   2.13103E-16            15   2.74461E-10   3.14340E+00
        1609   1.93080E+02   1.20000E-01   7.72670E-02   3.34200E-04   5.35829E-04   0.00000E+00   9.25514E-04   1.00000E+00   0.00000E+00   7.75157E+00   2.12780E-16            15   2.74250E-10   3.14334E+00
        1610   1.93200E+02   1.20000E-01   7.72670E-02   3.33198E-04   5.34808E-04   0.00000E+00   9.14297E-04   1.00000E+00   0.00000E+00   7.75157E+00   2.14300E-16            15   2.73928E-10   3.14328E+00
        1611   1.93320E+02   1.20000E-01   7.72670E-02   3.32189E-04   5.33776E-04   0.00000E+00   9.03073E-04   1.00000E+00   0.00000E+00   7.75157E+00   2.16697E-16            15   2.73493E-10   3.14322E+00
        1612   1.93440E+02   1.20000E-01   7.72670E-02   3.31174E-04   5.32732E-04   0.00000E+00   8.91843E-04   1.00000E+00   0.00000E+00   7.75157E+00   2.18916E-16            15   2.72965E-10   3.14316E+00
        1613   1.93560E+02   1.20000E-01   7.72670E-02   3.30152E-04   5.31677E-04   0.00000E+00   8.80613E-04   1.00000E+00   0.00000E+00   7.75157E+00   2.21329E-16            15   2.72572E-10   3.14310E+00
        1614   1.93680E+02   1.20000E-01   7.72670E-02   3.29125E-04   5.30610E-04   0.00000E+00   8.69384E-04   1.00000E+00   0.00000E+00   7.75157E+00   2.23820E-16            15   2.72224E-10   3.14304E+00
        1615   1.93800E+02   1.20000E-01   7.72670E-02   3.28091E-04   5.29532E-04   0.00000E+00   8.58156E-04   1.00000E+00   0.00000E+00   7.75157E+00   2.26152E-16            15   2.71864E-10   3.14298E+00
        1616   1.93920E+02   1.20000E-01   7.72670E-02   3.27052E-04   5.28444E-04   0.00000E+00   8.46344E-04   1.00000E+00   0.00000E+00   7.75157E+00   2.66399E-16            15   3.25512E-10   3.14292E+00
        1617   1.94040E+02   1.20000E-01   7.72670E-02   3.26005E-04   5.27344E-04   0.00000E+00   8.35198E-04   1.00000E+00   0.00000E+00   7.75157E+00   2.79267E-16            15   4.25277E-10   3.14286E+00
        1618   1.94160E+02   1.20000E-01   7.72670E-02   3.24953E-04   5.26233E-04   0.00000E+00   8.24600E-04   1.00000E+00   0.00000E+00   7.75157E+00   3.00912E-16            15   3.53189E-10   3.14280E+00
        1619   1.94280E+02   1.20000E-01   7.72670E-02   3.23896E-04   5.25112E-04   0.00000E+00   8.12844E-04   1.00000E+00   0.00000E+00   7.75157E+00   2.80992E-16            15   3.29069E-10   3.14275E+00
        1620   1.94400E+02   1.20000E-01   7.72670E-02   3.22832E-04   5.23979E-04   0.00000E+00   8.01697E-04   1.00000E+00   0.00000E+00   7.75157E+00   2.83788E-16            15   4.08284E-10   3.14269E+00
        1621   1.94520E+02   1.20000E-01   7.72670E-02   3.21762E-04   5.22835E-04   0.00000E+00   7.90554E-04   1.00000E+00   0.00000E+00   7.75157E+00   3.40721E-16            15   3.52678E-10   3.14263E+00
        1622   1.94640E+02   1.20000E-01   7.72670E-02   3.20687E-04   5.21680E-04   0.00000E+00   7.79934E-04   1.00000E+00   0.00000E+00   7.75157E+00   2.83087E-16            15   3.75264E-10   3.14257E+00
        1623   1.94760E+02   1.20000E-01   7.72670E-02   3.19606E-04   5.20515E-04   0.00000E+00   7.68240E-04   1.00000E+00   0.00000E+00   7.75157E+00   2.54295E-16            15   3.42116E-10   3.14251E+00
        1624   1.94880E+02   1.20000E-01   7.72670E-02   3.18519E-04   5.19339E-04   0.00000E+00   7.57084E-04   1.00000E+00   0.00000E+00   7.75157E+00   3.37394E-16            15   3.53054E-10   3.14245E+00
        1625   1.95000E+02   1.20000E-01   7.72670E-02   3.17426E-04   5.18152E-04   0.00000E+00   7.82185E-04   1.00000E+00   0.00000E+00   7.75157E+00   3.05797E-16            15   3.54188E-10   3.14239E+00
        1626   1.95120E+02   1.20000E-01   7.72670E-02   3.16328E-04   5.16955E-04   0.00000E+00   8.64214E-04   1.00000E+00   0.00000E+00   7.75157E+00   2.47384E-16            15   3.26564E-10   3.14234E+00
        1627   1.95240E+02   1.20000E-01   7.72670E-02   3.15224E-04   5.15746E-04   0.00000E+00   9.45545E-04   1.00000E+00   0.00000E+00   7.75157E+00   3.15813E-16            15   3.38869E-10   3.14228E+00
        1628   1.95360E+02   1.20000E-01   7.72670E-02   3.14113E-04   5.14527E-04   0.00000E+00   1.02628E-03   1.00000E+00   0.00000E+00   7.75157E+00   3.03709E-16            15   3.13736E-10   3.14222E+00
        1629   1.95480E+02   1.20000E-01   7.72670E-02   3.12999E-04   5.13298E-04   0.00000E+00   1.10691E-03   1.00000E+00   0.00000E+00   7.75157E+00   2.97286E-16            15   2.66728E-10   3.14216E+00
        1630   1.95600E+02   1.20000E-01   7.72670E-02   3.11876E-04   5.12056E-04   0.00000E+00   1.18691E-03   1.00000E+00   0.00000E+00   7.75157E+00   2.95998E-16            15   3.17931E-10   3.14210E+00
        1631   1.95720E+02   1.20000E-01   7.72670E-02   3.10751E-04   5.10806E-04   0.00000E+00   1.26868E-03   1.00000E+00   0.00000E+00   7.75157E+00   2.02905E-16            15   2.55684E-10   3.14205E+00
        1632   1.95840E+02   1.20000E-01   7.72670E-02   3.09616E-04   5.09543E-04   0.00000E+00   1.34797E-03   1.00000E+00   0.00000E+00   7.75157E+00   2.53347E-16            15   3.08584E-10   3.14199E+00
        1633   1.95960E+02   1.20000E-01   7.72670E-02   3.08483E-04   5.08273E-04   0.00000E+00   1.43008E-03   1.00000E+00   0.00000E+00   7.75157E+00   3.02734E-16            15   4.20856E-10   3.14193E+00
        1634   1.96080E+02   1.20000E-01   7.72670E-02   3.07336E-04   5.06988E-04   0.00000E+00   1.50869E-03   1.00000E+00   0.00000E+00   7.75157E+00   2.49624E-16            15   3.25799E-10   3.14187E+00
        1635   1.96200E+02   1.20000E-01   7.72670E-02   3.06196E-04   5.05702E-04   0.00000E+00   1.59514E-03   1.00000E+00   0.00000E+00   7.75157E+00   6.93052E-16            15   8.96616E-10   3.14181E+00
        1636   1.96320E+02   1.20000E-01   7.72670E-02   3.05057E-04   5.04408E-04   0.00000E+00   1.66795E-03   1.00000E+00   0.00000E+00   7.75157E+00   8.16132E-16            15   8.51421E-10   3.14176E+00
        1637   1.96440E+02   1.20000E-01   7.72670E-02   3.03924E-04   5.03119E-04   0.00000E+00   1.75513E-03   1.00000E+00   0.00000E+00   7.75157E+00   2.33381E-16            15   2.91997E-10   3.14170E+00
        1638   1.96560E+02   1.20000E-01   7.72670E-02   3.02844E-04   5.02219E-04   0.00000E+00   1.86174E-03   1.00000E+00   0.00000E+00   7.75157E+00   1.81400E-16            16   2.08733E-10   3.14164E+00
        1639   1.96680E+02   1.20000E-01   7.72670E-02   3.01758E-04   5.01671E-04   0.00000E+00   1.93736E-03   1.00000E+00   0.00000E+00   7.75157E+00   8.78948E-16            15   7.22544E-10   3.14161E+00
        1640   1.96800E+02   1.20000E-01   7.72670E-02   3.00577E-04   5.00769E-04   0.00000E+00   2.01656E-03   1.00000E+00   0.00000E+00   7.75157E+00   7.12415E-16            15   5.85081E-10   3.14153E+00
        1641   1.96920E+02   1.20000E-01   7.72670E-02   2.99423E-04   4.99583E-04   0.00000E+00   2.09527E-03   1.00000E+00   0.00000E+00   7.75157E+00   1.10682E-15            15   8.01036E-10   3.14147E+00
        1642   1.97040E+02   1.20000E-01   7.72670E-02   2.98251E-04   4.98264E-04   0.00000E+00   2.17272E-03   1.00000E+00   0.00000E+00   7.75157E+00   4.38414E-16            15   4.69153E-10   3.14142E+00
        1643   1.97160E+02   1.20000E-01   7.72670E-02   2.97069E-04   4.96917E-04   0.00000E+00   2.24862E-03   1.00000E+00   0.00000E+00   7.75157E+00   4.07356E-16            15   5.66145E-10   3.14136E+00
        1644   1.97280E+02   1.20000E-01   7.72670E-02   2.95881E-04   4.95553E-04   0.00000E+00   2.32546E-03   1.00000E+00   0.00000E+00   7.75157E+00   1.97568E-16            15   3.12959E-10   3.14130E+00
        1645   1.97400E+02   1.20000E-01   7.72670E-02   2.94689E-04   4.94185E-04   0.00000E+00   2.40393E-03   1.00000E+00   0.00000E+00   7.75157E+00   1.08944E-16            15   3.58536E-10   3.14125E+00
        1646   1.97520E+02   1.20000E-01   7.72670E-02   2.93491E-04   4.92803E-04   0.00000E+00   2.47975E-03   1.00000E+00   0.00000E+00   7.75157E+00   3.25521E-16            15   5.16792E-10   3.14119E+00
        1647   1.97640E+02   1.20000E-01   7.72670E-02   2.92289E-04   4.91416E-04   0.00000E+00   2.55613E-03   1.00000E+00   0.00000E+00   7.75157E+00   1.77230E-16            15   2.79302E-10   3.14114E+00
        1648   1.97760E+02   1.20000E-01   7.72670E-02   2.91081E-04   4.90015E-04   0.00000E+00   2.63252E-03   1.00000E+00   0.00000E+00   7.75157E+00   3.10351E-16            15   2.27788E-10   3.14108E+00
        1649   1.97880E+02   1.20000E-01   7.72670E-02   2.89869E-04   4.88609E-04   0.00000E+00   2.70925E-03   1.00000E+00   0.00000E+00   7.75157E+00   2.95298E-16            15   4.85892E-10   3.14102E+00
        1650   1.98000E+02   1.20000E-01   7.72670E-02   2.88653E-04   4.87191E-04   0.00000E+00   2.78469E-03   1.00000E+00   0.00000E+00   7.75157E+00   2.15022E-16            15   3.94635E-10   3.14097E+00
        1651   1.98120E+02   1.20000E-01   7.72670E-02   2.87432E-04   4.85766E-04   0.00000E+00   2.86032E-03   1.00000E+00   0.00000E+00   7.75157E+00   2.13648E-16            15   2.49358E-10   3.14091E+00
        1652   1.98240E+02   1.20000E-01   7.72670E-02   2.86207E-04   4.84329E-04   0.00000E+00   2.93620E-03   1.00000E+00   0.00000E+00   7.75157E+00   2.79256E-16            15   4.64747E-10   3.14086E+00
        1653   1.98360E+02   1.20000E-01   7.72670E-02   2.84977E-04   4.82885E-04   0.00000E+00   3.01097E-03   1.00000E+00   0.00000E+00   7.75157E+00   2.10195E-16            15   3.79553E-10   3.14080E+00
        1654   1.98480E+02   1.20000E-01   7.72670E-02   2.83742E-04   4.81429E-04   0.00000E+00   3.08612E-03   1.00000E+00   0.00000E+00   7.75157E+00   2.52986E-16            15   4.32971E-10   3.14075E+00
        1655   1.98600E+02   1.20000E-01   7.72670E-02   2.82503E-04   4.79968E-04   0.00000E+00   3.16094E-03   1.00000E+00   0.00000E+00   7.75157E+00   2.69315E-16            15   4.79527E-10   3.14069E+00
        1656   1.98720E+02   1.20000E-01   7.72670E-02   2.81260E-04   4.78494E-04   0.00000E+00   3.23493E-03   1.00000E+00   0.00000E+00   7.75157E+00   2.15836E-16            15   3.70991E-10   3.14064E+00
        1657   1.98840E+02   1.20000E-01   7.72670E-02   2.80011E-04   4.77013E-04   0.00000E+00   3.30906E-03   1.00000E+00   0.00000E+00   7.75157E+00   2.33609E-16            15   2.55438E-10   3.14058E+00
        1658   1.98960E+02   1.20000E-01   7.72670E-02   2.78759E-04   4.75521E-04   0.00000E+00   3.38331E-03   1.00000E+00   0.00000E+00   7.75157E+00   2.69567E-16            15   4.50606E-10   3.14053E+00
        1659   1.99080E+02   1.20000E-01   7.72670E-02   2.77502E-04   4.74022E-04   0.00000E+00   3.45661E-03   1.00000E+00   0.00000E+00   7.75157E+00   2.08548E-16            15   3.63418E-10   3.14048E+00
        1660   1.99200E+02   1.20000E-01   7.72670E-02   2.76241E-04   4.72512E-04   0.00000E+00   3.52998E-03   1.00000E+00   0.00000E+00   7.75157E+00   2.37424E-16            15   2.61924E-10   3.14042E+00
        1661   1.99320E+02   1.20000E-01   7.72670E-02   2.74976E-04   4.70996E-04   0.00000E+00   3.60311E-03   1.00000E+00   0.00000E+00   7.75157E+00   2.57646E-16            15   2.62688E-10   3.14037E+00
        1662   1.99440E+02   1.20000E-01   7.72670E-02   2.73706E-04   4.69468E-04   0.00000E+00   3.67597E-03   1.00000E+00   0.00000E+00   7.75157E+00   2.51885E-16            15   2.65966E-10   3.14031E+00
        1663   1.99560E+02   1.20000E-01   7.72670E-02   2.72433E-04   4.67933E-04   0.00000E+00   3.74857E-03   1.00000E+00   0.00000E+00   7.75157E+00   2.49471E-16            15   2.66942E-10   3.14026E+00
        1664   1.99680E+02   1.20000E-01   7.72670E-02   2.71214E-04   4.66388E-04   0.00000E+00   3.82091E-03   1.00000E+00   0.00000E+00   7.75157E+00   2.45393E-16            15   2.69384E-10   3.14021E+00
        1665   1.99800E+02   1.20000E-01   7.72670E-02   2.70412E-04   4.64836E-04   0.00000E+00   3.89300E-03   1.00000E+00   0.00000E+00   7.75157E+00   2.44950E-16            15   2.70297E-10   3.14015E+00
        1666   1.99920E+02   1.20000E-01   7.72670E-02   2.69605E-04   4.63273E-04   0.00000E+00   3.96482E-03   1.00000E+00   0.00000E+00   7.75157E+00   2.42696E-16            15   2.72778E-10   3.14010E+00
        1667   2.00040E+02   1.20000E-01   7.72670E-02   2.68793E-04   4.61704E-04   0.00000E+00   4.03638E-03   1.00000E+00   0.00000E+00   7.75157E+00   2.43194E-16            15   2.73580E-10   3.14005E+00
        1668   2.00160E+02   1.20000E-01   7.72670E-02   2.67976E-04   4.60124E-04   0.00000E+00   4.10768E-03   1.00000E+00   0.00000E+00   7.75157E+00   2.41578E-16            15   2.75770E-10   3.13999E+00
        1669   2.00280E+02   1.20000E-01   7.72670E-02   2.67154E-04   4.58537E-04   0.00000E+00   4.17872E-03   1.00000E+00   0.00000E+00   7.75157E+00   2.42347E-16            15   2.76325E-10   3.13994E+00
        1670   2.00400E+02   1.20000E-01   7.72670E-02   2.66326E-04   4.56941E-04   0.00000E+00   4.24950E-03   1.00000E+00   0.00000E+00   7.75157E+00   2.41081E-16            15   2.78238E-10   3.13989E+00
        1671   2.00520E+02   1.20000E-01   7.72670E-02   2.65494E-04   4.55337E-04   0.00000E+00   4.32002E-03   1.00000E+00   0.00000E+00   7.75157E+00   2.42011E-16            15   2.78580E-10   3.13984E+00
        1672   2.00640E+02   1.20000E-01   7.72670E-02   2.64657E-04   4.53723E-04   0.00000E+00   4.39026E-03   1.00000E+00   0.00000E+00   7.75157E+00   2.41010E-16            15   2.80243E-10   3.13978E+00
        1673   2.00760E+02   1.20000E-01   7.72670E-02   2.63815E-04   4.52103E-04   0.00000E+00   4.46025E-03   1.00000E+00   0.00000E+00   7.75157E+00   2.41929E-16            15   2.80408E-10   3.13973E+00
        1674   2.00880E+02   1.20000E-01   7.72670E-02   2.62967E-04   4.50474E-04   0.00000E+00   4.52996E-03   1.00000E+00   0.00000E+00   7.75157E+00   2.41131E-16            15   2.81849E-10   3.13968E+00
        1675   2.01000E+02   1.20000E-01   7.72670E-02   2.62115E-04   4.48838E-04   0.00000E+00   4.59941E-03   1.00000E+00   0.00000E+00   7.75157E+00   2.41507E-16            15   2.81839E-10   3.13963E+00
        1676   2.01120E+02   1.20000E-01   7.72670E-02   2.61258E-04   4.47192E-04   0.00000E+00   4.66859E-03   1.00000E+00   0.00000E+00   7.75157E+00   2.41832E-16            15   2.83111E-10   3.13958E+00
        1677   2.01240E+02   1.20000E-01   7.72670E-02   2.60397E-04   4.45539E-04   0.00000E+00   4.73751E-03   1.00000E+00   0.00000E+00   7.75157E+00   2.42637E-16            15   2.83031E-10   3.13952E+00
        1678   2.01360E+02   1.20000E-01   7.72670E-02   2.59530E-04   4.43877E-04   0.00000E+00   4.80614E-03   1.00000E+00   0.00000E+00   7.75157E+00   2.42096E-16            15   2.84109E-10   3.13947E+00
        1679   2.01480E+02   1.20000E-01   7.72670E-02   2.58659E-04   4.42208E-04   0.00000E+00   4.87451E-03   1.00000E+00   0.00000E+00   7.75157E+00   2.43022E-16            15   2.83926E-10   3.13942E+00
        1680   2.01600E+02   1.20000E-01   7.72670E-02   2.57783E-04   4.40531E-04   0.00000E+00   4.94261E-03   1.00000E+00   0.00000E+00   7.75157E+00   2.42554E-16            15   2.84856E-10   3.13937E+00
        1681   2.01720E+02   1.20000E-01   7.72670E-02   2.56903E-04   4.38846E-04   0.00000E+00   5.01043E-03   1.00000E+00   0.00000E+00   7.75157E+00   2.43449E-16            15   2.84608E-10   3.13932E+00
        1682   2.01840E+02   1.20000E-01   7.72670E-02   2.56018E-04   4.37153E-04   0.00000E+00   5.07798E-03   1.00000E+00   0.00000E+00   7.75157E+00   2.43188E-16            15   2.85440E-10   3.13927E+00
        1683   2.01960E+02   1.20000E-01   7.72670E-02   2.55128E-04   4.35453E-04   0.00000E+00   5.14526E-03   1.00000E+00   0.00000E+00   7.75157E+00   2.43910E-16            15   2.85131E-10   3.13922E+00
        1684   2.02080E+02   1.20000E-01   7.72670E-02   2.54234E-04   4.33744E-04   0.00000E+00   5.21225E-03   1.00000E+00   0.00000E+00   7.75157E+00   2.43792E-16            15   2.85854E-10   3.13917E+00
        1685   2.02200E+02   1.20000E-01   7.72670E-02   2.53335E-04   4.32028E-04   0.00000E+00   5.27898E-03   1.00000E+00   0.00000E+00   7.75157E+00   2.44540E-16            15   2.85533E-10   3.13912E+00
        1686   2.02320E+02   1.20000E-01   7.72670E-02   2.52431E-04   4.30305E-04   0.00000E+00   5.34542E-03   1.00000E+00   0.00000E+00   7.75157E+00   2.44396E-16            15   2.86161E-10   3.13907E+00
        1687   2.02440E+02   1.20000E-01   7.72670E-02   2.51523E-04   4.28574E-04   0.00000E+00   5.41158E-03   1.00000E+00   0.00000E+00   7.75157E+00   2.45112E-16            15   2.85826E-10   3.13902E+00
        1688   2.02560E+02   1.20000E-01   7.72670E-02   2.50611E-04   4.26835E-04   0.00000E+00   5.47746E-03   1.00000E+00   0.00000E+00   7.75157E+00   2.45191E-16            15   2.86420E-10   3.13897E+00
        1689   2.02680E+02   1.20000E-01   7.72670E-02   2.49694E-04   4.25090E-04   0.00000E+00   5.54307E-03   1.00000E+00   0.00000E+00   7.75157E+00   2.45744E-16            15   2.86080E-10   3.13892E+00
        1690   2.02800E+02   1.20000E-01   7.72670E-02   2.48773E-04   4.23336E-04   0.00000E+00   5.60839E-03   1.00000E+00   0.00000E+00   7.75157E+00   2.45645E-16            15   2.86585E-10   3.13887E+00
        1691   2.02920E+02   1.20000E-01   7.72670E-02   2.47848E-04   4.21576E-04   0.00000E+00   5.67343E-03   1.00000E+00   0.00000E+00   7.75157E+00   2.46460E-16            15   2.86312E-10   3.13882E+00
        1692   2.03040E+02   1.20000E-01   7.72670E-02   2.46918E-04   4.19809E-04   0.00000E+00   5.73818E-03   1.00000E+00   0.00000E+00   7.75157E+00   2.46543E-16            15   2.86742E-10   3.13877E+00
        1693   2.03160E+02   1.20000E-01   7.72670E-02   2.45983E-04   4.18034E-04   0.00000E+00   5.80266E-03   1.00000E+00   0.00000E+00   7.75157E+00   2.46903E-16            15   2.86523E-10   3.13872E+00
        1694   2.03280E+02   1.20000E-01   7.72670E-02   2.45045E-04   4.16252E-04   0.00000E+00   5.86684E-03   1.00000E+00   0.00000E+00   7.75157E+00   2.46957E-16            15   2.87133E-10   3.13867E+00
        1695   2.03400E+02   1.20000E-01   7.72670E-02   2.44102E-04   4.14464E-04   0.00000E+00   5.93074E-03   1.00000E+00   0.00000E+00   7.75157E+00   2.47613E-16            15   2.86578E-10   3.13862E+00
        1696   2.03520E+02   1.20000E-01   7.72670E-02   2.43156E-04   4.12668E-04   0.00000E+00   5.99435E-03   1.00000E+00   0.00000E+00   7.75157E+00   2.47393E-16            15   2.87277E-10   3.13857E+00
        1697   2.03640E+02   1.20000E-01   7.72670E-02   2.42205E-04   4.10865E-04   0.00000E+00   6.05767E-03   1.00000E+00   0.00000E+00   7.75157E+00   2.48198E-16            15   2.86780E-10   3.13853E+00
        1698   2.03760E+02   1.20000E-01   7.72670E-02   2.41249E-04   4.09055E-04   0.00000E+00   6.12070E-03   1.00000E+00   0.00000E+00   7.75157E+00   2.48063E-16            15   2.87437E-10   3.13848E+00
        1699   2.03880E+02   1.20000E-01   7.72670E-02   2.40290E-04   4.07239E-04   0.00000E+00   6.18345E-03   1.00000E+00   0.00000E+00   7.75157E+00   2.48593E-16            15   2.87157E-10   3.13843E+00
        1700   2.04000E+02   1.20000E-01   7.72670E-02   2.39327E-04   4.05416E-04   0.00000E+00   6.24590E-03   1.00000E+00   0.00000E+00   7.75157E+00   2.48582E-16            15   2.87553E-10   3.13838E+00
        1701   2.04120E+02   1.20000E-01   7.72670E-02   2.38360E-04   4.03587E-04   0.00000E+00   6.30805E-03   1.00000E+00   0.00000E+00   7.75157E+00   2.48756E-16            15   2.87444E-10   3.13834E+00
        1702   2.04240E+02   1.20000E-01   7.72670E-02   2.37388E-04   4.01751E-04   0.00000E+00   6.36992E-03   1.00000E+00   0.00000E+00   7.75157E+00   2.48762E-16            15   2.87867E-10   3.13829E+00
        1703   2.04360E+02   1.20000E-01   7.72670E-02   2.36413E-04   3.99908E-04   0.00000E+00   6.43149E-03   1.00000E+00   0.00000E+00   7.75157E+00   2.48988E-16            15   2.87815E-10   3.13824E+00
        1704   2.04480E+02   1.20000E-01   7.72670E-02   2.35434E-04   3.98059E-04   0.00000E+00   6.49276E-03   1.00000E+00   0.00000E+00   7.75157E+00   2.48902E-16            15   2.88278E-10   3.13819E+00
        1705   2.04600E+02   1.20000E-01   7.72670E-02   2.34451E-04   3.96203E-04   0.00000E+00   6.55375E-03   1.00000E+00   0.00000E+00   7.75157E+00   2.49157E-16            15   2.88283E-10   3.13815E+00
        1706   2.04720E+02   1.20000E-01   7.72670E-02   2.33464E-04   3.94341E-04   0.00000E+00   6.61443E-03   1.00000E+00   0.00000E+00   7.75157E+00   2.49122E-16            15   2.88779E-10   3.13810E+00
        1707   2.04840E+02   1.20000E-01   7.72670E-02   2.32473E-04   3.92473E-04   0.00000E+00   6.67482E-03   1.00000E+00   0.00000E+00   7.75157E+00   2.49323E-16            15   2.88857E-10   3.13805E+00
        1708   2.04960E+02   1.20000E-01   7.72670E-02   2.31479E-04   3.90599E-04   0.00000E+00   6.73491E-03   1.00000E+00   0.00000E+00   7.75157E+00   2.49314E-16            15   2.89392E-10   3.13801E+00
        1709   2.05080E+02   1.20000E-01   7.72670E-02   2.30481E-04   3.88719E-04   0.00000E+00   6.79470E-03   1.00000E+00   0.00000E+00   7.75157E+00   2.49408E-16            15   2.89537E-10   3.13796E+00
        1710   2.05200E+02   1.20000E-01   7.72670E-02   2.29478E-04   3.86832E-04   0.00000E+00   6.85419E-03   1.00000E+00   0.00000E+00   7.75157E+00   2.52624E-16            15   2.90098E-10   3.13792E+00
        1711   2.05320E+02   1.20000E-01   7.72670E-02   2.28473E-04   3.84939E-04   0.00000E+00   6.91338E-03   1.00000E+00   0.00000E+00   7.75157E+00   2.53493E-16            15   2.90310E-10   3.13787E+00
        1712   2.05440E+02   1.20000E-01   7.72670E-02   2.27463E-04   3.83041E-04   0.00000E+00   6.97227E-03   1.00000E+00   0.00000E+00   7.75157E+00   2.56827E-16            15   2.90921E-10   3.13783E+00
        1713   2.05560E+02   1.20000E-01   7.72670E-02   2.26450E-04   3.81136E-04   0.00000E+00   7.03086E-03   1.00000E+00   0.00000E+00   7.75157E+00   2.57571E-16            15   2.91215E-10   3.13778E+00
        1714   2.05680E+02   1.20000E-01   7.72670E-02   2.25434E-04   3.79226E-04   0.00000E+00   7.08914E-03   1.00000E+00   0.00000E+00   7.75157E+00   2.60652E-16            15   2.91881E-10   3.13773E+00
        1715   2.05800E+02   1.20000E-01   7.72670E-02   2.24414E-04   3.77310E-04   0.00000E+00   7.14712E-03   1.00000E+00   0.00000E+00   7.75157E+00   2.61337E-16            15   2.92257E-10   3.13769E+00
        1716   2.05920E+02   1.20000E-01   7.72670E-02   2.23390E-04   3.75388E-04   0.00000E+00   7.20480E-03   1.00000E+00   0.00000E+00   7.75157E+00   2.64240E-16            15   2.92980E-10   3.13765E+00
        1717   2.06040E+02   1.20000E-01   7.72670E-02   2.22363E-04   3.73461E-04   0.00000E+00   7.26217E-03   1.00000E+00   0.00000E+00   7.75157E+00   2.65059E-16            15   2.93442E-10   3.13760E+00
        1718   2.06160E+02   1.20000E-01   7.72670E-02   2.21332E-04   3.71528E-04   0.00000E+00   7.31924E-03   1.00000E+00   0.00000E+00   7.75157E+00   2.67602E-16            15   2.94225E-10   3.13756E+00
        1719   2.06280E+02   1.20000E-01   7.72670E-02   2.20298E-04   3.69590E-04   0.00000E+00   7.37600E-03   1.00000E+00   0.00000E+00   7.75157E+00   2.68412E-16            15   2.94770E-10   3.13751E+00
        1720   2.06400E+02   1.20000E-01   7.72670E-02   2.19261E-04   3.67646E-04   0.00000E+00   7.43245E-03   1.00000E+00   0.00000E+00   7.75157E+00   2.70658E-16            15   2.95615E-10   3.13747E+00
        1721   2.06520E+02   1.20000E-01   7.72670E-02   2.18220E-04   3.65697E-04   0.00000E+00   7.48860E-03   1.00000E+00   0.00000E+00   7.75157E+00   2.71510E-16            15   2.96246E-10   3.13742E+00
        1722   2.06640E+02   1.20000E-01   7.72670E-02   2.17176E-04   3.63742E-04   0.00000E+00   7.54443E-03   1.00000E+00   0.00000E+00   7.75157E+00   2.73643E-16            15   2.97154E-10   3.13738E+00
        1723   2.06760E+02   1.20000E-01   7.72670E-02   2.16128E-04   3.61783E-04   0.00000E+00   7.59996E-03   1.00000E+00   0.00000E+00   7.75157E+00   2.74311E-16            15   2.97868E-10   3.13734E+00
        1724   2.06880E+02   1.20000E-01   7.72670E-02   2.15078E-04   3.59818E-04   0.00000E+00   7.65518E-03   1.00000E+00   0.00000E+00   7.75157E+00   2.76389E-16            15   2.98841E-10   3.13729E+00
        1725   2.07000E+02   1.20000E-01   7.72670E-02   2.14024E-04   3.57848E-04   0.00000E+00   7.71008E-03   1.00000E+00   0.00000E+00   7.75157E+00   2.77114E-16            15   2.99639E-10   3.13725E+00
        1726   2.07120E+02   1.20000E-01   7.72670E-02   2.12967E-04   3.55872E-04   0.00000E+00   7.76468E-03   1.00000E+00   0.00000E+00   7.75157E+00   2.78970E-16            15   3.00676E-10   3.13721E+00
        1727   2.07240E+02   1.20000E-01   7.72670E-02   2.11906E-04   3.53892E-04   0.00000E+00   7.81896E-03   1.00000E+00   0.00000E+00   7.75157E+00   2.79454E-16            15   3.01555E-10   3.13717E+00
        1728   2.07360E+02   1.20000E-01   7.72670E-02   2.10843E-04   3.51907E-04   0.00000E+00   7.87293E-03   1.00000E+00   0.00000E+00   7.75157E+00   2.81319E-16            15   3.02660E-10   3.13712E+00
        1729   2.07480E+02   1.20000E-01   7.72670E-02   2.09777E-04   3.49917E-04   0.00000E+00   7.92659E-03   1.00000E+00   0.00000E+00   7.75157E+00   2.81906E-16            15   3.03616E-10   3.13708E+00
        1730   2.07600E+02   1.20000E-01   7.72670E-02   2.08707E-04   3.47923E-04   0.00000E+00   7.97993E-03   1.00000E+00   0.00000E+00   7.75157E+00   2.83427E-16            15   3.04782E-10   3.13704E+00
        1731   2.07720E+02   1.20000E-01   7.72670E-02   2.07635E-04   3.45923E-04   0.00000E+00   8.03296E-03   1.00000E+00   0.00000E+00   7.75157E+00   2.84008E-16            15   3.05816E-10   3.13700E+00
        1732   2.07840E+02   1.20000E-01   7.72670E-02   2.06559E-04   3.43919E-04   0.00000E+00   8.08567E-03   1.00000E+00   0.00000E+00   7.75157E+00   2.85484E-16            15   3.07044E-10   3.13696E+00
        1733   2.07960E+02   1.20000E-01   7.72670E-02   2.05481E-04   3.42109E-04   0.00000E+00   8.13807E-03   1.00000E+00   0.00000E+00   7.75157E+00   2.86057E-16            15   3.08152E-10   3.13692E+00
        1734   2.08080E+02   1.20000E-01   7.72670E-02   2.04399E-04   3.40398E-04   0.00000E+00   8.19015E-03   1.00000E+00   0.00000E+00   7.75157E+00   2.87337E-16            15   3.09442E-10   3.13687E+00
        1735   2.08200E+02   1.20000E-01   7.72670E-02   2.03315E-04   3.38682E-04   0.00000E+00   8.24192E-03   1.00000E+00   0.00000E+00   7.75157E+00   2.87834E-16            15   3.10621E-10   3.13683E+00
        1736   2.08320E+02   1.20000E-01   7.72670E-02   2.02228E-04   3.36961E-04   0.00000E+00   8.29336E-03   1.00000E+00   0.00000E+00   7.75157E+00   2.88977E-16            15   3.11970E-10   3.13679E+00
        1737   2.08440E+02   1.20000E-01   7.72670E-02   2.01138E-04   3.35235E-04   0.00000E+00   8.34449E-03   1.00000E+00   0.00000E+00   7.75157E+00   2.89391E-16            15   3.13217E-10   3.13675E+00
        1738   2.08560E+02   1.20000E-01   7.72670E-02   2.00045E-04   3.33504E-04   0.00000E+00   8.39530E-03   1.00000E+00   0.00000E+00   7.75157E+00   2.90515E-16            15   3.14625E-10   3.13671E+00
        1739   2.08680E+02   1.20000E-01   7.72670E-02   1.98950E-04   3.31769E-04   0.00000E+00   8.44581E-03   1.00000E+00   0.00000E+00   7.75157E+00   3.02195E-16            15   3.20697E-10   3.13667E+00
        1740   2.08800E+02   1.20000E-01   7.72670E-02   1.97851E-04   3.30028E-04   0.00000E+00   8.49598E-03   1.00000E+00   0.00000E+00   7.75157E+00   2.91951E-16            15   3.17376E-10   3.13663E+00
        1741   2.08920E+02   1.20000E-01   7.72670E-02   1.96751E-04   3.28283E-04   0.00000E+00   8.54583E-03   1.00000E+00   0.00000E+00   7.75157E+00   2.92873E-16            15   3.18774E-10   3.13659E+00
        1742   2.09040E+02   1.20000E-01   7.72670E-02   1.95647E-04   3.26532E-04   0.00000E+00   8.59536E-03   1.00000E+00   0.00000E+00   7.75157E+00   2.94146E-16            15   3.20305E-10   3.13655E+00
        1743   2.09160E+02   1.20000E-01   7.72670E-02   1.94541E-04   3.24778E-04   0.00000E+00   8.64456E-03   1.00000E+00   0.00000E+00   7.75157E+00   2.94888E-16            15   3.21753E-10   3.13651E+00
        1744   2.09280E+02   1.20000E-01   7.72670E-02   1.93432E-04   3.23018E-04   0.00000E+00   8.69345E-03   1.00000E+00   0.00000E+00   7.75157E+00   2.96015E-16            15   3.23325E-10   3.13647E+00
        1745   2.09400E+02   1.20000E-01   7.72670E-02   1.92321E-04   3.21254E-04   0.00000E+00   8.74201E-03   1.00000E+00   0.00000E+00   7.75157E+00   2.96623E-16            15   3.24816E-10   3.13644E+00
        1746   2.09520E+02   1.20000E-01   7.72670E-02   1.91207E-04   3.19486E-04   0.00000E+00   8.79025E-03   1.00000E+00   0.00000E+00   7.75157E+00   2.97659E-16            15   3.26422E-10   3.13640E+00
        1747   2.09640E+02   1.20000E-01   7.72670E-02   1.90091E-04   3.17713E-04   0.00000E+00   8.83816E-03   1.00000E+00   0.00000E+00   7.75157E+00   2.98190E-16            15   3.27952E-10   3.13636E+00
        1748   2.09760E+02   1.20000E-01   7.72670E-02   1.88972E-04   3.15935E-04   0.00000E+00   8.88575E-03   1.00000E+00   0.00000E+00   7.75157E+00   2.99098E-16            15   3.29589E-10   3.13632E+00
        1749   2.09880E+02   1.20000E-01   7.72670E-02   1.87851E-04   3.14154E-04   0.00000E+00   8.93302E-03   1.00000E+00   0.00000E+00   7.75157E+00   2.99544E-16            15   3.31154E-10   3.13628E+00
        1750   2.10000E+02   1.20000E-01   7.72670E-02   1.86727E-04   3.12368E-04   0.00000E+00   8.97996E-03   1.00000E+00   0.00000E+00   7.75157E+00   3.00354E-16            15   3.32819E-10   3.13624E+00
        1751   2.10120E+02   1.20000E-01   7.72670E-02   1.85601E-04   3.10578E-04   0.00000E+00   9.02658E-03   1.00000E+00   0.00000E+00   7.75157E+00   3.00792E-16            15   3.34417E-10   3.13621E+00
        1752   2.10240E+02   1.20000E-01   7.72670E-02   1.84473E-04   3.08783E-04   0.00000E+00   9.07287E-03   1.00000E+00   0.00000E+00   7.75157E+00   3.01390E-16            15   3.36106E-10   3.13617E+00
        1753   2.10360E+02   1.20000E-01   7.72670E-02   1.83342E-04   3.06985E-04   0.00000E+00   9.11884E-03   1.00000E+00   0.00000E+00   7.75157E+00   3.01839E-16            15   3.37734E-10   3.13613E+00
        1754   2.10480E+02   1.20000E-01   7.72670E-02   1.82210E-04   3.05182E-04   0.00000E+00   9.16447E-03   1.00000E+00   0.00000E+00   7.75157E+00   3.02384E-16            15   3.39446E-10   3.13610E+00
        1755   2.10600E+02   1.20000E-01   7.72670E-02   1.81075E-04   3.03375E-04   0.00000E+00   9.20979E-03   1.00000E+00   0.00000E+00   7.75157E+00   3.02697E-16            15   3.41099E-10   3.13606E+00
        1756   2.10720E+02   1.20000E-01   7.72670E-02   1.79938E-04   3.01565E-04   0.00000E+00   9.25474E-03   1.00000E+00   0.00000E+00   7.75157E+00   2.85340E-16            15   3.42729E-10   3.13602E+00
        1757   2.10840E+02   1.20000E-01   7.72670E-02   1.78798E-04   2.99750E-04   0.00000E+00   9.29940E-03   1.00000E+00   0.00000E+00   7.75157E+00   3.04586E-16            15   3.44975E-10   3.13599E+00
        1758   2.10960E+02   1.20000E-01   7.72670E-02   1.77657E-04   2.97932E-04   0.00000E+00   9.34373E-03   1.00000E+00   0.00000E+00   7.75157E+00   3.04112E-16            15   3.46446E-10   3.13595E+00
        1759   2.11080E+02   1.20000E-01   7.72670E-02   1.76513E-04   2.96110E-04   0.00000E+00   9.38772E-03   1.00000E+00   0.00000E+00   7.75157E+00   3.04268E-16            15   3.48174E-10   3.13591E+00
        1760   2.11200E+02   1.20000E-01   7.72670E-02   1.75368E-04   2.94284E-04   0.00000E+00   9.43139E-03   1.00000E+00   0.00000E+00   7.75157E+00   3.04718E-16            15   3.49930E-10   3.13588E+00
        1761   2.11320E+02   1.20000E-01   7.72670E-02   1.74220E-04   2.92454E-04   0.00000E+00   9.47473E-03   1.00000E+00   0.00000E+00   7.75157E+00   3.04735E-16            15   3.51637E-10   3.13584E+00
        1762   2.11440E+02   1.20000E-01   7.72670E-02   1.73071E-04   2.90621E-04   0.00000E+00   9.51774E-03   1.00000E+00   0.00000E+00   7.75157E+00   3.05016E-16            15   3.53405E-10   3.13581E+00
        1763   2.11560E+02   1.20000E-01   7.72670E-02   1.71919E-04   2.88784E-04   0.00000E+00   9.56042E-03   1.00000E+00   0.00000E+00   7.75157E+00   3.05088E-16            15   3.55136E-10   3.13577E+00
        1764   2.11680E+02   1.20000E-01   7.72670E-02   1.70766E-04   2.86944E-04   0.00000E+00   9.60277E-03   1.00000E+00   0.00000E+00   7.75157E+00   3.05194E-16            15   3.56909E-10   3.13574E+00
        1765   2.11800E+02   1.20000E-01   7.72670E-02   1.69610E-04   2.85100E-04   0.00000E+00   9.64479E-03   1.00000E+00   0.00000E+00   7.75157E+00   3.05278E-16            15   3.58649E-10   3.13570E+00
        1766   2.11920E+02   1.20000E-01   7.72670E-02   1.68453E-04   2.83253E-04   0.00000E+00   9.68648E-03   1.00000E+00   0.00000E+00   7.75157E+00   3.05345E-16            15   3.60427E-10   3.13567E+00
        1767   2.12040E+02   1.20000E-01   7.72670E-02   1.67294E-04   2.81402E-04   0.00000E+00   9.72783E-03   1.00000E+00   0.00000E+00   7.75157E+00   3.05363E-16            15   3.62161E-10   3.13564E+00
        1768   2.12160E+02   1.20000E-01   7.72670E-02   1.66133E-04   2.79549E-04   0.00000E+00   9.76885E-03   1.00000E+00   0.00000E+00   7.75157E+00   3.04832E-16            15   3.63919E-10   3.13560E+00
        1769   2.12280E+02   1.20000E-01   7.72670E-02   1.64971E-04   2.77692E-04   0.00000E+00   9.80954E-03   1.00000E+00   0.00000E+00   7.75157E+00   3.05529E-16            15   3.65706E-10   3.13557E+00
        1770   2.12400E+02   1.20000E-01   7.72670E-02   1.63807E-04   2.75831E-04   0.00000E+00   9.84990E-03   1.00000E+00   0.00000E+00   7.75157E+00   3.04737E-16            15   3.67488E-10   3.13553E+00
        1771   2.12520E+02   1.20000E-01   7.72670E-02   1.62641E-04   2.73968E-04   0.00000E+00   9.88992E-03   1.00000E+00   0.00000E+00   7.75157E+00   3.05312E-16            15   3.69247E-10   3.13550E+00
        1772   2.12640E+02   1.20000E-01   7.72670E-02   1.61473E-04   2.72101E-04   0.00000E+00   9.92962E-03   1.00000E+00   0.00000E+00   7.75157E+00   3.04489E-16            15   3.71006E-10   3.13547E+00
        1773   2.12760E+02   1.20000E-01   7.72670E-02   1.60304E-04   2.70232E-04   0.00000E+00   9.96897E-03   1.00000E+00   0.00000E+00   7.75157E+00   3.04359E-16            15   3.72741E-10   3.13544E+00
        1774   2.12880E+02   1.20000E-01   7.72670E-02   1.59133E-04   2.68359E-04   0.00000E+00   1.00080E-02   1.00000E+00   0.00000E+00   7.75157E+00   3.04353E-16            15   3.74548E-10   3.13540E+00
        1775   2.13000E+02   1.20000E-01   7.72670E-02   1.57961E-04   2.66484E-04   0.00000E+00   1.00467E-02   1.00000E+00   0.00000E+00   7.75157E+00   3.04005E-16            15   3.76298E-10   3.13537E+00
        1776   2.13120E+02   1.20000E-01   7.72670E-02   1.56787E-04   2.64606E-04   0.00000E+00   1.00850E-02   1.00000E+00   0.00000E+00   7.75157E+00   3.03655E-16            15   3.78063E-10   3.13534E+00
        1777   2.13240E+02   1.20000E-01   7.72670E-02   1.55611E-04   2.62725E-04   0.00000E+00   1.01231E-02   1.00000E+00   0.00000E+00   7.75157E+00   3.03216E-16            15   3.79802E-10   3.13531E+00
        1778   2.13360E+02   1.20000E-01   7.72670E-02   1.54435E-04   2.60841E-04   0.00000E+00   1.01608E-02   1.00000E+00   0.00000E+00   7.75157E+00   3.02765E-16            15   3.81555E-10   3.13528E+00
        1779   2.13480E+02   1.20000E-01   7.72670E-02   1.53256E-04   2.58954E-04   0.00000E+00   1.01981E-02   1.00000E+00   0.00000E+00   7.75157E+00   3.02253E-16            15   3.83283E-10   3.13524E+00
        1780   2.13600E+02   1.20000E-01   7.72670E-02   1.52077E-04   2.57065E-04   0.00000E+00   1.02351E-02   1.00000E+00   0.00000E+00   7.75157E+00   3.01687E-16            15   3.85021E-10   3.13521E+00
        1781   2.13720E+02   1.20000E-01   7.72670E-02   1.50896E-04   2.55173E-04   0.00000E+00   1.02718E-02   1.00000E+00   0.00000E+00   7.75157E+00   3.01008E-16            15   3.86734E-10   3.13518E+00
        1782   2.13840E+02   1.20000E-01   7.72670E-02   1.49714E-04   2.53279E-04   0.00000E+00   1.03082E-02   1.00000E+00   0.00000E+00   7.75157E+00   3.00402E-16            15   3.88455E-10   3.13515E+00
        1783   2.13960E+02   1.20000E-01   7.72670E-02   1.48530E-04   2.51382E-04   0.00000E+00   1.03442E-02   1.00000E+00   0.00000E+00   7.75157E+00   2.99718E-16            15   3.90149E-10   3.13512E+00
        1784   2.14080E+02   1.20000E-01   7.72670E-02   1.47345E-04   2.49483E-04   0.00000E+00   1.03798E-02   1.00000E+00   0.00000E+00   7.75157E+00   2.98928E-16            15   3.91848E-10   3.13509E+00
        1785   2.14200E+02   1.20000E-01   7.72670E-02   1.46159E-04   2.47582E-04   0.00000E+00   1.04152E-02   1.00000E+00   0.00000E+00   7.75157E+00   2.98127E-16            15   3.93520E-10   3.13506E+00
        1786   2.14320E+02   1.20000E-01   7.72670E-02   1.44972E-04   2.45678E-04   0.00000E+00   1.04502E-02   1.00000E+00   0.00000E+00   7.75157E+00   2.97255E-16            15   3.95193E-10   3.13503E+00
        1787   2.14440E+02   1.20000E-01   7.72670E-02   1.43783E-04   2.43772E-04   0.00000E+00   1.04849E-02   1.00000E+00   0.00000E+00   7.75157E+00   2.96308E-16            15   3.96839E-10   3.13500E+00
        1788   2.14560E+02   1.20000E-01   7.72670E-02   1.42594E-04   2.41864E-04   0.00000E+00   1.05192E-02   1.00000E+00   0.00000E+00   7.75157E+00   2.95351E-16            15   3.98484E-10   3.13497E+00
        1789   2.14680E+02   1.20000E-01   7.72670E-02   1.41403E-04   2.39953E-04   0.00000E+00   1.05532E-02   1.00000E+00   0.00000E+00   7.75157E+00   2.94289E-16            15   4.00101E-10   3.13494E+00
        1790   2.14800E+02   1.20000E-01   7.72670E-02   1.40211E-04   2.38041E-04   0.00000E+00   1.05869E-02   1.00000E+00   0.00000E+00   7.75157E+00   2.93162E-16            15   4.01713E-10   3.13491E+00
        1791   2.14920E+02   1.20000E-01   7.72670E-02   1.39019E-04   2.36126E-04   0.00000E+00   1.06202E-02   1.00000E+00   0.00000E+00   7.75157E+00   2.92012E-16            15   4.03296E-10   3.13489E+00
        1792   2.15040E+02   1.20000E-01   7.72670E-02   1.37825E-04   2.34210E-04   0.00000E+00   1.06532E-02   1.00000E+00   0.00000E+00   7.75157E+00   2.90809E-16            15   4.04872E-10   3.13486E+00
        1793   2.15160E+02   1.20000E-01   7.72670E-02   1.36630E-04   2.32292E-04   0.00000E+00   1.06858E-02   1.00000E+00   0.00000E+00   7.75157E+00   2.89400E-16            15   4.06417E-10   3.13483E+00
        1794   2.15280E+02   1.20000E-01   7.72670E-02   1.35434E-04   2.30371E-04   0.00000E+00   1.07181E-02   1.00000E+00   0.00000E+00   7.75157E+00   2.88113E-16            15   4.07953E-10   3.13480E+00
        1795   2.15400E+02   1.20000E-01   7.72670E-02   1.34238E-04   2.28449E-04   0.00000E+00   1.07501E-02   1.00000E+00   0.00000E+00   7.75157E+00   2.86617E-16            15   4.09456E-10   3.13477E+00
        1796   2.15520E+02   1.20000E-01   7.72670E-02   1.33040E-04   2.26525E-04   0.00000E+00   1.07818E-02   1.00000E+00   0.00000E+00   7.75157E+00   2.85177E-16            15   4.10947E-10   3.13475E+00
        1797   2.15640E+02   1.20000E-01   7.72670E-02   1.31842E-04   2.24600E-04   0.00000E+00   1.08131E-02   1.00000E+00   0.00000E+00   7.75157E+00   2.83631E-16            15   4.12406E-10   3.13472E+00
        1798   2.15760E+02   1.20000E-01   7.72670E-02   1.30643E-04   2.22673E-04   0.00000E+00   1.08440E-02   1.00000E+00   0.00000E+00   7.75157E+00   2.81927E-16            15   4.13850E-10   3.13469E+00
        1799   2.15880E+02   1.20000E-01   7.72670E-02   1.29443E-04   2.20744E-04   0.00000E+00   1.08747E-02   1.00000E+00   0.00000E+00   7.75157E+00   2.80230E-16            15   4.15261E-10   3.13466E+00
        1800   2.16000E+02   1.20000E-01   7.72670E-02   1.28242E-04   2.18814E-04   0.00000E+00   1.09050E-02   1.00000E+00   0.00000E+00   7.75157E+00   2.78478E-16            15   4.16655E-10   3.13464E+00
        1801   2.16120E+02   1.20000E-01   7.72670E-02   1.27041E-04   2.16882E-04   0.00000E+00   1.09349E-02   1.00000E+00   0.00000E+00   7.75157E+00   2.76546E-16            15   4.18015E-10   3.13461E+00
        1802   2.16240E+02   1.20000E-01   7.72670E-02   1.26069E-04   2.14949E-04   0.00000E+00   1.09645E-02   1.00000E+00   0.00000E+00   7.75157E+00   2.74618E-16            15   4.19355E-10   3.13458E+00
        1803   2.16360E+02   1.20000E-01   7.72670E-02   1.25256E-04   2.13015E-04   0.00000E+00   1.09938E-02   1.00000E+00   0.00000E+00   7.75157E+00   2.72600E-16            15   4.20660E-10   3.13456E+00
        1804   2.16480E+02   1.20000E-01   7.72670E-02   1.24441E-04   2.11079E-04   0.00000E+00   1.10228E-02   1.00000E+00   0.00000E+00   7.75157E+00   2.70415E-16            15   4.21942E-10   3.13453E+00
        1805   2.16600E+02   1.20000E-01   7.72670E-02   1.23625E-04   2.09142E-04   0.00000E+00   1.10514E-02   1.00000E+00   0.00000E+00   7.75157E+00   2.68246E-16            15   4.23189E-10   3.13451E+00
        1806   2.16720E+02   1.20000E-01   7.72670E-02   1.22807E-04   2.07203E-04   0.00000E+00   1.10797E-02   1.00000E+00   0.00000E+00   7.75157E+00   2.65901E-16            15   4.24411E-10   3.13448E+00
        1807   2.16840E+02   1.20000E-01   7.72670E-02   1.21987E-04   2.05264E-04   0.00000E+00   1.11076E-02   1.00000E+00   0.00000E+00   7.75157E+00   2.63526E-16            15   4.25597E-10   3.13446E+00
        1808   2.16960E+02   1.20000E-01   7.72670E-02   1.21167E-04   2.03323E-04   0.00000E+00   1.11352E-02   1.00000E+00   0.00000E+00   7.75157E+00   2.61035E-16            15   4.26759E-10   3.13443E+00
        1809   2.17080E+02   1.20000E-01   7.72670E-02   1.20344E-04   2.01382E-04   0.00000E+00   1.11625E-02   1.00000E+00   0.00000E+00   7.75157E+00   2.58479E-16            15   4.27884E-10   3.13441E+00
        1810   2.17200E+02   1.20000E-01   7.72670E-02   1.19521E-04   1.99439E-04   0.00000E+00   1.11894E-02   1.00000E+00   0.00000E+00   7.75157E+00   2.55786E-16            15   4.28984E-10   3.13438E+00
        1811   2.17320E+02   1.20000E-01   7.72670E-02   1.18696E-04   1.97495E-04   0.00000E+00   1.12160E-02   1.00000E+00   0.00000E+00   7.75157E+00   2.53063E-16            15   4.30049E-10   3.13436E+00
        1812   2.17440E+02   1.20000E-01   7.72670E-02   1.17870E-04   1.95551E-04   0.00000E+00   1.12422E-02   1.00000E+00   0.00000E+00   7.75157E+00   2.50182E-16            15   4.31091E-10   3.13434E+00
        1813   2.17560E+02   1.20000E-01   7.72670E-02   1.17042E-04   1.93605E-04   0.00000E+00   1.12682E-02   1.00000E+00   0.00000E+00   7.75157E+00   2.47098E-16            15   4.32099E-10   3.13431E+00
        1814   2.17680E+02   1.20000E-01   7.72670E-02   1.16213E-04   1.91659E-04   0.00000E+00   1.12937E-02   1.00000E+00   0.00000E+00   7.75157E+00   2.44137E-16            15   4.33086E-10   3.13429E+00
        1815   2.17800E+02   1.20000E-01   7.72670E-02   1.15383E-04   1.89712E-04   0.00000E+00   1.13190E-02   1.00000E+00   0.00000E+00   7.75157E+00   2.40929E-16            15   4.34044E-10   3.13427E+00
        1816   2.17920E+02   1.20000E-01   7.72670E-02   1.14552E-04   1.87765E-04   0.00000E+00   1.13439E-02   1.00000E+00   0.00000E+00   7.75157E+00   2.37663E-16            15   4.34981E-10   3.13424E+00
        1817   2.18040E+02   1.20000E-01   7.72670E-02   1.13719E-04   1.85816E-04   0.00000E+00   1.13685E-02   1.00000E+00   0.00000E+00   7.75157E+00   2.34265E-16            15   4.35897E-10   3.13422E+00
        1818   2.18160E+02   1.20000E-01   7.72670E-02   1.12886E-04   1.83867E-04   0.00000E+00   1.13927E-02   1.00000E+00   0.00000E+00   7.75157E+00   2.30785E-16            15   4.36798E-10   3.13420E+00
        1819   2.18280E+02   1.20000E-01   7.72670E-02   1.12051E-04   1.81918E-04   0.00000E+00   1.14166E-02   1.00000E+00   0.00000E+00   7.75157E+00   2.27172E-16            15   4.37682E-10   3.13418E+00
        1820   2.18400E+02   1.20000E-01   7.72670E-02   1.11215E-04   1.79968E-04   0.00000E+00   1.14402E-02   1.00000E+00   0.00000E+00   7.75157E+00   2.23478E-16            15   4.38562E-10   3.13415E+00
        1821   2.18520E+02   1.20000E-01   7.72670E-02   1.10377E-04   1.78018E-04   0.00000E+00   1.14634E-02   1.00000E+00   0.00000E+00   7.75157E+00   2.19652E-16            15   4.39433E-10   3.13413E+00
        1822   2.18640E+02   1.20000E-01   7.72670E-02   1.09539E-04   1.76067E-04   0.00000E+00   1.14863E-02   1.00000E+00   0.00000E+00   7.75157E+00   2.15782E-16            15   4.40310E-10   3.13411E+00
        1823   2.18760E+02   1.20000E-01   7.72670E-02   1.08700E-04   1.74116E-04   0.00000E+00   1.15089E-02   1.00000E+00   0.00000E+00   7.75157E+00   2.11792E-16            15   4.41190E-10   3.13409E+00
        1824   2.18880E+02   1.20000E-01   7.72670E-02   1.07859E-04   1.72164E-04   0.00000E+00   1.15312E-02   1.00000E+00   0.00000E+00   7.75157E+00   2.07720E-16            15   4.42091E-10   3.13407E+00
        1825   2.19000E+02   1.20000E-01   7.72670E-02   1.07018E-04   1.70213E-04   0.00000E+00   1.15531E-02   1.00000E+00   0.00000E+00   7.75157E+00   2.03532E-16            15   4.43010E-10   3.13405E+00
        1826   2.19120E+02   1.20000E-01   7.72670E-02   1.06176E-04   1.68261E-04   0.00000E+00   1.15746E-02   1.00000E+00   0.00000E+00   7.75157E+00   1.99306E-16            15   4.43965E-10   3.13403E+00
        1827   2.19240E+02   1.20000E-01   7.72670E-02   1.05332E-04   1.66526E-04   0.00000E+00   1.15958E-02   1.00000E+00   0.00000E+00   7.75157E+00   1.95030E-16            15   4.44960E-10   3.13401E+00
        1828   2.19360E+02   1.20000E-01   7.72670E-02   1.04488E-04   1.65098E-04   0.00000E+00   1.16167E-02   1.00000E+00   0.00000E+00   7.75157E+00   1.90583E-16            15   4.46007E-10   3.13399E+00
        1829   2.19480E+02   1.20000E-01   7.72670E-02   1.03643E-04   1.63670E-04   0.00000E+00   1.16373E-02   1.00000E+00   0.00000E+00   7.75157E+00   1.86191E-16            15   4.47118E-10   3.13397E+00
        1830   2.19600E+02   1.20000E-01   7.72670E-02   1.02796E-04   1.62240E-04   0.00000E+00   1.16575E-02   1.00000E+00   0.00000E+00   7.75157E+00   1.81695E-16            15   4.48304E-10   3.13395E+00
        1831   2.19720E+02   1.20000E-01   7.72670E-02   1.01949E-04   1.60809E-04   0.00000E+00   1.16774E-02   1.00000E+00   0.00000E+00   7.75157E+00   1.79481E-16            15   4.49580E-10   3.13393E+00
        1832   2.19840E+02   1.20000E-01   7.72670E-02   1.01101E-04   1.59377E-04   0.00000E+00   1.16970E-02   1.00000E+00   0.00000E+00   7.75157E+00   1.77662E-16            15   4.50956E-10   3.13391E+00
        1833   2.19960E+02   1.20000E-01   7.72670E-02   1.00253E-04   1.57944E-04   0.00000E+00   1.17163E-02   1.00000E+00   0.00000E+00   7.75157E+00   1.75902E-16            15   4.52447E-10   3.13389E+00
        1834   2.20080E+02   1.20000E-01   7.72670E-02   9.94032E-05   1.56510E-04   0.00000E+00   1.17352E-02   1.00000E+00   0.00000E+00   7.75157E+00   1.74239E-16            15   4.54071E-10   3.13387E+00
        1835   2.20200E+02   1.20000E-01   7.72670E-02   9.85528E-05   1.55076E-04   0.00000E+00   1.17537E-02   1.00000E+00   0.00000E+00   7.75157E+00   1.72669E-16            15   4.55833E-10   3.13385E+00
        1836   2.20320E+02   1.20000E-01   7.72670E-02   9.77017E-05   1.53640E-04   0.00000E+00   1.17720E-02   1.00000E+00   0.00000E+00   7.75157E+00   1.73207E-16            15   4.57756E-10   3.13383E+00
        1837   2.20440E+02   1.20000E-01   7.72670E-02   9.68498E-05   1.52204E-04   0.00000E+00   1.17899E-02   1.00000E+00   0.00000E+00   7.75157E+00   1.75387E-16            15   4.59849E-10   3.13382E+00
        1838   2.20560E+02   1.20000E-01   7.72670E-02   9.59972E-05   1.50767E-04   0.00000E+00   1.18075E-02   1.00000E+00   0.00000E+00   7.75157E+00   1.77701E-16            15   4.62129E-10   3.13380E+00
        1839   2.20680E+02   1.20000E-01   7.72670E-02   9.51439E-05   1.49329E-04   0.00000E+00   1.18246E-02   1.00000E+00   0.00000E+00   7.75157E+00   1.65596E-16            15   3.92104E-10   3.13378E+00
        1840   2.20800E+02   1.20000E-01   7.72670E-02   9.42899E-05   1.47891E-04   0.00000E+00   1.18415E-02   1.00000E+00   0.00000E+00   7.75157E+00   2.08277E-16            15   6.00215E-10   3.13376E+00
        1841   2.20920E+02   1.20000E-01   7.72670E-02   9.34353E-05   1.46452E-04   0.00000E+00   1.18581E-02   1.00000E+00   0.00000E+00   7.75157E+00   1.88272E-16            15   4.70797E-10   3.13375E+00
        1842   2.21040E+02   1.20000E-01   7.72670E-02   9.25801E-05   1.45012E-04   0.00000E+00   1.18743E-02   1.00000E+00   0.00000E+00   7.75157E+00   1.90418E-16            15   4.73808E-10   3.13373E+00
        1843   2.21160E+02   1.20000E-01   7.72670E-02   9.17242E-05   1.43572E-04   0.00000E+00   1.18902E-02   1.00000E+00   0.00000E+00   7.75157E+00   1.92611E-16            15   4.77106E-10   3.13371E+00
        1844   2.21280E+02   1.20000E-01   7.72670E-02   9.08678E-05   1.42131E-04   0.00000E+00   1.19058E-02   1.00000E+00   0.00000E+00   7.75157E+00   1.95019E-16            15   4.80677E-10   3.13370E+00
        1845   2.21400E+02   1.20000E-01   7.72670E-02   9.00108E-05   1.40690E-04   0.00000E+00   1.19211E-02   1.00000E+00   0.00000E+00   7.75157E+00   1.97457E-16            15   4.84514E-10   3.13368E+00
        1846   2.21520E+02   1.20000E-01   7.72670E-02   8.91533E-05   1.39248E-04   0.00000E+00   1.19361E-02   1.00000E+00   0.00000E+00   7.75157E+00   1.99995E-16            15   4.88605E-10   3.13366E+00
        1847   2.21640E+02   1.20000E-01   7.72670E-02   8.82953E-05   1.37806E-04   0.00000E+00   1.19507E-02   1.00000E+00   0.00000E+00   7.75157E+00   2.02511E-16            15   4.92936E-10   3.13365E+00
        1848   2.21760E+02   1.20000E-01   7.72670E-02   8.74367E-05   1.36363E-04   0.00000E+00   1.19650E-02   1.00000E+00   0.00000E+00   7.75157E+00   2.04951E-16            15   4.97502E-10   3.13363E+00
        1849   2.21880E+02   1.20000E-01   7.72670E-02   8.65777E-05   1.34921E-04   0.00000E+00   1.19789E-02   1.00000E+00   0.00000E+00   7.75157E+00   2.07365E-16            15   5.02301E-10   3.13362E+00
        1850   2.22000E+02   1.20000E-01   7.72670E-02   8.57183E-05   1.33477E-04   0.00000E+00   1.19926E-02   1.00000E+00   0.00000E+00   7.75157E+00   2.09716E-16            15   5.07324E-10   3.13360E+00
        1851   2.22120E+02   1.20000E-01   7.72670E-02   8.48584E-05   1.32034E-04   0.00000E+00   1.20059E-02   1.00000E+00   0.00000E+00   7.75157E+00   2.12017E-16            15   5.12549E-10   3.13359E+00
        1852   2.22240E+02   1.20000E-01   7.72670E-02   8.39982E-05   1.30590E-04   0.00000E+00   1.20189E-02   1.00000E+00   0.00000E+00   7.75157E+00   2.14176E-16            15   5.17982E-10   3.13357E+00
        1853   2.22360E+02   1.20000E-01   7.72670E-02   8.31376E-05   1.29146E-04   0.00000E+00   1.20315E-02   1.00000E+00   0.00000E+00   7.75157E+00   2.16246E-16            15   5.23591E-10   3.13356E+00
        1854   2.22480E+02   1.20000E-01   7.72670E-02   8.22766E-05   1.27702E-04   0.00000E+00   1.20439E-02   1.00000E+00   0.00000E+00   7.75157E+00   2.18209E-16            15   5.29380E-10   3.13355E+00
        1855   2.22600E+02   1.20000E-01   7.72670E-02   8.14152E-05   1.26258E-04   0.00000E+00   1.20559E-02   1.00000E+00   0.00000E+00   7.75157E+00   2.20035E-16            15   5.35317E-10   3.13353E+00
        1856   2.22720E+02   1.20000E-01   7.72670E-02   8.05536E-05   1.24814E-04   0.00000E+00   1.20676E-02   1.00000E+00   0.00000E+00   7.75157E+00   2.21782E-16            15   5.41400E-10   3.13352E+00
        1857   2.22840E+02   1.20000E-01   7.72670E-02   8.04895E-05   1.23370E-04   0.00000E+00   1.20789E-02   1.00000E+00   0.00000E+00   7.75157E+00   2.23323E-16            15   5.47600E-10   3.13351E+00
        1858   2.22960E+02   1.20000E-01   7.72670E-02   8.09916E-05   1.21926E-04   0.00000E+00   1.20900E-02   1.00000E+00   0.00000E+00   7.75157E+00   2.24783E-16            15   5.53908E-10   3.13349E+00
        1859   2.23080E+02   1.20000E-01   7.72670E-02   8.14909E-05   1.20481E-04   0.00000E+00   1.21007E-02   1.00000E+00   0.00000E+00   7.75157E+00   2.26042E-16            15   5.60309E-10   3.13348E+00
        1860   2.23200E+02   1.20000E-01   7.72670E-02   8.19873E-05   1.19037E-04   0.00000E+00   1.21111E-02   1.00000E+00   0.00000E+00   7.75157E+00   2.27169E-16            15   5.66776E-10   3.13347E+00
        1861   2.23320E+02   1.20000E-01   7.72670E-02   8.24808E-05   1.17593E-04   0.00000E+00   1.21212E-02   1.00000E+00   0.00000E+00   7.75157E+00   2.28168E-16            15   5.73303E-10   3.13345E+00
        1862   2.23440E+02   1.20000E-01   7.72670E-02   8.29713E-05   1.16165E-04   0.00000E+00   1.21309E-02   1.00000E+00   0.00000E+00   7.75157E+00   2.29057E-16            15   5.79868E-10   3.13344E+00
        1863   2.23560E+02   1.20000E-01   7.72670E-02   8.34590E-05   1.14741E-04   0.00000E+00   1.21404E-02   1.00000E+00   0.00000E+00   7.75157E+00   2.29721E-16            15   5.86460E-10   3.13343E+00
        1864   2.23680E+02   1.20000E-01   7.72670E-02   8.39437E-05   1.13316E-04   0.00000E+00   1.21495E-02   1.00000E+00   0.00000E+00   7.75157E+00   2.30257E-16            15   5.93061E-10   3.13342E+00
        1865   2.23800E+02   1.20000E-01   7.72670E-02   8.44254E-05   1.11892E-04   0.00000E+00   1.21583E-02   1.00000E+00   0.00000E+00   7.75157E+00   2.30691E-16            15   5.99663E-10   3.13341E+00
        1866   2.23920E+02   1.20000E-01   7.72670E-02   8.49042E-05   1.10469E-04   0.00000E+00   1.21668E-02   1.00000E+00   0.00000E+00   7.75157E+00   2.30942E-16            15   6.06243E-10   3.13340E+00
        1867   2.24040E+02   1.20000E-01   7.72670E-02   8.53800E-05   1.09046E-04   0.00000E+00   1.21749E-02   1.00000E+00   0.00000E+00   7.75157E+00   2.31083E-16            15   6.12794E-10   3.13338E+00
        1868   2.24160E+02   1.20000E-01   7.72670E-02   8.58529E-05   1.07623E-04   0.00000E+00   1.21828E-02   1.00000E+00   0.00000E+00   7.75157E+00   2.31082E-16            15   6.19313E-10   3.13337E+00
        1869   2.24280E+02   1.20000E-01   7.72670E-02   8.63228E-05   1.06200E-04   0.00000E+00   1.21903E-02   1.00000E+00   0.00000E+00   7.75157E+00   2.30951E-16            15   6.25775E-10   3.13336E+00
        1870   2.24400E+02   1.20000E-01   7.72670E-02   8.67897E-05   1.04778E-04   0.00000E+00   1.21975E-02   1.00000E+00   0.00000E+00   7.75157E+00   2.30694E-16            15   6.32177E-10   3.13335E+00
        1871   2.24520E+02   1.20000E-01   7.72670E-02   8.72535E-05   1.03356E-04   0.00000E+00   1.22044E-02   1.00000E+00   0.00000E+00   7.75157E+00   2.30322E-16            15   6.38505E-10   3.13334E+00
        1872   2.24640E+02   1.20000E-01   7.72670E-02   8.77144E-05   1.01935E-04   0.00000E+00   1.22110E-02   1.00000E+00   0.00000E+00   7.75157E+00   2.29917E-16            15   6.44751E-10   3.13333E+00
        1873   2.24760E+02   1.20000E-01   7.72670E-02   8.81723E-05   1.00515E-04   0.00000E+00   1.22172E-02   1.00000E+00   0.00000E+00   7.75157E+00   2.29248E-16            15   6.50913E-10   3.13332E+00
        1874   2.24880E+02   1.20000E-01   7.72670E-02   8.86271E-05   9.90949E-05   0.00000E+00   1.22232E-02   1.00000E+00   0.00000E+00   7.75157E+00   2.28622E-16            15   6.56971E-10   3.13331E+00
        1875   2.25000E+02   1.20000E-01   7.72670E-02   8.90789E-05   9.76755E-05   0.00000E+00   1.22288E-02   1.00000E+00   0.00000E+00   7.75157E+00   2.27817E-16            15   6.62921E-10   3.13330E+00
        1876   2.25120E+02   1.20000E-01   7.72670E-02   8.95276E-05   9.62568E-05   0.00000E+00   1.22341E-02   1.00000E+00   0.00000E+00   7.75157E+00   2.26935E-16            15   6.68755E-10   3.13330E+00
        1877   2.25240E+02   1.20000E-01   7.72670E-02   8.99733E-05   9.48387E-05   0.00000E+00   1.22391E-02   1.00000E+00   0.00000E+00   7.75157E+00   2.25960E-16            15   6.74472E-10   3.13329E+00
        1878   2.25360E+02   1.20000E-01   7.72670E-02   9.04159E-05   9.34214E-05   0.00000E+00   1.22438E-02   1.00000E+00   0.00000E+00   7.75157E+00   2.24928E-16            15   6.80059E-10   3.13328E+00
        1879   2.25480E+02   1.20000E-01   7.72670E-02   9.08555E-05   9.20048E-05   0.00000E+00   1.22482E-02   1.00000E+00   0.00000E+00   7.75157E+00   2.23771E-16            15   6.85516E-10   3.13327E+00
        1880   2.25600E+02   1.20000E-01   7.72670E-02   9.12919E-05   9.05890E-05   0.00000E+00   1.22523E-02   1.00000E+00   0.00000E+00   7.75157E+00   2.22557E-16            15   6.90837E-10   3.13326E+00
        1881   2.25720E+02   1.20000E-01   7.72670E-02   9.17253E-05   8.91740E-05   0.00000E+00   1.22560E-02   1.00000E+00   0.00000E+00   7.75157E+00   2.21271E-16            15   6.96028E-10   3.13325E+00
        1882   2.25840E+02   1.20000E-01   7.72670E-02   9.21556E-05   8.77598E-05   0.00000E+00   1.22595E-02   1.00000E+00   0.00000E+00   7.75157E+00   2.19931E-16            15   7.01079E-10   3.13325E+00
        1883   2.25960E+02   1.20000E-01   7.72670E-02   9.25828E-05   8.63466E-05   0.00000E+00   1.22626E-02   1.00000E+00   0.00000E+00   7.75157E+00   2.18510E-16            15   7.05992E-10   3.13324E+00
        1884   2.26080E+02   1.20000E-01   7.72670E-02   9.30069E-05   8.49342E-05   0.00000E+00   1.22654E-02   1.00000E+00   0.00000E+00   7.75157E+00   2.16993E-16            15   7.10760E-10   3.13323E+00
        1885   2.26200E+02   1.20000E-01   7.72670E-02   9.34279E-05   8.35227E-05   0.00000E+00   1.22679E-02   1.00000E+00   0.00000E+00   7.75157E+00   2.15447E-16            15   7.15374E-10   3.13322E+00
        1886   2.26320E+02   1.20000E-01   7.72670E-02   9.38458E-05   8.21122E-05   0.00000E+00   1.22701E-02   1.00000E+00   0.00000E+00   7.75157E+00   2.13888E-16            15   7.19818E-10   3.13322E+00
        1887   2.26440E+02   1.20000E-01   7.72670E-02   9.42607E-05   8.07027E-05   0.00000E+00   1.22721E-02   1.00000E+00   0.00000E+00   7.75157E+00   2.12622E-16            15   7.65539E-10   3.13321E+00
        1888   2.26560E+02   1.20000E-01   7.72670E-02   9.46726E-05   7.92943E-05   0.00000E+00   1.22737E-02   1.00000E+00   0.00000E+00   7.75157E+00   2.10654E-16            15   7.28795E-10   3.13320E+00
        1889   2.26680E+02   1.20000E-01   7.72670E-02   9.50813E-05   7.80794E-05   0.00000E+00   1.22750E-02   1.00000E+00   0.00000E+00   7.75157E+00   2.08849E-16            15   7.32954E-10   3.13320E+00
        1890   2.26800E+02   1.20000E-01   7.72670E-02   9.54869E-05   7.71210E-05   0.00000E+00   1.22759E-02   1.00000E+00   0.00000E+00   7.75157E+00   2.06726E-16            15   7.28801E-10   3.13319E+00
        1891   2.26920E+02   1.20000E-01   7.72670E-02   9.58894E-05   7.61628E-05   0.00000E+00   1.22766E-02   1.00000E+00   0.00000E+00   7.75157E+00   2.05072E-16            15   7.41697E-10   3.13319E+00
        1892   2.27040E+02   1.20000E-01   7.72670E-02   9.62887E-05   7.52049E-05   0.00000E+00   1.22770E-02   1.00000E+00   0.00000E+00   7.75157E+00   2.03081E-16            15   7.44052E-10   3.13318E+00
        1893   2.27160E+02   1.20000E-01   7.72670E-02   9.66849E-05   7.42472E-05   0.00000E+00   1.22770E-02   1.00000E+00   0.00000E+00   7.75157E+00   2.01084E-16            15   7.46701E-10   3.13318E+00
        1894   2.27280E+02   1.20000E-01   7.72670E-02   9.70779E-05   7.32898E-05   0.00000E+00   1.22768E-02   1.00000E+00   0.00000E+00   7.75157E+00   1.99012E-16            15   7.49265E-10   3.13317E+00
        1895   2.27400E+02   1.20000E-01   7.72670E-02   9.74678E-05   7.23327E-05   0.00000E+00   1.22763E-02   1.00000E+00   0.00000E+00   7.75157E+00   1.96893E-16            15   7.51644E-10   3.13317E+00
        1896   2.27520E+02   1.20000E-01   7.72670E-02   9.78545E-05   7.13759E-05   0.00000E+00   1.22754E-02   1.00000E+00   0.00000E+00   7.75157E+00   1.94664E-16            15   7.53773E-10   3.13316E+00
        1897   2.27640E+02   1.20000E-01   7.72670E-02   9.82381E-05   7.04196E-05   0.00000E+00   1.22743E-02   1.00000E+00   0.00000E+00   7.75157E+00   1.92431E-16            15   7.55611E-10   3.13316E+00
        1898   2.27760E+02   1.20000E-01   7.72670E-02   9.86184E-05   6.94635E-05   0.00000E+00   1.22729E-02   1.00000E+00   0.00000E+00   7.75157E+00   1.90123E-16            15   7.57128E-10   3.13315E+00
        1899   2.27880E+02   1.20000E-01   7.72670E-02   9.89956E-05   6.85079E-05   0.00000E+00   1.22711E-02   1.00000E+00   0.00000E+00   7.75157E+00   1.87732E-16            15   7.58304E-10   3.13315E+00
        1900   2.28000E+02   1.20000E-01   7.72670E-02   9.96889E-05   6.75528E-05   0.00000E+00   1.22691E-02   1.00000E+00   0.00000E+00   7.75157E+00   1.85315E-16            15   7.59122E-10   3.13315E+00
        1901   2.28120E+02   1.20000E-01   7.72670E-02   1.00391E-04   6.65980E-05   0.00000E+00   1.22668E-02   1.00000E+00   0.00000E+00   7.75157E+00   1.84431E-16            15   7.49743E-10   3.13314E+00
        1902   2.28240E+02   1.20000E-01   7.72670E-02   1.01089E-04   6.56438E-05   0.00000E+00   1.22641E-02   1.00000E+00   0.00000E+00   7.75157E+00   1.80645E-16            15   7.59403E-10   3.13314E+00
        1903   2.28360E+02   1.20000E-01   7.72670E-02   1.01784E-04   6.46900E-05   0.00000E+00   1.22612E-02   1.00000E+00   0.00000E+00   7.75157E+00   1.77549E-16            15   7.66269E-10   3.13314E+00
        1904   2.28480E+02   1.20000E-01   7.72670E-02   1.02473E-04   6.37367E-05   0.00000E+00   1.22580E-02   1.00000E+00   0.00000E+00   7.75157E+00   1.75211E-16            15   7.56419E-10   3.13313E+00
        1905   2.28600E+02   1.20000E-01   7.72670E-02   1.03159E-04   6.27840E-05   0.00000E+00   1.22545E-02   1.00000E+00   0.00000E+00   7.75157E+00   1.72414E-16            15   7.56256E-10   3.13313E+00
        1906   2.28720E+02   1.20000E-01   7.72670E-02   1.03841E-04   6.18318E-05   0.00000E+00   1.22506E-02   1.00000E+00   0.00000E+00   7.75157E+00   1.69543E-16            15   7.55146E-10   3.13313E+00
        1907   2.28840E+02   1.20000E-01   7.72670E-02   1.04518E-04   6.08803E-05   0.00000E+00   1.22465E-02   1.00000E+00   0.00000E+00   7.75157E+00   1.66655E-16            15   7.53366E-10   3.13313E+00
        1908   2.28960E+02   1.20000E-01   7.72670E-02   1.05191E-04   5.99293E-05   0.00000E+00   1.22421E-02   1.00000E+00   0.00000E+00   7.75157E+00   1.63701E-16            15   7.51033E-10   3.13313E+00
        1909   2.29080E+02   1.20000E-01   7.72670E-02   1.05860E-04   5.89789E-05   0.00000E+00   1.22374E-02   1.00000E+00   0.00000E+00   7.75157E+00   1.60763E-16            15   7.48204E-10   3.13312E+00
        1910   2.29200E+02   1.20000E-01   7.72670E-02   1.06525E-04   5.80292E-05   0.00000E+00   1.22325E-02   1.00000E+00   0.00000E+00   7.75157E+00   1.57763E-16            15   7.44913E-10   3.13312E+00
        1911   2.29320E+02   1.20000E-01   7.72670E-02   1.07185E-04   5.70802E-05   0.00000E+00   1.22272E-02   1.00000E+00   0.00000E+00   7.75157E+00   1.54814E-16            15   7.41180E-10   3.13312E+00
        1912   2.29440E+02   1.20000E-01   7.72670E-02   1.07842E-04   5.61319E-05   0.00000E+00   1.22216E-02   1.00000E+00   0.00000E+00   7.75157E+00   1.51902E-16            15   7.37027E-10   3.13312E+00
        1913   2.29560E+02   1.20000E-01   7.72670E-02   1.08494E-04   5.51842E-05   0.00000E+00   1.22157E-02   1.00000E+00   0.00000E+00   7.75157E+00   1.49101E-16            15   7.32476E-10   3.13312E+00
        1914   2.29680E+02   1.20000E-01   7.72670E-02   1.09142E-04   5.42373E-05   0.00000E+00   1.22096E-02   1.00000E+00   0.00000E+00   7.75157E+00   1.46392E-16            15   7.27548E-10   3.13312E+00
        1915   2.29800E+02   1.20000E-01   7.72670E-02   1.09785E-04   5.32912E-05   0.00000E+00   1.22032E-02   1.00000E+00   0.00000E+00   7.75157E+00   1.43852E-16            15   7.22269E-10   3.13312E+00
        1916   2.29920E+02   1.20000E-01   7.72670E-02   1.10425E-04   5.23458E-05   0.00000E+00   1.21964E-02   1.00000E+00   0.00000E+00   7.75157E+00   1.41454E-16            15   7.16651E-10   3.13312E+00
        1917   2.30040E+02   1.20000E-01   7.72670E-02   1.11060E-04   5.14012E-05   0.00000E+00   1.21894E-02   1.00000E+00   0.00000E+00   7.75157E+00   1.39324E-16            15   7.10694E-10   3.13312E+00
        1918   2.30160E+02   1.20000E-01   7.72670E-02   1.11691E-04   5.04575E-05   0.00000E+00   1.21821E-02   1.00000E+00   0.00000E+00   7.75157E+00   1.37371E-16            15   7.04348E-10   3.13312E+00
        1919   2.30280E+02   1.20000E-01   7.72670E-02   1.12317E-04   4.95146E-05   0.00000E+00   1.21745E-02   1.00000E+00   0.00000E+00   7.75157E+00   1.35572E-16            15   6.97461E-10   3.13312E+00
        1920   2.30400E+02   1.20000E-01   7.72670E-02   1.12940E-04   4.99768E-05   0.00000E+00   1.21667E-02   1.00000E+00   0.00000E+00   7.75157E+00   1.33891E-16            15   6.89616E-10   3.13312E+00
        1921   2.30520E+02   1.20000E-01   7.72670E-02   1.13558E-04   5.18490E-05   0.00000E+00   1.21585E-02   1.00000E+00   0.00000E+00   7.75157E+00   1.31936E-16            15   6.79565E-10   3.13312E+00
        1922   2.30640E+02   1.20000E-01   7.72670E-02   1.14171E-04   5.37159E-05   0.00000E+00   1.21501E-02   1.00000E+00   0.00000E+00   7.75157E+00   1.28254E-16            15   6.61370E-10   3.13312E+00
        1923   2.30760E+02   1.20000E-01   7.72670E-02   1.14902E-04   5.55775E-05   0.00000E+00   1.21414E-02   1.00000E+00   0.00000E+00   7.75157E+00   1.09275E-16            15   5.90549E-10   3.13312E+00
        1924   2.30880E+02   1.20000E-01   7.72670E-02   1.15886E-04   5.74338E-05   0.00000E+00   1.21324E-02   1.00000E+00   0.00000E+00   7.75157E+00   1.03327E-16            15   5.53284E-10   3.13313E+00
        1925   2.31000E+02   1.20000E-01   7.72670E-02   1.16865E-04   5.92847E-05   0.00000E+00   1.21231E-02   1.00000E+00   0.00000E+00   7.75157E+00   4.79355E-17            15   2.94498E-10   3.13313E+00
        1926   2.31120E+02   1.20000E-01   7.72670E-02   1.17840E-04   6.11303E-05   0.00000E+00   1.21135E-02   1.00000E+00   0.00000E+00   7.75157E+00   1.06171E-16            15   5.58769E-10   3.13313E+00
        1927   2.31240E+02   1.20000E-01   7.72670E-02   1.18809E-04   6.29703E-05   0.00000E+00   1.21037E-02   1.00000E+00   0.00000E+00   7.75157E+00   1.24596E-16            15   6.26026E-10   3.13313E+00
        1928   2.31360E+02   1.20000E-01   7.72670E-02   1.19774E-04   6.48049E-05   0.00000E+00   1.20936E-02   1.00000E+00   0.00000E+00   7.75157E+00   1.30104E-16            15   6.40931E-10   3.13313E+00
        1929   2.31480E+02   1.20000E-01   7.72670E-02   1.20734E-04   6.66340E-05   0.00000E+00   1.20832E-02   1.00000E+00   0.00000E+00   7.75157E+00   1.32810E-16            15   6.44533E-10   3.13314E+00
        1930   2.31600E+02   1.20000E-01   7.72670E-02   1.21688E-04   6.84575E-05   0.00000E+00   1.20725E-02   1.00000E+00   0.00000E+00   7.75157E+00   1.34640E-16            15   6.44645E-10   3.13314E+00
        1931   2.31720E+02   1.20000E-01   7.72670E-02   1.22638E-04   7.02755E-05   0.00000E+00   1.20616E-02   1.00000E+00   0.00000E+00   7.75157E+00   1.36165E-16            15   6.43471E-10   3.13314E+00
        1932   2.31840E+02   1.20000E-01   7.72670E-02   1.23583E-04   7.20878E-05   0.00000E+00   1.20503E-02   1.00000E+00   0.00000E+00   7.75157E+00   1.37607E-16            15   6.41807E-10   3.13314E+00
        1933   2.31960E+02   1.20000E-01   7.72670E-02   1.24523E-04   7.38945E-05   0.00000E+00   1.20388E-02   1.00000E+00   0.00000E+00   7.75157E+00   1.38954E-16            15   6.39995E-10   3.13315E+00
        1934   2.32080E+02   1.20000E-01   7.72670E-02   1.25459E-04   7.56955E-05   0.00000E+00   1.20271E-02   1.00000E+00   0.00000E+00   7.75157E+00   1.40404E-16            15   6.38197E-10   3.13315E+00
        1935   2.32200E+02   1.20000E-01   7.72670E-02   1.26389E-04   7.74908E-05   0.00000E+00   1.20150E-02   1.00000E+00   0.00000E+00   7.75157E+00   1.41789E-16            15   6.36488E-10   3.13316E+00
        1936   2.32320E+02   1.20000E-01   7.72670E-02   1.27314E-04   7.92803E-05   0.00000E+00   1.20027E-02   1.00000E+00   0.00000E+00   7.75157E+00   1.43284E-16            15   6.34910E-10   3.13316E+00
        1937   2.32440E+02   1.20000E-01   7.72670E-02   1.28234E-04   8.10640E-05   0.00000E+00   1.19901E-02   1.00000E+00   0.00000E+00   7.75157E+00   1.44801E-16            15   6.33476E-10   3.13316E+00
        1938   2.32560E+02   1.20000E-01   7.72670E-02   1.29149E-04   8.28419E-05   0.00000E+00   1.19773E-02   1.00000E+00   0.00000E+00   7.75157E+00   1.46345E-16            15   6.32187E-10   3.13317E+00
        1939   2.32680E+02   1.20000E-01   7.72670E-02   1.30059E-04   8.46140E-05   0.00000E+00   1.19642E-02   1.00000E+00   0.00000E+00   7.75157E+00   1.47935E-16            15   6.31044E-10   3.13317E+00
        1940   2.32800E+02   1.20000E-01   7.72670E-02   1.30965E-04   8.63802E-05   0.00000E+00   1.19508E-02   1.00000E+00   0.00000E+00   7.75157E+00   1.49575E-16            15   6.30163E-10   3.13318E+00
        1941   2.32920E+02   1.20000E-01   7.72670E-02   1.31865E-04   8.81405E-05   0.00000E+00   1.19371E-02   1.00000E+00   0.00000E+00   7.75157E+00   1.51201E-16            15   6.29067E-10   3.13318E+00
        1942   2.33040E+02   1.20000E-01   7.72670E-02   1.32760E-04   8.98948E-05   0.00000E+00   1.19232E-02   1.00000E+00   0.00000E+00   7.75157E+00   1.52885E-16            15   6.28287E-10   3.13319E+00
        1943   2.33160E+02   1.20000E-01   7.72670E-02   1.33650E-04   9.16431E-05   0.00000E+00   1.19090E-02   1.00000E+00   0.00000E+00   7.75157E+00   1.54648E-16            15   6.27594E-10   3.13319E+00
        1944   2.33280E+02   1.20000E-01   7.72670E-02   1.34534E-04   9.33855E-05   0.00000E+00   1.18945E-02   1.00000E+00   0.00000E+00   7.75157E+00   1.56371E-16            15   6.26970E-10   3.13320E+00
        1945   2.33400E+02   1.20000E-01   7.72670E-02   1.35414E-04   9.51217E-05   0.00000E+00   1.18798E-02   1.00000E+00   0.00000E+00   7.75157E+00   1.58188E-16            15   6.26398E-10   3.13320E+00
        1946   2.33520E+02   1.20000E-01   7.72670E-02   1.36289E-04   9.68520E-05   0.00000E+00   1.18648E-02   1.00000E+00   0.00000E+00   7.75157E+00   1.59984E-16            15   6.25862E-10   3.13321E+00
        1947   2.33640E+02   1.20000E-01   7.72670E-02   1.37158E-04   9.85761E-05   0.00000E+00   1.18496E-02   1.00000E+00   0.00000E+00   7.75157E+00   1.61793E-16            15   6.25347E-10   3.13322E+00
        1948   2.33760E+02   1.20000E-01   7.72670E-02   1.38023E-04   1.00294E-04   0.00000E+00   1.18341E-02   1.00000E+00   0.00000E+00   7.75157E+00   1.63613E-16            15   6.24839E-10   3.13322E+00
        1949   2.33880E+02   1.20000E-01   7.72670E-02   1.38882E-04   1.02006E-04   0.00000E+00   1.18183E-02   1.00000E+00   0.00000E+00   7.75157E+00   1.65444E-16            15   6.24323E-10   3.13323E+00
        1950   2.34000E+02   1.20000E-01   7.72670E-02   1.39736E-04   1.03711E-04   0.00000E+00   1.18023E-02   1.00000E+00   0.00000E+00   7.75157E+00   1.67255E-16            15   6.23790E-10   3.13324E+00
        1951   2.34120E+02   1.20000E-01   7.72670E-02   1.40585E-04   1.05411E-04   0.00000E+00   1.17860E-02   1.00000E+00   0.00000E+00   7.75157E+00   1.69068E-16            15   6.23208E-10   3.13324E+00
        1952   2.34240E+02   1.20000E-01   7.72670E-02   1.41429E-04   1.07104E-04   0.00000E+00   1.17694E-02   1.00000E+00   0.00000E+00   7.75157E+00   1.70850E-16            15   6.22637E-10   3.13325E+00
        1953   2.34360E+02   1.20000E-01   7.72670E-02   1.42267E-04   1.08791E-04   0.00000E+00   1.17526E-02   1.00000E+00   0.00000E+00   7.75157E+00   1.72672E-16            15   6.21986E-10   3.13326E+00
        1954   2.34480E+02   1.20000E-01   7.72670E-02   1.43100E-04   1.10471E-04   0.00000E+00   1.17356E-02   1.00000E+00   0.00000E+00   7.75157E+00   1.74446E-16            15   6.21280E-10   3.13327E+00
        1955   2.34600E+02   1.20000E-01   7.72670E-02   1.43928E-04   1.12146E-04   0.00000E+00   1.17182E-02   1.00000E+00   0.00000E+00   7.75157E+00   1.76196E-16            15   6.20516E-10   3.13327E+00
        1956   2.34720E+02   1.20000E-01   7.72670E-02   1.44751E-04   1.13813E-04   0.00000E+00   1.17007E-02   1.00000E+00   0.00000E+00   7.75157E+00   1.77941E-16            15   6.19689E-10   3.13328E+00
        1957   2.34840E+02   1.20000E-01   7.72670E-02   1.45569E-04   1.15475E-04   0.00000E+00   1.16829E-02   1.00000E+00   0.00000E+00   7.75157E+00   1.79664E-16            15   6.18795E-10   3.13329E+00
        1958   2.34960E+02   1.20000E-01   7.72670E-02   1.46381E-04   1.17130E-04   0.00000E+00   1.16648E-02   1.00000E+00   0.00000E+00   7.75157E+00   1.81316E-16            15   6.17832E-10   3.13330E+00
        1959   2.35080E+02   1.20000E-01   7.72670E-02   1.47189E-04   1.18778E-04   0.00000E+00   1.16465E-02   1.00000E+00   0.00000E+00   7.75157E+00   1.82956E-16            15   6.16798E-10   3.13331E+00
        1960   2.35200E+02   1.20000E-01   7.72670E-02   1.47990E-04   1.20420E-04   0.00000E+00   1.16279E-02   1.00000E+00   0.00000E+00   7.75157E+00   1.84592E-16            15   6.15692E-10   3.13332E+00
        1961   2.35320E+02   1.20000E-01   7.72670E-02   1.48787E-04   1.22056E-04   0.00000E+00   1.16091E-02   1.00000E+00   0.00000E+00   7.75157E+00   1.86191E-16            15   6.14515E-10   3.13332E+00
        1962   2.35440E+02   1.20000E-01   7.72670E-02   1.49578E-04   1.23685E-04   0.00000E+00   1.15900E-02   1.00000E+00   0.00000E+00   7.75157E+00   1.87728E-16            15   6.13266E-10   3.13333E+00
        1963   2.35560E+02   1.20000E-01   7.72670E-02   1.50364E-04   1.25307E-04   0.00000E+00   1.15707E-02   1.00000E+00   0.00000E+00   7.75157E+00   1.89230E-16            15   6.11946E-10   3.13334E+00
        1964   2.35680E+02   1.20000E-01   7.72670E-02   1.51145E-04   1.26923E-04   0.00000E+00   1.15511E-02   1.00000E+00   0.00000E+00   7.75157E+00   1.90719E-16            15   6.10557E-10   3.13335E+00
        1965   2.35800E+02   1.20000E-01   7.72670E-02   1.51921E-04   1.28533E-04   0.00000E+00   1.15313E-02   1.00000E+00   0.00000E+00   7.75157E+00   1.92158E-16            15   6.09100E-10   3.13336E+00
        1966   2.35920E+02   1.20000E-01   7.72670E-02   1.52691E-04   1.30135E-04   0.00000E+00   1.15112E-02   1.00000E+00   0.00000E+00   7.75157E+00   1.93545E-16            15   6.07578E-10   3.13337E+00
        1967   2.36040E+02   1.20000E-01   7.72670E-02   1.53456E-04   1.31731E-04   0.00000E+00   1.14909E-02   1.00000E+00   0.00000E+00   7.75157E+00   1.94837E-16            15   6.05991E-10   3.13338E+00
        1968   2.36160E+02   1.20000E-01   7.72670E-02   1.54215E-04   1.33320E-04   0.00000E+00   1.14704E-02   1.00000E+00   0.00000E+00   7.75157E+00   1.96146E-16            15   6.04344E-10   3.13339E+00
        1969   2.36280E+02   1.20000E-01   7.72670E-02   1.54969E-04   1.34903E-04   0.00000E+00   1.14496E-02   1.00000E+00   0.00000E+00   7.75157E+00   1.97381E-16            15   6.02638E-10   3.13340E+00
        1970   2.36400E+02   1.20000E-01   7.72670E-02   1.55718E-04   1.36479E-04   0.00000E+00   1.14286E-02   1.00000E+00   0.00000E+00   7.75157E+00   1.98598E-16            15   6.00875E-10   3.13341E+00
        1971   2.36520E+02   1.20000E-01   7.72670E-02   1.56461E-04   1.38048E-04   0.00000E+00   1.14073E-02   1.00000E+00   0.00000E+00   7.75157E+00   1.99780E-16            15   5.99059E-10   3.13342E+00
        1972   2.36640E+02   1.20000E-01   7.72670E-02   1.57199E-04   1.39610E-04   0.00000E+00   1.13858E-02   1.00000E+00   0.00000E+00   7.75157E+00   2.00876E-16            15   5.97192E-10   3.13344E+00
        1973   2.36760E+02   1.20000E-01   7.72670E-02   1.57932E-04   1.41165E-04   0.00000E+00   1.13641E-02   1.00000E+00   0.00000E+00   7.75157E+00   2.01952E-16            15   5.95277E-10   3.13345E+00
        1974   2.36880E+02   1.20000E-01   7.72670E-02   1.58659E-04   1.42714E-04   0.00000E+00   1.13421E-02   1.00000E+00   0.00000E+00   7.75157E+00   2.02921E-16            15   5.93316E-10   3.13346E+00
        1975   2.37000E+02   1.20000E-01   7.72670E-02   1.59381E-04   1.44255E-04   0.00000E+00   1.13199E-02   1.00000E+00   0.00000E+00   7.75157E+00   2.03943E-16            15   5.91313E-10   3.13347E+00
        1976   2.37120E+02   1.20000E-01   7.72670E-02   1.60098E-04   1.45790E-04   0.00000E+00   1.12974E-02   1.00000E+00   0.00000E+00   7.75157E+00   2.04872E-16            15   5.89269E-10   3.13348E+00
        1977   2.37240E+02   1.20000E-01   7.72670E-02   1.60809E-04   1.47318E-04   0.00000E+00   1.12747E-02   1.00000E+00   0.00000E+00   7.75157E+00   2.05722E-16            15   5.87187E-10   3.13349E+00
        1978   2.37360E+02   1.20000E-01   7.72670E-02   1.61515E-04   1.48839E-04   0.00000E+00   1.12518E-02   1.00000E+00   0.00000E+00   7.75157E+00   2.06569E-16            15   5.85070E-10   3.13350E+00
        1979   2.37480E+02   1.20000E-01   7.72670E-02   1.62215E-04   1.50353E-04   0.00000E+00   1.12287E-02   1.00000E+00   0.00000E+00   7.75157E+00   2.07379E-16            15   5.82920E-10   3.13352E+00
        1980   2.37600E+02   1.20000E-01   7.72670E-02   1.62910E-04   1.51860E-04   0.00000E+00   1.12053E-02   1.00000E+00   0.00000E+00   7.75157E+00   2.08098E-16            15   5.80739E-10   3.13353E+00
        1981   2.37720E+02   1.20000E-01   7.72670E-02   1.63599E-04   1.53360E-04   0.00000E+00   1.11817E-02   1.00000E+00   0.00000E+00   7.75157E+00   2.08815E-16            15   5.78530E-10   3.13354E+00
        1982   2.37840E+02   1.20000E-01   7.72670E-02   1.64283E-04   1.54853E-04   0.00000E+00   1.11579E-02   1.00000E+00   0.00000E+00   7.75157E+00   2.09445E-16            15   5.76294E-10   3.13355E+00
        1983   2.37960E+02   1.20000E-01   7.72670E-02   1.64962E-04   1.56339E-04   0.00000E+00   1.11338E-02   1.00000E+00   0.00000E+00   7.75157E+00   2.10057E-16            15   5.74034E-10   3.13357E+00
        1984   2.38080E+02   1.20000E-01   7.72670E-02   1.65635E-04   1.57818E-04   0.00000E+00   1.11095E-02   1.00000E+00   0.00000E+00   7.75157E+00   2.10633E-16            15   5.71751E-10   3.13358E+00
        1985   2.38200E+02   1.20000E-01   7.72670E-02   1.66303E-04   1.59289E-04   0.00000E+00   1.10850E-02   1.00000E+00   0.00000E+00   7.75157E+00   2.11141E-16            15   5.69447E-10   3.13359E+00
        1986   2.38320E+02   1.20000E-01   7.72670E-02   1.66965E-04   1.60754E-04   0.00000E+00   1.10603E-02   1.00000E+00   0.00000E+00   7.75157E+00   2.11636E-16            15   5.67123E-10   3.13361E+00
        1987   2.38440E+02   1.20000E-01   7.72670E-02   1.67622E-04   1.62211E-04   0.00000E+00   1.10353E-02   1.00000E+00   0.00000E+00   7.75157E+00   2.12052E-16            15   5.64782E-10   3.13362E+00
        1988   2.38560E+02   1.20000E-01   7.72670E-02   1.68273E-04   1.63662E-04   0.00000E+00   1.10101E-02   1.00000E+00   0.00000E+00   7.75157E+00   2.12424E-16            15   5.62424E-10   3.13363E+00
        1989   2.38680E+02   1.20000E-01   7.72670E-02   1.68919E-04   1.65105E-04   0.00000E+00   1.09847E-02   1.00000E+00   0.00000E+00   7.75157E+00   2.12770E-16            15   5.60052E-10   3.13365E+00
        1990   2.38800E+02   1.20000E-01   7.72670E-02   1.69559E-04   1.66541E-04   0.00000E+00   1.09591E-02   1.00000E+00   0.00000E+00   7.75157E+00   2.13101E-16            15   5.57665E-10   3.13366E+00
        1991   2.38920E+02   1.20000E-01   7.72670E-02   1.70194E-04   1.67969E-04   0.00000E+00   1.09332E-02   1.00000E+00   0.00000E+00   7.75157E+00   2.13328E-16            15   5.55266E-10   3.13368E+00
        1992   2.39040E+02   1.20000E-01   7.72670E-02   1.70824E-04   1.69391E-04   0.00000E+00   1.09072E-02   1.00000E+00   0.00000E+00   7.75157E+00   2.13577E-16            15   5.52855E-10   3.13369E+00
        1993   2.39160E+02   1.20000E-01   7.72670E-02   1.71448E-04   1.70805E-04   0.00000E+00   1.08809E-02   1.00000E+00   0.00000E+00   7.75157E+00   2.13763E-16            15   5.50434E-10   3.13371E+00
        1994   2.39280E+02   1.20000E-01   7.72670E-02   1.72066E-04   1.72212E-04   0.00000E+00   1.08544E-02   1.00000E+00   0.00000E+00   7.75157E+00   2.13899E-16            15   5.48002E-10   3.13372E+00
        1995   2.39400E+02   1.20000E-01   7.72670E-02   1.72679E-04   1.73612E-04   0.00000E+00   1.08277E-02   1.00000E+00   0.00000E+00   7.75157E+00   2.13993E-16            15   5.45562E-10   3.13374E+00
        1996   2.39520E+02   1.20000E-01   7.72670E-02   1.73286E-04   1.75004E-04   0.00000E+00   1.08008E-02   1.00000E+00   0.00000E+00   7.75157E+00   2.14025E-16            15   5.43112E-10   3.13375E+00
        1997   2.39640E+02   1.20000E-01   7.72670E-02   1.73888E-04   1.76389E-04   0.00000E+00   1.07736E-02   1.00000E+00   0.00000E+00   7.75157E+00   2.14089E-16            15   5.40655E-10   3.13377E+00
        1998   2.39760E+02   1.20000E-01   7.72670E-02   1.74485E-04   1.77766E-04   0.00000E+00   1.07463E-02   1.00000E+00   0.00000E+00   7.75157E+00   2.14077E-16            15   5.38190E-10   3.13378E+00
        1999   2.39880E+02   1.20000E-01   7.72670E-02   1.75076E-04   1.79137E-04   0.00000E+00   1.07187E-02   1.00000E+00   0.00000E+00   7.75157E+00   2.14008E-16            15   5.35718E-10   3.13380E+00
        2000   2.40000E+02   1.20000E-01   7.72670E-02   1.75661E-04   1.80499E-04   0.00000E+00   1.06909E-02   1.00000E+00   0.00000E+00   7.75157E+00   2.13905E-16            15   5.33240E-10   3.13381E+00
        2001   2.40120E+02   1.20000E-01   7.72670E-02   1.76241E-04   1.81855E-04   0.00000E+00   1.06630E-02   1.00000E+00   0.00000E+00   7.75157E+00   2.14866E-16            15   5.30754E-10   3.13383E+00
        2002   2.40240E+02   1.20000E-01   7.72670E-02   1.76815E-04   1.83203E-04   0.00000E+00   1.06348E-02   1.00000E+00   0.00000E+00   7.75157E+00   2.16132E-16            15   5.28262E-10   3.13385E+00
        2003   2.40360E+02   1.20000E-01   7.72670E-02   1.77384E-04   1.84543E-04   0.00000E+00   1.06064E-02   1.00000E+00   0.00000E+00   7.75157E+00   2.17354E-16            15   5.25764E-10   3.13386E+00
        2004   2.40480E+02   1.20000E-01   7.72670E-02   1.77948E-04   1.85876E-04   0.00000E+00   1.05778E-02   1.00000E+00   0.00000E+00   7.75157E+00   2.18547E-16            15   5.23259E-10   3.13388E+00
        2005   2.40600E+02   1.20000E-01   7.72670E-02   1.78505E-04   1.87202E-04   0.00000E+00   1.05490E-02   1.00000E+00   0.00000E+00   7.75157E+00   2.19712E-16            15   5.20748E-10   3.13389E+00
        2006   2.40720E+02   1.20000E-01   7.72670E-02   1.79058E-04   1.88520E-04   0.00000E+00   1.05200E-02   1.00000E+00   0.00000E+00   7.75157E+00   2.20957E-16            15   5.18230E-10   3.13391E+00
        2007   2.40840E+02   1.20000E-01   7.72670E-02   1.79604E-04   1.89830E-04   0.00000E+00   1.04908E-02   1.00000E+00   0.00000E+00   7.75157E+00   2.22624E-16            15   5.15704E-10   3.13393E+00
        2008   2.40960E+02   1.20000E-01   7.72670E-02   1.80146E-04   1.91133E-04   0.00000E+00   1.04614E-02   1.00000E+00   0.00000E+00   7.75157E+00   2.24271E-16            15   5.13171E-10   3.13395E+00
        2009   2.41080E+02   1.20000E-01   7.72670E-02   1.80681E-04   1.92429E-04   0.00000E+00   1.04318E-02   1.00000E+00   0.00000E+00   7.75157E+00   2.25914E-16            15   5.10631E-10   3.13396E+00
        2010   2.41200E+02   1.20000E-01   7.72670E-02   1.81211E-04   1.93716E-04   0.00000E+00   1.04020E-02   1.00000E+00   0.00000E+00   7.75157E+00   2.27523E-16            15   5.08081E-10   3.13398E+00
        2011   2.41320E+02   1.20000E-01   7.72670E-02   1.81736E-04   1.94997E-04   0.00000E+00   1.03720E-02   1.00000E+00   0.00000E+00   7.75157E+00   2.29107E-16            15   5.05523E-10   3.13400E+00
        2012   2.41440E+02   1.20000E-01   7.72670E-02   1.82255E-04   1.96269E-04   0.00000E+00   1.03418E-02   1.00000E+00   0.00000E+00   7.75157E+00   2.30676E-16            15   5.02955E-10   3.13402E+00
        2013   2.41560E+02   1.20000E-01   7.72670E-02   1.82769E-04   1.97534E-04   0.00000E+00   1.03114E-02   1.00000E+00   0.00000E+00   7.75157E+00   2.32234E-16            15   5.00376E-10   3.13403E+00
        2014   2.41680E+02   1.20000E-01   7.72670E-02   1.83277E-04   1.98792E-04   0.00000E+00   1.02808E-02   1.00000E+00   0.00000E+00   7.75157E+00   2.33738E-16            15   4.97786E-10   3.13405E+00
        2015   2.41800E+02   1.20000E-01   7.72670E-02   1.83779E-04   2.00042E-04   0.00000E+00   1.02501E-02   1.00000E+00   0.00000E+00   7.75157E+00   2.35210E-16            15   4.95183E-10   3.13407E+00
        2016   2.41920E+02   1.20000E-01   7.72670E-02   1.84276E-04   2.01284E-04   0.00000E+00   1.02191E-02   1.00000E+00   0.00000E+00   7.75157E+00   2.36673E-16            15   4.92567E-10   3.13409E+00
        2017   2.42040E+02   1.20000E-01   7.72670E-02   1.84767E-04   2.02518E-04   0.00000E+00   1.01879E-02   1.00000E+00   0.00000E+00   7.75157E+00   2.38102E-16            15   4.89936E-10   3.13411E+00
        2018   2.42160E+02   1.20000E-01   7.72670E-02   1.85253E-04   2.03745E-04   0.00000E+00   1.01566E-02   1.00000E+00   0.00000E+00   7.75157E+00   2.39515E-16            15   4.87289E-10   3.13412E+00
        2019   2.42280E+02   1.20000E-01   7.72670E-02   1.85733E-04   2.04964E-04   0.00000E+00   1.01251E-02   1.00000E+00   0.00000E+00   7.75157E+00   2.40870E-16            15   4.84625E-10   3.13414E+00
        2020   2.42400E+02   1.20000E-01   7.72670E-02   1.86208E-04   2.06175E-04   0.00000E+00   1.00933E-02   1.00000E+00   0.00000E+00   7.75157E+00   2.42219E-16            15   4.81941E-10   3.13416E+00
        2021   2.42520E+02   1.20000E-01   7.72670E-02   1.86677E-04   2.07379E-04   0.00000E+00   1.00614E-02   1.00000E+00   0.00000E+00   7.75157E+00   2.43498E-16            15   4.79238E-10   3.13418E+00
        2022   2.42640E+02   1.20000E-01   7.72670E-02   1.87141E-04   2.08574E-04   0.00000E+00   1.00294E-02   1.00000E+00   0.00000E+00   7.75157E+00   2.44752E-16            15   4.76512E-10   3.13420E+00
        2023   2.42760E+02   1.20000E-01   7.72670E-02   1.87599E-04   2.09762E-04   0.00000E+00   9.99708E-03   1.00000E+00   0.00000E+00   7.75157E+00   2.45950E-16            15   4.73762E-10   3.13422E+00
        2024   2.42880E+02   1.20000E-01   7.72670E-02   1.88051E-04   2.10943E-04   0.00000E+00   9.96462E-03   1.00000E+00   0.00000E+00   7.75157E+00   2.47101E-16            15   4.70987E-10   3.13424E+00
        2025   2.43000E+02   1.20000E-01   7.72670E-02   1.88498E-04   2.12115E-04   0.00000E+00   9.93199E-03   1.00000E+00   0.00000E+00   7.75157E+00   2.48215E-16            15   4.68185E-10   3.13426E+00
        2026   2.43120E+02   1.20000E-01   7.72670E-02   1.88939E-04   2.13280E-04   0.00000E+00   9.89917E-03   1.00000E+00   0.00000E+00   7.75157E+00   2.49272E-16            15   4.65353E-10   3.13428E+00
        2027   2.43240E+02   1.20000E-01   7.72670E-02   1.89375E-04   2.14436E-04   0.00000E+00   9.86618E-03   1.00000E+00   0.00000E+00   7.75157E+00   2.50235E-16            15   4.62489E-10   3.13430E+00
        2028   2.43360E+02   1.20000E-01   7.72670E-02   1.89805E-04   2.15585E-04   0.00000E+00   9.83301E-03   1.00000E+00   0.00000E+00   7.75157E+00   2.51162E-16            15   4.59592E-10   3.13432E+00
        2029   2.43480E+02   1.20000E-01   7.72670E-02   1.90230E-04   2.16726E-04   0.00000E+00   9.79966E-03   1.00000E+00   0.00000E+00   7.75157E+00   2.52007E-16            15   4.56659E-10   3.13434E+00
        2030   2.43600E+02   1.20000E-01   7.72670E-02   1.90649E-04   2.17860E-04   0.00000E+00   9.76614E-03   1.00000E+00   0.00000E+00   7.75157E+00   2.52766E-16            15   4.53689E-10   3.13436E+00
        2031   2.43720E+02   1.20000E-01   7.72670E-02   1.91063E-04   2.18985E-04   0.00000E+00   9.73244E-03   1.00000E+00   0.00000E+00   7.75157E+00   2.53431E-16            15   4.50679E-10   3.13438E+00
        2032   2.43840E+02   1.20000E-01   7.72670E-02   1.91471E-04   2.20103E-04   0.00000E+00   9.69857E-03   1.00000E+00   0.00000E+00   7.75157E+00   2.53999E-16            15   4.47628E-10   3.13440E+00
        2033   2.43960E+02   1.20000E-01   7.72670E-02   1.91874E-04   2.21212E-04   0.00000E+00   9.66453E-03   1.00000E+00   0.00000E+00   7.75157E+00   2.54476E-16            15   4.44535E-10   3.13442E+00
        2034   2.44080E+02   1.20000E-01   7.72670E-02   1.92270E-04   2.22314E-04   0.00000E+00   9.63031E-03   1.00000E+00   0.00000E+00   7.75157E+00   2.54813E-16            15   4.41397E-10   3.13444E+00
        2035   2.44200E+02   1.20000E-01   7.72670E-02   1.92662E-04   2.23408E-04   0.00000E+00   9.59593E-03   1.00000E+00   0.00000E+00   7.75157E+00   2.55021E-16            15   4.38215E-10   3.13446E+00
        2036   2.44320E+02   1.20000E-01   7.72670E-02   1.93048E-04   2.24494E-04   0.00000E+00   9.56138E-03   1.00000E+00   0.00000E+00   7.75157E+00   2.55098E-16            15   4.34987E-10   3.13448E+00
        2037   2.44440E+02   1.20000E-01   7.72670E-02   1.93428E-04   2.25572E-04   0.00000E+00   9.52666E-03   1.00000E+00   0.00000E+00   7.75157E+00   2.55012E-16            15   4.31714E-10   3.13450E+00
        2038   2.44560E+02   1.20000E-01   7.72670E-02   1.93803E-04   2.26641E-04   0.00000E+00   9.49178E-03   1.00000E+00   0.00000E+00   7.75157E+00   2.54787E-16            15   4.28397E-10   3.13453E+00
        2039   2.44680E+02   1.20000E-01   7.72670E-02   1.94172E-04   2.27704E-04   0.00000E+00   9.45673E-03   1.00000E+00   0.00000E+00   7.75157E+00   2.54389E-16            15   4.25037E-10   3.13455E+00
        2040   2.44800E+02   1.20000E-01   7.72670E-02   1.94536E-04   2.28758E-04   0.00000E+00   9.42152E-03   1.00000E+00   0.00000E+00   7.75157E+00   2.53813E-16            15   4.21637E-10   3.13457E+00
        2041   2.44920E+02   1.20000E-01   7.72670E-02   1.94894E-04   2.29804E-04   0.00000E+00   9.38615E-03   1.00000E+00   0.00000E+00   7.75157E+00   2.53013E-16            15   4.18200E-10   3.13459E+00
        2042   2.45040E+02   1.20000E-01   7.72670E-02   1.95247E-04   2.30842E-04   0.00000E+00   9.35061E-03   1.00000E+00   0.00000E+00   7.75157E+00   2.52021E-16            15   4.14734E-10   3.13461E+00
        2043   2.45160E+02   1.20000E-01   7.72670E-02   1.95594E-04   2.31872E-04   0.00000E+00   9.31492E-03   1.00000E+00   0.00000E+00   7.75157E+00   2.50793E-16            15   4.11243E-10   3.13463E+00
        2044   2.45280E+02   1.20000E-01   7.72670E-02   1.95936E-04   2.32894E-04   0.00000E+00   9.27907E-03   1.00000E+00   0.00000E+00   7.75157E+00   2.49374E-16            15   4.07737E-10   3.13466E+00
        2045   2.45400E+02   1.20000E-01   7.72670E-02   1.96272E-04   2.33908E-04   0.00000E+00   9.24306E-03   1.00000E+00   0.00000E+00   7.75157E+00   2.47708E-16            15   4.04226E-10   3.13468E+00
        2046   2.45520E+02   1.20000E-01   7.72670E-02   1.96602E-04   2.34914E-04   0.00000E+00   9.20689E-03   1.00000E+00   0.00000E+00   7.75157E+00   2.45798E-16            15   4.00722E-10   3.13470E+00
        2047   2.45640E+02   1.20000E-01   7.72670E-02   1.96927E-04   2.35912E-04   0.00000E+00   9.17057E-03   1.00000E+00   0.00000E+00   7.75157E+00   2.43706E-16            15   3.97238E-10   3.13472E+00
        2048   2.45760E+02   1.20000E-01   7.72670E-02   1.97247E-04   2.36902E-04   0.00000E+00   9.13409E-03   1.00000E+00   0.00000E+00   7.75157E+00   2.41339E-16            15   3.93792E-10   3.13475E+00
        2049   2.45880E+02   1.20000E-01   7.72670E-02   1.97561E-04   2.37884E-04   0.00000E+00   9.09747E-03   1.00000E+00   0.00000E+00   7.75157E+00   2.38730E-16            15   3.90398E-10   3.13477E+00
        2050   2.46000E+02   1.20000E-01   7.72670E-02   1.97870E-04   2.38858E-04   0.00000E+00   9.06069E-03   1.00000E+00   0.00000E+00   7.75157E+00   2.35943E-16            15   3.87077E-10   3.13479E+00
        2051   2.46120E+02   1.20000E-01   7.72670E-02   1.98173E-04   2.39824E-04   0.00000E+00   9.02376E-03   1.00000E+00   0.00000E+00   7.75157E+00   2.32969E-16            15   3.83847E-10   3.13482E+00
        2052   2.46240E+02   1.20000E-01   7.72670E-02   1.98470E-04   2.40781E-04   0.00000E+00   8.98668E-03   1.00000E+00   0.00000E+00   7.75157E+00   2.29796E-16            15   3.80727E-10   3.13484E+00
        2053   2.46360E+02   1.20000E-01   7.72670E-02   1.98762E-04   2.41731E-04   0.00000E+00   8.94945E-03   1.00000E+00   0.00000E+00   7.75157E+00   2.26480E-16            15   3.77737E-10   3.13486E+00
        2054   2.46480E+02   1.20000E-01   7.72670E-02   1.99049E-04   2.42673E-04   0.00000E+00   8.91208E-03   1.00000E+00   0.00000E+00   7.75157E+00   2.23016E-16            15   3.74894E-10   3.13489E+00
        2055   2.46600E+02   1.20000E-01   7.72670E-02   1.99330E-04   2.43606E-04   0.00000E+00   8.87456E-03   1.00000E+00   0.00000E+00   7.75157E+00   2.19494E-16            15   3.72214E-10   3.13491E+00
        2056   2.46720E+02   1.20000E-01   7.72670E-02   1.99605E-04   2.44532E-04   0.00000E+00   8.83690E-03   1.00000E+00   0.00000E+00   7.75157E+00   2.16798E-16            15   3.69711E-10   3.13493E+00
        2057   2.46840E+02   1.20000E-01   7.72670E-02   1.99876E-04   2.45449E-04   0.00000E+00   8.79909E-03   1.00000E+00   0.00000E+00   7.75157E+00   2.17217E-16            15   3.67395E-10   3.13496E+00
        2058   2.46960E+02   1.20000E-01   7.72670E-02   2.00140E-04   2.46358E-04   0.00000E+00   8.76115E-03   1.00000E+00   0.00000E+00   7.75157E+00   2.17656E-16            15   3.65274E-10   3.13498E+00
        2059   2.47080E+02   1.20000E-01   7.72670E-02   2.00399E-04   2.47259E-04   0.00000E+00   8.72306E-03   1.00000E+00   0.00000E+00   7.75157E+00   2.18153E-16            15   3.63350E-10   3.13500E+00
        2060   2.47200E+02   1.20000E-01   7.72670E-02   2.00653E-04   2.48152E-04   0.00000E+00   8.68483E-03   1.00000E+00   0.00000E+00   7.75157E+00   2.18682E-16            15   3.61622E-10   3.13503E+00
        2061   2.47320E+02   1.20000E-01   7.72670E-02   2.00901E-04   2.49037E-04   0.00000E+00   8.64647E-03   1.00000E+00   0.00000E+00   7.75157E+00   2.19277E-16            15   3.60086E-10   3.13505E+00
        2062   2.47440E+02   1.20000E-01   7.72670E-02   2.01144E-04   2.49914E-04   0.00000E+00   8.60797E-03   1.00000E+00   0.00000E+00   7.75157E+00   2.19864E-16            15   3.58734E-10   3.13508E+00
        2063   2.47560E+02   1.20000E-01   7.72670E-02   2.01382E-04   2.50782E-04   0.00000E+00   8.56933E-03   1.00000E+00   0.00000E+00   7.75157E+00   2.20465E-16            15   3.57553E-10   3.13510E+00
        2064   2.47680E+02   1.20000E-01   7.72670E-02   2.01613E-04   2.51643E-04   0.00000E+00   8.53056E-03   1.00000E+00   0.00000E+00   7.75157E+00   2.21092E-16            15   3.56531E-10   3.13513E+00
        2065   2.47800E+02   1.20000E-01   7.72670E-02   2.01840E-04   2.52495E-04   0.00000E+00   8.49165E-03   1.00000E+00   0.00000E+00   7.75157E+00   2.21763E-16            15   3.55651E-10   3.13515E+00
        2066   2.47920E+02   1.20000E-01   7.72670E-02   2.02061E-04   2.53339E-04   0.00000E+00   8.45262E-03   1.00000E+00   0.00000E+00   7.75157E+00   2.22432E-16            15   3.54896E-10   3.13517E+00
        2067   2.48040E+02   1.20000E-01   7.72670E-02   2.02277E-04   2.54175E-04   0.00000E+00   8.41345E-03   1.00000E+00   0.00000E+00   7.75157E+00   2.23090E-16            15   3.54250E-10   3.13520E+00
        2068   2.48160E+02   1.20000E-01   7.72670E-02   2.02487E-04   2.55003E-04   0.00000E+00   8.37415E-03   1.00000E+00   0.00000E+00   7.75157E+00   2.23721E-16            15   3.53695E-10   3.13522E+00
        2069   2.48280E+02   1.20000E-01   7.72670E-02   2.02691E-04   2.55823E-04   0.00000E+00   8.33473E-03   1.00000E+00   0.00000E+00   7.75157E+00   2.24441E-16            15   3.53214E-10   3.13525E+00
        2070   2.48400E+02   1.20000E-01   7.72670E-02   2.02891E-04   2.56634E-04   0.00000E+00   8.29518E-03   1.00000E+00   0.00000E+00   7.75157E+00   2.25056E-16            15   3.52790E-10   3.13527E+00
        2071   2.48520E+02   1.20000E-01   7.72670E-02   2.03085E-04   2.57437E-04   0.00000E+00   8.25550E-03   1.00000E+00   0.00000E+00   7.75157E+00   2.25721E-16            15   3.52410E-10   3.13530E+00
        2072   2.48640E+02   1.20000E-01   7.72670E-02   2.03273E-04   2.58233E-04   0.00000E+00   8.21570E-03   1.00000E+00   0.00000E+00   7.75157E+00   2.26318E-16            15   3.52060E-10   3.13533E+00
        2073   2.48760E+02   1.20000E-01   7.72670E-02   2.03456E-04   2.59020E-04   0.00000E+00   8.17577E-03   1.00000E+00   0.00000E+00   7.75157E+00   2.26925E-16            15   3.51729E-10   3.13535E+00
        2074   2.48880E+02   1.20000E-01   7.72670E-02   2.03634E-04   2.59799E-04   0.00000E+00   8.13573E-03   1.00000E+00   0.00000E+00   7.75157E+00   2.27521E-16            15   3.51405E-10   3.13538E+00
        2075   2.49000E+02   1.20000E-01   7.72670E-02   2.03807E-04   2.60569E-04   0.00000E+00   8.09556E-03   1.00000E+00   0.00000E+00   7.75157E+00   2.28087E-16            15   3.51080E-10   3.13540E+00
        2076   2.49120E+02   1.20000E-01   7.72670E-02   2.03974E-04   2.61332E-04   0.00000E+00   8.05527E-03   1.00000E+00   0.00000E+00   7.75157E+00   2.28608E-16            15   3.50800E-10   3.13543E+00
        2077   2.49240E+02   1.20000E-01   7.72670E-02   2.04135E-04   2.62086E-04   0.00000E+00   8.01487E-03   1.00000E+00   0.00000E+00   7.75157E+00   2.29166E-16            15   3.50355E-10   3.13545E+00
        2078   2.49360E+02   1.20000E-01   7.72670E-02   2.04292E-04   2.62832E-04   0.00000E+00   7.97434E-03   1.00000E+00   0.00000E+00   7.75157E+00   2.29568E-16            15   3.50050E-10   3.13548E+00
        2079   2.49480E+02   1.20000E-01   7.72670E-02   2.04443E-04   2.63570E-04   0.00000E+00   7.93371E-03   1.00000E+00   0.00000E+00   7.75157E+00   2.30085E-16            15   3.49606E-10   3.13551E+00
        2080   2.49600E+02   1.20000E-01   7.72670E-02   2.04588E-04   2.64300E-04   0.00000E+00   7.89295E-03   1.00000E+00   0.00000E+00   7.75157E+00   2.30489E-16            15   3.49248E-10   3.13553E+00
        2081   2.49720E+02   1.20000E-01   7.72670E-02   2.04728E-04   2.65022E-04   0.00000E+00   7.85209E-03   1.00000E+00   0.00000E+00   7.75157E+00   2.30881E-16            15   3.48806E-10   3.13556E+00
        2082   2.49840E+02   1.20000E-01   7.72670E-02   2.04863E-04   2.65735E-04   0.00000E+00   7.81111E-03   1.00000E+00   0.00000E+00   7.75157E+00   2.31256E-16            15   3.48298E-10   3.13558E+00
        2083   2.49960E+02   1.20000E-01   7.72670E-02   2.04993E-04   2.66440E-04   0.00000E+00   7.77002E-03   1.00000E+00   0.00000E+00   7.75157E+00   2.31600E-16            15   3.47802E-10   3.13561E+00
        2084   2.50080E+02   1.20000E-01   7.72670E-02   2.05117E-04   2.67137E-04   0.00000E+00   7.72882E-03   1.00000E+00   0.00000E+00   7.75157E+00   2.31847E-16            15   3.47278E-10   3.13564E+00
        2085   2.50200E+02   1.20000E-01   7.72670E-02   2.05236E-04   2.67826E-04   0.00000E+00   7.68752E-03   1.00000E+00   0.00000E+00   7.75157E+00   2.32161E-16            15   3.46725E-10   3.13566E+00
        2086   2.50320E+02   1.20000E-01   7.72670E-02   2.05350E-04   2.68507E-04   0.00000E+00   7.64610E-03   1.00000E+00   0.00000E+00   7.75157E+00   2.32406E-16            15   3.46144E-10   3.13569E+00
        2087   2.50440E+02   1.20000E-01   7.72670E-02   2.05459E-04   2.69179E-04   0.00000E+00   7.60458E-03   1.00000E+00   0.00000E+00   7.75157E+00   2.32649E-16            15   3.45536E-10   3.13572E+00
        2088   2.50560E+02   1.20000E-01   7.72670E-02   2.05562E-04   2.69843E-04   0.00000E+00   7.56296E-03   1.00000E+00   0.00000E+00   7.75157E+00   2.32848E-16            15   3.44897E-10   3.13575E+00
        2089   2.50680E+02   1.20000E-01   7.72670E-02   2.05660E-04   2.70500E-04   0.00000E+00   7.52122E-03   1.00000E+00   0.00000E+00   7.75157E+00   2.33041E-16            15   3.44282E-10   3.13577E+00
        2090   2.50800E+02   1.20000E-01   7.72670E-02   2.05752E-04   2.71147E-04   0.00000E+00   7.47939E-03   1.00000E+00   0.00000E+00   7.75157E+00   2.33174E-16            15   3.43570E-10   3.13580E+00
        2091   2.50920E+02   1.20000E-01   7.72670E-02   2.05840E-04   2.71787E-04   0.00000E+00   7.43746E-03   1.00000E+00   0.00000E+00   7.75157E+00   2.33263E-16            15   3.42851E-10   3.13583E+00
        2092   2.51040E+02   1.20000E-01   7.72670E-02   2.05922E-04   2.72419E-04   0.00000E+00   7.39542E-03   1.00000E+00   0.00000E+00   7.75157E+00   2.33381E-16            15   3.42164E-10   3.13585E+00
        2093   2.51160E+02   1.20000E-01   7.72670E-02   2.05999E-04   2.73042E-04   0.00000E+00   7.35329E-03   1.00000E+00   0.00000E+00   7.75157E+00   2.33463E-16            15   3.41389E-10   3.13588E+00
        2094   2.51280E+02   1.20000E-01   7.72670E-02   2.06070E-04   2.73657E-04   0.00000E+00   7.31106E-03   1.00000E+00   0.00000E+00   7.75157E+00   2.33541E-16            15   3.40612E-10   3.13591E+00
        2095   2.51400E+02   1.20000E-01   7.72670E-02   2.06137E-04   2.74264E-04   0.00000E+00   7.26874E-03   1.00000E+00   0.00000E+00   7.75157E+00   2.33556E-16            15   3.39870E-10   3.13594E+00
        2096   2.51520E+02   1.20000E-01   7.72670E-02   2.06198E-04   2.74863E-04   0.00000E+00   7.22632E-03   1.00000E+00   0.00000E+00   7.75157E+00   2.33574E-16            15   3.39044E-10   3.13596E+00
        2097   2.51640E+02   1.20000E-01   7.72670E-02   2.06254E-04   2.75454E-04   0.00000E+00   7.18380E-03   1.00000E+00   0.00000E+00   7.75157E+00   2.33503E-16            15   3.38221E-10   3.13599E+00
        2098   2.51760E+02   1.20000E-01   7.72670E-02   2.06305E-04   2.76036E-04   0.00000E+00   7.14119E-03   1.00000E+00   0.00000E+00   7.75157E+00   2.33515E-16            15   3.37436E-10   3.13602E+00
        2099   2.51880E+02   1.20000E-01   7.72670E-02   2.06351E-04   2.76611E-04   0.00000E+00   7.09850E-03   1.00000E+00   0.00000E+00   7.75157E+00   2.33428E-16            15   3.36570E-10   3.13605E+00
        2100   2.52000E+02   1.20000E-01   7.72670E-02   2.06391E-04   2.77177E-04   0.00000E+00   7.05571E-03   1.00000E+00   0.00000E+00   7.75157E+00   2.33407E-16            15   3.35753E-10   3.13607E+00
        2101   2.52120E+02   1.20000E-01   7.72670E-02   2.06426E-04   2.77735E-04   0.00000E+00   7.01283E-03   1.00000E+00   0.00000E+00   7.75157E+00   2.33284E-16            15   3.34869E-10   3.13610E+00
        2102   2.52240E+02   1.20000E-01   7.72670E-02   2.06457E-04   2.78285E-04   0.00000E+00   6.96986E-03   1.00000E+00   0.00000E+00   7.75157E+00   2.33162E-16            15   3.34035E-10   3.13613E+00
        2103   2.52360E+02   1.20000E-01   7.72670E-02   2.06482E-04   2.78826E-04   0.00000E+00   6.92682E-03   1.00000E+00   0.00000E+00   7.75157E+00   2.33029E-16            15   3.33137E-10   3.13616E+00
        2104   2.52480E+02   1.20000E-01   7.72670E-02   2.06501E-04   2.79360E-04   0.00000E+00   6.88368E-03   1.00000E+00   0.00000E+00   7.75157E+00   2.32912E-16            15   3.32291E-10   3.13619E+00
        2105   2.52600E+02   1.20000E-01   7.72670E-02   2.06516E-04   2.79885E-04   0.00000E+00   6.84046E-03   1.00000E+00   0.00000E+00   7.75157E+00   2.32699E-16            15   3.31383E-10   3.13622E+00
        2106   2.52720E+02   1.20000E-01   7.72670E-02   2.06526E-04   2.80403E-04   0.00000E+00   6.79716E-03   1.00000E+00   0.00000E+00   7.75157E+00   2.32549E-16            15   3.30529E-10   3.13624E+00
        2107   2.52840E+02   1.20000E-01   7.72670E-02   2.06530E-04   2.80912E-04   0.00000E+00   6.75378E-03   1.00000E+00   0.00000E+00   7.75157E+00   2.32273E-16            15   3.29616E-10   3.13627E+00
        2108   2.52960E+02   1.20000E-01   7.72670E-02   2.06530E-04   2.81413E-04   0.00000E+00   6.71031E-03   1.00000E+00   0.00000E+00   7.75157E+00   2.32120E-16            15   3.28758E-10   3.13630E+00
        2109   2.53080E+02   1.20000E-01   7.72670E-02   2.06524E-04   2.81906E-04   0.00000E+00   6.66677E-03   1.00000E+00   0.00000E+00   7.75157E+00   2.31852E-16            15   3.27843E-10   3.13633E+00
        2110   2.53200E+02   1.20000E-01   7.72670E-02   2.06513E-04   2.82390E-04   0.00000E+00   6.62315E-03   1.00000E+00   0.00000E+00   7.75157E+00   2.31621E-16            15   3.26985E-10   3.13636E+00
        2111   2.53320E+02   1.20000E-01   7.72670E-02   2.06498E-04   2.82867E-04   0.00000E+00   6.57946E-03   1.00000E+00   0.00000E+00   7.75157E+00   2.31301E-16            15   3.26071E-10   3.13639E+00
        2112   2.53440E+02   1.20000E-01   7.72670E-02   2.06477E-04   2.83336E-04   0.00000E+00   6.53568E-03   1.00000E+00   0.00000E+00   7.75157E+00   2.31042E-16            15   3.25215E-10   3.13642E+00
        2113   2.53560E+02   1.20000E-01   7.72670E-02   2.06451E-04   2.83796E-04   0.00000E+00   6.49184E-03   1.00000E+00   0.00000E+00   7.75157E+00   2.30713E-16            15   3.24306E-10   3.13644E+00
        2114   2.53680E+02   1.20000E-01   7.72670E-02   2.06420E-04   2.84249E-04   0.00000E+00   6.44792E-03   1.00000E+00   0.00000E+00   7.75157E+00   2.30406E-16            15   3.23456E-10   3.13647E+00
        2115   2.53800E+02   1.20000E-01   7.72670E-02   2.06384E-04   2.84693E-04   0.00000E+00   6.40394E-03   1.00000E+00   0.00000E+00   7.75157E+00   2.30052E-16            15   3.22553E-10   3.13650E+00
        2116   2.53920E+02   1.20000E-01   7.72670E-02   2.06343E-04   2.85129E-04   0.00000E+00   6.35988E-03   1.00000E+00   0.00000E+00   7.75157E+00   2.29703E-16            15   3.21712E-10   3.13653E+00
        2117   2.54040E+02   1.20000E-01   7.72670E-02   2.06297E-04   2.85557E-04   0.00000E+00   6.31575E-03   1.00000E+00   0.00000E+00   7.75157E+00   2.29269E-16            15   3.20819E-10   3.13656E+00
        2118   2.54160E+02   1.20000E-01   7.72670E-02   2.06246E-04   2.85978E-04   0.00000E+00   6.27156E-03   1.00000E+00   0.00000E+00   7.75157E+00   2.28950E-16            15   3.19989E-10   3.13659E+00
        2119   2.54280E+02   1.20000E-01   7.72670E-02   2.06190E-04   2.86390E-04   0.00000E+00   6.22730E-03   1.00000E+00   0.00000E+00   7.75157E+00   2.28510E-16            15   3.19108E-10   3.13662E+00
        2120   2.54400E+02   1.20000E-01   7.72670E-02   2.06129E-04   2.86794E-04   0.00000E+00   6.18297E-03   1.00000E+00   0.00000E+00   7.75157E+00   2.28116E-16            15   3.18291E-10   3.13665E+00
        2121   2.54520E+02   1.20000E-01   7.72670E-02   2.06063E-04   2.87190E-04   0.00000E+00   6.13858E-03   1.00000E+00   0.00000E+00   7.75157E+00   2.27657E-16            15   3.17425E-10   3.13668E+00
        2122   2.54640E+02   1.20000E-01   7.72670E-02   2.05992E-04   2.87578E-04   0.00000E+00   6.09413E-03   1.00000E+00   0.00000E+00   7.75157E+00   2.27197E-16            15   3.16623E-10   3.13671E+00
        2123   2.54760E+02   1.20000E-01   7.72670E-02   2.05917E-04   2.87958E-04   0.00000E+00   6.04962E-03   1.00000E+00   0.00000E+00   7.75157E+00   2.26716E-16            15   3.15773E-10   3.13674E+00
        2124   2.54880E+02   1.20000E-01   7.72670E-02   2.05836E-04   2.88330E-04   0.00000E+00   6.00504E-03   1.00000E+00   0.00000E+00   7.75157E+00   2.26255E-16            15   3.14989E-10   3.13677E+00
        2125   2.55000E+02   1.20000E-01   7.72670E-02   2.05751E-04   2.88693E-04   0.00000E+00   5.96041E-03   1.00000E+00   0.00000E+00   7.75157E+00   2.25709E-16            15   3.14157E-10   3.13680E+00
        2126   2.55120E+02   1.20000E-01   7.72670E-02   2.05660E-04   2.89049E-04   0.00000E+00   5.91572E-03   1.00000E+00   0.00000E+00   7.75157E+00   2.25208E-16            15   3.13391E-10   3.13683E+00
        2127   2.55240E+02   1.20000E-01   7.72670E-02   2.05565E-04   2.89397E-04   0.00000E+00   5.87097E-03   1.00000E+00   0.00000E+00   7.75157E+00   2.24695E-16            15   3.12578E-10   3.13686E+00
        2128   2.55360E+02   1.20000E-01   7.72670E-02   2.05465E-04   2.89737E-04   0.00000E+00   5.82617E-03   1.00000E+00   0.00000E+00   7.75157E+00   2.24165E-16            15   3.11834E-10   3.13689E+00
        2129   2.55480E+02   1.20000E-01   7.72670E-02   2.05360E-04   2.90069E-04   0.00000E+00   5.78131E-03   1.00000E+00   0.00000E+00   7.75157E+00   2.23572E-16            15   3.11042E-10   3.13692E+00
        2130   2.55600E+02   1.20000E-01   7.72670E-02   2.05250E-04   2.90393E-04   0.00000E+00   5.73640E-03   1.00000E+00   0.00000E+00   7.75157E+00   2.23025E-16            15   3.10346E-10   3.13695E+00
        2131   2.55720E+02   1.20000E-01   7.72670E-02   2.05135E-04   2.90709E-04   0.00000E+00   5.69144E-03   1.00000E+00   0.00000E+00   7.75157E+00   2.22409E-16            15   3.09643E-10   3.13698E+00
        2132   2.55840E+02   1.20000E-01   7.72670E-02   2.05015E-04   2.91017E-04   0.00000E+00   5.64643E-03   1.00000E+00   0.00000E+00   7.75157E+00   2.21804E-16            15   3.08968E-10   3.13701E+00
        2133   2.55960E+02   1.20000E-01   7.72670E-02   2.04891E-04   2.91318E-04   0.00000E+00   5.60137E-03   1.00000E+00   0.00000E+00   7.75157E+00   2.21201E-16            15   3.08284E-10   3.13704E+00
        2134   2.56080E+02   1.20000E-01   7.72670E-02   2.04762E-04   2.91610E-04   0.00000E+00   5.55626E-03   1.00000E+00   0.00000E+00   7.75157E+00   2.20574E-16            15   3.07661E-10   3.13707E+00
        2135   2.56200E+02   1.20000E-01   7.72670E-02   2.04628E-04   2.91894E-04   0.00000E+00   5.51110E-03   1.00000E+00   0.00000E+00   7.75157E+00   2.19908E-16            15   3.07018E-10   3.13710E+00
        2136   2.56320E+02   1.20000E-01   7.72670E-02   2.04489E-04   2.92171E-04   0.00000E+00   5.46590E-03   1.00000E+00   0.00000E+00   7.75157E+00   2.19247E-16            15   3.06387E-10   3.13713E+00
        2137   2.56440E+02   1.20000E-01   7.72670E-02   2.04346E-04   2.92439E-04   0.00000E+00   5.42065E-03   1.00000E+00   0.00000E+00   7.75157E+00   2.18567E-16            15   3.05768E-10   3.13716E+00
        2138   2.56560E+02   1.20000E-01   7.72670E-02   2.04198E-04   2.92700E-04   0.00000E+00   5.37536E-03   1.00000E+00   0.00000E+00   7.75157E+00   2.17918E-16            15   3.05161E-10   3.13719E+00
        2139   2.56680E+02   1.20000E-01   7.72670E-02   2.04045E-04   2.92953E-04   0.00000E+00   5.33003E-03   1.00000E+00   0.00000E+00   7.75157E+00   2.17154E-16            15   3.04566E-10   3.13722E+00
        2140   2.56800E+02   1.20000E-01   7.72670E-02   2.03887E-04   2.93198E-04   0.00000E+00   5.28465E-03   1.00000E+00   0.00000E+00   7.75157E+00   2.16483E-16            15   3.03982E-10   3.13725E+00
        2141   2.56920E+02   1.20000E-01   7.72670E-02   2.03725E-04   2.93435E-04   0.00000E+00   5.23924E-03   1.00000E+00   0.00000E+00   7.75157E+00   2.15757E-16            15   3.03411E-10   3.13728E+00
        2142   2.57040E+02   1.20000E-01   7.72670E-02   2.03558E-04   2.93664E-04   0.00000E+00   5.19379E-03   1.00000E+00   0.00000E+00   7.75157E+00   2.14982E-16            15   3.02852E-10   3.13731E+00
        2143   2.57160E+02   1.20000E-01   7.72670E-02   2.03386E-04   2.93885E-04   0.00000E+00   5.14830E-03   1.00000E+00   0.00000E+00   7.75157E+00   2.14216E-16            15   3.02305E-10   3.13734E+00
        2144   2.57280E+02   1.20000E-01   7.72670E-02   2.03210E-04   2.94099E-04   0.00000E+00   5.10278E-03   1.00000E+00   0.00000E+00   7.75157E+00   2.13415E-16            15   3.01770E-10   3.13737E+00
        2145   2.57400E+02   1.20000E-01   7.72670E-02   2.03029E-04   2.94305E-04   0.00000E+00   5.05722E-03   1.00000E+00   0.00000E+00   7.75157E+00   2.12626E-16            15   3.01248E-10   3.13740E+00
        2146   2.57520E+02   1.20000E-01   7.72670E-02   2.02844E-04   2.94503E-04   0.00000E+00   5.01163E-03   1.00000E+00   0.00000E+00   7.75157E+00   2.11863E-16            15   3.00738E-10   3.13743E+00
        2147   2.57640E+02   1.20000E-01   7.72670E-02   2.02654E-04   2.94693E-04   0.00000E+00   4.96600E-03   1.00000E+00   0.00000E+00   7.75157E+00   2.11006E-16            15   3.00243E-10   3.13746E+00
        2148   2.57760E+02   1.20000E-01   7.72670E-02   2.02459E-04   2.94875E-04   0.00000E+00   4.92035E-03   1.00000E+00   0.00000E+00   7.75157E+00   2.10149E-16            15   2.99763E-10   3.13749E+00
        2149   2.57880E+02   1.20000E-01   7.72670E-02   2.02260E-04   2.95050E-04   0.00000E+00   4.87466E-03   1.00000E+00   0.00000E+00   7.75157E+00   2.09310E-16            15   2.99302E-10   3.13752E+00
        2150   2.58000E+02   1.20000E-01   7.72670E-02   2.02056E-04   2.95217E-04   0.00000E+00   4.82895E-03   1.00000E+00   0.00000E+00   7.75157E+00   2.08446E-16            15   2.98870E-10   3.13755E+00
        2151   2.58120E+02   1.20000E-01   7.72670E-02   2.01847E-04   2.95376E-04   0.00000E+00   4.78321E-03   1.00000E+00   0.00000E+00   7.75157E+00   2.07568E-16            15   2.98505E-10   3.13758E+00
        2152   2.58240E+02   1.20000E-01   7.72670E-02   2.01635E-04   2.95528E-04   0.00000E+00   4.73744E-03   1.00000E+00   0.00000E+00   7.75157E+00   2.06649E-16            15   2.98372E-10   3.13762E+00
        2153   2.58360E+02   1.20000E-01   7.72670E-02   2.01417E-04   2.95671E-04   0.00000E+00   4.69166E-03   1.00000E+00   0.00000E+00   7.75157E+00   2.05946E-16            15   2.95594E-10   3.13765E+00
        2154   2.58480E+02   1.20000E-01   7.72670E-02   2.01195E-04   2.95807E-04   0.00000E+00   4.64582E-03   1.00000E+00   0.00000E+00   7.75157E+00   2.04372E-16            15   3.01519E-10   3.13768E+00
        2155   2.58600E+02   1.20000E-01   7.72670E-02   2.00969E-04   2.95936E-04   0.00000E+00   4.59998E-03   1.00000E+00   0.00000E+00   7.75157E+00   2.03971E-16            15   2.96481E-10   3.13771E+00
        2156   2.58720E+02   1.20000E-01   7.72670E-02   2.00738E-04   2.96057E-04   0.00000E+00   4.55412E-03   1.00000E+00   0.00000E+00   7.75157E+00   2.02954E-16            15   2.96514E-10   3.13774E+00
        2157   2.58840E+02   1.20000E-01   7.72670E-02   2.00503E-04   2.96170E-04   0.00000E+00   4.50824E-03   1.00000E+00   0.00000E+00   7.75157E+00   2.02005E-16            15   2.96240E-10   3.13777E+00
        2158   2.58960E+02   1.20000E-01   7.72670E-02   2.00263E-04   2.96275E-04   0.00000E+00   4.46234E-03   1.00000E+00   0.00000E+00   7.75157E+00   2.01037E-16            15   2.95966E-10   3.13780E+00
        2159   2.59080E+02   1.20000E-01   7.72670E-02   2.00019E-04   2.96373E-04   0.00000E+00   4.41643E-03   1.00000E+00   0.00000E+00   7.75157E+00   1.99996E-16            15   2.95676E-10   3.13783E+00
        2160   2.59200E+02   1.20000E-01   7.72670E-02   1.99770E-04   2.96463E-04   0.00000E+00   4.37049E-03   1.00000E+00   0.00000E+00   7.75157E+00   1.98965E-16            15   2.95382E-10   3.13786E+00
        2161   2.59320E+02   1.20000E-01   7.72670E-02   1.99517E-04   2.96546E-04   0.00000E+00   4.32454E-03   1.00000E+00   0.00000E+00   7.75157E+00   1.97950E-16            15   2.95090E-10   3.13789E+00
        2162   2.59440E+02   1.20000E-01   7.72670E-02   1.99260E-04   2.96621E-04   0.00000E+00   4.27857E-03   1.00000E+00   0.00000E+00   7.75157E+00   1.96899E-16            15   2.94806E-10   3.13793E+00
        2163   2.59560E+02   1.20000E-01   7.72670E-02   1.98998E-04   2.96688E-04   0.00000E+00   4.23260E-03   1.00000E+00   0.00000E+00   7.75157E+00   1.95825E-16            15   2.94531E-10   3.13796E+00
        2164   2.59680E+02   1.20000E-01   7.72670E-02   1.98732E-04   2.96748E-04   0.00000E+00   4.18661E-03   1.00000E+00   0.00000E+00   7.75157E+00   1.94732E-16            15   2.94265E-10   3.13799E+00
        2165   2.59800E+02   1.20000E-01   7.72670E-02   1.98462E-04   2.96801E-04   0.00000E+00   4.14061E-03   1.00000E+00   0.00000E+00   7.75157E+00   1.93644E-16            15   2.93994E-10   3.13802E+00
        2166   2.59920E+02   1.20000E-01   7.72670E-02   1.98187E-04   2.96845E-04   0.00000E+00   4.09460E-03   1.00000E+00   0.00000E+00   7.75157E+00   1.92536E-16            15   2.93687E-10   3.13805E+00
        2167   2.60040E+02   1.20000E-01   7.72670E-02   1.97908E-04   2.96883E-04   0.00000E+00   4.04858E-03   1.00000E+00   0.00000E+00   7.75157E+00   1.91428E-16            15   2.93392E-10   3.13808E+00
        2168   2.60160E+02   1.20000E-01   7.72670E-02   1.97625E-04   2.96913E-04   0.00000E+00   4.00255E-03   1.00000E+00   0.00000E+00   7.75157E+00   1.90299E-16            15   2.93107E-10   3.13811E+00
        2169   2.60280E+02   1.20000E-01   7.72670E-02   1.97337E-04   2.96935E-04   0.00000E+00   3.95652E-03   1.00000E+00   0.00000E+00   7.75157E+00   1.89153E-16            15   2.92834E-10   3.13814E+00
        2170   2.60400E+02   1.20000E-01   7.72670E-02   1.97046E-04   2.96950E-04   0.00000E+00   3.91049E-03   1.00000E+00   0.00000E+00   7.75157E+00   1.87933E-16            15   2.92571E-10   3.13818E+00
        2171   2.60520E+02   1.20000E-01   7.72670E-02   1.96750E-04   2.96958E-04   0.00000E+00   3.86445E-03   1.00000E+00   0.00000E+00   7.75157E+00   1.86766E-16            15   2.92319E-10   3.13821E+00
        2172   2.60640E+02   1.20000E-01   7.72670E-02   1.96449E-04   2.96958E-04   0.00000E+00   3.81841E-03   1.00000E+00   0.00000E+00   7.75157E+00   1.85546E-16            15   2.92077E-10   3.13824E+00
        2173   2.60760E+02   1.20000E-01   7.72670E-02   1.96145E-04   2.96950E-04   0.00000E+00   3.77237E-03   1.00000E+00   0.00000E+00   7.75157E+00   1.84342E-16            15   2.91844E-10   3.13827E+00
        2174   2.60880E+02   1.20000E-01   7.72670E-02   1.95836E-04   2.96935E-04   0.00000E+00   3.72633E-03   1.00000E+00   0.00000E+00   7.75157E+00   1.83154E-16            15   2.91620E-10   3.13830E+00
        2175   2.61000E+02   1.20000E-01   7.72670E-02   1.95524E-04   2.96913E-04   0.00000E+00   3.68029E-03   1.00000E+00   0.00000E+00   7.75157E+00   1.81846E-16            15   2.91404E-10   3.13833E+00
        2176   2.61120E+02   1.20000E-01   7.72670E-02   1.95207E-04   2.96884E-04   0.00000E+00   3.63426E-03   1.00000E+00   0.00000E+00   7.75157E+00   1.80594E-16            15   2.91318E-10   3.13836E+00
        2177   2.61240E+02   1.20000E-01   7.72670E-02   1.94886E-04   2.96847E-04   0.00000E+00   3.58822E-03   1.00000E+00   0.00000E+00   7.75157E+00   1.79361E-16            15   2.90826E-10   3.13840E+00
        2178   2.61360E+02   1.20000E-01   7.72670E-02   1.94561E-04   2.96803E-04   0.00000E+00   3.54220E-03   1.00000E+00   0.00000E+00   7.75157E+00   1.77997E-16            15   2.90978E-10   3.13843E+00
        2179   2.61480E+02   1.20000E-01   7.72670E-02   1.94232E-04   2.96751E-04   0.00000E+00   3.49618E-03   1.00000E+00   0.00000E+00   7.75157E+00   1.76755E-16            15   2.90388E-10   3.13846E+00
        2180   2.61600E+02   1.20000E-01   7.72670E-02   1.93898E-04   2.96693E-04   0.00000E+00   3.45026E-03   1.00000E+00   0.00000E+00   7.75157E+00   1.78476E-16            15   2.87154E-10   3.13849E+00
        2181   2.61720E+02   1.20000E-01   7.72670E-02   1.93560E-04   2.96626E-04   0.00000E+00   3.40425E-03   1.00000E+00   0.00000E+00   7.75157E+00   1.73689E-16            15   2.89175E-10   3.13852E+00
        2182   2.61840E+02   1.20000E-01   7.72670E-02   1.93218E-04   2.96553E-04   0.00000E+00   3.35826E-03   1.00000E+00   0.00000E+00   7.75157E+00   1.72244E-16            15   2.89526E-10   3.13855E+00
        2183   2.61960E+02   1.20000E-01   7.72670E-02   1.92873E-04   2.96472E-04   0.00000E+00   3.31227E-03   1.00000E+00   0.00000E+00   7.75157E+00   1.70880E-16            15   2.88866E-10   3.13859E+00
        2184   2.62080E+02   1.20000E-01   7.72670E-02   1.92523E-04   2.96384E-04   0.00000E+00   3.26630E-03   1.00000E+00   0.00000E+00   7.75157E+00   1.69544E-16            15   2.89217E-10   3.13862E+00
        2185   2.62200E+02   1.20000E-01   7.72670E-02   1.92169E-04   2.96289E-04   0.00000E+00   3.22034E-03   1.00000E+00   0.00000E+00   7.75157E+00   1.68135E-16            15   2.88691E-10   3.13865E+00
        2186   2.62320E+02   1.20000E-01   7.72670E-02   1.91811E-04   2.96187E-04   0.00000E+00   3.17439E-03   1.00000E+00   0.00000E+00   7.75157E+00   1.66740E-16            15   2.88688E-10   3.13868E+00
        2187   2.62440E+02   1.20000E-01   7.72670E-02   1.91450E-04   2.96078E-04   0.00000E+00   3.12846E-03   1.00000E+00   0.00000E+00   7.75157E+00   1.65315E-16            15   2.88441E-10   3.13871E+00
        2188   2.62560E+02   1.20000E-01   7.72670E-02   1.91084E-04   2.95961E-04   0.00000E+00   3.08255E-03   1.00000E+00   0.00000E+00   7.75157E+00   1.63832E-16            15   2.88315E-10   3.13874E+00
        2189   2.62680E+02   1.20000E-01   7.72670E-02   1.90715E-04   2.95837E-04   0.00000E+00   3.03665E-03   1.00000E+00   0.00000E+00   7.75157E+00   1.62397E-16            15   2.88195E-10   3.13877E+00
        2190   2.62800E+02   1.20000E-01   7.72670E-02   1.90387E-04   2.95706E-04   0.00000E+00   2.99077E-03   1.00000E+00   0.00000E+00   7.75157E+00   1.60919E-16            15   2.87992E-10   3.13881E+00
        2191   2.62920E+02   1.20000E-01   7.72670E-02   1.90104E-04   2.95568E-04   0.00000E+00   2.94491E-03   1.00000E+00   0.00000E+00   7.75157E+00   1.59475E-16            15   2.87863E-10   3.13884E+00
        2192   2.63040E+02   1.20000E-01   7.72670E-02   1.89816E-04   2.95423E-04   0.00000E+00   2.89907E-03   1.00000E+00   0.00000E+00   7.75157E+00   1.57988E-16            15   2.87737E-10   3.13887E+00
        2193   2.63160E+02   1.20000E-01   7.72670E-02   1.89524E-04   2.95271E-04   0.00000E+00   2.85326E-03   1.00000E+00   0.00000E+00   7.75157E+00   1.56476E-16            15   2.87531E-10   3.13890E+00
        2194   2.63280E+02   1.20000E-01   7.72670E-02   1.89229E-04   2.95112E-04   0.00000E+00   2.80746E-03   1.00000E+00   0.00000E+00   7.75157E+00   1.54903E-16            15   2.87400E-10   3.13893E+00
        2195   2.63400E+02   1.20000E-01   7.72670E-02   1.88929E-04   2.94945E-04   0.00000E+00   2.76169E-03   1.00000E+00   0.00000E+00   7.75157E+00   1.54005E-16            15   2.87258E-10   3.13896E+00
        2196   2.63520E+02   1.20000E-01   7.72670E-02   1.88624E-04   2.94772E-04   0.00000E+00   2.71594E-03   1.00000E+00   0.00000E+00   7.75157E+00   1.53378E-16            15   2.87076E-10   3.13900E+00
        2197   2.63640E+02   1.20000E-01   7.72670E-02   1.88316E-04   2.94592E-04   0.00000E+00   2.67022E-03   1.00000E+00   0.00000E+00   7.75157E+00   1.53086E-16            15   2.86913E-10   3.13903E+00
        2198   2.63760E+02   1.20000E-01   7.72670E-02   1.88004E-04   2.94404E-04   0.00000E+00   2.62453E-03   1.00000E+00   0.00000E+00   7.75157E+00   1.52628E-16            15   2.86752E-10   3.13906E+00
        2199   2.63880E+02   1.20000E-01   7.72670E-02   1.87687E-04   2.94210E-04   0.00000E+00   2.57887E-03   1.00000E+00   0.00000E+00   7.75157E+00   1.52075E-16            15   2.86589E-10   3.13909E+00
        2200   2.64000E+02   1.20000E-01   7.72670E-02   1.87366E-04   2.94009E-04   0.00000E+00   2.53323E-03   1.00000E+00   0.00000E+00   7.75157E+00   1.51627E-16            15   2.86348E-10   3.13912E+00
        2201   2.64120E+02   1.20000E-01   7.72670E-02   1.87042E-04   2.93801E-04   0.00000E+00   2.48763E-03   1.00000E+00   0.00000E+00   7.75157E+00   1.51231E-16            15   2.86183E-10   3.13915E+00
        2202   2.64240E+02   1.20000E-01   7.72670E-02   1.86713E-04   2.93586E-04   0.00000E+00   2.44206E-03   1.00000E+00   0.00000E+00   7.75157E+00   1.50554E-16            15   2.85962E-10   3.13918E+00
        2203   2.64360E+02   1.20000E-01   7.72670E-02   1.86380E-04   2.93364E-04   0.00000E+00   2.39652E-03   1.00000E+00   0.00000E+00   7.75157E+00   1.50060E-16            15   2.85774E-10   3.13922E+00
        2204   2.64480E+02   1.20000E-01   7.72670E-02   1.86043E-04   2.93135E-04   0.00000E+00   2.35101E-03   1.00000E+00   0.00000E+00   7.75157E+00   1.49564E-16            15   2.85557E-10   3.13925E+00
        2205   2.64600E+02   1.20000E-01   7.72670E-02   1.85703E-04   2.92900E-04   0.00000E+00   2.30554E-03   1.00000E+00   0.00000E+00   7.75157E+00   1.48968E-16            15   2.85330E-10   3.13928E+00
        2206   2.64720E+02   1.20000E-01   7.72670E-02   1.85358E-04   2.92657E-04   0.00000E+00   2.26011E-03   1.00000E+00   0.00000E+00   7.75157E+00   1.48433E-16            15   2.85093E-10   3.13931E+00
        2207   2.64840E+02   1.20000E-01   7.72670E-02   1.85009E-04   2.92408E-04   0.00000E+00   2.21471E-03   1.00000E+00   0.00000E+00   7.75157E+00   1.47933E-16            15   2.84845E-10   3.13934E+00
        2208   2.64960E+02   1.20000E-01   7.72670E-02   1.84656E-04   2.92152E-04   0.00000E+00   2.16935E-03   1.00000E+00   0.00000E+00   7.75157E+00   1.47298E-16            15   2.84586E-10   3.13937E+00
        2209   2.65080E+02   1.20000E-01   7.72670E-02   1.84300E-04   2.91889E-04   0.00000E+00   2.12402E-03   1.00000E+00   0.00000E+00   7.75157E+00   1.46798E-16            15   2.84315E-10   3.13941E+00
        2210   2.65200E+02   1.20000E-01   7.72670E-02   1.83939E-04   2.91620E-04   0.00000E+00   2.07874E-03   1.00000E+00   0.00000E+00   7.75157E+00   1.46205E-16            15   2.84031E-10   3.13944E+00
        2211   2.65320E+02   1.20000E-01   7.72670E-02   1.83574E-04   2.91344E-04   0.00000E+00   2.03350E-03   1.00000E+00   0.00000E+00   7.75157E+00   1.45412E-16            15   2.83734E-10   3.13947E+00
        2212   2.65440E+02   1.20000E-01   7.72670E-02   1.83206E-04   2.91061E-04   0.00000E+00   1.98830E-03   1.00000E+00   0.00000E+00   7.75157E+00   1.45149E-16            15   2.83422E-10   3.13950E+00
        2213   2.65560E+02   1.20000E-01   7.72670E-02   1.82834E-04   2.90771E-04   0.00000E+00   1.94315E-03   1.00000E+00   0.00000E+00   7.75157E+00   1.44352E-16            15   2.83093E-10   3.13953E+00
        2214   2.65680E+02   1.20000E-01   7.72670E-02   1.82458E-04   2.90475E-04   0.00000E+00   1.89803E-03   1.00000E+00   0.00000E+00   7.75157E+00   1.43916E-16            15   2.82748E-10   3.13956E+00
        2215   2.65800E+02   1.20000E-01   7.72670E-02   1.82078E-04   2.90173E-04   0.00000E+00   1.85297E-03   1.00000E+00   0.00000E+00   7.75157E+00   1.43160E-16            15   2.82386E-10   3.13959E+00
        2216   2.65920E+02   1.20000E-01   7.72670E-02   1.81694E-04   2.89863E-04   0.00000E+00   1.80795E-03   1.00000E+00   0.00000E+00   7.75157E+00   1.42499E-16            15   2.82006E-10   3.13962E+00
        2217   2.66040E+02   1.20000E-01   7.72670E-02   1.81306E-04   2.89547E-04   0.00000E+00   1.76297E-03   1.00000E+00   0.00000E+00   7.75157E+00   1.41961E-16            15   2.81608E-10   3.13966E+00
        2218   2.66160E+02   1.20000E-01   7.72670E-02   1.80915E-04   2.89225E-04   0.00000E+00   1.71805E-03   1.00000E+00   0.00000E+00   7.75157E+00   1.41132E-16            15   2.81193E-10   3.13969E+00
        2219   2.66280E+02   1.20000E-01   7.72670E-02   1.80520E-04   2.88896E-04   0.00000E+00   1.67317E-03   1.00000E+00   0.00000E+00   7.75157E+00   1.40655E-16            15   2.80760E-10   3.13972E+00
        2220   2.66400E+02   1.20000E-01   7.72670E-02   1.80121E-04   2.88560E-04   0.00000E+00   1.62834E-03   1.00000E+00   0.00000E+00   7.75157E+00   1.40008E-16            15   2.80309E-10   3.13975E+00
        2221   2.66520E+02   1.20000E-01   7.72670E-02   1.79718E-04   2.88218E-04   0.00000E+00   1.58357E-03   1.00000E+00   0.00000E+00   7.75157E+00   1.39236E-16            15   2.79839E-10   3.13978E+00
        2222   2.66640E+02   1.20000E-01   7.72670E-02   1.79312E-04   2.87870E-04   0.00000E+00   1.53885E-03   1.00000E+00   0.00000E+00   7.75157E+00   1.38699E-16            15   2.79348E-10   3.13981E+00
        2223   2.66760E+02   1.20000E-01   7.72670E-02   1.78902E-04   2.87515E-04   0.00000E+00   1.49418E-03   1.00000E+00   0.00000E+00   7.75157E+00   1.38051E-16            15   2.78836E-10   3.13984E+00
        2224   2.66880E+02   1.20000E-01   7.72670E-02   1.78488E-04   2.87153E-04   0.00000E+00   1.44956E-03   1.00000E+00   0.00000E+00   7.75157E+00   1.37215E-16            15   2.78303E-10   3.13988E+00
        2225   2.67000E+02   1.20000E-01   7.72670E-02   1.78071E-04   2.86786E-04   0.00000E+00   1.40500E-03   1.00000E+00   0.00000E+00   7.75157E+00   1.36556E-16            15   2.77747E-10   3.13991E+00
        2226   2.67120E+02   1.20000E-01   7.72670E-02   1.77650E-04   2.86412E-04   0.00000E+00   1.36049E-03   1.00000E+00   0.00000E+00   7.75157E+00   1.35818E-16            15   2.77169E-10   3.13994E+00
        2227   2.67240E+02   1.20000E-01   7.72670E-02   1.77225E-04   2.86031E-04   0.00000E+00   1.31605E-03   1.00000E+00   0.00000E+00   7.75157E+00   1.35273E-16            15   2.76568E-10   3.13997E+00
        2228   2.67360E+02   1.20000E-01   7.72670E-02   1.76797E-04   2.85646E-04   0.00000E+00   1.27166E-03   1.00000E+00   0.00000E+00   7.75157E+00   1.34347E-16            15   2.75945E-10   3.14000E+00
        2229   2.67480E+02   1.20000E-01   7.72670E-02   1.76365E-04   2.85256E-04   0.00000E+00   1.22733E-03   1.00000E+00   0.00000E+00   7.75157E+00   1.33881E-16            15   2.75298E-10   3.14003E+00
        2230   2.67600E+02   1.20000E-01   7.72670E-02   1.75930E-04   2.84860E-04   0.00000E+00   1.18306E-03   1.00000E+00   0.00000E+00   7.75157E+00   1.33018E-16            15   2.74629E-10   3.14006E+00
        2231   2.67720E+02   1.20000E-01   7.72670E-02   1.75491E-04   2.84457E-04   0.00000E+00   1.13884E-03   1.00000E+00   0.00000E+00   7.75157E+00   1.32402E-16            15   2.73937E-10   3.14009E+00
        2232   2.67840E+02   1.20000E-01   7.72670E-02   1.75048E-04   2.84049E-04   0.00000E+00   1.09470E-03   1.00000E+00   0.00000E+00   7.75157E+00   1.31498E-16            15   2.73222E-10   3.14012E+00
        2233   2.67960E+02   1.20000E-01   7.72670E-02   1.74602E-04   2.83634E-04   0.00000E+00   1.05061E-03   1.00000E+00   0.00000E+00   7.75157E+00   1.30935E-16            15   2.72484E-10   3.14015E+00
        2234   2.68080E+02   1.20000E-01   7.72670E-02   1.74153E-04   2.83212E-04   0.00000E+00   1.00659E-03   1.00000E+00   0.00000E+00   7.75157E+00   1.30354E-16            15   2.71724E-10   3.14019E+00
        2235   2.68200E+02   1.20000E-01   7.72670E-02   1.73700E-04   2.82785E-04   0.00000E+00   9.62630E-04   1.00000E+00   0.00000E+00   7.75157E+00   1.29376E-16            15   2.70942E-10   3.14022E+00
        2236   2.68320E+02   1.20000E-01   7.72670E-02   1.73243E-04   2.82352E-04   0.00000E+00   9.18737E-04   1.00000E+00   0.00000E+00   7.75157E+00   1.28589E-16            15   2.70200E-10   3.14025E+00
        2237   2.68440E+02   1.20000E-01   7.72670E-02   1.72784E-04   2.81912E-04   0.00000E+00   8.74909E-04   1.00000E+00   0.00000E+00   7.75157E+00   1.28069E-16            15   2.69531E-10   3.14028E+00
        2238   2.68560E+02   1.20000E-01   7.72670E-02   1.72320E-04   2.81466E-04   0.00000E+00   8.31148E-04   1.00000E+00   0.00000E+00   7.75157E+00   1.27510E-16            15   2.68874E-10   3.14031E+00
        2239   2.68680E+02   1.20000E-01   7.72670E-02   1.71853E-04   2.81014E-04   0.00000E+00   7.87454E-04   1.00000E+00   0.00000E+00   7.75157E+00   1.28636E-16            15   2.68228E-10   3.14034E+00
        2240   2.68800E+02   1.20000E-01   7.72670E-02   1.71383E-04   2.80556E-04   0.00000E+00   7.43827E-04   1.00000E+00   0.00000E+00   7.75157E+00   1.29766E-16            15   2.67596E-10   3.14037E+00
        2241   2.68920E+02   1.20000E-01   7.72670E-02   1.70910E-04   2.80093E-04   0.00000E+00   7.00270E-04   1.00000E+00   0.00000E+00   7.75157E+00   1.30944E-16            15   2.66936E-10   3.14040E+00
        2242   2.69040E+02   1.20000E-01   7.72670E-02   1.70433E-04   2.79623E-04   0.00000E+00   6.56783E-04   1.00000E+00   0.00000E+00   7.75157E+00   1.31907E-16            15   2.66260E-10   3.14043E+00
        2243   2.69160E+02   1.20000E-01   7.72670E-02   1.69952E-04   2.79147E-04   0.00000E+00   6.13366E-04   1.00000E+00   0.00000E+00   7.75157E+00   1.32905E-16            15   2.65600E-10   3.14046E+00
        2244   2.69280E+02   1.20000E-01   7.72670E-02   1.69469E-04   2.78665E-04   0.00000E+00   5.70022E-04   1.00000E+00   0.00000E+00   7.75157E+00   1.33709E-16            15   2.64959E-10   3.14049E+00
        2245   2.69400E+02   1.20000E-01   7.72670E-02   1.68982E-04   2.78177E-04   0.00000E+00   5.26750E-04   1.00000E+00   0.00000E+00   7.75157E+00   1.34556E-16            15   2.64336E-10   3.14052E+00
        2246   2.69520E+02   1.20000E-01   7.72670E-02   1.68492E-04   2.77684E-04   0.00000E+00   4.83551E-04   1.00000E+00   0.00000E+00   7.75157E+00   1.35256E-16            15   2.63726E-10   3.14055E+00
        2247   2.69640E+02   1.20000E-01   7.72670E-02   1.67998E-04   2.77184E-04   0.00000E+00   4.40427E-04   1.00000E+00   0.00000E+00   7.75157E+00   1.36020E-16            15   2.63043E-10   3.14058E+00
        2248   2.69760E+02   1.20000E-01   7.72670E-02   1.67501E-04   2.76679E-04   0.00000E+00   3.97379E-04   1.00000E+00   0.00000E+00   7.75157E+00   1.36286E-16            15   2.62369E-10   3.14061E+00
        2249   2.69880E+02   1.20000E-01   7.72670E-02   1.67001E-04   2.76167E-04   0.00000E+00   3.75225E-04   1.00000E+00   0.00000E+00   7.75157E+00   1.36434E-16            15   2.61668E-10   3.14065E+00
        2250   2.70000E+02   1.20000E-01   7.72670E-02   1.66498E-04   2.75651E-04   0.00000E+00   3.69301E-04   1.00000E+00   0.00000E+00   7.75157E+00   2.11510E-16            15   4.35284E-10   3.14068E+00
        2251   2.70120E+02   1.20000E-01   7.72670E-02   1.65991E-04   2.75128E-04   0.00000E+00   3.64385E-04   1.00000E+00   0.00000E+00   7.75157E+00   1.94561E-16            15   4.79055E-10   3.14071E+00
        2252   2.70240E+02   1.20000E-01   7.72670E-02   1.65482E-04   2.74600E-04   0.00000E+00   3.58949E-04   1.00000E+00   0.00000E+00   7.75157E+00   1.27450E-16            15   2.93369E-10   3.14074E+00
        2253   2.70360E+02   1.20000E-01   7.72670E-02   1.64969E-04   2.74066E-04   0.00000E+00   3.53507E-04   1.00000E+00   0.00000E+00   7.75157E+00   1.39009E-16            15   2.62532E-10   3.14077E+00
        2254   2.70480E+02   1.20000E-01   7.72670E-02   1.64453E-04   2.73526E-04   0.00000E+00   3.48065E-04   1.00000E+00   0.00000E+00   7.75157E+00   1.41140E-16            15   2.58111E-10   3.14080E+00
        2255   2.70600E+02   1.20000E-01   7.72670E-02   1.64076E-04   2.72980E-04   0.00000E+00   3.42621E-04   1.00000E+00   0.00000E+00   7.75157E+00   1.40428E-16            15   2.56247E-10   3.14083E+00
        2256   2.70720E+02   1.20000E-01   7.72670E-02   1.63735E-04   2.72429E-04   0.00000E+00   3.37183E-04   1.00000E+00   0.00000E+00   7.75157E+00   1.38682E-16            15   2.55990E-10   3.14086E+00
        2257   2.70840E+02   1.20000E-01   7.72670E-02   1.63391E-04   2.71872E-04   0.00000E+00   3.31730E-04   1.00000E+00   0.00000E+00   7.75157E+00   1.39053E-16            15   2.51697E-10   3.14089E+00
        2258   2.70960E+02   1.20000E-01   7.72670E-02   1.63044E-04   2.71310E-04   0.00000E+00   3.26283E-04   1.00000E+00   0.00000E+00   7.75157E+00   1.35410E-16            15   2.52501E-10   3.14092E+00
        2259   2.71080E+02   1.20000E-01   7.72670E-02   1.62694E-04   2.70742E-04   0.00000E+00   3.20834E-04   1.00000E+00   0.00000E+00   7.75157E+00   1.35366E-16            15   2.49520E-10   3.14095E+00
        2260   2.71200E+02   1.20000E-01   7.72670E-02   1.62340E-04   2.70168E-04   0.00000E+00   3.15385E-04   1.00000E+00   0.00000E+00   7.75157E+00   1.31171E-16            15   2.49146E-10   3.14098E+00
        2261   2.71320E+02   1.20000E-01   7.72670E-02   1.61983E-04   2.69589E-04   0.00000E+00   3.09600E-04   1.00000E+00   0.00000E+00   7.75157E+00   2.00079E-16            15   4.13295E-10   3.14101E+00
        2262   2.71440E+02   1.20000E-01   7.72670E-02   1.61623E-04   2.69005E-04   0.00000E+00   3.04552E-04   1.00000E+00   0.00000E+00   7.75157E+00   1.91568E-16            15   4.23555E-10   3.14104E+00
        2263   2.71560E+02   1.20000E-01   7.72670E-02   1.61260E-04   2.68415E-04   0.00000E+00   2.99096E-04   1.00000E+00   0.00000E+00   7.75157E+00   1.28593E-16            15   2.87440E-10   3.14107E+00
        2264   2.71680E+02   1.20000E-01   7.72670E-02   1.60893E-04   2.67820E-04   0.00000E+00   3.22170E-04   1.00000E+00   0.00000E+00   7.75157E+00   1.52262E-16            15   4.23238E-10   3.14110E+00
        2265   2.71800E+02   1.20000E-01   7.72670E-02   1.60523E-04   2.67219E-04   0.00000E+00   3.63612E-04   1.00000E+00   0.00000E+00   7.75157E+00   1.95261E-16            15   4.62444E-10   3.14113E+00
        2266   2.71920E+02   1.20000E-01   7.72670E-02   1.60151E-04   2.66613E-04   0.00000E+00   4.04592E-04   1.00000E+00   0.00000E+00   7.75157E+00   1.81727E-16            15   3.90855E-10   3.14115E+00
        2267   2.72040E+02   1.20000E-01   7.72670E-02   1.59775E-04   2.66002E-04   0.00000E+00   4.45667E-04   1.00000E+00   0.00000E+00   7.75157E+00   1.14707E-16            15   3.13973E-10   3.14118E+00
        2268   2.72160E+02   1.20000E-01   7.72670E-02   1.59397E-04   2.65384E-04   0.00000E+00   4.86248E-04   1.00000E+00   0.00000E+00   7.75157E+00   7.95966E-17            15   3.00287E-10   3.14121E+00
        2269   2.72280E+02   1.20000E-01   7.72670E-02   1.59017E-04   2.64761E-04   0.00000E+00   5.28379E-04   1.00000E+00   0.00000E+00   7.75157E+00   1.82109E-16            15   4.37019E-10   3.14124E+00
        2270   2.72400E+02   1.20000E-01   7.72670E-02   1.58632E-04   2.64133E-04   0.00000E+00   5.68904E-04   1.00000E+00   0.00000E+00   7.75157E+00   2.12971E-16            15   5.23459E-10   3.14127E+00
        2271   2.72520E+02   1.20000E-01   7.72670E-02   1.58247E-04   2.63500E-04   0.00000E+00   6.10444E-04   1.00000E+00   0.00000E+00   7.75157E+00   2.25908E-16            15   4.62698E-10   3.14130E+00
        2272   2.72640E+02   1.20000E-01   7.72670E-02   1.57855E-04   2.62861E-04   0.00000E+00   6.49596E-04   1.00000E+00   0.00000E+00   7.75157E+00   2.93585E-16            15   4.89971E-10   3.14133E+00
        2273   2.72760E+02   1.20000E-01   7.72670E-02   1.57462E-04   2.62218E-04   0.00000E+00   6.92462E-04   1.00000E+00   0.00000E+00   7.75157E+00   2.87494E-16            15   6.80501E-10   3.14136E+00
        2274   2.72880E+02   1.20000E-01   7.72670E-02   1.57066E-04   2.61568E-04   0.00000E+00   7.31420E-04   1.00000E+00   0.00000E+00   7.75157E+00   3.87353E-16            15   7.05653E-10   3.14139E+00
        2275   2.73000E+02   1.20000E-01   7.72670E-02   1.56668E-04   2.60914E-04   0.00000E+00   7.73604E-04   1.00000E+00   0.00000E+00   7.75157E+00   3.19615E-16            15   8.21289E-10   3.14142E+00
        2276   2.73120E+02   1.20000E-01   7.72670E-02   1.56264E-04   2.60256E-04   0.00000E+00   8.15785E-04   1.00000E+00   0.00000E+00   7.75157E+00   3.27265E-16            15   6.52646E-10   3.14145E+00
        2277   2.73240E+02   1.20000E-01   7.72670E-02   1.55861E-04   2.59594E-04   0.00000E+00   8.56247E-04   1.00000E+00   0.00000E+00   7.75157E+00   2.81786E-16            15   8.81552E-10   3.14148E+00
        2278   2.73360E+02   1.20000E-01   7.72670E-02   1.55451E-04   2.58925E-04   0.00000E+00   8.99883E-04   1.00000E+00   0.00000E+00   7.75157E+00   4.25832E-16            15   6.31005E-10   3.14151E+00
        2279   2.73480E+02   1.20000E-01   7.72670E-02   1.55033E-04   2.58248E-04   0.00000E+00   9.08444E-04   1.00000E+00   0.00000E+00   7.75157E+00   2.55317E-16            16   2.20716E-10   3.14153E+00
        2280   2.73600E+02   1.20000E-01   7.72670E-02   1.54606E-04   2.57646E-04   0.00000E+00   1.00887E-03   1.00000E+00   0.00000E+00   7.75157E+00   6.27478E-16            15   9.77632E-10   3.14160E+00
        2281   2.73720E+02   1.20000E-01   7.72670E-02   1.54181E-04   2.57085E-04   0.00000E+00   1.01681E-03   1.00000E+00   0.00000E+00   7.75157E+00   3.55525E-16            15   4.76462E-10   3.14161E+00
        2282   2.73840E+02   1.20000E-01   7.72670E-02   1.53752E-04   2.56546E-04   0.00000E+00   1.05705E-03   1.00000E+00   0.00000E+00   7.75157E+00   3.29991E-16            15   8.67465E-10   3.14162E+00
        2283   2.73960E+02   1.20000E-01   7.72670E-02   1.53319E-04   2.55956E-04   0.00000E+00   1.09923E-03   1.00000E+00   0.00000E+00   7.75157E+00   2.06170E-16            15   6.89614E-10   3.14165E+00
        2284   2.74080E+02   1.20000E-01   7.72670E-02   1.52884E-04   2.55292E-04   0.00000E+00   1.14004E-03   1.00000E+00   0.00000E+00   7.75157E+00   4.00428E-16            15   7.97831E-10   3.14168E+00
        2285   2.74200E+02   1.20000E-01   7.72670E-02   1.52447E-04   2.54597E-04   0.00000E+00   1.17711E-03   1.00000E+00   0.00000E+00   7.75157E+00   1.98457E-16            15   4.84209E-10   3.14171E+00
        2286   2.74320E+02   1.20000E-01   7.72670E-02   1.52007E-04   2.53891E-04   0.00000E+00   1.21774E-03   1.00000E+00   0.00000E+00   7.75157E+00   2.70393E-16            15   7.53710E-10   3.14173E+00
        2287   2.74440E+02   1.20000E-01   7.72670E-02   1.51564E-04   2.53181E-04   0.00000E+00   1.25611E-03   1.00000E+00   0.00000E+00   7.75157E+00   1.55820E-16            15   4.23702E-10   3.14176E+00
        2288   2.74560E+02   1.20000E-01   7.72670E-02   1.51117E-04   2.52466E-04   0.00000E+00   1.29500E-03   1.00000E+00   0.00000E+00   7.75157E+00   1.01595E-16            15   4.77753E-10   3.14179E+00
        2289   2.74680E+02   1.20000E-01   7.72670E-02   1.50667E-04   2.51746E-04   0.00000E+00   1.33315E-03   1.00000E+00   0.00000E+00   7.75157E+00   1.77403E-16            15   5.08707E-10   3.14182E+00
        2290   2.74800E+02   1.20000E-01   7.72670E-02   1.50214E-04   2.51022E-04   0.00000E+00   1.37194E-03   1.00000E+00   0.00000E+00   7.75157E+00   2.36610E-16            15   5.70495E-10   3.14185E+00
        2291   2.74920E+02   1.20000E-01   7.72670E-02   1.49757E-04   2.50291E-04   0.00000E+00   1.40954E-03   1.00000E+00   0.00000E+00   7.75157E+00   1.69997E-16            15   4.15849E-10   3.14188E+00
        2292   2.75040E+02   1.20000E-01   7.72670E-02   1.49297E-04   2.49557E-04   0.00000E+00   1.44885E-03   1.00000E+00   0.00000E+00   7.75157E+00   1.22575E-16            15   5.05021E-10   3.14190E+00
        2293   2.75160E+02   1.20000E-01   7.72670E-02   1.48836E-04   2.48817E-04   0.00000E+00   1.48743E-03   1.00000E+00   0.00000E+00   7.75157E+00   2.17801E-16            15   6.38517E-10   3.14193E+00
        2294   2.75280E+02   1.20000E-01   7.72670E-02   1.48372E-04   2.48074E-04   0.00000E+00   1.52482E-03   1.00000E+00   0.00000E+00   7.75157E+00   2.09803E-16            15   4.64251E-10   3.14196E+00
        2295   2.75400E+02   1.20000E-01   7.72670E-02   1.47904E-04   2.47325E-04   0.00000E+00   1.56268E-03   1.00000E+00   0.00000E+00   7.75157E+00   1.26365E-16            15   3.37062E-10   3.14199E+00
        2296   2.75520E+02   1.20000E-01   7.72670E-02   1.47435E-04   2.46572E-04   0.00000E+00   1.60221E-03   1.00000E+00   0.00000E+00   7.75157E+00   1.74733E-16            15   5.68812E-10   3.14202E+00
        2297   2.75640E+02   1.20000E-01   7.72670E-02   1.46963E-04   2.45815E-04   0.00000E+00   1.63900E-03   1.00000E+00   0.00000E+00   7.75157E+00   1.88937E-16            15   4.58126E-10   3.14204E+00
        2298   2.75760E+02   1.20000E-01   7.72670E-02   1.46488E-04   2.45053E-04   0.00000E+00   1.67644E-03   1.00000E+00   0.00000E+00   7.75157E+00   1.13422E-16            15   3.56526E-10   3.14207E+00
        2299   2.75880E+02   1.20000E-01   7.72670E-02   1.46010E-04   2.44287E-04   0.00000E+00   1.71401E-03   1.00000E+00   0.00000E+00   7.75157E+00   1.35563E-16            15   2.56137E-10   3.14210E+00
        2300   2.76000E+02   1.20000E-01   7.72670E-02   1.45531E-04   2.43517E-04   0.00000E+00   1.75212E-03   1.00000E+00   0.00000E+00   7.75157E+00   1.89830E-16            15   5.92127E-10   3.14213E+00
        2301   2.76120E+02   1.20000E-01   7.72670E-02   1.45049E-04   2.42743E-04   0.00000E+00   1.78902E-03   1.00000E+00   0.00000E+00   7.75157E+00   1.75944E-16            15   4.81573E-10   3.14215E+00
        2302   2.76240E+02   1.20000E-01   7.72670E-02   1.44564E-04   2.41964E-04   0.00000E+00   1.82610E-03   1.00000E+00   0.00000E+00   7.75157E+00   1.01723E-16            15   2.85171E-10   3.14218E+00
        2303   2.76360E+02   1.20000E-01   7.72670E-02   1.44076E-04   2.41181E-04   0.00000E+00   1.86318E-03   1.00000E+00   0.00000E+00   7.75157E+00   1.19401E-16            15   2.66273E-10   3.14221E+00
        2304   2.76480E+02   1.20000E-01   7.72670E-02   1.43588E-04   2.40394E-04   0.00000E+00   1.90057E-03   1.00000E+00   0.00000E+00   7.75157E+00   2.25972E-16            15   4.95143E-10   3.14223E+00
        2305   2.76600E+02   1.20000E-01   7.72670E-02   1.43096E-04   2.39603E-04   0.00000E+00   1.93705E-03   1.00000E+00   0.00000E+00   7.75157E+00   1.61038E-16            15   4.73098E-10   3.14226E+00
        2306   2.76720E+02   1.20000E-01   7.72670E-02   1.42601E-04   2.38807E-04   0.00000E+00   1.97364E-03   1.00000E+00   0.00000E+00   7.75157E+00   1.03672E-16            15   2.80807E-10   3.14229E+00
        2307   2.76840E+02   1.20000E-01   7.72670E-02   1.42106E-04   2.38007E-04   0.00000E+00   2.01056E-03   1.00000E+00   0.00000E+00   7.75157E+00   1.87297E-16            15   5.80123E-10   3.14232E+00
        2308   2.76960E+02   1.20000E-01   7.72670E-02   1.41607E-04   2.37204E-04   0.00000E+00   2.04668E-03   1.00000E+00   0.00000E+00   7.75157E+00   1.48730E-16            15   4.66106E-10   3.14234E+00
        2309   2.77080E+02   1.20000E-01   7.72670E-02   1.41106E-04   2.36395E-04   0.00000E+00   2.08290E-03   1.00000E+00   0.00000E+00   7.75157E+00   1.00724E-16            15   2.80722E-10   3.14237E+00
        2310   2.77200E+02   1.20000E-01   7.72670E-02   1.40603E-04   2.35583E-04   0.00000E+00   2.11936E-03   1.00000E+00   0.00000E+00   7.75157E+00   1.83592E-16            15   5.74077E-10   3.14240E+00
        2311   2.77320E+02   1.20000E-01   7.72670E-02   1.40098E-04   2.34767E-04   0.00000E+00   2.15509E-03   1.00000E+00   0.00000E+00   7.75157E+00   1.45051E-16            15   4.59542E-10   3.14242E+00
        2312   2.77440E+02   1.20000E-01   7.72670E-02   1.39590E-04   2.33946E-04   0.00000E+00   2.19093E-03   1.00000E+00   0.00000E+00   7.75157E+00   9.79744E-17            15   2.84044E-10   3.14245E+00
        2313   2.77560E+02   1.20000E-01   7.72670E-02   1.39081E-04   2.33122E-04   0.00000E+00   2.22696E-03   1.00000E+00   0.00000E+00   7.75157E+00   1.79972E-16            15   5.69640E-10   3.14248E+00
        2314   2.77680E+02   1.20000E-01   7.72670E-02   1.38568E-04   2.32293E-04   0.00000E+00   2.26230E-03   1.00000E+00   0.00000E+00   7.75157E+00   1.41765E-16            15   4.53655E-10   3.14250E+00
        2315   2.77800E+02   1.20000E-01   7.72670E-02   1.38054E-04   2.31461E-04   0.00000E+00   2.29774E-03   1.00000E+00   0.00000E+00   7.75157E+00   1.09827E-16            15   2.89298E-10   3.14253E+00
        2316   2.77920E+02   1.20000E-01   7.72670E-02   1.37537E-04   2.30626E-04   0.00000E+00   2.33321E-03   1.00000E+00   0.00000E+00   7.75157E+00   1.18882E-16            15   3.60948E-10   3.14255E+00
        2317   2.78040E+02   1.20000E-01   7.72670E-02   1.37018E-04   2.29787E-04   0.00000E+00   2.36838E-03   1.00000E+00   0.00000E+00   7.75157E+00   1.20865E-16            15   2.99150E-10   3.14258E+00
        2318   2.78160E+02   1.20000E-01   7.72670E-02   1.36498E-04   2.28945E-04   0.00000E+00   2.40344E-03   1.00000E+00   0.00000E+00   7.75157E+00   1.24324E-16            15   3.06822E-10   3.14261E+00
        2319   2.78280E+02   1.20000E-01   7.72670E-02   1.35975E-04   2.28098E-04   0.00000E+00   2.43835E-03   1.00000E+00   0.00000E+00   7.75157E+00   1.27818E-16            15   3.08535E-10   3.14263E+00
        2320   2.78400E+02   1.20000E-01   7.72670E-02   1.35450E-04   2.27248E-04   0.00000E+00   2.47312E-03   1.00000E+00   0.00000E+00   7.75157E+00   1.31186E-16            15   3.10923E-10   3.14266E+00
        2321   2.78520E+02   1.20000E-01   7.72670E-02   1.34923E-04   2.26393E-04   0.00000E+00   2.50776E-03   1.00000E+00   0.00000E+00   7.75157E+00   1.34575E-16            15   3.13138E-10   3.14268E+00
        2322   2.78640E+02   1.20000E-01   7.72670E-02   1.34394E-04   2.25535E-04   0.00000E+00   2.54225E-03   1.00000E+00   0.00000E+00   7.75157E+00   1.37806E-16            15   3.15362E-10   3.14271E+00
        2323   2.78760E+02   1.20000E-01   7.72670E-02   1.33862E-04   2.24673E-04   0.00000E+00   2.57660E-03   1.00000E+00   0.00000E+00   7.75157E+00   1.41048E-16            15   3.17491E-10   3.14274E+00
        2324   2.78880E+02   1.20000E-01   7.72670E-02   1.33329E-04   2.23807E-04   0.00000E+00   2.61082E-03   1.00000E+00   0.00000E+00   7.75157E+00   1.44111E-16            15   3.19606E-10   3.14276E+00
        2325   2.79000E+02   1.20000E-01   7.72670E-02   1.32794E-04   2.22937E-04   0.00000E+00   2.64489E-03   1.00000E+00   0.00000E+00   7.75157E+00   1.47236E-16            15   3.21616E-10   3.14279E+00
        2326   2.79120E+02   1.20000E-01   7.72670E-02   1.32257E-04   2.22063E-04   0.00000E+00   2.67882E-03   1.00000E+00   0.00000E+00   7.75157E+00   1.50102E-16            15   3.23600E-10   3.14281E+00
        2327   2.79240E+02   1.20000E-01   7.72670E-02   1.31718E-04   2.21185E-04   0.00000E+00   2.71260E-03   1.00000E+00   0.00000E+00   7.75157E+00   1.52901E-16            15   3.25458E-10   3.14284E+00
        2328   2.79360E+02   1.20000E-01   7.72670E-02   1.31177E-04   2.20304E-04   0.00000E+00   2.74625E-03   1.00000E+00   0.00000E+00   7.75157E+00   1.55641E-16            15   3.27279E-10   3.14286E+00
        2329   2.79480E+02   1.20000E-01   7.72670E-02   1.30634E-04   2.19419E-04   0.00000E+00   2.77975E-03   1.00000E+00   0.00000E+00   7.75157E+00   1.58310E-16            15   3.28987E-10   3.14289E+00
        2330   2.79600E+02   1.20000E-01   7.72670E-02   1.30090E-04   2.18530E-04   0.00000E+00   2.81310E-03   1.00000E+00   0.00000E+00   7.75157E+00   1.60815E-16            15   3.30697E-10   3.14291E+00
        2331   2.79720E+02   1.20000E-01   7.72670E-02   1.29543E-04   2.17637E-04   0.00000E+00   2.84631E-03   1.00000E+00   0.00000E+00   7.75157E+00   1.63229E-16            15   3.32366E-10   3.14294E+00
        2332   2.79840E+02   1.20000E-01   7.72670E-02   1.28995E-04   2.16740E-04   0.00000E+00   2.87938E-03   1.00000E+00   0.00000E+00   7.75157E+00   1.65582E-16            15   3.33999E-10   3.14296E+00
        2333   2.79960E+02   1.20000E-01   7.72670E-02   1.28444E-04   2.15840E-04   0.00000E+00   2.91231E-03   1.00000E+00   0.00000E+00   7.75157E+00   1.67864E-16            15   3.35511E-10   3.14299E+00
        2334   2.80080E+02   1.20000E-01   7.72670E-02   1.27892E-04   2.14937E-04   0.00000E+00   2.94509E-03   1.00000E+00   0.00000E+00   7.75157E+00   1.70046E-16            15   3.36973E-10   3.14301E+00
        2335   2.80200E+02   1.20000E-01   7.72670E-02   1.27338E-04   2.14029E-04   0.00000E+00   2.97773E-03   1.00000E+00   0.00000E+00   7.75157E+00   1.72145E-16            15   3.38317E-10   3.14304E+00
        2336   2.80320E+02   1.20000E-01   7.72670E-02   1.26782E-04   2.13118E-04   0.00000E+00   3.01022E-03   1.00000E+00   0.00000E+00   7.75157E+00   1.74128E-16            15   3.39610E-10   3.14306E+00
        2337   2.80440E+02   1.20000E-01   7.72670E-02   1.26224E-04   2.12204E-04   0.00000E+00   3.04256E-03   1.00000E+00   0.00000E+00   7.75157E+00   1.76100E-16            15   3.40787E-10   3.14309E+00
        2338   2.80560E+02   1.20000E-01   7.72670E-02   1.25665E-04   2.11286E-04   0.00000E+00   3.07476E-03   1.00000E+00   0.00000E+00   7.75157E+00   1.77933E-16            15   3.41913E-10   3.14311E+00
        2339   2.80680E+02   1.20000E-01   7.72670E-02   1.25104E-04   2.10364E-04   0.00000E+00   3.10681E-03   1.00000E+00   0.00000E+00   7.75157E+00   1.79660E-16            15   3.42924E-10   3.14314E+00
        2340   2.80800E+02   1.20000E-01   7.72670E-02   1.24541E-04   2.09439E-04   0.00000E+00   3.13872E-03   1.00000E+00   0.00000E+00   7.75157E+00   1.81288E-16            15   3.43886E-10   3.14316E+00
        2341   2.80920E+02   1.20000E-01   7.72670E-02   1.23976E-04   2.08510E-04   0.00000E+00   3.17048E-03   1.00000E+00   0.00000E+00   7.75157E+00   1.82858E-16            15   3.44736E-10   3.14318E+00
        2342   2.81040E+02   1.20000E-01   7.72670E-02   1.23410E-04   2.07578E-04   0.00000E+00   3.20209E-03   1.00000E+00   0.00000E+00   7.75157E+00   1.84256E-16            15   3.45539E-10   3.14321E+00
        2343   2.81160E+02   1.20000E-01   7.72670E-02   1.22841E-04   2.06642E-04   0.00000E+00   3.23355E-03   1.00000E+00   0.00000E+00   7.75157E+00   1.85635E-16            15   3.46234E-10   3.14323E+00
        2344   2.81280E+02   1.20000E-01   7.72670E-02   1.22271E-04   2.05703E-04   0.00000E+00   3.26487E-03   1.00000E+00   0.00000E+00   7.75157E+00   1.86850E-16            15   3.46886E-10   3.14326E+00
        2345   2.81400E+02   1.20000E-01   7.72670E-02   1.21700E-04   2.04761E-04   0.00000E+00   3.29603E-03   1.00000E+00   0.00000E+00   7.75157E+00   1.87963E-16            15   3.47436E-10   3.14328E+00
        2346   2.81520E+02   1.20000E-01   7.72670E-02   1.21127E-04   2.03815E-04   0.00000E+00   3.32705E-03   1.00000E+00   0.00000E+00   7.75157E+00   1.88838E-16            15   3.47948E-10   3.14330E+00
        2347   2.81640E+02   1.20000E-01   7.72670E-02   1.20552E-04   2.02866E-04   0.00000E+00   3.35784E-03   1.00000E+00   0.00000E+00   7.75157E+00   1.73516E-16            15   3.42145E-10   3.14333E+00
        2348   2.81760E+02   1.20000E-01   7.72670E-02   1.19975E-04   2.01914E-04   0.00000E+00   3.38856E-03   1.00000E+00   0.00000E+00   7.75157E+00   1.88723E-16            15   3.49357E-10   3.14335E+00
        2349   2.81880E+02   1.20000E-01   7.72670E-02   1.19397E-04   2.00958E-04   0.00000E+00   3.41913E-03   1.00000E+00   0.00000E+00   7.75157E+00   1.89491E-16            15   3.49704E-10   3.14337E+00
        2350   2.82000E+02   1.20000E-01   7.72670E-02   1.18818E-04   1.99999E-04   0.00000E+00   3.44955E-03   1.00000E+00   0.00000E+00   7.75157E+00   1.89967E-16            15   3.49903E-10   3.14340E+00
        2351   2.82120E+02   1.20000E-01   7.72670E-02   1.18236E-04   1.99037E-04   0.00000E+00   3.47982E-03   1.00000E+00   0.00000E+00   7.75157E+00   1.90294E-16            15   3.50053E-10   3.14342E+00
        2352   2.82240E+02   1.20000E-01   7.72670E-02   1.17653E-04   1.98072E-04   0.00000E+00   3.50994E-03   1.00000E+00   0.00000E+00   7.75157E+00   1.90304E-16            15   3.50217E-10   3.14344E+00
        2353   2.82360E+02   1.20000E-01   7.72670E-02   1.17069E-04   1.97103E-04   0.00000E+00   3.53990E-03   1.00000E+00   0.00000E+00   7.75157E+00   1.90060E-16            15   3.50341E-10   3.14347E+00
        2354   2.82480E+02   1.20000E-01   7.72670E-02   1.16483E-04   1.96132E-04   0.00000E+00   3.56972E-03   1.00000E+00   0.00000E+00   7.75157E+00   1.89635E-16            15   3.50481E-10   3.14349E+00
        2355   2.82600E+02   1.20000E-01   7.72670E-02   1.15896E-04   1.95157E-04   0.00000E+00   3.59938E-03   1.00000E+00   0.00000E+00   7.75157E+00   1.88972E-16            15   3.50591E-10   3.14351E+00
        2356   2.82720E+02   1.20000E-01   7.72670E-02   1.15306E-04   1.94179E-04   0.00000E+00   3.62889E-03   1.00000E+00   0.00000E+00   7.75157E+00   1.88089E-16            15   3.50730E-10   3.14353E+00
        2357   2.82840E+02   1.20000E-01   7.72670E-02   1.14716E-04   1.93199E-04   0.00000E+00   3.65824E-03   1.00000E+00   0.00000E+00   7.75157E+00   1.86939E-16            15   3.50859E-10   3.14356E+00
        2358   2.82960E+02   1.20000E-01   7.72670E-02   1.14124E-04   1.92215E-04   0.00000E+00   3.68745E-03   1.00000E+00   0.00000E+00   7.75157E+00   1.85517E-16            15   3.51035E-10   3.14358E+00
        2359   2.83080E+02   1.20000E-01   7.72670E-02   1.13530E-04   1.91228E-04   0.00000E+00   3.71650E-03   1.00000E+00   0.00000E+00   7.75157E+00   1.83903E-16            15   3.51225E-10   3.14360E+00
        2360   2.83200E+02   1.20000E-01   7.72670E-02   1.12935E-04   1.90239E-04   0.00000E+00   3.74539E-03   1.00000E+00   0.00000E+00   7.75157E+00   1.81965E-16            15   3.51482E-10   3.14362E+00
        2361   2.83320E+02   1.20000E-01   7.72670E-02   1.12339E-04   1.89246E-04   0.00000E+00   3.77414E-03   1.00000E+00   0.00000E+00   7.75157E+00   1.79768E-16            15   3.51776E-10   3.14365E+00
        2362   2.83440E+02   1.20000E-01   7.72670E-02   1.11741E-04   1.88251E-04   0.00000E+00   3.80272E-03   1.00000E+00   0.00000E+00   7.75157E+00   1.77414E-16            15   3.52154E-10   3.14367E+00
        2363   2.83560E+02   1.20000E-01   7.72670E-02   1.11141E-04   1.87253E-04   0.00000E+00   3.83116E-03   1.00000E+00   0.00000E+00   7.75157E+00   1.75404E-16            15   3.52589E-10   3.14369E+00
        2364   2.83680E+02   1.20000E-01   7.72670E-02   1.10540E-04   1.86252E-04   0.00000E+00   3.85944E-03   1.00000E+00   0.00000E+00   7.75157E+00   1.74015E-16            15   3.53122E-10   3.14371E+00
        2365   2.83800E+02   1.20000E-01   7.72670E-02   1.09938E-04   1.85249E-04   0.00000E+00   3.88756E-03   1.00000E+00   0.00000E+00   7.75157E+00   1.72426E-16            15   3.53730E-10   3.14373E+00
        2366   2.83920E+02   1.20000E-01   7.72670E-02   1.09334E-04   1.84242E-04   0.00000E+00   3.91552E-03   1.00000E+00   0.00000E+00   7.75157E+00   1.70653E-16            15   3.54442E-10   3.14376E+00
        2367   2.84040E+02   1.20000E-01   7.72670E-02   1.08729E-04   1.83233E-04   0.00000E+00   3.94333E-03   1.00000E+00   0.00000E+00   7.75157E+00   1.68545E-16            15   3.55241E-10   3.14378E+00
        2368   2.84160E+02   1.20000E-01   7.72670E-02   1.08123E-04   1.82222E-04   0.00000E+00   3.97099E-03   1.00000E+00   0.00000E+00   7.75157E+00   1.66336E-16            15   3.56145E-10   3.14380E+00
        2369   2.84280E+02   1.20000E-01   7.72670E-02   1.07515E-04   1.81207E-04   0.00000E+00   3.99849E-03   1.00000E+00   0.00000E+00   7.75157E+00   1.63856E-16            15   3.57137E-10   3.14382E+00
        2370   2.84400E+02   1.20000E-01   7.72670E-02   1.06936E-04   1.80191E-04   0.00000E+00   4.02583E-03   1.00000E+00   0.00000E+00   7.75157E+00   1.61262E-16            15   3.58230E-10   3.14384E+00
        2371   2.84520E+02   1.20000E-01   7.72670E-02   1.06390E-04   1.79171E-04   0.00000E+00   4.05301E-03   1.00000E+00   0.00000E+00   7.75157E+00   1.58491E-16            15   3.59407E-10   3.14386E+00
        2372   2.84640E+02   1.20000E-01   7.72670E-02   1.05842E-04   1.78150E-04   0.00000E+00   4.08003E-03   1.00000E+00   0.00000E+00   7.75157E+00   1.55687E-16            15   3.60671E-10   3.14388E+00
        2373   2.84760E+02   1.20000E-01   7.72670E-02   1.05293E-04   1.77125E-04   0.00000E+00   4.10690E-03   1.00000E+00   0.00000E+00   7.75157E+00   1.52690E-16            15   3.62015E-10   3.14390E+00
        2374   2.84880E+02   1.20000E-01   7.72670E-02   1.04743E-04   1.76099E-04   0.00000E+00   4.13361E-03   1.00000E+00   0.00000E+00   7.75157E+00   1.49782E-16            15   3.63408E-10   3.14393E+00
        2375   2.85000E+02   1.20000E-01   7.72670E-02   1.04191E-04   1.75069E-04   0.00000E+00   4.16016E-03   1.00000E+00   0.00000E+00   7.75157E+00   1.46659E-16            15   3.64890E-10   3.14395E+00
        2376   2.85120E+02   1.20000E-01   7.72670E-02   1.03638E-04   1.74038E-04   0.00000E+00   4.18655E-03   1.00000E+00   0.00000E+00   7.75157E+00   1.43626E-16            15   3.66412E-10   3.14397E+00
        2377   2.85240E+02   1.20000E-01   7.72670E-02   1.03083E-04   1.73004E-04   0.00000E+00   4.21278E-03   1.00000E+00   0.00000E+00   7.75157E+00   1.40508E-16            15   3.67993E-10   3.14399E+00
        2378   2.85360E+02   1.20000E-01   7.72670E-02   1.02527E-04   1.71968E-04   0.00000E+00   4.23885E-03   1.00000E+00   0.00000E+00   7.75157E+00   1.37477E-16            15   3.69600E-10   3.14401E+00
        2379   2.85480E+02   1.20000E-01   7.72670E-02   1.01970E-04   1.70930E-04   0.00000E+00   4.26476E-03   1.00000E+00   0.00000E+00   7.75157E+00   1.34374E-16            15   3.71244E-10   3.14403E+00
        2380   2.85600E+02   1.20000E-01   7.72670E-02   1.01411E-04   1.69890E-04   0.00000E+00   4.29051E-03   1.00000E+00   0.00000E+00   7.75157E+00   1.34410E-16            15   3.72900E-10   3.14405E+00
        2381   2.85720E+02   1.20000E-01   7.72670E-02   1.00851E-04   1.68847E-04   0.00000E+00   4.31610E-03   1.00000E+00   0.00000E+00   7.75157E+00   1.35073E-16            15   3.74575E-10   3.14407E+00
        2382   2.85840E+02   1.20000E-01   7.72670E-02   1.00289E-04   1.67802E-04   0.00000E+00   4.34153E-03   1.00000E+00   0.00000E+00   7.75157E+00   1.35706E-16            15   3.76248E-10   3.14409E+00
        2383   2.85960E+02   1.20000E-01   7.72670E-02   9.97264E-05   1.66756E-04   0.00000E+00   4.36680E-03   1.00000E+00   0.00000E+00   7.75157E+00   1.36328E-16            15   3.77923E-10   3.14411E+00
        2384   2.86080E+02   1.20000E-01   7.72670E-02   9.91623E-05   1.65707E-04   0.00000E+00   4.39190E-03   1.00000E+00   0.00000E+00   7.75157E+00   1.36907E-16            15   3.79581E-10   3.14413E+00
        2385   2.86200E+02   1.20000E-01   7.72670E-02   9.85970E-05   1.64656E-04   0.00000E+00   4.41684E-03   1.00000E+00   0.00000E+00   7.75157E+00   1.37411E-16            15   3.81245E-10   3.14415E+00
        2386   2.86320E+02   1.20000E-01   7.72670E-02   9.80303E-05   1.63603E-04   0.00000E+00   4.44163E-03   1.00000E+00   0.00000E+00   7.75157E+00   1.37854E-16            15   3.82868E-10   3.14417E+00
        2387   2.86440E+02   1.20000E-01   7.72670E-02   9.74624E-05   1.62549E-04   0.00000E+00   4.46624E-03   1.00000E+00   0.00000E+00   7.75157E+00   1.38354E-16            15   3.84487E-10   3.14419E+00
        2388   2.86560E+02   1.20000E-01   7.72670E-02   9.68933E-05   1.61492E-04   0.00000E+00   4.49070E-03   1.00000E+00   0.00000E+00   7.75157E+00   1.38762E-16            15   3.86049E-10   3.14421E+00
        2389   2.86680E+02   1.20000E-01   7.72670E-02   9.63230E-05   1.60434E-04   0.00000E+00   4.51499E-03   1.00000E+00   0.00000E+00   7.75157E+00   1.39106E-16            15   3.87605E-10   3.14423E+00
        2390   2.86800E+02   1.20000E-01   7.72670E-02   9.57515E-05   1.59373E-04   0.00000E+00   4.53912E-03   1.00000E+00   0.00000E+00   7.75157E+00   1.39395E-16            15   3.89130E-10   3.14425E+00
        2391   2.86920E+02   1.20000E-01   7.72670E-02   9.51789E-05   1.58351E-04   0.00000E+00   4.56303E-03   1.00000E+00   0.00000E+00   7.75157E+00   1.41976E-16            15   4.08900E-10   3.14426E+00
        2392   2.87040E+02   1.20000E-01   7.72670E-02   9.46050E-05   1.57445E-04   0.00000E+00   4.58683E-03   1.00000E+00   0.00000E+00   7.75157E+00   1.40095E-16            15   3.91833E-10   3.14428E+00
        2393   2.87160E+02   1.20000E-01   7.72670E-02   9.40301E-05   1.56536E-04   0.00000E+00   4.61046E-03   1.00000E+00   0.00000E+00   7.75157E+00   1.42866E-16            15   3.93243E-10   3.14430E+00
        2394   2.87280E+02   1.20000E-01   7.72670E-02   9.34540E-05   1.55626E-04   0.00000E+00   4.63393E-03   1.00000E+00   0.00000E+00   7.75157E+00   1.45569E-16            15   3.94591E-10   3.14432E+00
        2395   2.87400E+02   1.20000E-01   7.72670E-02   9.28768E-05   1.54714E-04   0.00000E+00   4.65719E-03   1.00000E+00   0.00000E+00   7.75157E+00   1.39986E-16            15   3.85150E-10   3.14434E+00
        2396   2.87520E+02   1.20000E-01   7.72670E-02   9.22985E-05   1.53799E-04   0.00000E+00   4.68034E-03   1.00000E+00   0.00000E+00   7.75157E+00   1.54225E-16            15   3.98687E-10   3.14436E+00
        2397   2.87640E+02   1.20000E-01   7.72670E-02   9.17192E-05   1.52882E-04   0.00000E+00   4.70331E-03   1.00000E+00   0.00000E+00   7.75157E+00   1.54990E-16            15   3.98891E-10   3.14438E+00
        2398   2.87760E+02   1.20000E-01   7.72670E-02   9.11388E-05   1.51964E-04   0.00000E+00   4.72612E-03   1.00000E+00   0.00000E+00   7.75157E+00   1.56556E-16            15   4.00171E-10   3.14439E+00
        2399   2.87880E+02   1.20000E-01   7.72670E-02   9.05573E-05   1.51043E-04   0.00000E+00   4.74876E-03   1.00000E+00   0.00000E+00   7.75157E+00   1.57975E-16            15   4.01278E-10   3.14441E+00
        2400   2.88000E+02   1.20000E-01   7.72670E-02   8.99749E-05   1.50120E-04   0.00000E+00   4.77124E-03   1.00000E+00   0.00000E+00   7.75157E+00   1.59372E-16            15   4.02322E-10   3.14443E+00
        2401   2.88120E+02   1.20000E-01   7.72670E-02   8.93914E-05   1.49196E-04   0.00000E+00   4.79355E-03   1.00000E+00   0.00000E+00   7.75157E+00   1.60615E-16            15   4.03325E-10   3.14445E+00
        2402   2.88240E+02   1.20000E-01   7.72670E-02   8.88070E-05   1.48269E-04   0.00000E+00   4.81570E-03   1.00000E+00   0.00000E+00   7.75157E+00   1.61653E-16            15   4.04385E-10   3.14447E+00
        2403   2.88360E+02   1.20000E-01   7.72670E-02   8.82216E-05   1.47340E-04   0.00000E+00   4.83767E-03   1.00000E+00   0.00000E+00   7.75157E+00   1.62786E-16            15   4.04802E-10   3.14448E+00
        2404   2.88480E+02   1.20000E-01   7.72670E-02   8.76352E-05   1.46410E-04   0.00000E+00   4.85948E-03   1.00000E+00   0.00000E+00   7.75157E+00   1.63412E-16            15   4.06345E-10   3.14450E+00
        2405   2.88600E+02   1.20000E-01   7.72670E-02   8.70479E-05   1.45478E-04   0.00000E+00   4.88112E-03   1.00000E+00   0.00000E+00   7.75157E+00   1.64456E-16            15   4.06338E-10   3.14452E+00
        2406   2.88720E+02   1.20000E-01   7.72670E-02   8.64597E-05   1.44544E-04   0.00000E+00   4.90259E-03   1.00000E+00   0.00000E+00   7.75157E+00   1.64441E-16            15   4.07942E-10   3.14454E+00
        2407   2.88840E+02   1.20000E-01   7.72670E-02   8.58706E-05   1.43608E-04   0.00000E+00   4.92389E-03   1.00000E+00   0.00000E+00   7.75157E+00   1.65395E-16            15   4.07763E-10   3.14455E+00
        2408   2.88960E+02   1.20000E-01   7.72670E-02   8.52806E-05   1.42670E-04   0.00000E+00   4.94503E-03   1.00000E+00   0.00000E+00   7.75157E+00   1.65084E-16            15   4.09211E-10   3.14457E+00
        2409   2.89080E+02   1.20000E-01   7.72670E-02   8.46897E-05   1.41731E-04   0.00000E+00   4.96600E-03   1.00000E+00   0.00000E+00   7.75157E+00   1.65699E-16            15   4.08964E-10   3.14459E+00
        2410   2.89200E+02   1.20000E-01   7.72670E-02   8.40980E-05   1.40790E-04   0.00000E+00   4.98679E-03   1.00000E+00   0.00000E+00   7.75157E+00   1.65220E-16            15   4.10245E-10   3.14461E+00
        2411   2.89320E+02   1.20000E-01   7.72670E-02   8.35054E-05   1.39847E-04   0.00000E+00   5.00742E-03   1.00000E+00   0.00000E+00   7.75157E+00   1.65550E-16            15   4.09913E-10   3.14462E+00
        2412   2.89440E+02   1.20000E-01   7.72670E-02   8.29120E-05   1.38903E-04   0.00000E+00   5.02788E-03   1.00000E+00   0.00000E+00   7.75157E+00   1.64770E-16            15   4.11039E-10   3.14464E+00
        2413   2.89560E+02   1.20000E-01   7.72670E-02   8.23178E-05   1.37957E-04   0.00000E+00   5.04816E-03   1.00000E+00   0.00000E+00   7.75157E+00   1.64824E-16            15   4.10618E-10   3.14466E+00
        2414   2.89680E+02   1.20000E-01   7.72670E-02   8.17229E-05   1.37009E-04   0.00000E+00   5.06828E-03   1.00000E+00   0.00000E+00   7.75157E+00   1.63793E-16            15   4.11576E-10   3.14467E+00
        2415   2.89800E+02   1.20000E-01   7.72670E-02   8.11271E-05   1.36060E-04   0.00000E+00   5.08823E-03   1.00000E+00   0.00000E+00   7.75157E+00   1.63589E-16            15   4.11061E-10   3.14469E+00
        2416   2.89920E+02   1.20000E-01   7.72670E-02   8.05306E-05   1.35109E-04   0.00000E+00   5.10800E-03   1.00000E+00   0.00000E+00   7.75157E+00   1.62331E-16            15   4.11853E-10   3.14471E+00
        2417   2.90040E+02   1.20000E-01   7.72670E-02   7.99334E-05   1.34157E-04   0.00000E+00   5.12761E-03   1.00000E+00   0.00000E+00   7.75157E+00   1.61765E-16            15   4.11247E-10   3.14472E+00
        2418   2.90160E+02   1.20000E-01   7.72670E-02   7.93354E-05   1.33203E-04   0.00000E+00   5.14704E-03   1.00000E+00   0.00000E+00   7.75157E+00   1.60405E-16            15   4.11681E-10   3.14474E+00
        2419   2.90280E+02   1.20000E-01   7.72670E-02   7.87367E-05   1.32248E-04   0.00000E+00   5.16631E-03   1.00000E+00   0.00000E+00   7.75157E+00   1.59369E-16            15   4.11585E-10   3.14475E+00
        2420   2.90400E+02   1.20000E-01   7.72670E-02   7.81374E-05   1.31292E-04   0.00000E+00   5.18540E-03   1.00000E+00   0.00000E+00   7.75157E+00   1.58066E-16            15   4.11125E-10   3.14477E+00
        2421   2.90520E+02   1.20000E-01   7.72670E-02   7.75373E-05   1.30334E-04   0.00000E+00   5.20432E-03   1.00000E+00   0.00000E+00   7.75157E+00   1.56338E-16            15   4.11103E-10   3.14479E+00
        2422   2.90640E+02   1.20000E-01   7.72670E-02   7.69366E-05   1.29375E-04   0.00000E+00   5.22307E-03   1.00000E+00   0.00000E+00   7.75157E+00   1.55046E-16            15   4.10679E-10   3.14480E+00
        2423   2.90760E+02   1.20000E-01   7.72670E-02   7.63353E-05   1.28414E-04   0.00000E+00   5.24164E-03   1.00000E+00   0.00000E+00   7.75157E+00   1.53263E-16            15   4.10348E-10   3.14482E+00
        2424   2.90880E+02   1.20000E-01   7.72670E-02   7.57333E-05   1.27452E-04   0.00000E+00   5.26005E-03   1.00000E+00   0.00000E+00   7.75157E+00   1.51361E-16            15   4.09907E-10   3.14483E+00
        2425   2.91000E+02   1.20000E-01   7.72670E-02   7.51308E-05   1.26489E-04   0.00000E+00   5.27828E-03   1.00000E+00   0.00000E+00   7.75157E+00   1.49394E-16            15   4.09382E-10   3.14485E+00
        2426   2.91120E+02   1.20000E-01   7.72670E-02   7.45276E-05   1.25525E-04   0.00000E+00   5.29634E-03   1.00000E+00   0.00000E+00   7.75157E+00   1.47287E-16            15   4.08778E-10   3.14486E+00
        2427   2.91240E+02   1.20000E-01   7.72670E-02   7.39239E-05   1.24559E-04   0.00000E+00   5.31423E-03   1.00000E+00   0.00000E+00   7.75157E+00   1.45093E-16            15   4.08094E-10   3.14488E+00
        2428   2.91360E+02   1.20000E-01   7.72670E-02   7.33195E-05   1.23592E-04   0.00000E+00   5.33194E-03   1.00000E+00   0.00000E+00   7.75157E+00   1.42733E-16            15   4.07342E-10   3.14489E+00
        2429   2.91480E+02   1.20000E-01   7.72670E-02   7.27147E-05   1.22625E-04   0.00000E+00   5.34948E-03   1.00000E+00   0.00000E+00   7.75157E+00   1.40300E-16            15   4.06504E-10   3.14491E+00
        2430   2.91600E+02   1.20000E-01   7.72670E-02   7.21093E-05   1.21656E-04   0.00000E+00   5.36685E-03   1.00000E+00   0.00000E+00   7.75157E+00   1.37711E-16            15   4.05602E-10   3.14492E+00
        2431   2.91720E+02   1.20000E-01   7.72670E-02   7.15444E-05   1.20686E-04   0.00000E+00   5.38404E-03   1.00000E+00   0.00000E+00   7.75157E+00   1.35016E-16            15   4.04615E-10   3.14494E+00
        2432   2.91840E+02   1.20000E-01   7.72670E-02   7.11364E-05   1.19714E-04   0.00000E+00   5.40107E-03   1.00000E+00   0.00000E+00   7.75157E+00   1.32211E-16            15   4.03560E-10   3.14495E+00
        2433   2.91960E+02   1.20000E-01   7.72670E-02   7.07275E-05   1.18742E-04   0.00000E+00   5.41791E-03   1.00000E+00   0.00000E+00   7.75157E+00   1.29292E-16            15   4.02434E-10   3.14497E+00
        2434   2.92080E+02   1.20000E-01   7.72670E-02   7.03177E-05   1.17769E-04   0.00000E+00   5.43459E-03   1.00000E+00   0.00000E+00   7.75157E+00   1.26250E-16            15   4.01238E-10   3.14498E+00
        2435   2.92200E+02   1.20000E-01   7.72670E-02   6.99071E-05   1.16795E-04   0.00000E+00   5.45109E-03   1.00000E+00   0.00000E+00   7.75157E+00   1.23117E-16            15   3.99977E-10   3.14499E+00
        2436   2.92320E+02   1.20000E-01   7.72670E-02   6.94956E-05   1.15820E-04   0.00000E+00   5.46742E-03   1.00000E+00   0.00000E+00   7.75157E+00   1.19873E-16            15   3.98654E-10   3.14501E+00
        2437   2.92440E+02   1.20000E-01   7.72670E-02   6.90832E-05   1.14844E-04   0.00000E+00   5.48357E-03   1.00000E+00   0.00000E+00   7.75157E+00   1.16544E-16            15   3.97274E-10   3.14502E+00
        2438   2.92560E+02   1.20000E-01   7.72670E-02   6.86700E-05   1.13867E-04   0.00000E+00   5.49955E-03   1.00000E+00   0.00000E+00   7.75157E+00   1.13105E-16            15   3.95842E-10   3.14504E+00
        2439   2.92680E+02   1.20000E-01   7.72670E-02   6.82560E-05   1.12890E-04   0.00000E+00   5.51536E-03   1.00000E+00   0.00000E+00   7.75157E+00   1.09592E-16            15   3.94366E-10   3.14505E+00
        2440   2.92800E+02   1.20000E-01   7.72670E-02   6.78412E-05   1.11911E-04   0.00000E+00   5.53099E-03   1.00000E+00   0.00000E+00   7.75157E+00   1.05984E-16            15   3.92852E-10   3.14506E+00
        2441   2.92920E+02   1.20000E-01   7.72670E-02   6.74256E-05   1.10932E-04   0.00000E+00   5.54645E-03   1.00000E+00   0.00000E+00   7.75157E+00   1.04865E-16            15   3.91309E-10   3.14508E+00
        2442   2.93040E+02   1.20000E-01   7.72670E-02   6.70092E-05   1.09952E-04   0.00000E+00   5.56173E-03   1.00000E+00   0.00000E+00   7.75157E+00   1.03721E-16            15   3.89748E-10   3.14509E+00
        2443   2.93160E+02   1.20000E-01   7.72670E-02   6.65920E-05   1.08972E-04   0.00000E+00   5.57684E-03   1.00000E+00   0.00000E+00   7.75157E+00   1.02600E-16            15   3.88181E-10   3.14510E+00
        2444   2.93280E+02   1.20000E-01   7.72670E-02   6.61741E-05   1.07990E-04   0.00000E+00   5.59178E-03   1.00000E+00   0.00000E+00   7.75157E+00   1.01516E-16            15   3.86618E-10   3.14512E+00
        2445   2.93400E+02   1.20000E-01   7.72670E-02   6.57554E-05   1.07008E-04   0.00000E+00   5.60654E-03   1.00000E+00   0.00000E+00   7.75157E+00   1.00389E-16            15   3.85075E-10   3.14513E+00
        2446   2.93520E+02   1.20000E-01   7.72670E-02   6.53360E-05   1.06026E-04   0.00000E+00   5.62113E-03   1.00000E+00   0.00000E+00   7.75157E+00   9.93020E-17            15   3.83568E-10   3.14514E+00
        2447   2.93640E+02   1.20000E-01   7.72670E-02   6.49158E-05   1.05043E-04   0.00000E+00   5.63554E-03   1.00000E+00   0.00000E+00   7.75157E+00   9.82103E-17            15   3.82114E-10   3.14515E+00
        2448   2.93760E+02   1.20000E-01   7.72670E-02   6.44949E-05   1.04059E-04   0.00000E+00   5.64978E-03   1.00000E+00   0.00000E+00   7.75157E+00   9.71646E-17            15   3.80728E-10   3.14517E+00
        2449   2.93880E+02   1.20000E-01   7.72670E-02   6.40734E-05   1.03075E-04   0.00000E+00   5.66384E-03   1.00000E+00   0.00000E+00   7.75157E+00   9.61443E-17            15   3.79438E-10   3.14518E+00
        2450   2.94000E+02   1.20000E-01   7.72670E-02   6.36511E-05   1.02090E-04   0.00000E+00   5.67773E-03   1.00000E+00   0.00000E+00   7.75157E+00   9.51530E-17            15   3.78258E-10   3.14519E+00
        2451   2.94120E+02   1.20000E-01   7.72670E-02   6.32282E-05   1.01105E-04   0.00000E+00   5.69146E-03   1.00000E+00   0.00000E+00   7.75157E+00   9.41785E-17            15   3.77212E-10   3.14520E+00
        2452   2.94240E+02   1.20000E-01   7.72670E-02   6.28046E-05   1.00119E-04   0.00000E+00   5.70502E-03   1.00000E+00   0.00000E+00   7.75157E+00   9.32726E-17            15   3.76323E-10   3.14522E+00
        2453   2.94360E+02   1.20000E-01   7.72670E-02   6.23803E-05   9.91340E-05   0.00000E+00   5.71840E-03   1.00000E+00   0.00000E+00   7.75157E+00   9.24098E-17            15   3.75615E-10   3.14523E+00
        2454   2.94480E+02   1.20000E-01   7.72670E-02   6.19554E-05   9.81482E-05   0.00000E+00   5.73161E-03   1.00000E+00   0.00000E+00   7.75157E+00   9.15209E-17            15   3.75113E-10   3.14524E+00
        2455   2.94600E+02   1.20000E-01   7.72670E-02   6.15299E-05   9.71620E-05   0.00000E+00   5.74464E-03   1.00000E+00   0.00000E+00   7.75157E+00   9.07158E-17            15   3.74839E-10   3.14525E+00
        2456   2.94720E+02   1.20000E-01   7.72670E-02   6.11037E-05   9.61755E-05   0.00000E+00   5.75750E-03   1.00000E+00   0.00000E+00   7.75157E+00   9.00030E-17            15   3.74821E-10   3.14526E+00
        2457   2.94840E+02   1.20000E-01   7.72670E-02   6.06770E-05   9.51887E-05   0.00000E+00   5.77019E-03   1.00000E+00   0.00000E+00   7.75157E+00   8.93409E-17            15   3.75077E-10   3.14528E+00
        2458   2.94960E+02   1.20000E-01   7.72670E-02   6.02497E-05   9.42017E-05   0.00000E+00   5.78270E-03   1.00000E+00   0.00000E+00   7.75157E+00   8.87041E-17            15   3.75634E-10   3.14529E+00
        2459   2.95080E+02   1.20000E-01   7.72670E-02   5.98217E-05   9.32144E-05   0.00000E+00   5.79504E-03   1.00000E+00   0.00000E+00   7.75157E+00   8.81069E-17            15   3.76510E-10   3.14530E+00
        2460   2.95200E+02   1.20000E-01   7.72670E-02   5.93932E-05   9.22269E-05   0.00000E+00   5.80720E-03   1.00000E+00   0.00000E+00   7.75157E+00   8.76183E-17            15   3.77725E-10   3.14531E+00
        2461   2.95320E+02   1.20000E-01   7.72670E-02   5.89642E-05   9.12392E-05   0.00000E+00   5.81919E-03   1.00000E+00   0.00000E+00   7.75157E+00   8.71442E-17            15   3.79295E-10   3.14532E+00
        2462   2.95440E+02   1.20000E-01   7.72670E-02   5.85346E-05   9.02514E-05   0.00000E+00   5.83101E-03   1.00000E+00   0.00000E+00   7.75157E+00   8.67268E-17            15   3.81235E-10   3.14533E+00
        2463   2.95560E+02   1.20000E-01   7.72670E-02   5.81044E-05   8.92634E-05   0.00000E+00   5.84265E-03   1.00000E+00   0.00000E+00   7.75157E+00   8.63705E-17            15   3.83553E-10   3.14534E+00
        2464   2.95680E+02   1.20000E-01   7.72670E-02   5.76738E-05   8.82754E-05   0.00000E+00   5.85412E-03   1.00000E+00   0.00000E+00   7.75157E+00   8.61268E-17            15   3.86260E-10   3.14535E+00
        2465   2.95800E+02   1.20000E-01   7.72670E-02   5.72426E-05   8.72873E-05   0.00000E+00   5.86542E-03   1.00000E+00   0.00000E+00   7.75157E+00   8.58982E-17            15   3.89359E-10   3.14536E+00
        2466   2.95920E+02   1.20000E-01   7.72670E-02   5.68109E-05   8.62991E-05   0.00000E+00   5.87654E-03   1.00000E+00   0.00000E+00   7.75157E+00   8.57106E-17            15   3.92849E-10   3.14537E+00
        2467   2.96040E+02   1.20000E-01   7.72670E-02   5.63787E-05   8.53110E-05   0.00000E+00   5.88749E-03   1.00000E+00   0.00000E+00   7.75157E+00   8.55942E-17            15   3.96729E-10   3.14538E+00
        2468   2.96160E+02   1.20000E-01   7.72670E-02   5.59461E-05   8.43228E-05   0.00000E+00   5.89827E-03   1.00000E+00   0.00000E+00   7.75157E+00   8.54846E-17            15   4.00990E-10   3.14540E+00
        2469   2.96280E+02   1.20000E-01   7.72670E-02   5.55130E-05   8.33347E-05   0.00000E+00   5.90888E-03   1.00000E+00   0.00000E+00   7.75157E+00   8.54319E-17            15   4.05626E-10   3.14541E+00
        2470   2.96400E+02   1.20000E-01   7.72670E-02   5.50794E-05   8.23467E-05   0.00000E+00   5.91931E-03   1.00000E+00   0.00000E+00   7.75157E+00   8.54243E-17            15   4.10622E-10   3.14542E+00
        2471   2.96520E+02   1.20000E-01   7.72670E-02   5.46454E-05   8.13588E-05   0.00000E+00   5.92957E-03   1.00000E+00   0.00000E+00   7.75157E+00   8.54389E-17            15   4.15963E-10   3.14543E+00
        2472   2.96640E+02   1.20000E-01   7.72670E-02   5.42110E-05   8.03710E-05   0.00000E+00   5.93966E-03   1.00000E+00   0.00000E+00   7.75157E+00   8.69139E-17            15   4.21632E-10   3.14544E+00
        2473   2.96760E+02   1.20000E-01   7.72670E-02   5.37762E-05   7.93834E-05   0.00000E+00   5.94957E-03   1.00000E+00   0.00000E+00   7.75157E+00   8.89881E-17            15   4.27608E-10   3.14544E+00
        2474   2.96880E+02   1.20000E-01   7.72670E-02   5.33409E-05   7.83959E-05   0.00000E+00   5.95931E-03   1.00000E+00   0.00000E+00   7.75157E+00   9.09761E-17            15   4.33870E-10   3.14545E+00
        2475   2.97000E+02   1.20000E-01   7.72670E-02   5.29052E-05   7.74087E-05   0.00000E+00   5.96889E-03   1.00000E+00   0.00000E+00   7.75157E+00   9.28316E-17            15   4.40397E-10   3.14546E+00
        2476   2.97120E+02   1.20000E-01   7.72670E-02   5.24692E-05   7.64545E-05   0.00000E+00   5.97829E-03   1.00000E+00   0.00000E+00   7.75157E+00   9.45477E-17            15   4.47163E-10   3.14547E+00
        2477   2.97240E+02   1.20000E-01   7.72670E-02   5.20328E-05   7.57331E-05   0.00000E+00   5.98751E-03   1.00000E+00   0.00000E+00   7.75157E+00   9.61381E-17            15   4.54148E-10   3.14548E+00
        2478   2.97360E+02   1.20000E-01   7.72670E-02   5.15961E-05   7.50114E-05   0.00000E+00   5.99657E-03   1.00000E+00   0.00000E+00   7.75157E+00   9.76475E-17            15   4.61325E-10   3.14549E+00
        2479   2.97480E+02   1.20000E-01   7.72670E-02   5.11589E-05   7.42893E-05   0.00000E+00   6.00546E-03   1.00000E+00   0.00000E+00   7.75157E+00   9.89497E-17            15   4.68671E-10   3.14550E+00
        2480   2.97600E+02   1.20000E-01   7.72670E-02   5.07215E-05   7.35669E-05   0.00000E+00   6.01417E-03   1.00000E+00   0.00000E+00   7.75157E+00   1.00146E-16            15   4.76165E-10   3.14551E+00
        2481   2.97720E+02   1.20000E-01   7.72670E-02   5.02837E-05   7.28442E-05   0.00000E+00   6.02272E-03   1.00000E+00   0.00000E+00   7.75157E+00   1.01121E-16            15   4.83782E-10   3.14552E+00
        2482   2.97840E+02   1.20000E-01   7.72670E-02   4.98457E-05   7.21212E-05   0.00000E+00   6.03109E-03   1.00000E+00   0.00000E+00   7.75157E+00   1.02045E-16            15   4.91503E-10   3.14553E+00
        2483   2.97960E+02   1.20000E-01   7.72670E-02   4.94073E-05   7.13979E-05   0.00000E+00   6.03930E-03   1.00000E+00   0.00000E+00   7.75157E+00   1.02796E-16            15   4.99306E-10   3.14553E+00
        2484   2.98080E+02   1.20000E-01   7.72670E-02   4.89686E-05   7.06743E-05   0.00000E+00   6.04733E-03   1.00000E+00   0.00000E+00   7.75157E+00   1.03397E-16            15   5.07173E-10   3.14554E+00
        2485   2.98200E+02   1.20000E-01   7.72670E-02   4.85297E-05   6.99506E-05   0.00000E+00   6.05519E-03   1.00000E+00   0.00000E+00   7.75157E+00   1.04211E-16            15   5.15085E-10   3.14555E+00
        2486   2.98320E+02   1.20000E-01   7.72670E-02   4.80904E-05   6.92266E-05   0.00000E+00   6.06289E-03   1.00000E+00   0.00000E+00   7.75157E+00   1.05316E-16            15   5.23027E-10   3.14556E+00
        2487   2.98440E+02   1.20000E-01   7.72670E-02   4.76510E-05   6.85024E-05   0.00000E+00   6.07041E-03   1.00000E+00   0.00000E+00   7.75157E+00   1.06289E-16            15   5.30983E-10   3.14557E+00
        2488   2.98560E+02   1.20000E-01   7.72670E-02   4.72113E-05   6.77780E-05   0.00000E+00   6.07777E-03   1.00000E+00   0.00000E+00   7.75157E+00   1.07187E-16            15   5.38937E-10   3.14558E+00
        2489   2.98680E+02   1.20000E-01   7.72670E-02   4.67713E-05   6.70535E-05   0.00000E+00   6.08496E-03   1.00000E+00   0.00000E+00   7.75157E+00   1.07977E-16            15   5.46881E-10   3.14558E+00
        2490   2.98800E+02   1.20000E-01   7.72670E-02   4.63312E-05   6.63289E-05   0.00000E+00   6.09198E-03   1.00000E+00   0.00000E+00   7.75157E+00   1.08644E-16            15   5.54799E-10   3.14559E+00
        2491   2.98920E+02   1.20000E-01   7.72670E-02   4.58908E-05   6.56041E-05   0.00000E+00   6.09883E-03   1.00000E+00   0.00000E+00   7.75157E+00   1.09264E-16            15   5.62683E-10   3.14560E+00
        2492   2.99040E+02   1.20000E-01   7.72670E-02   4.54502E-05   6.48792E-05   0.00000E+00   6.10551E-03   1.00000E+00   0.00000E+00   7.75157E+00   1.09768E-16            15   5.70524E-10   3.14561E+00
        2493   2.99160E+02   1.20000E-01   7.72670E-02   4.50095E-05   6.41543E-05   0.00000E+00   6.11203E-03   1.00000E+00   0.00000E+00   7.75157E+00   1.10187E-16            15   5.78315E-10   3.14561E+00
        2494   2.99280E+02   1.20000E-01   7.72670E-02   4.45685E-05   6.34293E-05   0.00000E+00   6.11837E-03   1.00000E+00   0.00000E+00   7.75157E+00   1.10512E-16            15   5.86046E-10   3.14562E+00
        2495   2.99400E+02   1.20000E-01   7.72670E-02   4.41274E-05   6.27042E-05   0.00000E+00   6.12455E-03   1.00000E+00   0.00000E+00   7.75157E+00   1.10769E-16            15   5.93713E-10   3.14563E+00
        2496   2.99520E+02   1.20000E-01   7.72670E-02   4.36862E-05   6.19792E-05   0.00000E+00   6.13057E-03   1.00000E+00   0.00000E+00   7.75157E+00   1.10931E-16            15   6.01309E-10   3.14563E+00
        2497   2.99640E+02   1.20000E-01   7.72670E-02   4.32448E-05   6.12541E-05   0.00000E+00   6.13641E-03   1.00000E+00   0.00000E+00   7.75157E+00   1.11007E-16            15   6.08831E-10   3.14564E+00
        2498   2.99760E+02   1.20000E-01   7.72670E-02   4.28033E-05   6.05290E-05   0.00000E+00   6.14209E-03   1.00000E+00   0.00000E+00   7.75157E+00   1.11030E-16            15   6.16275E-10   3.14565E+00
        2499   2.99880E+02   1.20000E-01   7.72670E-02   4.23617E-05   5.98040E-05   0.00000E+00   6.14761E-03   1.00000E+00   0.00000E+00   7.75157E+00   1.10974E-16            15   6.23635E-10   3.14566E+00
        2500   3.00000E+02   1.20000E-01   7.72670E-02   4.19200E-05   5.90790E-05   0.00000E+00   6.15296E-03   1.00000E+00   0.00000E+00   7.75157E+00   1.10830E-16            15   6.30909E-10   3.14566E+00
        2501   3.00120E+02   1.20000E-01   7.72670E-02   4.14781E-05   5.83541E-05   0.00000E+00   6.15814E-03   1.00000E+00   0.00000E+00   7.75157E+00   1.10628E-16            15   6.38096E-10   3.14567E+00
        2502   3.00240E+02   1.20000E-01   7.72670E-02   4.10362E-05   5.76293E-05   0.00000E+00   6.16316E-03   1.00000E+00   0.00000E+00   7.75157E+00   1.10345E-16            15   6.45192E-10   3.14567E+00
        2503   3.00360E+02   1.20000E-01   7.72670E-02   4.05942E-05   5.69046E-05   0.00000E+00   6.16801E-03   1.00000E+00   0.00000E+00   7.75157E+00   1.10027E-16            15   6.52195E-10   3.14568E+00
        2504   3.00480E+02   1.20000E-01   7.72670E-02   4.01522E-05   5.61800E-05   0.00000E+00   6.17270E-03   1.00000E+00   0.00000E+00   7.75157E+00   1.09626E-16            15   6.59101E-10   3.14569E+00
        2505   3.00600E+02   1.20000E-01   7.72670E-02   4.05631E-05   5.54556E-05   0.00000E+00   6.17722E-03   1.00000E+00   0.00000E+00   7.75157E+00   1.09188E-16            15   6.65911E-10   3.14569E+00
        2506   3.00720E+02   1.20000E-01   7.72670E-02   4.09842E-05   5.47313E-05   0.00000E+00   6.18159E-03   1.00000E+00   0.00000E+00   7.75157E+00   1.08695E-16            15   6.72626E-10   3.14570E+00
        2507   3.00840E+02   1.20000E-01   7.72670E-02   4.14034E-05   5.40120E-05   0.00000E+00   6.18578E-03   1.00000E+00   0.00000E+00   7.75157E+00   1.08146E-16            15   6.79241E-10   3.14570E+00
        2508   3.00960E+02   1.20000E-01   7.72670E-02   4.18208E-05   5.32929E-05   0.00000E+00   6.18982E-03   1.00000E+00   0.00000E+00   7.75157E+00   1.07545E-16            15   6.85753E-10   3.14571E+00
        2509   3.01080E+02   1.20000E-01   7.72670E-02   4.22363E-05   5.25740E-05   0.00000E+00   6.19369E-03   1.00000E+00   0.00000E+00   7.75157E+00   1.06906E-16            15   6.92160E-10   3.14571E+00
        2510   3.01200E+02   1.20000E-01   7.72670E-02   4.26498E-05   5.18554E-05   0.00000E+00   6.19740E-03   1.00000E+00   0.00000E+00   7.75157E+00   1.06199E-16            15   6.98459E-10   3.14572E+00
        2511   3.01320E+02   1.20000E-01   7.72670E-02   4.30615E-05   5.11370E-05   0.00000E+00   6.20094E-03   1.00000E+00   0.00000E+00   7.75157E+00   1.05474E-16            15   7.04647E-10   3.14573E+00
        2512   3.01440E+02   1.20000E-01   7.72670E-02   4.34712E-05   5.04189E-05   0.00000E+00   6.20433E-03   1.00000E+00   0.00000E+00   7.75157E+00   1.04704E-16            15   7.10723E-10   3.14573E+00
        2513   3.01560E+02   1.20000E-01   7.72670E-02   4.38790E-05   4.97010E-05   0.00000E+00   6.20755E-03   1.00000E+00   0.00000E+00   7.75157E+00   1.03904E-16            15   7.16684E-10   3.14574E+00
        2514   3.01680E+02   1.20000E-01   7.72670E-02   4.42849E-05   4.89835E-05   0.00000E+00   6.21061E-03   1.00000E+00   0.00000E+00   7.75157E+00   1.03043E-16            15   7.22524E-10   3.14574E+00
        2515   3.01800E+02   1.20000E-01   7.72670E-02   4.46888E-05   4.82663E-05   0.00000E+00   6.21351E-03   1.00000E+00   0.00000E+00   7.75157E+00   1.02176E-16            15   7.28242E-10   3.14575E+00
        2516   3.01920E+02   1.20000E-01   7.72670E-02   4.50908E-05   4.75493E-05   0.00000E+00   6.21625E-03   1.00000E+00   0.00000E+00   7.75157E+00   1.01264E-16            15   7.33833E-10   3.14575E+00
        2517   3.02040E+02   1.20000E-01   7.72670E-02   4.54908E-05   4.68328E-05   0.00000E+00   6.21883E-03   1.00000E+00   0.00000E+00   7.75157E+00   1.00303E-16            15   7.39293E-10   3.14575E+00
        2518   3.02160E+02   1.20000E-01   7.72670E-02   4.58888E-05   4.61167E-05   0.00000E+00   6.22125E-03   1.00000E+00   0.00000E+00   7.75157E+00   9.93430E-17            15   7.44617E-10   3.14576E+00
        2519   3.02280E+02   1.20000E-01   7.72670E-02   4.62849E-05   4.54010E-05   0.00000E+00   6.22351E-03   1.00000E+00   0.00000E+00   7.75157E+00   9.83622E-17            15   7.49800E-10   3.14576E+00
        2520   3.02400E+02   1.20000E-01   7.72670E-02   4.66790E-05   4.46857E-05   0.00000E+00   6.22561E-03   1.00000E+00   0.00000E+00   7.75157E+00   9.73295E-17            15   7.54836E-10   3.14577E+00
        2521   3.02520E+02   1.20000E-01   7.72670E-02   4.70710E-05   4.39708E-05   0.00000E+00   6.22755E-03   1.00000E+00   0.00000E+00   7.75157E+00   9.62921E-17            15   7.59719E-10   3.14577E+00
        2522   3.02640E+02   1.20000E-01   7.72670E-02   4.74611E-05   4.32564E-05   0.00000E+00   6.22934E-03   1.00000E+00   0.00000E+00   7.75157E+00   9.52270E-17            15   7.64443E-10   3.14578E+00
        2523   3.02760E+02   1.20000E-01   7.72670E-02   4.78492E-05   4.25424E-05   0.00000E+00   6.23096E-03   1.00000E+00   0.00000E+00   7.75157E+00   9.41398E-17            15   7.69001E-10   3.14578E+00
        2524   3.02880E+02   1.20000E-01   7.72670E-02   4.82352E-05   4.18289E-05   0.00000E+00   6.23243E-03   1.00000E+00   0.00000E+00   7.75157E+00   9.30168E-17            15   7.73386E-10   3.14578E+00
        2525   3.03000E+02   1.20000E-01   7.72670E-02   4.86192E-05   4.11158E-05   0.00000E+00   6.23374E-03   1.00000E+00   0.00000E+00   7.75157E+00   9.19062E-17            15   7.77589E-10   3.14579E+00
        2526   3.03120E+02   1.20000E-01   7.72670E-02   4.90012E-05   4.04032E-05   0.00000E+00   6.23489E-03   1.00000E+00   0.00000E+00   7.75157E+00   9.07367E-17            15   7.81604E-10   3.14579E+00
        2527   3.03240E+02   1.20000E-01   7.72670E-02   4.93812E-05   3.96912E-05   0.00000E+00   6.23589E-03   1.00000E+00   0.00000E+00   7.75157E+00   8.95932E-17            15   7.85421E-10   3.14579E+00
        2528   3.03360E+02   1.20000E-01   7.72670E-02   4.97591E-05   3.89797E-05   0.00000E+00   6.23673E-03   1.00000E+00   0.00000E+00   7.75157E+00   8.84241E-17            15   7.89031E-10   3.14580E+00
        2529   3.03480E+02   1.20000E-01   7.72670E-02   5.01349E-05   3.82687E-05   0.00000E+00   6.23741E-03   1.00000E+00   0.00000E+00   7.75157E+00   8.72197E-17            15   7.92426E-10   3.14580E+00
        2530   3.03600E+02   1.20000E-01   7.72670E-02   5.05087E-05   3.75583E-05   0.00000E+00   6.23794E-03   1.00000E+00   0.00000E+00   7.75157E+00   8.59957E-17            15   7.95595E-10   3.14580E+00
        2531   3.03720E+02   1.20000E-01   7.72670E-02   5.08804E-05   3.68484E-05   0.00000E+00   6.23832E-03   1.00000E+00   0.00000E+00   7.75157E+00   8.47777E-17            15   7.98530E-10   3.14581E+00
        2532   3.03840E+02   1.20000E-01   7.72670E-02   5.12501E-05   3.61392E-05   0.00000E+00   6.23854E-03   1.00000E+00   0.00000E+00   7.75157E+00   8.35432E-17            15   8.01221E-10   3.14581E+00
        2533   3.03960E+02   1.20000E-01   7.72670E-02   5.16176E-05   3.54305E-05   0.00000E+00   6.23860E-03   1.00000E+00   0.00000E+00   7.75157E+00   8.22742E-17            15   8.03657E-10   3.14581E+00
        2534   3.04080E+02   1.20000E-01   7.72670E-02   5.19831E-05   3.47225E-05   0.00000E+00   6.23851E-03   1.00000E+00   0.00000E+00   7.75157E+00   8.10121E-17            15   8.05829E-10   3.14581E+00
        2535   3.04200E+02   1.20000E-01   7.72670E-02   5.23465E-05   3.40151E-05   0.00000E+00   6.23827E-03   1.00000E+00   0.00000E+00   7.75157E+00   7.97167E-17            15   8.07729E-10   3.14582E+00
        2536   3.04320E+02   1.20000E-01   7.72670E-02   5.27078E-05   3.33084E-05   0.00000E+00   6.23787E-03   1.00000E+00   0.00000E+00   7.75157E+00   7.84166E-17            15   8.09344E-10   3.14582E+00
        2537   3.04440E+02   1.20000E-01   7.72670E-02   5.30670E-05   3.27454E-05   0.00000E+00   6.23732E-03   1.00000E+00   0.00000E+00   7.75157E+00   7.71238E-17            15   8.10668E-10   3.14582E+00
        2538   3.04560E+02   1.20000E-01   7.72670E-02   5.34241E-05   3.22673E-05   0.00000E+00   6.23662E-03   1.00000E+00   0.00000E+00   7.75157E+00   7.57957E-17            15   8.11693E-10   3.14582E+00
        2539   3.04680E+02   1.20000E-01   7.72670E-02   5.37791E-05   3.17895E-05   0.00000E+00   6.23576E-03   1.00000E+00   0.00000E+00   7.75157E+00   7.44355E-17            15   8.12408E-10   3.14583E+00
        2540   3.04800E+02   1.20000E-01   7.72670E-02   5.41320E-05   3.13118E-05   0.00000E+00   6.23475E-03   1.00000E+00   0.00000E+00   7.75157E+00   7.30933E-17            15   8.12806E-10   3.14583E+00
        2541   3.04920E+02   1.20000E-01   7.72670E-02   5.44827E-05   3.08344E-05   0.00000E+00   6.23359E-03   1.00000E+00   0.00000E+00   7.75157E+00   7.17377E-17            15   8.12874E-10   3.14583E+00
        2542   3.05040E+02   1.20000E-01   7.72670E-02   5.48314E-05   3.03571E-05   0.00000E+00   6.23229E-03   1.00000E+00   0.00000E+00   7.75157E+00   7.03103E-17            15   8.12511E-10   3.14583E+00
        2543   3.05160E+02   1.20000E-01   7.72670E-02   5.51779E-05   2.98801E-05   0.00000E+00   6.23082E-03   1.00000E+00   0.00000E+00   7.75157E+00   6.89508E-17            15   8.11584E-10   3.14583E+00
        2544   3.05280E+02   1.20000E-01   7.72670E-02   5.55222E-05   2.94034E-05   0.00000E+00   6.22921E-03   1.00000E+00   0.00000E+00   7.75157E+00   6.75665E-17            15   8.11130E-10   3.14583E+00
        2545   3.05400E+02   1.20000E-01   7.72670E-02   5.58645E-05   2.89269E-05   0.00000E+00   6.22745E-03   1.00000E+00   0.00000E+00   7.75157E+00   6.75330E-17            15   8.09903E-10   3.14584E+00
        2546   3.05520E+02   1.20000E-01   7.72670E-02   5.62045E-05   2.84506E-05   0.00000E+00   6.22554E-03   1.00000E+00   0.00000E+00   7.75157E+00   6.75027E-17            15   8.08319E-10   3.14584E+00
        2547   3.05640E+02   1.20000E-01   7.72670E-02   5.65425E-05   2.79747E-05   0.00000E+00   6.22348E-03   1.00000E+00   0.00000E+00   7.75157E+00   6.74405E-17            15   8.06392E-10   3.14584E+00
        2548   3.05760E+02   1.20000E-01   7.72670E-02   5.68783E-05   2.74990E-05   0.00000E+00   6.22127E-03   1.00000E+00   0.00000E+00   7.75157E+00   6.74142E-17            15   8.04119E-10   3.14584E+00
        2549   3.05880E+02   1.20000E-01   7.72670E-02   5.72119E-05   2.70236E-05   0.00000E+00   6.21892E-03   1.00000E+00   0.00000E+00   7.75157E+00   6.73444E-17            15   8.01501E-10   3.14584E+00
        2550   3.06000E+02   1.20000E-01   7.72670E-02   5.75434E-05   2.65485E-05   0.00000E+00   6.21641E-03   1.00000E+00   0.00000E+00   7.75157E+00   6.73125E-17            15   7.98532E-10   3.14584E+00
        2551   3.06120E+02   1.20000E-01   7.72670E-02   5.78728E-05   2.60738E-05   0.00000E+00   6.21376E-03   1.00000E+00   0.00000E+00   7.75157E+00   6.72676E-17            15   7.95207E-10   3.14584E+00
        2552   3.06240E+02   1.20000E-01   7.72670E-02   5.81999E-05   2.55994E-05   0.00000E+00   6.21096E-03   1.00000E+00   0.00000E+00   7.75157E+00   6.72376E-17            15   7.91515E-10   3.14584E+00
        2553   3.06360E+02   1.20000E-01   7.72670E-02   5.85249E-05   2.51253E-05   0.00000E+00   6.20801E-03   1.00000E+00   0.00000E+00   7.75157E+00   6.71866E-17            15   7.87443E-10   3.14584E+00
        2554   3.06480E+02   1.20000E-01   7.72670E-02   5.88478E-05   2.46516E-05   0.00000E+00   6.20492E-03   1.00000E+00   0.00000E+00   7.75157E+00   6.71517E-17            15   7.82968E-10   3.14584E+00
        2555   3.06600E+02   1.20000E-01   7.72670E-02   5.91684E-05   2.41783E-05   0.00000E+00   6.20168E-03   1.00000E+00   0.00000E+00   7.75157E+00   6.71119E-17            15   7.78062E-10   3.14584E+00
        2556   3.06720E+02   1.20000E-01   7.72670E-02   5.94869E-05   2.37053E-05   0.00000E+00   6.19830E-03   1.00000E+00   0.00000E+00   7.75157E+00   6.70268E-17            15   7.72677E-10   3.14584E+00
        2557   3.06840E+02   1.20000E-01   7.72670E-02   5.98032E-05   2.32327E-05   0.00000E+00   6.19476E-03   1.00000E+00   0.00000E+00   7.75157E+00   6.69191E-17            15   7.66748E-10   3.14584E+00
        2558   3.06960E+02   1.20000E-01   7.72670E-02   6.01174E-05   2.27605E-05   0.00000E+00   6.19109E-03   1.00000E+00   0.00000E+00   7.75157E+00   6.67334E-17            15   7.60160E-10   3.14584E+00
        2559   3.07080E+02   1.20000E-01   7.72670E-02   6.04293E-05   2.22887E-05   0.00000E+00   6.18727E-03   1.00000E+00   0.00000E+00   7.75157E+00   6.64951E-17            15   7.52716E-10   3.14584E+00
        2560   3.07200E+02   1.20000E-01   7.72670E-02   6.07391E-05   2.19904E-05   0.00000E+00   6.18330E-03   1.00000E+00   0.00000E+00   7.75157E+00   6.61442E-17            15   7.44053E-10   3.14584E+00
        2561   3.07320E+02   1.20000E-01   7.72670E-02   6.10467E-05   2.29429E-05   0.00000E+00   6.17920E-03   1.00000E+00   0.00000E+00   7.75157E+00   6.55640E-17            15   7.33443E-10   3.14584E+00
        2562   3.07440E+02   1.20000E-01   7.72670E-02   6.13521E-05   2.38927E-05   0.00000E+00   6.17494E-03   1.00000E+00   0.00000E+00   7.75157E+00   6.45479E-17            15   7.19283E-10   3.14584E+00
        2563   3.07560E+02   1.20000E-01   7.72670E-02   6.16553E-05   2.48398E-05   0.00000E+00   6.17055E-03   1.00000E+00   0.00000E+00   7.75157E+00   6.26267E-17            15   6.97215E-10   3.14584E+00
        2564   3.07680E+02   1.20000E-01   7.72670E-02   6.19563E-05   2.57843E-05   0.00000E+00   6.16601E-03   1.00000E+00   0.00000E+00   7.75157E+00   5.48986E-17            15   6.24724E-10   3.14584E+00
        2565   3.07800E+02   1.20000E-01   7.72670E-02   6.22551E-05   2.67262E-05   0.00000E+00   6.16133E-03   1.00000E+00   0.00000E+00   7.75157E+00   5.12836E-17            15   5.82712E-10   3.14584E+00
        2566   3.07920E+02   1.20000E-01   7.72670E-02   6.25517E-05   2.76653E-05   0.00000E+00   6.15651E-03   1.00000E+00   0.00000E+00   7.75157E+00   3.25366E-17            15   3.96299E-10   3.14584E+00
        2567   3.08040E+02   1.20000E-01   7.72670E-02   6.28461E-05   2.86016E-05   0.00000E+00   6.15155E-03   1.00000E+00   0.00000E+00   7.75157E+00   2.40016E-17            15   2.93578E-10   3.14584E+00
        2568   3.08160E+02   1.20000E-01   7.72670E-02   6.31384E-05   2.95353E-05   0.00000E+00   6.14645E-03   1.00000E+00   0.00000E+00   7.75157E+00   4.65075E-17            15   5.21318E-10   3.14584E+00
        2569   3.08280E+02   1.20000E-01   7.72670E-02   6.34284E-05   3.04661E-05   0.00000E+00   6.14120E-03   1.00000E+00   0.00000E+00   7.75157E+00   5.84103E-17            15   6.22916E-10   3.14584E+00
        2570   3.08400E+02   1.20000E-01   7.72670E-02   6.37162E-05   3.13942E-05   0.00000E+00   6.13582E-03   1.00000E+00   0.00000E+00   7.75157E+00   6.32799E-17            15   6.59174E-10   3.14584E+00
        2571   3.08520E+02   1.20000E-01   7.72670E-02   6.40018E-05   3.23195E-05   0.00000E+00   6.13029E-03   1.00000E+00   0.00000E+00   7.75157E+00   6.56340E-17            15   6.73217E-10   3.14583E+00
        2572   3.08640E+02   1.20000E-01   7.72670E-02   6.42852E-05   3.32419E-05   0.00000E+00   6.12463E-03   1.00000E+00   0.00000E+00   7.75157E+00   6.70027E-17            15   6.78621E-10   3.14583E+00
        2573   3.08760E+02   1.20000E-01   7.72670E-02   6.45664E-05   3.41615E-05   0.00000E+00   6.11883E-03   1.00000E+00   0.00000E+00   7.75157E+00   6.79441E-17            15   6.80182E-10   3.14583E+00
        2574   3.08880E+02   1.20000E-01   7.72670E-02   6.48454E-05   3.50783E-05   0.00000E+00   6.11289E-03   1.00000E+00   0.00000E+00   7.75157E+00   6.86412E-17            15   6.79869E-10   3.14583E+00
        2575   3.09000E+02   1.20000E-01   7.72670E-02   6.51222E-05   3.59921E-05   0.00000E+00   6.10681E-03   1.00000E+00   0.00000E+00   7.75157E+00   6.92563E-17            15   6.78595E-10   3.14583E+00
        2576   3.09120E+02   1.20000E-01   7.72670E-02   6.53968E-05   3.69031E-05   0.00000E+00   6.10059E-03   1.00000E+00   0.00000E+00   7.75157E+00   6.97949E-17            15   6.76822E-10   3.14583E+00
        2577   3.09240E+02   1.20000E-01   7.72670E-02   6.56691E-05   3.78111E-05   0.00000E+00   6.09424E-03   1.00000E+00   0.00000E+00   7.75157E+00   7.03022E-17            15   6.74806E-10   3.14582E+00
        2578   3.09360E+02   1.20000E-01   7.72670E-02   6.59393E-05   3.87163E-05   0.00000E+00   6.08775E-03   1.00000E+00   0.00000E+00   7.75157E+00   7.08035E-17            15   6.72691E-10   3.14582E+00
        2579   3.09480E+02   1.20000E-01   7.72670E-02   6.62072E-05   3.96184E-05   0.00000E+00   6.08112E-03   1.00000E+00   0.00000E+00   7.75157E+00   7.12939E-17            15   6.70561E-10   3.14582E+00
        2580   3.09600E+02   1.20000E-01   7.72670E-02   6.64729E-05   4.05177E-05   0.00000E+00   6.07436E-03   1.00000E+00   0.00000E+00   7.75157E+00   7.17837E-17            15   6.68470E-10   3.14582E+00
        2581   3.09720E+02   1.20000E-01   7.72670E-02   6.67364E-05   4.14139E-05   0.00000E+00   6.06746E-03   1.00000E+00   0.00000E+00   7.75157E+00   7.22703E-17            15   6.66445E-10   3.14582E+00
        2582   3.09840E+02   1.20000E-01   7.72670E-02   6.69977E-05   4.23071E-05   0.00000E+00   6.06042E-03   1.00000E+00   0.00000E+00   7.75157E+00   7.27620E-17            15   6.64506E-10   3.14581E+00
        2583   3.09960E+02   1.20000E-01   7.72670E-02   6.72567E-05   4.31973E-05   0.00000E+00   6.05325E-03   1.00000E+00   0.00000E+00   7.75157E+00   7.32417E-17            15   6.62659E-10   3.14581E+00
        2584   3.10080E+02   1.20000E-01   7.72670E-02   6.75136E-05   4.40845E-05   0.00000E+00   6.04595E-03   1.00000E+00   0.00000E+00   7.75157E+00   7.37328E-17            15   6.60908E-10   3.14581E+00
        2585   3.10200E+02   1.20000E-01   7.72670E-02   6.77682E-05   4.49686E-05   0.00000E+00   6.03851E-03   1.00000E+00   0.00000E+00   7.75157E+00   7.41948E-17            15   6.59250E-10   3.14580E+00
        2586   3.10320E+02   1.20000E-01   7.72670E-02   6.80206E-05   4.58497E-05   0.00000E+00   6.03094E-03   1.00000E+00   0.00000E+00   7.75157E+00   7.47070E-17            15   6.57683E-10   3.14580E+00
        2587   3.10440E+02   1.20000E-01   7.72670E-02   6.82708E-05   4.67276E-05   0.00000E+00   6.02324E-03   1.00000E+00   0.00000E+00   7.75157E+00   7.51711E-17            15   6.56201E-10   3.14580E+00
        2588   3.10560E+02   1.20000E-01   7.72670E-02   6.85187E-05   4.76025E-05   0.00000E+00   6.01540E-03   1.00000E+00   0.00000E+00   7.75157E+00   7.56720E-17            15   6.54795E-10   3.14580E+00
        2589   3.10680E+02   1.20000E-01   7.72670E-02   6.87644E-05   4.84743E-05   0.00000E+00   6.00744E-03   1.00000E+00   0.00000E+00   7.75157E+00   7.61718E-17            15   6.53459E-10   3.14579E+00
        2590   3.10800E+02   1.20000E-01   7.72670E-02   6.90079E-05   4.93429E-05   0.00000E+00   5.99934E-03   1.00000E+00   0.00000E+00   7.75157E+00   7.66402E-17            15   6.52182E-10   3.14579E+00
        2591   3.10920E+02   1.20000E-01   7.72670E-02   6.92492E-05   5.02084E-05   0.00000E+00   5.99112E-03   1.00000E+00   0.00000E+00   7.75157E+00   7.70889E-17            15   6.50960E-10   3.14579E+00
        2592   3.11040E+02   1.20000E-01   7.72670E-02   6.94883E-05   5.10707E-05   0.00000E+00   5.98276E-03   1.00000E+00   0.00000E+00   7.75157E+00   7.75237E-17            15   6.49781E-10   3.14578E+00
        2593   3.11160E+02   1.20000E-01   7.72670E-02   6.97251E-05   5.19299E-05   0.00000E+00   5.97428E-03   1.00000E+00   0.00000E+00   7.75157E+00   7.79711E-17            15   6.48640E-10   3.14578E+00
        2594   3.11280E+02   1.20000E-01   7.72670E-02   6.99597E-05   5.27858E-05   0.00000E+00   5.96566E-03   1.00000E+00   0.00000E+00   7.75157E+00   7.83635E-17            15   6.47529E-10   3.14578E+00
        2595   3.11400E+02   1.20000E-01   7.72670E-02   7.01921E-05   5.36386E-05   0.00000E+00   5.95691E-03   1.00000E+00   0.00000E+00   7.75157E+00   7.87709E-17            15   6.46438E-10   3.14577E+00
        2596   3.11520E+02   1.20000E-01   7.72670E-02   7.04223E-05   5.44881E-05   0.00000E+00   5.94804E-03   1.00000E+00   0.00000E+00   7.75157E+00   7.91796E-17            15   6.45361E-10   3.14577E+00
        2597   3.11640E+02   1.20000E-01   7.72670E-02   7.06502E-05   5.53344E-05   0.00000E+00   5.93903E-03   1.00000E+00   0.00000E+00   7.75157E+00   7.95750E-17            15   6.44294E-10   3.14576E+00
        2598   3.11760E+02   1.20000E-01   7.72670E-02   7.08759E-05   5.61774E-05   0.00000E+00   5.92990E-03   1.00000E+00   0.00000E+00   7.75157E+00   7.99222E-17            15   6.43229E-10   3.14576E+00
        2599   3.11880E+02   1.20000E-01   7.72670E-02   7.10994E-05   5.70172E-05   0.00000E+00   5.92064E-03   1.00000E+00   0.00000E+00   7.75157E+00   8.02547E-17            15   6.42160E-10   3.14576E+00
        2600   3.12000E+02   1.20000E-01   7.72670E-02   7.13206E-05   5.78537E-05   0.00000E+00   5.91125E-03   1.00000E+00   0.00000E+00   7.75157E+00   8.05784E-17            15   6.41083E-10   3.14575E+00
        2601   3.12120E+02   1.20000E-01   7.72670E-02   7.15396E-05   5.86869E-05   0.00000E+00   5.90173E-03   1.00000E+00   0.00000E+00   7.75157E+00   8.08541E-17            15   6.39993E-10   3.14575E+00
        2602   3.12240E+02   1.20000E-01   7.72670E-02   7.17564E-05   5.95169E-05   0.00000E+00   5.89209E-03   1.00000E+00   0.00000E+00   7.75157E+00   8.11082E-17            15   6.38886E-10   3.14574E+00
        2603   3.12360E+02   1.20000E-01   7.72670E-02   7.19710E-05   6.03434E-05   0.00000E+00   5.88233E-03   1.00000E+00   0.00000E+00   7.75157E+00   8.06555E-17            15   6.43609E-10   3.14574E+00
        2604   3.12480E+02   1.20000E-01   7.72670E-02   7.21833E-05   6.11667E-05   0.00000E+00   5.87243E-03   1.00000E+00   0.00000E+00   7.75157E+00   8.56698E-17            15   6.66184E-10   3.14573E+00
        2605   3.12600E+02   1.20000E-01   7.72670E-02   7.23934E-05   6.19866E-05   0.00000E+00   5.86242E-03   1.00000E+00   0.00000E+00   7.75157E+00   8.09768E-17            15   6.39943E-10   3.14573E+00
        2606   3.12720E+02   1.20000E-01   7.72670E-02   7.26013E-05   6.28032E-05   0.00000E+00   5.85228E-03   1.00000E+00   0.00000E+00   7.75157E+00   8.23129E-17            15   6.34063E-10   3.14572E+00
        2607   3.12840E+02   1.20000E-01   7.72670E-02   7.28069E-05   6.36163E-05   0.00000E+00   5.84201E-03   1.00000E+00   0.00000E+00   7.75157E+00   8.24242E-17            15   6.33038E-10   3.14572E+00
        2608   3.12960E+02   1.20000E-01   7.72670E-02   7.31424E-05   6.44261E-05   0.00000E+00   5.83162E-03   1.00000E+00   0.00000E+00   7.75157E+00   8.25532E-17            15   6.32053E-10   3.14571E+00
        2609   3.13080E+02   1.20000E-01   7.72670E-02   7.35357E-05   6.52325E-05   0.00000E+00   5.82110E-03   1.00000E+00   0.00000E+00   7.75157E+00   8.32517E-17            15   6.30352E-10   3.14571E+00
        2610   3.13200E+02   1.20000E-01   7.72670E-02   7.39262E-05   6.60355E-05   0.00000E+00   5.81046E-03   1.00000E+00   0.00000E+00   7.75157E+00   8.57462E-17            15   6.37940E-10   3.14570E+00
        2611   3.13320E+02   1.20000E-01   7.72670E-02   7.43140E-05   6.68351E-05   0.00000E+00   5.79970E-03   1.00000E+00   0.00000E+00   7.75157E+00   8.65136E-17            15   6.27209E-10   3.14570E+00
        2612   3.13440E+02   1.20000E-01   7.72670E-02   7.46989E-05   6.76312E-05   0.00000E+00   5.78884E-03   1.00000E+00   0.00000E+00   7.75157E+00   8.73234E-17            15   6.14767E-10   3.14569E+00
        2613   3.13560E+02   1.20000E-01   7.72670E-02   7.50810E-05   6.84239E-05   0.00000E+00   5.77784E-03   1.00000E+00   0.00000E+00   7.75157E+00   8.97626E-17            15   6.24295E-10   3.14569E+00
        2614   3.13680E+02   1.20000E-01   7.72670E-02   7.54604E-05   6.92131E-05   0.00000E+00   5.76671E-03   1.00000E+00   0.00000E+00   7.75157E+00   9.14075E-17            15   6.23063E-10   3.14568E+00
        2615   3.13800E+02   1.20000E-01   7.72670E-02   7.58371E-05   6.99989E-05   0.00000E+00   5.75547E-03   1.00000E+00   0.00000E+00   7.75157E+00   9.30708E-17            15   6.22145E-10   3.14568E+00
        2616   3.13920E+02   1.20000E-01   7.72670E-02   7.62110E-05   7.07812E-05   0.00000E+00   5.74410E-03   1.00000E+00   0.00000E+00   7.75157E+00   9.47186E-17            15   6.20988E-10   3.14567E+00
        2617   3.14040E+02   1.20000E-01   7.72670E-02   7.65822E-05   7.15599E-05   0.00000E+00   5.73261E-03   1.00000E+00   0.00000E+00   7.75157E+00   9.72148E-17            15   6.31472E-10   3.14566E+00
        2618   3.14160E+02   1.20000E-01   7.72670E-02   7.69506E-05   7.23352E-05   0.00000E+00   5.72100E-03   1.00000E+00   0.00000E+00   7.75157E+00   9.78487E-17            15   6.16410E-10   3.14566E+00
        2619   3.14280E+02   1.20000E-01   7.72670E-02   7.73162E-05   7.31070E-05   0.00000E+00   5.70928E-03   1.00000E+00   0.00000E+00   7.75157E+00   9.93888E-17            15   6.13882E-10   3.14565E+00
        2620   3.14400E+02   1.20000E-01   7.72670E-02   7.76791E-05   7.38753E-05   0.00000E+00   5.69745E-03   1.00000E+00   0.00000E+00   7.75157E+00   1.00993E-16            15   6.12158E-10   3.14565E+00
        2621   3.14520E+02   1.20000E-01   7.72670E-02   7.80392E-05   7.46400E-05   0.00000E+00   5.68549E-03   1.00000E+00   0.00000E+00   7.75157E+00   1.02590E-16            15   6.10388E-10   3.14564E+00
        2622   3.14640E+02   1.20000E-01   7.72670E-02   7.83965E-05   7.54011E-05   0.00000E+00   5.67342E-03   1.00000E+00   0.00000E+00   7.75157E+00   1.04186E-16            15   6.08548E-10   3.14563E+00
        2623   3.14760E+02   1.20000E-01   7.72670E-02   7.87510E-05   7.61587E-05   0.00000E+00   5.66123E-03   1.00000E+00   0.00000E+00   7.75157E+00   1.05765E-16            15   6.06632E-10   3.14563E+00
        2624   3.14880E+02   1.20000E-01   7.72670E-02   7.91027E-05   7.69128E-05   0.00000E+00   5.64893E-03   1.00000E+00   0.00000E+00   7.75157E+00   1.07337E-16            15   6.04641E-10   3.14562E+00
        2625   3.15000E+02   1.20000E-01   7.72670E-02   7.94517E-05   7.76632E-05   0.00000E+00   5.63651E-03   1.00000E+00   0.00000E+00   7.75157E+00   1.08903E-16            15   6.02573E-10   3.14561E+00
        2626   3.15120E+02   1.20000E-01   7.72670E-02   7.97978E-05   7.84101E-05   0.00000E+00   5.62397E-03   1.00000E+00   0.00000E+00   7.75157E+00   1.10459E-16            15   6.00427E-10   3.14561E+00
        2627   3.15240E+02   1.20000E-01   7.72670E-02   8.01411E-05   7.91533E-05   0.00000E+00   5.61132E-03   1.00000E+00   0.00000E+00   7.75157E+00   1.12000E-16            15   5.98202E-10   3.14560E+00
        2628   3.15360E+02   1.20000E-01   7.72670E-02   8.04817E-05   7.98930E-05   0.00000E+00   5.59856E-03   1.00000E+00   0.00000E+00   7.75157E+00   1.13528E-16            15   5.95895E-10   3.14559E+00
        2629   3.15480E+02   1.20000E-01   7.72670E-02   8.08194E-05   8.06290E-05   0.00000E+00   5.58568E-03   1.00000E+00   0.00000E+00   7.75157E+00   1.15041E-16            15   5.93504E-10   3.14559E+00
        2630   3.15600E+02   1.20000E-01   7.72670E-02   8.11544E-05   8.13614E-05   0.00000E+00   5.57269E-03   1.00000E+00   0.00000E+00   7.75157E+00   1.16539E-16            15   5.91023E-10   3.14558E+00
        2631   3.15720E+02   1.20000E-01   7.72670E-02   8.14865E-05   8.20902E-05   0.00000E+00   5.55959E-03   1.00000E+00   0.00000E+00   7.75157E+00   1.18015E-16            15   5.88447E-10   3.14557E+00
        2632   3.15840E+02   1.20000E-01   7.72670E-02   8.18158E-05   8.28153E-05   0.00000E+00   5.54638E-03   1.00000E+00   0.00000E+00   7.75157E+00   1.19468E-16            15   5.85771E-10   3.14557E+00
        2633   3.15960E+02   1.20000E-01   7.72670E-02   8.21424E-05   8.35368E-05   0.00000E+00   5.53306E-03   1.00000E+00   0.00000E+00   7.75157E+00   1.20896E-16            15   5.82988E-10   3.14556E+00
        2634   3.16080E+02   1.20000E-01   7.72670E-02   8.24661E-05   8.42546E-05   0.00000E+00   5.51962E-03   1.00000E+00   0.00000E+00   7.75157E+00   1.22294E-16            15   5.80091E-10   3.14555E+00
        2635   3.16200E+02   1.20000E-01   7.72670E-02   8.27870E-05   8.49687E-05   0.00000E+00   5.50608E-03   1.00000E+00   0.00000E+00   7.75157E+00   1.23653E-16            15   5.77068E-10   3.14554E+00
        2636   3.16320E+02   1.20000E-01   7.72670E-02   8.31050E-05   8.56791E-05   0.00000E+00   5.49243E-03   1.00000E+00   0.00000E+00   7.75157E+00   1.24973E-16            15   5.73912E-10   3.14554E+00
        2637   3.16440E+02   1.20000E-01   7.72670E-02   8.34203E-05   8.63858E-05   0.00000E+00   5.47866E-03   1.00000E+00   0.00000E+00   7.75157E+00   1.26243E-16            15   5.70610E-10   3.14553E+00
        2638   3.16560E+02   1.20000E-01   7.72670E-02   8.37328E-05   8.70888E-05   0.00000E+00   5.46479E-03   1.00000E+00   0.00000E+00   7.75157E+00   1.27457E-16            15   5.67151E-10   3.14552E+00
        2639   3.16680E+02   1.20000E-01   7.72670E-02   8.40424E-05   8.77881E-05   0.00000E+00   5.45082E-03   1.00000E+00   0.00000E+00   7.75157E+00   1.28598E-16            15   5.63519E-10   3.14551E+00
        2640   3.16800E+02   1.20000E-01   7.72670E-02   8.43492E-05   8.84837E-05   0.00000E+00   5.43673E-03   1.00000E+00   0.00000E+00   7.75157E+00   1.29659E-16            15   5.59702E-10   3.14551E+00
        2641   3.16920E+02   1.20000E-01   7.72670E-02   8.46532E-05   8.91756E-05   0.00000E+00   5.42254E-03   1.00000E+00   0.00000E+00   7.75157E+00   1.30627E-16            15   5.55681E-10   3.14550E+00
        2642   3.17040E+02   1.20000E-01   7.72670E-02   8.49543E-05   8.98638E-05   0.00000E+00   5.40824E-03   1.00000E+00   0.00000E+00   7.75157E+00   1.31485E-16            15   5.51443E-10   3.14549E+00
        2643   3.17160E+02   1.20000E-01   7.72670E-02   8.52527E-05   9.05483E-05   0.00000E+00   5.39384E-03   1.00000E+00   0.00000E+00   7.75157E+00   1.32219E-16            15   5.46969E-10   3.14548E+00
        2644   3.17280E+02   1.20000E-01   7.72670E-02   8.55482E-05   9.12290E-05   0.00000E+00   5.37933E-03   1.00000E+00   0.00000E+00   7.75157E+00   1.32798E-16            15   5.42245E-10   3.14547E+00
        2645   3.17400E+02   1.20000E-01   7.72670E-02   8.58409E-05   9.19059E-05   0.00000E+00   5.36472E-03   1.00000E+00   0.00000E+00   7.75157E+00   1.33216E-16            15   5.37253E-10   3.14547E+00
        2646   3.17520E+02   1.20000E-01   7.72670E-02   8.61307E-05   9.25790E-05   0.00000E+00   5.35000E-03   1.00000E+00   0.00000E+00   7.75157E+00   1.33426E-16            15   5.31985E-10   3.14546E+00
        2647   3.17640E+02   1.20000E-01   7.72670E-02   8.64177E-05   9.32484E-05   0.00000E+00   5.33518E-03   1.00000E+00   0.00000E+00   7.75157E+00   1.33421E-16            15   5.26431E-10   3.14545E+00
        2648   3.17760E+02   1.20000E-01   7.72670E-02   8.67019E-05   9.39139E-05   0.00000E+00   5.32026E-03   1.00000E+00   0.00000E+00   7.75157E+00   1.33166E-16            15   5.20590E-10   3.14544E+00
        2649   3.17880E+02   1.20000E-01   7.72670E-02   8.69833E-05   9.45757E-05   0.00000E+00   5.30523E-03   1.00000E+00   0.00000E+00   7.75157E+00   1.32627E-16            15   5.14472E-10   3.14543E+00
        2650   3.18000E+02   1.20000E-01   7.72670E-02   8.72618E-05   9.52336E-05   0.00000E+00   5.29011E-03   1.00000E+00   0.00000E+00   7.75157E+00   1.31783E-16            15   5.08099E-10   3.14542E+00
        2651   3.18120E+02   1.20000E-01   7.72670E-02   8.75376E-05   9.58878E-05   0.00000E+00   5.27488E-03   1.00000E+00   0.00000E+00   7.75157E+00   1.30617E-16            15   5.01510E-10   3.14541E+00
        2652   3.18240E+02   1.20000E-01   7.72670E-02   8.78104E-05   9.65381E-05   0.00000E+00   5.25955E-03   1.00000E+00   0.00000E+00   7.75157E+00   1.29092E-16            15   4.94762E-10   3.14541E+00
        2653   3.18360E+02   1.20000E-01   7.72670E-02   8.80805E-05   9.71845E-05   0.00000E+00   5.24412E-03   1.00000E+00   0.00000E+00   7.75157E+00   1.27229E-16            15   4.87938E-10   3.14540E+00
        2654   3.18480E+02   1.20000E-01   7.72670E-02   8.83477E-05   9.78272E-05   0.00000E+00   5.22860E-03   1.00000E+00   0.00000E+00   7.75157E+00   1.25017E-16            15   4.81145E-10   3.14539E+00
        2655   3.18600E+02   1.20000E-01   7.72670E-02   8.86120E-05   9.84660E-05   0.00000E+00   5.21297E-03   1.00000E+00   0.00000E+00   7.75157E+00   1.22463E-16            15   4.74511E-10   3.14538E+00
        2656   3.18720E+02   1.20000E-01   7.72670E-02   8.88736E-05   9.91009E-05   0.00000E+00   5.19725E-03   1.00000E+00   0.00000E+00   7.75157E+00   1.19631E-16            15   4.68186E-10   3.14537E+00
        2657   3.18840E+02   1.20000E-01   7.72670E-02   8.91323E-05   9.97319E-05   0.00000E+00   5.18143E-03   1.00000E+00   0.00000E+00   7.75157E+00   1.16547E-16            15   4.62331E-10   3.14536E+00
        2658   3.18960E+02   1.20000E-01   7.72670E-02   8.93881E-05   1.00359E-04   0.00000E+00   5.16551E-03   1.00000E+00   0.00000E+00   7.75157E+00   1.13285E-16            15   4.57104E-10   3.14535E+00
        2659   3.19080E+02   1.20000E-01   7.72670E-02   8.96412E-05   1.00982E-04   0.00000E+00   5.14950E-03   1.00000E+00   0.00000E+00   7.75157E+00   1.09954E-16            15   4.52647E-10   3.14534E+00
        2660   3.19200E+02   1.20000E-01   7.72670E-02   8.98914E-05   1.01602E-04   0.00000E+00   5.13339E-03   1.00000E+00   0.00000E+00   7.75157E+00   1.06601E-16            15   4.49070E-10   3.14533E+00
        2661   3.19320E+02   1.20000E-01   7.72670E-02   9.01389E-05   1.02217E-04   0.00000E+00   5.11718E-03   1.00000E+00   0.00000E+00   7.75157E+00   1.03359E-16            15   4.46440E-10   3.14532E+00
        2662   3.19440E+02   1.20000E-01   7.72670E-02   9.03835E-05   1.02829E-04   0.00000E+00   5.10088E-03   1.00000E+00   0.00000E+00   7.75157E+00   1.02065E-16            15   4.44770E-10   3.14531E+00
        2663   3.19560E+02   1.20000E-01   7.72670E-02   9.06252E-05   1.03437E-04   0.00000E+00   5.08449E-03   1.00000E+00   0.00000E+00   7.75157E+00   1.03058E-16            15   4.44020E-10   3.14530E+00
        2664   3.19680E+02   1.20000E-01   7.72670E-02   9.08642E-05   1.04041E-04   0.00000E+00   5.06800E-03   1.00000E+00   0.00000E+00   7.75157E+00   1.04090E-16            15   4.44108E-10   3.14529E+00
        2665   3.19800E+02   1.20000E-01   7.72670E-02   9.11003E-05   1.04641E-04   0.00000E+00   5.05142E-03   1.00000E+00   0.00000E+00   7.75157E+00   1.05173E-16            15   4.44913E-10   3.14528E+00
        2666   3.19920E+02   1.20000E-01   7.72670E-02   9.13336E-05   1.05237E-04   0.00000E+00   5.03475E-03   1.00000E+00   0.00000E+00   7.75157E+00   1.06283E-16            15   4.46298E-10   3.14527E+00
        2667   3.20040E+02   1.20000E-01   7.72670E-02   9.15640E-05   1.05829E-04   0.00000E+00   5.01799E-03   1.00000E+00   0.00000E+00   7.75157E+00   1.07411E-16            15   4.48119E-10   3.14526E+00
        2668   3.20160E+02   1.20000E-01   7.72670E-02   9.17916E-05   1.06417E-04   0.00000E+00   5.00114E-03   1.00000E+00   0.00000E+00   7.75157E+00   1.08544E-16            15   4.50237E-10   3.14525E+00
        2669   3.20280E+02   1.20000E-01   7.72670E-02   9.20164E-05   1.07001E-04   0.00000E+00   4.98419E-03   1.00000E+00   0.00000E+00   7.75157E+00   1.09681E-16            15   4.52528E-10   3.14524E+00
        2670   3.20400E+02   1.20000E-01   7.72670E-02   9.22383E-05   1.07581E-04   0.00000E+00   4.96716E-03   1.00000E+00   0.00000E+00   7.75157E+00   1.10801E-16            15   4.54888E-10   3.14523E+00
        2671   3.20520E+02   1.20000E-01   7.72670E-02   9.24574E-05   1.08157E-04   0.00000E+00   4.95004E-03   1.00000E+00   0.00000E+00   7.75157E+00   1.11904E-16            15   4.57231E-10   3.14522E+00
        2672   3.20640E+02   1.20000E-01   7.72670E-02   9.26737E-05   1.08730E-04   0.00000E+00   4.93283E-03   1.00000E+00   0.00000E+00   7.75157E+00   1.12986E-16            15   4.59495E-10   3.14521E+00
        2673   3.20760E+02   1.20000E-01   7.72670E-02   9.28872E-05   1.09298E-04   0.00000E+00   4.91553E-03   1.00000E+00   0.00000E+00   7.75157E+00   1.14041E-16            15   4.61632E-10   3.14520E+00
        2674   3.20880E+02   1.20000E-01   7.72670E-02   9.30978E-05   1.09862E-04   0.00000E+00   4.89814E-03   1.00000E+00   0.00000E+00   7.75157E+00   1.15063E-16            15   4.63615E-10   3.14519E+00
        2675   3.21000E+02   1.20000E-01   7.72670E-02   9.33056E-05   1.10423E-04   0.00000E+00   4.88067E-03   1.00000E+00   0.00000E+00   7.75157E+00   1.16076E-16            15   4.65426E-10   3.14518E+00
        2676   3.21120E+02   1.20000E-01   7.72670E-02   9.35106E-05   1.10979E-04   0.00000E+00   4.86311E-03   1.00000E+00   0.00000E+00   7.75157E+00   1.17037E-16            15   4.67062E-10   3.14517E+00
        2677   3.21240E+02   1.20000E-01   7.72670E-02   9.37128E-05   1.11532E-04   0.00000E+00   4.84547E-03   1.00000E+00   0.00000E+00   7.75157E+00   1.17975E-16            15   4.68532E-10   3.14516E+00
        2678   3.21360E+02   1.20000E-01   7.72670E-02   9.39121E-05   1.12080E-04   0.00000E+00   4.82774E-03   1.00000E+00   0.00000E+00   7.75157E+00   1.18877E-16            15   4.69855E-10   3.14515E+00
        2679   3.21480E+02   1.20000E-01   7.72670E-02   9.41086E-05   1.12624E-04   0.00000E+00   4.80993E-03   1.00000E+00   0.00000E+00   7.75157E+00   1.19768E-16            15   4.71032E-10   3.14514E+00
        2680   3.21600E+02   1.20000E-01   7.72670E-02   9.43023E-05   1.13165E-04   0.00000E+00   4.79203E-03   1.00000E+00   0.00000E+00   7.75157E+00   1.20646E-16            15   4.72979E-10   3.14513E+00
        2681   3.21720E+02   1.20000E-01   7.72670E-02   9.44932E-05   1.13701E-04   0.00000E+00   4.77406E-03   1.00000E+00   0.00000E+00   7.75157E+00   1.20848E-16            15   4.62799E-10   3.14512E+00
        2682   3.21840E+02   1.20000E-01   7.72670E-02   9.46813E-05   1.14234E-04   0.00000E+00   4.75600E-03   1.00000E+00   0.00000E+00   7.75157E+00   1.22184E-16            15   4.71603E-10   3.14511E+00
        2683   3.21960E+02   1.20000E-01   7.72670E-02   9.48665E-05   1.14762E-04   0.00000E+00   4.73787E-03   1.00000E+00   0.00000E+00   7.75157E+00   1.22412E-16            15   4.73954E-10   3.14510E+00
        2684   3.22080E+02   1.20000E-01   7.72670E-02   9.50489E-05   1.15286E-04   0.00000E+00   4.71964E-03   1.00000E+00   0.00000E+00   7.75157E+00   1.23562E-16            15   4.72798E-10   3.14509E+00
        2685   3.22200E+02   1.20000E-01   7.72670E-02   9.52285E-05   1.15807E-04   0.00000E+00   4.70132E-03   1.00000E+00   0.00000E+00   7.75157E+00   1.24655E-16            15   4.93896E-10   3.14507E+00
        2686   3.22320E+02   1.20000E-01   7.72670E-02   9.54054E-05   1.16323E-04   0.00000E+00   4.68292E-03   1.00000E+00   0.00000E+00   7.75157E+00   1.25543E-16            15   4.74742E-10   3.14506E+00
        2687   3.22440E+02   1.20000E-01   7.72670E-02   9.55795E-05   1.16835E-04   0.00000E+00   4.66446E-03   1.00000E+00   0.00000E+00   7.75157E+00   1.25680E-16            15   4.72608E-10   3.14505E+00
        2688   3.22560E+02   1.20000E-01   7.72670E-02   9.57507E-05   1.17343E-04   0.00000E+00   4.64592E-03   1.00000E+00   0.00000E+00   7.75157E+00   1.26260E-16            15   4.72452E-10   3.14504E+00
        2689   3.22680E+02   1.20000E-01   7.72670E-02   9.59192E-05   1.17848E-04   0.00000E+00   4.62730E-03   1.00000E+00   0.00000E+00   7.75157E+00   1.26885E-16            15   4.72159E-10   3.14503E+00
        2690   3.22800E+02   1.20000E-01   7.72670E-02   9.60849E-05   1.18348E-04   0.00000E+00   4.60861E-03   1.00000E+00   0.00000E+00   7.75157E+00   1.27476E-16            15   4.71779E-10   3.14502E+00
        2691   3.22920E+02   1.20000E-01   7.72670E-02   9.62478E-05   1.18844E-04   0.00000E+00   4.58983E-03   1.00000E+00   0.00000E+00   7.75157E+00   1.28055E-16            15   4.71324E-10   3.14501E+00
        2692   3.23040E+02   1.20000E-01   7.72670E-02   9.64078E-05   1.19336E-04   0.00000E+00   4.57099E-03   1.00000E+00   0.00000E+00   7.75157E+00   1.28601E-16            15   4.70796E-10   3.14499E+00
        2693   3.23160E+02   1.20000E-01   7.72670E-02   9.65651E-05   1.19824E-04   0.00000E+00   4.55206E-03   1.00000E+00   0.00000E+00   7.75157E+00   1.29118E-16            15   4.70199E-10   3.14498E+00
        2694   3.23280E+02   1.20000E-01   7.72670E-02   9.67196E-05   1.20307E-04   0.00000E+00   4.53306E-03   1.00000E+00   0.00000E+00   7.75157E+00   1.29644E-16            15   4.69539E-10   3.14497E+00
        2695   3.23400E+02   1.20000E-01   7.72670E-02   9.68713E-05   1.20787E-04   0.00000E+00   4.51399E-03   1.00000E+00   0.00000E+00   7.75157E+00   1.30129E-16            15   4.68823E-10   3.14496E+00
        2696   3.23520E+02   1.20000E-01   7.72670E-02   9.70202E-05   1.21263E-04   0.00000E+00   4.49485E-03   1.00000E+00   0.00000E+00   7.75157E+00   1.30598E-16            15   4.68055E-10   3.14495E+00
        2697   3.23640E+02   1.20000E-01   7.72670E-02   9.71663E-05   1.21735E-04   0.00000E+00   4.47563E-03   1.00000E+00   0.00000E+00   7.75157E+00   1.31042E-16            15   4.67240E-10   3.14494E+00
        2698   3.23760E+02   1.20000E-01   7.72670E-02   9.73097E-05   1.22202E-04   0.00000E+00   4.45634E-03   1.00000E+00   0.00000E+00   7.75157E+00   1.31489E-16            15   4.66383E-10   3.14492E+00
        2699   3.23880E+02   1.20000E-01   7.72670E-02   9.74502E-05   1.22666E-04   0.00000E+00   4.43697E-03   1.00000E+00   0.00000E+00   7.75157E+00   1.31911E-16            15   4.65487E-10   3.14491E+00
        2700   3.24000E+02   1.20000E-01   7.72670E-02   9.75880E-05   1.23125E-04   0.00000E+00   4.41754E-03   1.00000E+00   0.00000E+00   7.75157E+00   1.32294E-16            15   4.64558E-10   3.14490E+00
        2701   3.24120E+02   1.20000E-01   7.72670E-02   9.77230E-05   1.23580E-04   0.00000E+00   4.39804E-03   1.00000E+00   0.00000E+00   7.75157E+00   1.32682E-16            15   4.63597E-10   3.14489E+00
        2702   3.24240E+02   1.20000E-01   7.72670E-02   9.78553E-05   1.24031E-04   0.00000E+00   4.37846E-03   1.00000E+00   0.00000E+00   7.75157E+00   1.33066E-16            15   4.62608E-10   3.14488E+00
        2703   3.24360E+02   1.20000E-01   7.72670E-02   9.79847E-05   1.24479E-04   0.00000E+00   4.35882E-03   1.00000E+00   0.00000E+00   7.75157E+00   1.33407E-16            15   4.61593E-10   3.14486E+00
        2704   3.24480E+02   1.20000E-01   7.72670E-02   9.81114E-05   1.24922E-04   0.00000E+00   4.33911E-03   1.00000E+00   0.00000E+00   7.75157E+00   1.33753E-16            15   4.60559E-10   3.14485E+00
        2705   3.24600E+02   1.20000E-01   7.72670E-02   9.82354E-05   1.25360E-04   0.00000E+00   4.31933E-03   1.00000E+00   0.00000E+00   7.75157E+00   1.34049E-16            15   4.59483E-10   3.14484E+00
        2706   3.24720E+02   1.20000E-01   7.72670E-02   9.83566E-05   1.25795E-04   0.00000E+00   4.29949E-03   1.00000E+00   0.00000E+00   7.75157E+00   1.34371E-16            15   4.58399E-10   3.14483E+00
        2707   3.24840E+02   1.20000E-01   7.72670E-02   9.84750E-05   1.26226E-04   0.00000E+00   4.27958E-03   1.00000E+00   0.00000E+00   7.75157E+00   1.34676E-16            15   4.57332E-10   3.14481E+00
        2708   3.24960E+02   1.20000E-01   7.72670E-02   9.85907E-05   1.26652E-04   0.00000E+00   4.25960E-03   1.00000E+00   0.00000E+00   7.75157E+00   1.34934E-16            15   4.56219E-10   3.14480E+00
        2709   3.25080E+02   1.20000E-01   7.72670E-02   9.87036E-05   1.27075E-04   0.00000E+00   4.23956E-03   1.00000E+00   0.00000E+00   7.75157E+00   1.35228E-16            15   4.55060E-10   3.14479E+00
        2710   3.25200E+02   1.20000E-01   7.72670E-02   9.88138E-05   1.27493E-04   0.00000E+00   4.21945E-03   1.00000E+00   0.00000E+00   7.75157E+00   1.35461E-16            15   4.53951E-10   3.14478E+00
        2711   3.25320E+02   1.20000E-01   7.72670E-02   9.89212E-05   1.27907E-04   0.00000E+00   4.19929E-03   1.00000E+00   0.00000E+00   7.75157E+00   1.35682E-16            15   4.52811E-10   3.14476E+00
        2712   3.25440E+02   1.20000E-01   7.72670E-02   9.90259E-05   1.28318E-04   0.00000E+00   4.17905E-03   1.00000E+00   0.00000E+00   7.75157E+00   1.35915E-16            15   4.51638E-10   3.14475E+00
        2713   3.25560E+02   1.20000E-01   7.72670E-02   9.91279E-05   1.28724E-04   0.00000E+00   4.15876E-03   1.00000E+00   0.00000E+00   7.75157E+00   1.36103E-16            15   4.50487E-10   3.14474E+00
        2714   3.25680E+02   1.20000E-01   7.72670E-02   9.92271E-05   1.29125E-04   0.00000E+00   4.13840E-03   1.00000E+00   0.00000E+00   7.75157E+00   1.36322E-16            15   4.49298E-10   3.14473E+00
        2715   3.25800E+02   1.20000E-01   7.72670E-02   9.93237E-05   1.29523E-04   0.00000E+00   4.11798E-03   1.00000E+00   0.00000E+00   7.75157E+00   1.36491E-16            15   4.48144E-10   3.14471E+00
        2716   3.25920E+02   1.20000E-01   7.72670E-02   9.94174E-05   1.29917E-04   0.00000E+00   4.09750E-03   1.00000E+00   0.00000E+00   7.75157E+00   1.36641E-16            15   4.46900E-10   3.14470E+00
        2717   3.26040E+02   1.20000E-01   7.72670E-02   9.95085E-05   1.30306E-04   0.00000E+00   4.07697E-03   1.00000E+00   0.00000E+00   7.75157E+00   1.36810E-16            15   4.45759E-10   3.14469E+00
        2718   3.26160E+02   1.20000E-01   7.72670E-02   9.95968E-05   1.30692E-04   0.00000E+00   4.05637E-03   1.00000E+00   0.00000E+00   7.75157E+00   1.36958E-16            15   4.44554E-10   3.14467E+00
        2719   3.26280E+02   1.20000E-01   7.72670E-02   9.96825E-05   1.31073E-04   0.00000E+00   4.03571E-03   1.00000E+00   0.00000E+00   7.75157E+00   1.37080E-16            15   4.43380E-10   3.14466E+00
        2720   3.26400E+02   1.20000E-01   7.72670E-02   9.97654E-05   1.31450E-04   0.00000E+00   4.01500E-03   1.00000E+00   0.00000E+00   7.75157E+00   1.37179E-16            15   4.42159E-10   3.14465E+00
        2721   3.26520E+02   1.20000E-01   7.72670E-02   9.98456E-05   1.31823E-04   0.00000E+00   3.99422E-03   1.00000E+00   0.00000E+00   7.75157E+00   1.37294E-16            15   4.40978E-10   3.14463E+00
        2722   3.26640E+02   1.20000E-01   7.72670E-02   9.99231E-05   1.32192E-04   0.00000E+00   3.97339E-03   1.00000E+00   0.00000E+00   7.75157E+00   1.37368E-16            15   4.39744E-10   3.14462E+00
        2723   3.26760E+02   1.20000E-01   7.72670E-02   9.99979E-05   1.32556E-04   0.00000E+00   3.95251E-03   1.00000E+00   0.00000E+00   7.75157E+00   1.37454E-16            15   4.38533E-10   3.14461E+00
        2724   3.26880E+02   1.20000E-01   7.72670E-02   1.00070E-04   1.32917E-04   0.00000E+00   3.93157E-03   1.00000E+00   0.00000E+00   7.75157E+00   1.37528E-16            15   4.37331E-10   3.14459E+00
        2725   3.27000E+02   1.20000E-01   7.72670E-02   1.00139E-04   1.33273E-04   0.00000E+00   3.91058E-03   1.00000E+00   0.00000E+00   7.75157E+00   1.37564E-16            15   4.36137E-10   3.14458E+00
        2726   3.27120E+02   1.20000E-01   7.72670E-02   1.00206E-04   1.33626E-04   0.00000E+00   3.88953E-03   1.00000E+00   0.00000E+00   7.75157E+00   1.37591E-16            15   4.34884E-10   3.14457E+00
        2727   3.27240E+02   1.20000E-01   7.72670E-02   1.00270E-04   1.33974E-04   0.00000E+00   3.86843E-03   1.00000E+00   0.00000E+00   7.75157E+00   1.37644E-16            15   4.33713E-10   3.14455E+00
        2728   3.27360E+02   1.20000E-01   7.72670E-02   1.00332E-04   1.34318E-04   0.00000E+00   3.84727E-03   1.00000E+00   0.00000E+00   7.75157E+00   1.37633E-16            15   4.32486E-10   3.14454E+00
        2729   3.27480E+02   1.20000E-01   7.72670E-02   1.00390E-04   1.34658E-04   0.00000E+00   3.82606E-03   1.00000E+00   0.00000E+00   7.75157E+00   1.37652E-16            15   4.31264E-10   3.14453E+00
        2730   3.27600E+02   1.20000E-01   7.72670E-02   1.00446E-04   1.34993E-04   0.00000E+00   3.80481E-03   1.00000E+00   0.00000E+00   7.75157E+00   1.37629E-16            15   4.30058E-10   3.14451E+00
        2731   3.27720E+02   1.20000E-01   7.72670E-02   1.00500E-04   1.35325E-04   0.00000E+00   3.78349E-03   1.00000E+00   0.00000E+00   7.75157E+00   1.37607E-16            15   4.28845E-10   3.14450E+00
        2732   3.27840E+02   1.20000E-01   7.72670E-02   1.00550E-04   1.35653E-04   0.00000E+00   3.76214E-03   1.00000E+00   0.00000E+00   7.75157E+00   1.37589E-16            15   4.27613E-10   3.14449E+00
        2733   3.27960E+02   1.20000E-01   7.72670E-02   1.00599E-04   1.35976E-04   0.00000E+00   3.74073E-03   1.00000E+00   0.00000E+00   7.75157E+00   1.37517E-16            15   4.26430E-10   3.14447E+00
        2734   3.28080E+02   1.20000E-01   7.72670E-02   1.00644E-04   1.36295E-04   0.00000E+00   3.71927E-03   1.00000E+00   0.00000E+00   7.75157E+00   1.37469E-16            15   4.25233E-10   3.14446E+00
        2735   3.28200E+02   1.20000E-01   7.72670E-02   1.00687E-04   1.36610E-04   0.00000E+00   3.69776E-03   1.00000E+00   0.00000E+00   7.75157E+00   1.37396E-16            15   4.24003E-10   3.14445E+00
        2736   3.28320E+02   1.20000E-01   7.72670E-02   1.00727E-04   1.36921E-04   0.00000E+00   3.67621E-03   1.00000E+00   0.00000E+00   7.75157E+00   1.37312E-16            15   4.22825E-10   3.14443E+00
        2737   3.28440E+02   1.20000E-01   7.72670E-02   1.00764E-04   1.37228E-04   0.00000E+00   3.65460E-03   1.00000E+00   0.00000E+00   7.75157E+00   1.37208E-16            15   4.21632E-10   3.14442E+00
        2738   3.28560E+02   1.20000E-01   7.72670E-02   1.00799E-04   1.37531E-04   0.00000E+00   3.63296E-03   1.00000E+00   0.00000E+00   7.75157E+00   1.37115E-16            15   4.20406E-10   3.14440E+00
        2739   3.28680E+02   1.20000E-01   7.72670E-02   1.00831E-04   1.37829E-04   0.00000E+00   3.61126E-03   1.00000E+00   0.00000E+00   7.75157E+00   1.37001E-16            15   4.19232E-10   3.14439E+00
        2740   3.28800E+02   1.20000E-01   7.72670E-02   1.00861E-04   1.38123E-04   0.00000E+00   3.58952E-03   1.00000E+00   0.00000E+00   7.75157E+00   1.36857E-16            15   4.18046E-10   3.14438E+00
        2741   3.28920E+02   1.20000E-01   7.72670E-02   1.00888E-04   1.38414E-04   0.00000E+00   3.56774E-03   1.00000E+00   0.00000E+00   7.75157E+00   1.36724E-16            15   4.16826E-10   3.14436E+00
        2742   3.29040E+02   1.20000E-01   7.72670E-02   1.00945E-04   1.38700E-04   0.00000E+00   3.54592E-03   1.00000E+00   0.00000E+00   7.75157E+00   1.36567E-16            15   4.15658E-10   3.14435E+00
        2743   3.29160E+02   1.20000E-01   7.72670E-02   1.01016E-04   1.38982E-04   0.00000E+00   3.52404E-03   1.00000E+00   0.00000E+00   7.75157E+00   1.36396E-16            15   4.14478E-10   3.14433E+00
        2744   3.29280E+02   1.20000E-01   7.72670E-02   1.01084E-04   1.39260E-04   0.00000E+00   3.50213E-03   1.00000E+00   0.00000E+00   7.75157E+00   1.36218E-16            15   4.13266E-10   3.14432E+00
        2745   3.29400E+02   1.20000E-01   7.72670E-02   1.01150E-04   1.39534E-04   0.00000E+00   3.48027E-03   1.00000E+00   0.00000E+00   7.75157E+00   1.36015E-16            15   4.15647E-10   3.14430E+00
        2746   3.29520E+02   1.20000E-01   7.72670E-02   1.01213E-04   1.39803E-04   0.00000E+00   3.45827E-03   1.00000E+00   0.00000E+00   7.75157E+00   1.35446E-16            15   4.09634E-10   3.14429E+00
        2747   3.29640E+02   1.20000E-01   7.72670E-02   1.01274E-04   1.40069E-04   0.00000E+00   3.43624E-03   1.00000E+00   0.00000E+00   7.75157E+00   1.35216E-16            15   4.08466E-10   3.14428E+00
        2748   3.29760E+02   1.20000E-01   7.72670E-02   1.01332E-04   1.40330E-04   0.00000E+00   3.41416E-03   1.00000E+00   0.00000E+00   7.75157E+00   1.35016E-16            15   4.07359E-10   3.14426E+00
        2749   3.29880E+02   1.20000E-01   7.72670E-02   1.01387E-04   1.40587E-04   0.00000E+00   3.39205E-03   1.00000E+00   0.00000E+00   7.75157E+00   1.34799E-16            15   4.06225E-10   3.14425E+00
        2750   3.30000E+02   1.20000E-01   7.72670E-02   1.01439E-04   1.40840E-04   0.00000E+00   3.36989E-03   1.00000E+00   0.00000E+00   7.75157E+00   1.34559E-16            15   4.05052E-10   3.14423E+00
        2751   3.30120E+02   1.20000E-01   7.72670E-02   1.01489E-04   1.41089E-04   0.00000E+00   3.34770E-03   1.00000E+00   0.00000E+00   7.75157E+00   1.34330E-16            15   4.03927E-10   3.14422E+00
        2752   3.30240E+02   1.20000E-01   7.72670E-02   1.01537E-04   1.41334E-04   0.00000E+00   3.32547E-03   1.00000E+00   0.00000E+00   7.75157E+00   1.34054E-16            15   4.02786E-10   3.14420E+00
        2753   3.30360E+02   1.20000E-01   7.72670E-02   1.01581E-04   1.41575E-04   0.00000E+00   3.30320E-03   1.00000E+00   0.00000E+00   7.75157E+00   1.33781E-16            15   4.01641E-10   3.14419E+00
        2754   3.30480E+02   1.20000E-01   7.72670E-02   1.01623E-04   1.41812E-04   0.00000E+00   3.28090E-03   1.00000E+00   0.00000E+00   7.75157E+00   1.33505E-16            15   4.00485E-10   3.14418E+00
        2755   3.30600E+02   1.20000E-01   7.72670E-02   1.01663E-04   1.42045E-04   0.00000E+00   3.25856E-03   1.00000E+00   0.00000E+00   7.75157E+00   1.33199E-16            15   3.99351E-10   3.14416E+00
        2756   3.30720E+02   1.20000E-01   7.72670E-02   1.01699E-04   1.42273E-04   0.00000E+00   3.23619E-03   1.00000E+00   0.00000E+00   7.75157E+00   1.32901E-16            15   3.98172E-10   3.14415E+00
        2757   3.30840E+02   1.20000E-01   7.72670E-02   1.01734E-04   1.42497E-04   0.00000E+00   3.21378E-03   1.00000E+00   0.00000E+00   7.75157E+00   1.32597E-16            15   3.97052E-10   3.14413E+00
        2758   3.30960E+02   1.20000E-01   7.72670E-02   1.01765E-04   1.42718E-04   0.00000E+00   3.19134E-03   1.00000E+00   0.00000E+00   7.75157E+00   1.32255E-16            15   3.95912E-10   3.14412E+00
        2759   3.31080E+02   1.20000E-01   7.72670E-02   1.01794E-04   1.42934E-04   0.00000E+00   3.16886E-03   1.00000E+00   0.00000E+00   7.75157E+00   1.31923E-16            15   3.94778E-10   3.14410E+00
        2760   3.31200E+02   1.20000E-01   7.72670E-02   1.01820E-04   1.43146E-04   0.00000E+00   3.14636E-03   1.00000E+00   0.00000E+00   7.75157E+00   1.31560E-16            15   3.93639E-10   3.14409E+00
        2761   3.31320E+02   1.20000E-01   7.72670E-02   1.01844E-04   1.43354E-04   0.00000E+00   3.12382E-03   1.00000E+00   0.00000E+00   7.75157E+00   1.31201E-16            15   3.92513E-10   3.14407E+00
        2762   3.31440E+02   1.20000E-01   7.72670E-02   1.01865E-04   1.43558E-04   0.00000E+00   3.10124E-03   1.00000E+00   0.00000E+00   7.75157E+00   1.30843E-16            15   3.91392E-10   3.14406E+00
        2763   3.31560E+02   1.20000E-01   7.72670E-02   1.01883E-04   1.43758E-04   0.00000E+00   3.07865E-03   1.00000E+00   0.00000E+00   7.75157E+00   1.30449E-16            15   3.90230E-10   3.14404E+00
        2764   3.31680E+02   1.20000E-01   7.72670E-02   1.01899E-04   1.43954E-04   0.00000E+00   3.05602E-03   1.00000E+00   0.00000E+00   7.75157E+00   1.30074E-16            15   3.89121E-10   3.14403E+00
        2765   3.31800E+02   1.20000E-01   7.72670E-02   1.01913E-04   1.44146E-04   0.00000E+00   3.03336E-03   1.00000E+00   0.00000E+00   7.75157E+00   1.29678E-16            15   3.87988E-10   3.14401E+00
        2766   3.31920E+02   1.20000E-01   7.72670E-02   1.01923E-04   1.44334E-04   0.00000E+00   3.01067E-03   1.00000E+00   0.00000E+00   7.75157E+00   1.29258E-16            15   3.86876E-10   3.14400E+00
        2767   3.32040E+02   1.20000E-01   7.72670E-02   1.01932E-04   1.44518E-04   0.00000E+00   2.98795E-03   1.00000E+00   0.00000E+00   7.75157E+00   1.28846E-16            15   3.85744E-10   3.14398E+00
        2768   3.32160E+02   1.20000E-01   7.72670E-02   1.01937E-04   1.44697E-04   0.00000E+00   2.96521E-03   1.00000E+00   0.00000E+00   7.75157E+00   1.28413E-16            15   3.84639E-10   3.14397E+00
        2769   3.32280E+02   1.20000E-01   7.72670E-02   1.01940E-04   1.44873E-04   0.00000E+00   2.94244E-03   1.00000E+00   0.00000E+00   7.75157E+00   1.27952E-16            15   3.83506E-10   3.14395E+00
        2770   3.32400E+02   1.20000E-01   7.72670E-02   1.01941E-04   1.45045E-04   0.00000E+00   2.91965E-03   1.00000E+00   0.00000E+00   7.75157E+00   1.27517E-16            15   3.82413E-10   3.14394E+00
        2771   3.32520E+02   1.20000E-01   7.72670E-02   1.01939E-04   1.45212E-04   0.00000E+00   2.89682E-03   1.00000E+00   0.00000E+00   7.75157E+00   1.27060E-16            15   3.81301E-10   3.14392E+00
        2772   3.32640E+02   1.20000E-01   7.72670E-02   1.01934E-04   1.45376E-04   0.00000E+00   2.87398E-03   1.00000E+00   0.00000E+00   7.75157E+00   1.26578E-16            15   3.80190E-10   3.14391E+00
        2773   3.32760E+02   1.20000E-01   7.72670E-02   1.01927E-04   1.45535E-04   0.00000E+00   2.85111E-03   1.00000E+00   0.00000E+00   7.75157E+00   1.26101E-16            15   3.79080E-10   3.14389E+00
        2774   3.32880E+02   1.20000E-01   7.72670E-02   1.01917E-04   1.45691E-04   0.00000E+00   2.82821E-03   1.00000E+00   0.00000E+00   7.75157E+00   1.25607E-16            15   3.77971E-10   3.14388E+00
        2775   3.33000E+02   1.20000E-01   7.72670E-02   1.01905E-04   1.45842E-04   0.00000E+00   2.80529E-03   1.00000E+00   0.00000E+00   7.75157E+00   1.25113E-16            15   3.76863E-10   3.14386E+00
        2776   3.33120E+02   1.20000E-01   7.72670E-02   1.01890E-04   1.45990E-04   0.00000E+00   2.78235E-03   1.00000E+00   0.00000E+00   7.75157E+00   1.24587E-16            15   3.75757E-10   3.14385E+00
        2777   3.33240E+02   1.20000E-01   7.72670E-02   1.01873E-04   1.46133E-04   0.00000E+00   2.75939E-03   1.00000E+00   0.00000E+00   7.75157E+00   1.24096E-16            15   3.74651E-10   3.14383E+00
        2778   3.33360E+02   1.20000E-01   7.72670E-02   1.01853E-04   1.46273E-04   0.00000E+00   2.73641E-03   1.00000E+00   0.00000E+00   7.75157E+00   1.23567E-16            15   3.73546E-10   3.14382E+00
        2779   3.33480E+02   1.20000E-01   7.72670E-02   1.01831E-04   1.46408E-04   0.00000E+00   2.71340E-03   1.00000E+00   0.00000E+00   7.75157E+00   1.23027E-16            15   3.72441E-10   3.14380E+00
        2780   3.33600E+02   1.20000E-01   7.72670E-02   1.01806E-04   1.46540E-04   0.00000E+00   2.69038E-03   1.00000E+00   0.00000E+00   7.75157E+00   1.22475E-16            15   3.71337E-10   3.14379E+00
        2781   3.33720E+02   1.20000E-01   7.72670E-02   1.01778E-04   1.46667E-04   0.00000E+00   2.66734E-03   1.00000E+00   0.00000E+00   7.75157E+00   1.21897E-16            15   3.70234E-10   3.14377E+00
        2782   3.33840E+02   1.20000E-01   7.72670E-02   1.01749E-04   1.46791E-04   0.00000E+00   2.64427E-03   1.00000E+00   0.00000E+00   7.75157E+00   1.21357E-16            15   3.69131E-10   3.14376E+00
        2783   3.33960E+02   1.20000E-01   7.72670E-02   1.01716E-04   1.46911E-04   0.00000E+00   2.62119E-03   1.00000E+00   0.00000E+00   7.75157E+00   1.20759E-16            15   3.68028E-10   3.14374E+00
        2784   3.34080E+02   1.20000E-01   7.72670E-02   1.01681E-04   1.47026E-04   0.00000E+00   2.59810E-03   1.00000E+00   0.00000E+00   7.75157E+00   1.20203E-16            15   3.66925E-10   3.14372E+00
        2785   3.34200E+02   1.20000E-01   7.72670E-02   1.01644E-04   1.47138E-04   0.00000E+00   2.57498E-03   1.00000E+00   0.00000E+00   7.75157E+00   1.19620E-16            15   3.65822E-10   3.14371E+00
        2786   3.34320E+02   1.20000E-01   7.72670E-02   1.01605E-04   1.47246E-04   0.00000E+00   2.55185E-03   1.00000E+00   0.00000E+00   7.75157E+00   1.19002E-16            15   3.64718E-10   3.14369E+00
        2787   3.34440E+02   1.20000E-01   7.72670E-02   1.01562E-04   1.47349E-04   0.00000E+00   2.52870E-03   1.00000E+00   0.00000E+00   7.75157E+00   1.18390E-16            15   3.63614E-10   3.14368E+00
        2788   3.34560E+02   1.20000E-01   7.72670E-02   1.01518E-04   1.47449E-04   0.00000E+00   2.50554E-03   1.00000E+00   0.00000E+00   7.75157E+00   1.17771E-16            15   3.62510E-10   3.14366E+00
        2789   3.34680E+02   1.20000E-01   7.72670E-02   1.01471E-04   1.47545E-04   0.00000E+00   2.48237E-03   1.00000E+00   0.00000E+00   7.75157E+00   1.17161E-16            15   3.61405E-10   3.14365E+00
        2790   3.34800E+02   1.20000E-01   7.72670E-02   1.01421E-04   1.47637E-04   0.00000E+00   2.45918E-03   1.00000E+00   0.00000E+00   7.75157E+00   1.16495E-16            15   3.60299E-10   3.14363E+00
        2791   3.34920E+02   1.20000E-01   7.72670E-02   1.01369E-04   1.47725E-04   0.00000E+00   2.43597E-03   1.00000E+00   0.00000E+00   7.75157E+00   1.15869E-16            15   3.59192E-10   3.14362E+00
        2792   3.35040E+02   1.20000E-01   7.72670E-02   1.01315E-04   1.47809E-04   0.00000E+00   2.41276E-03   1.00000E+00   0.00000E+00   7.75157E+00   1.15200E-16            15   3.58084E-10   3.14360E+00
        2793   3.35160E+02   1.20000E-01   7.72670E-02   1.01258E-04   1.47889E-04   0.00000E+00   2.38953E-03   1.00000E+00   0.00000E+00   7.75157E+00   1.14557E-16            15   3.56975E-10   3.14359E+00
        2794   3.35280E+02   1.20000E-01   7.72670E-02   1.01199E-04   1.47966E-04   0.00000E+00   2.36629E-03   1.00000E+00   0.00000E+00   7.75157E+00   1.13860E-16            15   3.55865E-10   3.14357E+00
        2795   3.35400E+02   1.20000E-01   7.72670E-02   1.01137E-04   1.48038E-04   0.00000E+00   2.34304E-03   1.00000E+00   0.00000E+00   7.75157E+00   1.13194E-16            15   3.54754E-10   3.14355E+00
        2796   3.35520E+02   1.20000E-01   7.72670E-02   1.01073E-04   1.48107E-04   0.00000E+00   2.31978E-03   1.00000E+00   0.00000E+00   7.75157E+00   1.12494E-16            15   3.53642E-10   3.14354E+00
        2797   3.35640E+02   1.20000E-01   7.72670E-02   1.01006E-04   1.48171E-04   0.00000E+00   2.29651E-03   1.00000E+00   0.00000E+00   7.75157E+00   1.11821E-16            15   3.52528E-10   3.14352E+00
        2798   3.35760E+02   1.20000E-01   7.72670E-02   1.00938E-04   1.48232E-04   0.00000E+00   2.27323E-03   1.00000E+00   0.00000E+00   7.75157E+00   1.11120E-16            15   3.51412E-10   3.14351E+00
        2799   3.35880E+02   1.20000E-01   7.72670E-02   1.00866E-04   1.48289E-04   0.00000E+00   2.24995E-03   1.00000E+00   0.00000E+00   7.75157E+00   1.10408E-16            15   3.50295E-10   3.14349E+00
        2800   3.36000E+02   1.20000E-01   7.72670E-02   1.00793E-04   1.48342E-04   0.00000E+00   2.22665E-03   1.00000E+00   0.00000E+00   7.75157E+00   1.09684E-16            15   3.49176E-10   3.14348E+00
        2801   3.36120E+02   1.20000E-01   7.72670E-02   1.00717E-04   1.48391E-04   0.00000E+00   2.20335E-03   1.00000E+00   0.00000E+00   7.75157E+00   1.08968E-16            15   3.48055E-10   3.14346E+00
        2802   3.36240E+02   1.20000E-01   7.72670E-02   1.00638E-04   1.48437E-04   0.00000E+00   2.18004E-03   1.00000E+00   0.00000E+00   7.75157E+00   1.08246E-16            15   3.46932E-10   3.14344E+00
        2803   3.36360E+02   1.20000E-01   7.72670E-02   1.00558E-04   1.48478E-04   0.00000E+00   2.15672E-03   1.00000E+00   0.00000E+00   7.75157E+00   1.07493E-16            15   3.45808E-10   3.14343E+00
        2804   3.36480E+02   1.20000E-01   7.72670E-02   1.00475E-04   1.48516E-04   0.00000E+00   2.13340E-03   1.00000E+00   0.00000E+00   7.75157E+00   1.06744E-16            15   3.44681E-10   3.14341E+00
        2805   3.36600E+02   1.20000E-01   7.72670E-02   1.00389E-04   1.48550E-04   0.00000E+00   2.11008E-03   1.00000E+00   0.00000E+00   7.75157E+00   1.05990E-16            15   3.43552E-10   3.14340E+00
        2806   3.36720E+02   1.20000E-01   7.72670E-02   1.00302E-04   1.48580E-04   0.00000E+00   2.08675E-03   1.00000E+00   0.00000E+00   7.75157E+00   1.05248E-16            15   3.42420E-10   3.14338E+00
        2807   3.36840E+02   1.20000E-01   7.72670E-02   1.00212E-04   1.48606E-04   0.00000E+00   2.06342E-03   1.00000E+00   0.00000E+00   7.75157E+00   1.04467E-16            15   3.41287E-10   3.14337E+00
        2808   3.36960E+02   1.20000E-01   7.72670E-02   1.00119E-04   1.48628E-04   0.00000E+00   2.04008E-03   1.00000E+00   0.00000E+00   7.75157E+00   1.03705E-16            15   3.40151E-10   3.14335E+00
        2809   3.37080E+02   1.20000E-01   7.72670E-02   1.00024E-04   1.48647E-04   0.00000E+00   2.01675E-03   1.00000E+00   0.00000E+00   7.75157E+00   1.02917E-16            15   3.39012E-10   3.14333E+00
        2810   3.37200E+02   1.20000E-01   7.72670E-02   9.99274E-05   1.48662E-04   0.00000E+00   1.99341E-03   1.00000E+00   0.00000E+00   7.75157E+00   1.02126E-16            15   3.37870E-10   3.14332E+00
        2811   3.37320E+02   1.20000E-01   7.72670E-02   9.98281E-05   1.48673E-04   0.00000E+00   1.97007E-03   1.00000E+00   0.00000E+00   7.75157E+00   1.01333E-16            15   3.36726E-10   3.14330E+00
        2812   3.37440E+02   1.20000E-01   7.72670E-02   9.97265E-05   1.48680E-04   0.00000E+00   1.94672E-03   1.00000E+00   0.00000E+00   7.75157E+00   1.00536E-16            15   3.35579E-10   3.14329E+00
        2813   3.37560E+02   1.20000E-01   7.72670E-02   9.96226E-05   1.48684E-04   0.00000E+00   1.92338E-03   1.00000E+00   0.00000E+00   7.75157E+00   9.97494E-17            15   3.34430E-10   3.14327E+00
        2814   3.37680E+02   1.20000E-01   7.72670E-02   9.95164E-05   1.48684E-04   0.00000E+00   1.90004E-03   1.00000E+00   0.00000E+00   7.75157E+00   9.89430E-17            15   3.33278E-10   3.14326E+00
        2815   3.37800E+02   1.20000E-01   7.72670E-02   9.94080E-05   1.48680E-04   0.00000E+00   1.87670E-03   1.00000E+00   0.00000E+00   7.75157E+00   9.81361E-17            15   3.32123E-10   3.14324E+00
        2816   3.37920E+02   1.20000E-01   7.72670E-02   9.92973E-05   1.48672E-04   0.00000E+00   1.85336E-03   1.00000E+00   0.00000E+00   7.75157E+00   9.73084E-17            15   3.30966E-10   3.14322E+00
        2817   3.38040E+02   1.20000E-01   7.72670E-02   9.91843E-05   1.48661E-04   0.00000E+00   1.83003E-03   1.00000E+00   0.00000E+00   7.75157E+00   9.64763E-17            15   3.29806E-10   3.14321E+00
        2818   3.38160E+02   1.20000E-01   7.72670E-02   9.90691E-05   1.48646E-04   0.00000E+00   1.80669E-03   1.00000E+00   0.00000E+00   7.75157E+00   9.56709E-17            15   3.28643E-10   3.14319E+00
        2819   3.38280E+02   1.20000E-01   7.72670E-02   9.89516E-05   1.48627E-04   0.00000E+00   1.78336E-03   1.00000E+00   0.00000E+00   7.75157E+00   9.48403E-17            15   3.27478E-10   3.14318E+00
        2820   3.38400E+02   1.20000E-01   7.72670E-02   9.88319E-05   1.48604E-04   0.00000E+00   1.76003E-03   1.00000E+00   0.00000E+00   7.75157E+00   9.39975E-17            15   3.26311E-10   3.14316E+00
        2821   3.38520E+02   1.20000E-01   7.72670E-02   9.87100E-05   1.48578E-04   0.00000E+00   1.73671E-03   1.00000E+00   0.00000E+00   7.75157E+00   9.35578E-17            15   3.25140E-10   3.14314E+00
        2822   3.38640E+02   1.20000E-01   7.72670E-02   9.85859E-05   1.48548E-04   0.00000E+00   1.71340E-03   1.00000E+00   0.00000E+00   7.75157E+00   9.33992E-17            15   3.23968E-10   3.14313E+00
        2823   3.38760E+02   1.20000E-01   7.72670E-02   9.84595E-05   1.48515E-04   0.00000E+00   1.69008E-03   1.00000E+00   0.00000E+00   7.75157E+00   9.31548E-17            15   3.22794E-10   3.14311E+00
        2824   3.38880E+02   1.20000E-01   7.72670E-02   9.83310E-05   1.48477E-04   0.00000E+00   1.66678E-03   1.00000E+00   0.00000E+00   7.75157E+00   9.29817E-17            15   3.21617E-10   3.14310E+00
        2825   3.39000E+02   1.20000E-01   7.72670E-02   9.82002E-05   1.48436E-04   0.00000E+00   1.64348E-03   1.00000E+00   0.00000E+00   7.75157E+00   9.26942E-17            15   3.20438E-10   3.14308E+00
        2826   3.39120E+02   1.20000E-01   7.72670E-02   9.80673E-05   1.48392E-04   0.00000E+00   1.62019E-03   1.00000E+00   0.00000E+00   7.75157E+00   9.24358E-17            15   3.19258E-10   3.14306E+00
        2827   3.39240E+02   1.20000E-01   7.72670E-02   9.79321E-05   1.48344E-04   0.00000E+00   1.59691E-03   1.00000E+00   0.00000E+00   7.75157E+00   9.22239E-17            15   3.18077E-10   3.14305E+00
        2828   3.39360E+02   1.20000E-01   7.72670E-02   9.77948E-05   1.48292E-04   0.00000E+00   1.57363E-03   1.00000E+00   0.00000E+00   7.75157E+00   9.20470E-17            15   3.16894E-10   3.14303E+00
        2829   3.39480E+02   1.20000E-01   7.72670E-02   9.76554E-05   1.48236E-04   0.00000E+00   1.55036E-03   1.00000E+00   0.00000E+00   7.75157E+00   9.17816E-17            15   3.15710E-10   3.14302E+00
        2830   3.39600E+02   1.20000E-01   7.72670E-02   9.75137E-05   1.48177E-04   0.00000E+00   1.52711E-03   1.00000E+00   0.00000E+00   7.75157E+00   9.14965E-17            15   3.14525E-10   3.14300E+00
        2831   3.39720E+02   1.20000E-01   7.72670E-02   9.73699E-05   1.48115E-04   0.00000E+00   1.50386E-03   1.00000E+00   0.00000E+00   7.75157E+00   9.12683E-17            15   3.13340E-10   3.14299E+00
        2832   3.39840E+02   1.20000E-01   7.72670E-02   9.72240E-05   1.48048E-04   0.00000E+00   1.48062E-03   1.00000E+00   0.00000E+00   7.75157E+00   9.09602E-17            15   3.12155E-10   3.14297E+00
        2833   3.39960E+02   1.20000E-01   7.72670E-02   9.70760E-05   1.47979E-04   0.00000E+00   1.45740E-03   1.00000E+00   0.00000E+00   7.75157E+00   9.06647E-17            15   3.10971E-10   3.14295E+00
        2834   3.40080E+02   1.20000E-01   7.72670E-02   9.69258E-05   1.47905E-04   0.00000E+00   1.43419E-03   1.00000E+00   0.00000E+00   7.75157E+00   9.04140E-17            15   3.09788E-10   3.14294E+00
        2835   3.40200E+02   1.20000E-01   7.72670E-02   9.67735E-05   1.47828E-04   0.00000E+00   1.41099E-03   1.00000E+00   0.00000E+00   7.75157E+00   9.01247E-17            15   3.08606E-10   3.14292E+00
        2836   3.40320E+02   1.20000E-01   7.72670E-02   9.66191E-05   1.47748E-04   0.00000E+00   1.38780E-03   1.00000E+00   0.00000E+00   7.75157E+00   8.97792E-17            15   3.07428E-10   3.14291E+00
        2837   3.40440E+02   1.20000E-01   7.72670E-02   9.64625E-05   1.47664E-04   0.00000E+00   1.36462E-03   1.00000E+00   0.00000E+00   7.75157E+00   8.94382E-17            15   3.06281E-10   3.14289E+00
        2838   3.40560E+02   1.20000E-01   7.72670E-02   9.63039E-05   1.47576E-04   0.00000E+00   1.34146E-03   1.00000E+00   0.00000E+00   7.75157E+00   8.91410E-17            15   3.05159E-10   3.14287E+00
        2839   3.40680E+02   1.20000E-01   7.72670E-02   9.61432E-05   1.47485E-04   0.00000E+00   1.31832E-03   1.00000E+00   0.00000E+00   7.75157E+00   8.88096E-17            15   3.04029E-10   3.14286E+00
        2840   3.40800E+02   1.20000E-01   7.72670E-02   9.59804E-05   1.47390E-04   0.00000E+00   1.29518E-03   1.00000E+00   0.00000E+00   7.75157E+00   8.84451E-17            15   3.02894E-10   3.14284E+00
        2841   3.40920E+02   1.20000E-01   7.72670E-02   9.58156E-05   1.47292E-04   0.00000E+00   1.27207E-03   1.00000E+00   0.00000E+00   7.75157E+00   8.80964E-17            15   3.01770E-10   3.14283E+00
        2842   3.41040E+02   1.20000E-01   7.72670E-02   9.56487E-05   1.47190E-04   0.00000E+00   1.24897E-03   1.00000E+00   0.00000E+00   7.75157E+00   8.76764E-17            15   3.00660E-10   3.14281E+00
        2843   3.41160E+02   1.20000E-01   7.72670E-02   9.54797E-05   1.47085E-04   0.00000E+00   1.22588E-03   1.00000E+00   0.00000E+00   7.75157E+00   8.72902E-17            15   2.99564E-10   3.14279E+00
        2844   3.41280E+02   1.20000E-01   7.72670E-02   9.53087E-05   1.46977E-04   0.00000E+00   1.20282E-03   1.00000E+00   0.00000E+00   7.75157E+00   8.68078E-17            15   2.98484E-10   3.14278E+00
        2845   3.41400E+02   1.20000E-01   7.72670E-02   9.51356E-05   1.46865E-04   0.00000E+00   1.17977E-03   1.00000E+00   0.00000E+00   7.75157E+00   8.63174E-17            15   2.97421E-10   3.14276E+00
        2846   3.41520E+02   1.20000E-01   7.72670E-02   9.49605E-05   1.46749E-04   0.00000E+00   1.15674E-03   1.00000E+00   0.00000E+00   7.75157E+00   8.59333E-17            15   2.96379E-10   3.14275E+00
        2847   3.41640E+02   1.20000E-01   7.72670E-02   9.47834E-05   1.46630E-04   0.00000E+00   1.13373E-03   1.00000E+00   0.00000E+00   7.75157E+00   8.54269E-17            15   2.95358E-10   3.14273E+00
        2848   3.41760E+02   1.20000E-01   7.72670E-02   9.46042E-05   1.46508E-04   0.00000E+00   1.11073E-03   1.00000E+00   0.00000E+00   7.75157E+00   8.49058E-17            15   2.94361E-10   3.14271E+00
        2849   3.41880E+02   1.20000E-01   7.72670E-02   9.44231E-05   1.46382E-04   0.00000E+00   1.08776E-03   1.00000E+00   0.00000E+00   7.75157E+00   8.43135E-17            15   2.93390E-10   3.14270E+00
        2850   3.42000E+02   1.20000E-01   7.72670E-02   9.42400E-05   1.46252E-04   0.00000E+00   1.06481E-03   1.00000E+00   0.00000E+00   7.75157E+00   8.37141E-17            15   2.92450E-10   3.14268E+00
        2851   3.42120E+02   1.20000E-01   7.72670E-02   9.40548E-05   1.46120E-04   0.00000E+00   1.04188E-03   1.00000E+00   0.00000E+00   7.75157E+00   8.31011E-17            15   2.91539E-10   3.14267E+00
        2852   3.42240E+02   1.20000E-01   7.72670E-02   9.38677E-05   1.45984E-04   0.00000E+00   1.01897E-03   1.00000E+00   0.00000E+00   7.75157E+00   8.24850E-17            15   2.90649E-10   3.14265E+00
        2853   3.42360E+02   1.20000E-01   7.72670E-02   9.36786E-05   1.45844E-04   0.00000E+00   9.96077E-04   1.00000E+00   0.00000E+00   7.75157E+00   8.18142E-17            15   2.89796E-10   3.14264E+00
        2854   3.42480E+02   1.20000E-01   7.72670E-02   9.34876E-05   1.45701E-04   0.00000E+00   9.73212E-04   1.00000E+00   0.00000E+00   7.75157E+00   8.11668E-17            15   2.88895E-10   3.14262E+00
        2855   3.42600E+02   1.20000E-01   7.72670E-02   9.32945E-05   1.45555E-04   0.00000E+00   9.50368E-04   1.00000E+00   0.00000E+00   7.75157E+00   8.04325E-17            15   2.88097E-10   3.14260E+00
        2856   3.42720E+02   1.20000E-01   7.72670E-02   9.30996E-05   1.45406E-04   0.00000E+00   9.27549E-04   1.00000E+00   0.00000E+00   7.75157E+00   8.04850E-17            15   2.87356E-10   3.14259E+00
        2857   3.42840E+02   1.20000E-01   7.72670E-02   9.29027E-05   1.45253E-04   0.00000E+00   9.04753E-04   1.00000E+00   0.00000E+00   7.75157E+00   8.11587E-17            15   2.86560E-10   3.14257E+00
        2858   3.42960E+02   1.20000E-01   7.72670E-02   9.27038E-05   1.45096E-04   0.00000E+00   8.81982E-04   1.00000E+00   0.00000E+00   7.75157E+00   8.18058E-17            15   2.85822E-10   3.14256E+00
        2859   3.43080E+02   1.20000E-01   7.72670E-02   9.25030E-05   1.44937E-04   0.00000E+00   8.59236E-04   1.00000E+00   0.00000E+00   7.75157E+00   8.24748E-17            15   2.85261E-10   3.14254E+00
        2860   3.43200E+02   1.20000E-01   7.72670E-02   9.23003E-05   1.44774E-04   0.00000E+00   8.36515E-04   1.00000E+00   0.00000E+00   7.75157E+00   8.30448E-17            15   2.84476E-10   3.14252E+00
        2861   3.43320E+02   1.20000E-01   7.72670E-02   9.20957E-05   1.44608E-04   0.00000E+00   8.13820E-04   1.00000E+00   0.00000E+00   7.75157E+00   8.37645E-17            15   2.83974E-10   3.14251E+00
        2862   3.43440E+02   1.20000E-01   7.72670E-02   9.18892E-05   1.44438E-04   0.00000E+00   7.91151E-04   1.00000E+00   0.00000E+00   7.75157E+00   8.43220E-17            15   2.83269E-10   3.14249E+00
        2863   3.43560E+02   1.20000E-01   7.72670E-02   9.16808E-05   1.44266E-04   0.00000E+00   7.68509E-04   1.00000E+00   0.00000E+00   7.75157E+00   8.49808E-17            15   2.82829E-10   3.14248E+00
        2864   3.43680E+02   1.20000E-01   7.72670E-02   9.14705E-05   1.44090E-04   0.00000E+00   7.45894E-04   1.00000E+00   0.00000E+00   7.75157E+00   8.55417E-17            15   2.82157E-10   3.14246E+00
        2865   3.43800E+02   1.20000E-01   7.72670E-02   9.12583E-05   1.43910E-04   0.00000E+00   7.23307E-04   1.00000E+00   0.00000E+00   7.75157E+00   8.61492E-17            15   2.81760E-10   3.14245E+00
        2866   3.43920E+02   1.20000E-01   7.72670E-02   9.10443E-05   1.43728E-04   0.00000E+00   7.00748E-04   1.00000E+00   0.00000E+00   7.75157E+00   8.66171E-17            15   2.81103E-10   3.14243E+00
        2867   3.44040E+02   1.20000E-01   7.72670E-02   9.08283E-05   1.43542E-04   0.00000E+00   6.78217E-04   1.00000E+00   0.00000E+00   7.75157E+00   8.71092E-17            15   2.80719E-10   3.14241E+00
        2868   3.44160E+02   1.20000E-01   7.72670E-02   9.06106E-05   1.43353E-04   0.00000E+00   6.55716E-04   1.00000E+00   0.00000E+00   7.75157E+00   8.75257E-17            15   2.80050E-10   3.14240E+00
        2869   3.44280E+02   1.20000E-01   7.72670E-02   9.03909E-05   1.43161E-04   0.00000E+00   6.33244E-04   1.00000E+00   0.00000E+00   7.75157E+00   8.78922E-17            15   2.79644E-10   3.14238E+00
        2870   3.44400E+02   1.20000E-01   7.72670E-02   9.01695E-05   1.42965E-04   0.00000E+00   6.10802E-04   1.00000E+00   0.00000E+00   7.75157E+00   8.82054E-17            15   2.78929E-10   3.14237E+00
        2871   3.44520E+02   1.20000E-01   7.72670E-02   8.99462E-05   1.42767E-04   0.00000E+00   5.88390E-04   1.00000E+00   0.00000E+00   7.75157E+00   8.84929E-17            15   2.78405E-10   3.14235E+00
        2872   3.44640E+02   1.20000E-01   7.72670E-02   8.97210E-05   1.42566E-04   0.00000E+00   5.66009E-04   1.00000E+00   0.00000E+00   7.75157E+00   8.85575E-17            15   2.77676E-10   3.14234E+00
        2873   3.44760E+02   1.20000E-01   7.72670E-02   8.94941E-05   1.42361E-04   0.00000E+00   5.43658E-04   1.00000E+00   0.00000E+00   7.75157E+00   8.86101E-17            15   2.77962E-10   3.14232E+00
        2874   3.44880E+02   1.20000E-01   7.72670E-02   8.92653E-05   1.42153E-04   0.00000E+00   5.21344E-04   1.00000E+00   0.00000E+00   7.75157E+00   8.79869E-17            15   2.76087E-10   3.14230E+00
        2875   3.45000E+02   1.20000E-01   7.72670E-02   8.90347E-05   1.41942E-04   0.00000E+00   4.99052E-04   1.00000E+00   0.00000E+00   7.75157E+00   8.92828E-17            15   2.75560E-10   3.14229E+00
        2876   3.45120E+02   1.20000E-01   7.72670E-02   8.88024E-05   1.41729E-04   0.00000E+00   4.76803E-04   1.00000E+00   0.00000E+00   7.75157E+00   8.76825E-17            15   2.74052E-10   3.14227E+00
        2877   3.45240E+02   1.20000E-01   7.72670E-02   8.85682E-05   1.41511E-04   0.00000E+00   4.54575E-04   1.00000E+00   0.00000E+00   7.75157E+00   8.87788E-17            15   2.73758E-10   3.14226E+00
        2878   3.45360E+02   1.20000E-01   7.72670E-02   8.83323E-05   1.41291E-04   0.00000E+00   4.32391E-04   1.00000E+00   0.00000E+00   7.75157E+00   8.68714E-17            15   2.71924E-10   3.14224E+00
        2879   3.45480E+02   1.20000E-01   7.72670E-02   8.80945E-05   1.41068E-04   0.00000E+00   4.10230E-04   1.00000E+00   0.00000E+00   7.75157E+00   8.76211E-17            15   2.71681E-10   3.14223E+00
        2880   3.45600E+02   1.20000E-01   7.72670E-02   8.78550E-05   1.40842E-04   0.00000E+00   3.88111E-04   1.00000E+00   0.00000E+00   7.75157E+00   8.60828E-17            15   2.69437E-10   3.14221E+00
        2881   3.45720E+02   1.20000E-01   7.72670E-02   8.76138E-05   1.40612E-04   0.00000E+00   3.66018E-04   1.00000E+00   0.00000E+00   7.75157E+00   8.61691E-17            15   2.69125E-10   3.14220E+00
        2882   3.45840E+02   1.20000E-01   7.72670E-02   8.73708E-05   1.40380E-04   0.00000E+00   3.43968E-04   1.00000E+00   0.00000E+00   7.75157E+00   8.48882E-17            15   2.66332E-10   3.14218E+00
        2883   3.45960E+02   1.20000E-01   7.72670E-02   8.71260E-05   1.40144E-04   0.00000E+00   3.21945E-04   1.00000E+00   0.00000E+00   7.75157E+00   8.51603E-17            15   2.64637E-10   3.14216E+00
        2884   3.46080E+02   1.20000E-01   7.72670E-02   8.68795E-05   1.39905E-04   0.00000E+00   2.99957E-04   1.00000E+00   0.00000E+00   7.75157E+00   8.36330E-17            15   2.63289E-10   3.14215E+00
        2885   3.46200E+02   1.20000E-01   7.72670E-02   8.66312E-05   1.39664E-04   0.00000E+00   2.78006E-04   1.00000E+00   0.00000E+00   7.75157E+00   8.23961E-17            15   2.61531E-10   3.14213E+00
        2886   3.46320E+02   1.20000E-01   7.72670E-02   8.63812E-05   1.39419E-04   0.00000E+00   2.56089E-04   1.00000E+00   0.00000E+00   7.75157E+00   8.11252E-17            15   2.59611E-10   3.14212E+00
        2887   3.46440E+02   1.20000E-01   7.72670E-02   8.61295E-05   1.39171E-04   0.00000E+00   2.34207E-04   1.00000E+00   0.00000E+00   7.75157E+00   8.05639E-17            15   2.57599E-10   3.14210E+00
        2888   3.46560E+02   1.20000E-01   7.72670E-02   8.58760E-05   1.38921E-04   0.00000E+00   2.12361E-04   1.00000E+00   0.00000E+00   7.75157E+00   8.04172E-17            15   2.55531E-10   3.14209E+00
        2889   3.46680E+02   1.20000E-01   7.72670E-02   8.56209E-05   1.38667E-04   0.00000E+00   2.06747E-04   1.00000E+00   0.00000E+00   7.75157E+00   7.99850E-17            15   2.53425E-10   3.14207E+00
        2890   3.46800E+02   1.20000E-01   7.72670E-02   8.53640E-05   1.38411E-04   0.00000E+00   2.03954E-04   1.00000E+00   0.00000E+00   7.75157E+00   7.94346E-17            15   2.51331E-10   3.14206E+00
        2891   3.46920E+02   1.20000E-01   7.72670E-02   8.51054E-05   1.38151E-04   0.00000E+00   2.01159E-04   1.00000E+00   0.00000E+00   7.75157E+00   7.85778E-17            15   2.49258E-10   3.14204E+00
        2892   3.47040E+02   1.20000E-01   7.72670E-02   8.48450E-05   1.37889E-04   0.00000E+00   1.98363E-04   1.00000E+00   0.00000E+00   7.75157E+00   7.75895E-17            15   2.47275E-10   3.14203E+00
        2893   3.47160E+02   1.20000E-01   7.72670E-02   8.45831E-05   1.37623E-04   0.00000E+00   1.95477E-04   1.00000E+00   0.00000E+00   7.75157E+00   1.06186E-16            15   4.61575E-10   3.14201E+00
        2894   3.47280E+02   1.20000E-01   7.72670E-02   8.43190E-05   1.37355E-04   0.00000E+00   1.92828E-04   1.00000E+00   0.00000E+00   7.75157E+00   8.89533E-17            15   6.38621E-10   3.14200E+00
        2895   3.47400E+02   1.20000E-01   7.72670E-02   8.40538E-05   1.37084E-04   0.00000E+00   1.90194E-04   1.00000E+00   0.00000E+00   7.75157E+00   1.07266E-16            15   5.60236E-10   3.14198E+00
        2896   3.47520E+02   1.20000E-01   7.72670E-02   8.37876E-05   1.36810E-04   0.00000E+00   1.87218E-04   1.00000E+00   0.00000E+00   7.75157E+00   9.84631E-17            15   6.18506E-10   3.14197E+00
        2897   3.47640E+02   1.20000E-01   7.72670E-02   8.35197E-05   1.36533E-04   0.00000E+00   1.85786E-04   1.00000E+00   0.00000E+00   7.75157E+00   1.49114E-16            15   8.08528E-10   3.14195E+00
        2898   3.47760E+02   1.20000E-01   7.72670E-02   8.32500E-05   1.36252E-04   0.00000E+00   1.82439E-04   1.00000E+00   0.00000E+00   7.75157E+00   1.48271E-16            15   6.00325E-10   3.14194E+00
        2899   3.47880E+02   1.20000E-01   7.72670E-02   8.29802E-05   1.35969E-04   0.00000E+00   1.79056E-04   1.00000E+00   0.00000E+00   7.75157E+00   1.26276E-16            15   4.91173E-10   3.14192E+00
        2900   3.48000E+02   1.20000E-01   7.72670E-02   8.27066E-05   1.35683E-04   0.00000E+00   1.76518E-04   1.00000E+00   0.00000E+00   7.75157E+00   1.56294E-16            15   3.49469E-10   3.14190E+00
        2901   3.48120E+02   1.20000E-01   7.72670E-02   8.24325E-05   1.35395E-04   0.00000E+00   1.73308E-04   1.00000E+00   0.00000E+00   7.75157E+00   9.47803E-17            15   4.83523E-10   3.14189E+00
        2902   3.48240E+02   1.20000E-01   7.72670E-02   8.21573E-05   1.35103E-04   0.00000E+00   1.71244E-04   1.00000E+00   0.00000E+00   7.75157E+00   1.53535E-16            15   5.06078E-10   3.14187E+00
        2903   3.48360E+02   1.20000E-01   7.72670E-02   8.18794E-05   1.34809E-04   0.00000E+00   1.67583E-04   1.00000E+00   0.00000E+00   7.75157E+00   1.07066E-16            15   4.09772E-10   3.14186E+00
        2904   3.48480E+02   1.20000E-01   7.72670E-02   8.16008E-05   1.34511E-04   0.00000E+00   1.65587E-04   1.00000E+00   0.00000E+00   7.75157E+00   1.87941E-16            15   5.15419E-10   3.14184E+00
        2905   3.48600E+02   1.20000E-01   7.72670E-02   8.13217E-05   1.34212E-04   0.00000E+00   1.61948E-04   1.00000E+00   0.00000E+00   7.75157E+00   1.20387E-16            15   5.93626E-10   3.14183E+00
        2906   3.48720E+02   1.20000E-01   7.72670E-02   8.10391E-05   1.33909E-04   0.00000E+00   1.81754E-04   1.00000E+00   0.00000E+00   7.75157E+00   3.06780E-16            15   5.95546E-10   3.14181E+00
        2907   3.48840E+02   1.20000E-01   7.72670E-02   8.07564E-05   1.33603E-04   0.00000E+00   2.02429E-04   1.00000E+00   0.00000E+00   7.75157E+00   1.38381E-16            15   5.43818E-10   3.14180E+00
        2908   3.48960E+02   1.20000E-01   7.72670E-02   8.04724E-05   1.33295E-04   0.00000E+00   2.23407E-04   1.00000E+00   0.00000E+00   7.75157E+00   1.73231E-16            15   5.49706E-10   3.14178E+00
        2909   3.49080E+02   1.20000E-01   7.72670E-02   8.01867E-05   1.32984E-04   0.00000E+00   2.45131E-04   1.00000E+00   0.00000E+00   7.75157E+00   7.31572E-17            15   4.57229E-10   3.14177E+00
        2910   3.49200E+02   1.20000E-01   7.72670E-02   7.98982E-05   1.32669E-04   0.00000E+00   2.65882E-04   1.00000E+00   0.00000E+00   7.75157E+00   8.14847E-17            15   4.26072E-10   3.14176E+00
        2911   3.49320E+02   1.20000E-01   7.72670E-02   7.96080E-05   1.32352E-04   0.00000E+00   2.87071E-04   1.00000E+00   0.00000E+00   7.75157E+00   6.04610E-17            15   3.28244E-10   3.14174E+00
        2912   3.49440E+02   1.20000E-01   7.72670E-02   7.93160E-05   1.32033E-04   0.00000E+00   3.07643E-04   1.00000E+00   0.00000E+00   7.75157E+00   1.34799E-16            15   6.50048E-10   3.14173E+00
        2913   3.49560E+02   1.20000E-01   7.72670E-02   7.90232E-05   1.31712E-04   0.00000E+00   3.29348E-04   1.00000E+00   0.00000E+00   7.75157E+00   3.98452E-17            16   2.13953E-10   3.14171E+00
        2914   3.49680E+02   1.20000E-01   7.72670E-02   7.87291E-05   1.31386E-04   0.00000E+00   3.49413E-04   1.00000E+00   0.00000E+00   7.75157E+00   3.95629E-16            15   9.16731E-10   3.14170E+00
        2915   3.49800E+02   1.20000E-01   7.72670E-02   7.84361E-05   1.31055E-04   0.00000E+00   3.74457E-04   1.00000E+00   0.00000E+00   7.75157E+00   9.15739E-17            16   2.16563E-10   3.14168E+00
        2916   3.49920E+02   1.20000E-01   7.72670E-02   7.81452E-05   1.30715E-04   0.00000E+00   4.00524E-04   1.00000E+00   0.00000E+00   7.75157E+00   1.43293E-16            16   2.34524E-10   3.14167E+00
        2917   3.50040E+02   1.20000E-01   7.72670E-02   7.78539E-05   1.30372E-04   0.00000E+00   3.97911E-04   1.00000E+00   0.00000E+00   7.75157E+00   2.78427E-16            16   2.03063E-10   3.14165E+00
        2918   3.50160E+02   1.20000E-01   7.72670E-02   7.75609E-05   1.30049E-04   0.00000E+00   4.28828E-04   1.00000E+00   0.00000E+00   7.75157E+00   2.76090E-16            16   2.14874E-10   3.14164E+00
        2919   3.50280E+02   1.20000E-01   7.72670E-02   7.72653E-05   1.29724E-04   0.00000E+00   4.51656E-04   1.00000E+00   0.00000E+00   7.75157E+00   2.50625E-16            16   2.40278E-10   3.14163E+00
        2920   3.50400E+02   1.20000E-01   7.72670E-02   7.69717E-05   1.29402E-04   0.00000E+00   4.57368E-04   1.00000E+00   0.00000E+00   7.75157E+00   8.94020E-17            16   1.89530E-10   3.14162E+00
        2921   3.50520E+02   1.20000E-01   7.72670E-02   7.66771E-05   1.29081E-04   0.00000E+00   4.58769E-04   1.00000E+00   0.00000E+00   7.75157E+00   1.21490E-16            16   2.40226E-10   3.14161E+00
        2922   3.50640E+02   1.20000E-01   7.72670E-02   7.63810E-05   1.28761E-04   0.00000E+00   5.25786E-04   1.00000E+00   0.00000E+00   7.75157E+00   1.45934E-16            16   2.33658E-10   3.14161E+00
        2923   3.50760E+02   1.20000E-01   7.72670E-02   7.60859E-05   1.28444E-04   0.00000E+00   5.22088E-04   1.00000E+00   0.00000E+00   7.75157E+00   2.49089E-16            15   6.29167E-10   3.14160E+00
        2924   3.50880E+02   1.20000E-01   7.72670E-02   7.57920E-05   1.28116E-04   0.00000E+00   5.46103E-04   1.00000E+00   0.00000E+00   7.75157E+00   8.53289E-17            16   2.87806E-10   3.14159E+00
        2925   3.51000E+02   1.20000E-01   7.72670E-02   7.54959E-05   1.27770E-04   0.00000E+00   5.70986E-04   1.00000E+00   0.00000E+00   7.75157E+00   7.69041E-17            16   2.88425E-10   3.14154E+00
        2926   3.51120E+02   1.20000E-01   7.72670E-02   7.51999E-05   1.27418E-04   0.00000E+00   5.91710E-04   1.00000E+00   0.00000E+00   7.75157E+00   1.83806E-16            15   6.67954E-10   3.14152E+00
        2927   3.51240E+02   1.20000E-01   7.72670E-02   7.49033E-05   1.27063E-04   0.00000E+00   6.11019E-04   1.00000E+00   0.00000E+00   7.75157E+00   1.39958E-16            15   8.63286E-10   3.14151E+00
        2928   3.51360E+02   1.20000E-01   7.72670E-02   7.46474E-05   1.26705E-04   0.00000E+00   6.31325E-04   1.00000E+00   0.00000E+00   7.75157E+00   7.24641E-17            16   2.05078E-10   3.14149E+00
        2929   3.51480E+02   1.20000E-01   7.72670E-02   7.44197E-05   1.26344E-04   0.00000E+00   6.50067E-04   1.00000E+00   0.00000E+00   7.75157E+00   1.64747E-16            15   9.22219E-10   3.14148E+00
        2930   3.51600E+02   1.20000E-01   7.72670E-02   7.41925E-05   1.25980E-04   0.00000E+00   6.70544E-04   1.00000E+00   0.00000E+00   7.75157E+00   7.46437E-17            16   2.07662E-10   3.14146E+00
        2931   3.51720E+02   1.20000E-01   7.72670E-02   7.39633E-05   1.25614E-04   0.00000E+00   6.89541E-04   1.00000E+00   0.00000E+00   7.75157E+00   1.09383E-16            15   7.15121E-10   3.14145E+00
        2932   3.51840E+02   1.20000E-01   7.72670E-02   7.37334E-05   1.25245E-04   0.00000E+00   7.09717E-04   1.00000E+00   0.00000E+00   7.75157E+00   4.24109E-17            16   2.12265E-10   3.14144E+00
        2933   3.51960E+02   1.20000E-01   7.72670E-02   7.34994E-05   1.24875E-04   0.00000E+00   7.28182E-04   1.00000E+00   0.00000E+00   7.75157E+00   7.75637E-17            15   3.74178E-10   3.14142E+00
        2934   3.52080E+02   1.20000E-01   7.72670E-02   7.32660E-05   1.24502E-04   0.00000E+00   7.47943E-04   1.00000E+00   0.00000E+00   7.75157E+00   4.30573E-17            16   2.12362E-10   3.14141E+00
        2935   3.52200E+02   1.20000E-01   7.72670E-02   7.30305E-05   1.24128E-04   0.00000E+00   7.67004E-04   1.00000E+00   0.00000E+00   7.75157E+00   1.53080E-16            15   5.27681E-10   3.14139E+00
        2936   3.52320E+02   1.20000E-01   7.72670E-02   7.27941E-05   1.23750E-04   0.00000E+00   7.85934E-04   1.00000E+00   0.00000E+00   7.75157E+00   3.41142E-16            15   7.76381E-10   3.14138E+00
        2937   3.52440E+02   1.20000E-01   7.72670E-02   7.25551E-05   1.23371E-04   0.00000E+00   8.06352E-04   1.00000E+00   0.00000E+00   7.75157E+00   1.85278E-16            15   7.49303E-10   3.14137E+00
        2938   3.52560E+02   1.20000E-01   7.72670E-02   7.23173E-05   1.22990E-04   0.00000E+00   8.25107E-04   1.00000E+00   0.00000E+00   7.75157E+00   6.43853E-17            15   3.94619E-10   3.14135E+00
        2939   3.52680E+02   1.20000E-01   7.72670E-02   7.20767E-05   1.22605E-04   0.00000E+00   8.43588E-04   1.00000E+00   0.00000E+00   7.75157E+00   7.01121E-17            15   2.94777E-10   3.14134E+00
        2940   3.52800E+02   1.20000E-01   7.72670E-02   7.18332E-05   1.22219E-04   0.00000E+00   8.63107E-04   1.00000E+00   0.00000E+00   7.75157E+00   1.37994E-16            15   3.70915E-10   3.14132E+00
        2941   3.52920E+02   1.20000E-01   7.72670E-02   7.15900E-05   1.21832E-04   0.00000E+00   8.82815E-04   1.00000E+00   0.00000E+00   7.75157E+00   1.64734E-16            15   6.23452E-10   3.14131E+00
        2942   3.53040E+02   1.20000E-01   7.72670E-02   7.13464E-05   1.21443E-04   0.00000E+00   9.00407E-04   1.00000E+00   0.00000E+00   7.75157E+00   1.36825E-16            15   7.43148E-10   3.14130E+00
        2943   3.53160E+02   1.20000E-01   7.72670E-02   7.11002E-05   1.21050E-04   0.00000E+00   9.20460E-04   1.00000E+00   0.00000E+00   7.75157E+00   1.35105E-16            15   6.11813E-10   3.14128E+00
        2944   3.53280E+02   1.20000E-01   7.72670E-02   7.08537E-05   1.20657E-04   0.00000E+00   9.39142E-04   1.00000E+00   0.00000E+00   7.75157E+00   2.98240E-16            15   6.89251E-10   3.14127E+00
        2945   3.53400E+02   1.20000E-01   7.72670E-02   7.06051E-05   1.20262E-04   0.00000E+00   9.57301E-04   1.00000E+00   0.00000E+00   7.75157E+00   1.15407E-16            15   6.21584E-10   3.14125E+00
        2946   3.53520E+02   1.20000E-01   7.72670E-02   7.03566E-05   1.19865E-04   0.00000E+00   9.75485E-04   1.00000E+00   0.00000E+00   7.75157E+00   1.45348E-16            15   6.37780E-10   3.14124E+00
        2947   3.53640E+02   1.20000E-01   7.72670E-02   7.01058E-05   1.19465E-04   0.00000E+00   9.95443E-04   1.00000E+00   0.00000E+00   7.75157E+00   1.33061E-16            15   6.60153E-10   3.14123E+00
        2948   3.53760E+02   1.20000E-01   7.72670E-02   6.98552E-05   1.19063E-04   0.00000E+00   1.01408E-03   1.00000E+00   0.00000E+00   7.75157E+00   1.80398E-16            15   7.18960E-10   3.14121E+00
        2949   3.53880E+02   1.20000E-01   7.72670E-02   6.96023E-05   1.18661E-04   0.00000E+00   1.03190E-03   1.00000E+00   0.00000E+00   7.75157E+00   9.03046E-17            15   5.10031E-10   3.14120E+00
        2950   3.54000E+02   1.20000E-01   7.72670E-02   6.93479E-05   1.18256E-04   0.00000E+00   1.05011E-03   1.00000E+00   0.00000E+00   7.75157E+00   7.54980E-17            15   4.01615E-10   3.14119E+00
        2951   3.54120E+02   1.20000E-01   7.72670E-02   6.90924E-05   1.17850E-04   0.00000E+00   1.06849E-03   1.00000E+00   0.00000E+00   7.75157E+00   5.71529E-17            15   3.11742E-10   3.14117E+00
        2952   3.54240E+02   1.20000E-01   7.72670E-02   6.88359E-05   1.17442E-04   0.00000E+00   1.08682E-03   1.00000E+00   0.00000E+00   7.75157E+00   6.07163E-17            15   3.10792E-10   3.14116E+00
        2953   3.54360E+02   1.20000E-01   7.72670E-02   6.85785E-05   1.17032E-04   0.00000E+00   1.10509E-03   1.00000E+00   0.00000E+00   7.75157E+00   6.15751E-17            15   3.12000E-10   3.14115E+00
        2954   3.54480E+02   1.20000E-01   7.72670E-02   6.83200E-05   1.16621E-04   0.00000E+00   1.12328E-03   1.00000E+00   0.00000E+00   7.75157E+00   6.21246E-17            15   3.12415E-10   3.14113E+00
        2955   3.54600E+02   1.20000E-01   7.72670E-02   6.80607E-05   1.16208E-04   0.00000E+00   1.14140E-03   1.00000E+00   0.00000E+00   7.75157E+00   6.22745E-17            15   3.13006E-10   3.14112E+00
        2956   3.54720E+02   1.20000E-01   7.72670E-02   6.78004E-05   1.15793E-04   0.00000E+00   1.15944E-03   1.00000E+00   0.00000E+00   7.75157E+00   6.28240E-17            15   3.13978E-10   3.14111E+00
        2957   3.54840E+02   1.20000E-01   7.72670E-02   6.75392E-05   1.15375E-04   0.00000E+00   1.17741E-03   1.00000E+00   0.00000E+00   7.75157E+00   6.30746E-17            15   3.15243E-10   3.14109E+00
        2958   3.54960E+02   1.20000E-01   7.72670E-02   6.72771E-05   1.14956E-04   0.00000E+00   1.19531E-03   1.00000E+00   0.00000E+00   7.75157E+00   6.36518E-17            15   3.16761E-10   3.14108E+00
        2959   3.55080E+02   1.20000E-01   7.72670E-02   6.70140E-05   1.14535E-04   0.00000E+00   1.21313E-03   1.00000E+00   0.00000E+00   7.75157E+00   6.38417E-17            15   3.18734E-10   3.14107E+00
        2960   3.55200E+02   1.20000E-01   7.72670E-02   6.67826E-05   1.14113E-04   0.00000E+00   1.23088E-03   1.00000E+00   0.00000E+00   7.75157E+00   6.45788E-17            15   3.20315E-10   3.14105E+00
        2961   3.55320E+02   1.20000E-01   7.72670E-02   6.65578E-05   1.13688E-04   0.00000E+00   1.24855E-03   1.00000E+00   0.00000E+00   7.75157E+00   6.49875E-17            15   3.21694E-10   3.14104E+00
        2962   3.55440E+02   1.20000E-01   7.72670E-02   6.63318E-05   1.13261E-04   0.00000E+00   1.26615E-03   1.00000E+00   0.00000E+00   7.75157E+00   6.52078E-17            15   3.24325E-10   3.14103E+00
        2963   3.55560E+02   1.20000E-01   7.72670E-02   6.61044E-05   1.12833E-04   0.00000E+00   1.28368E-03   1.00000E+00   0.00000E+00   7.75157E+00   6.59755E-17            15   3.27913E-10   3.14101E+00
        2964   3.55680E+02   1.20000E-01   7.72670E-02   6.58758E-05   1.12402E-04   0.00000E+00   1.30113E-03   1.00000E+00   0.00000E+00   7.75157E+00   6.63173E-17            15   3.27607E-10   3.14100E+00
        2965   3.55800E+02   1.20000E-01   7.72670E-02   6.56460E-05   1.11970E-04   0.00000E+00   1.31851E-03   1.00000E+00   0.00000E+00   7.75157E+00   6.70993E-17            15   3.33348E-10   3.14099E+00
        2966   3.55920E+02   1.20000E-01   7.72670E-02   6.54149E-05   1.11536E-04   0.00000E+00   1.33581E-03   1.00000E+00   0.00000E+00   7.75157E+00   6.74083E-17            15   3.32216E-10   3.14098E+00
        2967   3.56040E+02   1.20000E-01   7.72670E-02   6.51826E-05   1.11099E-04   0.00000E+00   1.35305E-03   1.00000E+00   0.00000E+00   7.75157E+00   6.83910E-17            15   3.38297E-10   3.14096E+00
        2968   3.56160E+02   1.20000E-01   7.72670E-02   6.49491E-05   1.10661E-04   0.00000E+00   1.37020E-03   1.00000E+00   0.00000E+00   7.75157E+00   6.86986E-17            15   3.36972E-10   3.14095E+00
        2969   3.56280E+02   1.20000E-01   7.72670E-02   6.47143E-05   1.10221E-04   0.00000E+00   1.38729E-03   1.00000E+00   0.00000E+00   7.75157E+00   6.98090E-17            15   3.43238E-10   3.14094E+00
        2970   3.56400E+02   1.20000E-01   7.72670E-02   6.44784E-05   1.09779E-04   0.00000E+00   1.40429E-03   1.00000E+00   0.00000E+00   7.75157E+00   7.01278E-17            15   3.41817E-10   3.14092E+00
        2971   3.56520E+02   1.20000E-01   7.72670E-02   6.42413E-05   1.09335E-04   0.00000E+00   1.42123E-03   1.00000E+00   0.00000E+00   7.75157E+00   7.13596E-17            15   3.48121E-10   3.14091E+00
        2972   3.56640E+02   1.20000E-01   7.72670E-02   6.40029E-05   1.08890E-04   0.00000E+00   1.43809E-03   1.00000E+00   0.00000E+00   7.75157E+00   7.16104E-17            15   3.47407E-10   3.14090E+00
        2973   3.56760E+02   1.20000E-01   7.72670E-02   6.37635E-05   1.08442E-04   0.00000E+00   1.45487E-03   1.00000E+00   0.00000E+00   7.75157E+00   7.27549E-17            15   3.51503E-10   3.14089E+00
        2974   3.56880E+02   1.20000E-01   7.72670E-02   6.35228E-05   1.07992E-04   0.00000E+00   1.47158E-03   1.00000E+00   0.00000E+00   7.75157E+00   7.37245E-17            15   3.53222E-10   3.14087E+00
        2975   3.57000E+02   1.20000E-01   7.72670E-02   6.32810E-05   1.07541E-04   0.00000E+00   1.48822E-03   1.00000E+00   0.00000E+00   7.75157E+00   7.45454E-17            15   3.55593E-10   3.14086E+00
        2976   3.57120E+02   1.20000E-01   7.72670E-02   6.30381E-05   1.07087E-04   0.00000E+00   1.50478E-03   1.00000E+00   0.00000E+00   7.75157E+00   7.59485E-17            15   3.57875E-10   3.14085E+00
        2977   3.57240E+02   1.20000E-01   7.72670E-02   6.27940E-05   1.06632E-04   0.00000E+00   1.52127E-03   1.00000E+00   0.00000E+00   7.75157E+00   7.75598E-17            15   3.60184E-10   3.14084E+00
        2978   3.57360E+02   1.20000E-01   7.72670E-02   6.25488E-05   1.06174E-04   0.00000E+00   1.53768E-03   1.00000E+00   0.00000E+00   7.75157E+00   7.89405E-17            15   3.62369E-10   3.14082E+00
        2979   3.57480E+02   1.20000E-01   7.72670E-02   6.23025E-05   1.05715E-04   0.00000E+00   1.55401E-03   1.00000E+00   0.00000E+00   7.75157E+00   8.04139E-17            15   3.64584E-10   3.14081E+00
        2980   3.57600E+02   1.20000E-01   7.72670E-02   6.20551E-05   1.05254E-04   0.00000E+00   1.57028E-03   1.00000E+00   0.00000E+00   7.75157E+00   8.16490E-17            15   3.66669E-10   3.14080E+00
        2981   3.57720E+02   1.20000E-01   7.72670E-02   6.18066E-05   1.04791E-04   0.00000E+00   1.58646E-03   1.00000E+00   0.00000E+00   7.75157E+00   8.29714E-17            15   3.68779E-10   3.14079E+00
        2982   3.57840E+02   1.20000E-01   7.72670E-02   6.15570E-05   1.04326E-04   0.00000E+00   1.60257E-03   1.00000E+00   0.00000E+00   7.75157E+00   8.41339E-17            15   3.70756E-10   3.14078E+00
        2983   3.57960E+02   1.20000E-01   7.72670E-02   6.13063E-05   1.03859E-04   0.00000E+00   1.61861E-03   1.00000E+00   0.00000E+00   7.75157E+00   8.53609E-17            15   3.72757E-10   3.14076E+00
        2984   3.58080E+02   1.20000E-01   7.72670E-02   6.10546E-05   1.03390E-04   0.00000E+00   1.63457E-03   1.00000E+00   0.00000E+00   7.75157E+00   8.63353E-17            15   3.74622E-10   3.14075E+00
        2985   3.58200E+02   1.20000E-01   7.72670E-02   6.08018E-05   1.02919E-04   0.00000E+00   1.65046E-03   1.00000E+00   0.00000E+00   7.75157E+00   8.74001E-17            15   3.76510E-10   3.14074E+00
        2986   3.58320E+02   1.20000E-01   7.72670E-02   6.05480E-05   1.02447E-04   0.00000E+00   1.66627E-03   1.00000E+00   0.00000E+00   7.75157E+00   8.82903E-17            15   3.78263E-10   3.14073E+00
        2987   3.58440E+02   1.20000E-01   7.72670E-02   6.02932E-05   1.01973E-04   0.00000E+00   1.68200E-03   1.00000E+00   0.00000E+00   7.75157E+00   8.91824E-17            15   3.80037E-10   3.14071E+00
        2988   3.58560E+02   1.20000E-01   7.72670E-02   6.00373E-05   1.01496E-04   0.00000E+00   1.69780E-03   1.00000E+00   0.00000E+00   7.75157E+00   8.87982E-17            15   4.75791E-10   3.14070E+00
        2989   3.58680E+02   1.20000E-01   7.72670E-02   5.97804E-05   1.01018E-04   0.00000E+00   1.71343E-03   1.00000E+00   0.00000E+00   7.75157E+00   8.59928E-17            15   4.24837E-10   3.14069E+00
        2990   3.58800E+02   1.20000E-01   7.72670E-02   5.95226E-05   1.00539E-04   0.00000E+00   1.72893E-03   1.00000E+00   0.00000E+00   7.75157E+00   9.31865E-17            15   3.85783E-10   3.14068E+00
        2991   3.58920E+02   1.20000E-01   7.72670E-02   5.92637E-05   1.00057E-04   0.00000E+00   1.74436E-03   1.00000E+00   0.00000E+00   7.75157E+00   9.19483E-17            15   3.87520E-10   3.14067E+00
        2992   3.59040E+02   1.20000E-01   7.72670E-02   5.90039E-05   9.95735E-05   0.00000E+00   1.75971E-03   1.00000E+00   0.00000E+00   7.75157E+00   9.30791E-17            15   3.88306E-10   3.14066E+00
        2993   3.59160E+02   1.20000E-01   7.72670E-02   5.87431E-05   9.90883E-05   0.00000E+00   1.77499E-03   1.00000E+00   0.00000E+00   7.75157E+00   9.39806E-17            15   3.89772E-10   3.14064E+00
        2994   3.59280E+02   1.20000E-01   7.72670E-02   5.84814E-05   9.86012E-05   0.00000E+00   1.79019E-03   1.00000E+00   0.00000E+00   7.75157E+00   9.49458E-17            15   3.91032E-10   3.14063E+00
        2995   3.59400E+02   1.20000E-01   7.72670E-02   5.82187E-05   9.81124E-05   0.00000E+00   1.80532E-03   1.00000E+00   0.00000E+00   7.75157E+00   9.58748E-17            15   3.92306E-10   3.14062E+00
        2996   3.59520E+02   1.20000E-01   7.72670E-02   5.79550E-05   9.76218E-05   0.00000E+00   1.82037E-03   1.00000E+00   0.00000E+00   7.75157E+00   9.67252E-17            15   3.93545E-10   3.14061E+00
        2997   3.59640E+02   1.20000E-01   7.72670E-02   5.76905E-05   9.71294E-05   0.00000E+00   1.83535E-03   1.00000E+00   0.00000E+00   7.75157E+00   9.75185E-17            15   3.94738E-10   3.14060E+00
        2998   3.59760E+02   1.20000E-01   7.72670E-02   5.74250E-05   9.66353E-05   0.00000E+00   1.85024E-03   1.00000E+00   0.00000E+00   7.75157E+00   9.82172E-17            15   3.95857E-10   3.14059E+00
        2999   3.59880E+02   1.20000E-01   7.72670E-02   5.71587E-05   9.61395E-05   0.00000E+00   1.86507E-03   1.00000E+00   0.00000E+00   7.75157E+00   9.88173E-17            15   3.97001E-10   3.14058E+00
        3000   3.60000E+02   1.20000E-01   7.72670E-02   5.68914E-05   9.56420E-05   0.00000E+00   1.87981E-03   1.00000E+00   0.00000E+00   7.75157E+00   9.93176E-17            15   3.98053E-10   3.14056E+00
        3001   3.60120E+02   1.20000E-01   7.72670E-02   5.66233E-05   9.51428E-05   0.00000E+00   1.89448E-03   1.00000E+00   0.00000E+00   7.75157E+00   9.96650E-17            15   3.99111E-10   3.14055E+00
        3002   3.60240E+02   1.20000E-01   7.72670E-02   5.63543E-05   9.46419E-05   0.00000E+00   1.90898E-03   1.00000E+00   0.00000E+00   7.75157E+00   9.09882E-17            15   4.34599E-10   3.14054E+00
        3003   3.60360E+02   1.20000E-01   7.72670E-02   5.60844E-05   9.41392E-05   0.00000E+00   1.92351E-03   1.00000E+00   0.00000E+00   7.75157E+00   1.01455E-16            15   4.01421E-10   3.14053E+00
        3004   3.60480E+02   1.20000E-01   7.72670E-02   5.58137E-05   9.36349E-05   0.00000E+00   1.93795E-03   1.00000E+00   0.00000E+00   7.75157E+00   1.00708E-16            15   4.02770E-10   3.14052E+00
        3005   3.60600E+02   1.20000E-01   7.72670E-02   5.55422E-05   9.31289E-05   0.00000E+00   1.95231E-03   1.00000E+00   0.00000E+00   7.75157E+00   1.00344E-16            15   4.03597E-10   3.14051E+00
        3006   3.60720E+02   1.20000E-01   7.72670E-02   5.52698E-05   9.26214E-05   0.00000E+00   1.96660E-03   1.00000E+00   0.00000E+00   7.75157E+00   9.97974E-17            15   4.04473E-10   3.14050E+00
        3007   3.60840E+02   1.20000E-01   7.72670E-02   5.49966E-05   9.21123E-05   0.00000E+00   1.98081E-03   1.00000E+00   0.00000E+00   7.75157E+00   9.90402E-17            15   4.05392E-10   3.14049E+00
        3008   3.60960E+02   1.20000E-01   7.72670E-02   5.47226E-05   9.16017E-05   0.00000E+00   1.99495E-03   1.00000E+00   0.00000E+00   7.75157E+00   9.81208E-17            15   4.06303E-10   3.14048E+00
        3009   3.61080E+02   1.20000E-01   7.72670E-02   5.44478E-05   9.10895E-05   0.00000E+00   2.00902E-03   1.00000E+00   0.00000E+00   7.75157E+00   9.69651E-17            15   4.07258E-10   3.14046E+00
        3010   3.61200E+02   1.20000E-01   7.72670E-02   5.41722E-05   9.05758E-05   0.00000E+00   2.02300E-03   1.00000E+00   0.00000E+00   7.75157E+00   9.56383E-17            15   4.08204E-10   3.14045E+00
        3011   3.61320E+02   1.20000E-01   7.72670E-02   5.38959E-05   9.00606E-05   0.00000E+00   2.03691E-03   1.00000E+00   0.00000E+00   7.75157E+00   9.40346E-17            15   4.09197E-10   3.14044E+00
        3012   3.61440E+02   1.20000E-01   7.72670E-02   5.36188E-05   8.95439E-05   0.00000E+00   2.05075E-03   1.00000E+00   0.00000E+00   7.75157E+00   9.22718E-17            15   4.10187E-10   3.14043E+00
        3013   3.61560E+02   1.20000E-01   7.72670E-02   5.33409E-05   8.90258E-05   0.00000E+00   2.06450E-03   1.00000E+00   0.00000E+00   7.75157E+00   9.03393E-17            15   4.11225E-10   3.14042E+00
        3014   3.61680E+02   1.20000E-01   7.72670E-02   5.30623E-05   8.85063E-05   0.00000E+00   2.07818E-03   1.00000E+00   0.00000E+00   7.75157E+00   8.82214E-17            15   4.12263E-10   3.14041E+00
        3015   3.61800E+02   1.20000E-01   7.72670E-02   5.27829E-05   8.79854E-05   0.00000E+00   2.09178E-03   1.00000E+00   0.00000E+00   7.75157E+00   8.59685E-17            15   4.13346E-10   3.14040E+00
        3016   3.61920E+02   1.20000E-01   7.72670E-02   5.25029E-05   8.74631E-05   0.00000E+00   2.10530E-03   1.00000E+00   0.00000E+00   7.75157E+00   8.36199E-17            15   4.14426E-10   3.14039E+00
        3017   3.62040E+02   1.20000E-01   7.72670E-02   5.22221E-05   8.69395E-05   0.00000E+00   2.11875E-03   1.00000E+00   0.00000E+00   7.75157E+00   8.11749E-17            15   4.15543E-10   3.14038E+00
        3018   3.62160E+02   1.20000E-01   7.72670E-02   5.19406E-05   8.64149E-05   0.00000E+00   2.13211E-03   1.00000E+00   0.00000E+00   7.75157E+00   7.86588E-17            15   4.16650E-10   3.14037E+00
        3019   3.62280E+02   1.20000E-01   7.72670E-02   5.16585E-05   8.58895E-05   0.00000E+00   2.14540E-03   1.00000E+00   0.00000E+00   7.75157E+00   7.61346E-17            15   4.17780E-10   3.14036E+00
        3020   3.62400E+02   1.20000E-01   7.72670E-02   5.13756E-05   8.53628E-05   0.00000E+00   2.15861E-03   1.00000E+00   0.00000E+00   7.75157E+00   7.40105E-17            15   4.18889E-10   3.14035E+00
        3021   3.62520E+02   1.20000E-01   7.72670E-02   5.10921E-05   8.48349E-05   0.00000E+00   2.17174E-03   1.00000E+00   0.00000E+00   7.75157E+00   7.28020E-17            15   4.20008E-10   3.14034E+00
        3022   3.62640E+02   1.20000E-01   7.72670E-02   5.08079E-05   8.43057E-05   0.00000E+00   2.18479E-03   1.00000E+00   0.00000E+00   7.75157E+00   7.15973E-17            15   4.21093E-10   3.14033E+00
        3023   3.62760E+02   1.20000E-01   7.72670E-02   5.05231E-05   8.38027E-05   0.00000E+00   2.19777E-03   1.00000E+00   0.00000E+00   7.75157E+00   7.04082E-17            15   4.22171E-10   3.14032E+00
        3024   3.62880E+02   1.20000E-01   7.72670E-02   5.02376E-05   8.33568E-05   0.00000E+00   2.21066E-03   1.00000E+00   0.00000E+00   7.75157E+00   6.91934E-17            15   4.23204E-10   3.14031E+00
        3025   3.63000E+02   1.20000E-01   7.72670E-02   4.99515E-05   8.29096E-05   0.00000E+00   2.22347E-03   1.00000E+00   0.00000E+00   7.75157E+00   6.80336E-17            15   4.24214E-10   3.14030E+00
        3026   3.63120E+02   1.20000E-01   7.72670E-02   4.96648E-05   8.24611E-05   0.00000E+00   2.23621E-03   1.00000E+00   0.00000E+00   7.75157E+00   6.68832E-17            15   4.25166E-10   3.14029E+00
        3027   3.63240E+02   1.20000E-01   7.72670E-02   4.93775E-05   8.20113E-05   0.00000E+00   2.24886E-03   1.00000E+00   0.00000E+00   7.75157E+00   6.71877E-17            15   4.26085E-10   3.14028E+00
        3028   3.63360E+02   1.20000E-01   7.72670E-02   4.90895E-05   8.15604E-05   0.00000E+00   2.26144E-03   1.00000E+00   0.00000E+00   7.75157E+00   6.74636E-17            15   4.26944E-10   3.14027E+00
        3029   3.63480E+02   1.20000E-01   7.72670E-02   4.88010E-05   8.11081E-05   0.00000E+00   2.27393E-03   1.00000E+00   0.00000E+00   7.75157E+00   6.77140E-17            15   4.27760E-10   3.14026E+00
        3030   3.63600E+02   1.20000E-01   7.72670E-02   4.85119E-05   8.06547E-05   0.00000E+00   2.28635E-03   1.00000E+00   0.00000E+00   7.75157E+00   6.79336E-17            15   4.28504E-10   3.14025E+00
        3031   3.63720E+02   1.20000E-01   7.72670E-02   4.82222E-05   8.02001E-05   0.00000E+00   2.29868E-03   1.00000E+00   0.00000E+00   7.75157E+00   6.80920E-17            15   4.29195E-10   3.14024E+00
        3032   3.63840E+02   1.20000E-01   7.72670E-02   4.79319E-05   7.97442E-05   0.00000E+00   2.31093E-03   1.00000E+00   0.00000E+00   7.75157E+00   6.82539E-17            15   4.29809E-10   3.14023E+00
        3033   3.63960E+02   1.20000E-01   7.72670E-02   4.76411E-05   7.92872E-05   0.00000E+00   2.32311E-03   1.00000E+00   0.00000E+00   7.75157E+00   6.83446E-17            15   4.30363E-10   3.14022E+00
        3034   3.64080E+02   1.20000E-01   7.72670E-02   4.73497E-05   7.88289E-05   0.00000E+00   2.33520E-03   1.00000E+00   0.00000E+00   7.75157E+00   6.84378E-17            15   4.30835E-10   3.14021E+00
        3035   3.64200E+02   1.20000E-01   7.72670E-02   4.70578E-05   7.83695E-05   0.00000E+00   2.34720E-03   1.00000E+00   0.00000E+00   7.75157E+00   6.84523E-17            15   4.31242E-10   3.14020E+00
        3036   3.64320E+02   1.20000E-01   7.72670E-02   4.67654E-05   7.79090E-05   0.00000E+00   2.35913E-03   1.00000E+00   0.00000E+00   7.75157E+00   6.84705E-17            15   4.31563E-10   3.14019E+00
        3037   3.64440E+02   1.20000E-01   7.72670E-02   4.64724E-05   7.74473E-05   0.00000E+00   2.37098E-03   1.00000E+00   0.00000E+00   7.75157E+00   6.84366E-17            15   4.31813E-10   3.14018E+00
        3038   3.64560E+02   1.20000E-01   7.72670E-02   4.61789E-05   7.69844E-05   0.00000E+00   2.38274E-03   1.00000E+00   0.00000E+00   7.75157E+00   6.83621E-17            15   4.31975E-10   3.14017E+00
        3039   3.64680E+02   1.20000E-01   7.72670E-02   4.58849E-05   7.65205E-05   0.00000E+00   2.39442E-03   1.00000E+00   0.00000E+00   7.75157E+00   6.82404E-17            15   4.32062E-10   3.14016E+00
        3040   3.64800E+02   1.20000E-01   7.72670E-02   4.55904E-05   7.60554E-05   0.00000E+00   2.40602E-03   1.00000E+00   0.00000E+00   7.75157E+00   6.80699E-17            15   4.32058E-10   3.14015E+00
        3041   3.64920E+02   1.20000E-01   7.72670E-02   4.52955E-05   7.55893E-05   0.00000E+00   2.41754E-03   1.00000E+00   0.00000E+00   7.75157E+00   6.78996E-17            15   4.31976E-10   3.14014E+00
        3042   3.65040E+02   1.20000E-01   7.72670E-02   4.50000E-05   7.51220E-05   0.00000E+00   2.42897E-03   1.00000E+00   0.00000E+00   7.75157E+00   6.76577E-17            15   4.31801E-10   3.14014E+00
        3043   3.65160E+02   1.20000E-01   7.72670E-02   4.47041E-05   7.46537E-05   0.00000E+00   2.44032E-03   1.00000E+00   0.00000E+00   7.75157E+00   6.73762E-17            15   4.31544E-10   3.14013E+00
        3044   3.65280E+02   1.20000E-01   7.72670E-02   4.44077E-05   7.41843E-05   0.00000E+00   2.45158E-03   1.00000E+00   0.00000E+00   7.75157E+00   6.70670E-17            15   4.31193E-10   3.14012E+00
        3045   3.65400E+02   1.20000E-01   7.72670E-02   4.41108E-05   7.37139E-05   0.00000E+00   2.46276E-03   1.00000E+00   0.00000E+00   7.75157E+00   6.67336E-17            15   4.30758E-10   3.14011E+00
        3046   3.65520E+02   1.20000E-01   7.72670E-02   4.38135E-05   7.32424E-05   0.00000E+00   2.47386E-03   1.00000E+00   0.00000E+00   7.75157E+00   6.63407E-17            15   4.30229E-10   3.14010E+00
        3047   3.65640E+02   1.20000E-01   7.72670E-02   4.35158E-05   7.27699E-05   0.00000E+00   2.48487E-03   1.00000E+00   0.00000E+00   7.75157E+00   6.59248E-17            15   4.29614E-10   3.14009E+00
        3048   3.65760E+02   1.20000E-01   7.72670E-02   4.32176E-05   7.22965E-05   0.00000E+00   2.49580E-03   1.00000E+00   0.00000E+00   7.75157E+00   6.54727E-17            15   4.28905E-10   3.14008E+00
        3049   3.65880E+02   1.20000E-01   7.72670E-02   4.29190E-05   7.18220E-05   0.00000E+00   2.50664E-03   1.00000E+00   0.00000E+00   7.75157E+00   6.49789E-17            15   4.28110E-10   3.14007E+00
        3050   3.66000E+02   1.20000E-01   7.72670E-02   4.26200E-05   7.13465E-05   0.00000E+00   2.51740E-03   1.00000E+00   0.00000E+00   7.75157E+00   6.44397E-17            15   4.27223E-10   3.14006E+00
        3051   3.66120E+02   1.20000E-01   7.72670E-02   4.23206E-05   7.08701E-05   0.00000E+00   2.52807E-03   1.00000E+00   0.00000E+00   7.75157E+00   6.38798E-17            15   4.26251E-10   3.14006E+00
        3052   3.66240E+02   1.20000E-01   7.72670E-02   4.20208E-05   7.03928E-05   0.00000E+00   2.53866E-03   1.00000E+00   0.00000E+00   7.75157E+00   6.33044E-17            15   4.25190E-10   3.14005E+00
        3053   3.66360E+02   1.20000E-01   7.72670E-02   4.17206E-05   6.99145E-05   0.00000E+00   2.54916E-03   1.00000E+00   0.00000E+00   7.75157E+00   6.26864E-17            15   4.24048E-10   3.14004E+00
        3054   3.66480E+02   1.20000E-01   7.72670E-02   4.14201E-05   6.94353E-05   0.00000E+00   2.55958E-03   1.00000E+00   0.00000E+00   7.75157E+00   6.20461E-17            15   4.22822E-10   3.14003E+00
        3055   3.66600E+02   1.20000E-01   7.72670E-02   4.11191E-05   6.89552E-05   0.00000E+00   2.56991E-03   1.00000E+00   0.00000E+00   7.75157E+00   6.13716E-17            15   4.21520E-10   3.14002E+00
        3056   3.66720E+02   1.20000E-01   7.72670E-02   4.08178E-05   6.84742E-05   0.00000E+00   2.58015E-03   1.00000E+00   0.00000E+00   7.75157E+00   6.06863E-17            15   4.20142E-10   3.14001E+00
        3057   3.66840E+02   1.20000E-01   7.72670E-02   4.05161E-05   6.79923E-05   0.00000E+00   2.59030E-03   1.00000E+00   0.00000E+00   7.75157E+00   5.99708E-17            15   4.18697E-10   3.14001E+00
        3058   3.66960E+02   1.20000E-01   7.72670E-02   4.02141E-05   6.75096E-05   0.00000E+00   2.60037E-03   1.00000E+00   0.00000E+00   7.75157E+00   5.92508E-17            15   4.17187E-10   3.14000E+00
        3059   3.67080E+02   1.20000E-01   7.72670E-02   3.99118E-05   6.70260E-05   0.00000E+00   2.61035E-03   1.00000E+00   0.00000E+00   7.75157E+00   5.85031E-17            15   4.15623E-10   3.13999E+00
        3060   3.67200E+02   1.20000E-01   7.72670E-02   3.96091E-05   6.65417E-05   0.00000E+00   2.62025E-03   1.00000E+00   0.00000E+00   7.75157E+00   5.77358E-17            15   4.14009E-10   3.13998E+00
        3061   3.67320E+02   1.20000E-01   7.72670E-02   3.93060E-05   6.60565E-05   0.00000E+00   2.63005E-03   1.00000E+00   0.00000E+00   7.75157E+00   5.69847E-17            15   4.12356E-10   3.13997E+00
        3062   3.67440E+02   1.20000E-01   7.72670E-02   3.90027E-05   6.55705E-05   0.00000E+00   2.63977E-03   1.00000E+00   0.00000E+00   7.75157E+00   5.62085E-17            15   4.10674E-10   3.13997E+00
        3063   3.67560E+02   1.20000E-01   7.72670E-02   3.86990E-05   6.50838E-05   0.00000E+00   2.64940E-03   1.00000E+00   0.00000E+00   7.75157E+00   5.54431E-17            15   4.08975E-10   3.13996E+00
        3064   3.67680E+02   1.20000E-01   7.72670E-02   3.83951E-05   6.45963E-05   0.00000E+00   2.65894E-03   1.00000E+00   0.00000E+00   7.75157E+00   5.46813E-17            15   4.07269E-10   3.13995E+00
        3065   3.67800E+02   1.20000E-01   7.72670E-02   3.80908E-05   6.41080E-05   0.00000E+00   2.66839E-03   1.00000E+00   0.00000E+00   7.75157E+00   5.39380E-17            15   4.05573E-10   3.13994E+00
        3066   3.67920E+02   1.20000E-01   7.72670E-02   3.77862E-05   6.36191E-05   0.00000E+00   2.67775E-03   1.00000E+00   0.00000E+00   7.75157E+00   5.31813E-17            15   4.03900E-10   3.13993E+00
        3067   3.68040E+02   1.20000E-01   7.72670E-02   3.74814E-05   6.31294E-05   0.00000E+00   2.68702E-03   1.00000E+00   0.00000E+00   7.75157E+00   5.24413E-17            15   4.02269E-10   3.13993E+00
        3068   3.68160E+02   1.20000E-01   7.72670E-02   3.71763E-05   6.26390E-05   0.00000E+00   2.69621E-03   1.00000E+00   0.00000E+00   7.75157E+00   5.17278E-17            15   4.00694E-10   3.13992E+00
        3069   3.68280E+02   1.20000E-01   7.72670E-02   3.68709E-05   6.21480E-05   0.00000E+00   2.70530E-03   1.00000E+00   0.00000E+00   7.75157E+00   5.10435E-17            15   3.99197E-10   3.13991E+00
        3070   3.68400E+02   1.20000E-01   7.72670E-02   3.65653E-05   6.16564E-05   0.00000E+00   2.71431E-03   1.00000E+00   0.00000E+00   7.75157E+00   5.03821E-17            15   3.97795E-10   3.13990E+00
        3071   3.68520E+02   1.20000E-01   7.72670E-02   3.62594E-05   6.11641E-05   0.00000E+00   2.72322E-03   1.00000E+00   0.00000E+00   7.75157E+00   4.97564E-17            15   3.96512E-10   3.13990E+00
        3072   3.68640E+02   1.20000E-01   7.72670E-02   3.59533E-05   6.06712E-05   0.00000E+00   2.73204E-03   1.00000E+00   0.00000E+00   7.75157E+00   4.91624E-17            15   3.95366E-10   3.13989E+00
        3073   3.68760E+02   1.20000E-01   7.72670E-02   3.56469E-05   6.01776E-05   0.00000E+00   2.74078E-03   1.00000E+00   0.00000E+00   7.75157E+00   4.86012E-17            15   3.94381E-10   3.13988E+00
        3074   3.68880E+02   1.20000E-01   7.72670E-02   3.53403E-05   5.96836E-05   0.00000E+00   2.74942E-03   1.00000E+00   0.00000E+00   7.75157E+00   4.81115E-17            15   3.93577E-10   3.13987E+00
        3075   3.69000E+02   1.20000E-01   7.72670E-02   3.50335E-05   5.91889E-05   0.00000E+00   2.75797E-03   1.00000E+00   0.00000E+00   7.75157E+00   4.76459E-17            15   3.92978E-10   3.13987E+00
        3076   3.69120E+02   1.20000E-01   7.72670E-02   3.47265E-05   5.86937E-05   0.00000E+00   2.76644E-03   1.00000E+00   0.00000E+00   7.75157E+00   4.72340E-17            15   3.92604E-10   3.13986E+00
        3077   3.69240E+02   1.20000E-01   7.72670E-02   3.44193E-05   5.81980E-05   0.00000E+00   2.77481E-03   1.00000E+00   0.00000E+00   7.75157E+00   4.68720E-17            15   3.92476E-10   3.13985E+00
        3078   3.69360E+02   1.20000E-01   7.72670E-02   3.41119E-05   5.77018E-05   0.00000E+00   2.78309E-03   1.00000E+00   0.00000E+00   7.75157E+00   4.65768E-17            15   3.92614E-10   3.13985E+00
        3079   3.69480E+02   1.20000E-01   7.72670E-02   3.38440E-05   5.72051E-05   0.00000E+00   2.79127E-03   1.00000E+00   0.00000E+00   7.75157E+00   4.63241E-17            15   3.93037E-10   3.13984E+00
        3080   3.69600E+02   1.20000E-01   7.72670E-02   3.36361E-05   5.67080E-05   0.00000E+00   2.79937E-03   1.00000E+00   0.00000E+00   7.75157E+00   4.61402E-17            15   3.93760E-10   3.13983E+00
        3081   3.69720E+02   1.20000E-01   7.72670E-02   3.34277E-05   5.62104E-05   0.00000E+00   2.80738E-03   1.00000E+00   0.00000E+00   7.75157E+00   4.59945E-17            15   3.94798E-10   3.13983E+00
        3082   3.69840E+02   1.20000E-01   7.72670E-02   3.32190E-05   5.57124E-05   0.00000E+00   2.81529E-03   1.00000E+00   0.00000E+00   7.75157E+00   4.59219E-17            15   3.96163E-10   3.13982E+00
        3083   3.69960E+02   1.20000E-01   7.72670E-02   3.30099E-05   5.52139E-05   0.00000E+00   2.82311E-03   1.00000E+00   0.00000E+00   7.75157E+00   4.59168E-17            15   3.97863E-10   3.13981E+00
        3084   3.70080E+02   1.20000E-01   7.72670E-02   3.28004E-05   5.47151E-05   0.00000E+00   2.83084E-03   1.00000E+00   0.00000E+00   7.75157E+00   4.59487E-17            15   3.99907E-10   3.13981E+00
        3085   3.70200E+02   1.20000E-01   7.72670E-02   3.25905E-05   5.42159E-05   0.00000E+00   2.83848E-03   1.00000E+00   0.00000E+00   7.75157E+00   4.60351E-17            15   4.02299E-10   3.13980E+00
        3086   3.70320E+02   1.20000E-01   7.72670E-02   3.23802E-05   5.37164E-05   0.00000E+00   2.84602E-03   1.00000E+00   0.00000E+00   7.75157E+00   4.61757E-17            15   4.05039E-10   3.13979E+00
        3087   3.70440E+02   1.20000E-01   7.72670E-02   3.21696E-05   5.32165E-05   0.00000E+00   2.85348E-03   1.00000E+00   0.00000E+00   7.75157E+00   4.63698E-17            15   4.08126E-10   3.13979E+00
        3088   3.70560E+02   1.20000E-01   7.72670E-02   3.19586E-05   5.27163E-05   0.00000E+00   2.86084E-03   1.00000E+00   0.00000E+00   7.75157E+00   4.66202E-17            15   4.11555E-10   3.13978E+00
        3089   3.70680E+02   1.20000E-01   7.72670E-02   3.17472E-05   5.22158E-05   0.00000E+00   2.86811E-03   1.00000E+00   0.00000E+00   7.75157E+00   4.68844E-17            15   4.15320E-10   3.13977E+00
        3090   3.70800E+02   1.20000E-01   7.72670E-02   3.15354E-05   5.17150E-05   0.00000E+00   2.87528E-03   1.00000E+00   0.00000E+00   7.75157E+00   4.72268E-17            15   4.19408E-10   3.13977E+00
        3091   3.70920E+02   1.20000E-01   7.72670E-02   3.13234E-05   5.12140E-05   0.00000E+00   2.88237E-03   1.00000E+00   0.00000E+00   7.75157E+00   4.75816E-17            15   4.23811E-10   3.13976E+00
        3092   3.71040E+02   1.20000E-01   7.72670E-02   3.11109E-05   5.07128E-05   0.00000E+00   2.88936E-03   1.00000E+00   0.00000E+00   7.75157E+00   4.79585E-17            15   4.28512E-10   3.13975E+00
        3093   3.71160E+02   1.20000E-01   7.72670E-02   3.08982E-05   5.02113E-05   0.00000E+00   2.89625E-03   1.00000E+00   0.00000E+00   7.75157E+00   4.83720E-17            15   4.33496E-10   3.13975E+00
        3094   3.71280E+02   1.20000E-01   7.72670E-02   3.06851E-05   4.97096E-05   0.00000E+00   2.90306E-03   1.00000E+00   0.00000E+00   7.75157E+00   4.88171E-17            15   4.38746E-10   3.13974E+00
        3095   3.71400E+02   1.20000E-01   7.72670E-02   3.04717E-05   4.92078E-05   0.00000E+00   2.90977E-03   1.00000E+00   0.00000E+00   7.75157E+00   4.92728E-17            15   4.44245E-10   3.13974E+00
        3096   3.71520E+02   1.20000E-01   7.72670E-02   3.02579E-05   4.87058E-05   0.00000E+00   2.91639E-03   1.00000E+00   0.00000E+00   7.75157E+00   4.97259E-17            15   4.49972E-10   3.13973E+00
        3097   3.71640E+02   1.20000E-01   7.72670E-02   3.00439E-05   4.82036E-05   0.00000E+00   2.92292E-03   1.00000E+00   0.00000E+00   7.75157E+00   5.02019E-17            15   4.55910E-10   3.13972E+00
        3098   3.71760E+02   1.20000E-01   7.72670E-02   2.98295E-05   4.77014E-05   0.00000E+00   2.92936E-03   1.00000E+00   0.00000E+00   7.75157E+00   5.06905E-17            15   4.62037E-10   3.13972E+00
        3099   3.71880E+02   1.20000E-01   7.72670E-02   2.96148E-05   4.71990E-05   0.00000E+00   2.93570E-03   1.00000E+00   0.00000E+00   7.75157E+00   5.11662E-17            15   4.68336E-10   3.13971E+00
        3100   3.72000E+02   1.20000E-01   7.72670E-02   2.93999E-05   4.66965E-05   0.00000E+00   2.94195E-03   1.00000E+00   0.00000E+00   7.75157E+00   5.16480E-17            15   4.74785E-10   3.13971E+00
        3101   3.72120E+02   1.20000E-01   7.72670E-02   2.91846E-05   4.61940E-05   0.00000E+00   2.94811E-03   1.00000E+00   0.00000E+00   7.75157E+00   5.21261E-17            15   4.81367E-10   3.13970E+00
        3102   3.72240E+02   1.20000E-01   7.72670E-02   2.89691E-05   4.56914E-05   0.00000E+00   2.95417E-03   1.00000E+00   0.00000E+00   7.75157E+00   5.28835E-17            15   4.88063E-10   3.13970E+00
        3103   3.72360E+02   1.20000E-01   7.72670E-02   2.87533E-05   4.51888E-05   0.00000E+00   2.96014E-03   1.00000E+00   0.00000E+00   7.75157E+00   5.37509E-17            15   4.94857E-10   3.13969E+00
        3104   3.72480E+02   1.20000E-01   7.72670E-02   2.85372E-05   4.46862E-05   0.00000E+00   2.96602E-03   1.00000E+00   0.00000E+00   7.75157E+00   5.45325E-17            15   5.01729E-10   3.13969E+00
        3105   3.72600E+02   1.20000E-01   7.72670E-02   2.83209E-05   4.41836E-05   0.00000E+00   2.97182E-03   1.00000E+00   0.00000E+00   7.75157E+00   5.52412E-17            15   5.08667E-10   3.13968E+00
        3106   3.72720E+02   1.20000E-01   7.72670E-02   2.81043E-05   4.36810E-05   0.00000E+00   2.97753E-03   1.00000E+00   0.00000E+00   7.75157E+00   5.58745E-17            15   5.15652E-10   3.13967E+00
        3107   3.72840E+02   1.20000E-01   7.72670E-02   2.78874E-05   4.31784E-05   0.00000E+00   2.98314E-03   1.00000E+00   0.00000E+00   7.75157E+00   5.64454E-17            15   5.22674E-10   3.13967E+00
        3108   3.72960E+02   1.20000E-01   7.72670E-02   2.76703E-05   4.26759E-05   0.00000E+00   2.98867E-03   1.00000E+00   0.00000E+00   7.75157E+00   5.69287E-17            15   5.29717E-10   3.13966E+00
        3109   3.73080E+02   1.20000E-01   7.72670E-02   2.74529E-05   4.21735E-05   0.00000E+00   2.99410E-03   1.00000E+00   0.00000E+00   7.75157E+00   5.73620E-17            15   5.36771E-10   3.13966E+00
        3110   3.73200E+02   1.20000E-01   7.72670E-02   2.72354E-05   4.16711E-05   0.00000E+00   2.99943E-03   1.00000E+00   0.00000E+00   7.75157E+00   5.77258E-17            15   5.43823E-10   3.13965E+00
        3111   3.73320E+02   1.20000E-01   7.72670E-02   2.70175E-05   4.11689E-05   0.00000E+00   3.00468E-03   1.00000E+00   0.00000E+00   7.75157E+00   5.80200E-17            15   5.50865E-10   3.13965E+00
        3112   3.73440E+02   1.20000E-01   7.72670E-02   2.67995E-05   4.07573E-05   0.00000E+00   3.00983E-03   1.00000E+00   0.00000E+00   7.75157E+00   5.82698E-17            15   5.57885E-10   3.13964E+00
        3113   3.73560E+02   1.20000E-01   7.72670E-02   2.65812E-05   4.03916E-05   0.00000E+00   3.01490E-03   1.00000E+00   0.00000E+00   7.75157E+00   5.84614E-17            15   5.64877E-10   3.13964E+00
        3114   3.73680E+02   1.20000E-01   7.72670E-02   2.63628E-05   4.00256E-05   0.00000E+00   3.01987E-03   1.00000E+00   0.00000E+00   7.75157E+00   5.85756E-17            15   5.71832E-10   3.13963E+00
        3115   3.73800E+02   1.20000E-01   7.72670E-02   2.61441E-05   3.96594E-05   0.00000E+00   3.02475E-03   1.00000E+00   0.00000E+00   7.75157E+00   5.86731E-17            15   5.78744E-10   3.13963E+00
        3116   3.73920E+02   1.20000E-01   7.72670E-02   2.59252E-05   3.92930E-05   0.00000E+00   3.02954E-03   1.00000E+00   0.00000E+00   7.75157E+00   5.86751E-17            15   5.85605E-10   3.13962E+00
        3117   3.74040E+02   1.20000E-01   7.72670E-02   2.57061E-05   3.89265E-05   0.00000E+00   3.03423E-03   1.00000E+00   0.00000E+00   7.75157E+00   5.86405E-17            15   5.92411E-10   3.13962E+00
        3118   3.74160E+02   1.20000E-01   7.72670E-02   2.54868E-05   3.85597E-05   0.00000E+00   3.03884E-03   1.00000E+00   0.00000E+00   7.75157E+00   5.85511E-17            15   5.99157E-10   3.13962E+00
        3119   3.74280E+02   1.20000E-01   7.72670E-02   2.52674E-05   3.81928E-05   0.00000E+00   3.04336E-03   1.00000E+00   0.00000E+00   7.75157E+00   5.84350E-17            15   6.05838E-10   3.13961E+00
        3120   3.74400E+02   1.20000E-01   7.72670E-02   2.50478E-05   3.78258E-05   0.00000E+00   3.04778E-03   1.00000E+00   0.00000E+00   7.75157E+00   5.82583E-17            15   6.12450E-10   3.13961E+00
        3121   3.74520E+02   1.20000E-01   7.72670E-02   2.48280E-05   3.74586E-05   0.00000E+00   3.05212E-03   1.00000E+00   0.00000E+00   7.75157E+00   5.80573E-17            15   6.18990E-10   3.13960E+00
        3122   3.74640E+02   1.20000E-01   7.72670E-02   2.46080E-05   3.70913E-05   0.00000E+00   3.05636E-03   1.00000E+00   0.00000E+00   7.75157E+00   5.78026E-17            15   6.25455E-10   3.13960E+00
        3123   3.74760E+02   1.20000E-01   7.72670E-02   2.43879E-05   3.67239E-05   0.00000E+00   3.06052E-03   1.00000E+00   0.00000E+00   7.75157E+00   5.75079E-17            15   6.31842E-10   3.13959E+00
        3124   3.74880E+02   1.20000E-01   7.72670E-02   2.41676E-05   3.63564E-05   0.00000E+00   3.06458E-03   1.00000E+00   0.00000E+00   7.75157E+00   5.72900E-17            15   6.38149E-10   3.13959E+00
        3125   3.75000E+02   1.20000E-01   7.72670E-02   2.39472E-05   3.59888E-05   0.00000E+00   3.06856E-03   1.00000E+00   0.00000E+00   7.75157E+00   5.72132E-17            15   6.44374E-10   3.13958E+00
        3126   3.75120E+02   1.20000E-01   7.72670E-02   2.37266E-05   3.56211E-05   0.00000E+00   3.07244E-03   1.00000E+00   0.00000E+00   7.75157E+00   5.71052E-17            15   6.50515E-10   3.13958E+00
        3127   3.75240E+02   1.20000E-01   7.72670E-02   2.35059E-05   3.52533E-05   0.00000E+00   3.07624E-03   1.00000E+00   0.00000E+00   7.75157E+00   5.69727E-17            15   6.56571E-10   3.13958E+00
        3128   3.75360E+02   1.20000E-01   7.72670E-02   2.32851E-05   3.48855E-05   0.00000E+00   3.07994E-03   1.00000E+00   0.00000E+00   7.75157E+00   5.68242E-17            15   6.62540E-10   3.13957E+00
        3129   3.75480E+02   1.20000E-01   7.72670E-02   2.30641E-05   3.45176E-05   0.00000E+00   3.08356E-03   1.00000E+00   0.00000E+00   7.75157E+00   5.66581E-17            15   6.68421E-10   3.13957E+00
        3130   3.75600E+02   1.20000E-01   7.72670E-02   2.28430E-05   3.41496E-05   0.00000E+00   3.08709E-03   1.00000E+00   0.00000E+00   7.75157E+00   5.64668E-17            15   6.74214E-10   3.13956E+00
        3131   3.75720E+02   1.20000E-01   7.72670E-02   2.26219E-05   3.37817E-05   0.00000E+00   3.09053E-03   1.00000E+00   0.00000E+00   7.75157E+00   5.62498E-17            15   6.79917E-10   3.13956E+00
        3132   3.75840E+02   1.20000E-01   7.72670E-02   2.24006E-05   3.34137E-05   0.00000E+00   3.09389E-03   1.00000E+00   0.00000E+00   7.75157E+00   5.60287E-17            15   6.85530E-10   3.13956E+00
        3133   3.75960E+02   1.20000E-01   7.72670E-02   2.21792E-05   3.30457E-05   0.00000E+00   3.09715E-03   1.00000E+00   0.00000E+00   7.75157E+00   5.57816E-17            15   6.91054E-10   3.13955E+00
        3134   3.76080E+02   1.20000E-01   7.72670E-02   2.19577E-05   3.26777E-05   0.00000E+00   3.10033E-03   1.00000E+00   0.00000E+00   7.75157E+00   5.55169E-17            15   6.96486E-10   3.13955E+00
        3135   3.76200E+02   1.20000E-01   7.72670E-02   2.17361E-05   3.23097E-05   0.00000E+00   3.10342E-03   1.00000E+00   0.00000E+00   7.75157E+00   5.52427E-17            15   7.01827E-10   3.13955E+00
        3136   3.76320E+02   1.20000E-01   7.72670E-02   2.15144E-05   3.19419E-05   0.00000E+00   3.10642E-03   1.00000E+00   0.00000E+00   7.75157E+00   5.49469E-17            15   7.07076E-10   3.13954E+00
        3137   3.76440E+02   1.20000E-01   7.72670E-02   2.12927E-05   3.15741E-05   0.00000E+00   3.10933E-03   1.00000E+00   0.00000E+00   7.75157E+00   5.46453E-17            15   7.12234E-10   3.13954E+00
        3138   3.76560E+02   1.20000E-01   7.72670E-02   2.10709E-05   3.12063E-05   0.00000E+00   3.11216E-03   1.00000E+00   0.00000E+00   7.75157E+00   5.43225E-17            15   7.17300E-10   3.13954E+00
        3139   3.76680E+02   1.20000E-01   7.72670E-02   2.08490E-05   3.08386E-05   0.00000E+00   3.11491E-03   1.00000E+00   0.00000E+00   7.75157E+00   5.39886E-17            15   7.22275E-10   3.13953E+00
        3140   3.76800E+02   1.20000E-01   7.72670E-02   2.06270E-05   3.04710E-05   0.00000E+00   3.11756E-03   1.00000E+00   0.00000E+00   7.75157E+00   5.36421E-17            15   7.27157E-10   3.13953E+00
        3141   3.76920E+02   1.20000E-01   7.72670E-02   2.04050E-05   3.01034E-05   0.00000E+00   3.12013E-03   1.00000E+00   0.00000E+00   7.75157E+00   5.32873E-17            15   7.31948E-10   3.13953E+00
        3142   3.77040E+02   1.20000E-01   7.72670E-02   2.01830E-05   2.97359E-05   0.00000E+00   3.12262E-03   1.00000E+00   0.00000E+00   7.75157E+00   5.29174E-17            15   7.36646E-10   3.13952E+00
        3143   3.77160E+02   1.20000E-01   7.72670E-02   1.99609E-05   2.93685E-05   0.00000E+00   3.12501E-03   1.00000E+00   0.00000E+00   7.75157E+00   5.25282E-17            15   7.41252E-10   3.13952E+00
        3144   3.77280E+02   1.20000E-01   7.72670E-02   2.00895E-05   2.90013E-05   0.00000E+00   3.12733E-03   1.00000E+00   0.00000E+00   7.75157E+00   5.21450E-17            15   7.45765E-10   3.13952E+00
        3145   3.77400E+02   1.20000E-01   7.72670E-02   2.02215E-05   2.86341E-05   0.00000E+00   3.12956E-03   1.00000E+00   0.00000E+00   7.75157E+00   5.17387E-17            15   7.50185E-10   3.13951E+00
        3146   3.77520E+02   1.20000E-01   7.72670E-02   2.03529E-05   2.82670E-05   0.00000E+00   3.13170E-03   1.00000E+00   0.00000E+00   7.75157E+00   5.13270E-17            15   7.54511E-10   3.13951E+00
        3147   3.77640E+02   1.20000E-01   7.72670E-02   2.04835E-05   2.79000E-05   0.00000E+00   3.13376E-03   1.00000E+00   0.00000E+00   7.75157E+00   5.09014E-17            15   7.58743E-10   3.13951E+00
        3148   3.77760E+02   1.20000E-01   7.72670E-02   2.06134E-05   2.75332E-05   0.00000E+00   3.13574E-03   1.00000E+00   0.00000E+00   7.75157E+00   5.04730E-17            15   7.62880E-10   3.13950E+00
        3149   3.77880E+02   1.20000E-01   7.72670E-02   2.07426E-05   2.71666E-05   0.00000E+00   3.13763E-03   1.00000E+00   0.00000E+00   7.75157E+00   5.00311E-17            15   7.66920E-10   3.13950E+00
        3150   3.78000E+02   1.20000E-01   7.72670E-02   2.08710E-05   2.68006E-05   0.00000E+00   3.13944E-03   1.00000E+00   0.00000E+00   7.75157E+00   4.95794E-17            15   7.70863E-10   3.13950E+00
        3151   3.78120E+02   1.20000E-01   7.72670E-02   2.09987E-05   2.64353E-05   0.00000E+00   3.14116E-03   1.00000E+00   0.00000E+00   7.75157E+00   4.91243E-17            15   7.74707E-10   3.13950E+00
        3152   3.78240E+02   1.20000E-01   7.72670E-02   2.11256E-05   2.60701E-05   0.00000E+00   3.14280E-03   1.00000E+00   0.00000E+00   7.75157E+00   4.86601E-17            15   7.78449E-10   3.13949E+00
        3153   3.78360E+02   1.20000E-01   7.72670E-02   2.12517E-05   2.57051E-05   0.00000E+00   3.14436E-03   1.00000E+00   0.00000E+00   7.75157E+00   4.81829E-17            15   7.82087E-10   3.13949E+00
        3154   3.78480E+02   1.20000E-01   7.72670E-02   2.13770E-05   2.53403E-05   0.00000E+00   3.14584E-03   1.00000E+00   0.00000E+00   7.75157E+00   4.77030E-17            15   7.85619E-10   3.13949E+00
        3155   3.78600E+02   1.20000E-01   7.72670E-02   2.15015E-05   2.49756E-05   0.00000E+00   3.14724E-03   1.00000E+00   0.00000E+00   7.75157E+00   4.72045E-17            15   7.89041E-10   3.13949E+00
        3156   3.78720E+02   1.20000E-01   7.72670E-02   2.16252E-05   2.46112E-05   0.00000E+00   3.14855E-03   1.00000E+00   0.00000E+00   7.75157E+00   4.67001E-17            15   7.92349E-10   3.13948E+00
        3157   3.78840E+02   1.20000E-01   7.72670E-02   2.17480E-05   2.42470E-05   0.00000E+00   3.14978E-03   1.00000E+00   0.00000E+00   7.75157E+00   4.61858E-17            15   7.95539E-10   3.13948E+00
        3158   3.78960E+02   1.20000E-01   7.72670E-02   2.19011E-05   2.38830E-05   0.00000E+00   3.15093E-03   1.00000E+00   0.00000E+00   7.75157E+00   4.56576E-17            15   7.98606E-10   3.13948E+00
        3159   3.79080E+02   1.20000E-01   7.72670E-02   2.21070E-05   2.35192E-05   0.00000E+00   3.15200E-03   1.00000E+00   0.00000E+00   7.75157E+00   4.51255E-17            15   8.01544E-10   3.13948E+00
        3160   3.79200E+02   1.20000E-01   7.72670E-02   2.23119E-05   2.31557E-05   0.00000E+00   3.15299E-03   1.00000E+00   0.00000E+00   7.75157E+00   4.45818E-17            15   8.04349E-10   3.13948E+00
        3161   3.79320E+02   1.20000E-01   7.72670E-02   2.25157E-05   2.27924E-05   0.00000E+00   3.15390E-03   1.00000E+00   0.00000E+00   7.75157E+00   4.40386E-17            15   8.07012E-10   3.13947E+00
        3162   3.79440E+02   1.20000E-01   7.72670E-02   2.27184E-05   2.24293E-05   0.00000E+00   3.15473E-03   1.00000E+00   0.00000E+00   7.75157E+00   4.34768E-17            15   8.09528E-10   3.13947E+00
        3163   3.79560E+02   1.20000E-01   7.72670E-02   2.29201E-05   2.20666E-05   0.00000E+00   3.15548E-03   1.00000E+00   0.00000E+00   7.75157E+00   4.29078E-17            15   8.11888E-10   3.13947E+00
        3164   3.79680E+02   1.20000E-01   7.72670E-02   2.31207E-05   2.17040E-05   0.00000E+00   3.15614E-03   1.00000E+00   0.00000E+00   7.75157E+00   4.23314E-17            15   8.14084E-10   3.13947E+00
        3165   3.79800E+02   1.20000E-01   7.72670E-02   2.33203E-05   2.13418E-05   0.00000E+00   3.15673E-03   1.00000E+00   0.00000E+00   7.75157E+00   4.17404E-17            15   8.16107E-10   3.13947E+00
        3166   3.79920E+02   1.20000E-01   7.72670E-02   2.35187E-05   2.09798E-05   0.00000E+00   3.15724E-03   1.00000E+00   0.00000E+00   7.75157E+00   4.11521E-17            15   8.17949E-10   3.13946E+00
        3167   3.80040E+02   1.20000E-01   7.72670E-02   2.37161E-05   2.06182E-05   0.00000E+00   3.15768E-03   1.00000E+00   0.00000E+00   7.75157E+00   4.05488E-17            15   8.19600E-10   3.13946E+00
        3168   3.80160E+02   1.20000E-01   7.72670E-02   2.39124E-05   2.02568E-05   0.00000E+00   3.15803E-03   1.00000E+00   0.00000E+00   7.75157E+00   3.99308E-17            15   8.21049E-10   3.13946E+00
        3169   3.80280E+02   1.20000E-01   7.72670E-02   2.41075E-05   1.98957E-05   0.00000E+00   3.15830E-03   1.00000E+00   0.00000E+00   7.75157E+00   3.93151E-17            15   8.22287E-10   3.13946E+00
        3170   3.80400E+02   1.20000E-01   7.72670E-02   2.43016E-05   1.95350E-05   0.00000E+00   3.15850E-03   1.00000E+00   0.00000E+00   7.75157E+00   3.86932E-17            15   8.23303E-10   3.13946E+00
        3171   3.80520E+02   1.20000E-01   7.72670E-02   2.44945E-05   1.91746E-05   0.00000E+00   3.15862E-03   1.00000E+00   0.00000E+00   7.75157E+00   3.80586E-17            15   8.24087E-10   3.13946E+00
        3172   3.80640E+02   1.20000E-01   7.72670E-02   2.46864E-05   1.88146E-05   0.00000E+00   3.15866E-03   1.00000E+00   0.00000E+00   7.75157E+00   3.76654E-17            15   8.24627E-10   3.13945E+00
        3173   3.80760E+02   1.20000E-01   7.72670E-02   2.48771E-05   1.84879E-05   0.00000E+00   3.15863E-03   1.00000E+00   0.00000E+00   7.75157E+00   3.77747E-17            15   8.24914E-10   3.13945E+00
        3174   3.80880E+02   1.20000E-01   7.72670E-02   2.50667E-05   1.82438E-05   0.00000E+00   3.15852E-03   1.00000E+00   0.00000E+00   7.75157E+00   3.78726E-17            15   8.24937E-10   3.13945E+00
        3175   3.81000E+02   1.20000E-01   7.72670E-02   2.52551E-05   1.79997E-05   0.00000E+00   3.15833E-03   1.00000E+00   0.00000E+00   7.75157E+00   3.79362E-17            15   8.24685E-10   3.13945E+00
        3176   3.81120E+02   1.20000E-01   7.72670E-02   2.54425E-05   1.77557E-05   0.00000E+00   3.15806E-03   1.00000E+00   0.00000E+00   7.75157E+00   3.79642E-17            15   8.24149E-10   3.13945E+00
        3177   3.81240E+02   1.20000E-01   7.72670E-02   2.56287E-05   1.75118E-05   0.00000E+00   3.15772E-03   1.00000E+00   0.00000E+00   7.75157E+00   3.79826E-17            15   8.23318E-10   3.13945E+00
        3178   3.81360E+02   1.20000E-01   7.72670E-02   2.58137E-05   1.72680E-05   0.00000E+00   3.15731E-03   1.00000E+00   0.00000E+00   7.75157E+00   3.79621E-17            15   8.22176E-10   3.13945E+00
        3179   3.81480E+02   1.20000E-01   7.72670E-02   2.59976E-05   1.70243E-05   0.00000E+00   3.15681E-03   1.00000E+00   0.00000E+00   7.75157E+00   3.79270E-17            15   8.20681E-10   3.13945E+00
        3180   3.81600E+02   1.20000E-01   7.72670E-02   2.61804E-05   1.67807E-05   0.00000E+00   3.15625E-03   1.00000E+00   0.00000E+00   7.75157E+00   3.78257E-17            15   8.18007E-10   3.13944E+00
        3181   3.81720E+02   1.20000E-01   7.72670E-02   2.63620E-05   1.65372E-05   0.00000E+00   3.15560E-03   1.00000E+00   0.00000E+00   7.75157E+00   3.77398E-17            15   8.16353E-10   3.13944E+00
        3182   3.81840E+02   1.20000E-01   7.72670E-02   2.65425E-05   1.62939E-05   0.00000E+00   3.15489E-03   1.00000E+00   0.00000E+00   7.75157E+00   3.76863E-17            15   8.14510E-10   3.13944E+00
        3183   3.81960E+02   1.20000E-01   7.72670E-02   2.67219E-05   1.60506E-05   0.00000E+00   3.15409E-03   1.00000E+00   0.00000E+00   7.75157E+00   3.75634E-17            15   8.11852E-10   3.13944E+00
        3184   3.82080E+02   1.20000E-01   7.72670E-02   2.69002E-05   1.58075E-05   0.00000E+00   3.15323E-03   1.00000E+00   0.00000E+00   7.75157E+00   3.74392E-17            15   8.08836E-10   3.13944E+00
        3185   3.82200E+02   1.20000E-01   7.72670E-02   2.70773E-05   1.55646E-05   0.00000E+00   3.15229E-03   1.00000E+00   0.00000E+00   7.75157E+00   3.72832E-17            15   8.05491E-10   3.13944E+00
        3186   3.82320E+02   1.20000E-01   7.72670E-02   2.72533E-05   1.53218E-05   0.00000E+00   3.15127E-03   1.00000E+00   0.00000E+00   7.75157E+00   3.71210E-17            15   8.01826E-10   3.13944E+00
        3187   3.82440E+02   1.20000E-01   7.72670E-02   2.74281E-05   1.50791E-05   0.00000E+00   3.15018E-03   1.00000E+00   0.00000E+00   7.75157E+00   3.69386E-17            15   7.97846E-10   3.13944E+00
        3188   3.82560E+02   1.20000E-01   7.72670E-02   2.76017E-05   1.48366E-05   0.00000E+00   3.14902E-03   1.00000E+00   0.00000E+00   7.75157E+00   3.67389E-17            15   7.93558E-10   3.13944E+00
        3189   3.82680E+02   1.20000E-01   7.72670E-02   2.77742E-05   1.45942E-05   0.00000E+00   3.14779E-03   1.00000E+00   0.00000E+00   7.75157E+00   3.65388E-17            15   7.88966E-10   3.13944E+00
        3190   3.82800E+02   1.20000E-01   7.72670E-02   2.79455E-05   1.43520E-05   0.00000E+00   3.14648E-03   1.00000E+00   0.00000E+00   7.75157E+00   3.63364E-17            15   7.84072E-10   3.13944E+00
        3191   3.82920E+02   1.20000E-01   7.72670E-02   2.81157E-05   1.41100E-05   0.00000E+00   3.14510E-03   1.00000E+00   0.00000E+00   7.75157E+00   3.61059E-17            15   7.78874E-10   3.13944E+00
        3192   3.83040E+02   1.20000E-01   7.72670E-02   2.82847E-05   1.38681E-05   0.00000E+00   3.14365E-03   1.00000E+00   0.00000E+00   7.75157E+00   3.58859E-17            15   7.73358E-10   3.13944E+00
        3193   3.83160E+02   1.20000E-01   7.72670E-02   2.84525E-05   1.36265E-05   0.00000E+00   3.14212E-03   1.00000E+00   0.00000E+00   7.75157E+00   3.56473E-17            15   7.67495E-10   3.13944E+00
        3194   3.83280E+02   1.20000E-01   7.72670E-02   2.86191E-05   1.33850E-05   0.00000E+00   3.14052E-03   1.00000E+00   0.00000E+00   7.75157E+00   3.54061E-17            15   7.61230E-10   3.13944E+00
        3195   3.83400E+02   1.20000E-01   7.72670E-02   2.87846E-05   1.31437E-05   0.00000E+00   3.13886E-03   1.00000E+00   0.00000E+00   7.75157E+00   3.51330E-17            15   7.54469E-10   3.13944E+00
        3196   3.83520E+02   1.20000E-01   7.72670E-02   2.89489E-05   1.29026E-05   0.00000E+00   3.13711E-03   1.00000E+00   0.00000E+00   7.75157E+00   3.48326E-17            15   7.47066E-10   3.13944E+00
        3197   3.83640E+02   1.20000E-01   7.72670E-02   2.91121E-05   1.26617E-05   0.00000E+00   3.13530E-03   1.00000E+00   0.00000E+00   7.75157E+00   3.44990E-17            15   7.38792E-10   3.13944E+00
        3198   3.83760E+02   1.20000E-01   7.72670E-02   2.92741E-05   1.24210E-05   0.00000E+00   3.13342E-03   1.00000E+00   0.00000E+00   7.75157E+00   3.41001E-17            15   7.29294E-10   3.13944E+00
        3199   3.83880E+02   1.20000E-01   7.72670E-02   2.94349E-05   1.21805E-05   0.00000E+00   3.13146E-03   1.00000E+00   0.00000E+00   7.75157E+00   3.35792E-17            15   7.18013E-10   3.13944E+00
        3200   3.84000E+02   1.20000E-01   7.72670E-02   2.95946E-05   1.19403E-05   0.00000E+00   3.12944E-03   1.00000E+00   0.00000E+00   7.75157E+00   3.29000E-17            15   7.04038E-10   3.13944E+00
        3201   3.84120E+02   1.20000E-01   7.72670E-02   2.97530E-05   1.19196E-05   0.00000E+00   3.12734E-03   1.00000E+00   0.00000E+00   7.75157E+00   3.19712E-17            15   6.85800E-10   3.13944E+00
        3202   3.84240E+02   1.20000E-01   7.72670E-02   2.99104E-05   1.23998E-05   0.00000E+00   3.12518E-03   1.00000E+00   0.00000E+00   7.75157E+00   3.06176E-17            15   6.60418E-10   3.13944E+00
        3203   3.84360E+02   1.20000E-01   7.72670E-02   3.00665E-05   1.28786E-05   0.00000E+00   3.12294E-03   1.00000E+00   0.00000E+00   7.75157E+00   2.85183E-17            15   6.22216E-10   3.13944E+00
        3204   3.84480E+02   1.20000E-01   7.72670E-02   3.02215E-05   1.33561E-05   0.00000E+00   3.12063E-03   1.00000E+00   0.00000E+00   7.75157E+00   2.48483E-17            15   5.55779E-10   3.13944E+00
        3205   3.84600E+02   1.20000E-01   7.72670E-02   3.03753E-05   1.38322E-05   0.00000E+00   3.11826E-03   1.00000E+00   0.00000E+00   7.75157E+00   1.99177E-17            15   4.59905E-10   3.13944E+00
        3206   3.84720E+02   1.20000E-01   7.72670E-02   3.05280E-05   1.43070E-05   0.00000E+00   3.11581E-03   1.00000E+00   0.00000E+00   7.75157E+00   1.31662E-17            15   3.16039E-10   3.13944E+00
        3207   3.84840E+02   1.20000E-01   7.72670E-02   3.06795E-05   1.47805E-05   0.00000E+00   3.11330E-03   1.00000E+00   0.00000E+00   7.75157E+00   1.06669E-17            15   2.50095E-10   3.13944E+00
        3208   3.84960E+02   1.20000E-01   7.72670E-02   3.08299E-05   1.52525E-05   0.00000E+00   3.11071E-03   1.00000E+00   0.00000E+00   7.75157E+00   1.59973E-17            15   3.74844E-10   3.13944E+00
        3209   3.85080E+02   1.20000E-01   7.72670E-02   3.09790E-05   1.57232E-05   0.00000E+00   3.10806E-03   1.00000E+00   0.00000E+00   7.75157E+00   2.21280E-17            15   4.98072E-10   3.13944E+00
        3210   3.85200E+02   1.20000E-01   7.72670E-02   3.11271E-05   1.61925E-05   0.00000E+00   3.10534E-03   1.00000E+00   0.00000E+00   7.75157E+00   2.58031E-17            15   5.68697E-10   3.13944E+00
        3211   3.85320E+02   1.20000E-01   7.72670E-02   3.12739E-05   1.66603E-05   0.00000E+00   3.10254E-03   1.00000E+00   0.00000E+00   7.75157E+00   2.76428E-17            15   6.05446E-10   3.13944E+00
        3212   3.85440E+02   1.20000E-01   7.72670E-02   3.14197E-05   1.71267E-05   0.00000E+00   3.09969E-03   1.00000E+00   0.00000E+00   7.75157E+00   2.84304E-17            15   6.24238E-10   3.13944E+00
        3213   3.85560E+02   1.20000E-01   7.72670E-02   3.15642E-05   1.75917E-05   0.00000E+00   3.09676E-03   1.00000E+00   0.00000E+00   7.75157E+00   2.89164E-17            15   6.33411E-10   3.13944E+00
        3214   3.85680E+02   1.20000E-01   7.72670E-02   3.17076E-05   1.80553E-05   0.00000E+00   3.09376E-03   1.00000E+00   0.00000E+00   7.75157E+00   2.95740E-17            15   6.37123E-10   3.13944E+00
        3215   3.85800E+02   1.20000E-01   7.72670E-02   3.18499E-05   1.85174E-05   0.00000E+00   3.09070E-03   1.00000E+00   0.00000E+00   7.75157E+00   3.00112E-17            15   6.37504E-10   3.13944E+00
        3216   3.85920E+02   1.20000E-01   7.72670E-02   3.19910E-05   1.89780E-05   0.00000E+00   3.08756E-03   1.00000E+00   0.00000E+00   7.75157E+00   3.02788E-17            15   6.35679E-10   3.13944E+00
        3217   3.86040E+02   1.20000E-01   7.72670E-02   3.21309E-05   1.94372E-05   0.00000E+00   3.08436E-03   1.00000E+00   0.00000E+00   7.75157E+00   3.03996E-17            15   6.32248E-10   3.13945E+00
        3218   3.86160E+02   1.20000E-01   7.72670E-02   3.22697E-05   1.98949E-05   0.00000E+00   3.08110E-03   1.00000E+00   0.00000E+00   7.75157E+00   3.04143E-17            15   6.27514E-10   3.13945E+00
        3219   3.86280E+02   1.20000E-01   7.72670E-02   3.24074E-05   2.03510E-05   0.00000E+00   3.07776E-03   1.00000E+00   0.00000E+00   7.75157E+00   3.02944E-17            15   6.21597E-10   3.13945E+00
        3220   3.86400E+02   1.20000E-01   7.72670E-02   3.25439E-05   2.08057E-05   0.00000E+00   3.07436E-03   1.00000E+00   0.00000E+00   7.75157E+00   3.00240E-17            15   6.14491E-10   3.13945E+00
        3221   3.86520E+02   1.20000E-01   7.72670E-02   3.26793E-05   2.12589E-05   0.00000E+00   3.07089E-03   1.00000E+00   0.00000E+00   7.75157E+00   2.96159E-17            15   6.06098E-10   3.13945E+00
        3222   3.86640E+02   1.20000E-01   7.72670E-02   3.28135E-05   2.17105E-05   0.00000E+00   3.06736E-03   1.00000E+00   0.00000E+00   7.75157E+00   2.95057E-17            15   5.96243E-10   3.13945E+00
        3223   3.86760E+02   1.20000E-01   7.72670E-02   3.29466E-05   2.21606E-05   0.00000E+00   3.06376E-03   1.00000E+00   0.00000E+00   7.75157E+00   2.97109E-17            15   5.84705E-10   3.13945E+00
        3224   3.86880E+02   1.20000E-01   7.72670E-02   3.30785E-05   2.26091E-05   0.00000E+00   3.06009E-03   1.00000E+00   0.00000E+00   7.75157E+00   2.96669E-17            15   5.71243E-10   3.13945E+00
        3225   3.87000E+02   1.20000E-01   7.72670E-02   3.32093E-05   2.30561E-05   0.00000E+00   3.05635E-03   1.00000E+00   0.00000E+00   7.75157E+00   2.92905E-17            15   5.55681E-10   3.13946E+00
        3226   3.87120E+02   1.20000E-01   7.72670E-02   3.34306E-05   2.35015E-05   0.00000E+00   3.05255E-03   1.00000E+00   0.00000E+00   7.75157E+00   2.84917E-17            15   5.38046E-10   3.13946E+00
        3227   3.87240E+02   1.20000E-01   7.72670E-02   3.36585E-05   2.39454E-05   0.00000E+00   3.04869E-03   1.00000E+00   0.00000E+00   7.75157E+00   2.71945E-17            15   5.18799E-10   3.13946E+00
        3228   3.87360E+02   1.20000E-01   7.72670E-02   3.38851E-05   2.43877E-05   0.00000E+00   3.04476E-03   1.00000E+00   0.00000E+00   7.75157E+00   2.58258E-17            15   4.99140E-10   3.13946E+00
        3229   3.87480E+02   1.20000E-01   7.72670E-02   3.41104E-05   2.48284E-05   0.00000E+00   3.04076E-03   1.00000E+00   0.00000E+00   7.75157E+00   2.54537E-17            15   4.81233E-10   3.13946E+00
        3230   3.87600E+02   1.20000E-01   7.72670E-02   3.43344E-05   2.52674E-05   0.00000E+00   3.03670E-03   1.00000E+00   0.00000E+00   7.75157E+00   2.47716E-17            15   4.68029E-10   3.13946E+00
        3231   3.87720E+02   1.20000E-01   7.72670E-02   3.45570E-05   2.57049E-05   0.00000E+00   3.03257E-03   1.00000E+00   0.00000E+00   7.75157E+00   2.38270E-17            15   4.62340E-10   3.13947E+00
        3232   3.87840E+02   1.20000E-01   7.72670E-02   3.47782E-05   2.61408E-05   0.00000E+00   3.02837E-03   1.00000E+00   0.00000E+00   7.75157E+00   2.44025E-17            15   4.65440E-10   3.13947E+00
        3233   3.87960E+02   1.20000E-01   7.72670E-02   3.49982E-05   2.65750E-05   0.00000E+00   3.02412E-03   1.00000E+00   0.00000E+00   7.75157E+00   2.80214E-17            15   4.76293E-10   3.13947E+00
        3234   3.88080E+02   1.20000E-01   7.72670E-02   3.52167E-05   2.70076E-05   0.00000E+00   3.01979E-03   1.00000E+00   0.00000E+00   7.75157E+00   3.10386E-17            15   4.92169E-10   3.13947E+00
        3235   3.88200E+02   1.20000E-01   7.72670E-02   3.54340E-05   2.74386E-05   0.00000E+00   3.01541E-03   1.00000E+00   0.00000E+00   7.75157E+00   3.33472E-17            15   5.10043E-10   3.13947E+00
        3236   3.88320E+02   1.20000E-01   7.72670E-02   3.56499E-05   2.78679E-05   0.00000E+00   3.01096E-03   1.00000E+00   0.00000E+00   7.75157E+00   3.49702E-17            15   5.27617E-10   3.13947E+00
        3237   3.88440E+02   1.20000E-01   7.72670E-02   3.58644E-05   2.82956E-05   0.00000E+00   3.00644E-03   1.00000E+00   0.00000E+00   7.75157E+00   3.60143E-17            15   5.43580E-10   3.13948E+00
        3238   3.88560E+02   1.20000E-01   7.72670E-02   3.60776E-05   2.87216E-05   0.00000E+00   3.00186E-03   1.00000E+00   0.00000E+00   7.75157E+00   3.66117E-17            15   5.57408E-10   3.13948E+00
        3239   3.88680E+02   1.20000E-01   7.72670E-02   3.62894E-05   2.91459E-05   0.00000E+00   2.99722E-03   1.00000E+00   0.00000E+00   7.75157E+00   3.68847E-17            15   5.69059E-10   3.13948E+00
        3240   3.88800E+02   1.20000E-01   7.72670E-02   3.64998E-05   2.95686E-05   0.00000E+00   2.99251E-03   1.00000E+00   0.00000E+00   7.75157E+00   3.69397E-17            15   5.78722E-10   3.13948E+00
        3241   3.88920E+02   1.20000E-01   7.72670E-02   3.67088E-05   2.99896E-05   0.00000E+00   2.98774E-03   1.00000E+00   0.00000E+00   7.75157E+00   3.68522E-17            15   5.86671E-10   3.13948E+00
        3242   3.89040E+02   1.20000E-01   7.72670E-02   3.69165E-05   3.04088E-05   0.00000E+00   2.98291E-03   1.00000E+00   0.00000E+00   7.75157E+00   3.73300E-17            15   5.93185E-10   3.13949E+00
        3243   3.89160E+02   1.20000E-01   7.72670E-02   3.71228E-05   3.08264E-05   0.00000E+00   2.97801E-03   1.00000E+00   0.00000E+00   7.75157E+00   3.78598E-17            15   5.98519E-10   3.13949E+00
        3244   3.89280E+02   1.20000E-01   7.72670E-02   3.73277E-05   3.12423E-05   0.00000E+00   2.97305E-03   1.00000E+00   0.00000E+00   7.75157E+00   3.82486E-17            15   6.02885E-10   3.13949E+00
        3245   3.89400E+02   1.20000E-01   7.72670E-02   3.75312E-05   3.16565E-05   0.00000E+00   2.96803E-03   1.00000E+00   0.00000E+00   7.75157E+00   3.85292E-17            15   6.06461E-10   3.13949E+00
        3246   3.89520E+02   1.20000E-01   7.72670E-02   3.77333E-05   3.20689E-05   0.00000E+00   2.96294E-03   1.00000E+00   0.00000E+00   7.75157E+00   3.90938E-17            15   6.09389E-10   3.13950E+00
        3247   3.89640E+02   1.20000E-01   7.72670E-02   3.79340E-05   3.24797E-05   0.00000E+00   2.95780E-03   1.00000E+00   0.00000E+00   7.75157E+00   3.96428E-17            15   6.11784E-10   3.13950E+00
        3248   3.89760E+02   1.20000E-01   7.72670E-02   3.81334E-05   3.28887E-05   0.00000E+00   2.95259E-03   1.00000E+00   0.00000E+00   7.75157E+00   4.00849E-17            15   6.13736E-10   3.13950E+00
        3249   3.89880E+02   1.20000E-01   7.72670E-02   3.83313E-05   3.32960E-05   0.00000E+00   2.94732E-03   1.00000E+00   0.00000E+00   7.75157E+00   4.04071E-17            15   6.15320E-10   3.13950E+00
        3250   3.90000E+02   1.20000E-01   7.72670E-02   3.85278E-05   3.37015E-05   0.00000E+00   2.94198E-03   1.00000E+00   0.00000E+00   7.75157E+00   4.07026E-17            15   6.16594E-10   3.13951E+00
        3251   3.90120E+02   1.20000E-01   7.72670E-02   3.87229E-05   3.41053E-05   0.00000E+00   2.93659E-03   1.00000E+00   0.00000E+00   7.75157E+00   4.09050E-17            15   6.17605E-10   3.13951E+00
        3252   3.90240E+02   1.20000E-01   7.72670E-02   3.89166E-05   3.45073E-05   0.00000E+00   2.93114E-03   1.00000E+00   0.00000E+00   7.75157E+00   4.10863E-17            15   6.18391E-10   3.13951E+00
        3253   3.90360E+02   1.20000E-01   7.72670E-02   3.91089E-05   3.49076E-05   0.00000E+00   2.92562E-03   1.00000E+00   0.00000E+00   7.75157E+00   4.12193E-17            15   6.18984E-10   3.13951E+00
        3254   3.90480E+02   1.20000E-01   7.72670E-02   3.92998E-05   3.53061E-05   0.00000E+00   2.92004E-03   1.00000E+00   0.00000E+00   7.75157E+00   4.13143E-17            15   6.19409E-10   3.13952E+00
        3255   3.90600E+02   1.20000E-01   7.72670E-02   3.94893E-05   3.57028E-05   0.00000E+00   2.91440E-03   1.00000E+00   0.00000E+00   7.75157E+00   4.13890E-17            15   6.19688E-10   3.13952E+00
        3256   3.90720E+02   1.20000E-01   7.72670E-02   3.96774E-05   3.60978E-05   0.00000E+00   2.90870E-03   1.00000E+00   0.00000E+00   7.75157E+00   4.14644E-17            15   6.19836E-10   3.13952E+00
        3257   3.90840E+02   1.20000E-01   7.72670E-02   3.98640E-05   3.64910E-05   0.00000E+00   2.90294E-03   1.00000E+00   0.00000E+00   7.75157E+00   4.14673E-17            15   6.19870E-10   3.13953E+00
        3258   3.90960E+02   1.20000E-01   7.72670E-02   4.00492E-05   3.68824E-05   0.00000E+00   2.89713E-03   1.00000E+00   0.00000E+00   7.75157E+00   4.14991E-17            15   6.19801E-10   3.13953E+00
        3259   3.91080E+02   1.20000E-01   7.72670E-02   4.02330E-05   3.72720E-05   0.00000E+00   2.89125E-03   1.00000E+00   0.00000E+00   7.75157E+00   4.14952E-17            15   6.19638E-10   3.13953E+00
        3260   3.91200E+02   1.20000E-01   7.72670E-02   4.04154E-05   3.76599E-05   0.00000E+00   2.88531E-03   1.00000E+00   0.00000E+00   7.75157E+00   4.14760E-17            15   6.19392E-10   3.13954E+00
        3261   3.91320E+02   1.20000E-01   7.72670E-02   4.05963E-05   3.80459E-05   0.00000E+00   2.87931E-03   1.00000E+00   0.00000E+00   7.75157E+00   4.14803E-17            15   6.19069E-10   3.13954E+00
        3262   3.91440E+02   1.20000E-01   7.72670E-02   4.07759E-05   3.84301E-05   0.00000E+00   2.87325E-03   1.00000E+00   0.00000E+00   7.75157E+00   4.14352E-17            15   6.18676E-10   3.13954E+00
        3263   3.91560E+02   1.20000E-01   7.72670E-02   4.09540E-05   3.88125E-05   0.00000E+00   2.86714E-03   1.00000E+00   0.00000E+00   7.75157E+00   4.14056E-17            15   6.18217E-10   3.13954E+00
        3264   3.91680E+02   1.20000E-01   7.72670E-02   4.11306E-05   3.91932E-05   0.00000E+00   2.86096E-03   1.00000E+00   0.00000E+00   7.75157E+00   4.17803E-17            15   6.17699E-10   3.13955E+00
        3265   3.91800E+02   1.20000E-01   7.72670E-02   4.13059E-05   3.95719E-05   0.00000E+00   2.85473E-03   1.00000E+00   0.00000E+00   7.75157E+00   4.25218E-17            15   6.17124E-10   3.13955E+00
        3266   3.91920E+02   1.20000E-01   7.72670E-02   4.14797E-05   3.99489E-05   0.00000E+00   2.84843E-03   1.00000E+00   0.00000E+00   7.75157E+00   4.32463E-17            15   6.16498E-10   3.13955E+00
        3267   3.92040E+02   1.20000E-01   7.72670E-02   4.16521E-05   4.03241E-05   0.00000E+00   2.84208E-03   1.00000E+00   0.00000E+00   7.75157E+00   4.39581E-17            15   6.15823E-10   3.13956E+00
        3268   3.92160E+02   1.20000E-01   7.72670E-02   4.18230E-05   4.06974E-05   0.00000E+00   2.83567E-03   1.00000E+00   0.00000E+00   7.75157E+00   4.46524E-17            15   6.15101E-10   3.13956E+00
        3269   3.92280E+02   1.20000E-01   7.72670E-02   4.19925E-05   4.10689E-05   0.00000E+00   2.82921E-03   1.00000E+00   0.00000E+00   7.75157E+00   4.53374E-17            15   6.14337E-10   3.13957E+00
        3270   3.92400E+02   1.20000E-01   7.72670E-02   4.21606E-05   4.14385E-05   0.00000E+00   2.82269E-03   1.00000E+00   0.00000E+00   7.75157E+00   4.60110E-17            15   6.13531E-10   3.13957E+00
        3271   3.92520E+02   1.20000E-01   7.72670E-02   4.23272E-05   4.18063E-05   0.00000E+00   2.81611E-03   1.00000E+00   0.00000E+00   7.75157E+00   4.66712E-17            15   6.12687E-10   3.13957E+00
        3272   3.92640E+02   1.20000E-01   7.72670E-02   4.24924E-05   4.21723E-05   0.00000E+00   2.80947E-03   1.00000E+00   0.00000E+00   7.75157E+00   4.73186E-17            15   6.11805E-10   3.13958E+00
        3273   3.92760E+02   1.20000E-01   7.72670E-02   4.26561E-05   4.25364E-05   0.00000E+00   2.80277E-03   1.00000E+00   0.00000E+00   7.75157E+00   4.79546E-17            15   6.10889E-10   3.13958E+00
        3274   3.92880E+02   1.20000E-01   7.72670E-02   4.28184E-05   4.28987E-05   0.00000E+00   2.79602E-03   1.00000E+00   0.00000E+00   7.75157E+00   4.85799E-17            15   6.09939E-10   3.13958E+00
        3275   3.93000E+02   1.20000E-01   7.72670E-02   4.29793E-05   4.32591E-05   0.00000E+00   2.78922E-03   1.00000E+00   0.00000E+00   7.75157E+00   4.91933E-17            15   6.08957E-10   3.13959E+00
        3276   3.93120E+02   1.20000E-01   7.72670E-02   4.31387E-05   4.36176E-05   0.00000E+00   2.78235E-03   1.00000E+00   0.00000E+00   7.75157E+00   4.97973E-17            15   6.07945E-10   3.13959E+00
        3277   3.93240E+02   1.20000E-01   7.72670E-02   4.32967E-05   4.39743E-05   0.00000E+00   2.77543E-03   1.00000E+00   0.00000E+00   7.75157E+00   5.03917E-17            15   6.06904E-10   3.13959E+00
        3278   3.93360E+02   1.20000E-01   7.72670E-02   4.34532E-05   4.43291E-05   0.00000E+00   2.76846E-03   1.00000E+00   0.00000E+00   7.75157E+00   5.09762E-17            15   6.05835E-10   3.13960E+00
        3279   3.93480E+02   1.20000E-01   7.72670E-02   4.36083E-05   4.46821E-05   0.00000E+00   2.76143E-03   1.00000E+00   0.00000E+00   7.75157E+00   5.15488E-17            15   6.04739E-10   3.13960E+00
        3280   3.93600E+02   1.20000E-01   7.72670E-02   4.37620E-05   4.50331E-05   0.00000E+00   2.75435E-03   1.00000E+00   0.00000E+00   7.75157E+00   5.21141E-17            15   6.03618E-10   3.13961E+00
        3281   3.93720E+02   1.20000E-01   7.72670E-02   4.39142E-05   4.53823E-05   0.00000E+00   2.74721E-03   1.00000E+00   0.00000E+00   7.75157E+00   5.26665E-17            15   6.02472E-10   3.13961E+00
        3282   3.93840E+02   1.20000E-01   7.72670E-02   4.40649E-05   4.57296E-05   0.00000E+00   2.74002E-03   1.00000E+00   0.00000E+00   7.75157E+00   5.32134E-17            15   6.01303E-10   3.13961E+00
        3283   3.93960E+02   1.20000E-01   7.72670E-02   4.42143E-05   4.60751E-05   0.00000E+00   2.73278E-03   1.00000E+00   0.00000E+00   7.75157E+00   5.37483E-17            15   6.00111E-10   3.13962E+00
        3284   3.94080E+02   1.20000E-01   7.72670E-02   4.43621E-05   4.64186E-05   0.00000E+00   2.72548E-03   1.00000E+00   0.00000E+00   7.75157E+00   5.42759E-17            15   5.98897E-10   3.13962E+00
        3285   3.94200E+02   1.20000E-01   7.72670E-02   4.45086E-05   4.67603E-05   0.00000E+00   2.71813E-03   1.00000E+00   0.00000E+00   7.75157E+00   5.47941E-17            15   5.97663E-10   3.13963E+00
        3286   3.94320E+02   1.20000E-01   7.72670E-02   4.46535E-05   4.71000E-05   0.00000E+00   2.71072E-03   1.00000E+00   0.00000E+00   7.75157E+00   5.53058E-17            15   5.96408E-10   3.13963E+00
        3287   3.94440E+02   1.20000E-01   7.72670E-02   4.47971E-05   4.74379E-05   0.00000E+00   2.70327E-03   1.00000E+00   0.00000E+00   7.75157E+00   5.58055E-17            15   5.95135E-10   3.13964E+00
        3288   3.94560E+02   1.20000E-01   7.72670E-02   4.49392E-05   4.77738E-05   0.00000E+00   2.69576E-03   1.00000E+00   0.00000E+00   7.75157E+00   5.62928E-17            15   5.93842E-10   3.13964E+00
        3289   3.94680E+02   1.20000E-01   7.72670E-02   4.50798E-05   4.81079E-05   0.00000E+00   2.68819E-03   1.00000E+00   0.00000E+00   7.75157E+00   5.67768E-17            15   5.92532E-10   3.13964E+00
        3290   3.94800E+02   1.20000E-01   7.72670E-02   4.52190E-05   4.84400E-05   0.00000E+00   2.68051E-03   1.00000E+00   0.00000E+00   7.75157E+00   6.95982E-17            15   7.83594E-10   3.13965E+00
        3291   3.94920E+02   1.20000E-01   7.72670E-02   4.53568E-05   4.87704E-05   0.00000E+00   2.67284E-03   1.00000E+00   0.00000E+00   7.75157E+00   5.80646E-17            15   5.91957E-10   3.13965E+00
        3292   3.95040E+02   1.20000E-01   7.72670E-02   4.54931E-05   4.90988E-05   0.00000E+00   2.66512E-03   1.00000E+00   0.00000E+00   7.75157E+00   5.84125E-17            15   5.89853E-10   3.13966E+00
        3293   3.95160E+02   1.20000E-01   7.72670E-02   4.56279E-05   4.94254E-05   0.00000E+00   2.65735E-03   1.00000E+00   0.00000E+00   7.75157E+00   5.88140E-17            15   5.88283E-10   3.13966E+00
        3294   3.95280E+02   1.20000E-01   7.72670E-02   4.57613E-05   4.97500E-05   0.00000E+00   2.64953E-03   1.00000E+00   0.00000E+00   7.75157E+00   5.92287E-17            15   5.86778E-10   3.13967E+00
        3295   3.95400E+02   1.20000E-01   7.72670E-02   4.58933E-05   5.00726E-05   0.00000E+00   2.64165E-03   1.00000E+00   0.00000E+00   7.75157E+00   5.96491E-17            15   5.85308E-10   3.13967E+00
        3296   3.95520E+02   1.20000E-01   7.72670E-02   4.60238E-05   5.03934E-05   0.00000E+00   2.63373E-03   1.00000E+00   0.00000E+00   7.75157E+00   6.00634E-17            15   5.83852E-10   3.13968E+00
        3297   3.95640E+02   1.20000E-01   7.72670E-02   4.61529E-05   5.07122E-05   0.00000E+00   2.62576E-03   1.00000E+00   0.00000E+00   7.75157E+00   6.04746E-17            15   5.82396E-10   3.13968E+00
        3298   3.95760E+02   1.20000E-01   7.72670E-02   4.62806E-05   5.10291E-05   0.00000E+00   2.61773E-03   1.00000E+00   0.00000E+00   7.75157E+00   6.08778E-17            15   5.80933E-10   3.13968E+00
        3299   3.95880E+02   1.20000E-01   7.72670E-02   4.64068E-05   5.13440E-05   0.00000E+00   2.60966E-03   1.00000E+00   0.00000E+00   7.75157E+00   6.12735E-17            15   5.79462E-10   3.13969E+00
        3300   3.96000E+02   1.20000E-01   7.72670E-02   4.65315E-05   5.16571E-05   0.00000E+00   2.60154E-03   1.00000E+00   0.00000E+00   7.75157E+00   6.16631E-17            15   5.77980E-10   3.13969E+00
        3301   3.96120E+02   1.20000E-01   7.72670E-02   4.66548E-05   5.19681E-05   0.00000E+00   2.59336E-03   1.00000E+00   0.00000E+00   7.75157E+00   6.20446E-17            15   5.76488E-10   3.13970E+00
        3302   3.96240E+02   1.20000E-01   7.72670E-02   4.67767E-05   5.22772E-05   0.00000E+00   2.58514E-03   1.00000E+00   0.00000E+00   7.75157E+00   6.24162E-17            15   5.74987E-10   3.13970E+00
        3303   3.96360E+02   1.20000E-01   7.72670E-02   4.68971E-05   5.25844E-05   0.00000E+00   2.57687E-03   1.00000E+00   0.00000E+00   7.75157E+00   6.27819E-17            15   5.73476E-10   3.13971E+00
        3304   3.96480E+02   1.20000E-01   7.72670E-02   4.70161E-05   5.28896E-05   0.00000E+00   2.56856E-03   1.00000E+00   0.00000E+00   7.75157E+00   6.31408E-17            15   5.71956E-10   3.13971E+00
        3305   3.96600E+02   1.20000E-01   7.72670E-02   4.71337E-05   5.31929E-05   0.00000E+00   2.56019E-03   1.00000E+00   0.00000E+00   7.75157E+00   6.34860E-17            15   5.70427E-10   3.13972E+00
        3306   3.96720E+02   1.20000E-01   7.72670E-02   4.72498E-05   5.34942E-05   0.00000E+00   2.55178E-03   1.00000E+00   0.00000E+00   7.75157E+00   6.38317E-17            15   5.68890E-10   3.13972E+00
        3307   3.96840E+02   1.20000E-01   7.72670E-02   4.73644E-05   5.37936E-05   0.00000E+00   2.54332E-03   1.00000E+00   0.00000E+00   7.75157E+00   6.41681E-17            15   5.67346E-10   3.13973E+00
        3308   3.96960E+02   1.20000E-01   7.72670E-02   4.74777E-05   5.40910E-05   0.00000E+00   2.53481E-03   1.00000E+00   0.00000E+00   7.75157E+00   6.44910E-17            15   5.65793E-10   3.13973E+00
        3309   3.97080E+02   1.20000E-01   7.72670E-02   4.75895E-05   5.43864E-05   0.00000E+00   2.52626E-03   1.00000E+00   0.00000E+00   7.75157E+00   6.48140E-17            15   5.64233E-10   3.13974E+00
        3310   3.97200E+02   1.20000E-01   7.72670E-02   4.76998E-05   5.46799E-05   0.00000E+00   2.51766E-03   1.00000E+00   0.00000E+00   7.75157E+00   6.51301E-17            15   5.62666E-10   3.13974E+00
        3311   3.97320E+02   1.20000E-01   7.72670E-02   4.78088E-05   5.49713E-05   0.00000E+00   2.50901E-03   1.00000E+00   0.00000E+00   7.75157E+00   6.54327E-17            15   5.61093E-10   3.13975E+00
        3312   3.97440E+02   1.20000E-01   7.72670E-02   4.79162E-05   5.52609E-05   0.00000E+00   2.50032E-03   1.00000E+00   0.00000E+00   7.75157E+00   6.57282E-17            15   5.59512E-10   3.13975E+00
        3313   3.97560E+02   1.20000E-01   7.72670E-02   4.80223E-05   5.55484E-05   0.00000E+00   2.49158E-03   1.00000E+00   0.00000E+00   7.75157E+00   6.60219E-17            15   5.57926E-10   3.13976E+00
        3314   3.97680E+02   1.20000E-01   7.72670E-02   4.81269E-05   5.58339E-05   0.00000E+00   2.48280E-03   1.00000E+00   0.00000E+00   7.75157E+00   6.63040E-17            15   5.56334E-10   3.13976E+00
        3315   3.97800E+02   1.20000E-01   7.72670E-02   4.82301E-05   5.61175E-05   0.00000E+00   2.47397E-03   1.00000E+00   0.00000E+00   7.75157E+00   6.65798E-17            15   5.54735E-10   3.13977E+00
        3316   3.97920E+02   1.20000E-01   7.72670E-02   4.83319E-05   5.63991E-05   0.00000E+00   2.46510E-03   1.00000E+00   0.00000E+00   7.75157E+00   6.68462E-17            15   5.53132E-10   3.13977E+00
        3317   3.98040E+02   1.20000E-01   7.72670E-02   4.84322E-05   5.66787E-05   0.00000E+00   2.45619E-03   1.00000E+00   0.00000E+00   7.75157E+00   6.71065E-17            15   5.51523E-10   3.13978E+00
        3318   3.98160E+02   1.20000E-01   7.72670E-02   4.85311E-05   5.69563E-05   0.00000E+00   2.44723E-03   1.00000E+00   0.00000E+00   7.75157E+00   6.73607E-17            15   5.49908E-10   3.13979E+00
        3319   3.98280E+02   1.20000E-01   7.72670E-02   4.86286E-05   5.72319E-05   0.00000E+00   2.43823E-03   1.00000E+00   0.00000E+00   7.75157E+00   6.76028E-17            15   5.48289E-10   3.13979E+00
        3320   3.98400E+02   1.20000E-01   7.72670E-02   4.87246E-05   5.75055E-05   0.00000E+00   2.42918E-03   1.00000E+00   0.00000E+00   7.75157E+00   6.78482E-17            15   5.46665E-10   3.13980E+00
        3321   3.98520E+02   1.20000E-01   7.72670E-02   4.88192E-05   5.77771E-05   0.00000E+00   2.42009E-03   1.00000E+00   0.00000E+00   7.75157E+00   6.80820E-17            15   5.45037E-10   3.13980E+00
        3322   3.98640E+02   1.20000E-01   7.72670E-02   4.89124E-05   5.80467E-05   0.00000E+00   2.41096E-03   1.00000E+00   0.00000E+00   7.75157E+00   6.83078E-17            15   5.43404E-10   3.13981E+00
        3323   3.98760E+02   1.20000E-01   7.72670E-02   4.90042E-05   5.83143E-05   0.00000E+00   2.40179E-03   1.00000E+00   0.00000E+00   7.75157E+00   6.85234E-17            15   5.41767E-10   3.13981E+00
        3324   3.98880E+02   1.20000E-01   7.72670E-02   4.90946E-05   5.85799E-05   0.00000E+00   2.39258E-03   1.00000E+00   0.00000E+00   7.75157E+00   6.87313E-17            15   5.40126E-10   3.13982E+00
        3325   3.99000E+02   1.20000E-01   7.72670E-02   4.91835E-05   5.88435E-05   0.00000E+00   2.38332E-03   1.00000E+00   0.00000E+00   7.75157E+00   6.89348E-17            15   5.38481E-10   3.13982E+00
        3326   3.99120E+02   1.20000E-01   7.72670E-02   4.92710E-05   5.91051E-05   0.00000E+00   2.37403E-03   1.00000E+00   0.00000E+00   7.75157E+00   6.91259E-17            15   5.36832E-10   3.13983E+00
        3327   3.99240E+02   1.20000E-01   7.72670E-02   4.93571E-05   5.93646E-05   0.00000E+00   2.36469E-03   1.00000E+00   0.00000E+00   7.75157E+00   6.93164E-17            15   5.35180E-10   3.13984E+00
        3328   3.99360E+02   1.20000E-01   7.72670E-02   4.94418E-05   5.96221E-05   0.00000E+00   2.35531E-03   1.00000E+00   0.00000E+00   7.75157E+00   6.95006E-17            15   5.33524E-10   3.13984E+00
        3329   3.99480E+02   1.20000E-01   7.72670E-02   4.95250E-05   5.98776E-05   0.00000E+00   2.34589E-03   1.00000E+00   0.00000E+00   7.75157E+00   6.96671E-17            15   5.31865E-10   3.13985E+00
        3330   3.99600E+02   1.20000E-01   7.72670E-02   4.96069E-05   6.01311E-05   0.00000E+00   2.33644E-03   1.00000E+00   0.00000E+00   7.75157E+00   6.98407E-17            15   5.30203E-10   3.13985E+00
        3331   3.99720E+02   1.20000E-01   7.72670E-02   4.96873E-05   6.03826E-05   0.00000E+00   2.32694E-03   1.00000E+00   0.00000E+00   7.75157E+00   6.99995E-17            15   5.28538E-10   3.13986E+00
        3332   3.99840E+02   1.20000E-01   7.72670E-02   4.97663E-05   6.06320E-05   0.00000E+00   2.31740E-03   1.00000E+00   0.00000E+00   7.75157E+00   7.01510E-17            15   5.26871E-10   3.13986E+00
        3333   3.99960E+02   1.20000E-01   7.72670E-02   4.98439E-05   6.08794E-05   0.00000E+00   2.30783E-03   1.00000E+00   0.00000E+00   7.75157E+00   7.02977E-17            15   5.25201E-10   3.13987E+00
        3334   4.00080E+02   1.20000E-01   7.72670E-02   4.99201E-05   6.11247E-05   0.00000E+00   2.29821E-03   1.00000E+00   0.00000E+00   7.75157E+00   7.04447E-17            15   5.23528E-10   3.13988E+00
        3335   4.00200E+02   1.20000E-01   7.72670E-02   4.99949E-05   6.13681E-05   0.00000E+00   2.28856E-03   1.00000E+00   0.00000E+00   7.75157E+00   7.05682E-17            15   5.21854E-10   3.13988E+00
        3336   4.00320E+02   1.20000E-01   7.72670E-02   5.00683E-05   6.16093E-05   0.00000E+00   2.27887E-03   1.00000E+00   0.00000E+00   7.75157E+00   7.06884E-17            15   5.20177E-10   3.13989E+00
        3337   4.00440E+02   1.20000E-01   7.72670E-02   5.01403E-05   6.18486E-05   0.00000E+00   2.26915E-03   1.00000E+00   0.00000E+00   7.75157E+00   7.08102E-17            15   5.18498E-10   3.13989E+00
        3338   4.00560E+02   1.20000E-01   7.72670E-02   5.02109E-05   6.20858E-05   0.00000E+00   2.25938E-03   1.00000E+00   0.00000E+00   7.75157E+00   7.09229E-17            15   5.16817E-10   3.13990E+00
        3339   4.00680E+02   1.20000E-01   7.72670E-02   5.02800E-05   6.23209E-05   0.00000E+00   2.24958E-03   1.00000E+00   0.00000E+00   7.75157E+00   7.10228E-17            15   5.15135E-10   3.13991E+00
        3340   4.00800E+02   1.20000E-01   7.72670E-02   5.03478E-05   6.25540E-05   0.00000E+00   2.23975E-03   1.00000E+00   0.00000E+00   7.75157E+00   7.11209E-17            15   5.13451E-10   3.13991E+00
        3341   4.00920E+02   1.20000E-01   7.72670E-02   5.04142E-05   6.27850E-05   0.00000E+00   2.22988E-03   1.00000E+00   0.00000E+00   7.75157E+00   7.12083E-17            15   5.11766E-10   3.13992E+00
        3342   4.01040E+02   1.20000E-01   7.72670E-02   5.04792E-05   6.30140E-05   0.00000E+00   2.21997E-03   1.00000E+00   0.00000E+00   7.75157E+00   7.12938E-17            15   5.10080E-10   3.13992E+00
        3343   4.01160E+02   1.20000E-01   7.72670E-02   5.05428E-05   6.32409E-05   0.00000E+00   2.21002E-03   1.00000E+00   0.00000E+00   7.75157E+00   7.13756E-17            15   5.08392E-10   3.13993E+00
        3344   4.01280E+02   1.20000E-01   7.72670E-02   5.06050E-05   6.34658E-05   0.00000E+00   2.20005E-03   1.00000E+00   0.00000E+00   7.75157E+00   7.14403E-17            15   5.06704E-10   3.13994E+00
        3345   4.01400E+02   1.20000E-01   7.72670E-02   5.06658E-05   6.36886E-05   0.00000E+00   2.19003E-03   1.00000E+00   0.00000E+00   7.75157E+00   7.15054E-17            15   5.05015E-10   3.13994E+00
        3346   4.01520E+02   1.20000E-01   7.72670E-02   5.07252E-05   6.39094E-05   0.00000E+00   2.17998E-03   1.00000E+00   0.00000E+00   7.75157E+00   7.15601E-17            15   5.03325E-10   3.13995E+00
        3347   4.01640E+02   1.20000E-01   7.72670E-02   5.07832E-05   6.41281E-05   0.00000E+00   2.16990E-03   1.00000E+00   0.00000E+00   7.75157E+00   7.16071E-17            15   5.01635E-10   3.13996E+00
        3348   4.01760E+02   1.20000E-01   7.72670E-02   5.08398E-05   6.43447E-05   0.00000E+00   2.15979E-03   1.00000E+00   0.00000E+00   7.75157E+00   7.16542E-17            15   4.99944E-10   3.13996E+00
        3349   4.01880E+02   1.20000E-01   7.72670E-02   5.08951E-05   6.45592E-05   0.00000E+00   2.14964E-03   1.00000E+00   0.00000E+00   7.75157E+00   7.16919E-17            15   4.98253E-10   3.13997E+00
        3350   4.02000E+02   1.20000E-01   7.72670E-02   5.09490E-05   6.47717E-05   0.00000E+00   2.13946E-03   1.00000E+00   0.00000E+00   7.75157E+00   7.17198E-17            15   4.96562E-10   3.13998E+00
        3351   4.02120E+02   1.20000E-01   7.72670E-02   5.10015E-05   6.49821E-05   0.00000E+00   2.12924E-03   1.00000E+00   0.00000E+00   7.75157E+00   7.17457E-17            15   4.94872E-10   3.13998E+00
        3352   4.02240E+02   1.20000E-01   7.72670E-02   5.10526E-05   6.51904E-05   0.00000E+00   2.11900E-03   1.00000E+00   0.00000E+00   7.75157E+00   7.17550E-17            15   4.93181E-10   3.13999E+00
        3353   4.02360E+02   1.20000E-01   7.72670E-02   5.11023E-05   6.53967E-05   0.00000E+00   2.10872E-03   1.00000E+00   0.00000E+00   7.75157E+00   7.17746E-17            15   4.91491E-10   3.13999E+00
        3354   4.02480E+02   1.20000E-01   7.72670E-02   5.11507E-05   6.56008E-05   0.00000E+00   2.09841E-03   1.00000E+00   0.00000E+00   7.75157E+00   7.17752E-17            15   4.89801E-10   3.14000E+00
        3355   4.02600E+02   1.20000E-01   7.72670E-02   5.11977E-05   6.58029E-05   0.00000E+00   2.08807E-03   1.00000E+00   0.00000E+00   7.75157E+00   7.17740E-17            15   4.88111E-10   3.14001E+00
        3356   4.02720E+02   1.20000E-01   7.72670E-02   5.12433E-05   6.60030E-05   0.00000E+00   2.07769E-03   1.00000E+00   0.00000E+00   7.75157E+00   7.17694E-17            15   4.86423E-10   3.14001E+00
        3357   4.02840E+02   1.20000E-01   7.72670E-02   5.12875E-05   6.62009E-05   0.00000E+00   2.06729E-03   1.00000E+00   0.00000E+00   7.75157E+00   7.17542E-17            15   4.84735E-10   3.14002E+00
        3358   4.02960E+02   1.20000E-01   7.72670E-02   5.13304E-05   6.63967E-05   0.00000E+00   2.05686E-03   1.00000E+00   0.00000E+00   7.75157E+00   7.17350E-17            15   4.83048E-10   3.14003E+00
        3359   4.03080E+02   1.20000E-01   7.72670E-02   5.13720E-05   6.65905E-05   0.00000E+00   2.04640E-03   1.00000E+00   0.00000E+00   7.75157E+00   7.17071E-17            15   4.81362E-10   3.14003E+00
        3360   4.03200E+02   1.20000E-01   7.72670E-02   5.14121E-05   6.67822E-05   0.00000E+00   2.03590E-03   1.00000E+00   0.00000E+00   7.75157E+00   7.16660E-17            15   4.79677E-10   3.14004E+00
        3361   4.03320E+02   1.20000E-01   7.72670E-02   5.14509E-05   6.69718E-05   0.00000E+00   2.02538E-03   1.00000E+00   0.00000E+00   7.75157E+00   7.16342E-17            15   4.77993E-10   3.14005E+00
        3362   4.03440E+02   1.20000E-01   7.72670E-02   5.14883E-05   6.71593E-05   0.00000E+00   2.01483E-03   1.00000E+00   0.00000E+00   7.75157E+00   7.15897E-17            15   4.76311E-10   3.14005E+00
        3363   4.03560E+02   1.20000E-01   7.72670E-02   5.15244E-05   6.73447E-05   0.00000E+00   2.00425E-03   1.00000E+00   0.00000E+00   7.75157E+00   7.15360E-17            15   4.74630E-10   3.14006E+00
        3364   4.03680E+02   1.20000E-01   7.72670E-02   5.15592E-05   6.75280E-05   0.00000E+00   1.99364E-03   1.00000E+00   0.00000E+00   7.75157E+00   7.14913E-17            15   4.72950E-10   3.14007E+00
        3365   4.03800E+02   1.20000E-01   7.72670E-02   5.15925E-05   6.77093E-05   0.00000E+00   1.98301E-03   1.00000E+00   0.00000E+00   7.75157E+00   7.14207E-17            15   4.71272E-10   3.14007E+00
        3366   4.03920E+02   1.20000E-01   7.72670E-02   5.16246E-05   6.78884E-05   0.00000E+00   1.97234E-03   1.00000E+00   0.00000E+00   7.75157E+00   7.13527E-17            15   4.69596E-10   3.14008E+00
        3367   4.04040E+02   1.20000E-01   7.72670E-02   5.16552E-05   6.80655E-05   0.00000E+00   1.96165E-03   1.00000E+00   0.00000E+00   7.75157E+00   7.12843E-17            15   4.67921E-10   3.14009E+00
        3368   4.04160E+02   1.20000E-01   7.72670E-02   5.16846E-05   6.82404E-05   0.00000E+00   1.95093E-03   1.00000E+00   0.00000E+00   7.75157E+00   7.12040E-17            15   4.66248E-10   3.14009E+00
        3369   4.04280E+02   1.20000E-01   7.72670E-02   5.17126E-05   6.84133E-05   0.00000E+00   1.94019E-03   1.00000E+00   0.00000E+00   7.75157E+00   7.11204E-17            15   4.64577E-10   3.14010E+00
        3370   4.04400E+02   1.20000E-01   7.72670E-02   5.17392E-05   6.85841E-05   0.00000E+00   1.92942E-03   1.00000E+00   0.00000E+00   7.75157E+00   7.10320E-17            15   4.62908E-10   3.14011E+00
        3371   4.04520E+02   1.20000E-01   7.72670E-02   5.17645E-05   6.87528E-05   0.00000E+00   1.91862E-03   1.00000E+00   0.00000E+00   7.75157E+00   7.09399E-17            15   4.61240E-10   3.14011E+00
        3372   4.04640E+02   1.20000E-01   7.72670E-02   5.17885E-05   6.89193E-05   0.00000E+00   1.90780E-03   1.00000E+00   0.00000E+00   7.75157E+00   7.08309E-17            15   4.59575E-10   3.14012E+00
        3373   4.04760E+02   1.20000E-01   7.72670E-02   5.18111E-05   6.90839E-05   0.00000E+00   1.89695E-03   1.00000E+00   0.00000E+00   7.75157E+00   7.07316E-17            15   4.57911E-10   3.14013E+00
        3374   4.04880E+02   1.20000E-01   7.72670E-02   5.18324E-05   6.92465E-05   0.00000E+00   1.88608E-03   1.00000E+00   0.00000E+00   7.75157E+00   7.06179E-17            15   4.56250E-10   3.14014E+00
        3375   4.05000E+02   1.20000E-01   7.72670E-02   5.18524E-05   6.94069E-05   0.00000E+00   1.87518E-03   1.00000E+00   0.00000E+00   7.75157E+00   7.05018E-17            15   4.54591E-10   3.14014E+00
        3376   4.05120E+02   1.20000E-01   7.72670E-02   5.18711E-05   6.95652E-05   0.00000E+00   1.86426E-03   1.00000E+00   0.00000E+00   7.75157E+00   7.03784E-17            15   4.52934E-10   3.14015E+00
        3377   4.05240E+02   1.20000E-01   7.72670E-02   5.18884E-05   6.97215E-05   0.00000E+00   1.85332E-03   1.00000E+00   0.00000E+00   7.75157E+00   7.02507E-17            15   4.51279E-10   3.14016E+00
        3378   4.05360E+02   1.20000E-01   7.72670E-02   5.19044E-05   6.98756E-05   0.00000E+00   1.84235E-03   1.00000E+00   0.00000E+00   7.75157E+00   7.01247E-17            15   4.49626E-10   3.14016E+00
        3379   4.05480E+02   1.20000E-01   7.72670E-02   5.19191E-05   7.00276E-05   0.00000E+00   1.83135E-03   1.00000E+00   0.00000E+00   7.75157E+00   6.99768E-17            15   4.47975E-10   3.14017E+00
        3380   4.05600E+02   1.20000E-01   7.72670E-02   5.19325E-05   7.01776E-05   0.00000E+00   1.82034E-03   1.00000E+00   0.00000E+00   7.75157E+00   6.98384E-17            15   4.46327E-10   3.14018E+00
        3381   4.05720E+02   1.20000E-01   7.72670E-02   5.19446E-05   7.03254E-05   0.00000E+00   1.80930E-03   1.00000E+00   0.00000E+00   7.75157E+00   6.96940E-17            15   4.44680E-10   3.14019E+00
        3382   4.05840E+02   1.20000E-01   7.72670E-02   5.19553E-05   7.04712E-05   0.00000E+00   1.79824E-03   1.00000E+00   0.00000E+00   7.75157E+00   6.95368E-17            15   4.43036E-10   3.14019E+00
        3383   4.05960E+02   1.20000E-01   7.72670E-02   5.19648E-05   7.06148E-05   0.00000E+00   1.78716E-03   1.00000E+00   0.00000E+00   7.75157E+00   6.93874E-17            15   4.41394E-10   3.14020E+00
        3384   4.06080E+02   1.20000E-01   7.72670E-02   5.19729E-05   7.07564E-05   0.00000E+00   1.77605E-03   1.00000E+00   0.00000E+00   7.75157E+00   6.92314E-17            15   4.39755E-10   3.14021E+00
        3385   4.06200E+02   1.20000E-01   7.72670E-02   5.19798E-05   7.08959E-05   0.00000E+00   1.76493E-03   1.00000E+00   0.00000E+00   7.75157E+00   6.90558E-17            15   4.38117E-10   3.14021E+00
        3386   4.06320E+02   1.20000E-01   7.72670E-02   5.19853E-05   7.10333E-05   0.00000E+00   1.75378E-03   1.00000E+00   0.00000E+00   7.75157E+00   6.88829E-17            15   4.36482E-10   3.14022E+00
        3387   4.06440E+02   1.20000E-01   7.72670E-02   5.19895E-05   7.11685E-05   0.00000E+00   1.74262E-03   1.00000E+00   0.00000E+00   7.75157E+00   6.87192E-17            15   4.34849E-10   3.14023E+00
        3388   4.06560E+02   1.20000E-01   7.72670E-02   5.19925E-05   7.13017E-05   0.00000E+00   1.73143E-03   1.00000E+00   0.00000E+00   7.75157E+00   6.85312E-17            15   4.33218E-10   3.14024E+00
        3389   4.06680E+02   1.20000E-01   7.72670E-02   5.19941E-05   7.14328E-05   0.00000E+00   1.72022E-03   1.00000E+00   0.00000E+00   7.75157E+00   6.83446E-17            15   4.31590E-10   3.14024E+00
        3390   4.06800E+02   1.20000E-01   7.72670E-02   5.19945E-05   7.15618E-05   0.00000E+00   1.70899E-03   1.00000E+00   0.00000E+00   7.75157E+00   6.81587E-17            15   4.29963E-10   3.14025E+00
        3391   4.06920E+02   1.20000E-01   7.72670E-02   5.19936E-05   7.16888E-05   0.00000E+00   1.69775E-03   1.00000E+00   0.00000E+00   7.75157E+00   6.79602E-17            15   4.28339E-10   3.14026E+00
        3392   4.07040E+02   1.20000E-01   7.72670E-02   5.19914E-05   7.18136E-05   0.00000E+00   1.68648E-03   1.00000E+00   0.00000E+00   7.75157E+00   6.77575E-17            15   4.26717E-10   3.14026E+00
        3393   4.07160E+02   1.20000E-01   7.72670E-02   5.19879E-05   7.19363E-05   0.00000E+00   1.67520E-03   1.00000E+00   0.00000E+00   7.75157E+00   6.75607E-17            15   4.25097E-10   3.14027E+00
        3394   4.07280E+02   1.20000E-01   7.72670E-02   5.19831E-05   7.20570E-05   0.00000E+00   1.66390E-03   1.00000E+00   0.00000E+00   7.75157E+00   6.73485E-17            15   4.23479E-10   3.14028E+00
        3395   4.07400E+02   1.20000E-01   7.72670E-02   5.19771E-05   7.21755E-05   0.00000E+00   1.65257E-03   1.00000E+00   0.00000E+00   7.75157E+00   6.71396E-17            15   4.21864E-10   3.14029E+00
        3396   4.07520E+02   1.20000E-01   7.72670E-02   5.19698E-05   7.22920E-05   0.00000E+00   1.64124E-03   1.00000E+00   0.00000E+00   7.75157E+00   6.69252E-17            15   4.20249E-10   3.14029E+00
        3397   4.07640E+02   1.20000E-01   7.72670E-02   5.19612E-05   7.24064E-05   0.00000E+00   1.62988E-03   1.00000E+00   0.00000E+00   7.75157E+00   6.67003E-17            15   4.18632E-10   3.14030E+00
        3398   4.07760E+02   1.20000E-01   7.72670E-02   5.19514E-05   7.25187E-05   0.00000E+00   1.61851E-03   1.00000E+00   0.00000E+00   7.75157E+00   6.64797E-17            15   4.17020E-10   3.14031E+00
        3399   4.07880E+02   1.20000E-01   7.72670E-02   5.19403E-05   7.26290E-05   0.00000E+00   1.60712E-03   1.00000E+00   0.00000E+00   7.75157E+00   6.62614E-17            15   4.15411E-10   3.14032E+00
        3400   4.08000E+02   1.20000E-01   7.72670E-02   5.19279E-05   7.27372E-05   0.00000E+00   1.59571E-03   1.00000E+00   0.00000E+00   7.75157E+00   6.60201E-17            15   4.13807E-10   3.14032E+00
        3401   4.08120E+02   1.20000E-01   7.72670E-02   5.19143E-05   7.28432E-05   0.00000E+00   1.58429E-03   1.00000E+00   0.00000E+00   7.75157E+00   6.57942E-17            15   4.12207E-10   3.14033E+00
        3402   4.08240E+02   1.20000E-01   7.72670E-02   5.18994E-05   7.29473E-05   0.00000E+00   1.57285E-03   1.00000E+00   0.00000E+00   7.75157E+00   6.55541E-17            15   4.10610E-10   3.14034E+00
        3403   4.08360E+02   1.20000E-01   7.72670E-02   5.18833E-05   7.30492E-05   0.00000E+00   1.56140E-03   1.00000E+00   0.00000E+00   7.75157E+00   6.53028E-17            15   4.09016E-10   3.14035E+00
        3404   4.08480E+02   1.20000E-01   7.72670E-02   5.18659E-05   7.31491E-05   0.00000E+00   1.54993E-03   1.00000E+00   0.00000E+00   7.75157E+00   6.50596E-17            15   4.07426E-10   3.14035E+00
        3405   4.08600E+02   1.20000E-01   7.72670E-02   5.18473E-05   7.32469E-05   0.00000E+00   1.53844E-03   1.00000E+00   0.00000E+00   7.75157E+00   6.48116E-17            15   4.05839E-10   3.14036E+00
        3406   4.08720E+02   1.20000E-01   7.72670E-02   5.18274E-05   7.33426E-05   0.00000E+00   1.52694E-03   1.00000E+00   0.00000E+00   7.75157E+00   6.45603E-17            15   4.04255E-10   3.14037E+00
        3407   4.08840E+02   1.20000E-01   7.72670E-02   5.18064E-05   7.34363E-05   0.00000E+00   1.51543E-03   1.00000E+00   0.00000E+00   7.75157E+00   6.43046E-17            15   4.02675E-10   3.14038E+00
        3408   4.08960E+02   1.20000E-01   7.72670E-02   5.17840E-05   7.35279E-05   0.00000E+00   1.50390E-03   1.00000E+00   0.00000E+00   7.75157E+00   6.40465E-17            15   4.01098E-10   3.14038E+00
        3409   4.09080E+02   1.20000E-01   7.72670E-02   5.17605E-05   7.36174E-05   0.00000E+00   1.49236E-03   1.00000E+00   0.00000E+00   7.75157E+00   6.37800E-17            15   3.99524E-10   3.14039E+00
        3410   4.09200E+02   1.20000E-01   7.72670E-02   5.17357E-05   7.37049E-05   0.00000E+00   1.48081E-03   1.00000E+00   0.00000E+00   7.75157E+00   6.35111E-17            15   3.97954E-10   3.14040E+00
        3411   4.09320E+02   1.20000E-01   7.72670E-02   5.17097E-05   7.37903E-05   0.00000E+00   1.46924E-03   1.00000E+00   0.00000E+00   7.75157E+00   6.32486E-17            15   3.96388E-10   3.14041E+00
        3412   4.09440E+02   1.20000E-01   7.72670E-02   5.16825E-05   7.38737E-05   0.00000E+00   1.45766E-03   1.00000E+00   0.00000E+00   7.75157E+00   6.29758E-17            15   3.94825E-10   3.14041E+00
        3413   4.09560E+02   1.20000E-01   7.72670E-02   5.16541E-05   7.39550E-05   0.00000E+00   1.44607E-03   1.00000E+00   0.00000E+00   7.75157E+00   6.26974E-17            15   3.93267E-10   3.14042E+00
        3414   4.09680E+02   1.20000E-01   7.72670E-02   5.16244E-05   7.40343E-05   0.00000E+00   1.43447E-03   1.00000E+00   0.00000E+00   7.75157E+00   6.24179E-17            15   3.91713E-10   3.14043E+00
        3415   4.09800E+02   1.20000E-01   7.72670E-02   5.15936E-05   7.41115E-05   0.00000E+00   1.42285E-03   1.00000E+00   0.00000E+00   7.75157E+00   6.21396E-17            15   3.90162E-10   3.14044E+00
        3416   4.09920E+02   1.20000E-01   7.72670E-02   5.15615E-05   7.41867E-05   0.00000E+00   1.41123E-03   1.00000E+00   0.00000E+00   7.75157E+00   6.18503E-17            15   3.88616E-10   3.14045E+00
        3417   4.10040E+02   1.20000E-01   7.72670E-02   5.15283E-05   7.42598E-05   0.00000E+00   1.39959E-03   1.00000E+00   0.00000E+00   7.75157E+00   6.15696E-17            15   3.87075E-10   3.14045E+00
        3418   4.10160E+02   1.20000E-01   7.72670E-02   5.14938E-05   7.43309E-05   0.00000E+00   1.38794E-03   1.00000E+00   0.00000E+00   7.75157E+00   6.12792E-17            15   3.85538E-10   3.14046E+00
        3419   4.10280E+02   1.20000E-01   7.72670E-02   5.14581E-05   7.44000E-05   0.00000E+00   1.37628E-03   1.00000E+00   0.00000E+00   7.75157E+00   6.09917E-17            15   3.84006E-10   3.14047E+00
        3420   4.10400E+02   1.20000E-01   7.72670E-02   5.14213E-05   7.44670E-05   0.00000E+00   1.36461E-03   1.00000E+00   0.00000E+00   7.75157E+00   6.06827E-17            15   3.82479E-10   3.14048E+00
        3421   4.10520E+02   1.20000E-01   7.72670E-02   5.13833E-05   7.45321E-05   0.00000E+00   1.35293E-03   1.00000E+00   0.00000E+00   7.75157E+00   6.03868E-17            15   3.80958E-10   3.14048E+00
        3422   4.10640E+02   1.20000E-01   7.72670E-02   5.13441E-05   7.45950E-05   0.00000E+00   1.34124E-03   1.00000E+00   0.00000E+00   7.75157E+00   6.00916E-17            15   3.79442E-10   3.14049E+00
        3423   4.10760E+02   1.20000E-01   7.72670E-02   5.13037E-05   7.46560E-05   0.00000E+00   1.32954E-03   1.00000E+00   0.00000E+00   7.75157E+00   5.97712E-17            15   3.77932E-10   3.14050E+00
        3424   4.10880E+02   1.20000E-01   7.72670E-02   5.12621E-05   7.47149E-05   0.00000E+00   1.31784E-03   1.00000E+00   0.00000E+00   7.75157E+00   5.94735E-17            15   3.76427E-10   3.14051E+00
        3425   4.11000E+02   1.20000E-01   7.72670E-02   5.12194E-05   7.47718E-05   0.00000E+00   1.30612E-03   1.00000E+00   0.00000E+00   7.75157E+00   5.91589E-17            15   3.74921E-10   3.14052E+00
        3426   4.11120E+02   1.20000E-01   7.72670E-02   5.11755E-05   7.48267E-05   0.00000E+00   1.29440E-03   1.00000E+00   0.00000E+00   7.75157E+00   5.88536E-17            15   3.73461E-10   3.14052E+00
        3427   4.11240E+02   1.20000E-01   7.72670E-02   5.11304E-05   7.48796E-05   0.00000E+00   1.28266E-03   1.00000E+00   0.00000E+00   7.75157E+00   5.85350E-17            15   3.71973E-10   3.14053E+00
        3428   4.11360E+02   1.20000E-01   7.72670E-02   5.10842E-05   7.49305E-05   0.00000E+00   1.27092E-03   1.00000E+00   0.00000E+00   7.75157E+00   5.82365E-17            15   3.70439E-10   3.14054E+00
        3429   4.11480E+02   1.20000E-01   7.72670E-02   5.10368E-05   7.49794E-05   0.00000E+00   1.25918E-03   1.00000E+00   0.00000E+00   7.75157E+00   5.79245E-17            15   3.68960E-10   3.14055E+00
        3430   4.11600E+02   1.20000E-01   7.72670E-02   5.09883E-05   7.50263E-05   0.00000E+00   1.24742E-03   1.00000E+00   0.00000E+00   7.75157E+00   5.75910E-17            15   3.67528E-10   3.14055E+00
        3431   4.11720E+02   1.20000E-01   7.72670E-02   5.09386E-05   7.50711E-05   0.00000E+00   1.23566E-03   1.00000E+00   0.00000E+00   7.75157E+00   5.72661E-17            15   3.66067E-10   3.14056E+00
        3432   4.11840E+02   1.20000E-01   7.72670E-02   5.08877E-05   7.51140E-05   0.00000E+00   1.22390E-03   1.00000E+00   0.00000E+00   7.75157E+00   5.69524E-17            15   3.64552E-10   3.14057E+00
        3433   4.11960E+02   1.20000E-01   7.72670E-02   5.08358E-05   7.51549E-05   0.00000E+00   1.21212E-03   1.00000E+00   0.00000E+00   7.75157E+00   5.66240E-17            15   3.63139E-10   3.14058E+00
        3434   4.12080E+02   1.20000E-01   7.72670E-02   5.07864E-05   7.51938E-05   0.00000E+00   1.20035E-03   1.00000E+00   0.00000E+00   7.75157E+00   5.62913E-17            15   3.61704E-10   3.14059E+00
        3435   4.12200E+02   1.20000E-01   7.72670E-02   5.07563E-05   7.52307E-05   0.00000E+00   1.18856E-03   1.00000E+00   0.00000E+00   7.75157E+00   5.59782E-17            15   3.60212E-10   3.14059E+00
        3436   4.12320E+02   1.20000E-01   7.72670E-02   5.07249E-05   7.52657E-05   0.00000E+00   1.17677E-03   1.00000E+00   0.00000E+00   7.75157E+00   5.56303E-17            15   3.58830E-10   3.14060E+00
        3437   4.12440E+02   1.20000E-01   7.72670E-02   5.06924E-05   7.52986E-05   0.00000E+00   1.16498E-03   1.00000E+00   0.00000E+00   7.75157E+00   5.52924E-17            15   3.57420E-10   3.14061E+00
        3438   4.12560E+02   1.20000E-01   7.72670E-02   5.06586E-05   7.53296E-05   0.00000E+00   1.15318E-03   1.00000E+00   0.00000E+00   7.75157E+00   5.49811E-17            15   3.55942E-10   3.14062E+00
        3439   4.12680E+02   1.20000E-01   7.72670E-02   5.06235E-05   7.53586E-05   0.00000E+00   1.14138E-03   1.00000E+00   0.00000E+00   7.75157E+00   5.46194E-17            15   3.54593E-10   3.14063E+00
        3440   4.12800E+02   1.20000E-01   7.72670E-02   5.05873E-05   7.53857E-05   0.00000E+00   1.12957E-03   1.00000E+00   0.00000E+00   7.75157E+00   5.42752E-17            15   3.53201E-10   3.14063E+00
        3441   4.12920E+02   1.20000E-01   7.72670E-02   5.05499E-05   7.54108E-05   0.00000E+00   1.11776E-03   1.00000E+00   0.00000E+00   7.75157E+00   5.39474E-17            15   3.51783E-10   3.14064E+00
        3442   4.13040E+02   1.20000E-01   7.72670E-02   5.05113E-05   7.54339E-05   0.00000E+00   1.10594E-03   1.00000E+00   0.00000E+00   7.75157E+00   5.35980E-17            15   3.50411E-10   3.14065E+00
        3443   4.13160E+02   1.20000E-01   7.72670E-02   5.04714E-05   7.54551E-05   0.00000E+00   1.09413E-03   1.00000E+00   0.00000E+00   7.75157E+00   5.32580E-17            15   3.49036E-10   3.14066E+00
        3444   4.13280E+02   1.20000E-01   7.72670E-02   5.04304E-05   7.54743E-05   0.00000E+00   1.08231E-03   1.00000E+00   0.00000E+00   7.75157E+00   5.29001E-17            15   3.47686E-10   3.14067E+00
        3445   4.13400E+02   1.20000E-01   7.72670E-02   5.03881E-05   7.54916E-05   0.00000E+00   1.07048E-03   1.00000E+00   0.00000E+00   7.75157E+00   5.25579E-17            15   3.46331E-10   3.14067E+00
        3446   4.13520E+02   1.20000E-01   7.72670E-02   5.03447E-05   7.55069E-05   0.00000E+00   1.05866E-03   1.00000E+00   0.00000E+00   7.75157E+00   5.21993E-17            15   3.45003E-10   3.14068E+00
        3447   4.13640E+02   1.20000E-01   7.72670E-02   5.03001E-05   7.55203E-05   0.00000E+00   1.04683E-03   1.00000E+00   0.00000E+00   7.75157E+00   5.18523E-17            15   3.43669E-10   3.14069E+00
        3448   4.13760E+02   1.20000E-01   7.72670E-02   5.02543E-05   7.55318E-05   0.00000E+00   1.03501E-03   1.00000E+00   0.00000E+00   7.75157E+00   5.14933E-17            15   3.42366E-10   3.14070E+00
        3449   4.13880E+02   1.20000E-01   7.72670E-02   5.02074E-05   7.55414E-05   0.00000E+00   1.02318E-03   1.00000E+00   0.00000E+00   7.75157E+00   5.11440E-17            15   3.41055E-10   3.14071E+00
        3450   4.14000E+02   1.20000E-01   7.72670E-02   5.01592E-05   7.55490E-05   0.00000E+00   1.01135E-03   1.00000E+00   0.00000E+00   7.75157E+00   5.07789E-17            15   3.39778E-10   3.14071E+00
        3451   4.14120E+02   1.20000E-01   7.72670E-02   5.01099E-05   7.55547E-05   0.00000E+00   9.99515E-04   1.00000E+00   0.00000E+00   7.75157E+00   5.04310E-17            15   3.38491E-10   3.14072E+00
        3452   4.14240E+02   1.20000E-01   7.72670E-02   5.00594E-05   7.55585E-05   0.00000E+00   9.87684E-04   1.00000E+00   0.00000E+00   7.75157E+00   5.00632E-17            15   3.37242E-10   3.14073E+00
        3453   4.14360E+02   1.20000E-01   7.72670E-02   5.00077E-05   7.55604E-05   0.00000E+00   9.75853E-04   1.00000E+00   0.00000E+00   7.75157E+00   4.97092E-17            15   3.35982E-10   3.14074E+00
        3454   4.14480E+02   1.20000E-01   7.72670E-02   4.99549E-05   7.55603E-05   0.00000E+00   9.64021E-04   1.00000E+00   0.00000E+00   7.75157E+00   4.93504E-17            15   3.34763E-10   3.14075E+00
        3455   4.14600E+02   1.20000E-01   7.72670E-02   4.99009E-05   7.55584E-05   0.00000E+00   9.52191E-04   1.00000E+00   0.00000E+00   7.75157E+00   4.89988E-17            15   3.33530E-10   3.14075E+00
        3456   4.14720E+02   1.20000E-01   7.72670E-02   4.98458E-05   7.55546E-05   0.00000E+00   9.40360E-04   1.00000E+00   0.00000E+00   7.75157E+00   4.86182E-17            15   3.32342E-10   3.14076E+00
        3457   4.14840E+02   1.20000E-01   7.72670E-02   4.97895E-05   7.55488E-05   0.00000E+00   9.28532E-04   1.00000E+00   0.00000E+00   7.75157E+00   4.82641E-17            15   3.31139E-10   3.14077E+00
        3458   4.14960E+02   1.20000E-01   7.72670E-02   4.97321E-05   7.55412E-05   0.00000E+00   9.16704E-04   1.00000E+00   0.00000E+00   7.75157E+00   4.78833E-17            15   3.29983E-10   3.14078E+00
        3459   4.15080E+02   1.20000E-01   7.72670E-02   4.96735E-05   7.55317E-05   0.00000E+00   9.04878E-04   1.00000E+00   0.00000E+00   7.75157E+00   4.75380E-17            15   3.28811E-10   3.14079E+00
        3460   4.15200E+02   1.20000E-01   7.72670E-02   4.96138E-05   7.55204E-05   0.00000E+00   8.93054E-04   1.00000E+00   0.00000E+00   7.75157E+00   4.71621E-17            15   3.27689E-10   3.14079E+00
        3461   4.15320E+02   1.20000E-01   7.72670E-02   4.95529E-05   7.55071E-05   0.00000E+00   8.81232E-04   1.00000E+00   0.00000E+00   7.75157E+00   4.68970E-17            15   3.26549E-10   3.14080E+00
        3462   4.15440E+02   1.20000E-01   7.72670E-02   4.94909E-05   7.54920E-05   0.00000E+00   8.69413E-04   1.00000E+00   0.00000E+00   7.75157E+00   4.72538E-17            15   3.25462E-10   3.14081E+00
        3463   4.15560E+02   1.20000E-01   7.72670E-02   4.94278E-05   7.54750E-05   0.00000E+00   8.57596E-04   1.00000E+00   0.00000E+00   7.75157E+00   4.73977E-17            15   3.24357E-10   3.14082E+00
        3464   4.15680E+02   1.20000E-01   7.72670E-02   4.93635E-05   7.54561E-05   0.00000E+00   8.45783E-04   1.00000E+00   0.00000E+00   7.75157E+00   4.77480E-17            15   3.23306E-10   3.14083E+00
        3465   4.15800E+02   1.20000E-01   7.72670E-02   4.92981E-05   7.54354E-05   0.00000E+00   8.33973E-04   1.00000E+00   0.00000E+00   7.75157E+00   4.79350E-17            15   3.22220E-10   3.14083E+00
        3466   4.15920E+02   1.20000E-01   7.72670E-02   4.92316E-05   7.54129E-05   0.00000E+00   8.22167E-04   1.00000E+00   0.00000E+00   7.75157E+00   4.82053E-17            15   3.21239E-10   3.14084E+00
        3467   4.16040E+02   1.20000E-01   7.72670E-02   4.91640E-05   7.53885E-05   0.00000E+00   8.10364E-04   1.00000E+00   0.00000E+00   7.75157E+00   4.84612E-17            15   3.20158E-10   3.14085E+00
        3468   4.16160E+02   1.20000E-01   7.72670E-02   4.90953E-05   7.53622E-05   0.00000E+00   7.98566E-04   1.00000E+00   0.00000E+00   7.75157E+00   4.86938E-17            15   3.19157E-10   3.14086E+00
        3469   4.16280E+02   1.20000E-01   7.72670E-02   4.90255E-05   7.53341E-05   0.00000E+00   7.86772E-04   1.00000E+00   0.00000E+00   7.75157E+00   4.89581E-17            15   3.18176E-10   3.14087E+00
        3470   4.16400E+02   1.20000E-01   7.72670E-02   4.89545E-05   7.53042E-05   0.00000E+00   7.74983E-04   1.00000E+00   0.00000E+00   7.75157E+00   4.91831E-17            15   3.17213E-10   3.14087E+00
        3471   4.16520E+02   1.20000E-01   7.72670E-02   4.88825E-05   7.52725E-05   0.00000E+00   7.63201E-04   1.00000E+00   0.00000E+00   7.75157E+00   4.89626E-17            15   3.19702E-10   3.14088E+00
        3472   4.16640E+02   1.20000E-01   7.72670E-02   4.88093E-05   7.52389E-05   0.00000E+00   7.51420E-04   1.00000E+00   0.00000E+00   7.75157E+00   5.03388E-17            15   3.12692E-10   3.14089E+00
        3473   4.16760E+02   1.20000E-01   7.72670E-02   4.87351E-05   7.52035E-05   0.00000E+00   7.39648E-04   1.00000E+00   0.00000E+00   7.75157E+00   4.94282E-17            15   3.17808E-10   3.14090E+00
        3474   4.16880E+02   1.20000E-01   7.72670E-02   4.86598E-05   7.51663E-05   0.00000E+00   7.27879E-04   1.00000E+00   0.00000E+00   7.75157E+00   5.08475E-17            15   3.10740E-10   3.14091E+00
        3475   4.17000E+02   1.20000E-01   7.72670E-02   4.85834E-05   7.51273E-05   0.00000E+00   7.16119E-04   1.00000E+00   0.00000E+00   7.75157E+00   4.98514E-17            15   3.16025E-10   3.14091E+00
        3476   4.17120E+02   1.20000E-01   7.72670E-02   4.85059E-05   7.50865E-05   0.00000E+00   7.04363E-04   1.00000E+00   0.00000E+00   7.75157E+00   5.13460E-17            15   3.08915E-10   3.14092E+00
        3477   4.17240E+02   1.20000E-01   7.72670E-02   4.84273E-05   7.50439E-05   0.00000E+00   6.92616E-04   1.00000E+00   0.00000E+00   7.75157E+00   5.02786E-17            15   3.14322E-10   3.14093E+00
        3478   4.17360E+02   1.20000E-01   7.72670E-02   4.83477E-05   7.49995E-05   0.00000E+00   6.80873E-04   1.00000E+00   0.00000E+00   7.75157E+00   5.18048E-17            15   3.07328E-10   3.14094E+00
        3479   4.17480E+02   1.20000E-01   7.72670E-02   4.82669E-05   7.49533E-05   0.00000E+00   6.69140E-04   1.00000E+00   0.00000E+00   7.75157E+00   5.06250E-17            15   3.12758E-10   3.14095E+00
        3480   4.17600E+02   1.20000E-01   7.72670E-02   4.81852E-05   7.49054E-05   0.00000E+00   6.57411E-04   1.00000E+00   0.00000E+00   7.75157E+00   5.22314E-17            15   3.05934E-10   3.14095E+00
        3481   4.17720E+02   1.20000E-01   7.72670E-02   4.81023E-05   7.48556E-05   0.00000E+00   6.45693E-04   1.00000E+00   0.00000E+00   7.75157E+00   5.10186E-17            15   3.11273E-10   3.14096E+00
        3482   4.17840E+02   1.20000E-01   7.72670E-02   4.80184E-05   7.48041E-05   0.00000E+00   6.33980E-04   1.00000E+00   0.00000E+00   7.75157E+00   5.26030E-17            15   3.04691E-10   3.14097E+00
        3483   4.17960E+02   1.20000E-01   7.72670E-02   4.79334E-05   7.47509E-05   0.00000E+00   6.22278E-04   1.00000E+00   0.00000E+00   7.75157E+00   5.13769E-17            15   3.09857E-10   3.14098E+00
        3484   4.18080E+02   1.20000E-01   7.72670E-02   4.78474E-05   7.46958E-05   0.00000E+00   6.10582E-04   1.00000E+00   0.00000E+00   7.75157E+00   5.29181E-17            15   3.03577E-10   3.14099E+00
        3485   4.18200E+02   1.20000E-01   7.72670E-02   4.77604E-05   7.46390E-05   0.00000E+00   5.98897E-04   1.00000E+00   0.00000E+00   7.75157E+00   5.16608E-17            15   3.08495E-10   3.14099E+00
        3486   4.18320E+02   1.20000E-01   7.72670E-02   4.76722E-05   7.45805E-05   0.00000E+00   5.87219E-04   1.00000E+00   0.00000E+00   7.75157E+00   5.31636E-17            15   3.02450E-10   3.14100E+00
        3487   4.18440E+02   1.20000E-01   7.72670E-02   4.75831E-05   7.45202E-05   0.00000E+00   5.75553E-04   1.00000E+00   0.00000E+00   7.75157E+00   5.20221E-17            15   3.06003E-10   3.14101E+00
        3488   4.18560E+02   1.20000E-01   7.72670E-02   4.74929E-05   7.44582E-05   0.00000E+00   5.63890E-04   1.00000E+00   0.00000E+00   7.75157E+00   5.33097E-17            15   3.03702E-10   3.14102E+00
        3489   4.18680E+02   1.20000E-01   7.72670E-02   4.74017E-05   7.43944E-05   0.00000E+00   5.52244E-04   1.00000E+00   0.00000E+00   7.75157E+00   5.26142E-17            15   3.02489E-10   3.14103E+00
        3490   4.18800E+02   1.20000E-01   7.72670E-02   4.73094E-05   7.43290E-05   0.00000E+00   5.40607E-04   1.00000E+00   0.00000E+00   7.75157E+00   5.22985E-17            15   3.03533E-10   3.14104E+00
        3491   4.18920E+02   1.20000E-01   7.72670E-02   4.72161E-05   7.42617E-05   0.00000E+00   5.28975E-04   1.00000E+00   0.00000E+00   7.75157E+00   5.37293E-17            15   3.00273E-10   3.14104E+00
        3492   4.19040E+02   1.20000E-01   7.72670E-02   4.71218E-05   7.41928E-05   0.00000E+00   5.17355E-04   1.00000E+00   0.00000E+00   7.75157E+00   5.30395E-17            15   3.00853E-10   3.14105E+00
        3493   4.19160E+02   1.20000E-01   7.72670E-02   4.70265E-05   7.41222E-05   0.00000E+00   5.05747E-04   1.00000E+00   0.00000E+00   7.75157E+00   5.28262E-17            15   3.00659E-10   3.14106E+00
        3494   4.19280E+02   1.20000E-01   7.72670E-02   4.69302E-05   7.40498E-05   0.00000E+00   4.94149E-04   1.00000E+00   0.00000E+00   7.75157E+00   5.27844E-17            15   3.00153E-10   3.14107E+00
        3495   4.19400E+02   1.20000E-01   7.72670E-02   4.68328E-05   7.39758E-05   0.00000E+00   4.82563E-04   1.00000E+00   0.00000E+00   7.75157E+00   5.27499E-17            15   2.99565E-10   3.14108E+00
        3496   4.19520E+02   1.20000E-01   7.72670E-02   4.67345E-05   7.39000E-05   0.00000E+00   4.70988E-04   1.00000E+00   0.00000E+00   7.75157E+00   5.26464E-17            15   2.98932E-10   3.14108E+00
        3497   4.19640E+02   1.20000E-01   7.72670E-02   4.66351E-05   7.38226E-05   0.00000E+00   4.59424E-04   1.00000E+00   0.00000E+00   7.75157E+00   5.25620E-17            15   2.98260E-10   3.14109E+00
        3498   4.19760E+02   1.20000E-01   7.72670E-02   4.65347E-05   7.37435E-05   0.00000E+00   4.47872E-04   1.00000E+00   0.00000E+00   7.75157E+00   5.24209E-17            15   2.97541E-10   3.14110E+00
        3499   4.19880E+02   1.20000E-01   7.72670E-02   4.64334E-05   7.36627E-05   0.00000E+00   4.36331E-04   1.00000E+00   0.00000E+00   7.75157E+00   5.22441E-17            15   2.96776E-10   3.14111E+00
        3500   4.20000E+02   1.20000E-01   7.72670E-02   4.63310E-05   7.35802E-05   0.00000E+00   4.24803E-04   1.00000E+00   0.00000E+00   7.75157E+00   5.20575E-17            15   2.95948E-10   3.14112E+00
        3501   4.20120E+02   1.20000E-01   7.72670E-02   4.62277E-05   7.34961E-05   0.00000E+00   4.13287E-04   1.00000E+00   0.00000E+00   7.75157E+00   5.18142E-17            15   2.95068E-10   3.14112E+00
        3502   4.20240E+02   1.20000E-01   7.72670E-02   4.61233E-05   7.34103E-05   0.00000E+00   4.01784E-04   1.00000E+00   0.00000E+00   7.75157E+00   5.15911E-17            15   2.94109E-10   3.14113E+00
        3503   4.20360E+02   1.20000E-01   7.72670E-02   4.60180E-05   7.33228E-05   0.00000E+00   3.90293E-04   1.00000E+00   0.00000E+00   7.75157E+00   5.12897E-17            15   2.93089E-10   3.14114E+00
        3504   4.20480E+02   1.20000E-01   7.72670E-02   4.59117E-05   7.32337E-05   0.00000E+00   3.78816E-04   1.00000E+00   0.00000E+00   7.75157E+00   5.09837E-17            15   2.91979E-10   3.14115E+00
        3505   4.20600E+02   1.20000E-01   7.72670E-02   4.58044E-05   7.31429E-05   0.00000E+00   3.67351E-04   1.00000E+00   0.00000E+00   7.75157E+00   5.06244E-17            15   2.90801E-10   3.14116E+00
        3506   4.20720E+02   1.20000E-01   7.72670E-02   4.56961E-05   7.30505E-05   0.00000E+00   3.55900E-04   1.00000E+00   0.00000E+00   7.75157E+00   5.02736E-17            15   2.89523E-10   3.14116E+00
        3507   4.20840E+02   1.20000E-01   7.72670E-02   4.55869E-05   7.29565E-05   0.00000E+00   3.44462E-04   1.00000E+00   0.00000E+00   7.75157E+00   4.98672E-17            15   2.88173E-10   3.14117E+00
        3508   4.20960E+02   1.20000E-01   7.72670E-02   4.54767E-05   7.28608E-05   0.00000E+00   3.33038E-04   1.00000E+00   0.00000E+00   7.75157E+00   4.94493E-17            15   2.86717E-10   3.14118E+00
        3509   4.21080E+02   1.20000E-01   7.72670E-02   4.53655E-05   7.27635E-05   0.00000E+00   3.21628E-04   1.00000E+00   0.00000E+00   7.75157E+00   4.90294E-17            15   2.85187E-10   3.14119E+00
        3510   4.21200E+02   1.20000E-01   7.72670E-02   4.52534E-05   7.26646E-05   0.00000E+00   3.10232E-04   1.00000E+00   0.00000E+00   7.75157E+00   4.85402E-17            15   2.83549E-10   3.14120E+00
        3511   4.21320E+02   1.20000E-01   7.72670E-02   4.51403E-05   7.25641E-05   0.00000E+00   2.98375E-04   1.00000E+00   0.00000E+00   7.75157E+00   5.86587E-17            15   6.69068E-10   3.14120E+00
        3512   4.21440E+02   1.20000E-01   7.72670E-02   4.50263E-05   7.24619E-05   0.00000E+00   2.88005E-04   1.00000E+00   0.00000E+00   7.75157E+00   8.35708E-17            15   6.49042E-10   3.14121E+00
        3513   4.21560E+02   1.20000E-01   7.72670E-02   4.49117E-05   7.23581E-05   0.00000E+00   2.76692E-04   1.00000E+00   0.00000E+00   7.75157E+00   8.21607E-17            15   6.15982E-10   3.14122E+00
        3514   4.21680E+02   1.20000E-01   7.72670E-02   4.47972E-05   7.22528E-05   0.00000E+00   2.64983E-04   1.00000E+00   0.00000E+00   7.75157E+00   5.71348E-17            15   6.65940E-10   3.14123E+00
        3515   4.21800E+02   1.20000E-01   7.72670E-02   4.46811E-05   7.21462E-05   0.00000E+00   2.53117E-04   1.00000E+00   0.00000E+00   7.75157E+00   6.19173E-17            15   6.98112E-10   3.14123E+00
        3516   4.21920E+02   1.20000E-01   7.72670E-02   4.45643E-05   7.20384E-05   0.00000E+00   2.41892E-04   1.00000E+00   0.00000E+00   7.75157E+00   2.29997E-16            15   9.25678E-10   3.14124E+00
        3517   4.22040E+02   1.20000E-01   7.72670E-02   4.44474E-05   7.19293E-05   0.00000E+00   2.31321E-04   1.00000E+00   0.00000E+00   7.75157E+00   2.25293E-16            15   7.71160E-10   3.14125E+00
        3518   4.22160E+02   1.20000E-01   7.72670E-02   4.43306E-05   7.18178E-05   0.00000E+00   2.20817E-04   1.00000E+00   0.00000E+00   7.75157E+00   1.32927E-16            15   3.99204E-10   3.14126E+00
        3519   4.22280E+02   1.20000E-01   7.72670E-02   4.42105E-05   7.17037E-05   0.00000E+00   2.08102E-04   1.00000E+00   0.00000E+00   7.75157E+00   2.43072E-16            15   7.67151E-10   3.14127E+00
        3520   4.22400E+02   1.20000E-01   7.72670E-02   4.40898E-05   7.15883E-05   0.00000E+00   1.98466E-04   1.00000E+00   0.00000E+00   7.75157E+00   7.72809E-17            15   5.71006E-10   3.14127E+00
        3521   4.22520E+02   1.20000E-01   7.72670E-02   4.39688E-05   7.14717E-05   0.00000E+00   1.86803E-04   1.00000E+00   0.00000E+00   7.75157E+00   1.89576E-16            15   6.90146E-10   3.14128E+00
        3522   4.22640E+02   1.20000E-01   7.72670E-02   4.38466E-05   7.13536E-05   0.00000E+00   1.74977E-04   1.00000E+00   0.00000E+00   7.75157E+00   1.19972E-16            15   6.71324E-10   3.14129E+00
        3523   4.22760E+02   1.20000E-01   7.72670E-02   4.37236E-05   7.12334E-05   0.00000E+00   1.64927E-04   1.00000E+00   0.00000E+00   7.75157E+00   1.79993E-16            15   6.96720E-10   3.14130E+00
        3524   4.22880E+02   1.20000E-01   7.72670E-02   4.36006E-05   7.11114E-05   0.00000E+00   1.53447E-04   1.00000E+00   0.00000E+00   7.75157E+00   8.33607E-17            15   2.74057E-10   3.14131E+00
        3525   4.23000E+02   1.20000E-01   7.72670E-02   4.34758E-05   7.09888E-05   0.00000E+00   1.41330E-04   1.00000E+00   0.00000E+00   7.75157E+00   1.09654E-16            15   5.61725E-10   3.14131E+00
        3526   4.23120E+02   1.20000E-01   7.72670E-02   4.33505E-05   7.08644E-05   0.00000E+00   1.32005E-04   1.00000E+00   0.00000E+00   7.75157E+00   1.52519E-16            15   8.27651E-10   3.14132E+00
        3527   4.23240E+02   1.20000E-01   7.72670E-02   4.32248E-05   7.07378E-05   0.00000E+00   1.19836E-04   1.00000E+00   0.00000E+00   7.75157E+00   2.13489E-16            15   7.38997E-10   3.14133E+00
        3528   4.23360E+02   1.20000E-01   7.72670E-02   4.30978E-05   7.06107E-05   0.00000E+00   1.08553E-04   1.00000E+00   0.00000E+00   7.75157E+00   1.32800E-16            15   6.40062E-10   3.14134E+00
        3529   4.23480E+02   1.20000E-01   7.72670E-02   4.29698E-05   7.04814E-05   0.00000E+00   9.85198E-05   1.00000E+00   0.00000E+00   7.75157E+00   1.71761E-16            15   7.05088E-10   3.14134E+00
        3530   4.23600E+02   1.20000E-01   7.72670E-02   4.28420E-05   7.03506E-05   0.00000E+00   9.71434E-05   1.00000E+00   0.00000E+00   7.75157E+00   8.36718E-17            15   4.85499E-10   3.14135E+00
        3531   4.23720E+02   1.20000E-01   7.72670E-02   4.27123E-05   7.02185E-05   0.00000E+00   9.58362E-05   1.00000E+00   0.00000E+00   7.75157E+00   4.24077E-17            15   2.96574E-10   3.14136E+00
        3532   4.23840E+02   1.20000E-01   7.72670E-02   4.25821E-05   7.00848E-05   0.00000E+00   9.37037E-05   1.00000E+00   0.00000E+00   7.75157E+00   1.65350E-16            15   8.61441E-10   3.14137E+00
        3533   4.23960E+02   1.20000E-01   7.72670E-02   4.24516E-05   6.99495E-05   0.00000E+00   9.35515E-05   1.00000E+00   0.00000E+00   7.75157E+00   2.40798E-16            15   7.99062E-10   3.14138E+00
        3534   4.24080E+02   1.20000E-01   7.72670E-02   4.23197E-05   6.98129E-05   0.00000E+00   9.10842E-05   1.00000E+00   0.00000E+00   7.75157E+00   1.53755E-16            15   6.97701E-10   3.14138E+00
        3535   4.24200E+02   1.20000E-01   7.72670E-02   4.21870E-05   6.96749E-05   0.00000E+00   9.03346E-05   1.00000E+00   0.00000E+00   7.75157E+00   2.12496E-16            15   7.95456E-10   3.14139E+00
        3536   4.24320E+02   1.20000E-01   7.72670E-02   4.20544E-05   6.95355E-05   0.00000E+00   8.95371E-05   1.00000E+00   0.00000E+00   7.75157E+00   1.10231E-16            15   6.08055E-10   3.14140E+00
        3537   4.24440E+02   1.20000E-01   7.72670E-02   4.19207E-05   6.93947E-05   0.00000E+00   8.76286E-05   1.00000E+00   0.00000E+00   7.75157E+00   1.04776E-16            15   5.87496E-10   3.14141E+00
        3538   4.24560E+02   1.20000E-01   7.72670E-02   4.17853E-05   6.92518E-05   0.00000E+00   8.55229E-05   1.00000E+00   0.00000E+00   7.75157E+00   1.03666E-16            15   6.42470E-10   3.14141E+00
        3539   4.24680E+02   1.20000E-01   7.72670E-02   4.16483E-05   6.91071E-05   0.00000E+00   8.44299E-05   1.00000E+00   0.00000E+00   7.75157E+00   6.61688E-17            15   4.76297E-10   3.14142E+00
        3540   4.24800E+02   1.20000E-01   7.72670E-02   4.15100E-05   6.89613E-05   0.00000E+00   8.32229E-05   1.00000E+00   0.00000E+00   7.75157E+00   4.34236E-17            15   3.55104E-10   3.14143E+00
        3541   4.24920E+02   1.20000E-01   7.72670E-02   4.13707E-05   6.88142E-05   0.00000E+00   8.18556E-05   1.00000E+00   0.00000E+00   7.75157E+00   3.63477E-17            15   3.20434E-10   3.14144E+00
        3542   4.25040E+02   1.20000E-01   7.72670E-02   4.12305E-05   6.86659E-05   0.00000E+00   8.03820E-05   1.00000E+00   0.00000E+00   7.75157E+00   2.78150E-17            15   3.16164E-10   3.14144E+00
        3543   4.25160E+02   1.20000E-01   7.72670E-02   4.10896E-05   6.85163E-05   0.00000E+00   7.89580E-05   1.00000E+00   0.00000E+00   7.75157E+00   3.58666E-17            15   3.74560E-10   3.14145E+00
        3544   4.25280E+02   1.20000E-01   7.72670E-02   4.09479E-05   6.83654E-05   0.00000E+00   7.74069E-05   1.00000E+00   0.00000E+00   7.75157E+00   5.29815E-17            15   3.67143E-10   3.14146E+00
        3545   4.25400E+02   1.20000E-01   7.72670E-02   4.08056E-05   6.82132E-05   0.00000E+00   7.90586E-05   1.00000E+00   0.00000E+00   7.75157E+00   4.28809E-17            15   4.56179E-10   3.14147E+00
        3546   4.25520E+02   1.20000E-01   7.72670E-02   4.06628E-05   6.80596E-05   0.00000E+00   9.04640E-05   1.00000E+00   0.00000E+00   7.75157E+00   6.75549E-17            15   6.37513E-10   3.14147E+00
        3547   4.25640E+02   1.20000E-01   7.72670E-02   4.05610E-05   6.79046E-05   0.00000E+00   9.98527E-05   1.00000E+00   0.00000E+00   7.75157E+00   3.00011E-17            16   2.91322E-10   3.14148E+00
        3548   4.25760E+02   1.20000E-01   7.72670E-02   4.04656E-05   6.77469E-05   0.00000E+00   1.15100E-04   1.00000E+00   0.00000E+00   7.75157E+00   5.11003E-17            16   2.71918E-10   3.14149E+00
        3549   4.25880E+02   1.20000E-01   7.72670E-02   4.03711E-05   6.75856E-05   0.00000E+00   1.21517E-04   1.00000E+00   0.00000E+00   7.75157E+00   8.89826E-17            16   3.44218E-10   3.14150E+00
        3550   4.26000E+02   1.20000E-01   7.72670E-02   4.02735E-05   6.74226E-05   0.00000E+00   1.38770E-04   1.00000E+00   0.00000E+00   7.75157E+00   1.03539E-16            16   3.07180E-10   3.14151E+00
        3551   4.26120E+02   1.20000E-01   7.72670E-02   4.01754E-05   6.72546E-05   0.00000E+00   1.47792E-04   1.00000E+00   0.00000E+00   7.75157E+00   7.08947E-17            16   3.29704E-10   3.14151E+00
        3552   4.26240E+02   1.20000E-01   7.72670E-02   4.00776E-05   6.70835E-05   0.00000E+00   1.63333E-04   1.00000E+00   0.00000E+00   7.75157E+00   1.07089E-16            16   3.15170E-10   3.14152E+00
        3553   4.26360E+02   1.20000E-01   7.72670E-02   3.99762E-05   6.69044E-05   0.00000E+00   1.76151E-04   1.00000E+00   0.00000E+00   7.75157E+00   1.20415E-16            16   2.75475E-10   3.14153E+00
        3554   4.26480E+02   1.20000E-01   7.72670E-02   3.98729E-05   6.67244E-05   0.00000E+00   1.86555E-04   1.00000E+00   0.00000E+00   7.75157E+00   1.29745E-16            16   2.71982E-10   3.14154E+00
        3555   4.26600E+02   1.20000E-01   7.72670E-02   3.97682E-05   6.65530E-05   0.00000E+00   1.89588E-04   1.00000E+00   0.00000E+00   7.75157E+00   1.15405E-16            16   3.02812E-10   3.14159E+00
        3556   4.26720E+02   1.20000E-01   7.72670E-02   3.96607E-05   6.63811E-05   0.00000E+00   2.16706E-04   1.00000E+00   0.00000E+00   7.75157E+00   1.32350E-16            16   2.85750E-10   3.14160E+00
        3557   4.26840E+02   1.20000E-01   7.72670E-02   3.95497E-05   6.62202E-05   0.00000E+00   1.80609E-04   1.00000E+00   0.00000E+00   7.75157E+00   1.59635E-16            16   2.62473E-10   3.14160E+00
        3558   4.26960E+02   1.20000E-01   7.72670E-02   3.94378E-05   6.60636E-05   0.00000E+00   2.35879E-04   1.00000E+00   0.00000E+00   7.75157E+00   1.39565E-16            16   2.93363E-10   3.14160E+00
        3559   4.27080E+02   1.20000E-01   7.72670E-02   3.93266E-05   6.59249E-05   0.00000E+00   2.63581E-04   1.00000E+00   0.00000E+00   7.75157E+00   8.03300E-16            15   4.92425E-10   3.14161E+00
        3560   4.27200E+02   1.20000E-01   7.72670E-02   3.92106E-05   6.57430E-05   0.00000E+00   2.63975E-04   1.00000E+00   0.00000E+00   7.75157E+00   8.91256E-16            15   8.58574E-10   3.14160E+00
        3561   4.27320E+02   1.20000E-01   7.72670E-02   3.91032E-05   6.55683E-05   0.00000E+00   1.69465E-04   1.00000E+00   0.00000E+00   7.75157E+00   6.56735E-16            15   8.14823E-10   3.14161E+00
        3562   4.27440E+02   1.20000E-01   7.72670E-02   3.89886E-05   6.54028E-05   0.00000E+00   2.90610E-04   1.00000E+00   0.00000E+00   7.75157E+00   5.69479E-16            15   4.87460E-10   3.14161E+00
        3563   4.27560E+02   1.20000E-01   7.72670E-02   3.88769E-05   6.52278E-05   0.00000E+00   2.56868E-04   1.00000E+00   0.00000E+00   7.75157E+00   4.61359E-16            15   6.51985E-10   3.14161E+00
        3564   4.27680E+02   1.20000E-01   7.72670E-02   3.87593E-05   6.50483E-05   0.00000E+00   2.90323E-04   1.00000E+00   0.00000E+00   7.75157E+00   4.06277E-16            15   8.53854E-10   3.14162E+00
        3565   4.27800E+02   1.20000E-01   7.72670E-02   3.86380E-05   6.48867E-05   0.00000E+00   2.75139E-04   1.00000E+00   0.00000E+00   7.75157E+00   1.05409E-16            16   2.69059E-10   3.14162E+00
        3566   4.27920E+02   1.20000E-01   7.72670E-02   3.85179E-05   6.47259E-05   0.00000E+00   2.79337E-04   1.00000E+00   0.00000E+00   7.75157E+00   1.10548E-16            16   2.26744E-10   3.14163E+00
        3567   4.28040E+02   1.20000E-01   7.72670E-02   3.83969E-05   6.45626E-05   0.00000E+00   2.89407E-04   1.00000E+00   0.00000E+00   7.75157E+00   2.72490E-17            16   2.27656E-10   3.14163E+00
        3568   4.28160E+02   1.20000E-01   7.72670E-02   3.82750E-05   6.43939E-05   0.00000E+00   3.05879E-04   1.00000E+00   0.00000E+00   7.75157E+00   1.63108E-16            15   8.52800E-10   3.14164E+00
        3569   4.28280E+02   1.20000E-01   7.72670E-02   3.81521E-05   6.42225E-05   0.00000E+00   3.21043E-04   1.00000E+00   0.00000E+00   7.75157E+00   2.31522E-16            15   8.85936E-10   3.14165E+00
        3570   4.28400E+02   1.20000E-01   7.72670E-02   3.80284E-05   6.40477E-05   0.00000E+00   3.33708E-04   1.00000E+00   0.00000E+00   7.75157E+00   1.32221E-16            15   7.62348E-10   3.14165E+00
        3571   4.28520E+02   1.20000E-01   7.72670E-02   3.79030E-05   6.38690E-05   0.00000E+00   3.44689E-04   1.00000E+00   0.00000E+00   7.75157E+00   1.56052E-16            15   5.90499E-10   3.14166E+00
        3572   4.28640E+02   1.20000E-01   7.72670E-02   3.77755E-05   6.36862E-05   0.00000E+00   3.54523E-04   1.00000E+00   0.00000E+00   7.75157E+00   1.57331E-16            15   9.44760E-10   3.14167E+00
        3573   4.28760E+02   1.20000E-01   7.72670E-02   3.76491E-05   6.35010E-05   0.00000E+00   3.65721E-04   1.00000E+00   0.00000E+00   7.75157E+00   4.14157E-17            16   2.32392E-10   3.14167E+00
        3574   4.28880E+02   1.20000E-01   7.72670E-02   3.75209E-05   6.33148E-05   0.00000E+00   3.76274E-04   1.00000E+00   0.00000E+00   7.75157E+00   2.58310E-16            15   7.23736E-10   3.14168E+00
        3575   4.29000E+02   1.20000E-01   7.72670E-02   3.73925E-05   6.31420E-05   0.00000E+00   5.54823E-04   1.00000E+00   0.00000E+00   7.75157E+00   4.84389E-16            15   5.32318E-10   3.14169E+00
        3576   4.29120E+02   1.20000E-01   7.72670E-02   3.72642E-05   6.29540E-05   0.00000E+00   3.95877E-04   1.00000E+00   0.00000E+00   7.75157E+00   1.10955E-15            15   6.47411E-10   3.14170E+00
        3577   4.29240E+02   1.20000E-01   7.72670E-02   3.71363E-05   6.28377E-05   0.00000E+00   4.03385E-04   1.00000E+00   0.00000E+00   7.75157E+00   4.60102E-17            16   2.64051E-10   3.14170E+00
        3578   4.29360E+02   1.20000E-01   7.72670E-02   3.70084E-05   6.26888E-05   0.00000E+00   4.14746E-04   1.00000E+00   0.00000E+00   7.75157E+00   4.41470E-17            16   2.69874E-10   3.14171E+00
        3579   4.29480E+02   1.20000E-01   7.72670E-02   3.68827E-05   6.25184E-05   0.00000E+00   4.22930E-04   1.00000E+00   0.00000E+00   7.75157E+00   4.44280E-17            16   2.06492E-10   3.14172E+00
        3580   4.29600E+02   1.20000E-01   7.72670E-02   3.67570E-05   6.23340E-05   0.00000E+00   4.33968E-04   1.00000E+00   0.00000E+00   7.75157E+00   3.83504E-17            16   2.62549E-10   3.14172E+00
        3581   4.29720E+02   1.20000E-01   7.72670E-02   3.66289E-05   6.21424E-05   0.00000E+00   4.41367E-04   1.00000E+00   0.00000E+00   7.75157E+00   2.42942E-16            15   7.35944E-10   3.14173E+00
        3582   4.29840E+02   1.20000E-01   7.72670E-02   3.65010E-05   6.19453E-05   0.00000E+00   4.52697E-04   1.00000E+00   0.00000E+00   7.75157E+00   3.60245E-17            16   3.02091E-10   3.14174E+00
        3583   4.29960E+02   1.20000E-01   7.72670E-02   3.63717E-05   6.17456E-05   0.00000E+00   4.58791E-04   1.00000E+00   0.00000E+00   7.75157E+00   4.57452E-17            16   2.19795E-10   3.14174E+00
        3584   4.30080E+02   1.20000E-01   7.72670E-02   3.62445E-05   6.15438E-05   0.00000E+00   4.71767E-04   1.00000E+00   0.00000E+00   7.75157E+00   2.78187E-16            15   6.59805E-10   3.14175E+00
        3585   4.30200E+02   1.20000E-01   7.72670E-02   3.61149E-05   6.13421E-05   0.00000E+00   4.78595E-04   1.00000E+00   0.00000E+00   7.75157E+00   2.00846E-16            15   8.90672E-10   3.14176E+00
        3586   4.30320E+02   1.20000E-01   7.72670E-02   3.59845E-05   6.11385E-05   0.00000E+00   4.90763E-04   1.00000E+00   0.00000E+00   7.75157E+00   3.29094E-16            15   7.13415E-10   3.14177E+00
        3587   4.30440E+02   1.20000E-01   7.72670E-02   3.58559E-05   6.09335E-05   0.00000E+00   4.99209E-04   1.00000E+00   0.00000E+00   7.75157E+00   2.12721E-16            15   5.52045E-10   3.14177E+00
        3588   4.30560E+02   1.20000E-01   7.72670E-02   3.57253E-05   6.07277E-05   0.00000E+00   5.08923E-04   1.00000E+00   0.00000E+00   7.75157E+00   3.17127E-17            16   2.14631E-10   3.14178E+00
        3589   4.30680E+02   1.20000E-01   7.72670E-02   3.55928E-05   6.05216E-05   0.00000E+00   5.17209E-04   1.00000E+00   0.00000E+00   7.75157E+00   2.26752E-16            15   5.98680E-10   3.14179E+00
        3590   4.30800E+02   1.20000E-01   7.72670E-02   3.54635E-05   6.03132E-05   0.00000E+00   5.28319E-04   1.00000E+00   0.00000E+00   7.75157E+00   2.57528E-16            15   5.60131E-10   3.14179E+00
        3591   4.30920E+02   1.20000E-01   7.72670E-02   3.53312E-05   6.01048E-05   0.00000E+00   5.35435E-04   1.00000E+00   0.00000E+00   7.75157E+00   2.20843E-16            15   7.98909E-10   3.14180E+00
        3592   4.31040E+02   1.20000E-01   7.72670E-02   3.51977E-05   5.98954E-05   0.00000E+00   5.46732E-04   1.00000E+00   0.00000E+00   7.75157E+00   3.56957E-16            15   7.74364E-10   3.14181E+00
        3593   4.31160E+02   1.20000E-01   7.72670E-02   3.50672E-05   5.96849E-05   0.00000E+00   5.54769E-04   1.00000E+00   0.00000E+00   7.75157E+00   1.99525E-16            15   6.03169E-10   3.14181E+00
        3594   4.31280E+02   1.20000E-01   7.72670E-02   3.49342E-05   5.94734E-05   0.00000E+00   5.64806E-04   1.00000E+00   0.00000E+00   7.75157E+00   3.10463E-17            16   2.01815E-10   3.14182E+00
        3595   4.31400E+02   1.20000E-01   7.72670E-02   3.47990E-05   5.92617E-05   0.00000E+00   5.72524E-04   1.00000E+00   0.00000E+00   7.75157E+00   2.41041E-16            15   6.08755E-10   3.14183E+00
        3596   4.31520E+02   1.20000E-01   7.72670E-02   3.46682E-05   5.90477E-05   0.00000E+00   5.83022E-04   1.00000E+00   0.00000E+00   7.75157E+00   2.96565E-16            15   5.95185E-10   3.14183E+00
        3597   4.31640E+02   1.20000E-01   7.72670E-02   3.45340E-05   5.88338E-05   0.00000E+00   5.91770E-04   1.00000E+00   0.00000E+00   7.75157E+00   8.77917E-17            15   5.46158E-10   3.14184E+00
        3598   4.31760E+02   1.20000E-01   7.72670E-02   3.43978E-05   5.86192E-05   0.00000E+00   6.00365E-04   1.00000E+00   0.00000E+00   7.75157E+00   1.21389E-16            15   3.93872E-10   3.14185E+00
        3599   4.31880E+02   1.20000E-01   7.72670E-02   3.42660E-05   5.84028E-05   0.00000E+00   6.09800E-04   1.00000E+00   0.00000E+00   7.75157E+00   1.87685E-16            15   4.75160E-10   3.14185E+00
        3600   4.32000E+02   1.20000E-01   7.72670E-02   3.41306E-05   5.81856E-05   0.00000E+00   6.18394E-04   1.00000E+00   0.00000E+00   7.75157E+00   1.05396E-16            15   5.92426E-10   3.14186E+00
        3601   4.32120E+02   1.20000E-01   7.72670E-02   3.39934E-05   5.79680E-05   0.00000E+00   6.27007E-04   1.00000E+00   0.00000E+00   7.75157E+00   4.55457E-17            15   4.87596E-10   3.14187E+00
        3602   4.32240E+02   1.20000E-01   7.72670E-02   3.38580E-05   5.77496E-05   0.00000E+00   6.36835E-04   1.00000E+00   0.00000E+00   7.75157E+00   2.40704E-16            15   4.72839E-10   3.14187E+00
        3603   4.32360E+02   1.20000E-01   7.72670E-02   3.37233E-05   5.75294E-05   0.00000E+00   6.45074E-04   1.00000E+00   0.00000E+00   7.75157E+00   1.09701E-16            15   6.47794E-10   3.14188E+00
        3604   4.32480E+02   1.20000E-01   7.72670E-02   3.35860E-05   5.73081E-05   0.00000E+00   6.53812E-04   1.00000E+00   0.00000E+00   7.75157E+00   4.53303E-17            15   4.10724E-10   3.14189E+00
        3605   4.32600E+02   1.20000E-01   7.72670E-02   3.34474E-05   5.70868E-05   0.00000E+00   6.62592E-04   1.00000E+00   0.00000E+00   7.75157E+00   4.56903E-17            15   5.33870E-10   3.14189E+00
        3606   4.32720E+02   1.20000E-01   7.72670E-02   3.33109E-05   5.68648E-05   0.00000E+00   6.71897E-04   1.00000E+00   0.00000E+00   7.75157E+00   1.60339E-16            15   3.44094E-10   3.14190E+00
        3607   4.32840E+02   1.20000E-01   7.72670E-02   3.31751E-05   5.66410E-05   0.00000E+00   6.80157E-04   1.00000E+00   0.00000E+00   7.75157E+00   2.02794E-16            15   6.65735E-10   3.14191E+00
        3608   4.32960E+02   1.20000E-01   7.72670E-02   3.30366E-05   5.64159E-05   0.00000E+00   6.88931E-04   1.00000E+00   0.00000E+00   7.75157E+00   3.86366E-17            15   2.76351E-10   3.14191E+00
        3609   4.33080E+02   1.20000E-01   7.72670E-02   3.28970E-05   5.61910E-05   0.00000E+00   6.97567E-04   1.00000E+00   0.00000E+00   7.75157E+00   5.51060E-17            15   5.56192E-10   3.14192E+00
        3610   4.33200E+02   1.20000E-01   7.72670E-02   3.27595E-05   5.59656E-05   0.00000E+00   7.06593E-04   1.00000E+00   0.00000E+00   7.75157E+00   1.32104E-16            15   5.83672E-10   3.14193E+00
        3611   4.33320E+02   1.20000E-01   7.72670E-02   3.26200E-05   5.57391E-05   0.00000E+00   7.15038E-04   1.00000E+00   0.00000E+00   7.75157E+00   7.94074E-17            15   7.33546E-10   3.14193E+00
        3612   4.33440E+02   1.20000E-01   7.72670E-02   3.24795E-05   5.55115E-05   0.00000E+00   7.23406E-04   1.00000E+00   0.00000E+00   7.75157E+00   4.86626E-17            15   5.41752E-10   3.14194E+00
        3613   4.33560E+02   1.20000E-01   7.72670E-02   3.23386E-05   5.52875E-05   0.00000E+00   7.31911E-04   1.00000E+00   0.00000E+00   7.75157E+00   4.17043E-17            15   3.99155E-10   3.14194E+00
        3614   4.33680E+02   1.20000E-01   7.72670E-02   3.21974E-05   5.50682E-05   0.00000E+00   7.40393E-04   1.00000E+00   0.00000E+00   7.75157E+00   4.09904E-17            15   3.73598E-10   3.14195E+00
        3615   4.33800E+02   1.20000E-01   7.72670E-02   3.20727E-05   5.48478E-05   0.00000E+00   7.48837E-04   1.00000E+00   0.00000E+00   7.75157E+00   4.21611E-17            15   3.73775E-10   3.14196E+00
        3616   4.33920E+02   1.20000E-01   7.72670E-02   3.19496E-05   5.46264E-05   0.00000E+00   7.57243E-04   1.00000E+00   0.00000E+00   7.75157E+00   4.36612E-17            15   3.75585E-10   3.14196E+00
        3617   4.34040E+02   1.20000E-01   7.72670E-02   3.18260E-05   5.44038E-05   0.00000E+00   7.65608E-04   1.00000E+00   0.00000E+00   7.75157E+00   4.48073E-17            15   3.77730E-10   3.14197E+00
        3618   4.34160E+02   1.20000E-01   7.72670E-02   3.17017E-05   5.41800E-05   0.00000E+00   7.73934E-04   1.00000E+00   0.00000E+00   7.75157E+00   4.57268E-17            15   3.79943E-10   3.14198E+00
        3619   4.34280E+02   1.20000E-01   7.72670E-02   3.15768E-05   5.39551E-05   0.00000E+00   7.82219E-04   1.00000E+00   0.00000E+00   7.75157E+00   4.63741E-17            15   3.82709E-10   3.14198E+00
        3620   4.34400E+02   1.20000E-01   7.72670E-02   3.14514E-05   5.37289E-05   0.00000E+00   7.90466E-04   1.00000E+00   0.00000E+00   7.75157E+00   4.68949E-17            15   3.85397E-10   3.14199E+00
        3621   4.34520E+02   1.20000E-01   7.72670E-02   3.13253E-05   5.35016E-05   0.00000E+00   7.98672E-04   1.00000E+00   0.00000E+00   7.75157E+00   4.72726E-17            15   3.88567E-10   3.14199E+00
        3622   4.34640E+02   1.20000E-01   7.72670E-02   3.11986E-05   5.32730E-05   0.00000E+00   8.06840E-04   1.00000E+00   0.00000E+00   7.75157E+00   4.75640E-17            15   3.91471E-10   3.14200E+00
        3623   4.34760E+02   1.20000E-01   7.72670E-02   3.10713E-05   5.30432E-05   0.00000E+00   8.14968E-04   1.00000E+00   0.00000E+00   7.75157E+00   4.77555E-17            15   3.94756E-10   3.14201E+00
        3624   4.34880E+02   1.20000E-01   7.72670E-02   3.09435E-05   5.28121E-05   0.00000E+00   8.23057E-04   1.00000E+00   0.00000E+00   7.75157E+00   4.78630E-17            15   3.97662E-10   3.14201E+00
        3625   4.35000E+02   1.20000E-01   7.72670E-02   3.08150E-05   5.25798E-05   0.00000E+00   8.31108E-04   1.00000E+00   0.00000E+00   7.75157E+00   4.78981E-17            15   4.00882E-10   3.14202E+00
        3626   4.35120E+02   1.20000E-01   7.72670E-02   3.06860E-05   5.23462E-05   0.00000E+00   8.39121E-04   1.00000E+00   0.00000E+00   7.75157E+00   4.78420E-17            15   4.03661E-10   3.14203E+00
        3627   4.35240E+02   1.20000E-01   7.72670E-02   3.05565E-05   5.21114E-05   0.00000E+00   8.47094E-04   1.00000E+00   0.00000E+00   7.75157E+00   4.77386E-17            15   4.06709E-10   3.14203E+00
        3628   4.35360E+02   1.20000E-01   7.72670E-02   3.04263E-05   5.18753E-05   0.00000E+00   8.55030E-04   1.00000E+00   0.00000E+00   7.75157E+00   4.81872E-17            15   4.09285E-10   3.14204E+00
        3629   4.35480E+02   1.20000E-01   7.72670E-02   3.02957E-05   5.16380E-05   0.00000E+00   8.62928E-04   1.00000E+00   0.00000E+00   7.75157E+00   4.91982E-17            15   4.12095E-10   3.14204E+00
        3630   4.35600E+02   1.20000E-01   7.72670E-02   3.01645E-05   5.13993E-05   0.00000E+00   8.70788E-04   1.00000E+00   0.00000E+00   7.75157E+00   5.00872E-17            15   4.14424E-10   3.14205E+00
        3631   4.35720E+02   1.20000E-01   7.72670E-02   3.00327E-05   5.11594E-05   0.00000E+00   8.78610E-04   1.00000E+00   0.00000E+00   7.75157E+00   5.09903E-17            15   4.16957E-10   3.14206E+00
        3632   4.35840E+02   1.20000E-01   7.72670E-02   2.99005E-05   5.09182E-05   0.00000E+00   8.86394E-04   1.00000E+00   0.00000E+00   7.75157E+00   5.17567E-17            15   4.19011E-10   3.14206E+00
        3633   4.35960E+02   1.20000E-01   7.72670E-02   2.97677E-05   5.06757E-05   0.00000E+00   8.94141E-04   1.00000E+00   0.00000E+00   7.75157E+00   5.25415E-17            15   4.21245E-10   3.14207E+00
        3634   4.36080E+02   1.20000E-01   7.72670E-02   2.96344E-05   5.04320E-05   0.00000E+00   9.01850E-04   1.00000E+00   0.00000E+00   7.75157E+00   5.31687E-17            15   4.23012E-10   3.14207E+00
        3635   4.36200E+02   1.20000E-01   7.72670E-02   2.95006E-05   5.01869E-05   0.00000E+00   9.09522E-04   1.00000E+00   0.00000E+00   7.75157E+00   5.38142E-17            15   4.24934E-10   3.14208E+00
        3636   4.36320E+02   1.20000E-01   7.72670E-02   2.93663E-05   4.99406E-05   0.00000E+00   9.17157E-04   1.00000E+00   0.00000E+00   7.75157E+00   5.43144E-17            15   4.26409E-10   3.14208E+00
        3637   4.36440E+02   1.20000E-01   7.72670E-02   2.92315E-05   4.96931E-05   0.00000E+00   9.24755E-04   1.00000E+00   0.00000E+00   7.75157E+00   5.48164E-17            15   4.28021E-10   3.14209E+00
        3638   4.36560E+02   1.20000E-01   7.72670E-02   2.90962E-05   4.94442E-05   0.00000E+00   9.32316E-04   1.00000E+00   0.00000E+00   7.75157E+00   5.51564E-17            15   4.29208E-10   3.14210E+00
        3639   4.36680E+02   1.20000E-01   7.72670E-02   2.89604E-05   4.91941E-05   0.00000E+00   9.39840E-04   1.00000E+00   0.00000E+00   7.75157E+00   5.54869E-17            15   4.30512E-10   3.14210E+00
        3640   4.36800E+02   1.20000E-01   7.72670E-02   2.88242E-05   4.89428E-05   0.00000E+00   9.47328E-04   1.00000E+00   0.00000E+00   7.75157E+00   5.56610E-17            15   4.31420E-10   3.14211E+00
        3641   4.36920E+02   1.20000E-01   7.72670E-02   2.86875E-05   4.86902E-05   0.00000E+00   9.54779E-04   1.00000E+00   0.00000E+00   7.75157E+00   5.58113E-17            15   4.32429E-10   3.14211E+00
        3642   4.37040E+02   1.20000E-01   7.72670E-02   2.85504E-05   4.84364E-05   0.00000E+00   9.62194E-04   1.00000E+00   0.00000E+00   7.75157E+00   5.58033E-17            15   4.33072E-10   3.14212E+00
        3643   4.37160E+02   1.20000E-01   7.72670E-02   2.84128E-05   4.81814E-05   0.00000E+00   9.69572E-04   1.00000E+00   0.00000E+00   7.75157E+00   5.57732E-17            15   4.33802E-10   3.14213E+00
        3644   4.37280E+02   1.20000E-01   7.72670E-02   2.82748E-05   4.79251E-05   0.00000E+00   9.76914E-04   1.00000E+00   0.00000E+00   7.75157E+00   5.55544E-17            15   4.34197E-10   3.14213E+00
        3645   4.37400E+02   1.20000E-01   7.72670E-02   2.81364E-05   4.76677E-05   0.00000E+00   9.84219E-04   1.00000E+00   0.00000E+00   7.75157E+00   5.53318E-17            15   4.34668E-10   3.14214E+00
        3646   4.37520E+02   1.20000E-01   7.72670E-02   2.79975E-05   4.74091E-05   0.00000E+00   9.91489E-04   1.00000E+00   0.00000E+00   7.75157E+00   5.49263E-17            15   4.34834E-10   3.14214E+00
        3647   4.37640E+02   1.20000E-01   7.72670E-02   2.78582E-05   4.71493E-05   0.00000E+00   9.98722E-04   1.00000E+00   0.00000E+00   7.75157E+00   5.44783E-17            15   4.35066E-10   3.14215E+00
        3648   4.37760E+02   1.20000E-01   7.72670E-02   2.77185E-05   4.68883E-05   0.00000E+00   1.00592E-03   1.00000E+00   0.00000E+00   7.75157E+00   5.38720E-17            15   4.35022E-10   3.14215E+00
        3649   4.37880E+02   1.20000E-01   7.72670E-02   2.75783E-05   4.66262E-05   0.00000E+00   1.01308E-03   1.00000E+00   0.00000E+00   7.75157E+00   5.33114E-17            15   4.35329E-10   3.14216E+00
        3650   4.38000E+02   1.20000E-01   7.72670E-02   2.74378E-05   4.63630E-05   0.00000E+00   1.02021E-03   1.00000E+00   0.00000E+00   7.75157E+00   5.24855E-17            15   4.34651E-10   3.14216E+00
        3651   4.38120E+02   1.20000E-01   7.72670E-02   2.72969E-05   4.60987E-05   0.00000E+00   1.02729E-03   1.00000E+00   0.00000E+00   7.75157E+00   5.12738E-17            15   4.32588E-10   3.14217E+00
        3652   4.38240E+02   1.20000E-01   7.72670E-02   2.71556E-05   4.58333E-05   0.00000E+00   1.03435E-03   1.00000E+00   0.00000E+00   7.75157E+00   5.08858E-17            15   4.35180E-10   3.14217E+00
        3653   4.38360E+02   1.20000E-01   7.72670E-02   2.70139E-05   4.55669E-05   0.00000E+00   1.04137E-03   1.00000E+00   0.00000E+00   7.75157E+00   4.95028E-17            15   4.34810E-10   3.14218E+00
        3654   4.38480E+02   1.20000E-01   7.72670E-02   2.68719E-05   4.52993E-05   0.00000E+00   1.04835E-03   1.00000E+00   0.00000E+00   7.75157E+00   4.79635E-17            15   4.31055E-10   3.14219E+00
        3655   4.38600E+02   1.20000E-01   7.72670E-02   2.67295E-05   4.50308E-05   0.00000E+00   1.05530E-03   1.00000E+00   0.00000E+00   7.75157E+00   4.76980E-17            15   4.34548E-10   3.14219E+00
        3656   4.38720E+02   1.20000E-01   7.72670E-02   2.65867E-05   4.47612E-05   0.00000E+00   1.06221E-03   1.00000E+00   0.00000E+00   7.75157E+00   4.52830E-17            15   4.29688E-10   3.14220E+00
        3657   4.38840E+02   1.20000E-01   7.72670E-02   2.64436E-05   4.44907E-05   0.00000E+00   1.06908E-03   1.00000E+00   0.00000E+00   7.75157E+00   4.50917E-17            15   4.33288E-10   3.14220E+00
        3658   4.38960E+02   1.20000E-01   7.72670E-02   2.63001E-05   4.42192E-05   0.00000E+00   1.07592E-03   1.00000E+00   0.00000E+00   7.75157E+00   4.25557E-17            15   4.27671E-10   3.14221E+00
        3659   4.39080E+02   1.20000E-01   7.72670E-02   2.61563E-05   4.39467E-05   0.00000E+00   1.08273E-03   1.00000E+00   0.00000E+00   7.75157E+00   4.23112E-17            15   4.31694E-10   3.14221E+00
        3660   4.39200E+02   1.20000E-01   7.72670E-02   2.60122E-05   4.36734E-05   0.00000E+00   1.08949E-03   1.00000E+00   0.00000E+00   7.75157E+00   3.96724E-17            15   4.25231E-10   3.14222E+00
        3661   4.39320E+02   1.20000E-01   7.72670E-02   2.58677E-05   4.33991E-05   0.00000E+00   1.09622E-03   1.00000E+00   0.00000E+00   7.75157E+00   3.93839E-17            15   4.29724E-10   3.14222E+00
        3662   4.39440E+02   1.20000E-01   7.72670E-02   2.57229E-05   4.31240E-05   0.00000E+00   1.10291E-03   1.00000E+00   0.00000E+00   7.75157E+00   3.66691E-17            15   4.22346E-10   3.14223E+00
        3663   4.39560E+02   1.20000E-01   7.72670E-02   2.55778E-05   4.28480E-05   0.00000E+00   1.10958E-03   1.00000E+00   0.00000E+00   7.75157E+00   3.64023E-17            15   4.27358E-10   3.14223E+00
        3664   4.39680E+02   1.20000E-01   7.72670E-02   2.54324E-05   4.25712E-05   0.00000E+00   1.11619E-03   1.00000E+00   0.00000E+00   7.75157E+00   3.36514E-17            15   4.18989E-10   3.14224E+00
        3665   4.39800E+02   1.20000E-01   7.72670E-02   2.52867E-05   4.22936E-05   0.00000E+00   1.12279E-03   1.00000E+00   0.00000E+00   7.75157E+00   3.34049E-17            15   4.24577E-10   3.14224E+00
        3666   4.39920E+02   1.20000E-01   7.72670E-02   2.51407E-05   4.20182E-05   0.00000E+00   1.12933E-03   1.00000E+00   0.00000E+00   7.75157E+00   3.06225E-17            15   4.15143E-10   3.14225E+00
        3667   4.40040E+02   1.20000E-01   7.72670E-02   2.49944E-05   4.17910E-05   0.00000E+00   1.13585E-03   1.00000E+00   0.00000E+00   7.75157E+00   3.04492E-17            15   4.21361E-10   3.14225E+00
        3668   4.40160E+02   1.20000E-01   7.72670E-02   2.48478E-05   4.15631E-05   0.00000E+00   1.14232E-03   1.00000E+00   0.00000E+00   7.75157E+00   2.76540E-17            15   4.10809E-10   3.14226E+00
        3669   4.40280E+02   1.20000E-01   7.72670E-02   2.47009E-05   4.13343E-05   0.00000E+00   1.14876E-03   1.00000E+00   0.00000E+00   7.75157E+00   2.76686E-17            15   4.17697E-10   3.14226E+00
        3670   4.40400E+02   1.20000E-01   7.72670E-02   2.45537E-05   4.11047E-05   0.00000E+00   1.15516E-03   1.00000E+00   0.00000E+00   7.75157E+00   2.74772E-17            15   4.05989E-10   3.14227E+00
        3671   4.40520E+02   1.20000E-01   7.72670E-02   2.44063E-05   4.08743E-05   0.00000E+00   1.16153E-03   1.00000E+00   0.00000E+00   7.75157E+00   2.78134E-17            15   4.13585E-10   3.14227E+00
        3672   4.40640E+02   1.20000E-01   7.72670E-02   2.42586E-05   4.06432E-05   0.00000E+00   1.16785E-03   1.00000E+00   0.00000E+00   7.75157E+00   2.74982E-17            15   4.00698E-10   3.14228E+00
        3673   4.40760E+02   1.20000E-01   7.72670E-02   2.41107E-05   4.04113E-05   0.00000E+00   1.17415E-03   1.00000E+00   0.00000E+00   7.75157E+00   2.77829E-17            15   4.09026E-10   3.14228E+00
        3674   4.40880E+02   1.20000E-01   7.72670E-02   2.39625E-05   4.01786E-05   0.00000E+00   1.18040E-03   1.00000E+00   0.00000E+00   7.75157E+00   2.73223E-17            15   3.94926E-10   3.14229E+00
        3675   4.41000E+02   1.20000E-01   7.72670E-02   2.38140E-05   3.99452E-05   0.00000E+00   1.18662E-03   1.00000E+00   0.00000E+00   7.75157E+00   2.75613E-17            15   4.04052E-10   3.14229E+00
        3676   4.41120E+02   1.20000E-01   7.72670E-02   2.36653E-05   3.97110E-05   0.00000E+00   1.19279E-03   1.00000E+00   0.00000E+00   7.75157E+00   2.69415E-17            15   3.88794E-10   3.14230E+00
        3677   4.41240E+02   1.20000E-01   7.72670E-02   2.35164E-05   3.94760E-05   0.00000E+00   1.19893E-03   1.00000E+00   0.00000E+00   7.75157E+00   2.71518E-17            15   3.98721E-10   3.14230E+00
        3678   4.41360E+02   1.20000E-01   7.72670E-02   2.33672E-05   3.92404E-05   0.00000E+00   1.20503E-03   1.00000E+00   0.00000E+00   7.75157E+00   2.63707E-17            15   3.82295E-10   3.14231E+00
        3679   4.41480E+02   1.20000E-01   7.72670E-02   2.32178E-05   3.90040E-05   0.00000E+00   1.21110E-03   1.00000E+00   0.00000E+00   7.75157E+00   2.65701E-17            15   3.93035E-10   3.14231E+00
        3680   4.41600E+02   1.20000E-01   7.72670E-02   2.30682E-05   3.87668E-05   0.00000E+00   1.21711E-03   1.00000E+00   0.00000E+00   7.75157E+00   2.56113E-17            15   3.75490E-10   3.14232E+00
        3681   4.41720E+02   1.20000E-01   7.72670E-02   2.29183E-05   3.85290E-05   0.00000E+00   1.22310E-03   1.00000E+00   0.00000E+00   7.75157E+00   2.56147E-17            15   3.83420E-10   3.14232E+00
        3682   4.41840E+02   1.20000E-01   7.72670E-02   2.27682E-05   3.82905E-05   0.00000E+00   1.22905E-03   1.00000E+00   0.00000E+00   7.75157E+00   2.50455E-17            15   3.76437E-10   3.14233E+00
        3683   4.41960E+02   1.20000E-01   7.72670E-02   2.26179E-05   3.80512E-05   0.00000E+00   1.23495E-03   1.00000E+00   0.00000E+00   7.75157E+00   2.45397E-17            15   3.73023E-10   3.14233E+00
        3684   4.42080E+02   1.20000E-01   7.72670E-02   2.24674E-05   3.78113E-05   0.00000E+00   1.24082E-03   1.00000E+00   0.00000E+00   7.75157E+00   2.39947E-17            15   3.69521E-10   3.14233E+00
        3685   4.42200E+02   1.20000E-01   7.72670E-02   2.23168E-05   3.75707E-05   0.00000E+00   1.24666E-03   1.00000E+00   0.00000E+00   7.75157E+00   2.34137E-17            15   3.66161E-10   3.14234E+00
        3686   4.42320E+02   1.20000E-01   7.72670E-02   2.21659E-05   3.73294E-05   0.00000E+00   1.25245E-03   1.00000E+00   0.00000E+00   7.75157E+00   2.27972E-17            15   3.62618E-10   3.14234E+00
        3687   4.42440E+02   1.20000E-01   7.72670E-02   2.20148E-05   3.70875E-05   0.00000E+00   1.25821E-03   1.00000E+00   0.00000E+00   7.75157E+00   2.21422E-17            15   3.59245E-10   3.14235E+00
        3688   4.42560E+02   1.20000E-01   7.72670E-02   2.18635E-05   3.68449E-05   0.00000E+00   1.26392E-03   1.00000E+00   0.00000E+00   7.75157E+00   2.14546E-17            15   3.55640E-10   3.14235E+00
        3689   4.42680E+02   1.20000E-01   7.72670E-02   2.17121E-05   3.66017E-05   0.00000E+00   1.26959E-03   1.00000E+00   0.00000E+00   7.75157E+00   2.07557E-17            15   3.52465E-10   3.14236E+00
        3690   4.42800E+02   1.20000E-01   7.72670E-02   2.15605E-05   3.63578E-05   0.00000E+00   1.27522E-03   1.00000E+00   0.00000E+00   7.75157E+00   1.99953E-17            15   3.48801E-10   3.14236E+00
        3691   4.42920E+02   1.20000E-01   7.72670E-02   2.14087E-05   3.61134E-05   0.00000E+00   1.28081E-03   1.00000E+00   0.00000E+00   7.75157E+00   1.93845E-17            15   3.45752E-10   3.14237E+00
        3692   4.43040E+02   1.20000E-01   7.72670E-02   2.12568E-05   3.58698E-05   0.00000E+00   1.28636E-03   1.00000E+00   0.00000E+00   7.75157E+00   1.90749E-17            15   3.42213E-10   3.14237E+00
        3693   4.43160E+02   1.20000E-01   7.72670E-02   2.11046E-05   3.56265E-05   0.00000E+00   1.29186E-03   1.00000E+00   0.00000E+00   7.75157E+00   1.88450E-17            15   3.39334E-10   3.14237E+00
        3694   4.43280E+02   1.20000E-01   7.72670E-02   2.09524E-05   3.53825E-05   0.00000E+00   1.29733E-03   1.00000E+00   0.00000E+00   7.75157E+00   1.85691E-17            15   3.35995E-10   3.14238E+00
        3695   4.43400E+02   1.20000E-01   7.72670E-02   2.07999E-05   3.51379E-05   0.00000E+00   1.30274E-03   1.00000E+00   0.00000E+00   7.75157E+00   1.83779E-17            15   3.33360E-10   3.14238E+00
        3696   4.43520E+02   1.20000E-01   7.72670E-02   2.06473E-05   3.48927E-05   0.00000E+00   1.30812E-03   1.00000E+00   0.00000E+00   7.75157E+00   1.81356E-17            15   3.30303E-10   3.14239E+00
        3697   4.43640E+02   1.20000E-01   7.72670E-02   2.04945E-05   3.46468E-05   0.00000E+00   1.31345E-03   1.00000E+00   0.00000E+00   7.75157E+00   1.79890E-17            15   3.27994E-10   3.14239E+00
        3698   4.43760E+02   1.20000E-01   7.72670E-02   2.03416E-05   3.44003E-05   0.00000E+00   1.31874E-03   1.00000E+00   0.00000E+00   7.75157E+00   1.78009E-17            15   3.25306E-10   3.14240E+00
        3699   4.43880E+02   1.20000E-01   7.72670E-02   2.01885E-05   3.41532E-05   0.00000E+00   1.32399E-03   1.00000E+00   0.00000E+00   7.75157E+00   1.77072E-17            15   3.23403E-10   3.14240E+00
        3700   4.44000E+02   1.20000E-01   7.72670E-02   2.00353E-05   3.39055E-05   0.00000E+00   1.32919E-03   1.00000E+00   0.00000E+00   7.75157E+00   1.75779E-17            15   3.21175E-10   3.14240E+00
        3701   4.44120E+02   1.20000E-01   7.72670E-02   1.98819E-05   3.36572E-05   0.00000E+00   1.33434E-03   1.00000E+00   0.00000E+00   7.75157E+00   1.75411E-17            15   3.19764E-10   3.14241E+00
        3702   4.44240E+02   1.20000E-01   7.72670E-02   1.97284E-05   3.34083E-05   0.00000E+00   1.33945E-03   1.00000E+00   0.00000E+00   7.75157E+00   1.74788E-17            15   3.18081E-10   3.14241E+00
        3703   4.44360E+02   1.20000E-01   7.72670E-02   1.95748E-05   3.31588E-05   0.00000E+00   1.34452E-03   1.00000E+00   0.00000E+00   7.75157E+00   1.75130E-17            15   3.17238E-10   3.14242E+00
        3704   4.44480E+02   1.20000E-01   7.72670E-02   1.94210E-05   3.29088E-05   0.00000E+00   1.34954E-03   1.00000E+00   0.00000E+00   7.75157E+00   1.75148E-17            15   3.16180E-10   3.14242E+00
        3705   4.44600E+02   1.20000E-01   7.72670E-02   1.92671E-05   3.26582E-05   0.00000E+00   1.35451E-03   1.00000E+00   0.00000E+00   7.75157E+00   1.76169E-17            15   3.15970E-10   3.14242E+00
        3706   4.44720E+02   1.20000E-01   7.72670E-02   1.91131E-05   3.24071E-05   0.00000E+00   1.35944E-03   1.00000E+00   0.00000E+00   7.75157E+00   1.76996E-17            15   3.15602E-10   3.14243E+00
        3707   4.44840E+02   1.20000E-01   7.72670E-02   1.89590E-05   3.21555E-05   0.00000E+00   1.36432E-03   1.00000E+00   0.00000E+00   7.75157E+00   1.78720E-17            15   3.16076E-10   3.14243E+00
        3708   4.44960E+02   1.20000E-01   7.72670E-02   1.88047E-05   3.19034E-05   0.00000E+00   1.36915E-03   1.00000E+00   0.00000E+00   7.75157E+00   1.80321E-17            15   3.16443E-10   3.14244E+00
        3709   4.45080E+02   1.20000E-01   7.72670E-02   1.86503E-05   3.16508E-05   0.00000E+00   1.37394E-03   1.00000E+00   0.00000E+00   7.75157E+00   1.82648E-17            15   3.17628E-10   3.14244E+00
        3710   4.45200E+02   1.20000E-01   7.72670E-02   1.84958E-05   3.13977E-05   0.00000E+00   1.37868E-03   1.00000E+00   0.00000E+00   7.75157E+00   1.84868E-17            15   3.18751E-10   3.14244E+00
        3711   4.45320E+02   1.20000E-01   7.72670E-02   1.83412E-05   3.11441E-05   0.00000E+00   1.38337E-03   1.00000E+00   0.00000E+00   7.75157E+00   1.87982E-17            15   3.20655E-10   3.14245E+00
        3712   4.45440E+02   1.20000E-01   7.72670E-02   1.81864E-05   3.08901E-05   0.00000E+00   1.38802E-03   1.00000E+00   0.00000E+00   7.75157E+00   1.90783E-17            15   3.22530E-10   3.14245E+00
        3713   4.45560E+02   1.20000E-01   7.72670E-02   1.80316E-05   3.06356E-05   0.00000E+00   1.39261E-03   1.00000E+00   0.00000E+00   7.75157E+00   1.94396E-17            15   3.25132E-10   3.14245E+00
        3714   4.45680E+02   1.20000E-01   7.72670E-02   1.78767E-05   3.03807E-05   0.00000E+00   1.39716E-03   1.00000E+00   0.00000E+00   7.75157E+00   1.97892E-17            15   3.27729E-10   3.14246E+00
        3715   4.45800E+02   1.20000E-01   7.72670E-02   1.77498E-05   3.01254E-05   0.00000E+00   1.40166E-03   1.00000E+00   0.00000E+00   7.75157E+00   2.01862E-17            15   3.30987E-10   3.14246E+00
        3716   4.45920E+02   1.20000E-01   7.72670E-02   1.76451E-05   2.98697E-05   0.00000E+00   1.40611E-03   1.00000E+00   0.00000E+00   7.75157E+00   2.05760E-17            15   3.34254E-10   3.14247E+00
        3717   4.46040E+02   1.20000E-01   7.72670E-02   1.75402E-05   2.96137E-05   0.00000E+00   1.41051E-03   1.00000E+00   0.00000E+00   7.75157E+00   2.10194E-17            15   3.38105E-10   3.14247E+00
        3718   4.46160E+02   1.20000E-01   7.72670E-02   1.74351E-05   2.93572E-05   0.00000E+00   1.41487E-03   1.00000E+00   0.00000E+00   7.75157E+00   2.15378E-17            15   3.41972E-10   3.14247E+00
        3719   4.46280E+02   1.20000E-01   7.72670E-02   1.73298E-05   2.91004E-05   0.00000E+00   1.41917E-03   1.00000E+00   0.00000E+00   7.75157E+00   2.20868E-17            15   3.46335E-10   3.14248E+00
        3720   4.46400E+02   1.20000E-01   7.72670E-02   1.72243E-05   2.88433E-05   0.00000E+00   1.42342E-03   1.00000E+00   0.00000E+00   7.75157E+00   2.25811E-17            15   3.50712E-10   3.14248E+00
        3721   4.46520E+02   1.20000E-01   7.72670E-02   1.71186E-05   2.85859E-05   0.00000E+00   1.42762E-03   1.00000E+00   0.00000E+00   7.75157E+00   2.30640E-17            15   3.55503E-10   3.14248E+00
        3722   4.46640E+02   1.20000E-01   7.72670E-02   1.70126E-05   2.83281E-05   0.00000E+00   1.43178E-03   1.00000E+00   0.00000E+00   7.75157E+00   2.35336E-17            15   3.60292E-10   3.14249E+00
        3723   4.46760E+02   1.20000E-01   7.72670E-02   1.69065E-05   2.80701E-05   0.00000E+00   1.43588E-03   1.00000E+00   0.00000E+00   7.75157E+00   2.39519E-17            15   3.65408E-10   3.14249E+00
        3724   4.46880E+02   1.20000E-01   7.72670E-02   1.68001E-05   2.78118E-05   0.00000E+00   1.43993E-03   1.00000E+00   0.00000E+00   7.75157E+00   2.43610E-17            15   3.70510E-10   3.14249E+00
        3725   4.47000E+02   1.20000E-01   7.72670E-02   1.66936E-05   2.75532E-05   0.00000E+00   1.44393E-03   1.00000E+00   0.00000E+00   7.75157E+00   2.47161E-17            15   3.75851E-10   3.14250E+00
        3726   4.47120E+02   1.20000E-01   7.72670E-02   1.65869E-05   2.72944E-05   0.00000E+00   1.44788E-03   1.00000E+00   0.00000E+00   7.75157E+00   2.50661E-17            15   3.81156E-10   3.14250E+00
        3727   4.47240E+02   1.20000E-01   7.72670E-02   1.64800E-05   2.70354E-05   0.00000E+00   1.45178E-03   1.00000E+00   0.00000E+00   7.75157E+00   2.54073E-17            15   3.86612E-10   3.14250E+00
        3728   4.47360E+02   1.20000E-01   7.72670E-02   1.63729E-05   2.67761E-05   0.00000E+00   1.45563E-03   1.00000E+00   0.00000E+00   7.75157E+00   2.57882E-17            15   3.92010E-10   3.14251E+00
        3729   4.47480E+02   1.20000E-01   7.72670E-02   1.62657E-05   2.65167E-05   0.00000E+00   1.45943E-03   1.00000E+00   0.00000E+00   7.75157E+00   2.61530E-17            15   3.97473E-10   3.14251E+00
