    Timestep          Time      Timestep       Maximum          Umax          Vmax          Wmax          Pmax           VOF           VOF           VOF       Maximum      Pressure      Pressure            A0
      number                        size           CFL                                                               maximum       minimum      integral    divergence     iteration         error
           0   0.00000E+00   1.20000E-01   7.72670E-02   0.00000E+00   0.00000E+00   0.00000E+00   0.00000E+00   1.00000E+00   0.00000E+00   7.75157E+00   0.00000E+00             0   0.00000E+00   0.00000E+00
           1   1.20000E-01   1.20000E-01   7.72670E-02   1.76794E-05   1.86685E-05   0.00000E+00   9.22746E-02   1.00000E+00   0.00000E+00   7.75157E+00   2.37544E-16            15   2.18414E-10   3.20282E+00
           2   2.40000E-01   1.20000E-01   7.72670E-02   3.51963E-05   3.73061E-05   0.00000E+00   9.21947E-02   1.00000E+00   0.00000E+00   7.75157E+00   1.14876E-16            15   2.91858E-10   3.20282E+00
           3   3.60000E-01   1.20000E-01   7.72670E-02   5.25495E-05   5.59129E-05   0.00000E+00   9.21131E-02   1.00000E+00   0.00000E+00   7.75157E+00   1.18329E-16            15   2.96871E-10   3.20282E+00
           4   4.80000E-01   1.20000E-01   7.72670E-02   6.97373E-05   7.44884E-05   0.00000E+00   9.20293E-02   1.00000E+00   0.00000E+00   7.75157E+00   1.29860E-16            15   3.06391E-10   3.20281E+00
           5   6.00000E-01   1.20000E-01   7.72670E-02   8.67578E-05   9.30320E-05   0.00000E+00   9.19433E-02   1.00000E+00   0.00000E+00   7.75157E+00   1.37835E-16            15   3.17810E-10   3.20281E+00
           6   7.20000E-01   1.20000E-01   7.72670E-02   1.03610E-04   1.11543E-04   0.00000E+00   9.18552E-02   1.00000E+00   0.00000E+00   7.75157E+00   1.42273E-16            15   3.29355E-10   3.20280E+00
           7   8.40000E-01   1.20000E-01   7.72670E-02   1.20292E-04   1.30021E-04   0.00000E+00   9.17651E-02   1.00000E+00   0.00000E+00   7.75157E+00   1.43576E-16            15   3.39991E-10   3.20279E+00
           8   9.60000E-01   1.20000E-01   7.72670E-02   1.36804E-04   1.48466E-04   0.00000E+00   9.16728E-02   1.00000E+00   0.00000E+00   7.75157E+00   1.44127E-16            15   3.49298E-10   3.20278E+00
           9   1.08000E+00   1.20000E-01   7.72670E-02   1.53144E-04   1.66876E-04   0.00000E+00   9.15785E-02   1.00000E+00   0.00000E+00   7.75157E+00   1.56696E-16            15   3.57163E-10   3.20277E+00
          10   1.20000E+00   1.20000E-01   7.72670E-02   1.69312E-04   1.85252E-04   0.00000E+00   9.14821E-02   1.00000E+00   0.00000E+00   7.75157E+00   1.67529E-16            15   3.63622E-10   3.20276E+00
          11   1.32000E+00   1.20000E-01   7.72670E-02   1.85306E-04   2.03592E-04   0.00000E+00   9.13835E-02   1.00000E+00   0.00000E+00   7.75157E+00   1.76930E-16            15   3.68772E-10   3.20274E+00
          12   1.44000E+00   1.20000E-01   7.72670E-02   2.01127E-04   2.21897E-04   0.00000E+00   9.12829E-02   1.00000E+00   0.00000E+00   7.75157E+00   1.85017E-16            15   3.72732E-10   3.20273E+00
          13   1.56000E+00   1.20000E-01   7.72670E-02   2.16773E-04   2.40165E-04   0.00000E+00   9.11801E-02   1.00000E+00   0.00000E+00   7.75157E+00   1.91830E-16            15   3.75600E-10   3.20271E+00
          14   1.68000E+00   1.20000E-01   7.72670E-02   2.32246E-04   2.58396E-04   0.00000E+00   9.10753E-02   1.00000E+00   0.00000E+00   7.75157E+00   1.97780E-16            15   3.77578E-10   3.20269E+00
          15   1.80000E+00   1.20000E-01   7.72670E-02   2.47544E-04   2.76589E-04   0.00000E+00   9.09684E-02   1.00000E+00   0.00000E+00   7.75157E+00   2.02595E-16            15   3.78651E-10   3.20267E+00
          16   1.92000E+00   1.20000E-01   7.72670E-02   2.62669E-04   2.94745E-04   0.00000E+00   9.08595E-02   1.00000E+00   0.00000E+00   7.75157E+00   2.06757E-16            15   3.78924E-10   3.20264E+00
          17   2.04000E+00   1.20000E-01   7.72670E-02   2.77620E-04   3.12862E-04   0.00000E+00   9.07485E-02   1.00000E+00   0.00000E+00   7.75157E+00   2.10033E-16            15   3.78436E-10   3.20262E+00
          18   2.16000E+00   1.20000E-01   7.72670E-02   2.92399E-04   3.30939E-04   0.00000E+00   9.06354E-02   1.00000E+00   0.00000E+00   7.75157E+00   2.12565E-16            15   3.77196E-10   3.20259E+00
          19   2.28000E+00   1.20000E-01   7.72670E-02   3.07005E-04   3.48977E-04   0.00000E+00   9.05203E-02   1.00000E+00   0.00000E+00   7.75157E+00   2.14368E-16            15   3.75183E-10   3.20256E+00
          20   2.40000E+00   1.20000E-01   7.72670E-02   3.21440E-04   3.66975E-04   0.00000E+00   9.04032E-02   1.00000E+00   0.00000E+00   7.75157E+00   2.15477E-16            15   3.72333E-10   3.20253E+00
          21   2.52000E+00   1.20000E-01   7.72670E-02   3.35705E-04   3.84932E-04   0.00000E+00   9.02840E-02   1.00000E+00   0.00000E+00   7.75157E+00   2.15549E-16            15   3.68544E-10   3.20250E+00
          22   2.64000E+00   1.20000E-01   7.72670E-02   3.49800E-04   4.02848E-04   0.00000E+00   9.01628E-02   1.00000E+00   0.00000E+00   7.75157E+00   2.14927E-16            15   3.63656E-10   3.20247E+00
          23   2.76000E+00   1.20000E-01   7.72670E-02   3.63728E-04   4.20722E-04   0.00000E+00   9.00396E-02   1.00000E+00   0.00000E+00   7.75157E+00   2.13041E-16            15   3.57453E-10   3.20243E+00
          24   2.88000E+00   1.20000E-01   7.72670E-02   3.77489E-04   4.38553E-04   0.00000E+00   8.99143E-02   1.00000E+00   0.00000E+00   7.75157E+00   2.09910E-16            15   3.49635E-10   3.20240E+00
          25   3.00000E+00   1.20000E-01   7.72670E-02   3.91085E-04   4.56342E-04   0.00000E+00   8.97871E-02   1.00000E+00   0.00000E+00   7.75157E+00   2.04865E-16            15   3.39821E-10   3.20236E+00
          26   3.12000E+00   1.20000E-01   7.72670E-02   4.04518E-04   4.74087E-04   0.00000E+00   8.96578E-02   1.00000E+00   0.00000E+00   7.75157E+00   1.97512E-16            15   3.27532E-10   3.20232E+00
          27   3.24000E+00   1.20000E-01   7.72670E-02   4.17789E-04   4.91788E-04   0.00000E+00   8.95266E-02   1.00000E+00   0.00000E+00   7.75157E+00   1.87245E-16            15   3.12228E-10   3.20228E+00
          28   3.36000E+00   1.20000E-01   7.72670E-02   4.30900E-04   5.09445E-04   0.00000E+00   8.93933E-02   1.00000E+00   0.00000E+00   7.75157E+00   1.72759E-16            15   2.93405E-10   3.20224E+00
          29   3.48000E+00   1.20000E-01   7.72670E-02   4.43852E-04   5.27057E-04   0.00000E+00   8.92581E-02   1.00000E+00   0.00000E+00   7.75157E+00   1.59715E-16            15   2.70880E-10   3.20219E+00
          30   3.60000E+00   1.20000E-01   7.72670E-02   4.56649E-04   5.44624E-04   0.00000E+00   8.91209E-02   1.00000E+00   0.00000E+00   7.75157E+00   1.43117E-16            15   2.45406E-10   3.20215E+00
          31   3.72000E+00   1.20000E-01   7.72670E-02   4.69291E-04   5.62144E-04   0.00000E+00   8.89818E-02   1.00000E+00   0.00000E+00   7.75157E+00   1.21227E-16            15   2.19772E-10   3.20210E+00
          32   3.84000E+00   1.20000E-01   7.72670E-02   4.81781E-04   5.79618E-04   0.00000E+00   8.88406E-02   1.00000E+00   0.00000E+00   7.75157E+00   9.57664E-17            15   2.00006E-10   3.20205E+00
          33   3.96000E+00   1.20000E-01   7.72670E-02   4.94120E-04   5.97046E-04   0.00000E+00   8.86976E-02   1.00000E+00   0.00000E+00   7.75157E+00   7.06725E-17            15   1.94431E-10   3.20200E+00
          34   4.08000E+00   1.20000E-01   7.72670E-02   5.06312E-04   6.14425E-04   0.00000E+00   8.85526E-02   1.00000E+00   0.00000E+00   7.75157E+00   7.39353E-17            15   2.07646E-10   3.20195E+00
          35   4.20000E+00   1.20000E-01   7.72670E-02   5.18357E-04   6.31757E-04   0.00000E+00   8.84056E-02   1.00000E+00   0.00000E+00   7.75157E+00   9.08694E-17            15   2.35374E-10   3.20189E+00
          36   4.32000E+00   1.20000E-01   7.72670E-02   5.30257E-04   6.49041E-04   0.00000E+00   8.82567E-02   1.00000E+00   0.00000E+00   7.75157E+00   1.21020E-16            15   2.68895E-10   3.20184E+00
          37   4.44000E+00   1.20000E-01   7.72670E-02   5.42016E-04   6.66275E-04   0.00000E+00   8.81059E-02   1.00000E+00   0.00000E+00   7.75157E+00   1.44599E-16            15   3.01437E-10   3.20178E+00
          38   4.56000E+00   1.20000E-01   7.72670E-02   5.53635E-04   6.83461E-04   0.00000E+00   8.79532E-02   1.00000E+00   0.00000E+00   7.75157E+00   1.61205E-16            15   3.29747E-10   3.20172E+00
          39   4.68000E+00   1.20000E-01   7.72670E-02   5.65116E-04   7.00596E-04   0.00000E+00   8.77986E-02   1.00000E+00   0.00000E+00   7.75157E+00   1.72088E-16            15   3.53067E-10   3.20166E+00
          40   4.80000E+00   1.20000E-01   7.72670E-02   5.76461E-04   7.17682E-04   0.00000E+00   8.76421E-02   1.00000E+00   0.00000E+00   7.75157E+00   1.78793E-16            15   3.71834E-10   3.20160E+00
          41   4.92000E+00   1.20000E-01   7.72670E-02   5.87672E-04   7.34717E-04   0.00000E+00   8.74837E-02   1.00000E+00   0.00000E+00   7.75157E+00   1.82645E-16            15   3.86920E-10   3.20154E+00
          42   5.04000E+00   1.20000E-01   7.72670E-02   5.98752E-04   7.51701E-04   0.00000E+00   8.73234E-02   1.00000E+00   0.00000E+00   7.75157E+00   1.84507E-16            15   3.98958E-10   3.20147E+00
          43   5.16000E+00   1.20000E-01   7.72670E-02   6.09701E-04   7.68633E-04   0.00000E+00   8.71613E-02   1.00000E+00   0.00000E+00   7.75157E+00   1.85124E-16            15   4.08689E-10   3.20141E+00
          44   5.28000E+00   1.20000E-01   7.72670E-02   6.20523E-04   7.85514E-04   0.00000E+00   8.69973E-02   1.00000E+00   0.00000E+00   7.75157E+00   1.84925E-16            15   4.16745E-10   3.20134E+00
          45   5.40000E+00   1.20000E-01   7.72670E-02   6.31218E-04   8.02341E-04   0.00000E+00   8.68314E-02   1.00000E+00   0.00000E+00   7.75157E+00   1.89927E-16            15   4.23476E-10   3.20127E+00
          46   5.52000E+00   1.20000E-01   7.72670E-02   6.41790E-04   8.19116E-04   0.00000E+00   8.66637E-02   1.00000E+00   0.00000E+00   7.75157E+00   1.95907E-16            15   4.29219E-10   3.20120E+00
          47   5.64000E+00   1.20000E-01   7.72670E-02   6.52239E-04   8.35837E-04   0.00000E+00   8.64941E-02   1.00000E+00   0.00000E+00   7.75157E+00   2.01104E-16            15   4.34188E-10   3.20113E+00
          48   5.76000E+00   1.20000E-01   7.72670E-02   6.62568E-04   8.52506E-04   0.00000E+00   8.63228E-02   1.00000E+00   0.00000E+00   7.75157E+00   2.05606E-16            15   4.38553E-10   3.20106E+00
          49   5.88000E+00   1.20000E-01   7.72670E-02   6.72778E-04   8.69120E-04   0.00000E+00   8.61496E-02   1.00000E+00   0.00000E+00   7.75157E+00   2.09563E-16            15   4.42447E-10   3.20098E+00
          50   6.00000E+00   1.20000E-01   7.72670E-02   6.82871E-04   8.85679E-04   0.00000E+00   8.59746E-02   1.00000E+00   0.00000E+00   7.75157E+00   2.13152E-16            15   4.45963E-10   3.20091E+00
          51   6.12000E+00   1.20000E-01   7.72670E-02   6.92848E-04   9.02184E-04   0.00000E+00   8.57978E-02   1.00000E+00   0.00000E+00   7.75157E+00   2.16330E-16            15   4.49174E-10   3.20083E+00
          52   6.24000E+00   1.20000E-01   7.72670E-02   7.02712E-04   9.18634E-04   0.00000E+00   8.56192E-02   1.00000E+00   0.00000E+00   7.75157E+00   2.19164E-16            15   4.52133E-10   3.20075E+00
          53   6.36000E+00   1.20000E-01   7.72670E-02   7.12464E-04   9.35027E-04   0.00000E+00   8.54388E-02   1.00000E+00   0.00000E+00   7.75157E+00   2.21837E-16            15   4.54883E-10   3.20067E+00
          54   6.48000E+00   1.20000E-01   7.72670E-02   7.22104E-04   9.51365E-04   0.00000E+00   8.52567E-02   1.00000E+00   0.00000E+00   7.75157E+00   2.24178E-16            15   4.57457E-10   3.20059E+00
          55   6.60000E+00   1.20000E-01   7.72670E-02   7.31636E-04   9.67646E-04   0.00000E+00   8.50728E-02   1.00000E+00   0.00000E+00   7.75157E+00   2.26329E-16            15   4.59877E-10   3.20050E+00
          56   6.72000E+00   1.20000E-01   7.72670E-02   7.41059E-04   9.83870E-04   0.00000E+00   8.48871E-02   1.00000E+00   0.00000E+00   7.75157E+00   2.28352E-16            15   4.62162E-10   3.20042E+00
          57   6.84000E+00   1.20000E-01   7.72670E-02   7.50376E-04   1.00004E-03   0.00000E+00   8.46997E-02   1.00000E+00   0.00000E+00   7.75157E+00   2.30168E-16            15   4.64331E-10   3.20033E+00
          58   6.96000E+00   1.20000E-01   7.72670E-02   7.59588E-04   1.01615E-03   0.00000E+00   8.45106E-02   1.00000E+00   0.00000E+00   7.75157E+00   2.31847E-16            15   4.66394E-10   3.20024E+00
          59   7.08000E+00   1.20000E-01   7.72670E-02   7.68696E-04   1.03220E-03   0.00000E+00   8.43197E-02   1.00000E+00   0.00000E+00   7.75157E+00   2.33373E-16            15   4.68360E-10   3.20015E+00
          60   7.20000E+00   1.20000E-01   7.72670E-02   7.77702E-04   1.04819E-03   0.00000E+00   8.41271E-02   1.00000E+00   0.00000E+00   7.75157E+00   2.34779E-16            15   4.70238E-10   3.20006E+00
          61   7.32000E+00   1.20000E-01   7.72670E-02   7.86606E-04   1.06412E-03   0.00000E+00   8.39328E-02   1.00000E+00   0.00000E+00   7.75157E+00   2.36103E-16            15   4.72029E-10   3.19997E+00
          62   7.44000E+00   1.20000E-01   7.72670E-02   7.95409E-04   1.08000E-03   0.00000E+00   8.37369E-02   1.00000E+00   0.00000E+00   7.75157E+00   2.37311E-16            15   4.73742E-10   3.19988E+00
          63   7.56000E+00   1.20000E-01   7.72670E-02   8.04114E-04   1.09582E-03   0.00000E+00   8.35392E-02   1.00000E+00   0.00000E+00   7.75157E+00   2.38391E-16            15   4.75381E-10   3.19978E+00
          64   7.68000E+00   1.20000E-01   7.72670E-02   8.12720E-04   1.11157E-03   0.00000E+00   8.33399E-02   1.00000E+00   0.00000E+00   7.75157E+00   2.39366E-16            15   4.76945E-10   3.19969E+00
          65   7.80000E+00   1.20000E-01   7.72670E-02   8.21229E-04   1.12727E-03   0.00000E+00   8.31389E-02   1.00000E+00   0.00000E+00   7.75157E+00   2.40302E-16            15   4.78442E-10   3.19959E+00
          66   7.92000E+00   1.20000E-01   7.72670E-02   8.29642E-04   1.14290E-03   0.00000E+00   8.29363E-02   1.00000E+00   0.00000E+00   7.75157E+00   2.41184E-16            15   4.79872E-10   3.19949E+00
          67   8.04000E+00   1.20000E-01   7.72670E-02   8.37960E-04   1.15848E-03   0.00000E+00   8.27320E-02   1.00000E+00   0.00000E+00   7.75157E+00   2.41848E-16            15   4.81235E-10   3.19939E+00
          68   8.16000E+00   1.20000E-01   7.72670E-02   8.46184E-04   1.17399E-03   0.00000E+00   8.25261E-02   1.00000E+00   0.00000E+00   7.75157E+00   2.42524E-16            15   4.82536E-10   3.19929E+00
          69   8.28000E+00   1.20000E-01   7.72670E-02   8.54314E-04   1.18945E-03   0.00000E+00   8.23185E-02   1.00000E+00   0.00000E+00   7.75157E+00   2.43150E-16            15   4.83775E-10   3.19918E+00
          70   8.40000E+00   1.20000E-01   7.72670E-02   8.62352E-04   1.20484E-03   0.00000E+00   8.21094E-02   1.00000E+00   0.00000E+00   7.75157E+00   2.43616E-16            15   4.84952E-10   3.19908E+00
          71   8.52000E+00   1.20000E-01   7.72670E-02   8.70298E-04   1.22017E-03   0.00000E+00   8.18986E-02   1.00000E+00   0.00000E+00   7.75157E+00   2.44104E-16            15   4.86070E-10   3.19897E+00
          72   8.64000E+00   1.20000E-01   7.72670E-02   8.78154E-04   1.23544E-03   0.00000E+00   8.16863E-02   1.00000E+00   0.00000E+00   7.75157E+00   2.44451E-16            15   4.87130E-10   3.19887E+00
          73   8.76000E+00   1.20000E-01   7.72670E-02   8.85919E-04   1.25064E-03   0.00000E+00   8.14724E-02   1.00000E+00   0.00000E+00   7.75157E+00   2.44730E-16            15   4.88133E-10   3.19876E+00
          74   8.88000E+00   1.20000E-01   7.72670E-02   8.93595E-04   1.26578E-03   0.00000E+00   8.12569E-02   1.00000E+00   0.00000E+00   7.75157E+00   2.45035E-16            15   4.89080E-10   3.19865E+00
          75   9.00000E+00   1.20000E-01   7.72670E-02   9.01182E-04   1.28086E-03   0.00000E+00   8.10399E-02   1.00000E+00   0.00000E+00   7.75157E+00   2.45247E-16            15   4.89971E-10   3.19854E+00
          76   9.12000E+00   1.20000E-01   7.72670E-02   9.08682E-04   1.29588E-03   0.00000E+00   8.08213E-02   1.00000E+00   0.00000E+00   7.75157E+00   2.45371E-16            15   4.90808E-10   3.19843E+00
          77   9.24000E+00   1.20000E-01   7.72670E-02   9.16093E-04   1.31083E-03   0.00000E+00   8.06012E-02   1.00000E+00   0.00000E+00   7.75157E+00   2.45449E-16            15   4.91593E-10   3.19831E+00
          78   9.36000E+00   1.20000E-01   7.72670E-02   9.23419E-04   1.32572E-03   0.00000E+00   8.03796E-02   1.00000E+00   0.00000E+00   7.75157E+00   2.45497E-16            15   4.92326E-10   3.19820E+00
          79   9.48000E+00   1.20000E-01   7.72670E-02   9.30658E-04   1.34055E-03   0.00000E+00   8.01565E-02   1.00000E+00   0.00000E+00   7.75157E+00   2.45419E-16            15   4.93001E-10   3.19808E+00
          80   9.60000E+00   1.20000E-01   7.72670E-02   9.37811E-04   1.35531E-03   0.00000E+00   7.99318E-02   1.00000E+00   0.00000E+00   7.75157E+00   2.45420E-16            15   4.93628E-10   3.19796E+00
          81   9.72000E+00   1.20000E-01   7.72670E-02   9.44880E-04   1.37001E-03   0.00000E+00   7.97057E-02   1.00000E+00   0.00000E+00   7.75157E+00   2.45305E-16            15   4.94204E-10   3.19784E+00
          82   9.84000E+00   1.20000E-01   7.72670E-02   9.51864E-04   1.38464E-03   0.00000E+00   7.94781E-02   1.00000E+00   0.00000E+00   7.75157E+00   2.45070E-16            15   4.94731E-10   3.19772E+00
          83   9.96000E+00   1.20000E-01   7.72670E-02   9.58765E-04   1.39921E-03   0.00000E+00   7.92490E-02   1.00000E+00   0.00000E+00   7.75157E+00   2.44896E-16            15   4.95208E-10   3.19760E+00
          84   1.00800E+01   1.20000E-01   7.72670E-02   9.66997E-04   1.41371E-03   0.00000E+00   7.90185E-02   1.00000E+00   0.00000E+00   7.75157E+00   2.44666E-16            15   4.95636E-10   3.19748E+00
          85   1.02000E+01   1.20000E-01   7.72670E-02   9.77415E-04   1.42815E-03   0.00000E+00   7.87866E-02   1.00000E+00   0.00000E+00   7.75157E+00   2.44412E-16            15   4.96016E-10   3.19736E+00
          86   1.03200E+01   1.20000E-01   7.72670E-02   9.87803E-04   1.44252E-03   0.00000E+00   7.85906E-02   1.00000E+00   0.00000E+00   7.75157E+00   2.43967E-16            15   4.96349E-10   3.19723E+00
          87   1.04400E+01   1.20000E-01   7.72670E-02   9.98160E-04   1.45683E-03   0.00000E+00   7.84574E-02   1.00000E+00   0.00000E+00   7.75157E+00   2.43554E-16            15   4.96633E-10   3.19710E+00
          88   1.05600E+01   1.20000E-01   7.72670E-02   1.00849E-03   1.47107E-03   0.00000E+00   7.83224E-02   1.00000E+00   0.00000E+00   7.75157E+00   2.43162E-16            15   4.96873E-10   3.19698E+00
          89   1.06800E+01   1.20000E-01   7.72670E-02   1.01878E-03   1.48524E-03   0.00000E+00   7.81857E-02   1.00000E+00   0.00000E+00   7.75157E+00   2.42723E-16            15   4.97060E-10   3.19685E+00
          90   1.08000E+01   1.20000E-01   7.72670E-02   1.02904E-03   1.49935E-03   0.00000E+00   7.80472E-02   1.00000E+00   0.00000E+00   7.75157E+00   2.42151E-16            15   4.97205E-10   3.19672E+00
          91   1.09200E+01   1.20000E-01   7.72670E-02   1.03927E-03   1.51340E-03   0.00000E+00   7.79069E-02   1.00000E+00   0.00000E+00   7.75157E+00   2.41605E-16            15   4.97302E-10   3.19659E+00
          92   1.10400E+01   1.20000E-01   7.72670E-02   1.04947E-03   1.52737E-03   0.00000E+00   7.77648E-02   1.00000E+00   0.00000E+00   7.75157E+00   2.41004E-16            15   4.97350E-10   3.19645E+00
          93   1.11600E+01   1.20000E-01   7.72670E-02   1.05964E-03   1.54129E-03   0.00000E+00   7.76209E-02   1.00000E+00   0.00000E+00   7.75157E+00   2.40340E-16            15   4.97355E-10   3.19632E+00
          94   1.12800E+01   1.20000E-01   7.72670E-02   1.06977E-03   1.55513E-03   0.00000E+00   7.74752E-02   1.00000E+00   0.00000E+00   7.75157E+00   2.39664E-16            15   4.97309E-10   3.19619E+00
          95   1.14000E+01   1.20000E-01   7.72670E-02   1.07988E-03   1.56891E-03   0.00000E+00   7.73278E-02   1.00000E+00   0.00000E+00   7.75157E+00   2.38866E-16            15   4.97217E-10   3.19605E+00
          96   1.15200E+01   1.20000E-01   7.72670E-02   1.08994E-03   1.58262E-03   0.00000E+00   7.71786E-02   1.00000E+00   0.00000E+00   7.75157E+00   2.38197E-16            15   4.97079E-10   3.19591E+00
          97   1.16400E+01   1.20000E-01   7.72670E-02   1.09998E-03   1.59626E-03   0.00000E+00   7.70276E-02   1.00000E+00   0.00000E+00   7.75157E+00   2.37293E-16            15   4.96895E-10   3.19577E+00
          98   1.17600E+01   1.20000E-01   7.72670E-02   1.10998E-03   1.60984E-03   0.00000E+00   7.68749E-02   1.00000E+00   0.00000E+00   7.75157E+00   2.36541E-16            15   4.96659E-10   3.19563E+00
          99   1.18800E+01   1.20000E-01   7.72670E-02   1.11995E-03   1.62335E-03   0.00000E+00   7.67204E-02   1.00000E+00   0.00000E+00   7.75157E+00   2.35558E-16            15   4.96374E-10   3.19549E+00
         100   1.20000E+01   1.20000E-01   7.72670E-02   1.12988E-03   1.63679E-03   0.00000E+00   7.65642E-02   1.00000E+00   0.00000E+00   7.75157E+00   2.34604E-16            15   4.96041E-10   3.19535E+00
         101   1.21200E+01   1.20000E-01   7.72670E-02   1.13978E-03   1.65017E-03   0.00000E+00   7.64062E-02   1.00000E+00   0.00000E+00   7.75157E+00   2.33555E-16            15   4.95657E-10   3.19521E+00
         102   1.22400E+01   1.20000E-01   7.72670E-02   1.14964E-03   1.66347E-03   0.00000E+00   7.62464E-02   1.00000E+00   0.00000E+00   7.75157E+00   2.32499E-16            15   4.95223E-10   3.19506E+00
         103   1.23600E+01   1.20000E-01   7.72670E-02   1.15947E-03   1.67671E-03   0.00000E+00   7.60849E-02   1.00000E+00   0.00000E+00   7.75157E+00   2.31415E-16            15   4.94734E-10   3.19492E+00
         104   1.24800E+01   1.20000E-01   7.72670E-02   1.16926E-03   1.68989E-03   0.00000E+00   7.59217E-02   1.00000E+00   0.00000E+00   7.75157E+00   2.30331E-16            15   4.94194E-10   3.19477E+00
         105   1.26000E+01   1.20000E-01   7.72670E-02   1.17902E-03   1.70299E-03   0.00000E+00   7.57567E-02   1.00000E+00   0.00000E+00   7.75157E+00   2.29059E-16            15   4.93600E-10   3.19462E+00
         106   1.27200E+01   1.20000E-01   7.72670E-02   1.18874E-03   1.71603E-03   0.00000E+00   7.55900E-02   1.00000E+00   0.00000E+00   7.75157E+00   2.27951E-16            15   4.92942E-10   3.19448E+00
         107   1.28400E+01   1.20000E-01   7.72670E-02   1.19842E-03   1.72900E-03   0.00000E+00   7.54215E-02   1.00000E+00   0.00000E+00   7.75157E+00   2.26570E-16            15   4.92226E-10   3.19433E+00
         108   1.29600E+01   1.20000E-01   7.72670E-02   1.20807E-03   1.74190E-03   0.00000E+00   7.52513E-02   1.00000E+00   0.00000E+00   7.75157E+00   2.25291E-16            15   4.91452E-10   3.19418E+00
         109   1.30800E+01   1.20000E-01   7.72670E-02   1.21768E-03   1.75474E-03   0.00000E+00   7.50794E-02   1.00000E+00   0.00000E+00   7.75157E+00   2.23988E-16            15   4.90617E-10   3.19402E+00
         110   1.32000E+01   1.20000E-01   7.72670E-02   1.22725E-03   1.76750E-03   0.00000E+00   7.49057E-02   1.00000E+00   0.00000E+00   7.75157E+00   2.22488E-16            15   4.89711E-10   3.19387E+00
         111   1.33200E+01   1.20000E-01   7.72670E-02   1.23679E-03   1.78020E-03   0.00000E+00   7.47303E-02   1.00000E+00   0.00000E+00   7.75157E+00   2.21012E-16            15   4.88734E-10   3.19372E+00
         112   1.34400E+01   1.20000E-01   7.72670E-02   1.24628E-03   1.79283E-03   0.00000E+00   7.45533E-02   1.00000E+00   0.00000E+00   7.75157E+00   2.19483E-16            15   4.87685E-10   3.19356E+00
         113   1.35600E+01   1.20000E-01   7.72670E-02   1.25574E-03   1.80540E-03   0.00000E+00   7.43744E-02   1.00000E+00   0.00000E+00   7.75157E+00   2.17889E-16            15   4.86561E-10   3.19340E+00
         114   1.36800E+01   1.20000E-01   7.72670E-02   1.26516E-03   1.81789E-03   0.00000E+00   7.41939E-02   1.00000E+00   0.00000E+00   7.75157E+00   2.16313E-16            15   4.85354E-10   3.19325E+00
         115   1.38000E+01   1.20000E-01   7.72670E-02   1.27454E-03   1.83032E-03   0.00000E+00   7.40117E-02   1.00000E+00   0.00000E+00   7.75157E+00   2.14555E-16            15   4.84058E-10   3.19309E+00
         116   1.39200E+01   1.20000E-01   7.72670E-02   1.28388E-03   1.84268E-03   0.00000E+00   7.38278E-02   1.00000E+00   0.00000E+00   7.75157E+00   2.12714E-16            15   4.82674E-10   3.19293E+00
         117   1.40400E+01   1.20000E-01   7.72670E-02   1.29318E-03   1.85497E-03   0.00000E+00   7.36421E-02   1.00000E+00   0.00000E+00   7.75157E+00   2.10857E-16            15   4.81193E-10   3.19277E+00
         118   1.41600E+01   1.20000E-01   7.72670E-02   1.30244E-03   1.86719E-03   0.00000E+00   7.34548E-02   1.00000E+00   0.00000E+00   7.75157E+00   2.08899E-16            15   4.79605E-10   3.19261E+00
         119   1.42800E+01   1.20000E-01   7.72670E-02   1.31166E-03   1.87935E-03   0.00000E+00   7.32658E-02   1.00000E+00   0.00000E+00   7.75157E+00   2.06889E-16            15   4.77906E-10   3.19245E+00
         120   1.44000E+01   1.20000E-01   7.72670E-02   1.32084E-03   1.89144E-03   0.00000E+00   7.30750E-02   1.00000E+00   0.00000E+00   7.75157E+00   2.04792E-16            15   4.76089E-10   3.19228E+00
         121   1.45200E+01   1.20000E-01   7.72670E-02   1.32998E-03   1.90346E-03   0.00000E+00   7.28826E-02   1.00000E+00   0.00000E+00   7.75157E+00   2.02613E-16            15   4.74175E-10   3.19212E+00
         122   1.46400E+01   1.20000E-01   7.72670E-02   1.33907E-03   1.91541E-03   0.00000E+00   7.26886E-02   1.00000E+00   0.00000E+00   7.75157E+00   2.00530E-16            15   4.72049E-10   3.19195E+00
         123   1.47600E+01   1.20000E-01   7.72670E-02   1.34813E-03   1.92730E-03   0.00000E+00   7.24928E-02   1.00000E+00   0.00000E+00   7.75157E+00   1.98077E-16            15   4.69794E-10   3.19178E+00
         124   1.48800E+01   1.20000E-01   7.72670E-02   1.35714E-03   1.93911E-03   0.00000E+00   7.22954E-02   1.00000E+00   0.00000E+00   7.75157E+00   1.95621E-16            15   4.67377E-10   3.19162E+00
         125   1.50000E+01   1.20000E-01   7.72670E-02   1.36611E-03   1.95086E-03   0.00000E+00   7.20963E-02   1.00000E+00   0.00000E+00   7.75157E+00   1.93052E-16            15   4.64776E-10   3.19145E+00
         126   1.51200E+01   1.20000E-01   7.72670E-02   1.37503E-03   1.96254E-03   0.00000E+00   7.18955E-02   1.00000E+00   0.00000E+00   7.75157E+00   1.90557E-16            15   4.61990E-10   3.19128E+00
         127   1.52400E+01   1.20000E-01   7.72670E-02   1.38392E-03   1.97416E-03   0.00000E+00   7.16931E-02   1.00000E+00   0.00000E+00   7.75157E+00   1.87630E-16            15   4.58945E-10   3.19111E+00
         128   1.53600E+01   1.20000E-01   7.72670E-02   1.39276E-03   1.98570E-03   0.00000E+00   7.14891E-02   1.00000E+00   0.00000E+00   7.75157E+00   1.84701E-16            15   4.55669E-10   3.19094E+00
         129   1.54800E+01   1.20000E-01   7.72670E-02   1.40155E-03   1.99718E-03   0.00000E+00   7.12833E-02   1.00000E+00   0.00000E+00   7.75157E+00   1.81728E-16            15   4.52124E-10   3.19077E+00
         130   1.56000E+01   1.20000E-01   7.72670E-02   1.41030E-03   2.00859E-03   0.00000E+00   7.10760E-02   1.00000E+00   0.00000E+00   7.75157E+00   1.78435E-16            15   4.48293E-10   3.19059E+00
         131   1.57200E+01   1.20000E-01   7.72670E-02   1.41901E-03   2.01993E-03   0.00000E+00   7.08670E-02   1.00000E+00   0.00000E+00   7.75157E+00   1.75119E-16            15   4.44070E-10   3.19042E+00
         132   1.58400E+01   1.20000E-01   7.72670E-02   1.42767E-03   2.03121E-03   0.00000E+00   7.06563E-02   1.00000E+00   0.00000E+00   7.75157E+00   1.71514E-16            15   4.39495E-10   3.19024E+00
         133   1.59600E+01   1.20000E-01   7.72670E-02   1.43628E-03   2.04242E-03   0.00000E+00   7.04440E-02   1.00000E+00   0.00000E+00   7.75157E+00   1.67778E-16            15   4.34500E-10   3.19007E+00
         134   1.60800E+01   1.20000E-01   7.72670E-02   1.44486E-03   2.05356E-03   0.00000E+00   7.02301E-02   1.00000E+00   0.00000E+00   7.75157E+00   1.63689E-16            15   4.29017E-10   3.18989E+00
         135   1.62000E+01   1.20000E-01   7.72670E-02   1.45338E-03   2.06464E-03   0.00000E+00   7.00146E-02   1.00000E+00   0.00000E+00   7.75157E+00   1.59461E-16            15   4.23004E-10   3.18971E+00
         136   1.63200E+01   1.20000E-01   7.72670E-02   1.46186E-03   2.07564E-03   0.00000E+00   6.97975E-02   1.00000E+00   0.00000E+00   7.75157E+00   1.55038E-16            15   4.16381E-10   3.18953E+00
         137   1.64400E+01   1.20000E-01   7.72670E-02   1.47029E-03   2.08658E-03   0.00000E+00   6.95787E-02   1.00000E+00   0.00000E+00   7.75157E+00   1.50126E-16            15   4.09086E-10   3.18935E+00
         138   1.65600E+01   1.20000E-01   7.72670E-02   1.47867E-03   2.09745E-03   0.00000E+00   6.93584E-02   1.00000E+00   0.00000E+00   7.75157E+00   1.45018E-16            15   4.01033E-10   3.18917E+00
         139   1.66800E+01   1.20000E-01   7.72670E-02   1.48701E-03   2.10826E-03   0.00000E+00   6.91364E-02   1.00000E+00   0.00000E+00   7.75157E+00   1.39548E-16            15   3.92152E-10   3.18899E+00
         140   1.68000E+01   1.20000E-01   7.72670E-02   1.49530E-03   2.11900E-03   0.00000E+00   6.89129E-02   1.00000E+00   0.00000E+00   7.75157E+00   1.33794E-16            15   3.82312E-10   3.18881E+00
         141   1.69200E+01   1.20000E-01   7.72670E-02   1.50354E-03   2.12967E-03   0.00000E+00   6.86878E-02   1.00000E+00   0.00000E+00   7.75157E+00   1.27502E-16            15   3.71443E-10   3.18862E+00
         142   1.70400E+01   1.20000E-01   7.72670E-02   1.51173E-03   2.14028E-03   0.00000E+00   6.84610E-02   1.00000E+00   0.00000E+00   7.75157E+00   1.20937E-16            15   3.59465E-10   3.18844E+00
         143   1.71600E+01   1.20000E-01   7.72670E-02   1.51988E-03   2.15082E-03   0.00000E+00   6.82327E-02   1.00000E+00   0.00000E+00   7.75157E+00   1.13888E-16            15   3.46345E-10   3.18825E+00
         144   1.72800E+01   1.20000E-01   7.72670E-02   1.52797E-03   2.16129E-03   0.00000E+00   6.80029E-02   1.00000E+00   0.00000E+00   7.75157E+00   1.06527E-16            15   3.32007E-10   3.18807E+00
         145   1.74000E+01   1.20000E-01   7.72670E-02   1.53602E-03   2.17169E-03   0.00000E+00   6.77714E-02   1.00000E+00   0.00000E+00   7.75157E+00   9.90355E-17            15   3.16579E-10   3.18788E+00
         146   1.75200E+01   1.20000E-01   7.72670E-02   1.54402E-03   2.18203E-03   0.00000E+00   6.75384E-02   1.00000E+00   0.00000E+00   7.75157E+00   9.13230E-17            15   3.00175E-10   3.18769E+00
         147   1.76400E+01   1.20000E-01   7.72670E-02   1.55197E-03   2.19230E-03   0.00000E+00   6.73039E-02   1.00000E+00   0.00000E+00   7.75157E+00   8.36836E-17            15   2.83327E-10   3.18751E+00
         148   1.77600E+01   1.20000E-01   7.72670E-02   1.55986E-03   2.20251E-03   0.00000E+00   6.70677E-02   1.00000E+00   0.00000E+00   7.75157E+00   7.64740E-17            15   2.66204E-10   3.18732E+00
         149   1.78800E+01   1.20000E-01   7.72670E-02   1.56771E-03   2.21265E-03   0.00000E+00   6.68301E-02   1.00000E+00   0.00000E+00   7.75157E+00   6.99299E-17            15   2.50117E-10   3.18713E+00
         150   1.80000E+01   1.20000E-01   7.72670E-02   1.57551E-03   2.22272E-03   0.00000E+00   6.65909E-02   1.00000E+00   0.00000E+00   7.75157E+00   6.45383E-17            15   2.36129E-10   3.18694E+00
         151   1.81200E+01   1.20000E-01   7.72670E-02   1.58325E-03   2.23273E-03   0.00000E+00   6.63502E-02   1.00000E+00   0.00000E+00   7.75157E+00   6.17452E-17            15   2.25688E-10   3.18674E+00
         152   1.82400E+01   1.20000E-01   7.72670E-02   1.59095E-03   2.24267E-03   0.00000E+00   6.61079E-02   1.00000E+00   0.00000E+00   7.75157E+00   6.01005E-17            15   2.20223E-10   3.18655E+00
         153   1.83600E+01   1.20000E-01   7.72670E-02   1.59859E-03   2.25255E-03   0.00000E+00   6.58641E-02   1.00000E+00   0.00000E+00   7.75157E+00   5.82893E-17            15   2.20753E-10   3.18636E+00
         154   1.84800E+01   1.20000E-01   7.72670E-02   1.60618E-03   2.26236E-03   0.00000E+00   6.56189E-02   1.00000E+00   0.00000E+00   7.75157E+00   6.03307E-17            15   2.27362E-10   3.18616E+00
         155   1.86000E+01   1.20000E-01   7.72670E-02   1.61371E-03   2.27210E-03   0.00000E+00   6.53721E-02   1.00000E+00   0.00000E+00   7.75157E+00   6.40934E-17            15   2.39209E-10   3.18597E+00
         156   1.87200E+01   1.20000E-01   7.72670E-02   1.62120E-03   2.28178E-03   0.00000E+00   6.51238E-02   1.00000E+00   0.00000E+00   7.75157E+00   6.93247E-17            15   2.55069E-10   3.18577E+00
         157   1.88400E+01   1.20000E-01   7.72670E-02   1.62863E-03   2.29139E-03   0.00000E+00   6.48740E-02   1.00000E+00   0.00000E+00   7.75157E+00   7.55144E-17            15   2.73332E-10   3.18558E+00
         158   1.89600E+01   1.20000E-01   7.72670E-02   1.63601E-03   2.30094E-03   0.00000E+00   6.46227E-02   1.00000E+00   0.00000E+00   7.75157E+00   8.19243E-17            15   2.92536E-10   3.18538E+00
         159   1.90800E+01   1.20000E-01   7.72670E-02   1.64334E-03   2.31042E-03   0.00000E+00   6.43700E-02   1.00000E+00   0.00000E+00   7.75157E+00   8.86033E-17            15   3.11565E-10   3.18518E+00
         160   1.92000E+01   1.20000E-01   7.72670E-02   1.65062E-03   2.31983E-03   0.00000E+00   6.41158E-02   1.00000E+00   0.00000E+00   7.75157E+00   9.48134E-17            15   3.29720E-10   3.18498E+00
         161   1.93200E+01   1.20000E-01   7.72670E-02   1.65784E-03   2.32918E-03   0.00000E+00   6.38601E-02   1.00000E+00   0.00000E+00   7.75157E+00   1.00486E-16            15   3.46515E-10   3.18478E+00
         162   1.94400E+01   1.20000E-01   7.72670E-02   1.66502E-03   2.33847E-03   0.00000E+00   6.36029E-02   1.00000E+00   0.00000E+00   7.75157E+00   1.05473E-16            15   3.61757E-10   3.18458E+00
         163   1.95600E+01   1.20000E-01   7.72670E-02   1.67214E-03   2.34768E-03   0.00000E+00   6.33443E-02   1.00000E+00   0.00000E+00   7.75157E+00   1.09982E-16            15   3.75337E-10   3.18438E+00
         164   1.96800E+01   1.20000E-01   7.72670E-02   1.67920E-03   2.35684E-03   0.00000E+00   6.30842E-02   1.00000E+00   0.00000E+00   7.75157E+00   1.13655E-16            15   3.87311E-10   3.18418E+00
         165   1.98000E+01   1.20000E-01   7.72670E-02   1.68621E-03   2.36593E-03   0.00000E+00   6.28227E-02   1.00000E+00   0.00000E+00   7.75157E+00   1.16614E-16            15   3.97801E-10   3.18398E+00
         166   1.99200E+01   1.20000E-01   7.72670E-02   1.69316E-03   2.37495E-03   0.00000E+00   6.25597E-02   1.00000E+00   0.00000E+00   7.75157E+00   1.19098E-16            15   4.07043E-10   3.18378E+00
         167   2.00400E+01   1.20000E-01   7.72670E-02   1.70006E-03   2.38391E-03   0.00000E+00   6.22953E-02   1.00000E+00   0.00000E+00   7.75157E+00   1.20950E-16            15   4.15086E-10   3.18357E+00
         168   2.01600E+01   1.20000E-01   7.72670E-02   1.70690E-03   2.39280E-03   0.00000E+00   6.20295E-02   1.00000E+00   0.00000E+00   7.75157E+00   1.22574E-16            15   4.22093E-10   3.18337E+00
         169   2.02800E+01   1.20000E-01   7.72670E-02   1.71369E-03   2.40163E-03   0.00000E+00   6.17623E-02   1.00000E+00   0.00000E+00   7.75157E+00   1.23585E-16            15   4.28234E-10   3.18316E+00
         170   2.04000E+01   1.20000E-01   7.72670E-02   1.72042E-03   2.41039E-03   0.00000E+00   6.14936E-02   1.00000E+00   0.00000E+00   7.75157E+00   1.24307E-16            15   4.33610E-10   3.18296E+00
         171   2.05200E+01   1.20000E-01   7.72670E-02   1.72710E-03   2.41909E-03   0.00000E+00   6.12236E-02   1.00000E+00   0.00000E+00   7.75157E+00   1.24765E-16            15   4.38329E-10   3.18275E+00
         172   2.06400E+01   1.20000E-01   7.72670E-02   1.73373E-03   2.42772E-03   0.00000E+00   6.09522E-02   1.00000E+00   0.00000E+00   7.75157E+00   1.24996E-16            15   4.42512E-10   3.18254E+00
         173   2.07600E+01   1.20000E-01   7.72670E-02   1.74029E-03   2.43628E-03   0.00000E+00   6.06794E-02   1.00000E+00   0.00000E+00   7.75157E+00   1.25044E-16            15   4.46179E-10   3.18233E+00
         174   2.08800E+01   1.20000E-01   7.72670E-02   1.74680E-03   2.44479E-03   0.00000E+00   6.04052E-02   1.00000E+00   0.00000E+00   7.75157E+00   1.24834E-16            15   4.49452E-10   3.18213E+00
         175   2.10000E+01   1.20000E-01   7.72670E-02   1.75326E-03   2.45322E-03   0.00000E+00   6.01297E-02   1.00000E+00   0.00000E+00   7.75157E+00   1.24438E-16            15   4.52371E-10   3.18192E+00
         176   2.11200E+01   1.20000E-01   7.72670E-02   1.75966E-03   2.46160E-03   0.00000E+00   5.98527E-02   1.00000E+00   0.00000E+00   7.75157E+00   1.24047E-16            15   4.55025E-10   3.18171E+00
         177   2.12400E+01   1.20000E-01   7.72670E-02   1.76600E-03   2.46990E-03   0.00000E+00   5.95744E-02   1.00000E+00   0.00000E+00   7.75157E+00   1.24350E-16            15   4.57362E-10   3.18150E+00
         178   2.13600E+01   1.20000E-01   7.72670E-02   1.77229E-03   2.47814E-03   0.00000E+00   5.92948E-02   1.00000E+00   0.00000E+00   7.75157E+00   1.24352E-16            15   4.59498E-10   3.18129E+00
         179   2.14800E+01   1.20000E-01   7.72670E-02   1.77852E-03   2.48632E-03   0.00000E+00   5.90138E-02   1.00000E+00   0.00000E+00   7.75157E+00   1.24058E-16            15   4.61446E-10   3.18107E+00
         180   2.16000E+01   1.20000E-01   7.72670E-02   1.78469E-03   2.49443E-03   0.00000E+00   5.87315E-02   1.00000E+00   0.00000E+00   7.75157E+00   1.25303E-16            15   4.63199E-10   3.18086E+00
         181   2.17200E+01   1.20000E-01   7.72670E-02   1.79080E-03   2.50248E-03   0.00000E+00   5.84478E-02   1.00000E+00   0.00000E+00   7.75157E+00   1.24039E-16            15   4.64768E-10   3.18065E+00
         182   2.18400E+01   1.20000E-01   7.72670E-02   1.79686E-03   2.51046E-03   0.00000E+00   5.81629E-02   1.00000E+00   0.00000E+00   7.75157E+00   1.23670E-16            15   4.66139E-10   3.18044E+00
         183   2.19600E+01   1.20000E-01   7.72670E-02   1.80286E-03   2.51838E-03   0.00000E+00   5.78767E-02   1.00000E+00   0.00000E+00   7.75157E+00   1.23725E-16            15   4.67207E-10   3.18022E+00
         184   2.20800E+01   1.20000E-01   7.72670E-02   1.80881E-03   2.52623E-03   0.00000E+00   5.75892E-02   1.00000E+00   0.00000E+00   7.75157E+00   1.21520E-16            15   4.68075E-10   3.18001E+00
         185   2.22000E+01   1.20000E-01   7.72670E-02   1.81469E-03   2.53402E-03   0.00000E+00   5.73004E-02   1.00000E+00   0.00000E+00   7.75157E+00   1.20678E-16            15   4.68561E-10   3.17979E+00
         186   2.23200E+01   1.20000E-01   7.72670E-02   1.82052E-03   2.54174E-03   0.00000E+00   5.70106E-02   1.00000E+00   0.00000E+00   7.75157E+00   1.18601E-16            15   4.68693E-10   3.17958E+00
         187   2.24400E+01   1.20000E-01   7.72670E-02   1.82628E-03   2.54940E-03   0.00000E+00   5.67194E-02   1.00000E+00   0.00000E+00   7.75157E+00   1.16930E-16            15   4.68215E-10   3.17936E+00
         188   2.25600E+01   1.20000E-01   7.72670E-02   1.83199E-03   2.55699E-03   0.00000E+00   5.64270E-02   1.00000E+00   0.00000E+00   7.75157E+00   1.14880E-16            15   4.66923E-10   3.17914E+00
         189   2.26800E+01   1.20000E-01   7.72670E-02   1.83764E-03   2.56452E-03   0.00000E+00   5.61331E-02   1.00000E+00   0.00000E+00   7.75157E+00   1.11546E-16            15   4.64809E-10   3.17892E+00
         190   2.28000E+01   1.20000E-01   7.72670E-02   1.84323E-03   2.57198E-03   0.00000E+00   5.58383E-02   1.00000E+00   0.00000E+00   7.75157E+00   1.08271E-16            15   4.60435E-10   3.17871E+00
         191   2.29200E+01   1.20000E-01   7.72670E-02   1.84875E-03   2.57937E-03   0.00000E+00   5.55419E-02   1.00000E+00   0.00000E+00   7.75157E+00   1.03771E-16            15   4.54232E-10   3.17849E+00
         192   2.30400E+01   1.20000E-01   7.72670E-02   1.85422E-03   2.58670E-03   0.00000E+00   5.52442E-02   1.00000E+00   0.00000E+00   7.75157E+00   9.93757E-17            15   4.43854E-10   3.17827E+00
         193   2.31600E+01   1.20000E-01   7.72670E-02   1.85963E-03   2.59397E-03   0.00000E+00   5.49456E-02   1.00000E+00   0.00000E+00   7.75157E+00   9.24853E-17            15   4.25231E-10   3.17805E+00
         194   2.32800E+01   1.20000E-01   7.72670E-02   1.86498E-03   2.60117E-03   0.00000E+00   5.46456E-02   1.00000E+00   0.00000E+00   7.75157E+00   8.23829E-17            15   3.95342E-10   3.17783E+00
         195   2.34000E+01   1.20000E-01   7.72670E-02   1.87027E-03   2.60830E-03   0.00000E+00   5.43445E-02   1.00000E+00   0.00000E+00   7.75157E+00   6.68716E-17            15   3.44544E-10   3.17761E+00
         196   2.35200E+01   1.20000E-01   7.72670E-02   1.87550E-03   2.61537E-03   0.00000E+00   5.40421E-02   1.00000E+00   0.00000E+00   7.75157E+00   4.61565E-17            15   2.68197E-10   3.17739E+00
         197   2.36400E+01   1.20000E-01   7.72670E-02   1.88066E-03   2.62238E-03   0.00000E+00   5.37386E-02   1.00000E+00   0.00000E+00   7.75157E+00   3.67671E-17            15   2.03774E-10   3.17717E+00
         198   2.37600E+01   1.20000E-01   7.72670E-02   1.88577E-03   2.62931E-03   0.00000E+00   5.34338E-02   1.00000E+00   0.00000E+00   7.75157E+00   3.95945E-17            15   2.38800E-10   3.17694E+00
         199   2.38800E+01   1.20000E-01   7.72670E-02   1.89081E-03   2.63619E-03   0.00000E+00   5.31279E-02   1.00000E+00   0.00000E+00   7.75157E+00   5.77466E-17            15   3.27229E-10   3.17672E+00
         200   2.40000E+01   1.20000E-01   7.72670E-02   1.89580E-03   2.64299E-03   0.00000E+00   5.28208E-02   1.00000E+00   0.00000E+00   7.75157E+00   7.51753E-17            15   3.96222E-10   3.17650E+00
         201   2.41200E+01   1.20000E-01   7.72670E-02   1.90072E-03   2.64973E-03   0.00000E+00   5.25125E-02   1.00000E+00   0.00000E+00   7.75157E+00   8.62935E-17            15   4.39608E-10   3.17627E+00
         202   2.42400E+01   1.20000E-01   7.72670E-02   1.90558E-03   2.65641E-03   0.00000E+00   5.22030E-02   1.00000E+00   0.00000E+00   7.75157E+00   9.27292E-17            15   4.66780E-10   3.17605E+00
         203   2.43600E+01   1.20000E-01   7.72670E-02   1.91039E-03   2.66301E-03   0.00000E+00   5.18924E-02   1.00000E+00   0.00000E+00   7.75157E+00   9.64608E-17            15   4.84491E-10   3.17582E+00
         204   2.44800E+01   1.20000E-01   7.72670E-02   1.91512E-03   2.66956E-03   0.00000E+00   5.15807E-02   1.00000E+00   0.00000E+00   7.75157E+00   9.86886E-17            15   4.97069E-10   3.17560E+00
         205   2.46000E+01   1.20000E-01   7.72670E-02   1.91980E-03   2.67603E-03   0.00000E+00   5.12678E-02   1.00000E+00   0.00000E+00   7.75157E+00   1.01273E-16            15   5.06130E-10   3.17537E+00
         206   2.47200E+01   1.20000E-01   7.72670E-02   1.92442E-03   2.68244E-03   0.00000E+00   5.09538E-02   1.00000E+00   0.00000E+00   7.75157E+00   1.01535E-16            15   5.13549E-10   3.17515E+00
         207   2.48400E+01   1.20000E-01   7.72670E-02   1.92897E-03   2.68878E-03   0.00000E+00   5.06386E-02   1.00000E+00   0.00000E+00   7.75157E+00   1.01533E-16            15   5.19287E-10   3.17492E+00
         208   2.49600E+01   1.20000E-01   7.72670E-02   1.93346E-03   2.69506E-03   0.00000E+00   5.03223E-02   1.00000E+00   0.00000E+00   7.75157E+00   1.00898E-16            15   5.24420E-10   3.17469E+00
         209   2.50800E+01   1.20000E-01   7.72670E-02   1.93789E-03   2.70127E-03   0.00000E+00   5.00049E-02   1.00000E+00   0.00000E+00   7.75157E+00   1.01297E-16            15   5.28943E-10   3.17447E+00
         210   2.52000E+01   1.20000E-01   7.72670E-02   1.94225E-03   2.70741E-03   0.00000E+00   4.96864E-02   1.00000E+00   0.00000E+00   7.75157E+00   1.00096E-16            15   5.33054E-10   3.17424E+00
         211   2.53200E+01   1.20000E-01   7.72670E-02   1.94656E-03   2.71349E-03   0.00000E+00   4.93669E-02   1.00000E+00   0.00000E+00   7.75157E+00   9.97332E-17            15   5.36837E-10   3.17401E+00
         212   2.54400E+01   1.20000E-01   7.72670E-02   1.95080E-03   2.71950E-03   0.00000E+00   4.90462E-02   1.00000E+00   0.00000E+00   7.75157E+00   9.90160E-17            15   5.40388E-10   3.17378E+00
         213   2.55600E+01   1.20000E-01   7.72670E-02   1.95497E-03   2.72544E-03   0.00000E+00   4.87245E-02   1.00000E+00   0.00000E+00   7.75157E+00   9.83927E-17            15   5.43833E-10   3.17355E+00
         214   2.56800E+01   1.20000E-01   7.72670E-02   1.95909E-03   2.73131E-03   0.00000E+00   4.84016E-02   1.00000E+00   0.00000E+00   7.75157E+00   9.71741E-17            15   5.53546E-10   3.17333E+00
         215   2.58000E+01   1.20000E-01   7.72670E-02   1.96313E-03   2.73712E-03   0.00000E+00   4.80778E-02   1.00000E+00   0.00000E+00   7.75157E+00   8.78411E-17            15   5.64965E-10   3.17310E+00
         216   2.59200E+01   1.20000E-01   7.72670E-02   1.96711E-03   2.74286E-03   0.00000E+00   4.77528E-02   1.00000E+00   0.00000E+00   7.75157E+00   8.68084E-17            15   5.67544E-10   3.17287E+00
         217   2.60400E+01   1.20000E-01   7.72670E-02   1.97103E-03   2.74853E-03   0.00000E+00   4.74268E-02   1.00000E+00   0.00000E+00   7.75157E+00   8.55940E-17            15   5.70189E-10   3.17263E+00
         218   2.61600E+01   1.20000E-01   7.72670E-02   1.97488E-03   2.75414E-03   0.00000E+00   4.70998E-02   1.00000E+00   0.00000E+00   7.75157E+00   8.47621E-17            15   5.72695E-10   3.17240E+00
         219   2.62800E+01   1.20000E-01   7.72670E-02   1.97866E-03   2.75968E-03   0.00000E+00   4.67718E-02   1.00000E+00   0.00000E+00   7.75157E+00   8.37268E-17            15   5.75125E-10   3.17217E+00
         220   2.64000E+01   1.20000E-01   7.72670E-02   1.98237E-03   2.76514E-03   0.00000E+00   4.64427E-02   1.00000E+00   0.00000E+00   7.75157E+00   8.26463E-17            15   5.77536E-10   3.17194E+00
         221   2.65200E+01   1.20000E-01   7.72670E-02   1.98601E-03   2.77055E-03   0.00000E+00   4.61126E-02   1.00000E+00   0.00000E+00   7.75157E+00   8.15514E-17            15   5.80064E-10   3.17171E+00
         222   2.66400E+01   1.20000E-01   7.72670E-02   1.98959E-03   2.77588E-03   0.00000E+00   4.57815E-02   1.00000E+00   0.00000E+00   7.75157E+00   8.05480E-17            15   5.82334E-10   3.17148E+00
         223   2.67600E+01   1.20000E-01   7.72670E-02   1.99310E-03   2.78114E-03   0.00000E+00   4.54494E-02   1.00000E+00   0.00000E+00   7.75157E+00   7.95156E-17            15   5.84716E-10   3.17124E+00
         224   2.68800E+01   1.20000E-01   7.72670E-02   1.99655E-03   2.78634E-03   0.00000E+00   4.51163E-02   1.00000E+00   0.00000E+00   7.75157E+00   7.84451E-17            15   5.86943E-10   3.17101E+00
         225   2.70000E+01   1.20000E-01   7.72670E-02   1.99992E-03   2.79147E-03   0.00000E+00   4.47822E-02   1.00000E+00   0.00000E+00   7.75157E+00   7.74037E-17            15   5.89265E-10   3.17078E+00
         226   2.71200E+01   1.20000E-01   7.72670E-02   2.00323E-03   2.79653E-03   0.00000E+00   4.44471E-02   1.00000E+00   0.00000E+00   7.75157E+00   7.68423E-17            15   5.91957E-10   3.17055E+00
         227   2.72400E+01   1.20000E-01   7.72670E-02   2.00647E-03   2.80152E-03   0.00000E+00   4.41110E-02   1.00000E+00   0.00000E+00   7.75157E+00   7.66090E-17            15   5.93840E-10   3.17031E+00
         228   2.73600E+01   1.20000E-01   7.72670E-02   2.00964E-03   2.80644E-03   0.00000E+00   4.37740E-02   1.00000E+00   0.00000E+00   7.75157E+00   7.59243E-17            15   5.96088E-10   3.17008E+00
         229   2.74800E+01   1.20000E-01   7.72670E-02   2.01274E-03   2.81129E-03   0.00000E+00   4.34360E-02   1.00000E+00   0.00000E+00   7.75157E+00   7.56221E-17            15   5.98457E-10   3.16984E+00
         230   2.76000E+01   1.20000E-01   7.72670E-02   2.01577E-03   2.81608E-03   0.00000E+00   4.30971E-02   1.00000E+00   0.00000E+00   7.75157E+00   7.49757E-17            15   6.00448E-10   3.16961E+00
         231   2.77200E+01   1.20000E-01   7.72670E-02   2.01873E-03   2.82079E-03   0.00000E+00   4.27572E-02   1.00000E+00   0.00000E+00   7.75157E+00   7.44474E-17            15   6.02425E-10   3.16937E+00
         232   2.78400E+01   1.20000E-01   7.72670E-02   2.02163E-03   2.82543E-03   0.00000E+00   4.24164E-02   1.00000E+00   0.00000E+00   7.75157E+00   7.36693E-17            15   6.04338E-10   3.16914E+00
         233   2.79600E+01   1.20000E-01   7.72670E-02   2.02445E-03   2.83001E-03   0.00000E+00   4.20746E-02   1.00000E+00   0.00000E+00   7.75157E+00   7.30535E-17            15   6.06304E-10   3.16890E+00
         234   2.80800E+01   1.20000E-01   7.72670E-02   2.02721E-03   2.83452E-03   0.00000E+00   4.17320E-02   1.00000E+00   0.00000E+00   7.75157E+00   7.20601E-17            15   6.07831E-10   3.16867E+00
         235   2.82000E+01   1.20000E-01   7.72670E-02   2.02989E-03   2.83895E-03   0.00000E+00   4.13884E-02   1.00000E+00   0.00000E+00   7.75157E+00   7.10179E-17            15   6.09215E-10   3.16843E+00
         236   2.83200E+01   1.20000E-01   7.72670E-02   2.03250E-03   2.84332E-03   0.00000E+00   4.10439E-02   1.00000E+00   0.00000E+00   7.75157E+00   7.03835E-17            15   6.10172E-10   3.16819E+00
         237   2.84400E+01   1.20000E-01   7.72670E-02   2.03504E-03   2.84761E-03   0.00000E+00   4.06985E-02   1.00000E+00   0.00000E+00   7.75157E+00   6.91604E-17            15   6.10918E-10   3.16796E+00
         238   2.85600E+01   1.20000E-01   7.72670E-02   2.03751E-03   2.85184E-03   0.00000E+00   4.03522E-02   1.00000E+00   0.00000E+00   7.75157E+00   6.78295E-17            15   6.11656E-10   3.16772E+00
         239   2.86800E+01   1.20000E-01   7.72670E-02   2.03991E-03   2.85599E-03   0.00000E+00   4.00050E-02   1.00000E+00   0.00000E+00   7.75157E+00   6.69026E-17            15   6.11416E-10   3.16748E+00
         240   2.88000E+01   1.20000E-01   7.72670E-02   2.04224E-03   2.86008E-03   0.00000E+00   3.96570E-02   1.00000E+00   0.00000E+00   7.75157E+00   6.53897E-17            15   6.11175E-10   3.16725E+00
         241   2.89200E+01   1.20000E-01   7.72670E-02   2.04450E-03   2.86409E-03   0.00000E+00   3.93080E-02   1.00000E+00   0.00000E+00   7.75157E+00   6.40440E-17            15   6.10584E-10   3.16701E+00
         242   2.90400E+01   1.20000E-01   7.72670E-02   2.04668E-03   2.86803E-03   0.00000E+00   3.89582E-02   1.00000E+00   0.00000E+00   7.75157E+00   6.21357E-17            15   6.08865E-10   3.16677E+00
         243   2.91600E+01   1.20000E-01   7.72670E-02   2.04879E-03   2.87191E-03   0.00000E+00   3.86076E-02   1.00000E+00   0.00000E+00   7.75157E+00   6.04308E-17            15   6.07022E-10   3.16653E+00
         244   2.92800E+01   1.20000E-01   7.72670E-02   2.05083E-03   2.87571E-03   0.00000E+00   3.82561E-02   1.00000E+00   0.00000E+00   7.75157E+00   5.83220E-17            15   6.04752E-10   3.16630E+00
         245   2.94000E+01   1.20000E-01   7.72670E-02   2.05279E-03   2.87944E-03   0.00000E+00   3.79037E-02   1.00000E+00   0.00000E+00   7.75157E+00   5.64653E-17            15   6.01745E-10   3.16606E+00
         246   2.95200E+01   1.20000E-01   7.72670E-02   2.05468E-03   2.88310E-03   0.00000E+00   3.75505E-02   1.00000E+00   0.00000E+00   7.75157E+00   5.45250E-17            15   5.98600E-10   3.16582E+00
         247   2.96400E+01   1.20000E-01   7.72670E-02   2.05650E-03   2.88668E-03   0.00000E+00   3.71965E-02   1.00000E+00   0.00000E+00   7.75157E+00   5.21558E-17            15   5.93695E-10   3.16558E+00
         248   2.97600E+01   1.20000E-01   7.72670E-02   2.05824E-03   2.89020E-03   0.00000E+00   3.68416E-02   1.00000E+00   0.00000E+00   7.75157E+00   4.98362E-17            15   5.88724E-10   3.16534E+00
         249   2.98800E+01   1.20000E-01   7.72670E-02   2.05991E-03   2.89364E-03   0.00000E+00   3.64860E-02   1.00000E+00   0.00000E+00   7.75157E+00   4.71418E-17            15   5.83392E-10   3.16510E+00
         250   3.00000E+01   1.20000E-01   7.72670E-02   2.06151E-03   2.89702E-03   0.00000E+00   3.61295E-02   1.00000E+00   0.00000E+00   7.75157E+00   4.47869E-17            15   5.77527E-10   3.16486E+00
         251   3.01200E+01   1.20000E-01   7.72670E-02   2.06303E-03   2.90032E-03   0.00000E+00   3.57722E-02   1.00000E+00   0.00000E+00   7.75157E+00   4.21014E-17            15   5.70107E-10   3.16462E+00
         252   3.02400E+01   1.20000E-01   7.72670E-02   2.06447E-03   2.90354E-03   0.00000E+00   3.54141E-02   1.00000E+00   0.00000E+00   7.75157E+00   4.02876E-17            15   5.62679E-10   3.16438E+00
         253   3.03600E+01   1.20000E-01   7.72670E-02   2.06584E-03   2.90670E-03   0.00000E+00   3.50553E-02   1.00000E+00   0.00000E+00   7.75157E+00   3.83587E-17            15   5.55296E-10   3.16414E+00
         254   3.04800E+01   1.20000E-01   7.72670E-02   2.06713E-03   2.90978E-03   0.00000E+00   3.46956E-02   1.00000E+00   0.00000E+00   7.75157E+00   3.68080E-17            15   5.46913E-10   3.16391E+00
         255   3.06000E+01   1.20000E-01   7.72670E-02   2.06834E-03   2.91280E-03   0.00000E+00   3.43352E-02   1.00000E+00   0.00000E+00   7.75157E+00   3.50843E-17            15   5.38629E-10   3.16367E+00
         256   3.07200E+01   1.20000E-01   7.72670E-02   2.06948E-03   2.91573E-03   0.00000E+00   3.39740E-02   1.00000E+00   0.00000E+00   7.75157E+00   3.32956E-17            15   5.28586E-10   3.16343E+00
         257   3.08400E+01   1.20000E-01   7.72670E-02   2.07054E-03   2.91860E-03   0.00000E+00   3.36120E-02   1.00000E+00   0.00000E+00   7.75157E+00   3.17105E-17            15   5.19306E-10   3.16319E+00
         258   3.09600E+01   1.20000E-01   7.72670E-02   2.07152E-03   2.92139E-03   0.00000E+00   3.32492E-02   1.00000E+00   0.00000E+00   7.75157E+00   3.00748E-17            15   5.10049E-10   3.16295E+00
         259   3.10800E+01   1.20000E-01   7.72670E-02   2.07242E-03   2.92411E-03   0.00000E+00   3.28858E-02   1.00000E+00   0.00000E+00   7.75157E+00   2.83894E-17            15   5.00526E-10   3.16270E+00
         260   3.12000E+01   1.20000E-01   7.72670E-02   2.07324E-03   2.92676E-03   0.00000E+00   3.25215E-02   1.00000E+00   0.00000E+00   7.75157E+00   2.69867E-17            15   4.90267E-10   3.16246E+00
         261   3.13200E+01   1.20000E-01   7.72670E-02   2.07399E-03   2.92933E-03   0.00000E+00   3.21566E-02   1.00000E+00   0.00000E+00   7.75157E+00   2.57337E-17            15   4.81267E-10   3.16222E+00
         262   3.14400E+01   1.20000E-01   7.72670E-02   2.07465E-03   2.93184E-03   0.00000E+00   3.17909E-02   1.00000E+00   0.00000E+00   7.75157E+00   2.44492E-17            15   4.70549E-10   3.16198E+00
         263   3.15600E+01   1.20000E-01   7.72670E-02   2.07523E-03   2.93426E-03   0.00000E+00   3.14244E-02   1.00000E+00   0.00000E+00   7.75157E+00   2.33684E-17            15   4.60646E-10   3.16174E+00
         264   3.16800E+01   1.20000E-01   7.72670E-02   2.07573E-03   2.93662E-03   0.00000E+00   3.10573E-02   1.00000E+00   0.00000E+00   7.75157E+00   2.20099E-17            15   4.51302E-10   3.16150E+00
         265   3.18000E+01   1.20000E-01   7.72670E-02   2.07614E-03   2.93890E-03   0.00000E+00   3.06894E-02   1.00000E+00   0.00000E+00   7.75157E+00   2.13072E-17            15   4.42759E-10   3.16126E+00
         266   3.19200E+01   1.20000E-01   7.72670E-02   2.07648E-03   2.94110E-03   0.00000E+00   3.03208E-02   1.00000E+00   0.00000E+00   7.75157E+00   2.17351E-17            15   4.35458E-10   3.16102E+00
         267   3.20400E+01   1.20000E-01   7.72670E-02   2.07673E-03   2.94323E-03   0.00000E+00   2.99515E-02   1.00000E+00   0.00000E+00   7.75157E+00   2.31530E-17            15   4.29609E-10   3.16078E+00
         268   3.21600E+01   1.20000E-01   7.72670E-02   2.07689E-03   2.94529E-03   0.00000E+00   2.95815E-02   1.00000E+00   0.00000E+00   7.75157E+00   2.40239E-17            15   4.25468E-10   3.16054E+00
         269   3.22800E+01   1.20000E-01   7.72670E-02   2.07697E-03   2.94727E-03   0.00000E+00   2.92108E-02   1.00000E+00   0.00000E+00   7.75157E+00   2.63277E-17            15   4.23734E-10   3.16030E+00
         270   3.24000E+01   1.20000E-01   7.72670E-02   2.07697E-03   2.94918E-03   0.00000E+00   2.88394E-02   1.00000E+00   0.00000E+00   7.75157E+00   2.71568E-17            15   4.21954E-10   3.16006E+00
         271   3.25200E+01   1.20000E-01   7.72670E-02   2.07687E-03   2.95102E-03   0.00000E+00   2.84673E-02   1.00000E+00   0.00000E+00   7.75157E+00   2.88274E-17            15   4.20954E-10   3.15982E+00
         272   3.26400E+01   1.20000E-01   7.72670E-02   2.07669E-03   2.95278E-03   0.00000E+00   2.80946E-02   1.00000E+00   0.00000E+00   7.75157E+00   3.09814E-17            15   4.21366E-10   3.15957E+00
         273   3.27600E+01   1.20000E-01   7.72670E-02   2.07643E-03   2.95446E-03   0.00000E+00   2.77212E-02   1.00000E+00   0.00000E+00   7.75157E+00   3.22098E-17            15   4.17724E-10   3.15933E+00
         274   3.28800E+01   1.20000E-01   7.72670E-02   2.07607E-03   2.95607E-03   0.00000E+00   2.73471E-02   1.00000E+00   0.00000E+00   7.75157E+00   3.31853E-17            15   4.13413E-10   3.15909E+00
         275   3.30000E+01   1.20000E-01   7.72670E-02   2.07562E-03   2.95760E-03   0.00000E+00   2.69723E-02   1.00000E+00   0.00000E+00   7.75157E+00   3.27427E-17            15   4.09438E-10   3.15885E+00
         276   3.31200E+01   1.20000E-01   7.72670E-02   2.07509E-03   2.95906E-03   0.00000E+00   2.65968E-02   1.00000E+00   0.00000E+00   7.75157E+00   3.28592E-17            15   4.07399E-10   3.15861E+00
         277   3.32400E+01   1.20000E-01   7.72670E-02   2.07446E-03   2.96045E-03   0.00000E+00   2.62207E-02   1.00000E+00   0.00000E+00   7.75157E+00   3.26464E-17            15   4.12709E-10   3.15837E+00
         278   3.33600E+01   1.20000E-01   7.72670E-02   2.07373E-03   2.96175E-03   0.00000E+00   2.58440E-02   1.00000E+00   0.00000E+00   7.75157E+00   3.38652E-17            15   4.27417E-10   3.15813E+00
         279   3.34800E+01   1.20000E-01   7.72670E-02   2.07292E-03   2.96298E-03   0.00000E+00   2.54666E-02   1.00000E+00   0.00000E+00   7.75157E+00   3.36513E-17            15   4.48972E-10   3.15789E+00
         280   3.36000E+01   1.20000E-01   7.72670E-02   2.07201E-03   2.96414E-03   0.00000E+00   2.50885E-02   1.00000E+00   0.00000E+00   7.75157E+00   3.37448E-17            15   4.74090E-10   3.15765E+00
         281   3.37200E+01   1.20000E-01   7.72670E-02   2.07100E-03   2.96522E-03   0.00000E+00   2.47098E-02   1.00000E+00   0.00000E+00   7.75157E+00   3.41599E-17            15   4.99651E-10   3.15740E+00
         282   3.38400E+01   1.20000E-01   7.72670E-02   2.06989E-03   2.96622E-03   0.00000E+00   2.43304E-02   1.00000E+00   0.00000E+00   7.75157E+00   3.60361E-17            15   5.23773E-10   3.15716E+00
         283   3.39600E+01   1.20000E-01   7.72670E-02   2.06869E-03   2.96715E-03   0.00000E+00   2.39503E-02   1.00000E+00   0.00000E+00   7.75157E+00   3.88334E-17            15   5.45506E-10   3.15692E+00
         284   3.40800E+01   1.20000E-01   7.72670E-02   2.06739E-03   2.96799E-03   0.00000E+00   2.35697E-02   1.00000E+00   0.00000E+00   7.75157E+00   4.07560E-17            15   5.65433E-10   3.15668E+00
         285   3.42000E+01   1.20000E-01   7.72670E-02   2.06599E-03   2.96877E-03   0.00000E+00   2.31883E-02   1.00000E+00   0.00000E+00   7.75157E+00   4.35460E-17            15   5.83596E-10   3.15644E+00
         286   3.43200E+01   1.20000E-01   7.72670E-02   2.06448E-03   2.96946E-03   0.00000E+00   2.28063E-02   1.00000E+00   0.00000E+00   7.75157E+00   4.54289E-17            15   6.00359E-10   3.15620E+00
         287   3.44400E+01   1.20000E-01   7.72670E-02   2.06287E-03   2.97008E-03   0.00000E+00   2.24236E-02   1.00000E+00   0.00000E+00   7.75157E+00   4.79686E-17            15   6.16043E-10   3.15596E+00
         288   3.45600E+01   1.20000E-01   7.72670E-02   2.06115E-03   2.97061E-03   0.00000E+00   2.20403E-02   1.00000E+00   0.00000E+00   7.75157E+00   5.02617E-17            15   6.30302E-10   3.15572E+00
         289   3.46800E+01   1.20000E-01   7.72670E-02   2.05933E-03   2.97107E-03   0.00000E+00   2.16563E-02   1.00000E+00   0.00000E+00   7.75157E+00   5.27038E-17            15   6.44147E-10   3.15548E+00
         290   3.48000E+01   1.20000E-01   7.72670E-02   2.05740E-03   2.97145E-03   0.00000E+00   2.12716E-02   1.00000E+00   0.00000E+00   7.75157E+00   5.48214E-17            15   6.57289E-10   3.15524E+00
         291   3.49200E+01   1.20000E-01   7.72670E-02   2.05536E-03   2.97176E-03   0.00000E+00   2.08862E-02   1.00000E+00   0.00000E+00   7.75157E+00   5.73203E-17            15   6.70031E-10   3.15500E+00
         292   3.50400E+01   1.20000E-01   7.72670E-02   2.05320E-03   2.97198E-03   0.00000E+00   2.05002E-02   1.00000E+00   0.00000E+00   7.75157E+00   6.04846E-17            15   6.82333E-10   3.15476E+00
         293   3.51600E+01   1.20000E-01   7.72670E-02   2.05093E-03   2.97212E-03   0.00000E+00   2.01134E-02   1.00000E+00   0.00000E+00   7.75157E+00   6.39798E-17            15   6.94466E-10   3.15452E+00
         294   3.52800E+01   1.20000E-01   7.72670E-02   2.04855E-03   2.97219E-03   0.00000E+00   1.97260E-02   1.00000E+00   0.00000E+00   7.75157E+00   6.69475E-17            15   7.06372E-10   3.15428E+00
         295   3.54000E+01   1.20000E-01   7.72670E-02   2.04605E-03   2.97217E-03   0.00000E+00   1.93378E-02   1.00000E+00   0.00000E+00   7.75157E+00   7.01606E-17            15   7.17707E-10   3.15404E+00
         296   3.55200E+01   1.20000E-01   7.72670E-02   2.04342E-03   2.97207E-03   0.00000E+00   1.89490E-02   1.00000E+00   0.00000E+00   7.75157E+00   7.34729E-17            15   7.29079E-10   3.15380E+00
         297   3.56400E+01   1.20000E-01   7.72670E-02   2.04068E-03   2.97189E-03   0.00000E+00   1.85593E-02   1.00000E+00   0.00000E+00   7.75157E+00   7.72594E-17            15   7.40206E-10   3.15356E+00
         298   3.57600E+01   1.20000E-01   7.72670E-02   2.03781E-03   2.97163E-03   0.00000E+00   1.81689E-02   1.00000E+00   0.00000E+00   7.75157E+00   8.19676E-17            15   7.51042E-10   3.15332E+00
         299   3.58800E+01   1.20000E-01   7.72670E-02   2.03481E-03   2.97129E-03   0.00000E+00   1.77777E-02   1.00000E+00   0.00000E+00   7.75157E+00   8.76030E-17            15   7.61908E-10   3.15308E+00
         300   3.60000E+01   1.20000E-01   7.72670E-02   2.03168E-03   2.97086E-03   0.00000E+00   1.73858E-02   1.00000E+00   0.00000E+00   7.75157E+00   9.17326E-17            15   7.72533E-10   3.15284E+00
         301   3.61200E+01   1.20000E-01   7.72670E-02   2.02842E-03   2.97035E-03   0.00000E+00   1.69929E-02   1.00000E+00   0.00000E+00   7.75157E+00   9.80083E-17            15   7.83086E-10   3.15260E+00
         302   3.62400E+01   1.20000E-01   7.72670E-02   2.02502E-03   2.96976E-03   0.00000E+00   1.65992E-02   1.00000E+00   0.00000E+00   7.75157E+00   1.01610E-16            15   7.93617E-10   3.15236E+00
         303   3.63600E+01   1.20000E-01   7.72670E-02   2.02148E-03   2.96908E-03   0.00000E+00   1.62047E-02   1.00000E+00   0.00000E+00   7.75157E+00   1.05949E-16            15   8.03539E-10   3.15212E+00
         304   3.64800E+01   1.20000E-01   7.72670E-02   2.01780E-03   2.96831E-03   0.00000E+00   1.58091E-02   1.00000E+00   0.00000E+00   7.75157E+00   1.10749E-16            15   8.13561E-10   3.15188E+00
         305   3.66000E+01   1.20000E-01   7.72670E-02   2.01397E-03   2.96746E-03   0.00000E+00   1.54126E-02   1.00000E+00   0.00000E+00   7.75157E+00   1.14541E-16            15   8.23323E-10   3.15165E+00
         306   3.67200E+01   1.20000E-01   7.72670E-02   2.00999E-03   2.96653E-03   0.00000E+00   1.50150E-02   1.00000E+00   0.00000E+00   7.75157E+00   1.19892E-16            15   8.32913E-10   3.15141E+00
         307   3.68400E+01   1.20000E-01   7.72670E-02   2.00585E-03   2.96550E-03   0.00000E+00   1.46163E-02   1.00000E+00   0.00000E+00   7.75157E+00   1.25920E-16            15   8.42131E-10   3.15117E+00
         308   3.69600E+01   1.20000E-01   7.72670E-02   2.00157E-03   2.96438E-03   0.00000E+00   1.42165E-02   1.00000E+00   0.00000E+00   7.75157E+00   1.28571E-16            15   8.51225E-10   3.15093E+00
         309   3.70800E+01   1.20000E-01   7.72670E-02   1.99712E-03   2.96318E-03   0.00000E+00   1.38154E-02   1.00000E+00   0.00000E+00   7.75157E+00   1.33721E-16            15   8.59590E-10   3.15069E+00
         310   3.72000E+01   1.20000E-01   7.72670E-02   1.99250E-03   2.96188E-03   0.00000E+00   1.34130E-02   1.00000E+00   0.00000E+00   7.75157E+00   1.36315E-16            15   8.67916E-10   3.15046E+00
         311   3.73200E+01   1.20000E-01   7.72670E-02   1.98771E-03   2.96049E-03   0.00000E+00   1.30092E-02   1.00000E+00   0.00000E+00   7.75157E+00   1.39386E-16            15   8.75797E-10   3.15022E+00
         312   3.74400E+01   1.20000E-01   7.72670E-02   1.98274E-03   2.95901E-03   0.00000E+00   1.26039E-02   1.00000E+00   0.00000E+00   7.75157E+00   1.42881E-16            15   8.83092E-10   3.14998E+00
         313   3.75600E+01   1.20000E-01   7.72670E-02   1.97758E-03   2.95743E-03   0.00000E+00   1.21969E-02   1.00000E+00   0.00000E+00   7.75157E+00   1.45660E-16            15   8.89906E-10   3.14974E+00
         314   3.76800E+01   1.20000E-01   7.72670E-02   1.97223E-03   2.95576E-03   0.00000E+00   1.17881E-02   1.00000E+00   0.00000E+00   7.75157E+00   1.48284E-16            15   8.95915E-10   3.14951E+00
         315   3.78000E+01   1.20000E-01   7.72670E-02   1.96667E-03   2.95398E-03   0.00000E+00   1.13773E-02   1.00000E+00   0.00000E+00   7.75157E+00   1.49261E-16            15   9.01220E-10   3.14927E+00
         316   3.79200E+01   1.20000E-01   7.72670E-02   1.96091E-03   2.95211E-03   0.00000E+00   1.09644E-02   1.00000E+00   0.00000E+00   7.75157E+00   1.49450E-16            15   9.05363E-10   3.14904E+00
         317   3.80400E+01   1.20000E-01   7.72670E-02   1.95494E-03   2.95013E-03   0.00000E+00   1.05491E-02   1.00000E+00   0.00000E+00   7.75157E+00   1.49655E-16            15   9.08026E-10   3.14880E+00
         318   3.81600E+01   1.20000E-01   7.72670E-02   1.94873E-03   2.94805E-03   0.00000E+00   1.01311E-02   1.00000E+00   0.00000E+00   7.75157E+00   1.49344E-16            15   9.09279E-10   3.14856E+00
         319   3.82800E+01   1.20000E-01   7.72670E-02   1.94230E-03   2.94586E-03   0.00000E+00   9.71016E-03   1.00000E+00   0.00000E+00   7.75157E+00   1.47491E-16            15   9.08147E-10   3.14833E+00
         320   3.84000E+01   1.20000E-01   7.72670E-02   1.93562E-03   2.94356E-03   0.00000E+00   9.28547E-03   1.00000E+00   0.00000E+00   7.75157E+00   1.41816E-16            15   9.04409E-10   3.14809E+00
         321   3.85200E+01   1.20000E-01   7.72670E-02   1.92868E-03   2.94114E-03   0.00000E+00   8.85757E-03   1.00000E+00   0.00000E+00   7.75157E+00   1.43753E-16            15   8.95918E-10   3.14786E+00
         322   3.86400E+01   1.20000E-01   7.72670E-02   1.92147E-03   2.93861E-03   0.00000E+00   8.42542E-03   1.00000E+00   0.00000E+00   7.75157E+00   1.44591E-16            15   8.85822E-10   3.14762E+00
         323   3.87600E+01   1.20000E-01   7.72670E-02   1.91400E-03   2.93596E-03   0.00000E+00   8.12626E-03   1.00000E+00   0.00000E+00   7.75157E+00   1.45685E-16            15   8.75880E-10   3.14739E+00
         324   3.88800E+01   1.20000E-01   7.72670E-02   1.90623E-03   2.93318E-03   0.00000E+00   8.02920E-03   1.00000E+00   0.00000E+00   7.75157E+00   1.47196E-16            15   8.71885E-10   3.14715E+00
         325   3.90000E+01   1.20000E-01   7.72670E-02   1.89816E-03   2.93027E-03   0.00000E+00   7.93115E-03   1.00000E+00   0.00000E+00   7.75157E+00   1.53072E-16            15   8.81985E-10   3.14692E+00
         326   3.91200E+01   1.20000E-01   7.72670E-02   1.88975E-03   2.92723E-03   0.00000E+00   7.83222E-03   1.00000E+00   0.00000E+00   7.75157E+00   1.61274E-16            15   9.01496E-10   3.14669E+00
         327   3.92400E+01   1.20000E-01   7.72670E-02   1.88099E-03   2.92404E-03   0.00000E+00   7.73251E-03   1.00000E+00   0.00000E+00   7.75157E+00   1.69368E-16            15   9.21943E-10   3.14645E+00
         328   3.93600E+01   1.20000E-01   7.72670E-02   1.87185E-03   2.92070E-03   0.00000E+00   7.63217E-03   1.00000E+00   0.00000E+00   7.75157E+00   1.76995E-16            15   9.39388E-10   3.14622E+00
         329   3.94800E+01   1.20000E-01   7.72670E-02   1.86232E-03   2.91720E-03   0.00000E+00   7.53133E-03   1.00000E+00   0.00000E+00   7.75157E+00   1.82761E-16            15   9.53178E-10   3.14599E+00
         330   3.96000E+01   1.20000E-01   7.72670E-02   1.85235E-03   2.91354E-03   0.00000E+00   7.42999E-03   1.00000E+00   0.00000E+00   7.75157E+00   1.87400E-16            15   9.64618E-10   3.14576E+00
         331   3.97200E+01   1.20000E-01   7.72670E-02   1.84194E-03   2.90969E-03   0.00000E+00   7.32806E-03   1.00000E+00   0.00000E+00   7.75157E+00   1.96828E-16            15   9.75729E-10   3.14552E+00
         332   3.98400E+01   1.20000E-01   7.72670E-02   1.83104E-03   2.90566E-03   0.00000E+00   7.22781E-03   1.00000E+00   0.00000E+00   7.75157E+00   1.98025E-16            15   9.85215E-10   3.14529E+00
         333   3.99600E+01   1.20000E-01   7.72670E-02   1.81961E-03   2.90142E-03   0.00000E+00   7.12126E-03   1.00000E+00   0.00000E+00   7.75157E+00   2.08546E-16            15   9.90494E-10   3.14506E+00
         334   4.00800E+01   1.20000E-01   7.72670E-02   1.80756E-03   2.89695E-03   0.00000E+00   7.00840E-03   1.00000E+00   0.00000E+00   7.75157E+00   2.19735E-16            15   9.97271E-10   3.14483E+00
         335   4.02000E+01   1.20000E-01   7.72670E-02   1.79492E-03   2.89223E-03   0.00000E+00   6.88336E-03   1.00000E+00   0.00000E+00   7.75157E+00   3.39104E-17            16   1.51244E-10   3.14460E+00
         336   4.03200E+01   1.20000E-01   7.72670E-02   1.78165E-03   2.88724E-03   0.00000E+00   6.92459E-03   1.00000E+00   0.00000E+00   7.75157E+00   3.47226E-17            16   1.50271E-10   3.14437E+00
         337   4.04400E+01   1.20000E-01   7.72670E-02   1.76770E-03   2.88195E-03   0.00000E+00   7.05686E-03   1.00000E+00   0.00000E+00   7.75157E+00   2.88015E-16            15   9.98957E-10   3.14414E+00
         338   4.05600E+01   1.20000E-01   7.72670E-02   1.75305E-03   2.87632E-03   0.00000E+00   7.15424E-03   1.00000E+00   0.00000E+00   7.75157E+00   3.37026E-16            15   9.86899E-10   3.14391E+00
         339   4.06800E+01   1.20000E-01   7.72670E-02   1.73773E-03   2.87029E-03   0.00000E+00   7.18092E-03   1.00000E+00   0.00000E+00   7.75157E+00   4.14758E-16            15   9.52357E-10   3.14368E+00
         340   4.08000E+01   1.20000E-01   7.72670E-02   1.72167E-03   2.86379E-03   0.00000E+00   7.06939E-03   1.00000E+00   0.00000E+00   7.75157E+00   5.51188E-16            15   8.63112E-10   3.14345E+00
         341   4.09200E+01   1.20000E-01   7.72670E-02   1.70483E-03   2.85672E-03   0.00000E+00   7.42252E-03   1.00000E+00   0.00000E+00   7.75157E+00   6.15904E-16            15   5.35052E-10   3.14322E+00
         342   4.10400E+01   1.20000E-01   7.72670E-02   1.68728E-03   2.84898E-03   0.00000E+00   9.80795E-03   1.00000E+00   0.00000E+00   7.75157E+00   7.59211E-16            15   7.30846E-10   3.14299E+00
         343   4.11600E+01   1.20000E-01   7.72670E-02   1.66902E-03   2.84046E-03   0.00000E+00   1.09462E-02   1.00000E+00   0.00000E+00   7.75157E+00   3.81777E-16            15   5.97706E-10   3.14276E+00
         344   4.12800E+01   1.20000E-01   7.72670E-02   1.65035E-03   2.83094E-03   0.00000E+00   1.15510E-02   1.00000E+00   0.00000E+00   7.75157E+00   3.93732E-16            15   8.44144E-10   3.14254E+00
         345   4.14000E+01   1.20000E-01   7.72670E-02   1.63118E-03   2.82026E-03   0.00000E+00   1.19162E-02   1.00000E+00   0.00000E+00   7.75157E+00   3.02793E-16            15   8.79033E-10   3.14231E+00
         346   4.15200E+01   1.20000E-01   7.72670E-02   1.61170E-03   2.80814E-03   0.00000E+00   1.22375E-02   1.00000E+00   0.00000E+00   7.75157E+00   2.82925E-16            15   7.30632E-10   3.14208E+00
         347   4.16400E+01   1.20000E-01   7.72670E-02   1.59226E-03   2.79468E-03   0.00000E+00   1.25316E-02   1.00000E+00   0.00000E+00   7.75157E+00   2.88797E-16            15   6.71322E-10   3.14186E+00
         348   4.17600E+01   1.20000E-01   7.72670E-02   1.57298E-03   2.78062E-03   0.00000E+00   1.27875E-02   1.00000E+00   0.00000E+00   7.75157E+00   3.07878E-16            15   4.52133E-10   3.14165E+00
         349   4.18800E+01   1.20000E-01   7.72670E-02   1.55405E-03   2.76707E-03   0.00000E+00   1.30621E-02   1.00000E+00   0.00000E+00   7.75157E+00   3.14042E-16            15   7.33828E-10   3.14141E+00
         350   4.20000E+01   1.20000E-01   7.72670E-02   1.53546E-03   2.75374E-03   0.00000E+00   1.33295E-02   1.00000E+00   0.00000E+00   7.75157E+00   3.36647E-16            15   9.07431E-10   3.14118E+00
         351   4.21200E+01   1.20000E-01   7.72670E-02   1.51720E-03   2.74059E-03   0.00000E+00   1.35977E-02   1.00000E+00   0.00000E+00   7.75157E+00   2.86821E-16            15   8.95041E-10   3.14096E+00
         352   4.22400E+01   1.20000E-01   7.72670E-02   1.49927E-03   2.72761E-03   0.00000E+00   1.38786E-02   1.00000E+00   0.00000E+00   7.75157E+00   2.56305E-16            15   8.48708E-10   3.14073E+00
         353   4.23600E+01   1.20000E-01   7.72670E-02   1.48168E-03   2.71478E-03   0.00000E+00   1.41564E-02   1.00000E+00   0.00000E+00   7.75157E+00   2.45598E-16            15   8.24118E-10   3.14051E+00
         354   4.24800E+01   1.20000E-01   7.72670E-02   1.46440E-03   2.70209E-03   0.00000E+00   1.44296E-02   1.00000E+00   0.00000E+00   7.75157E+00   2.38628E-16            15   8.15449E-10   3.14029E+00
         355   4.26000E+01   1.20000E-01   7.72670E-02   1.44746E-03   2.68954E-03   0.00000E+00   1.46999E-02   1.00000E+00   0.00000E+00   7.75157E+00   2.35246E-16            15   8.12257E-10   3.14006E+00
         356   4.27200E+01   1.20000E-01   7.72670E-02   1.43083E-03   2.67711E-03   0.00000E+00   1.49684E-02   1.00000E+00   0.00000E+00   7.75157E+00   2.40609E-16            15   8.06926E-10   3.13984E+00
         357   4.28400E+01   1.20000E-01   7.72670E-02   1.41451E-03   2.66481E-03   0.00000E+00   1.52358E-02   1.00000E+00   0.00000E+00   7.75157E+00   2.43790E-16            15   8.04966E-10   3.13962E+00
         358   4.29600E+01   1.20000E-01   7.72670E-02   1.39850E-03   2.65263E-03   0.00000E+00   1.55026E-02   1.00000E+00   0.00000E+00   7.75157E+00   2.45291E-16            15   8.02312E-10   3.13940E+00
         359   4.30800E+01   1.20000E-01   7.72670E-02   1.38280E-03   2.64056E-03   0.00000E+00   1.57687E-02   1.00000E+00   0.00000E+00   7.75157E+00   2.45788E-16            15   7.99772E-10   3.13917E+00
         360   4.32000E+01   1.20000E-01   7.72670E-02   1.36740E-03   2.62861E-03   0.00000E+00   1.60305E-02   1.00000E+00   0.00000E+00   7.75157E+00   2.40268E-16            15   7.98482E-10   3.13895E+00
         361   4.33200E+01   1.20000E-01   7.72670E-02   1.35228E-03   2.61676E-03   0.00000E+00   1.62954E-02   1.00000E+00   0.00000E+00   7.75157E+00   2.46116E-16            15   7.93706E-10   3.13873E+00
         362   4.34400E+01   1.20000E-01   7.72670E-02   1.33743E-03   2.60502E-03   0.00000E+00   1.65597E-02   1.00000E+00   0.00000E+00   7.75157E+00   2.45216E-16            15   7.91327E-10   3.13851E+00
         363   4.35600E+01   1.20000E-01   7.72670E-02   1.32287E-03   2.59338E-03   0.00000E+00   1.68232E-02   1.00000E+00   0.00000E+00   7.75157E+00   2.43870E-16            15   7.87778E-10   3.13829E+00
         364   4.36800E+01   1.20000E-01   7.72670E-02   1.30859E-03   2.58185E-03   0.00000E+00   1.70859E-02   1.00000E+00   0.00000E+00   7.75157E+00   2.42095E-16            15   7.83663E-10   3.13807E+00
         365   4.38000E+01   1.20000E-01   7.72670E-02   1.29458E-03   2.57041E-03   0.00000E+00   1.73477E-02   1.00000E+00   0.00000E+00   7.75157E+00   2.40520E-16            15   7.78998E-10   3.13785E+00
         366   4.39200E+01   1.20000E-01   7.72670E-02   1.28084E-03   2.55906E-03   0.00000E+00   1.76086E-02   1.00000E+00   0.00000E+00   7.75157E+00   2.37693E-16            15   7.73834E-10   3.13763E+00
         367   4.40400E+01   1.20000E-01   7.72670E-02   1.27055E-03   2.54781E-03   0.00000E+00   1.78686E-02   1.00000E+00   0.00000E+00   7.75157E+00   2.35867E-16            15   7.68269E-10   3.13741E+00
         368   4.41600E+01   1.20000E-01   7.72670E-02   1.26669E-03   2.53665E-03   0.00000E+00   1.81275E-02   1.00000E+00   0.00000E+00   7.75157E+00   2.33847E-16            15   7.62478E-10   3.13720E+00
         369   4.42800E+01   1.20000E-01   7.72670E-02   1.26282E-03   2.52558E-03   0.00000E+00   1.83854E-02   1.00000E+00   0.00000E+00   7.75157E+00   2.31532E-16            15   7.56518E-10   3.13698E+00
         370   4.44000E+01   1.20000E-01   7.72670E-02   1.25895E-03   2.51459E-03   0.00000E+00   1.86422E-02   1.00000E+00   0.00000E+00   7.75157E+00   2.29340E-16            15   7.50212E-10   3.13676E+00
         371   4.45200E+01   1.20000E-01   7.72670E-02   1.25508E-03   2.50369E-03   0.00000E+00   1.88979E-02   1.00000E+00   0.00000E+00   7.75157E+00   2.26999E-16            15   7.44393E-10   3.13654E+00
         372   4.46400E+01   1.20000E-01   7.72670E-02   1.25121E-03   2.49287E-03   0.00000E+00   1.91525E-02   1.00000E+00   0.00000E+00   7.75157E+00   2.24697E-16            15   7.39093E-10   3.13633E+00
         373   4.47600E+01   1.20000E-01   7.72670E-02   1.24734E-03   2.48213E-03   0.00000E+00   1.94059E-02   1.00000E+00   0.00000E+00   7.75157E+00   2.22657E-16            15   7.33258E-10   3.13611E+00
         374   4.48800E+01   1.20000E-01   7.72670E-02   1.24347E-03   2.47146E-03   0.00000E+00   1.96581E-02   1.00000E+00   0.00000E+00   7.75157E+00   2.20215E-16            15   7.27137E-10   3.13589E+00
         375   4.50000E+01   1.20000E-01   7.72670E-02   1.23959E-03   2.46087E-03   0.00000E+00   1.99092E-02   1.00000E+00   0.00000E+00   7.75157E+00   2.18264E-16            15   7.21347E-10   3.13568E+00
         376   4.51200E+01   1.20000E-01   7.72670E-02   1.23572E-03   2.45035E-03   0.00000E+00   2.01591E-02   1.00000E+00   0.00000E+00   7.75157E+00   2.15800E-16            15   7.15423E-10   3.13546E+00
         377   4.52400E+01   1.20000E-01   7.72670E-02   1.23184E-03   2.43990E-03   0.00000E+00   2.04077E-02   1.00000E+00   0.00000E+00   7.75157E+00   2.13660E-16            15   7.09866E-10   3.13525E+00
         378   4.53600E+01   1.20000E-01   7.72670E-02   1.22795E-03   2.42952E-03   0.00000E+00   2.06551E-02   1.00000E+00   0.00000E+00   7.75157E+00   2.11417E-16            15   7.04339E-10   3.13504E+00
         379   4.54800E+01   1.20000E-01   7.72670E-02   1.22407E-03   2.41921E-03   0.00000E+00   2.09013E-02   1.00000E+00   0.00000E+00   7.75157E+00   2.09052E-16            15   6.98942E-10   3.13482E+00
         380   4.56000E+01   1.20000E-01   7.72670E-02   1.22018E-03   2.40896E-03   0.00000E+00   2.11463E-02   1.00000E+00   0.00000E+00   7.75157E+00   2.06790E-16            15   6.93713E-10   3.13461E+00
         381   4.57200E+01   1.20000E-01   7.72670E-02   1.21629E-03   2.39877E-03   0.00000E+00   2.13900E-02   1.00000E+00   0.00000E+00   7.75157E+00   2.04728E-16            15   6.88646E-10   3.13440E+00
         382   4.58400E+01   1.20000E-01   7.72670E-02   1.21239E-03   2.38865E-03   0.00000E+00   2.16324E-02   1.00000E+00   0.00000E+00   7.75157E+00   2.02448E-16            15   6.83723E-10   3.13418E+00
         383   4.59600E+01   1.20000E-01   7.72670E-02   1.20849E-03   2.37858E-03   0.00000E+00   2.18735E-02   1.00000E+00   0.00000E+00   7.75157E+00   2.00220E-16            15   6.78954E-10   3.13397E+00
         384   4.60800E+01   1.20000E-01   7.72670E-02   1.20458E-03   2.36858E-03   0.00000E+00   2.21134E-02   1.00000E+00   0.00000E+00   7.75157E+00   1.97837E-16            15   6.74327E-10   3.13376E+00
         385   4.62000E+01   1.20000E-01   7.72670E-02   1.20067E-03   2.35863E-03   0.00000E+00   2.23520E-02   1.00000E+00   0.00000E+00   7.75157E+00   1.95759E-16            15   6.69859E-10   3.13355E+00
         386   4.63200E+01   1.20000E-01   7.72670E-02   1.19675E-03   2.34873E-03   0.00000E+00   2.25893E-02   1.00000E+00   0.00000E+00   7.75157E+00   1.93698E-16            15   6.65505E-10   3.13334E+00
         387   4.64400E+01   1.20000E-01   7.72670E-02   1.19283E-03   2.33888E-03   0.00000E+00   2.28252E-02   1.00000E+00   0.00000E+00   7.75157E+00   1.91425E-16            15   6.61280E-10   3.13313E+00
         388   4.65600E+01   1.20000E-01   7.72670E-02   1.18890E-03   2.32909E-03   0.00000E+00   2.30599E-02   1.00000E+00   0.00000E+00   7.75157E+00   1.89285E-16            15   6.57209E-10   3.13292E+00
         389   4.66800E+01   1.20000E-01   7.72670E-02   1.18497E-03   2.31934E-03   0.00000E+00   2.32933E-02   1.00000E+00   0.00000E+00   7.75157E+00   1.87353E-16            15   6.53098E-10   3.13271E+00
         390   4.68000E+01   1.20000E-01   7.72670E-02   1.18102E-03   2.30964E-03   0.00000E+00   2.35253E-02   1.00000E+00   0.00000E+00   7.75157E+00   1.84965E-16            15   6.49415E-10   3.13250E+00
         391   4.69200E+01   1.20000E-01   7.72670E-02   1.17708E-03   2.29999E-03   0.00000E+00   2.37560E-02   1.00000E+00   0.00000E+00   7.75157E+00   1.82905E-16            15   6.45662E-10   3.13230E+00
         392   4.70400E+01   1.20000E-01   7.72670E-02   1.17312E-03   2.29038E-03   0.00000E+00   2.39854E-02   1.00000E+00   0.00000E+00   7.75157E+00   1.80838E-16            15   6.42020E-10   3.13209E+00
         393   4.71600E+01   1.20000E-01   7.72670E-02   1.16916E-03   2.28082E-03   0.00000E+00   2.42134E-02   1.00000E+00   0.00000E+00   7.75157E+00   1.78571E-16            15   6.38471E-10   3.13188E+00
         394   4.72800E+01   1.20000E-01   7.72670E-02   1.16520E-03   2.27130E-03   0.00000E+00   2.44402E-02   1.00000E+00   0.00000E+00   7.75157E+00   1.76546E-16            15   6.34947E-10   3.13168E+00
         395   4.74000E+01   1.20000E-01   7.72670E-02   1.16122E-03   2.26182E-03   0.00000E+00   2.46656E-02   1.00000E+00   0.00000E+00   7.75157E+00   1.74545E-16            15   6.31543E-10   3.13147E+00
         396   4.75200E+01   1.20000E-01   7.72670E-02   1.15724E-03   2.25237E-03   0.00000E+00   2.48896E-02   1.00000E+00   0.00000E+00   7.75157E+00   1.72135E-16            15   6.28168E-10   3.13126E+00
         397   4.76400E+01   1.20000E-01   7.72670E-02   1.15325E-03   2.24297E-03   0.00000E+00   2.51124E-02   1.00000E+00   0.00000E+00   7.75157E+00   1.70272E-16            15   6.24915E-10   3.13106E+00
         398   4.77600E+01   1.20000E-01   7.72670E-02   1.14926E-03   2.23360E-03   0.00000E+00   2.53337E-02   1.00000E+00   0.00000E+00   7.75157E+00   1.68368E-16            15   6.21642E-10   3.13086E+00
         399   4.78800E+01   1.20000E-01   7.72670E-02   1.14526E-03   2.22427E-03   0.00000E+00   2.55538E-02   1.00000E+00   0.00000E+00   7.75157E+00   1.66117E-16            15   6.18444E-10   3.13065E+00
         400   4.80000E+01   1.20000E-01   7.72670E-02   1.14125E-03   2.21497E-03   0.00000E+00   2.57725E-02   1.00000E+00   0.00000E+00   7.75157E+00   1.63951E-16            15   6.15288E-10   3.13045E+00
         401   4.81200E+01   1.20000E-01   7.72670E-02   1.13752E-03   2.20570E-03   0.00000E+00   2.59899E-02   1.00000E+00   0.00000E+00   7.75157E+00   1.61696E-16            15   6.12183E-10   3.13025E+00
         402   4.82400E+01   1.20000E-01   7.72670E-02   1.13389E-03   2.19647E-03   0.00000E+00   2.62060E-02   1.00000E+00   0.00000E+00   7.75157E+00   1.59878E-16            15   6.09062E-10   3.13004E+00
         403   4.83600E+01   1.20000E-01   7.72670E-02   1.13023E-03   2.18727E-03   0.00000E+00   2.64207E-02   1.00000E+00   0.00000E+00   7.75157E+00   1.57672E-16            15   6.05947E-10   3.12984E+00
         404   4.84800E+01   1.20000E-01   7.72670E-02   1.12657E-03   2.17809E-03   0.00000E+00   2.66341E-02   1.00000E+00   0.00000E+00   7.75157E+00   1.55684E-16            15   6.02763E-10   3.12964E+00
         405   4.86000E+01   1.20000E-01   7.72670E-02   1.12288E-03   2.16895E-03   0.00000E+00   2.68461E-02   1.00000E+00   0.00000E+00   7.75157E+00   1.53398E-16            15   5.99776E-10   3.12944E+00
         406   4.87200E+01   1.20000E-01   7.72670E-02   1.11918E-03   2.15983E-03   0.00000E+00   2.70568E-02   1.00000E+00   0.00000E+00   7.75157E+00   1.51429E-16            15   5.96634E-10   3.12924E+00
         407   4.88400E+01   1.20000E-01   7.72670E-02   1.11546E-03   2.15073E-03   0.00000E+00   2.72662E-02   1.00000E+00   0.00000E+00   7.75157E+00   1.49200E-16            15   5.93515E-10   3.12904E+00
         408   4.89600E+01   1.20000E-01   7.72670E-02   1.11173E-03   2.14167E-03   0.00000E+00   2.74742E-02   1.00000E+00   0.00000E+00   7.75157E+00   1.46953E-16            15   5.90357E-10   3.12884E+00
         409   4.90800E+01   1.20000E-01   7.72670E-02   1.10797E-03   2.13262E-03   0.00000E+00   2.76810E-02   1.00000E+00   0.00000E+00   7.75157E+00   1.44730E-16            15   5.87221E-10   3.12865E+00
         410   4.92000E+01   1.20000E-01   7.72670E-02   1.10421E-03   2.12360E-03   0.00000E+00   2.78864E-02   1.00000E+00   0.00000E+00   7.75157E+00   1.42554E-16            15   5.83952E-10   3.12845E+00
         411   4.93200E+01   1.20000E-01   7.72670E-02   1.10042E-03   2.11460E-03   0.00000E+00   2.80904E-02   1.00000E+00   0.00000E+00   7.75157E+00   1.40533E-16            15   5.80679E-10   3.12825E+00
         412   4.94400E+01   1.20000E-01   7.72670E-02   1.09662E-03   2.10562E-03   0.00000E+00   2.82932E-02   1.00000E+00   0.00000E+00   7.75157E+00   1.38017E-16            15   5.77360E-10   3.12806E+00
         413   4.95600E+01   1.20000E-01   7.72670E-02   1.09280E-03   2.09667E-03   0.00000E+00   2.84946E-02   1.00000E+00   0.00000E+00   7.75157E+00   1.35844E-16            15   5.73956E-10   3.12786E+00
         414   4.96800E+01   1.20000E-01   7.72670E-02   1.08897E-03   2.08773E-03   0.00000E+00   2.86948E-02   1.00000E+00   0.00000E+00   7.75157E+00   1.33553E-16            15   5.70509E-10   3.12767E+00
         415   4.98000E+01   1.20000E-01   7.72670E-02   1.08511E-03   2.07881E-03   0.00000E+00   2.88936E-02   1.00000E+00   0.00000E+00   7.75157E+00   1.31168E-16            15   5.66933E-10   3.12747E+00
         416   4.99200E+01   1.20000E-01   7.72670E-02   1.08124E-03   2.06991E-03   0.00000E+00   2.90911E-02   1.00000E+00   0.00000E+00   7.75157E+00   1.28821E-16            15   5.63286E-10   3.12728E+00
         417   5.00400E+01   1.20000E-01   7.72670E-02   1.07736E-03   2.06102E-03   0.00000E+00   2.92873E-02   1.00000E+00   0.00000E+00   7.75157E+00   1.26321E-16            15   5.59548E-10   3.12708E+00
         418   5.01600E+01   1.20000E-01   7.72670E-02   1.07345E-03   2.05215E-03   0.00000E+00   2.94822E-02   1.00000E+00   0.00000E+00   7.75157E+00   1.23907E-16            15   5.55649E-10   3.12689E+00
         419   5.02800E+01   1.20000E-01   7.72670E-02   1.06953E-03   2.04330E-03   0.00000E+00   2.96758E-02   1.00000E+00   0.00000E+00   7.75157E+00   1.21104E-16            15   5.51768E-10   3.12670E+00
         420   5.04000E+01   1.20000E-01   7.72670E-02   1.06559E-03   2.03445E-03   0.00000E+00   2.98682E-02   1.00000E+00   0.00000E+00   7.75157E+00   1.18636E-16            15   5.47559E-10   3.12651E+00
         421   5.05200E+01   1.20000E-01   7.72670E-02   1.06164E-03   2.02563E-03   0.00000E+00   3.00592E-02   1.00000E+00   0.00000E+00   7.75157E+00   1.15872E-16            15   5.43307E-10   3.12632E+00
         422   5.06400E+01   1.20000E-01   7.72670E-02   1.05767E-03   2.01681E-03   0.00000E+00   3.02490E-02   1.00000E+00   0.00000E+00   7.75157E+00   1.13107E-16            15   5.38982E-10   3.12613E+00
         423   5.07600E+01   1.20000E-01   7.72670E-02   1.05368E-03   2.00801E-03   0.00000E+00   3.04375E-02   1.00000E+00   0.00000E+00   7.75157E+00   1.10111E-16            15   5.34275E-10   3.12594E+00
         424   5.08800E+01   1.20000E-01   7.72670E-02   1.04967E-03   1.99922E-03   0.00000E+00   3.06247E-02   1.00000E+00   0.00000E+00   7.75157E+00   1.07154E-16            15   5.29493E-10   3.12575E+00
         425   5.10000E+01   1.20000E-01   7.72670E-02   1.04565E-03   1.99044E-03   0.00000E+00   3.08106E-02   1.00000E+00   0.00000E+00   7.75157E+00   1.05273E-16            15   5.24560E-10   3.12556E+00
         426   5.11200E+01   1.20000E-01   7.72670E-02   1.04161E-03   1.98166E-03   0.00000E+00   3.09953E-02   1.00000E+00   0.00000E+00   7.75157E+00   1.03828E-16            15   5.19471E-10   3.12538E+00
         427   5.12400E+01   1.20000E-01   7.72670E-02   1.03755E-03   1.97290E-03   0.00000E+00   3.11788E-02   1.00000E+00   0.00000E+00   7.75157E+00   1.02401E-16            15   5.14271E-10   3.12519E+00
         428   5.13600E+01   1.20000E-01   7.72670E-02   1.03347E-03   1.96415E-03   0.00000E+00   3.13610E-02   1.00000E+00   0.00000E+00   7.75157E+00   1.02111E-16            15   5.08919E-10   3.12500E+00
         429   5.14800E+01   1.20000E-01   7.72670E-02   1.02938E-03   1.95540E-03   0.00000E+00   3.15419E-02   1.00000E+00   0.00000E+00   7.75157E+00   1.00981E-16            15   5.03528E-10   3.12482E+00
         430   5.16000E+01   1.20000E-01   7.72670E-02   1.02527E-03   1.94666E-03   0.00000E+00   3.17216E-02   1.00000E+00   0.00000E+00   7.75157E+00   9.89849E-17            15   4.98230E-10   3.12463E+00
         431   5.17200E+01   1.20000E-01   7.72670E-02   1.02115E-03   1.93793E-03   0.00000E+00   3.19001E-02   1.00000E+00   0.00000E+00   7.75157E+00   9.74500E-17            15   4.93057E-10   3.12445E+00
         432   5.18400E+01   1.20000E-01   7.72670E-02   1.01701E-03   1.92946E-03   0.00000E+00   3.20774E-02   1.00000E+00   0.00000E+00   7.75157E+00   9.62282E-17            15   4.88167E-10   3.12427E+00
         433   5.19600E+01   1.20000E-01   7.72670E-02   1.01285E-03   1.92227E-03   0.00000E+00   3.22534E-02   1.00000E+00   0.00000E+00   7.75157E+00   9.55701E-17            15   4.83567E-10   3.12408E+00
         434   5.20800E+01   1.20000E-01   7.72670E-02   1.00867E-03   1.91507E-03   0.00000E+00   3.24282E-02   1.00000E+00   0.00000E+00   7.75157E+00   9.40492E-17            15   4.79464E-10   3.12390E+00
         435   5.22000E+01   1.20000E-01   7.72670E-02   1.00448E-03   1.90786E-03   0.00000E+00   3.26018E-02   1.00000E+00   0.00000E+00   7.75157E+00   9.26407E-17            15   4.75867E-10   3.12372E+00
         436   5.23200E+01   1.20000E-01   7.72670E-02   1.00027E-03   1.90065E-03   0.00000E+00   3.27742E-02   1.00000E+00   0.00000E+00   7.75157E+00   9.15756E-17            15   4.72800E-10   3.12354E+00
         437   5.24400E+01   1.20000E-01   7.72670E-02   9.96044E-04   1.89343E-03   0.00000E+00   3.29454E-02   1.00000E+00   0.00000E+00   7.75157E+00   9.00148E-17            15   4.70122E-10   3.12336E+00
         438   5.25600E+01   1.20000E-01   7.72670E-02   9.91802E-04   1.88620E-03   0.00000E+00   3.31154E-02   1.00000E+00   0.00000E+00   7.75157E+00   8.80346E-17            15   4.67768E-10   3.12318E+00
         439   5.26800E+01   1.20000E-01   7.72670E-02   9.87544E-04   1.87897E-03   0.00000E+00   3.32842E-02   1.00000E+00   0.00000E+00   7.75157E+00   8.57129E-17            15   4.65744E-10   3.12300E+00
         440   5.28000E+01   1.20000E-01   7.72670E-02   9.83269E-04   1.87173E-03   0.00000E+00   3.34519E-02   1.00000E+00   0.00000E+00   7.75157E+00   8.26914E-17            15   4.63812E-10   3.12283E+00
         441   5.29200E+01   1.20000E-01   7.72670E-02   9.78979E-04   1.86448E-03   0.00000E+00   3.36184E-02   1.00000E+00   0.00000E+00   7.75157E+00   8.02816E-17            15   4.61719E-10   3.12265E+00
         442   5.30400E+01   1.20000E-01   7.72670E-02   9.74672E-04   1.85722E-03   0.00000E+00   3.37837E-02   1.00000E+00   0.00000E+00   7.75157E+00   7.75406E-17            15   4.59367E-10   3.12248E+00
         443   5.31600E+01   1.20000E-01   7.72670E-02   9.70349E-04   1.84996E-03   0.00000E+00   3.39479E-02   1.00000E+00   0.00000E+00   7.75157E+00   7.78950E-17            15   4.56604E-10   3.12230E+00
         444   5.32800E+01   1.20000E-01   7.72670E-02   9.66010E-04   1.84269E-03   0.00000E+00   3.41110E-02   1.00000E+00   0.00000E+00   7.75157E+00   7.78796E-17            15   4.53430E-10   3.12213E+00
         445   5.34000E+01   1.20000E-01   7.72670E-02   9.61655E-04   1.83541E-03   0.00000E+00   3.42729E-02   1.00000E+00   0.00000E+00   7.75157E+00   7.77363E-17            15   4.49368E-10   3.12195E+00
         446   5.35200E+01   1.20000E-01   7.72670E-02   9.57284E-04   1.82813E-03   0.00000E+00   3.44336E-02   1.00000E+00   0.00000E+00   7.75157E+00   7.74909E-17            15   4.44685E-10   3.12178E+00
         447   5.36400E+01   1.20000E-01   7.72670E-02   9.52898E-04   1.82083E-03   0.00000E+00   3.45933E-02   1.00000E+00   0.00000E+00   7.75157E+00   7.70385E-17            15   4.39229E-10   3.12161E+00
         448   5.37600E+01   1.20000E-01   7.72670E-02   9.48497E-04   1.81353E-03   0.00000E+00   3.47518E-02   1.00000E+00   0.00000E+00   7.75157E+00   7.59246E-17            15   4.32867E-10   3.12144E+00
         449   5.38800E+01   1.20000E-01   7.72670E-02   9.44079E-04   1.80622E-03   0.00000E+00   3.49092E-02   1.00000E+00   0.00000E+00   7.75157E+00   7.46115E-17            15   4.25553E-10   3.12127E+00
         450   5.40000E+01   1.20000E-01   7.72670E-02   9.39647E-04   1.79891E-03   0.00000E+00   3.50655E-02   1.00000E+00   0.00000E+00   7.75157E+00   7.31993E-17            15   4.17130E-10   3.12110E+00
         451   5.41200E+01   1.20000E-01   7.72670E-02   9.35199E-04   1.79158E-03   0.00000E+00   3.52208E-02   1.00000E+00   0.00000E+00   7.75157E+00   7.09983E-17            15   4.07438E-10   3.12093E+00
         452   5.42400E+01   1.20000E-01   7.72670E-02   9.30736E-04   1.78425E-03   0.00000E+00   3.53749E-02   1.00000E+00   0.00000E+00   7.75157E+00   6.86249E-17            15   3.96050E-10   3.12076E+00
         453   5.43600E+01   1.20000E-01   7.72670E-02   9.26258E-04   1.77691E-03   0.00000E+00   3.55279E-02   1.00000E+00   0.00000E+00   7.75157E+00   6.58577E-17            15   3.82370E-10   3.12059E+00
         454   5.44800E+01   1.20000E-01   7.72670E-02   9.21765E-04   1.76956E-03   0.00000E+00   3.56799E-02   1.00000E+00   0.00000E+00   7.75157E+00   6.18085E-17            15   3.65331E-10   3.12042E+00
         455   5.46000E+01   1.20000E-01   7.72670E-02   9.17257E-04   1.76220E-03   0.00000E+00   3.58308E-02   1.00000E+00   0.00000E+00   7.75157E+00   5.65956E-17            15   3.42489E-10   3.12026E+00
         456   5.47200E+01   1.20000E-01   7.72670E-02   9.12735E-04   1.75484E-03   0.00000E+00   3.59805E-02   1.00000E+00   0.00000E+00   7.75157E+00   4.98769E-17            15   3.11592E-10   3.12009E+00
         457   5.48400E+01   1.20000E-01   7.72670E-02   9.08198E-04   1.74746E-03   0.00000E+00   3.61293E-02   1.00000E+00   0.00000E+00   7.75157E+00   1.23764E-16            14   9.99020E-10   3.11993E+00
         458   5.49600E+01   1.20000E-01   7.72670E-02   9.03647E-04   1.74008E-03   0.00000E+00   3.62770E-02   1.00000E+00   0.00000E+00   7.75157E+00   1.08813E-16            14   8.98550E-10   3.11977E+00
         459   5.50800E+01   1.20000E-01   7.72670E-02   8.99081E-04   1.73269E-03   0.00000E+00   3.64237E-02   1.00000E+00   0.00000E+00   7.75157E+00   1.13507E-16            14   8.30665E-10   3.11960E+00
         460   5.52000E+01   1.20000E-01   7.72670E-02   8.94500E-04   1.72529E-03   0.00000E+00   3.65694E-02   1.00000E+00   0.00000E+00   7.75157E+00   1.14879E-16            14   8.33441E-10   3.11944E+00
         461   5.53200E+01   1.20000E-01   7.72670E-02   8.89906E-04   1.71788E-03   0.00000E+00   3.67139E-02   1.00000E+00   0.00000E+00   7.75157E+00   1.12448E-16            14   9.03884E-10   3.11928E+00
         462   5.54400E+01   1.20000E-01   7.72670E-02   8.85298E-04   1.71047E-03   0.00000E+00   3.68575E-02   1.00000E+00   0.00000E+00   7.75157E+00   3.97153E-17            15   2.67401E-10   3.11912E+00
         463   5.55600E+01   1.20000E-01   7.72670E-02   8.80676E-04   1.70304E-03   0.00000E+00   3.70000E-02   1.00000E+00   0.00000E+00   7.75157E+00   4.95351E-17            15   3.11642E-10   3.11896E+00
         464   5.56800E+01   1.20000E-01   7.72670E-02   8.76040E-04   1.69561E-03   0.00000E+00   3.71414E-02   1.00000E+00   0.00000E+00   7.75157E+00   5.68815E-17            15   3.42795E-10   3.11880E+00
         465   5.58000E+01   1.20000E-01   7.72670E-02   8.71390E-04   1.68817E-03   0.00000E+00   3.72821E-02   1.00000E+00   0.00000E+00   7.75157E+00   6.21240E-17            15   3.64041E-10   3.11865E+00
         466   5.59200E+01   1.20000E-01   7.72670E-02   8.66726E-04   1.68072E-03   0.00000E+00   3.74218E-02   1.00000E+00   0.00000E+00   7.75157E+00   6.62393E-17            15   3.80691E-10   3.11849E+00
         467   5.60400E+01   1.20000E-01   7.72670E-02   8.62048E-04   1.67326E-03   0.00000E+00   3.75605E-02   1.00000E+00   0.00000E+00   7.75157E+00   6.90192E-17            15   3.92102E-10   3.11834E+00
         468   5.61600E+01   1.20000E-01   7.72670E-02   8.57410E-04   1.66579E-03   0.00000E+00   3.76982E-02   1.00000E+00   0.00000E+00   7.75157E+00   7.12269E-17            15   4.00309E-10   3.11818E+00
         469   5.62800E+01   1.20000E-01   7.72670E-02   8.54403E-04   1.65831E-03   0.00000E+00   3.78349E-02   1.00000E+00   0.00000E+00   7.75157E+00   7.29088E-17            15   4.06423E-10   3.11803E+00
         470   5.64000E+01   1.20000E-01   7.72670E-02   8.51381E-04   1.65082E-03   0.00000E+00   3.79706E-02   1.00000E+00   0.00000E+00   7.75157E+00   7.39267E-17            15   4.10713E-10   3.11787E+00
         471   5.65200E+01   1.20000E-01   7.72670E-02   8.48345E-04   1.64333E-03   0.00000E+00   3.81052E-02   1.00000E+00   0.00000E+00   7.75157E+00   7.46528E-17            15   4.13697E-10   3.11772E+00
         472   5.66400E+01   1.20000E-01   7.72670E-02   8.45295E-04   1.63582E-03   0.00000E+00   3.82389E-02   1.00000E+00   0.00000E+00   7.75157E+00   7.48940E-17            15   4.15322E-10   3.11757E+00
         473   5.67600E+01   1.20000E-01   7.72670E-02   8.42231E-04   1.62831E-03   0.00000E+00   3.83716E-02   1.00000E+00   0.00000E+00   7.75157E+00   7.51272E-17            15   4.16080E-10   3.11742E+00
         474   5.68800E+01   1.20000E-01   7.72670E-02   8.39153E-04   1.62079E-03   0.00000E+00   3.85033E-02   1.00000E+00   0.00000E+00   7.75157E+00   7.50393E-17            15   4.16051E-10   3.11727E+00
         475   5.70000E+01   1.20000E-01   7.72670E-02   8.36061E-04   1.61326E-03   0.00000E+00   3.86340E-02   1.00000E+00   0.00000E+00   7.75157E+00   7.47475E-17            15   4.15350E-10   3.11712E+00
         476   5.71200E+01   1.20000E-01   7.72670E-02   8.32955E-04   1.60572E-03   0.00000E+00   3.87637E-02   1.00000E+00   0.00000E+00   7.75157E+00   7.41375E-17            15   4.14081E-10   3.11697E+00
         477   5.72400E+01   1.20000E-01   7.72670E-02   8.29835E-04   1.59817E-03   0.00000E+00   3.88925E-02   1.00000E+00   0.00000E+00   7.75157E+00   7.33092E-17            15   4.12345E-10   3.11683E+00
         478   5.73600E+01   1.20000E-01   7.72670E-02   8.26702E-04   1.59061E-03   0.00000E+00   3.90203E-02   1.00000E+00   0.00000E+00   7.75157E+00   7.23092E-17            15   4.10169E-10   3.11668E+00
         479   5.74800E+01   1.20000E-01   7.72670E-02   8.23555E-04   1.58304E-03   0.00000E+00   3.91472E-02   1.00000E+00   0.00000E+00   7.75157E+00   7.13200E-17            15   4.07666E-10   3.11654E+00
         480   5.76000E+01   1.20000E-01   7.72670E-02   8.20395E-04   1.57547E-03   0.00000E+00   3.92730E-02   1.00000E+00   0.00000E+00   7.75157E+00   7.01898E-17            15   4.04881E-10   3.11639E+00
         481   5.77200E+01   1.20000E-01   7.72670E-02   8.17222E-04   1.56788E-03   0.00000E+00   3.93980E-02   1.00000E+00   0.00000E+00   7.75157E+00   6.90067E-17            15   4.01813E-10   3.11625E+00
         482   5.78400E+01   1.20000E-01   7.72670E-02   8.14035E-04   1.56029E-03   0.00000E+00   3.95219E-02   1.00000E+00   0.00000E+00   7.75157E+00   6.74958E-17            15   3.98553E-10   3.11611E+00
         483   5.79600E+01   1.20000E-01   7.72670E-02   8.10836E-04   1.55269E-03   0.00000E+00   3.96449E-02   1.00000E+00   0.00000E+00   7.75157E+00   6.59175E-17            15   3.95115E-10   3.11597E+00
         484   5.80800E+01   1.20000E-01   7.72670E-02   8.07623E-04   1.54507E-03   0.00000E+00   3.97670E-02   1.00000E+00   0.00000E+00   7.75157E+00   6.44601E-17            15   3.91530E-10   3.11583E+00
         485   5.82000E+01   1.20000E-01   7.72670E-02   8.04398E-04   1.53746E-03   0.00000E+00   3.98881E-02   1.00000E+00   0.00000E+00   7.75157E+00   6.26526E-17            15   3.87839E-10   3.11569E+00
         486   5.83200E+01   1.20000E-01   7.72670E-02   8.01160E-04   1.52983E-03   0.00000E+00   4.00083E-02   1.00000E+00   0.00000E+00   7.75157E+00   6.22247E-17            15   3.84057E-10   3.11555E+00
         487   5.84400E+01   1.20000E-01   7.72670E-02   7.97909E-04   1.52219E-03   0.00000E+00   4.01276E-02   1.00000E+00   0.00000E+00   7.75157E+00   6.17884E-17            15   3.80224E-10   3.11541E+00
         488   5.85600E+01   1.20000E-01   7.72670E-02   7.94646E-04   1.51455E-03   0.00000E+00   4.02459E-02   1.00000E+00   0.00000E+00   7.75157E+00   6.17637E-17            15   3.76348E-10   3.11527E+00
         489   5.86800E+01   1.20000E-01   7.72670E-02   7.91370E-04   1.50689E-03   0.00000E+00   4.03633E-02   1.00000E+00   0.00000E+00   7.75157E+00   6.20646E-17            15   3.72467E-10   3.11514E+00
         490   5.88000E+01   1.20000E-01   7.72670E-02   7.88082E-04   1.49923E-03   0.00000E+00   4.04798E-02   1.00000E+00   0.00000E+00   7.75157E+00   6.13916E-17            15   3.68600E-10   3.11500E+00
         491   5.89200E+01   1.20000E-01   7.72670E-02   7.84782E-04   1.49156E-03   0.00000E+00   4.05954E-02   1.00000E+00   0.00000E+00   7.75157E+00   6.07973E-17            15   3.64808E-10   3.11487E+00
         492   5.90400E+01   1.20000E-01   7.72670E-02   7.81469E-04   1.48388E-03   0.00000E+00   4.07100E-02   1.00000E+00   0.00000E+00   7.75157E+00   6.05410E-17            15   3.61000E-10   3.11474E+00
         493   5.91600E+01   1.20000E-01   7.72670E-02   7.78145E-04   1.47619E-03   0.00000E+00   4.08237E-02   1.00000E+00   0.00000E+00   7.75157E+00   5.91554E-17            15   3.57290E-10   3.11461E+00
         494   5.92800E+01   1.20000E-01   7.72670E-02   7.74809E-04   1.46850E-03   0.00000E+00   4.09365E-02   1.00000E+00   0.00000E+00   7.75157E+00   5.80423E-17            15   3.53697E-10   3.11448E+00
         495   5.94000E+01   1.20000E-01   7.72670E-02   7.71461E-04   1.46080E-03   0.00000E+00   4.10484E-02   1.00000E+00   0.00000E+00   7.75157E+00   5.69353E-17            15   3.50210E-10   3.11435E+00
         496   5.95200E+01   1.20000E-01   7.72670E-02   7.68101E-04   1.45308E-03   0.00000E+00   4.11594E-02   1.00000E+00   0.00000E+00   7.75157E+00   5.63344E-17            15   3.46866E-10   3.11422E+00
         497   5.96400E+01   1.20000E-01   7.72670E-02   7.64730E-04   1.44537E-03   0.00000E+00   4.12695E-02   1.00000E+00   0.00000E+00   7.75157E+00   5.51534E-17            15   3.43680E-10   3.11409E+00
         498   5.97600E+01   1.20000E-01   7.72670E-02   7.61348E-04   1.43764E-03   0.00000E+00   4.13786E-02   1.00000E+00   0.00000E+00   7.75157E+00   5.44359E-17            15   3.40720E-10   3.11396E+00
         499   5.98800E+01   1.20000E-01   7.72670E-02   7.57954E-04   1.42990E-03   0.00000E+00   4.14869E-02   1.00000E+00   0.00000E+00   7.75157E+00   5.21628E-17            15   3.37875E-10   3.11384E+00
         500   6.00000E+01   1.20000E-01   7.72670E-02   7.54549E-04   1.42216E-03   0.00000E+00   4.15943E-02   1.00000E+00   0.00000E+00   7.75157E+00   5.09934E-17            15   3.35247E-10   3.11371E+00
         501   6.01200E+01   1.20000E-01   7.72670E-02   7.51133E-04   1.41441E-03   0.00000E+00   4.17007E-02   1.00000E+00   0.00000E+00   7.75157E+00   4.88018E-17            15   3.32867E-10   3.11359E+00
         502   6.02400E+01   1.20000E-01   7.72670E-02   7.47706E-04   1.40665E-03   0.00000E+00   4.18063E-02   1.00000E+00   0.00000E+00   7.75157E+00   4.71753E-17            15   3.30724E-10   3.11347E+00
         503   6.03600E+01   1.20000E-01   7.72670E-02   7.44268E-04   1.39889E-03   0.00000E+00   4.19110E-02   1.00000E+00   0.00000E+00   7.75157E+00   4.51339E-17            15   3.28852E-10   3.11335E+00
         504   6.04800E+01   1.20000E-01   7.72670E-02   7.40820E-04   1.39112E-03   0.00000E+00   4.20148E-02   1.00000E+00   0.00000E+00   7.75157E+00   4.26317E-17            15   3.27226E-10   3.11323E+00
         505   6.06000E+01   1.20000E-01   7.72670E-02   7.37361E-04   1.38334E-03   0.00000E+00   4.21177E-02   1.00000E+00   0.00000E+00   7.75157E+00   3.99997E-17            15   3.25882E-10   3.11311E+00
         506   6.07200E+01   1.20000E-01   7.72670E-02   7.33891E-04   1.37555E-03   0.00000E+00   4.22197E-02   1.00000E+00   0.00000E+00   7.75157E+00   4.11022E-17            15   3.24843E-10   3.11299E+00
         507   6.08400E+01   1.20000E-01   7.72670E-02   7.30411E-04   1.36776E-03   0.00000E+00   4.23208E-02   1.00000E+00   0.00000E+00   7.75157E+00   4.20469E-17            15   3.24076E-10   3.11287E+00
         508   6.09600E+01   1.20000E-01   7.72670E-02   7.26921E-04   1.35996E-03   0.00000E+00   4.24210E-02   1.00000E+00   0.00000E+00   7.75157E+00   4.29059E-17            15   3.23618E-10   3.11276E+00
         509   6.10800E+01   1.20000E-01   7.72670E-02   7.23421E-04   1.35215E-03   0.00000E+00   4.25203E-02   1.00000E+00   0.00000E+00   7.75157E+00   4.39070E-17            15   3.23460E-10   3.11264E+00
         510   6.12000E+01   1.20000E-01   7.72670E-02   7.19910E-04   1.34434E-03   0.00000E+00   4.26188E-02   1.00000E+00   0.00000E+00   7.75157E+00   4.47438E-17            15   3.23612E-10   3.11253E+00
         511   6.13200E+01   1.20000E-01   7.72670E-02   7.16390E-04   1.33652E-03   0.00000E+00   4.27163E-02   1.00000E+00   0.00000E+00   7.75157E+00   4.57379E-17            15   3.24053E-10   3.11241E+00
         512   6.14400E+01   1.20000E-01   7.72670E-02   7.12860E-04   1.32869E-03   0.00000E+00   4.28130E-02   1.00000E+00   0.00000E+00   7.75157E+00   4.63871E-17            15   3.24811E-10   3.11230E+00
         513   6.15600E+01   1.20000E-01   7.72670E-02   7.09320E-04   1.32086E-03   0.00000E+00   4.29088E-02   1.00000E+00   0.00000E+00   7.75157E+00   4.73934E-17            15   3.25814E-10   3.11219E+00
         514   6.16800E+01   1.20000E-01   7.72670E-02   7.05771E-04   1.31302E-03   0.00000E+00   4.30440E-02   1.00000E+00   0.00000E+00   7.75157E+00   4.82417E-17            15   3.27115E-10   3.11208E+00
         515   6.18000E+01   1.20000E-01   7.72670E-02   7.02213E-04   1.30517E-03   0.00000E+00   4.32436E-02   1.00000E+00   0.00000E+00   7.75157E+00   4.87411E-17            15   3.28663E-10   3.11197E+00
         516   6.19200E+01   1.20000E-01   7.72670E-02   6.98645E-04   1.29732E-03   0.00000E+00   4.34413E-02   1.00000E+00   0.00000E+00   7.75157E+00   4.93502E-17            15   3.30468E-10   3.11186E+00
         517   6.20400E+01   1.20000E-01   7.72670E-02   6.95068E-04   1.28946E-03   0.00000E+00   4.36371E-02   1.00000E+00   0.00000E+00   7.75157E+00   4.99746E-17            15   3.32513E-10   3.11176E+00
         518   6.21600E+01   1.20000E-01   7.72670E-02   6.91482E-04   1.28160E-03   0.00000E+00   4.38310E-02   1.00000E+00   0.00000E+00   7.75157E+00   5.07225E-17            15   3.34738E-10   3.11165E+00
         519   6.22800E+01   1.20000E-01   7.72670E-02   6.87887E-04   1.27374E-03   0.00000E+00   4.40231E-02   1.00000E+00   0.00000E+00   7.75157E+00   5.11155E-17            15   3.37159E-10   3.11155E+00
         520   6.24000E+01   1.20000E-01   7.72670E-02   6.84283E-04   1.26586E-03   0.00000E+00   4.42132E-02   1.00000E+00   0.00000E+00   7.75157E+00   5.15096E-17            15   3.39729E-10   3.11144E+00
         521   6.25200E+01   1.20000E-01   7.72670E-02   6.80671E-04   1.25798E-03   0.00000E+00   4.44013E-02   1.00000E+00   0.00000E+00   7.75157E+00   5.20503E-17            15   3.42475E-10   3.11134E+00
         522   6.26400E+01   1.20000E-01   7.72670E-02   6.77050E-04   1.25010E-03   0.00000E+00   4.45875E-02   1.00000E+00   0.00000E+00   7.75157E+00   5.20484E-17            15   3.45319E-10   3.11124E+00
         523   6.27600E+01   1.20000E-01   7.72670E-02   6.73421E-04   1.24221E-03   0.00000E+00   4.47717E-02   1.00000E+00   0.00000E+00   7.75157E+00   5.26456E-17            15   3.48343E-10   3.11114E+00
         524   6.28800E+01   1.20000E-01   7.72670E-02   6.69783E-04   1.23432E-03   0.00000E+00   4.49539E-02   1.00000E+00   0.00000E+00   7.75157E+00   5.28438E-17            15   3.51293E-10   3.11104E+00
         525   6.30000E+01   1.20000E-01   7.72670E-02   6.66137E-04   1.22642E-03   0.00000E+00   4.51341E-02   1.00000E+00   0.00000E+00   7.75157E+00   5.29353E-17            15   3.54390E-10   3.11094E+00
         526   6.31200E+01   1.20000E-01   7.72670E-02   6.62483E-04   1.21852E-03   0.00000E+00   4.53122E-02   1.00000E+00   0.00000E+00   7.75157E+00   5.28153E-17            15   3.57550E-10   3.11085E+00
         527   6.32400E+01   1.20000E-01   7.72670E-02   6.58821E-04   1.21062E-03   0.00000E+00   4.54883E-02   1.00000E+00   0.00000E+00   7.75157E+00   5.29677E-17            15   3.60738E-10   3.11075E+00
         528   6.33600E+01   1.20000E-01   7.72670E-02   6.55152E-04   1.20271E-03   0.00000E+00   4.56623E-02   1.00000E+00   0.00000E+00   7.75157E+00   5.32354E-17            15   3.63879E-10   3.11066E+00
         529   6.34800E+01   1.20000E-01   7.72670E-02   6.51474E-04   1.19480E-03   0.00000E+00   4.58342E-02   1.00000E+00   0.00000E+00   7.75157E+00   5.45147E-17            15   3.67067E-10   3.11056E+00
         530   6.36000E+01   1.20000E-01   7.72670E-02   6.47789E-04   1.18688E-03   0.00000E+00   4.60040E-02   1.00000E+00   0.00000E+00   7.75157E+00   5.67587E-17            15   3.70245E-10   3.11047E+00
         531   6.37200E+01   1.20000E-01   7.72670E-02   6.44097E-04   1.17896E-03   0.00000E+00   4.61717E-02   1.00000E+00   0.00000E+00   7.75157E+00   5.85521E-17            15   3.73409E-10   3.11038E+00
         532   6.38400E+01   1.20000E-01   7.72670E-02   6.40397E-04   1.17103E-03   0.00000E+00   4.63372E-02   1.00000E+00   0.00000E+00   7.75157E+00   6.07452E-17            15   3.76545E-10   3.11029E+00
         533   6.39600E+01   1.20000E-01   7.72670E-02   6.36690E-04   1.16311E-03   0.00000E+00   4.65006E-02   1.00000E+00   0.00000E+00   7.75157E+00   6.20644E-17            15   3.79643E-10   3.11020E+00
         534   6.40800E+01   1.20000E-01   7.72670E-02   6.32976E-04   1.15518E-03   0.00000E+00   4.66618E-02   1.00000E+00   0.00000E+00   7.75157E+00   6.38119E-17            15   3.82708E-10   3.11011E+00
         535   6.42000E+01   1.20000E-01   7.72670E-02   6.29255E-04   1.14725E-03   0.00000E+00   4.68208E-02   1.00000E+00   0.00000E+00   7.75157E+00   6.54160E-17            15   3.85740E-10   3.11003E+00
         536   6.43200E+01   1.20000E-01   7.72670E-02   6.25527E-04   1.13931E-03   0.00000E+00   4.69776E-02   1.00000E+00   0.00000E+00   7.75157E+00   6.68224E-17            15   3.88706E-10   3.10994E+00
         537   6.44400E+01   1.20000E-01   7.72670E-02   6.21793E-04   1.13137E-03   0.00000E+00   4.71322E-02   1.00000E+00   0.00000E+00   7.75157E+00   6.81585E-17            15   3.91633E-10   3.10985E+00
         538   6.45600E+01   1.20000E-01   7.72670E-02   6.18052E-04   1.12343E-03   0.00000E+00   4.72846E-02   1.00000E+00   0.00000E+00   7.75157E+00   6.89299E-17            15   3.94513E-10   3.10977E+00
         539   6.46800E+01   1.20000E-01   7.72670E-02   6.14304E-04   1.11549E-03   0.00000E+00   4.74347E-02   1.00000E+00   0.00000E+00   7.75157E+00   7.00088E-17            15   3.97380E-10   3.10969E+00
         540   6.48000E+01   1.20000E-01   7.72670E-02   6.10550E-04   1.10755E-03   0.00000E+00   4.75825E-02   1.00000E+00   0.00000E+00   7.75157E+00   7.03340E-17            15   4.00064E-10   3.10961E+00
         541   6.49200E+01   1.20000E-01   7.72670E-02   6.06790E-04   1.09960E-03   0.00000E+00   4.77281E-02   1.00000E+00   0.00000E+00   7.75157E+00   7.06731E-17            15   4.00613E-10   3.10953E+00
         542   6.50400E+01   1.20000E-01   7.72670E-02   6.03024E-04   1.09166E-03   0.00000E+00   4.78714E-02   1.00000E+00   0.00000E+00   7.75157E+00   7.13037E-17            15   4.03103E-10   3.10945E+00
         543   6.51600E+01   1.20000E-01   7.72670E-02   5.99252E-04   1.08371E-03   0.00000E+00   4.80124E-02   1.00000E+00   0.00000E+00   7.75157E+00   7.20305E-17            15   4.05642E-10   3.10937E+00
         544   6.52800E+01   1.20000E-01   7.72670E-02   5.95473E-04   1.07576E-03   0.00000E+00   4.81511E-02   1.00000E+00   0.00000E+00   7.75157E+00   7.33531E-17            15   4.04581E-10   3.10930E+00
         545   6.54000E+01   1.20000E-01   7.72670E-02   5.91690E-04   1.06781E-03   0.00000E+00   4.82875E-02   1.00000E+00   0.00000E+00   7.75157E+00   7.35652E-17            15   4.07344E-10   3.10922E+00
         546   6.55200E+01   1.20000E-01   7.72670E-02   5.87900E-04   1.05986E-03   0.00000E+00   4.84215E-02   1.00000E+00   0.00000E+00   7.75157E+00   7.41601E-17            15   4.10035E-10   3.10915E+00
         547   6.56400E+01   1.20000E-01   7.72670E-02   5.84105E-04   1.05191E-03   0.00000E+00   4.85532E-02   1.00000E+00   0.00000E+00   7.75157E+00   7.43214E-17            15   4.12674E-10   3.10907E+00
         548   6.57600E+01   1.20000E-01   7.72670E-02   5.80305E-04   1.04396E-03   0.00000E+00   4.86826E-02   1.00000E+00   0.00000E+00   7.75157E+00   7.52306E-17            15   4.15272E-10   3.10900E+00
         549   6.58800E+01   1.20000E-01   7.72670E-02   5.76500E-04   1.03601E-03   0.00000E+00   4.88096E-02   1.00000E+00   0.00000E+00   7.75157E+00   7.53764E-17            15   4.17830E-10   3.10893E+00
         550   6.60000E+01   1.20000E-01   7.72670E-02   5.72689E-04   1.02806E-03   0.00000E+00   4.89343E-02   1.00000E+00   0.00000E+00   7.75157E+00   7.54559E-17            15   4.20348E-10   3.10886E+00
         551   6.61200E+01   1.20000E-01   7.72670E-02   5.68874E-04   1.02011E-03   0.00000E+00   4.90565E-02   1.00000E+00   0.00000E+00   7.75157E+00   7.58792E-17            15   4.22826E-10   3.10879E+00
         552   6.62400E+01   1.20000E-01   7.72670E-02   5.65053E-04   1.01216E-03   0.00000E+00   4.91764E-02   1.00000E+00   0.00000E+00   7.75157E+00   7.62252E-17            15   4.25263E-10   3.10872E+00
         553   6.63600E+01   1.20000E-01   7.72670E-02   5.61228E-04   1.00422E-03   0.00000E+00   4.92940E-02   1.00000E+00   0.00000E+00   7.75157E+00   7.64416E-17            15   4.27666E-10   3.10866E+00
         554   6.64800E+01   1.20000E-01   7.72670E-02   5.57398E-04   9.96269E-04   0.00000E+00   4.94091E-02   1.00000E+00   0.00000E+00   7.75157E+00   7.72515E-17            15   4.30029E-10   3.10859E+00
         555   6.66000E+01   1.20000E-01   7.72670E-02   5.53564E-04   9.88324E-04   0.00000E+00   4.95219E-02   1.00000E+00   0.00000E+00   7.75157E+00   7.72185E-17            15   4.32359E-10   3.10853E+00
         556   6.67200E+01   1.20000E-01   7.72670E-02   5.49725E-04   9.80379E-04   0.00000E+00   4.96322E-02   1.00000E+00   0.00000E+00   7.75157E+00   7.64736E-17            15   4.25749E-10   3.10847E+00
         557   6.68400E+01   1.20000E-01   7.72670E-02   5.45882E-04   9.72436E-04   0.00000E+00   4.97402E-02   1.00000E+00   0.00000E+00   7.75157E+00   7.73002E-17            15   4.13874E-10   3.10840E+00
         558   6.69600E+01   1.20000E-01   7.72670E-02   5.42035E-04   9.64493E-04   0.00000E+00   4.98457E-02   1.00000E+00   0.00000E+00   7.75157E+00   7.75380E-17            15   4.16007E-10   3.10834E+00
         559   6.70800E+01   1.20000E-01   7.72670E-02   5.38183E-04   9.56551E-04   0.00000E+00   4.99489E-02   1.00000E+00   0.00000E+00   7.75157E+00   7.78917E-17            15   4.18090E-10   3.10828E+00
         560   6.72000E+01   1.20000E-01   7.72670E-02   5.39641E-04   9.48611E-04   0.00000E+00   5.00496E-02   1.00000E+00   0.00000E+00   7.75157E+00   8.00026E-17            15   4.15923E-10   3.10823E+00
         561   6.73200E+01   1.20000E-01   7.72670E-02   5.42398E-04   9.40671E-04   0.00000E+00   5.01480E-02   1.00000E+00   0.00000E+00   7.75157E+00   8.27986E-17            15   3.85882E-10   3.10817E+00
         562   6.74400E+01   1.20000E-01   7.72670E-02   5.45154E-04   9.32732E-04   0.00000E+00   5.02439E-02   1.00000E+00   0.00000E+00   7.75157E+00   8.39427E-17            15   3.86919E-10   3.10811E+00
         563   6.75600E+01   1.20000E-01   7.72670E-02   5.47908E-04   9.24795E-04   0.00000E+00   5.03374E-02   1.00000E+00   0.00000E+00   7.75157E+00   8.49167E-17            15   3.87908E-10   3.10806E+00
         564   6.76800E+01   1.20000E-01   7.72670E-02   5.50661E-04   9.16858E-04   0.00000E+00   5.04285E-02   1.00000E+00   0.00000E+00   7.75157E+00   8.62380E-17            15   3.88819E-10   3.10800E+00
         565   6.78000E+01   1.20000E-01   7.72670E-02   5.53413E-04   9.08924E-04   0.00000E+00   5.05173E-02   1.00000E+00   0.00000E+00   7.75157E+00   8.72389E-17            15   3.89677E-10   3.10795E+00
         566   6.79200E+01   1.20000E-01   7.72670E-02   5.56165E-04   9.00991E-04   0.00000E+00   5.06036E-02   1.00000E+00   0.00000E+00   7.75157E+00   8.87025E-17            15   3.90478E-10   3.10790E+00
         567   6.80400E+01   1.20000E-01   7.72670E-02   5.58918E-04   8.93060E-04   0.00000E+00   5.06875E-02   1.00000E+00   0.00000E+00   7.75157E+00   8.95198E-17            15   3.91220E-10   3.10785E+00
         568   6.81600E+01   1.20000E-01   7.72670E-02   5.61670E-04   8.85131E-04   0.00000E+00   5.07691E-02   1.00000E+00   0.00000E+00   7.75157E+00   9.09268E-17            15   3.91911E-10   3.10780E+00
         569   6.82800E+01   1.20000E-01   7.72670E-02   5.64424E-04   8.77205E-04   0.00000E+00   5.08482E-02   1.00000E+00   0.00000E+00   7.75157E+00   9.17213E-17            15   3.92561E-10   3.10775E+00
         570   6.84000E+01   1.20000E-01   7.72670E-02   5.67178E-04   8.69281E-04   0.00000E+00   5.09250E-02   1.00000E+00   0.00000E+00   7.75157E+00   9.26725E-17            15   3.93158E-10   3.10771E+00
         571   6.85200E+01   1.20000E-01   7.72670E-02   5.69934E-04   8.61360E-04   0.00000E+00   5.09994E-02   1.00000E+00   0.00000E+00   7.75157E+00   9.35896E-17            15   3.93713E-10   3.10766E+00
         572   6.86400E+01   1.20000E-01   7.72670E-02   5.72692E-04   8.53443E-04   0.00000E+00   5.10715E-02   1.00000E+00   0.00000E+00   7.75157E+00   9.44652E-17            15   3.94255E-10   3.10762E+00
         573   6.87600E+01   1.20000E-01   7.72670E-02   5.75451E-04   8.45528E-04   0.00000E+00   5.11411E-02   1.00000E+00   0.00000E+00   7.75157E+00   9.56446E-17            15   3.94947E-10   3.10757E+00
         574   6.88800E+01   1.20000E-01   7.72670E-02   5.78213E-04   8.37617E-04   0.00000E+00   5.12085E-02   1.00000E+00   0.00000E+00   7.75157E+00   9.62896E-17            15   3.95415E-10   3.10753E+00
         575   6.90000E+01   1.20000E-01   7.72670E-02   5.80977E-04   8.29710E-04   0.00000E+00   5.12734E-02   1.00000E+00   0.00000E+00   7.75157E+00   9.71792E-17            15   3.95867E-10   3.10749E+00
         576   6.91200E+01   1.20000E-01   7.72670E-02   5.83745E-04   8.21807E-04   0.00000E+00   5.13361E-02   1.00000E+00   0.00000E+00   7.75157E+00   9.80464E-17            15   3.96308E-10   3.10745E+00
         577   6.92400E+01   1.20000E-01   7.72670E-02   5.86515E-04   8.13908E-04   0.00000E+00   5.13964E-02   1.00000E+00   0.00000E+00   7.75157E+00   9.88801E-17            15   3.96747E-10   3.10741E+00
         578   6.93600E+01   1.20000E-01   7.72670E-02   5.89288E-04   8.06014E-04   0.00000E+00   5.14544E-02   1.00000E+00   0.00000E+00   7.75157E+00   9.94538E-17            15   3.97189E-10   3.10737E+00
         579   6.94800E+01   1.20000E-01   7.72670E-02   5.92065E-04   7.98124E-04   0.00000E+00   5.15101E-02   1.00000E+00   0.00000E+00   7.75157E+00   1.00438E-16            15   3.97644E-10   3.10733E+00
         580   6.96000E+01   1.20000E-01   7.72670E-02   5.94846E-04   7.90239E-04   0.00000E+00   5.15635E-02   1.00000E+00   0.00000E+00   7.75157E+00   1.00861E-16            15   3.98104E-10   3.10730E+00
         581   6.97200E+01   1.20000E-01   7.72670E-02   5.97631E-04   7.82359E-04   0.00000E+00   5.16147E-02   1.00000E+00   0.00000E+00   7.75157E+00   1.01379E-16            15   3.97875E-10   3.10726E+00
         582   6.98400E+01   1.20000E-01   7.72670E-02   6.00421E-04   7.74484E-04   0.00000E+00   5.16636E-02   1.00000E+00   0.00000E+00   7.75157E+00   1.01971E-16            15   3.98409E-10   3.10723E+00
         583   6.99600E+01   1.20000E-01   7.72670E-02   6.03214E-04   7.68479E-04   0.00000E+00   5.17102E-02   1.00000E+00   0.00000E+00   7.75157E+00   1.02356E-16            15   3.98977E-10   3.10720E+00
         584   7.00800E+01   1.20000E-01   7.72670E-02   6.06013E-04   7.62769E-04   0.00000E+00   5.17546E-02   1.00000E+00   0.00000E+00   7.75157E+00   1.02764E-16            15   3.99581E-10   3.10717E+00
         585   7.02000E+01   1.20000E-01   7.72670E-02   6.08816E-04   7.57060E-04   0.00000E+00   5.17967E-02   1.00000E+00   0.00000E+00   7.75157E+00   1.03322E-16            15   4.00220E-10   3.10714E+00
         586   7.03200E+01   1.20000E-01   7.72670E-02   6.11625E-04   7.51351E-04   0.00000E+00   5.18367E-02   1.00000E+00   0.00000E+00   7.75157E+00   1.03598E-16            15   4.00917E-10   3.10711E+00
         587   7.04400E+01   1.20000E-01   7.72670E-02   6.14438E-04   7.45644E-04   0.00000E+00   5.18745E-02   1.00000E+00   0.00000E+00   7.75157E+00   1.03976E-16            15   4.01612E-10   3.10708E+00
         588   7.05600E+01   1.20000E-01   7.72670E-02   6.17258E-04   7.39937E-04   0.00000E+00   5.19101E-02   1.00000E+00   0.00000E+00   7.75157E+00   1.01782E-16            15   3.96044E-10   3.10705E+00
         589   7.06800E+01   1.20000E-01   7.72670E-02   6.20082E-04   7.34231E-04   0.00000E+00   5.19435E-02   1.00000E+00   0.00000E+00   7.75157E+00   1.01207E-16            15   3.91090E-10   3.10703E+00
         590   7.08000E+01   1.20000E-01   7.72670E-02   6.22912E-04   7.28526E-04   0.00000E+00   5.19748E-02   1.00000E+00   0.00000E+00   7.75157E+00   1.03496E-16            15   3.92170E-10   3.10700E+00
         591   7.09200E+01   1.20000E-01   7.72670E-02   6.25748E-04   7.22823E-04   0.00000E+00   5.20040E-02   1.00000E+00   0.00000E+00   7.75157E+00   1.05715E-16            15   3.93303E-10   3.10698E+00
         592   7.10400E+01   1.20000E-01   7.72670E-02   6.28590E-04   7.17121E-04   0.00000E+00   5.20311E-02   1.00000E+00   0.00000E+00   7.75157E+00   1.07771E-16            15   3.94488E-10   3.10696E+00
         593   7.11600E+01   1.20000E-01   7.72670E-02   6.31438E-04   7.11420E-04   0.00000E+00   5.20561E-02   1.00000E+00   0.00000E+00   7.75157E+00   1.10006E-16            15   3.95718E-10   3.10693E+00
         594   7.12800E+01   1.20000E-01   7.72670E-02   6.34292E-04   7.05722E-04   0.00000E+00   5.20790E-02   1.00000E+00   0.00000E+00   7.75157E+00   1.12204E-16            15   3.96986E-10   3.10691E+00
         595   7.14000E+01   1.20000E-01   7.72670E-02   6.37153E-04   7.00025E-04   0.00000E+00   5.20999E-02   1.00000E+00   0.00000E+00   7.75157E+00   1.13652E-16            15   3.98286E-10   3.10689E+00
         596   7.15200E+01   1.20000E-01   7.72670E-02   6.40020E-04   6.94330E-04   0.00000E+00   5.21188E-02   1.00000E+00   0.00000E+00   7.75157E+00   1.15701E-16            15   3.99611E-10   3.10688E+00
         597   7.16400E+01   1.20000E-01   7.72670E-02   6.42894E-04   6.88637E-04   0.00000E+00   5.21356E-02   1.00000E+00   0.00000E+00   7.75157E+00   1.17654E-16            15   4.00952E-10   3.10686E+00
         598   7.17600E+01   1.20000E-01   7.72670E-02   6.45774E-04   6.82946E-04   0.00000E+00   5.21505E-02   1.00000E+00   0.00000E+00   7.75157E+00   1.19344E-16            15   4.02302E-10   3.10684E+00
         599   7.18800E+01   1.20000E-01   7.72670E-02   6.48662E-04   6.77258E-04   0.00000E+00   5.21634E-02   1.00000E+00   0.00000E+00   7.75157E+00   1.20858E-16            15   4.03658E-10   3.10683E+00
         600   7.20000E+01   1.20000E-01   7.72670E-02   6.51557E-04   6.71572E-04   0.00000E+00   5.21744E-02   1.00000E+00   0.00000E+00   7.75157E+00   1.22718E-16            15   4.05003E-10   3.10681E+00
         601   7.21200E+01   1.20000E-01   7.72670E-02   6.54460E-04   6.65888E-04   0.00000E+00   5.21834E-02   1.00000E+00   0.00000E+00   7.75157E+00   1.24139E-16            15   4.06342E-10   3.10680E+00
         602   7.22400E+01   1.20000E-01   7.72670E-02   6.57369E-04   6.60208E-04   0.00000E+00   5.21906E-02   1.00000E+00   0.00000E+00   7.75157E+00   1.25892E-16            15   4.07660E-10   3.10679E+00
         603   7.23600E+01   1.20000E-01   7.72670E-02   6.60287E-04   6.54530E-04   0.00000E+00   5.21959E-02   1.00000E+00   0.00000E+00   7.75157E+00   1.27012E-16            15   4.08954E-10   3.10678E+00
         604   7.24800E+01   1.20000E-01   7.72670E-02   6.63212E-04   6.48856E-04   0.00000E+00   5.21993E-02   1.00000E+00   0.00000E+00   7.75157E+00   1.28291E-16            15   4.10223E-10   3.10677E+00
         605   7.26000E+01   1.20000E-01   7.72670E-02   6.66145E-04   6.43184E-04   0.00000E+00   5.22009E-02   1.00000E+00   0.00000E+00   7.75157E+00   1.29401E-16            15   4.11454E-10   3.10676E+00
         606   7.27200E+01   1.20000E-01   7.72670E-02   6.69085E-04   6.37516E-04   0.00000E+00   5.22007E-02   1.00000E+00   0.00000E+00   7.75157E+00   6.44280E-17            15   3.09854E-10   3.10675E+00
         607   7.28400E+01   1.20000E-01   7.72670E-02   6.72029E-04   6.31851E-04   0.00000E+00   5.21987E-02   1.00000E+00   0.00000E+00   7.75157E+00   9.09823E-17            15   3.96784E-10   3.10674E+00
         608   7.29600E+01   1.20000E-01   7.72670E-02   6.74971E-04   6.26188E-04   0.00000E+00   5.21950E-02   1.00000E+00   0.00000E+00   7.75157E+00   8.22036E-17            15   3.41810E-10   3.10674E+00
         609   7.30800E+01   1.20000E-01   7.72670E-02   6.77906E-04   6.20528E-04   0.00000E+00   5.21895E-02   1.00000E+00   0.00000E+00   7.75157E+00   8.27672E-17            15   3.41145E-10   3.10673E+00
         610   7.32000E+01   1.20000E-01   7.72670E-02   6.80833E-04   6.14870E-04   0.00000E+00   5.21823E-02   1.00000E+00   0.00000E+00   7.75157E+00   8.34391E-17            15   3.41109E-10   3.10673E+00
         611   7.33200E+01   1.20000E-01   7.72670E-02   6.83753E-04   6.09216E-04   0.00000E+00   5.21734E-02   1.00000E+00   0.00000E+00   7.75157E+00   8.40477E-17            15   3.41054E-10   3.10672E+00
         612   7.34400E+01   1.20000E-01   7.72670E-02   6.86666E-04   6.03564E-04   0.00000E+00   5.21628E-02   1.00000E+00   0.00000E+00   7.75157E+00   8.47195E-17            15   3.41401E-10   3.10672E+00
         613   7.35600E+01   1.20000E-01   7.72670E-02   6.89570E-04   5.97914E-04   0.00000E+00   5.21507E-02   1.00000E+00   0.00000E+00   7.75157E+00   8.56460E-17            15   3.41097E-10   3.10672E+00
         614   7.36800E+01   1.20000E-01   7.72670E-02   6.92467E-04   5.92268E-04   0.00000E+00   5.21368E-02   1.00000E+00   0.00000E+00   7.75157E+00   1.24438E-16            15   3.95974E-10   3.10672E+00
         615   7.38000E+01   1.20000E-01   7.72670E-02   6.95356E-04   5.86625E-04   0.00000E+00   5.21214E-02   1.00000E+00   0.00000E+00   7.75157E+00   1.24097E-16            15   3.97316E-10   3.10672E+00
         616   7.39200E+01   1.20000E-01   7.72670E-02   6.98237E-04   5.80986E-04   0.00000E+00   5.21044E-02   1.00000E+00   0.00000E+00   7.75157E+00   1.17232E-16            15   3.96125E-10   3.10672E+00
         617   7.40400E+01   1.20000E-01   7.72670E-02   7.01102E-04   5.75312E-04   0.00000E+00   5.20850E-02   1.00000E+00   0.00000E+00   7.75157E+00   2.33812E-16            15   3.30153E-10   3.10673E+00
         618   7.41600E+01   1.20000E-01   7.72670E-02   7.03952E-04   5.69602E-04   0.00000E+00   5.20640E-02   1.00000E+00   0.00000E+00   7.75157E+00   2.34005E-16            15   3.28104E-10   3.10673E+00
         619   7.42800E+01   1.20000E-01   7.72670E-02   7.06785E-04   5.63857E-04   0.00000E+00   5.20416E-02   1.00000E+00   0.00000E+00   7.75157E+00   2.34156E-16            15   3.26532E-10   3.10673E+00
         620   7.44000E+01   1.20000E-01   7.72670E-02   7.09603E-04   5.58075E-04   0.00000E+00   5.20177E-02   1.00000E+00   0.00000E+00   7.75157E+00   2.34117E-16            15   3.25021E-10   3.10674E+00
         621   7.45200E+01   1.20000E-01   7.72670E-02   7.12406E-04   5.52259E-04   0.00000E+00   5.19924E-02   1.00000E+00   0.00000E+00   7.75157E+00   2.34599E-16            15   3.23566E-10   3.10675E+00
         622   7.46400E+01   1.20000E-01   7.72670E-02   7.15192E-04   5.46408E-04   0.00000E+00   5.19657E-02   1.00000E+00   0.00000E+00   7.75157E+00   2.34023E-16            15   3.22166E-10   3.10675E+00
         623   7.47600E+01   1.20000E-01   7.72670E-02   7.17963E-04   5.40522E-04   0.00000E+00   5.19377E-02   1.00000E+00   0.00000E+00   7.75157E+00   2.31167E-16            15   3.19960E-10   3.10676E+00
         624   7.48800E+01   1.20000E-01   7.72670E-02   7.20715E-04   5.34593E-04   0.00000E+00   5.19082E-02   1.00000E+00   0.00000E+00   7.75157E+00   2.01112E-16            15   3.59851E-10   3.10677E+00
         625   7.50000E+01   1.20000E-01   7.72670E-02   7.23432E-04   5.28581E-04   0.00000E+00   5.18767E-02   1.00000E+00   0.00000E+00   7.75157E+00   3.20369E-16            15   3.38485E-10   3.10678E+00
         626   7.51200E+01   1.20000E-01   7.72670E-02   7.26115E-04   5.22489E-04   0.00000E+00   5.18441E-02   1.00000E+00   0.00000E+00   7.75157E+00   3.16427E-16            15   3.38573E-10   3.10679E+00
         627   7.52400E+01   1.20000E-01   7.72670E-02   7.28764E-04   5.16316E-04   0.00000E+00   5.18100E-02   1.00000E+00   0.00000E+00   7.75157E+00   2.85907E-16            15   3.13969E-10   3.10680E+00
         628   7.53600E+01   1.20000E-01   7.72670E-02   7.31381E-04   5.10066E-04   0.00000E+00   5.17739E-02   1.00000E+00   0.00000E+00   7.75157E+00   4.91158E-16            14   9.20464E-10   3.10682E+00
         629   7.54800E+01   1.20000E-01   7.72670E-02   7.33963E-04   5.03728E-04   0.00000E+00   5.17370E-02   1.00000E+00   0.00000E+00   7.75157E+00   3.25493E-16            15   3.89725E-10   3.10683E+00
         630   7.56000E+01   1.20000E-01   7.72670E-02   7.36512E-04   4.97304E-04   0.00000E+00   5.16990E-02   1.00000E+00   0.00000E+00   7.75157E+00   3.22615E-16            15   3.89884E-10   3.10685E+00
         631   7.57200E+01   1.20000E-01   7.72670E-02   7.39028E-04   4.90796E-04   0.00000E+00   5.16599E-02   1.00000E+00   0.00000E+00   7.75157E+00   3.21001E-16            15   3.90084E-10   3.10686E+00
         632   7.58400E+01   1.20000E-01   7.72670E-02   7.41511E-04   4.84208E-04   0.00000E+00   5.16198E-02   1.00000E+00   0.00000E+00   7.75157E+00   3.24528E-16            15   3.96009E-10   3.10688E+00
         633   7.59600E+01   1.20000E-01   7.72670E-02   7.43963E-04   4.77543E-04   0.00000E+00   5.15787E-02   1.00000E+00   0.00000E+00   7.75157E+00   3.23351E-16            15   3.98298E-10   3.10689E+00
         634   7.60800E+01   1.20000E-01   7.72670E-02   7.46382E-04   4.70804E-04   0.00000E+00   5.15364E-02   1.00000E+00   0.00000E+00   7.75157E+00   3.20934E-16            15   3.97526E-10   3.10691E+00
         635   7.62000E+01   1.20000E-01   7.72670E-02   7.48772E-04   4.63994E-04   0.00000E+00   5.14932E-02   1.00000E+00   0.00000E+00   7.75157E+00   3.19344E-16            15   3.97889E-10   3.10693E+00
         636   7.63200E+01   1.20000E-01   7.72670E-02   7.51134E-04   4.57116E-04   0.00000E+00   5.14489E-02   1.00000E+00   0.00000E+00   7.75157E+00   3.17502E-16            15   3.98238E-10   3.10695E+00
         637   7.64400E+01   1.20000E-01   7.72670E-02   7.53470E-04   4.51821E-04   0.00000E+00   5.14037E-02   1.00000E+00   0.00000E+00   7.75157E+00   3.15148E-16            15   3.98599E-10   3.10697E+00
         638   7.65600E+01   1.20000E-01   7.72670E-02   7.55780E-04   4.51824E-04   0.00000E+00   5.13576E-02   1.00000E+00   0.00000E+00   7.75157E+00   3.12694E-16            15   3.98966E-10   3.10699E+00
         639   7.66800E+01   1.20000E-01   7.72670E-02   7.58066E-04   4.51807E-04   0.00000E+00   5.13106E-02   1.00000E+00   0.00000E+00   7.75157E+00   3.08440E-16            15   3.98226E-10   3.10702E+00
         640   7.68000E+01   1.20000E-01   7.72670E-02   7.60329E-04   4.51772E-04   0.00000E+00   5.12628E-02   1.00000E+00   0.00000E+00   7.75157E+00   3.01144E-16            15   3.98613E-10   3.10704E+00
         641   7.69200E+01   1.20000E-01   7.72670E-02   7.62555E-04   4.51693E-04   0.00000E+00   5.12139E-02   1.00000E+00   0.00000E+00   7.75157E+00   1.63604E-16            15   3.63223E-10   3.10706E+00
         642   7.70400E+01   1.20000E-01   7.72670E-02   7.64746E-04   4.51571E-04   0.00000E+00   5.11642E-02   1.00000E+00   0.00000E+00   7.75157E+00   1.49900E-16            15   3.49875E-10   3.10709E+00
         643   7.71600E+01   1.20000E-01   7.72670E-02   7.66903E-04   4.51407E-04   0.00000E+00   5.11137E-02   1.00000E+00   0.00000E+00   7.75157E+00   1.44093E-16            15   3.47251E-10   3.10711E+00
         644   7.72800E+01   1.20000E-01   7.72670E-02   7.69028E-04   4.51200E-04   0.00000E+00   5.10624E-02   1.00000E+00   0.00000E+00   7.75157E+00   1.42183E-16            15   3.44630E-10   3.10714E+00
         645   7.74000E+01   1.20000E-01   7.72670E-02   7.71123E-04   4.50952E-04   0.00000E+00   5.10104E-02   1.00000E+00   0.00000E+00   7.75157E+00   1.40312E-16            15   3.41247E-10   3.10717E+00
         646   7.75200E+01   1.20000E-01   7.72670E-02   7.73188E-04   4.50664E-04   0.00000E+00   5.09577E-02   1.00000E+00   0.00000E+00   7.75157E+00   1.38703E-16            15   3.36951E-10   3.10720E+00
         647   7.76400E+01   1.20000E-01   7.72670E-02   7.75226E-04   4.50337E-04   0.00000E+00   5.09042E-02   1.00000E+00   0.00000E+00   7.75157E+00   1.36764E-16            15   3.31555E-10   3.10722E+00
         648   7.77600E+01   1.20000E-01   7.72670E-02   7.77238E-04   4.49970E-04   0.00000E+00   5.08500E-02   1.00000E+00   0.00000E+00   7.75157E+00   1.34330E-16            15   3.24841E-10   3.10725E+00
         649   7.78800E+01   1.20000E-01   7.72670E-02   7.79225E-04   4.49566E-04   0.00000E+00   5.07952E-02   1.00000E+00   0.00000E+00   7.75157E+00   1.31144E-16            15   3.16558E-10   3.10728E+00
         650   7.80000E+01   1.20000E-01   7.72670E-02   7.81190E-04   4.49126E-04   0.00000E+00   5.07398E-02   1.00000E+00   0.00000E+00   7.75157E+00   1.25985E-16            15   3.04895E-10   3.10732E+00
         651   7.81200E+01   1.20000E-01   7.72670E-02   7.83132E-04   4.48650E-04   0.00000E+00   5.06837E-02   1.00000E+00   0.00000E+00   7.75157E+00   1.19469E-16            15   2.92358E-10   3.10735E+00
         652   7.82400E+01   1.20000E-01   7.72670E-02   7.85054E-04   4.48140E-04   0.00000E+00   5.06269E-02   1.00000E+00   0.00000E+00   7.75157E+00   1.10228E-16            15   2.77403E-10   3.10738E+00
         653   7.83600E+01   1.20000E-01   7.72670E-02   7.86957E-04   4.47598E-04   0.00000E+00   5.05695E-02   1.00000E+00   0.00000E+00   7.75157E+00   9.75239E-17            15   2.59700E-10   3.10741E+00
         654   7.84800E+01   1.20000E-01   7.72670E-02   7.88843E-04   4.47023E-04   0.00000E+00   5.05115E-02   1.00000E+00   0.00000E+00   7.75157E+00   2.83027E-16            14   8.86362E-10   3.10745E+00
         655   7.86000E+01   1.20000E-01   7.72670E-02   7.90712E-04   4.48820E-04   0.00000E+00   5.04528E-02   1.00000E+00   0.00000E+00   7.75157E+00   2.56992E-16            14   7.63332E-10   3.10748E+00
         656   7.87200E+01   1.20000E-01   7.72670E-02   7.92566E-04   4.57815E-04   0.00000E+00   5.03934E-02   1.00000E+00   0.00000E+00   7.75157E+00   2.41756E-16            14   6.67926E-10   3.10752E+00
         657   7.88400E+01   1.20000E-01   7.72670E-02   7.94406E-04   4.66796E-04   0.00000E+00   5.03335E-02   1.00000E+00   0.00000E+00   7.75157E+00   2.48036E-16            14   6.32615E-10   3.10755E+00
         658   7.89600E+01   1.20000E-01   7.72670E-02   7.96233E-04   4.75762E-04   0.00000E+00   5.02729E-02   1.00000E+00   0.00000E+00   7.75157E+00   2.47014E-16            14   6.73449E-10   3.10759E+00
         659   7.90800E+01   1.20000E-01   7.72670E-02   7.98048E-04   4.84714E-04   0.00000E+00   5.02116E-02   1.00000E+00   0.00000E+00   7.75157E+00   2.58041E-16            14   7.62104E-10   3.10763E+00
         660   7.92000E+01   1.20000E-01   7.72670E-02   7.99853E-04   4.93652E-04   0.00000E+00   5.01497E-02   1.00000E+00   0.00000E+00   7.75157E+00   2.85486E-16            14   9.04891E-10   3.10767E+00
         661   7.93200E+01   1.20000E-01   7.72670E-02   8.01647E-04   5.02575E-04   0.00000E+00   5.00872E-02   1.00000E+00   0.00000E+00   7.75157E+00   1.01181E-16            15   2.62141E-10   3.10771E+00
         662   7.94400E+01   1.20000E-01   7.72670E-02   8.03433E-04   5.11482E-04   0.00000E+00   5.00241E-02   1.00000E+00   0.00000E+00   7.75157E+00   1.13324E-16            15   2.85632E-10   3.10775E+00
         663   7.95600E+01   1.20000E-01   7.72670E-02   8.05210E-04   5.20375E-04   0.00000E+00   4.99603E-02   1.00000E+00   0.00000E+00   7.75157E+00   1.21024E-16            15   3.05594E-10   3.10779E+00
         664   7.96800E+01   1.20000E-01   7.72670E-02   8.06981E-04   5.29253E-04   0.00000E+00   4.98959E-02   1.00000E+00   0.00000E+00   7.75157E+00   1.25329E-16            15   3.22512E-10   3.10783E+00
         665   7.98000E+01   1.20000E-01   7.72670E-02   8.08745E-04   5.38116E-04   0.00000E+00   4.98309E-02   1.00000E+00   0.00000E+00   7.75157E+00   1.27233E-16            15   3.36881E-10   3.10787E+00
         666   7.99200E+01   1.20000E-01   7.72670E-02   8.10503E-04   5.46963E-04   0.00000E+00   4.97652E-02   1.00000E+00   0.00000E+00   7.75157E+00   1.27406E-16            15   3.49160E-10   3.10792E+00
         667   8.00400E+01   1.20000E-01   7.72670E-02   8.12256E-04   5.55794E-04   0.00000E+00   4.96989E-02   1.00000E+00   0.00000E+00   7.75157E+00   1.29875E-16            15   3.59743E-10   3.10796E+00
         668   8.01600E+01   1.20000E-01   7.72670E-02   8.14004E-04   5.64610E-04   0.00000E+00   4.96319E-02   1.00000E+00   0.00000E+00   7.75157E+00   1.34456E-16            15   3.68962E-10   3.10801E+00
         669   8.02800E+01   1.20000E-01   7.72670E-02   8.15749E-04   5.73410E-04   0.00000E+00   4.95643E-02   1.00000E+00   0.00000E+00   7.75157E+00   1.38176E-16            15   3.77088E-10   3.10805E+00
         670   8.04000E+01   1.20000E-01   7.72670E-02   8.17490E-04   5.82194E-04   0.00000E+00   4.94960E-02   1.00000E+00   0.00000E+00   7.75157E+00   1.41344E-16            15   3.84334E-10   3.10810E+00
         671   8.05200E+01   1.20000E-01   7.72670E-02   8.19228E-04   5.90963E-04   0.00000E+00   4.94271E-02   1.00000E+00   0.00000E+00   7.75157E+00   1.44173E-16            15   3.91003E-10   3.10814E+00
         672   8.06400E+01   1.20000E-01   7.72670E-02   8.20963E-04   5.99715E-04   0.00000E+00   4.93575E-02   1.00000E+00   0.00000E+00   7.75157E+00   1.46096E-16            15   3.96523E-10   3.10819E+00
         673   8.07600E+01   1.20000E-01   7.72670E-02   8.22697E-04   6.08450E-04   0.00000E+00   4.92873E-02   1.00000E+00   0.00000E+00   7.75157E+00   1.47941E-16            15   4.02023E-10   3.10824E+00
         674   8.08800E+01   1.20000E-01   7.72670E-02   8.24428E-04   6.17170E-04   0.00000E+00   4.92164E-02   1.00000E+00   0.00000E+00   7.75157E+00   1.49465E-16            15   4.07139E-10   3.10829E+00
         675   8.10000E+01   1.20000E-01   7.72670E-02   8.26158E-04   6.25873E-04   0.00000E+00   4.91448E-02   1.00000E+00   0.00000E+00   7.75157E+00   1.50736E-16            15   4.11939E-10   3.10834E+00
         676   8.11200E+01   1.20000E-01   7.72670E-02   8.27886E-04   6.34559E-04   0.00000E+00   4.90726E-02   1.00000E+00   0.00000E+00   7.75157E+00   1.51767E-16            15   4.16472E-10   3.10839E+00
         677   8.12400E+01   1.20000E-01   7.72670E-02   8.29613E-04   6.43228E-04   0.00000E+00   4.89996E-02   1.00000E+00   0.00000E+00   7.75157E+00   1.52604E-16            15   4.20781E-10   3.10844E+00
         678   8.13600E+01   1.20000E-01   7.72670E-02   8.31339E-04   6.51881E-04   0.00000E+00   4.89260E-02   1.00000E+00   0.00000E+00   7.75157E+00   1.53243E-16            15   4.24895E-10   3.10849E+00
         679   8.14800E+01   1.20000E-01   7.72670E-02   8.33064E-04   6.60517E-04   0.00000E+00   4.88517E-02   1.00000E+00   0.00000E+00   7.75157E+00   1.53755E-16            15   4.28843E-10   3.10855E+00
         680   8.16000E+01   1.20000E-01   7.72670E-02   8.34788E-04   6.69136E-04   0.00000E+00   4.87767E-02   1.00000E+00   0.00000E+00   7.75157E+00   1.54168E-16            15   4.32641E-10   3.10860E+00
         681   8.17200E+01   1.20000E-01   7.72670E-02   8.36511E-04   6.77737E-04   0.00000E+00   4.87009E-02   1.00000E+00   0.00000E+00   7.75157E+00   1.54457E-16            15   4.36313E-10   3.10865E+00
         682   8.18400E+01   1.20000E-01   7.72670E-02   8.38234E-04   6.86321E-04   0.00000E+00   4.86245E-02   1.00000E+00   0.00000E+00   7.75157E+00   1.54563E-16            15   4.39858E-10   3.10871E+00
         683   8.19600E+01   1.20000E-01   7.72670E-02   8.39956E-04   6.94888E-04   0.00000E+00   4.85474E-02   1.00000E+00   0.00000E+00   7.75157E+00   1.54648E-16            15   4.43298E-10   3.10876E+00
         684   8.20800E+01   1.20000E-01   7.72670E-02   8.41677E-04   7.03438E-04   0.00000E+00   4.84695E-02   1.00000E+00   0.00000E+00   7.75157E+00   1.54667E-16            15   4.46635E-10   3.10882E+00
         685   8.22000E+01   1.20000E-01   7.72670E-02   8.43397E-04   7.11970E-04   0.00000E+00   4.83909E-02   1.00000E+00   0.00000E+00   7.75157E+00   1.54502E-16            15   4.49881E-10   3.10888E+00
         686   8.23200E+01   1.20000E-01   7.72670E-02   8.45116E-04   7.20484E-04   0.00000E+00   4.83116E-02   1.00000E+00   0.00000E+00   7.75157E+00   1.54296E-16            15   4.53036E-10   3.10893E+00
         687   8.24400E+01   1.20000E-01   7.72670E-02   8.46834E-04   7.28980E-04   0.00000E+00   4.82315E-02   1.00000E+00   0.00000E+00   7.75157E+00   1.54100E-16            15   4.56104E-10   3.10899E+00
         688   8.25600E+01   1.20000E-01   7.72670E-02   8.48550E-04   7.37459E-04   0.00000E+00   4.81507E-02   1.00000E+00   0.00000E+00   7.75157E+00   1.53750E-16            15   4.59086E-10   3.10905E+00
         689   8.26800E+01   1.20000E-01   7.72670E-02   8.50265E-04   7.45919E-04   0.00000E+00   4.80691E-02   1.00000E+00   0.00000E+00   7.75157E+00   1.53349E-16            15   4.61990E-10   3.10911E+00
         690   8.28000E+01   1.20000E-01   7.72670E-02   8.51979E-04   7.54362E-04   0.00000E+00   4.79868E-02   1.00000E+00   0.00000E+00   7.75157E+00   1.52901E-16            15   4.64811E-10   3.10917E+00
         691   8.29200E+01   1.20000E-01   7.72670E-02   8.53690E-04   7.62786E-04   0.00000E+00   4.79037E-02   1.00000E+00   0.00000E+00   7.75157E+00   1.52432E-16            15   4.67553E-10   3.10923E+00
         692   8.30400E+01   1.20000E-01   7.72670E-02   8.55400E-04   7.71192E-04   0.00000E+00   4.78199E-02   1.00000E+00   0.00000E+00   7.75157E+00   1.51821E-16            15   4.70215E-10   3.10929E+00
         693   8.31600E+01   1.20000E-01   7.72670E-02   8.57107E-04   7.79580E-04   0.00000E+00   4.77352E-02   1.00000E+00   0.00000E+00   7.75157E+00   1.51273E-16            15   4.72789E-10   3.10936E+00
         694   8.32800E+01   1.20000E-01   7.72670E-02   8.58812E-04   7.87950E-04   0.00000E+00   4.76496E-02   1.00000E+00   0.00000E+00   7.75157E+00   1.50544E-16            15   4.75229E-10   3.10942E+00
         695   8.34000E+01   1.20000E-01   7.72670E-02   8.60514E-04   7.96300E-04   0.00000E+00   4.75635E-02   1.00000E+00   0.00000E+00   7.75157E+00   1.49919E-16            15   4.77737E-10   3.10948E+00
         696   8.35200E+01   1.20000E-01   7.72670E-02   8.62213E-04   8.04632E-04   0.00000E+00   4.74765E-02   1.00000E+00   0.00000E+00   7.75157E+00   1.49168E-16            15   4.80031E-10   3.10955E+00
         697   8.36400E+01   1.20000E-01   7.72670E-02   8.63904E-04   8.12946E-04   0.00000E+00   4.73888E-02   1.00000E+00   0.00000E+00   7.75157E+00   1.50275E-16            15   4.83867E-10   3.10961E+00
         698   8.37600E+01   1.20000E-01   7.72670E-02   8.65576E-04   8.21240E-04   0.00000E+00   4.73002E-02   1.00000E+00   0.00000E+00   7.75157E+00   1.51871E-16            15   4.87907E-10   3.10968E+00
         699   8.38800E+01   1.20000E-01   7.72670E-02   8.67228E-04   8.29516E-04   0.00000E+00   4.72108E-02   1.00000E+00   0.00000E+00   7.75157E+00   1.51155E-16            15   4.90297E-10   3.10974E+00
         700   8.40000E+01   1.20000E-01   7.72670E-02   8.68860E-04   8.37772E-04   0.00000E+00   4.71205E-02   1.00000E+00   0.00000E+00   7.75157E+00   1.50436E-16            15   4.92595E-10   3.10981E+00
         701   8.41200E+01   1.20000E-01   7.72670E-02   8.70472E-04   8.46010E-04   0.00000E+00   4.70295E-02   1.00000E+00   0.00000E+00   7.75157E+00   1.49633E-16            15   4.94791E-10   3.10988E+00
         702   8.42400E+01   1.20000E-01   7.72670E-02   8.72064E-04   8.54228E-04   0.00000E+00   4.69376E-02   1.00000E+00   0.00000E+00   7.75157E+00   1.48805E-16            15   4.96886E-10   3.10995E+00
         703   8.43600E+01   1.20000E-01   7.72670E-02   8.73636E-04   8.62427E-04   0.00000E+00   4.68450E-02   1.00000E+00   0.00000E+00   7.75157E+00   1.47910E-16            15   4.98795E-10   3.11002E+00
         704   8.44800E+01   1.20000E-01   7.72670E-02   8.75186E-04   8.70607E-04   0.00000E+00   4.67518E-02   1.00000E+00   0.00000E+00   7.75157E+00   1.46987E-16            15   5.00647E-10   3.11009E+00
         705   8.46000E+01   1.20000E-01   7.72670E-02   8.76715E-04   8.78766E-04   0.00000E+00   4.66574E-02   1.00000E+00   0.00000E+00   7.75157E+00   1.46138E-16            15   5.02599E-10   3.11016E+00
         706   8.47200E+01   1.20000E-01   7.72670E-02   8.78223E-04   8.86906E-04   0.00000E+00   4.65626E-02   1.00000E+00   0.00000E+00   7.75157E+00   1.44992E-16            15   5.03842E-10   3.11023E+00
         707   8.48400E+01   1.20000E-01   7.72670E-02   8.79708E-04   8.95027E-04   0.00000E+00   4.64666E-02   1.00000E+00   0.00000E+00   7.75157E+00   1.43987E-16            15   5.05504E-10   3.11030E+00
         708   8.49600E+01   1.20000E-01   7.72670E-02   8.81172E-04   9.03127E-04   0.00000E+00   4.63698E-02   1.00000E+00   0.00000E+00   7.75157E+00   1.42814E-16            15   5.06592E-10   3.11037E+00
         709   8.50800E+01   1.20000E-01   7.72670E-02   8.82614E-04   9.11208E-04   0.00000E+00   4.62723E-02   1.00000E+00   0.00000E+00   7.75157E+00   1.41548E-16            15   5.07511E-10   3.11044E+00
         710   8.52000E+01   1.20000E-01   7.72670E-02   8.84034E-04   9.19268E-04   0.00000E+00   4.61738E-02   1.00000E+00   0.00000E+00   7.75157E+00   1.40232E-16            15   5.08225E-10   3.11052E+00
         711   8.53200E+01   1.20000E-01   7.72670E-02   8.85431E-04   9.27308E-04   0.00000E+00   4.60745E-02   1.00000E+00   0.00000E+00   7.75157E+00   1.38818E-16            15   5.08659E-10   3.11059E+00
         712   8.54400E+01   1.20000E-01   7.72670E-02   8.86805E-04   9.35328E-04   0.00000E+00   4.59743E-02   1.00000E+00   0.00000E+00   7.75157E+00   1.37254E-16            15   5.08789E-10   3.11067E+00
         713   8.55600E+01   1.20000E-01   7.72670E-02   8.88156E-04   9.43327E-04   0.00000E+00   4.58732E-02   1.00000E+00   0.00000E+00   7.75157E+00   1.35639E-16            15   5.08576E-10   3.11074E+00
         714   8.56800E+01   1.20000E-01   7.72670E-02   8.89484E-04   9.51306E-04   0.00000E+00   4.57713E-02   1.00000E+00   0.00000E+00   7.75157E+00   1.33894E-16            15   5.07972E-10   3.11082E+00
         715   8.58000E+01   1.20000E-01   7.72670E-02   8.90789E-04   9.59264E-04   0.00000E+00   4.56685E-02   1.00000E+00   0.00000E+00   7.75157E+00   1.31961E-16            15   5.06904E-10   3.11089E+00
         716   8.59200E+01   1.20000E-01   7.72670E-02   8.93011E-04   9.67202E-04   0.00000E+00   4.55647E-02   1.00000E+00   0.00000E+00   7.75157E+00   1.29926E-16            15   5.05446E-10   3.11097E+00
         717   8.60400E+01   1.20000E-01   7.72670E-02   8.98170E-04   9.75118E-04   0.00000E+00   4.54600E-02   1.00000E+00   0.00000E+00   7.75157E+00   1.27567E-16            15   5.03151E-10   3.11105E+00
         718   8.61600E+01   1.20000E-01   7.72670E-02   9.03316E-04   9.83014E-04   0.00000E+00   4.53545E-02   1.00000E+00   0.00000E+00   7.75157E+00   1.25041E-16            15   5.00237E-10   3.11113E+00
         719   8.62800E+01   1.20000E-01   7.72670E-02   9.08449E-04   9.90888E-04   0.00000E+00   4.52481E-02   1.00000E+00   0.00000E+00   7.75157E+00   1.22223E-16            15   4.96488E-10   3.11121E+00
         720   8.64000E+01   1.20000E-01   7.72670E-02   9.13568E-04   9.98741E-04   0.00000E+00   4.51407E-02   1.00000E+00   0.00000E+00   7.75157E+00   1.19097E-16            15   4.91748E-10   3.11129E+00
         721   8.65200E+01   1.20000E-01   7.72670E-02   9.18674E-04   1.00657E-03   0.00000E+00   4.50325E-02   1.00000E+00   0.00000E+00   7.75157E+00   1.15569E-16            15   4.85838E-10   3.11137E+00
         722   8.66400E+01   1.20000E-01   7.72670E-02   9.23766E-04   1.01438E-03   0.00000E+00   4.49233E-02   1.00000E+00   0.00000E+00   7.75157E+00   1.11629E-16            15   4.78546E-10   3.11145E+00
         723   8.67600E+01   1.20000E-01   7.72670E-02   9.28843E-04   1.02217E-03   0.00000E+00   4.48132E-02   1.00000E+00   0.00000E+00   7.75157E+00   1.07168E-16            15   4.69584E-10   3.11153E+00
         724   8.68800E+01   1.20000E-01   7.72670E-02   9.33905E-04   1.02994E-03   0.00000E+00   4.47022E-02   1.00000E+00   0.00000E+00   7.75157E+00   1.02116E-16            15   4.58650E-10   3.11161E+00
         725   8.70000E+01   1.20000E-01   7.72670E-02   9.38952E-04   1.03768E-03   0.00000E+00   4.45903E-02   1.00000E+00   0.00000E+00   7.75157E+00   9.63496E-17            15   4.45385E-10   3.11169E+00
         726   8.71200E+01   1.20000E-01   7.72670E-02   9.43983E-04   1.04541E-03   0.00000E+00   4.44775E-02   1.00000E+00   0.00000E+00   7.75157E+00   8.98276E-17            15   4.29399E-10   3.11178E+00
         727   8.72400E+01   1.20000E-01   7.72670E-02   9.48999E-04   1.05311E-03   0.00000E+00   4.43638E-02   1.00000E+00   0.00000E+00   7.75157E+00   8.23726E-17            15   4.10167E-10   3.11186E+00
         728   8.73600E+01   1.20000E-01   7.72670E-02   9.53998E-04   1.06079E-03   0.00000E+00   4.42491E-02   1.00000E+00   0.00000E+00   7.75157E+00   7.40433E-17            15   3.87405E-10   3.11194E+00
         729   8.74800E+01   1.20000E-01   7.72670E-02   9.58980E-04   1.06845E-03   0.00000E+00   4.41335E-02   1.00000E+00   0.00000E+00   7.75157E+00   6.47985E-17            15   3.60816E-10   3.11203E+00
         730   8.76000E+01   1.20000E-01   7.72670E-02   9.63945E-04   1.07608E-03   0.00000E+00   4.40170E-02   1.00000E+00   0.00000E+00   7.75157E+00   5.49041E-17            15   3.30597E-10   3.11212E+00
         731   8.77200E+01   1.20000E-01   7.72670E-02   9.68893E-04   1.08369E-03   0.00000E+00   4.38996E-02   1.00000E+00   0.00000E+00   7.75157E+00   4.94751E-17            15   2.97629E-10   3.11220E+00
         732   8.78400E+01   1.20000E-01   7.72670E-02   9.73823E-04   1.09128E-03   0.00000E+00   4.37812E-02   1.00000E+00   0.00000E+00   7.75157E+00   4.47701E-17            15   2.64113E-10   3.11229E+00
         733   8.79600E+01   1.20000E-01   7.72670E-02   9.78734E-04   1.09885E-03   0.00000E+00   4.36620E-02   1.00000E+00   0.00000E+00   7.75157E+00   4.11081E-17            15   2.34004E-10   3.11238E+00
         734   8.80800E+01   1.20000E-01   7.72670E-02   9.83627E-04   1.10639E-03   0.00000E+00   4.35418E-02   1.00000E+00   0.00000E+00   7.75157E+00   3.89492E-17            15   2.13639E-10   3.11246E+00
         735   8.82000E+01   1.20000E-01   7.72670E-02   9.88501E-04   1.11391E-03   0.00000E+00   4.34207E-02   1.00000E+00   0.00000E+00   7.75157E+00   3.89385E-17            15   2.09588E-10   3.11255E+00
         736   8.83200E+01   1.20000E-01   7.72670E-02   9.93356E-04   1.12141E-03   0.00000E+00   4.32986E-02   1.00000E+00   0.00000E+00   7.75157E+00   4.08686E-17            15   2.24355E-10   3.11264E+00
         737   8.84400E+01   1.20000E-01   7.72670E-02   9.98191E-04   1.12888E-03   0.00000E+00   4.31757E-02   1.00000E+00   0.00000E+00   7.75157E+00   4.50357E-17            15   2.54219E-10   3.11273E+00
         738   8.85600E+01   1.20000E-01   7.72670E-02   1.00301E-03   1.13633E-03   0.00000E+00   4.30519E-02   1.00000E+00   0.00000E+00   7.75157E+00   5.01634E-17            15   2.92453E-10   3.11282E+00
         739   8.86800E+01   1.20000E-01   7.72670E-02   1.00780E-03   1.14376E-03   0.00000E+00   4.29271E-02   1.00000E+00   0.00000E+00   7.75157E+00   5.55520E-17            15   3.33122E-10   3.11291E+00
         740   8.88000E+01   1.20000E-01   7.72670E-02   1.01257E-03   1.15116E-03   0.00000E+00   4.28014E-02   1.00000E+00   0.00000E+00   7.75157E+00   6.08110E-17            15   3.72455E-10   3.11300E+00
         741   8.89200E+01   1.20000E-01   7.72670E-02   1.01733E-03   1.15854E-03   0.00000E+00   4.26748E-02   1.00000E+00   0.00000E+00   7.75157E+00   6.90118E-17            15   4.08371E-10   3.11309E+00
         742   8.90400E+01   1.20000E-01   7.72670E-02   1.02206E-03   1.16589E-03   0.00000E+00   4.25474E-02   1.00000E+00   0.00000E+00   7.75157E+00   7.74379E-17            15   4.40079E-10   3.11319E+00
         743   8.91600E+01   1.20000E-01   7.72670E-02   1.02677E-03   1.17323E-03   0.00000E+00   4.24190E-02   1.00000E+00   0.00000E+00   7.75157E+00   8.46087E-17            15   4.67483E-10   3.11328E+00
         744   8.92800E+01   1.20000E-01   7.72670E-02   1.03145E-03   1.18053E-03   0.00000E+00   4.22897E-02   1.00000E+00   0.00000E+00   7.75157E+00   8.94803E-17            15   4.87037E-10   3.11337E+00
         745   8.94000E+01   1.20000E-01   7.72670E-02   1.03612E-03   1.18781E-03   0.00000E+00   4.21595E-02   1.00000E+00   0.00000E+00   7.75157E+00   9.46179E-17            15   5.07710E-10   3.11347E+00
         746   8.95200E+01   1.20000E-01   7.72670E-02   1.04076E-03   1.19507E-03   0.00000E+00   4.20284E-02   1.00000E+00   0.00000E+00   7.75157E+00   9.87969E-17            15   5.25335E-10   3.11356E+00
         747   8.96400E+01   1.20000E-01   7.72670E-02   1.04537E-03   1.20230E-03   0.00000E+00   4.18965E-02   1.00000E+00   0.00000E+00   7.75157E+00   1.02185E-16            15   5.40386E-10   3.11366E+00
         748   8.97600E+01   1.20000E-01   7.72670E-02   1.04997E-03   1.20951E-03   0.00000E+00   4.17636E-02   1.00000E+00   0.00000E+00   7.75157E+00   1.04895E-16            15   5.53296E-10   3.11375E+00
         749   8.98800E+01   1.20000E-01   7.72670E-02   1.05454E-03   1.21669E-03   0.00000E+00   4.16299E-02   1.00000E+00   0.00000E+00   7.75157E+00   1.07040E-16            15   5.64431E-10   3.11385E+00
         750   9.00000E+01   1.20000E-01   7.72670E-02   1.05908E-03   1.22385E-03   0.00000E+00   4.14953E-02   1.00000E+00   0.00000E+00   7.75157E+00   1.08712E-16            15   5.74100E-10   3.11394E+00
         751   9.01200E+01   1.20000E-01   7.72670E-02   1.06360E-03   1.23098E-03   0.00000E+00   4.13599E-02   1.00000E+00   0.00000E+00   7.75157E+00   1.09989E-16            15   5.82552E-10   3.11404E+00
         752   9.02400E+01   1.20000E-01   7.72670E-02   1.06810E-03   1.23808E-03   0.00000E+00   4.12236E-02   1.00000E+00   0.00000E+00   7.75157E+00   1.10954E-16            15   5.89976E-10   3.11414E+00
         753   9.03600E+01   1.20000E-01   7.72670E-02   1.07257E-03   1.24516E-03   0.00000E+00   4.10864E-02   1.00000E+00   0.00000E+00   7.75157E+00   1.11651E-16            15   5.96560E-10   3.11424E+00
         754   9.04800E+01   1.20000E-01   7.72670E-02   1.07701E-03   1.25222E-03   0.00000E+00   4.09484E-02   1.00000E+00   0.00000E+00   7.75157E+00   1.12112E-16            15   6.02431E-10   3.11434E+00
         755   9.06000E+01   1.20000E-01   7.72670E-02   1.08143E-03   1.25925E-03   0.00000E+00   4.08095E-02   1.00000E+00   0.00000E+00   7.75157E+00   1.12387E-16            15   6.07699E-10   3.11443E+00
         756   9.07200E+01   1.20000E-01   7.72670E-02   1.08582E-03   1.26625E-03   0.00000E+00   4.06698E-02   1.00000E+00   0.00000E+00   7.75157E+00   1.12502E-16            15   6.12461E-10   3.11453E+00
         757   9.08400E+01   1.20000E-01   7.72670E-02   1.09018E-03   1.27322E-03   0.00000E+00   4.05293E-02   1.00000E+00   0.00000E+00   7.75157E+00   1.12470E-16            15   6.16795E-10   3.11463E+00
         758   9.09600E+01   1.20000E-01   7.72670E-02   1.09452E-03   1.28017E-03   0.00000E+00   4.03880E-02   1.00000E+00   0.00000E+00   7.75157E+00   1.12338E-16            15   6.20732E-10   3.11473E+00
         759   9.10800E+01   1.20000E-01   7.72670E-02   1.09882E-03   1.28709E-03   0.00000E+00   4.02458E-02   1.00000E+00   0.00000E+00   7.75157E+00   1.12119E-16            15   6.24351E-10   3.11484E+00
         760   9.12000E+01   1.20000E-01   7.72670E-02   1.10310E-03   1.29398E-03   0.00000E+00   4.01029E-02   1.00000E+00   0.00000E+00   7.75157E+00   1.11790E-16            15   6.27688E-10   3.11494E+00
         761   9.13200E+01   1.20000E-01   7.72670E-02   1.10736E-03   1.30085E-03   0.00000E+00   3.99591E-02   1.00000E+00   0.00000E+00   7.75157E+00   1.11404E-16            15   6.30784E-10   3.11504E+00
         762   9.14400E+01   1.20000E-01   7.72670E-02   1.11158E-03   1.30769E-03   0.00000E+00   3.98145E-02   1.00000E+00   0.00000E+00   7.75157E+00   1.10938E-16            15   6.33660E-10   3.11514E+00
         763   9.15600E+01   1.20000E-01   7.72670E-02   1.11578E-03   1.31450E-03   0.00000E+00   3.96692E-02   1.00000E+00   0.00000E+00   7.75157E+00   1.10465E-16            15   6.36380E-10   3.11524E+00
         764   9.16800E+01   1.20000E-01   7.72670E-02   1.11994E-03   1.32129E-03   0.00000E+00   3.95231E-02   1.00000E+00   0.00000E+00   7.75157E+00   1.09871E-16            15   6.38874E-10   3.11535E+00
         765   9.18000E+01   1.20000E-01   7.72670E-02   1.12408E-03   1.32804E-03   0.00000E+00   3.93762E-02   1.00000E+00   0.00000E+00   7.75157E+00   1.09294E-16            15   6.41258E-10   3.11545E+00
         766   9.19200E+01   1.20000E-01   7.72670E-02   1.12818E-03   1.33477E-03   0.00000E+00   3.92286E-02   1.00000E+00   0.00000E+00   7.75157E+00   1.08646E-16            15   6.43500E-10   3.11556E+00
         767   9.20400E+01   1.20000E-01   7.72670E-02   1.13226E-03   1.34147E-03   0.00000E+00   3.90802E-02   1.00000E+00   0.00000E+00   7.75157E+00   1.07977E-16            15   6.45629E-10   3.11566E+00
         768   9.21600E+01   1.20000E-01   7.72670E-02   1.13631E-03   1.34814E-03   0.00000E+00   3.89310E-02   1.00000E+00   0.00000E+00   7.75157E+00   1.07306E-16            15   6.47673E-10   3.11576E+00
         769   9.22800E+01   1.20000E-01   7.72670E-02   1.14032E-03   1.35478E-03   0.00000E+00   3.87812E-02   1.00000E+00   0.00000E+00   7.75157E+00   1.06576E-16            15   6.49604E-10   3.11587E+00
         770   9.24000E+01   1.20000E-01   7.72670E-02   1.14430E-03   1.36140E-03   0.00000E+00   3.86306E-02   1.00000E+00   0.00000E+00   7.75157E+00   1.05850E-16            15   6.51471E-10   3.11598E+00
         771   9.25200E+01   1.20000E-01   7.72670E-02   1.14826E-03   1.36798E-03   0.00000E+00   3.84793E-02   1.00000E+00   0.00000E+00   7.75157E+00   1.05106E-16            15   6.53261E-10   3.11608E+00
         772   9.26400E+01   1.20000E-01   7.72670E-02   1.15218E-03   1.37453E-03   0.00000E+00   3.83273E-02   1.00000E+00   0.00000E+00   7.75157E+00   1.04357E-16            15   6.54990E-10   3.11619E+00
         773   9.27600E+01   1.20000E-01   7.72670E-02   1.15607E-03   1.38106E-03   0.00000E+00   3.81746E-02   1.00000E+00   0.00000E+00   7.75157E+00   1.03573E-16            15   6.56667E-10   3.11630E+00
         774   9.28800E+01   1.20000E-01   7.72670E-02   1.15993E-03   1.38755E-03   0.00000E+00   3.80212E-02   1.00000E+00   0.00000E+00   7.75157E+00   1.02795E-16            15   6.58299E-10   3.11640E+00
         775   9.30000E+01   1.20000E-01   7.72670E-02   1.16375E-03   1.39402E-03   0.00000E+00   3.78671E-02   1.00000E+00   0.00000E+00   7.75157E+00   1.02005E-16            15   6.59894E-10   3.11651E+00
         776   9.31200E+01   1.20000E-01   7.72670E-02   1.16755E-03   1.40045E-03   0.00000E+00   3.77124E-02   1.00000E+00   0.00000E+00   7.75157E+00   1.01212E-16            15   6.61464E-10   3.11662E+00
         777   9.32400E+01   1.20000E-01   7.72670E-02   1.17131E-03   1.40686E-03   0.00000E+00   3.75570E-02   1.00000E+00   0.00000E+00   7.75157E+00   1.00462E-16            15   6.62895E-10   3.11673E+00
         778   9.33600E+01   1.20000E-01   7.72670E-02   1.17504E-03   1.41323E-03   0.00000E+00   3.74010E-02   1.00000E+00   0.00000E+00   7.75157E+00   9.95504E-17            15   6.64563E-10   3.11684E+00
         779   9.34800E+01   1.20000E-01   7.72670E-02   1.17874E-03   1.41957E-03   0.00000E+00   3.72443E-02   1.00000E+00   0.00000E+00   7.75157E+00   9.88046E-17            15   6.66077E-10   3.11695E+00
         780   9.36000E+01   1.20000E-01   7.72670E-02   1.18241E-03   1.42588E-03   0.00000E+00   3.70870E-02   1.00000E+00   0.00000E+00   7.75157E+00   9.80172E-17            15   6.67600E-10   3.11706E+00
         781   9.37200E+01   1.20000E-01   7.72670E-02   1.18604E-03   1.43216E-03   0.00000E+00   3.69291E-02   1.00000E+00   0.00000E+00   7.75157E+00   9.72359E-17            15   6.69166E-10   3.11717E+00
         782   9.38400E+01   1.20000E-01   7.72670E-02   1.18964E-03   1.43841E-03   0.00000E+00   3.67706E-02   1.00000E+00   0.00000E+00   7.75157E+00   9.64482E-17            15   6.70663E-10   3.11728E+00
         783   9.39600E+01   1.20000E-01   7.72670E-02   1.19321E-03   1.44463E-03   0.00000E+00   3.66115E-02   1.00000E+00   0.00000E+00   7.75157E+00   9.56578E-17            15   6.72213E-10   3.11739E+00
         784   9.40800E+01   1.20000E-01   7.72670E-02   1.19674E-03   1.45081E-03   0.00000E+00   3.64517E-02   1.00000E+00   0.00000E+00   7.75157E+00   9.48844E-17            15   6.73818E-10   3.11750E+00
         785   9.42000E+01   1.20000E-01   7.72670E-02   1.20024E-03   1.45696E-03   0.00000E+00   3.62915E-02   1.00000E+00   0.00000E+00   7.75157E+00   9.41126E-17            15   6.75405E-10   3.11761E+00
         786   9.43200E+01   1.20000E-01   7.72670E-02   1.20370E-03   1.46308E-03   0.00000E+00   3.61306E-02   1.00000E+00   0.00000E+00   7.75157E+00   9.33845E-17            15   6.77022E-10   3.11773E+00
         787   9.44400E+01   1.20000E-01   7.72670E-02   1.20713E-03   1.46917E-03   0.00000E+00   3.59692E-02   1.00000E+00   0.00000E+00   7.75157E+00   9.26407E-17            15   6.78687E-10   3.11784E+00
         788   9.45600E+01   1.20000E-01   7.72670E-02   1.21053E-03   1.47522E-03   0.00000E+00   3.58072E-02   1.00000E+00   0.00000E+00   7.75157E+00   9.18836E-17            15   6.80412E-10   3.11795E+00
         789   9.46800E+01   1.20000E-01   7.72670E-02   1.21389E-03   1.48124E-03   0.00000E+00   3.56447E-02   1.00000E+00   0.00000E+00   7.75157E+00   9.12201E-17            15   6.82170E-10   3.11807E+00
         790   9.48000E+01   1.20000E-01   7.72670E-02   1.21722E-03   1.48723E-03   0.00000E+00   3.54817E-02   1.00000E+00   0.00000E+00   7.75157E+00   9.05041E-17            15   6.83977E-10   3.11818E+00
         791   9.49200E+01   1.20000E-01   7.72670E-02   1.22051E-03   1.49318E-03   0.00000E+00   3.53181E-02   1.00000E+00   0.00000E+00   7.75157E+00   8.97805E-17            15   6.85867E-10   3.11829E+00
         792   9.50400E+01   1.20000E-01   7.72670E-02   1.22376E-03   1.49910E-03   0.00000E+00   3.51540E-02   1.00000E+00   0.00000E+00   7.75157E+00   8.91291E-17            15   6.87790E-10   3.11841E+00
         793   9.51600E+01   1.20000E-01   7.72670E-02   1.22699E-03   1.50498E-03   0.00000E+00   3.49894E-02   1.00000E+00   0.00000E+00   7.75157E+00   8.84432E-17            15   6.89841E-10   3.11852E+00
         794   9.52800E+01   1.20000E-01   7.72670E-02   1.23017E-03   1.51083E-03   0.00000E+00   3.48244E-02   1.00000E+00   0.00000E+00   7.75157E+00   8.78431E-17            15   6.91899E-10   3.11864E+00
         795   9.54000E+01   1.20000E-01   7.72670E-02   1.23332E-03   1.51664E-03   0.00000E+00   3.46588E-02   1.00000E+00   0.00000E+00   7.75157E+00   8.72100E-17            15   6.94035E-10   3.11875E+00
         796   9.55200E+01   1.20000E-01   7.72670E-02   1.23644E-03   1.52242E-03   0.00000E+00   3.44928E-02   1.00000E+00   0.00000E+00   7.75157E+00   8.66332E-17            15   6.96259E-10   3.11887E+00
         797   9.56400E+01   1.20000E-01   7.72670E-02   1.23952E-03   1.52816E-03   0.00000E+00   3.43263E-02   1.00000E+00   0.00000E+00   7.75157E+00   8.60125E-17            15   6.98619E-10   3.11899E+00
         798   9.57600E+01   1.20000E-01   7.72670E-02   1.24256E-03   1.53387E-03   0.00000E+00   3.41593E-02   1.00000E+00   0.00000E+00   7.75157E+00   8.54322E-17            15   7.00973E-10   3.11910E+00
         799   9.58800E+01   1.20000E-01   7.72670E-02   1.24557E-03   1.53954E-03   0.00000E+00   3.39919E-02   1.00000E+00   0.00000E+00   7.75157E+00   8.48907E-17            15   7.03461E-10   3.11922E+00
         800   9.60000E+01   1.20000E-01   7.72670E-02   1.24854E-03   1.54518E-03   0.00000E+00   3.38241E-02   1.00000E+00   0.00000E+00   7.75157E+00   8.43582E-17            15   7.06056E-10   3.11934E+00
         801   9.61200E+01   1.20000E-01   7.72670E-02   1.25148E-03   1.55077E-03   0.00000E+00   3.36558E-02   1.00000E+00   0.00000E+00   7.75157E+00   8.38169E-17            15   7.08703E-10   3.11945E+00
         802   9.62400E+01   1.20000E-01   7.72670E-02   1.25438E-03   1.55633E-03   0.00000E+00   3.34871E-02   1.00000E+00   0.00000E+00   7.75157E+00   8.33024E-17            15   7.11474E-10   3.11957E+00
         803   9.63600E+01   1.20000E-01   7.72670E-02   1.25724E-03   1.56186E-03   0.00000E+00   3.33180E-02   1.00000E+00   0.00000E+00   7.75157E+00   8.28290E-17            15   7.14303E-10   3.11969E+00
         804   9.64800E+01   1.20000E-01   7.72670E-02   1.26006E-03   1.56734E-03   0.00000E+00   3.31485E-02   1.00000E+00   0.00000E+00   7.75157E+00   8.23445E-17            15   7.17243E-10   3.11981E+00
         805   9.66000E+01   1.20000E-01   7.72670E-02   1.26285E-03   1.57279E-03   0.00000E+00   3.29786E-02   1.00000E+00   0.00000E+00   7.75157E+00   8.18688E-17            15   7.20267E-10   3.11993E+00
         806   9.67200E+01   1.20000E-01   7.72670E-02   1.26561E-03   1.57820E-03   0.00000E+00   3.28082E-02   1.00000E+00   0.00000E+00   7.75157E+00   8.14237E-17            15   7.23380E-10   3.12004E+00
         807   9.68400E+01   1.20000E-01   7.72670E-02   1.26832E-03   1.58358E-03   0.00000E+00   3.26375E-02   1.00000E+00   0.00000E+00   7.75157E+00   8.09874E-17            15   7.26617E-10   3.12016E+00
         808   9.69600E+01   1.20000E-01   7.72670E-02   1.27100E-03   1.58891E-03   0.00000E+00   3.24665E-02   1.00000E+00   0.00000E+00   7.75157E+00   8.05396E-17            15   7.29864E-10   3.12028E+00
         809   9.70800E+01   1.20000E-01   7.72670E-02   1.27364E-03   1.59420E-03   0.00000E+00   3.22950E-02   1.00000E+00   0.00000E+00   7.75157E+00   8.01673E-17            15   7.33208E-10   3.12040E+00
         810   9.72000E+01   1.20000E-01   7.72670E-02   1.27625E-03   1.59946E-03   0.00000E+00   3.21232E-02   1.00000E+00   0.00000E+00   7.75157E+00   7.97567E-17            15   7.36640E-10   3.12052E+00
         811   9.73200E+01   1.20000E-01   7.72670E-02   1.27882E-03   1.60467E-03   0.00000E+00   3.19510E-02   1.00000E+00   0.00000E+00   7.75157E+00   7.93647E-17            15   7.40158E-10   3.12064E+00
         812   9.74400E+01   1.20000E-01   7.72670E-02   1.28135E-03   1.60985E-03   0.00000E+00   3.17785E-02   1.00000E+00   0.00000E+00   7.75157E+00   7.89547E-17            15   7.43716E-10   3.12076E+00
         813   9.75600E+01   1.20000E-01   7.72670E-02   1.28384E-03   1.61499E-03   0.00000E+00   3.16056E-02   1.00000E+00   0.00000E+00   7.75157E+00   7.85877E-17            15   7.47323E-10   3.12088E+00
         814   9.76800E+01   1.20000E-01   7.72670E-02   1.28630E-03   1.62008E-03   0.00000E+00   3.14324E-02   1.00000E+00   0.00000E+00   7.75157E+00   7.81598E-17            15   7.50986E-10   3.12100E+00
         815   9.78000E+01   1.20000E-01   7.72670E-02   1.28871E-03   1.62514E-03   0.00000E+00   3.12588E-02   1.00000E+00   0.00000E+00   7.75157E+00   7.78008E-17            15   7.54701E-10   3.12113E+00
         816   9.79200E+01   1.20000E-01   7.72670E-02   1.29109E-03   1.63015E-03   0.00000E+00   3.10850E-02   1.00000E+00   0.00000E+00   7.75157E+00   7.73992E-17            15   7.58587E-10   3.12125E+00
         817   9.80400E+01   1.20000E-01   7.72670E-02   1.29344E-03   1.63512E-03   0.00000E+00   3.09107E-02   1.00000E+00   0.00000E+00   7.75157E+00   7.70706E-17            15   7.62209E-10   3.12137E+00
         818   9.81600E+01   1.20000E-01   7.72670E-02   1.29574E-03   1.64005E-03   0.00000E+00   3.07362E-02   1.00000E+00   0.00000E+00   7.75157E+00   7.66647E-17            15   7.66009E-10   3.12149E+00
         819   9.82800E+01   1.20000E-01   7.72670E-02   1.29801E-03   1.64494E-03   0.00000E+00   3.05614E-02   1.00000E+00   0.00000E+00   7.75157E+00   7.62575E-17            15   7.69792E-10   3.12161E+00
         820   9.84000E+01   1.20000E-01   7.72670E-02   1.30024E-03   1.64979E-03   0.00000E+00   3.03862E-02   1.00000E+00   0.00000E+00   7.75157E+00   7.58346E-17            15   7.73691E-10   3.12174E+00
         821   9.85200E+01   1.20000E-01   7.72670E-02   1.30243E-03   1.65459E-03   0.00000E+00   3.02108E-02   1.00000E+00   0.00000E+00   7.75157E+00   7.54702E-17            15   7.77386E-10   3.12186E+00
         822   9.86400E+01   1.20000E-01   7.72670E-02   1.30458E-03   1.65935E-03   0.00000E+00   3.00350E-02   1.00000E+00   0.00000E+00   7.75157E+00   7.52986E-17            15   7.81136E-10   3.12198E+00
         823   9.87600E+01   1.20000E-01   7.72670E-02   1.30669E-03   1.66407E-03   0.00000E+00   2.98590E-02   1.00000E+00   0.00000E+00   7.75157E+00   7.51711E-17            15   7.84892E-10   3.12210E+00
         824   9.88800E+01   1.20000E-01   7.72670E-02   1.30877E-03   1.66874E-03   0.00000E+00   2.96826E-02   1.00000E+00   0.00000E+00   7.75157E+00   7.51657E-17            15   7.88627E-10   3.12223E+00
         825   9.90000E+01   1.20000E-01   7.72670E-02   1.31081E-03   1.67337E-03   0.00000E+00   2.95060E-02   1.00000E+00   0.00000E+00   7.75157E+00   7.50348E-17            15   7.92183E-10   3.12235E+00
         826   9.91200E+01   1.20000E-01   7.72670E-02   1.31281E-03   1.67796E-03   0.00000E+00   2.93291E-02   1.00000E+00   0.00000E+00   7.75157E+00   7.48822E-17            15   7.95772E-10   3.12248E+00
         827   9.92400E+01   1.20000E-01   7.72670E-02   1.31477E-03   1.68250E-03   0.00000E+00   2.91519E-02   1.00000E+00   0.00000E+00   7.75157E+00   7.47080E-17            15   7.99286E-10   3.12260E+00
         828   9.93600E+01   1.20000E-01   7.72670E-02   1.31669E-03   1.68700E-03   0.00000E+00   2.89744E-02   1.00000E+00   0.00000E+00   7.75157E+00   7.45517E-17            15   8.02699E-10   3.12272E+00
         829   9.94800E+01   1.20000E-01   7.72670E-02   1.31857E-03   1.69145E-03   0.00000E+00   2.87966E-02   1.00000E+00   0.00000E+00   7.75157E+00   7.43484E-17            15   8.06009E-10   3.12285E+00
         830   9.96000E+01   1.20000E-01   7.72670E-02   1.32041E-03   1.69586E-03   0.00000E+00   2.86186E-02   1.00000E+00   0.00000E+00   7.75157E+00   7.40360E-17            15   8.09197E-10   3.12297E+00
         831   9.97200E+01   1.20000E-01   7.72670E-02   1.32222E-03   1.70022E-03   0.00000E+00   2.84403E-02   1.00000E+00   0.00000E+00   7.75157E+00   7.38200E-17            15   8.12281E-10   3.12310E+00
         832   9.98400E+01   1.20000E-01   7.72670E-02   1.32398E-03   1.70453E-03   0.00000E+00   2.82617E-02   1.00000E+00   0.00000E+00   7.75157E+00   7.35553E-17            15   8.15189E-10   3.12322E+00
         833   9.99600E+01   1.20000E-01   7.72670E-02   1.32571E-03   1.70880E-03   0.00000E+00   2.80828E-02   1.00000E+00   0.00000E+00   7.75157E+00   7.32351E-17            15   8.18039E-10   3.12335E+00
         834   1.00080E+02   1.20000E-01   7.72670E-02   1.32740E-03   1.71303E-03   0.00000E+00   2.79037E-02   1.00000E+00   0.00000E+00   7.75157E+00   7.28282E-17            15   8.20696E-10   3.12347E+00
         835   1.00200E+02   1.20000E-01   7.72670E-02   1.32905E-03   1.71720E-03   0.00000E+00   2.77243E-02   1.00000E+00   0.00000E+00   7.75157E+00   7.24083E-17            15   8.23154E-10   3.12360E+00
         836   1.00320E+02   1.20000E-01   7.72670E-02   1.33065E-03   1.72133E-03   0.00000E+00   2.75447E-02   1.00000E+00   0.00000E+00   7.75157E+00   7.20604E-17            15   8.25539E-10   3.12373E+00
         837   1.00440E+02   1.20000E-01   7.72670E-02   1.33222E-03   1.72541E-03   0.00000E+00   2.73648E-02   1.00000E+00   0.00000E+00   7.75157E+00   7.15928E-17            15   8.27602E-10   3.12385E+00
         838   1.00560E+02   1.20000E-01   7.72670E-02   1.33375E-03   1.72945E-03   0.00000E+00   2.71846E-02   1.00000E+00   0.00000E+00   7.75157E+00   7.10814E-17            15   8.29566E-10   3.12398E+00
         839   1.00680E+02   1.20000E-01   7.72670E-02   1.33524E-03   1.73343E-03   0.00000E+00   2.70042E-02   1.00000E+00   0.00000E+00   7.75157E+00   7.05206E-17            15   8.31359E-10   3.12410E+00
         840   1.00800E+02   1.20000E-01   7.72670E-02   1.33669E-03   1.73737E-03   0.00000E+00   2.68235E-02   1.00000E+00   0.00000E+00   7.75157E+00   6.99165E-17            15   8.32949E-10   3.12423E+00
         841   1.00920E+02   1.20000E-01   7.72670E-02   1.33810E-03   1.74126E-03   0.00000E+00   2.66425E-02   1.00000E+00   0.00000E+00   7.75157E+00   6.93866E-17            15   8.34252E-10   3.12436E+00
         842   1.01040E+02   1.20000E-01   7.72670E-02   1.33947E-03   1.74510E-03   0.00000E+00   2.64613E-02   1.00000E+00   0.00000E+00   7.75157E+00   6.87489E-17            15   8.35401E-10   3.12448E+00
         843   1.01160E+02   1.20000E-01   7.72670E-02   1.34080E-03   1.74889E-03   0.00000E+00   2.62798E-02   1.00000E+00   0.00000E+00   7.75157E+00   6.79310E-17            15   8.36341E-10   3.12461E+00
         844   1.01280E+02   1.20000E-01   7.72670E-02   1.34209E-03   1.75264E-03   0.00000E+00   2.60981E-02   1.00000E+00   0.00000E+00   7.75157E+00   6.73451E-17            15   8.37102E-10   3.12474E+00
         845   1.01400E+02   1.20000E-01   7.72670E-02   1.34334E-03   1.75633E-03   0.00000E+00   2.59161E-02   1.00000E+00   0.00000E+00   7.75157E+00   6.64587E-17            15   8.37559E-10   3.12487E+00
         846   1.01520E+02   1.20000E-01   7.72670E-02   1.34455E-03   1.75997E-03   0.00000E+00   2.57338E-02   1.00000E+00   0.00000E+00   7.75157E+00   6.57459E-17            15   8.37863E-10   3.12499E+00
         847   1.01640E+02   1.20000E-01   7.72670E-02   1.34572E-03   1.76357E-03   0.00000E+00   2.55513E-02   1.00000E+00   0.00000E+00   7.75157E+00   6.48517E-17            15   8.37956E-10   3.12512E+00
         848   1.01760E+02   1.20000E-01   7.72670E-02   1.34684E-03   1.76711E-03   0.00000E+00   2.53685E-02   1.00000E+00   0.00000E+00   7.75157E+00   6.39399E-17            15   8.37782E-10   3.12525E+00
         849   1.01880E+02   1.20000E-01   7.72670E-02   1.34793E-03   1.77060E-03   0.00000E+00   2.51855E-02   1.00000E+00   0.00000E+00   7.75157E+00   6.30719E-17            15   8.37483E-10   3.12538E+00
         850   1.02000E+02   1.20000E-01   7.72670E-02   1.34897E-03   1.77404E-03   0.00000E+00   2.50022E-02   1.00000E+00   0.00000E+00   7.75157E+00   6.21352E-17            15   8.36980E-10   3.12551E+00
         851   1.02120E+02   1.20000E-01   7.72670E-02   1.34998E-03   1.77743E-03   0.00000E+00   2.48186E-02   1.00000E+00   0.00000E+00   7.75157E+00   6.09894E-17            15   8.36151E-10   3.12563E+00
         852   1.02240E+02   1.20000E-01   7.72670E-02   1.35094E-03   1.78077E-03   0.00000E+00   2.46348E-02   1.00000E+00   0.00000E+00   7.75157E+00   5.99523E-17            15   8.35241E-10   3.12576E+00
         853   1.02360E+02   1.20000E-01   7.72670E-02   1.35186E-03   1.78406E-03   0.00000E+00   2.44507E-02   1.00000E+00   0.00000E+00   7.75157E+00   5.89369E-17            15   8.34199E-10   3.12589E+00
         854   1.02480E+02   1.20000E-01   7.72670E-02   1.35275E-03   1.78729E-03   0.00000E+00   2.42663E-02   1.00000E+00   0.00000E+00   7.75157E+00   5.77452E-17            15   8.32758E-10   3.12602E+00
         855   1.02600E+02   1.20000E-01   7.72670E-02   1.35358E-03   1.79048E-03   0.00000E+00   2.40817E-02   1.00000E+00   0.00000E+00   7.75157E+00   5.66631E-17            15   8.31261E-10   3.12615E+00
         856   1.02720E+02   1.20000E-01   7.72670E-02   1.35438E-03   1.79361E-03   0.00000E+00   2.38968E-02   1.00000E+00   0.00000E+00   7.75157E+00   5.52716E-17            15   8.29645E-10   3.12628E+00
         857   1.02840E+02   1.20000E-01   7.72670E-02   1.35514E-03   1.79669E-03   0.00000E+00   2.37116E-02   1.00000E+00   0.00000E+00   7.75157E+00   5.41577E-17            15   8.27588E-10   3.12641E+00
         858   1.02960E+02   1.20000E-01   7.72670E-02   1.35585E-03   1.79971E-03   0.00000E+00   2.35262E-02   1.00000E+00   0.00000E+00   7.75157E+00   5.27427E-17            15   8.25566E-10   3.12654E+00
         859   1.03080E+02   1.20000E-01   7.72670E-02   1.35652E-03   1.80268E-03   0.00000E+00   2.33405E-02   1.00000E+00   0.00000E+00   7.75157E+00   5.14421E-17            15   8.23223E-10   3.12666E+00
         860   1.03200E+02   1.20000E-01   7.72670E-02   1.35715E-03   1.80560E-03   0.00000E+00   2.31545E-02   1.00000E+00   0.00000E+00   7.75157E+00   5.00501E-17            15   8.20454E-10   3.12679E+00
         861   1.03320E+02   1.20000E-01   7.72670E-02   1.35774E-03   1.80847E-03   0.00000E+00   2.29682E-02   1.00000E+00   0.00000E+00   7.75157E+00   4.88124E-17            15   8.17471E-10   3.12692E+00
         862   1.03440E+02   1.20000E-01   7.72670E-02   1.35828E-03   1.81128E-03   0.00000E+00   2.27816E-02   1.00000E+00   0.00000E+00   7.75157E+00   4.75334E-17            15   8.14141E-10   3.12705E+00
         863   1.03560E+02   1.20000E-01   7.72670E-02   1.35878E-03   1.81404E-03   0.00000E+00   2.25947E-02   1.00000E+00   0.00000E+00   7.75157E+00   4.62022E-17            15   8.10409E-10   3.12718E+00
         864   1.03680E+02   1.20000E-01   7.72670E-02   1.35924E-03   1.81674E-03   0.00000E+00   2.24076E-02   1.00000E+00   0.00000E+00   7.75157E+00   4.47384E-17            15   8.06245E-10   3.12731E+00
         865   1.03800E+02   1.20000E-01   7.72670E-02   1.35965E-03   1.81939E-03   0.00000E+00   2.22202E-02   1.00000E+00   0.00000E+00   7.75157E+00   4.36147E-17            15   8.01632E-10   3.12744E+00
         866   1.03920E+02   1.20000E-01   7.72670E-02   1.36003E-03   1.82199E-03   0.00000E+00   2.20325E-02   1.00000E+00   0.00000E+00   7.75157E+00   4.27648E-17            15   7.96680E-10   3.12757E+00
         867   1.04040E+02   1.20000E-01   7.72670E-02   1.36035E-03   1.82453E-03   0.00000E+00   2.18445E-02   1.00000E+00   0.00000E+00   7.75157E+00   4.21045E-17            15   7.91046E-10   3.12770E+00
         868   1.04160E+02   1.20000E-01   7.72670E-02   1.36064E-03   1.82702E-03   0.00000E+00   2.16562E-02   1.00000E+00   0.00000E+00   7.75157E+00   4.28338E-17            15   7.88907E-10   3.12783E+00
         869   1.04280E+02   1.20000E-01   7.72670E-02   1.36088E-03   1.82945E-03   0.00000E+00   2.14676E-02   1.00000E+00   0.00000E+00   7.75157E+00   4.20749E-17            15   7.82185E-10   3.12796E+00
         870   1.04400E+02   1.20000E-01   7.72670E-02   1.36108E-03   1.83182E-03   0.00000E+00   2.12787E-02   1.00000E+00   0.00000E+00   7.75157E+00   4.13225E-17            15   7.74945E-10   3.12809E+00
         871   1.04520E+02   1.20000E-01   7.72670E-02   1.36123E-03   1.83414E-03   0.00000E+00   2.10895E-02   1.00000E+00   0.00000E+00   7.75157E+00   4.05011E-17            15   7.66720E-10   3.12822E+00
         872   1.04640E+02   1.20000E-01   7.72670E-02   1.36134E-03   1.83641E-03   0.00000E+00   2.09000E-02   1.00000E+00   0.00000E+00   7.75157E+00   3.96827E-17            15   7.57995E-10   3.12835E+00
         873   1.04760E+02   1.20000E-01   7.72670E-02   1.36141E-03   1.83862E-03   0.00000E+00   2.07103E-02   1.00000E+00   0.00000E+00   7.75157E+00   3.94725E-17            15   7.48628E-10   3.12848E+00
         874   1.04880E+02   1.20000E-01   7.72670E-02   1.36143E-03   1.84077E-03   0.00000E+00   2.05202E-02   1.00000E+00   0.00000E+00   7.75157E+00   3.89817E-17            15   7.38646E-10   3.12862E+00
         875   1.05000E+02   1.20000E-01   7.72670E-02   1.36140E-03   1.84287E-03   0.00000E+00   2.03298E-02   1.00000E+00   0.00000E+00   7.75157E+00   3.93927E-17            15   7.28139E-10   3.12875E+00
         876   1.05120E+02   1.20000E-01   7.72670E-02   1.36133E-03   1.84491E-03   0.00000E+00   2.01391E-02   1.00000E+00   0.00000E+00   7.75157E+00   3.93624E-17            15   7.17121E-10   3.12888E+00
         877   1.05240E+02   1.20000E-01   7.72670E-02   1.36122E-03   1.84689E-03   0.00000E+00   1.99481E-02   1.00000E+00   0.00000E+00   7.75157E+00   3.86410E-17            15   7.05537E-10   3.12901E+00
         878   1.05360E+02   1.20000E-01   7.72670E-02   1.36106E-03   1.84882E-03   0.00000E+00   1.97568E-02   1.00000E+00   0.00000E+00   7.75157E+00   3.78164E-17            15   6.93684E-10   3.12914E+00
         879   1.05480E+02   1.20000E-01   7.72670E-02   1.36085E-03   1.85069E-03   0.00000E+00   1.95652E-02   1.00000E+00   0.00000E+00   7.75157E+00   3.72420E-17            15   6.81676E-10   3.12927E+00
         880   1.05600E+02   1.20000E-01   7.72670E-02   1.36060E-03   1.85251E-03   0.00000E+00   1.93732E-02   1.00000E+00   0.00000E+00   7.75157E+00   3.61213E-17            15   6.69038E-10   3.12940E+00
         881   1.05720E+02   1.20000E-01   7.72670E-02   1.36030E-03   1.85426E-03   0.00000E+00   1.91810E-02   1.00000E+00   0.00000E+00   7.75157E+00   3.52946E-17            15   6.56094E-10   3.12953E+00
         882   1.05840E+02   1.20000E-01   7.72670E-02   1.35996E-03   1.85596E-03   0.00000E+00   1.89884E-02   1.00000E+00   0.00000E+00   7.75157E+00   3.41948E-17            15   6.43588E-10   3.12966E+00
         883   1.05960E+02   1.20000E-01   7.72670E-02   1.35957E-03   1.85761E-03   0.00000E+00   1.87955E-02   1.00000E+00   0.00000E+00   7.75157E+00   3.25739E-17            15   6.29731E-10   3.12979E+00
         884   1.06080E+02   1.20000E-01   7.72670E-02   1.35913E-03   1.85919E-03   0.00000E+00   1.86023E-02   1.00000E+00   0.00000E+00   7.75157E+00   3.08043E-17            15   6.16175E-10   3.12993E+00
         885   1.06200E+02   1.20000E-01   7.72670E-02   1.35864E-03   1.86072E-03   0.00000E+00   1.84087E-02   1.00000E+00   0.00000E+00   7.75157E+00   2.95711E-17            15   6.01807E-10   3.13006E+00
         886   1.06320E+02   1.20000E-01   7.72670E-02   1.35811E-03   1.86219E-03   0.00000E+00   1.82148E-02   1.00000E+00   0.00000E+00   7.75157E+00   2.83127E-17            15   5.88244E-10   3.13019E+00
         887   1.06440E+02   1.20000E-01   7.72670E-02   1.35753E-03   1.86361E-03   0.00000E+00   1.80206E-02   1.00000E+00   0.00000E+00   7.75157E+00   2.73497E-17            15   5.73381E-10   3.13032E+00
         888   1.06560E+02   1.20000E-01   7.72670E-02   1.35690E-03   1.86496E-03   0.00000E+00   1.78261E-02   1.00000E+00   0.00000E+00   7.75157E+00   2.61976E-17            15   5.58445E-10   3.13045E+00
         889   1.06680E+02   1.20000E-01   7.72670E-02   1.35623E-03   1.86626E-03   0.00000E+00   1.76313E-02   1.00000E+00   0.00000E+00   7.75157E+00   2.51407E-17            15   5.43372E-10   3.13058E+00
         890   1.06800E+02   1.20000E-01   7.72670E-02   1.35551E-03   1.86750E-03   0.00000E+00   1.74361E-02   1.00000E+00   0.00000E+00   7.75157E+00   2.45288E-17            15   5.27654E-10   3.13071E+00
         891   1.06920E+02   1.20000E-01   7.72670E-02   1.35473E-03   1.86868E-03   0.00000E+00   1.72405E-02   1.00000E+00   0.00000E+00   7.75157E+00   2.41096E-17            15   5.11208E-10   3.13084E+00
         892   1.07040E+02   1.20000E-01   7.72670E-02   1.35391E-03   1.86980E-03   0.00000E+00   1.70447E-02   1.00000E+00   0.00000E+00   7.75157E+00   2.33055E-17            15   4.94520E-10   3.13098E+00
         893   1.07160E+02   1.20000E-01   7.72670E-02   1.35304E-03   1.87086E-03   0.00000E+00   1.68485E-02   1.00000E+00   0.00000E+00   7.75157E+00   2.23888E-17            15   4.77351E-10   3.13111E+00
         894   1.07280E+02   1.20000E-01   7.72670E-02   1.35212E-03   1.87187E-03   0.00000E+00   1.66520E-02   1.00000E+00   0.00000E+00   7.75157E+00   2.16371E-17            15   4.59554E-10   3.13124E+00
         895   1.07400E+02   1.20000E-01   7.72670E-02   1.35115E-03   1.87282E-03   0.00000E+00   1.64551E-02   1.00000E+00   0.00000E+00   7.75157E+00   2.05623E-17            15   4.41544E-10   3.13137E+00
         896   1.07520E+02   1.20000E-01   7.72670E-02   1.35013E-03   1.87370E-03   0.00000E+00   1.62579E-02   1.00000E+00   0.00000E+00   7.75157E+00   1.94806E-17            15   4.23651E-10   3.13150E+00
         897   1.07640E+02   1.20000E-01   7.72670E-02   1.34906E-03   1.87453E-03   0.00000E+00   1.60603E-02   1.00000E+00   0.00000E+00   7.75157E+00   1.83582E-17            15   4.06298E-10   3.13163E+00
         898   1.07760E+02   1.20000E-01   7.72670E-02   1.34793E-03   1.87530E-03   0.00000E+00   1.58624E-02   1.00000E+00   0.00000E+00   7.75157E+00   1.76610E-17            15   3.92126E-10   3.13176E+00
         899   1.07880E+02   1.20000E-01   7.72670E-02   1.34676E-03   1.87601E-03   0.00000E+00   1.56641E-02   1.00000E+00   0.00000E+00   7.75157E+00   1.79510E-17            15   3.83576E-10   3.13190E+00
         900   1.08000E+02   1.20000E-01   7.72670E-02   1.34553E-03   1.87667E-03   0.00000E+00   1.54655E-02   1.00000E+00   0.00000E+00   7.75157E+00   1.91232E-17            15   3.83361E-10   3.13203E+00
         901   1.08120E+02   1.20000E-01   7.72670E-02   1.34426E-03   1.87726E-03   0.00000E+00   1.52666E-02   1.00000E+00   0.00000E+00   7.75157E+00   2.05822E-17            15   3.91626E-10   3.13216E+00
         902   1.08240E+02   1.20000E-01   7.72670E-02   1.34293E-03   1.87779E-03   0.00000E+00   1.50672E-02   1.00000E+00   0.00000E+00   7.75157E+00   2.20608E-17            15   4.08179E-10   3.13229E+00
         903   1.08360E+02   1.20000E-01   7.72670E-02   1.34154E-03   1.87827E-03   0.00000E+00   1.48676E-02   1.00000E+00   0.00000E+00   7.75157E+00   2.36125E-17            15   4.29285E-10   3.13242E+00
         904   1.08480E+02   1.20000E-01   7.72670E-02   1.34011E-03   1.87868E-03   0.00000E+00   1.46675E-02   1.00000E+00   0.00000E+00   7.75157E+00   2.51584E-17            15   4.52623E-10   3.13255E+00
         905   1.08600E+02   1.20000E-01   7.72670E-02   1.33862E-03   1.87903E-03   0.00000E+00   1.44671E-02   1.00000E+00   0.00000E+00   7.75157E+00   2.66148E-17            15   4.75943E-10   3.13269E+00
         906   1.08720E+02   1.20000E-01   7.72670E-02   1.33707E-03   1.87933E-03   0.00000E+00   1.42664E-02   1.00000E+00   0.00000E+00   7.75157E+00   2.79080E-17            15   4.98214E-10   3.13282E+00
         907   1.08840E+02   1.20000E-01   7.72670E-02   1.33548E-03   1.87956E-03   0.00000E+00   1.40653E-02   1.00000E+00   0.00000E+00   7.75157E+00   2.90819E-17            15   5.18776E-10   3.13295E+00
         908   1.08960E+02   1.20000E-01   7.72670E-02   1.33382E-03   1.87973E-03   0.00000E+00   1.38638E-02   1.00000E+00   0.00000E+00   7.75157E+00   3.00988E-17            15   5.37698E-10   3.13308E+00
         909   1.09080E+02   1.20000E-01   7.72670E-02   1.33212E-03   1.87985E-03   0.00000E+00   1.36619E-02   1.00000E+00   0.00000E+00   7.75157E+00   3.10669E-17            15   5.55105E-10   3.13321E+00
         910   1.09200E+02   1.20000E-01   7.72670E-02   1.33035E-03   1.87990E-03   0.00000E+00   1.34596E-02   1.00000E+00   0.00000E+00   7.75157E+00   3.19555E-17            15   5.71103E-10   3.13334E+00
         911   1.09320E+02   1.20000E-01   7.72670E-02   1.32853E-03   1.87989E-03   0.00000E+00   1.32570E-02   1.00000E+00   0.00000E+00   7.75157E+00   3.26551E-17            15   5.85994E-10   3.13347E+00
         912   1.09440E+02   1.20000E-01   7.72670E-02   1.32665E-03   1.87982E-03   0.00000E+00   1.30540E-02   1.00000E+00   0.00000E+00   7.75157E+00   3.33837E-17            15   6.00041E-10   3.13360E+00
         913   1.09560E+02   1.20000E-01   7.72670E-02   1.32472E-03   1.87969E-03   0.00000E+00   1.28505E-02   1.00000E+00   0.00000E+00   7.75157E+00   3.39609E-17            15   6.12905E-10   3.13374E+00
         914   1.09680E+02   1.20000E-01   7.72670E-02   1.32273E-03   1.87950E-03   0.00000E+00   1.26467E-02   1.00000E+00   0.00000E+00   7.75157E+00   3.46132E-17            15   6.25171E-10   3.13387E+00
         915   1.09800E+02   1.20000E-01   7.72670E-02   1.32068E-03   1.87925E-03   0.00000E+00   1.24425E-02   1.00000E+00   0.00000E+00   7.75157E+00   3.50807E-17            15   6.36787E-10   3.13400E+00
         916   1.09920E+02   1.20000E-01   7.72670E-02   1.31857E-03   1.87894E-03   0.00000E+00   1.22378E-02   1.00000E+00   0.00000E+00   7.75157E+00   3.60532E-17            15   6.47783E-10   3.13413E+00
         917   1.10040E+02   1.20000E-01   7.72670E-02   1.31640E-03   1.87856E-03   0.00000E+00   1.20328E-02   1.00000E+00   0.00000E+00   7.75157E+00   3.80697E-17            15   6.58314E-10   3.13426E+00
         918   1.10160E+02   1.20000E-01   7.72670E-02   1.31417E-03   1.87813E-03   0.00000E+00   1.18273E-02   1.00000E+00   0.00000E+00   7.75157E+00   3.97856E-17            15   6.68197E-10   3.13439E+00
         919   1.10280E+02   1.20000E-01   7.72670E-02   1.31189E-03   1.87763E-03   0.00000E+00   1.16213E-02   1.00000E+00   0.00000E+00   7.75157E+00   4.14129E-17            15   6.77462E-10   3.13452E+00
         920   1.10400E+02   1.20000E-01   7.72670E-02   1.30954E-03   1.87707E-03   0.00000E+00   1.14149E-02   1.00000E+00   0.00000E+00   7.75157E+00   4.35220E-17            15   6.86768E-10   3.13465E+00
         921   1.10520E+02   1.20000E-01   7.72670E-02   1.30835E-03   1.87644E-03   0.00000E+00   1.12081E-02   1.00000E+00   0.00000E+00   7.75157E+00   4.51783E-17            15   6.95417E-10   3.13478E+00
         922   1.10640E+02   1.20000E-01   7.72670E-02   1.30723E-03   1.87576E-03   0.00000E+00   1.10008E-02   1.00000E+00   0.00000E+00   7.75157E+00   4.70046E-17            15   7.03882E-10   3.13491E+00
         923   1.10760E+02   1.20000E-01   7.72670E-02   1.30605E-03   1.87501E-03   0.00000E+00   1.07929E-02   1.00000E+00   0.00000E+00   7.75157E+00   4.89627E-17            15   7.12196E-10   3.13504E+00
         924   1.10880E+02   1.20000E-01   7.72670E-02   1.30481E-03   1.87420E-03   0.00000E+00   1.05846E-02   1.00000E+00   0.00000E+00   7.75157E+00   5.05225E-17            15   7.19973E-10   3.13517E+00
         925   1.11000E+02   1.20000E-01   7.72670E-02   1.30351E-03   1.87332E-03   0.00000E+00   1.03758E-02   1.00000E+00   0.00000E+00   7.75157E+00   5.24653E-17            15   7.27516E-10   3.13530E+00
         926   1.11120E+02   1.20000E-01   7.72670E-02   1.30215E-03   1.87238E-03   0.00000E+00   1.01665E-02   1.00000E+00   0.00000E+00   7.75157E+00   5.39873E-17            15   7.34903E-10   3.13543E+00
         927   1.11240E+02   1.20000E-01   7.72670E-02   1.30072E-03   1.87137E-03   0.00000E+00   9.95654E-03   1.00000E+00   0.00000E+00   7.75157E+00   5.57576E-17            15   7.42080E-10   3.13556E+00
         928   1.11360E+02   1.20000E-01   7.72670E-02   1.29922E-03   1.87030E-03   0.00000E+00   9.74604E-03   1.00000E+00   0.00000E+00   7.75157E+00   5.78643E-17            15   7.48870E-10   3.13569E+00
         929   1.11480E+02   1.20000E-01   7.72670E-02   1.29765E-03   1.86917E-03   0.00000E+00   9.53495E-03   1.00000E+00   0.00000E+00   7.75157E+00   5.93597E-17            15   7.55550E-10   3.13582E+00
         930   1.11600E+02   1.20000E-01   7.72670E-02   1.29602E-03   1.86796E-03   0.00000E+00   9.32323E-03   1.00000E+00   0.00000E+00   7.75157E+00   6.05131E-17            15   7.61971E-10   3.13595E+00
         931   1.11720E+02   1.20000E-01   7.72670E-02   1.29432E-03   1.86670E-03   0.00000E+00   9.11085E-03   1.00000E+00   0.00000E+00   7.75157E+00   6.22753E-17            15   7.68223E-10   3.13608E+00
         932   1.11840E+02   1.20000E-01   7.72670E-02   1.29255E-03   1.86536E-03   0.00000E+00   8.89779E-03   1.00000E+00   0.00000E+00   7.75157E+00   6.39352E-17            15   7.74151E-10   3.13621E+00
         933   1.11960E+02   1.20000E-01   7.72670E-02   1.29070E-03   1.86396E-03   0.00000E+00   8.68400E-03   1.00000E+00   0.00000E+00   7.75157E+00   6.51680E-17            15   7.79879E-10   3.13634E+00
         934   1.12080E+02   1.20000E-01   7.72670E-02   1.28878E-03   1.86249E-03   0.00000E+00   8.46945E-03   1.00000E+00   0.00000E+00   7.75157E+00   6.68926E-17            15   7.85172E-10   3.13647E+00
         935   1.12200E+02   1.20000E-01   7.72670E-02   1.28679E-03   1.86095E-03   0.00000E+00   8.25409E-03   1.00000E+00   0.00000E+00   7.75157E+00   6.75935E-17            15   7.90232E-10   3.13660E+00
         936   1.12320E+02   1.20000E-01   7.72670E-02   1.28471E-03   1.85934E-03   0.00000E+00   8.03788E-03   1.00000E+00   0.00000E+00   7.75157E+00   6.93789E-17            15   7.94597E-10   3.13673E+00
         937   1.12440E+02   1.20000E-01   7.72670E-02   1.28256E-03   1.85766E-03   0.00000E+00   7.82076E-03   1.00000E+00   0.00000E+00   7.75157E+00   6.99577E-17            15   7.98413E-10   3.13686E+00
         938   1.12560E+02   1.20000E-01   7.72670E-02   1.28033E-03   1.85591E-03   0.00000E+00   7.60267E-03   1.00000E+00   0.00000E+00   7.75157E+00   7.10640E-17            15   8.01386E-10   3.13699E+00
         939   1.12680E+02   1.20000E-01   7.72670E-02   1.27801E-03   1.85409E-03   0.00000E+00   7.38355E-03   1.00000E+00   0.00000E+00   7.75157E+00   7.18425E-17            15   8.03091E-10   3.13712E+00
         940   1.12800E+02   1.20000E-01   7.72670E-02   1.27561E-03   1.85220E-03   0.00000E+00   7.16329E-03   1.00000E+00   0.00000E+00   7.75157E+00   7.19350E-17            15   8.03101E-10   3.13725E+00
         941   1.12920E+02   1.20000E-01   7.72670E-02   1.27312E-03   1.85023E-03   0.00000E+00   6.94185E-03   1.00000E+00   0.00000E+00   7.75157E+00   7.22988E-17            15   8.00675E-10   3.13737E+00
         942   1.13040E+02   1.20000E-01   7.72670E-02   1.27053E-03   1.84818E-03   0.00000E+00   6.71912E-03   1.00000E+00   0.00000E+00   7.75157E+00   7.19385E-17            15   7.95097E-10   3.13750E+00
         943   1.13160E+02   1.20000E-01   7.72670E-02   1.26786E-03   1.84606E-03   0.00000E+00   6.49497E-03   1.00000E+00   0.00000E+00   7.75157E+00   7.08204E-17            15   7.85041E-10   3.13763E+00
         944   1.13280E+02   1.20000E-01   7.72670E-02   1.26509E-03   1.84386E-03   0.00000E+00   6.26933E-03   1.00000E+00   0.00000E+00   7.75157E+00   6.87627E-17            15   7.71619E-10   3.13776E+00
         945   1.13400E+02   1.20000E-01   7.72670E-02   1.26222E-03   1.84159E-03   0.00000E+00   6.04201E-03   1.00000E+00   0.00000E+00   7.75157E+00   6.77165E-17            15   7.57601E-10   3.13789E+00
         946   1.13520E+02   1.20000E-01   7.72670E-02   1.25924E-03   1.83923E-03   0.00000E+00   5.81291E-03   1.00000E+00   0.00000E+00   7.75157E+00   6.59073E-17            15   7.50128E-10   3.13801E+00
         947   1.13640E+02   1.20000E-01   7.72670E-02   1.25616E-03   1.83679E-03   0.00000E+00   5.58180E-03   1.00000E+00   0.00000E+00   7.75157E+00   6.84709E-17            15   7.58849E-10   3.13814E+00
         948   1.13760E+02   1.20000E-01   7.72670E-02   1.25297E-03   1.83426E-03   0.00000E+00   5.34855E-03   1.00000E+00   0.00000E+00   7.75157E+00   7.14394E-17            15   7.80774E-10   3.13827E+00
         949   1.13880E+02   1.20000E-01   7.72670E-02   1.24967E-03   1.83164E-03   0.00000E+00   5.11286E-03   1.00000E+00   0.00000E+00   7.75157E+00   7.52072E-17            15   8.06401E-10   3.13840E+00
         950   1.14000E+02   1.20000E-01   7.72670E-02   1.24625E-03   1.82894E-03   0.00000E+00   4.87452E-03   1.00000E+00   0.00000E+00   7.75157E+00   7.85500E-17            15   8.30248E-10   3.13852E+00
         951   1.14120E+02   1.20000E-01   7.72670E-02   1.24271E-03   1.82615E-03   0.00000E+00   4.79418E-03   1.00000E+00   0.00000E+00   7.75157E+00   8.19275E-17            15   8.50578E-10   3.13865E+00
         952   1.14240E+02   1.20000E-01   7.72670E-02   1.23904E-03   1.82326E-03   0.00000E+00   4.72473E-03   1.00000E+00   0.00000E+00   7.75157E+00   8.35898E-17            15   8.66889E-10   3.13878E+00
         953   1.14360E+02   1.20000E-01   7.72670E-02   1.23523E-03   1.82027E-03   0.00000E+00   4.65427E-03   1.00000E+00   0.00000E+00   7.75157E+00   8.59358E-17            15   8.80624E-10   3.13890E+00
         954   1.14480E+02   1.20000E-01   7.72670E-02   1.23129E-03   1.81719E-03   0.00000E+00   4.58273E-03   1.00000E+00   0.00000E+00   7.75157E+00   8.78177E-17            15   8.92989E-10   3.13903E+00
         955   1.14600E+02   1.20000E-01   7.72670E-02   1.22719E-03   1.81400E-03   0.00000E+00   4.51001E-03   1.00000E+00   0.00000E+00   7.75157E+00   8.92225E-17            15   9.03659E-10   3.13916E+00
         956   1.14720E+02   1.20000E-01   7.72670E-02   1.22294E-03   1.81070E-03   0.00000E+00   4.43602E-03   1.00000E+00   0.00000E+00   7.75157E+00   9.13170E-17            15   9.13651E-10   3.13928E+00
         957   1.14840E+02   1.20000E-01   7.72670E-02   1.21852E-03   1.80729E-03   0.00000E+00   4.36066E-03   1.00000E+00   0.00000E+00   7.75157E+00   9.23755E-17            15   9.22339E-10   3.13941E+00
         958   1.14960E+02   1.20000E-01   7.72670E-02   1.21394E-03   1.80375E-03   0.00000E+00   4.28381E-03   1.00000E+00   0.00000E+00   7.75157E+00   9.39836E-17            15   9.30015E-10   3.13953E+00
         959   1.15080E+02   1.20000E-01   7.72670E-02   1.20917E-03   1.80010E-03   0.00000E+00   4.25359E-03   1.00000E+00   0.00000E+00   7.75157E+00   9.58710E-17            15   9.36942E-10   3.13966E+00
         960   1.15200E+02   1.20000E-01   7.72670E-02   1.20422E-03   1.79631E-03   0.00000E+00   4.35265E-03   1.00000E+00   0.00000E+00   7.75157E+00   9.93537E-17            15   9.42424E-10   3.13978E+00
         961   1.15320E+02   1.20000E-01   7.72670E-02   1.19906E-03   1.79239E-03   0.00000E+00   4.44936E-03   1.00000E+00   0.00000E+00   7.75157E+00   1.03352E-16            15   9.46650E-10   3.13991E+00
         962   1.15440E+02   1.20000E-01   7.72670E-02   1.19370E-03   1.78832E-03   0.00000E+00   4.54331E-03   1.00000E+00   0.00000E+00   7.75157E+00   1.08575E-16            15   9.84269E-10   3.14003E+00
         963   1.15560E+02   1.20000E-01   7.72670E-02   1.18811E-03   1.78409E-03   0.00000E+00   4.63396E-03   1.00000E+00   0.00000E+00   7.75157E+00   1.15210E-16            15   9.90609E-10   3.14016E+00
         964   1.15680E+02   1.20000E-01   7.72670E-02   1.18227E-03   1.77969E-03   0.00000E+00   4.72058E-03   1.00000E+00   0.00000E+00   7.75157E+00   1.22796E-16            15   9.94913E-10   3.14028E+00
         965   1.15800E+02   1.20000E-01   7.72670E-02   1.17617E-03   1.77513E-03   0.00000E+00   4.80224E-03   1.00000E+00   0.00000E+00   7.75157E+00   1.32541E-16            15   9.99349E-10   3.14041E+00
         966   1.15920E+02   1.20000E-01   7.72670E-02   1.16978E-03   1.77037E-03   0.00000E+00   4.87766E-03   1.00000E+00   0.00000E+00   7.75157E+00   1.43969E-16            15   9.94769E-10   3.14053E+00
         967   1.16040E+02   1.20000E-01   7.72670E-02   1.16306E-03   1.76541E-03   0.00000E+00   4.94506E-03   1.00000E+00   0.00000E+00   7.75157E+00   1.53899E-16            15   9.83163E-10   3.14065E+00
         968   1.16160E+02   1.20000E-01   7.72670E-02   1.15600E-03   1.76021E-03   0.00000E+00   5.00175E-03   1.00000E+00   0.00000E+00   7.75157E+00   1.66692E-16            15   9.66770E-10   3.14078E+00
         969   1.16280E+02   1.20000E-01   7.72670E-02   1.14857E-03   1.75477E-03   0.00000E+00   5.04428E-03   1.00000E+00   0.00000E+00   7.75157E+00   1.86311E-16            15   9.32636E-10   3.14090E+00
         970   1.16400E+02   1.20000E-01   7.72670E-02   1.14073E-03   1.74906E-03   0.00000E+00   5.06671E-03   1.00000E+00   0.00000E+00   7.75157E+00   2.17749E-16            15   8.84130E-10   3.14102E+00
         971   1.16520E+02   1.20000E-01   7.72670E-02   1.13244E-03   1.74303E-03   0.00000E+00   5.05953E-03   1.00000E+00   0.00000E+00   7.75157E+00   2.52419E-16            15   7.98121E-10   3.14114E+00
         972   1.16640E+02   1.20000E-01   7.72670E-02   1.12365E-03   1.73667E-03   0.00000E+00   5.00518E-03   1.00000E+00   0.00000E+00   7.75157E+00   6.18478E-17            15   2.80856E-10   3.14127E+00
         973   1.16760E+02   1.20000E-01   7.72670E-02   1.11432E-03   1.72993E-03   0.00000E+00   5.49436E-03   1.00000E+00   0.00000E+00   7.75157E+00   4.49859E-16            15   7.26720E-10   3.14139E+00
         974   1.16880E+02   1.20000E-01   7.72670E-02   1.10436E-03   1.72273E-03   0.00000E+00   7.10311E-03   1.00000E+00   0.00000E+00   7.75157E+00   5.32439E-16            15   7.68009E-10   3.14151E+00
         975   1.17000E+02   1.20000E-01   7.72670E-02   1.09373E-03   1.71503E-03   0.00000E+00   7.64058E-03   1.00000E+00   0.00000E+00   7.75157E+00   3.29535E-16            15   9.31949E-10   3.14163E+00
         976   1.17120E+02   1.20000E-01   7.72670E-02   1.08244E-03   1.70674E-03   0.00000E+00   7.96500E-03   1.00000E+00   0.00000E+00   7.75157E+00   2.03938E-16            15   9.74847E-10   3.14175E+00
         977   1.17240E+02   1.20000E-01   7.72670E-02   1.07055E-03   1.69774E-03   0.00000E+00   8.15393E-03   1.00000E+00   0.00000E+00   7.75157E+00   1.53549E-16            15   9.75611E-10   3.14187E+00
         978   1.17360E+02   1.20000E-01   7.72670E-02   1.05826E-03   1.68817E-03   0.00000E+00   8.28086E-03   1.00000E+00   0.00000E+00   7.75157E+00   2.10360E-16            15   7.50085E-10   3.14199E+00
         979   1.17480E+02   1.20000E-01   7.72670E-02   1.04603E-03   1.67869E-03   0.00000E+00   8.39204E-03   1.00000E+00   0.00000E+00   7.75157E+00   1.62203E-16            15   6.43205E-10   3.14211E+00
         980   1.17600E+02   1.20000E-01   7.72670E-02   1.03393E-03   1.66937E-03   0.00000E+00   8.51829E-03   1.00000E+00   0.00000E+00   7.75157E+00   1.71980E-16            15   7.71771E-10   3.14223E+00
         981   1.17720E+02   1.20000E-01   7.72670E-02   1.02199E-03   1.66019E-03   0.00000E+00   8.64502E-03   1.00000E+00   0.00000E+00   7.75157E+00   1.81868E-16            15   8.45737E-10   3.14235E+00
         982   1.17840E+02   1.20000E-01   7.72670E-02   1.01021E-03   1.65113E-03   0.00000E+00   8.77382E-03   1.00000E+00   0.00000E+00   7.75157E+00   1.75056E-16            15   8.68086E-10   3.14247E+00
         983   1.17960E+02   1.20000E-01   7.72670E-02   9.98612E-04   1.64218E-03   0.00000E+00   8.90174E-03   1.00000E+00   0.00000E+00   7.75157E+00   1.67182E-16            15   8.65299E-10   3.14259E+00
         984   1.18080E+02   1.20000E-01   7.72670E-02   9.87195E-04   1.63334E-03   0.00000E+00   9.02868E-03   1.00000E+00   0.00000E+00   7.75157E+00   1.54322E-16            15   8.39654E-10   3.14271E+00
         985   1.18200E+02   1.20000E-01   7.72670E-02   9.75959E-04   1.62459E-03   0.00000E+00   9.15625E-03   1.00000E+00   0.00000E+00   7.75157E+00   1.41830E-16            15   8.10337E-10   3.14282E+00
         986   1.18320E+02   1.20000E-01   7.72670E-02   9.64906E-04   1.61595E-03   0.00000E+00   9.28411E-03   1.00000E+00   0.00000E+00   7.75157E+00   1.34148E-16            15   7.89439E-10   3.14294E+00
         987   1.18440E+02   1.20000E-01   7.72670E-02   9.54035E-04   1.60739E-03   0.00000E+00   9.41025E-03   1.00000E+00   0.00000E+00   7.75157E+00   1.29634E-16            15   7.82707E-10   3.14306E+00
         988   1.18560E+02   1.20000E-01   7.72670E-02   9.43340E-04   1.59892E-03   0.00000E+00   9.53830E-03   1.00000E+00   0.00000E+00   7.75157E+00   1.31252E-16            15   7.73268E-10   3.14317E+00
         989   1.18680E+02   1.20000E-01   7.72670E-02   9.32824E-04   1.59054E-03   0.00000E+00   9.66624E-03   1.00000E+00   0.00000E+00   7.75157E+00   1.31548E-16            15   7.70248E-10   3.14329E+00
         990   1.18800E+02   1.20000E-01   7.72670E-02   9.22486E-04   1.58224E-03   0.00000E+00   9.79399E-03   1.00000E+00   0.00000E+00   7.75157E+00   1.32132E-16            15   7.68873E-10   3.14341E+00
         991   1.18920E+02   1.20000E-01   7.72670E-02   9.12322E-04   1.57402E-03   0.00000E+00   9.92147E-03   1.00000E+00   0.00000E+00   7.75157E+00   1.31962E-16            15   7.66797E-10   3.14352E+00
         992   1.19040E+02   1.20000E-01   7.72670E-02   9.02330E-04   1.56588E-03   0.00000E+00   1.00486E-02   1.00000E+00   0.00000E+00   7.75157E+00   1.31385E-16            15   7.65147E-10   3.14364E+00
         993   1.19160E+02   1.20000E-01   7.72670E-02   8.92508E-04   1.55782E-03   0.00000E+00   1.01754E-02   1.00000E+00   0.00000E+00   7.75157E+00   1.30348E-16            15   7.63364E-10   3.14375E+00
         994   1.19280E+02   1.20000E-01   7.72670E-02   8.82853E-04   1.54983E-03   0.00000E+00   1.03018E-02   1.00000E+00   0.00000E+00   7.75157E+00   1.29644E-16            15   7.61248E-10   3.14386E+00
         995   1.19400E+02   1.20000E-01   7.72670E-02   8.73362E-04   1.54192E-03   0.00000E+00   1.04277E-02   1.00000E+00   0.00000E+00   7.75157E+00   1.28481E-16            15   7.59082E-10   3.14398E+00
         996   1.19520E+02   1.20000E-01   7.72670E-02   8.64033E-04   1.53408E-03   0.00000E+00   1.05531E-02   1.00000E+00   0.00000E+00   7.75157E+00   1.27664E-16            15   7.57049E-10   3.14409E+00
         997   1.19640E+02   1.20000E-01   7.72670E-02   8.54863E-04   1.52631E-03   0.00000E+00   1.06780E-02   1.00000E+00   0.00000E+00   7.75157E+00   1.26315E-16            15   7.56288E-10   3.14421E+00
         998   1.19760E+02   1.20000E-01   7.72670E-02   8.45848E-04   1.51860E-03   0.00000E+00   1.08025E-02   1.00000E+00   0.00000E+00   7.75157E+00   1.25091E-16            15   7.54393E-10   3.14432E+00
         999   1.19880E+02   1.20000E-01   7.72670E-02   8.36987E-04   1.51097E-03   0.00000E+00   1.09264E-02   1.00000E+00   0.00000E+00   7.75157E+00   1.23562E-16            15   7.52212E-10   3.14443E+00
        1000   1.20000E+02   1.20000E-01   7.72670E-02   8.28277E-04   1.50339E-03   0.00000E+00   1.10498E-02   1.00000E+00   0.00000E+00   7.75157E+00   1.22010E-16            15   7.49590E-10   3.14454E+00
        1001   1.20120E+02   1.20000E-01   7.72670E-02   8.19715E-04   1.49588E-03   0.00000E+00   1.11726E-02   1.00000E+00   0.00000E+00   7.75157E+00   1.20845E-16            15   7.47178E-10   3.14465E+00
        1002   1.20240E+02   1.20000E-01   7.72670E-02   8.11299E-04   1.48843E-03   0.00000E+00   1.12950E-02   1.00000E+00   0.00000E+00   7.75157E+00   1.19518E-16            15   7.44691E-10   3.14477E+00
        1003   1.20360E+02   1.20000E-01   7.72670E-02   8.03025E-04   1.48105E-03   0.00000E+00   1.14167E-02   1.00000E+00   0.00000E+00   7.75157E+00   1.18210E-16            15   7.42375E-10   3.14488E+00
        1004   1.20480E+02   1.20000E-01   7.72670E-02   7.94893E-04   1.47372E-03   0.00000E+00   1.15379E-02   1.00000E+00   0.00000E+00   7.75157E+00   1.16406E-16            15   7.39849E-10   3.14499E+00
        1005   1.20600E+02   1.20000E-01   7.72670E-02   7.86898E-04   1.46645E-03   0.00000E+00   1.16585E-02   1.00000E+00   0.00000E+00   7.75157E+00   1.15135E-16            15   7.37254E-10   3.14510E+00
        1006   1.20720E+02   1.20000E-01   7.72670E-02   7.79039E-04   1.45923E-03   0.00000E+00   1.17785E-02   1.00000E+00   0.00000E+00   7.75157E+00   1.13782E-16            15   7.34834E-10   3.14521E+00
        1007   1.20840E+02   1.20000E-01   7.72670E-02   7.74799E-04   1.45207E-03   0.00000E+00   1.18980E-02   1.00000E+00   0.00000E+00   7.75157E+00   1.12356E-16            15   7.32117E-10   3.14532E+00
        1008   1.20960E+02   1.20000E-01   7.72670E-02   7.72289E-04   1.44496E-03   0.00000E+00   1.20169E-02   1.00000E+00   0.00000E+00   7.75157E+00   1.10897E-16            15   7.29803E-10   3.14543E+00
        1009   1.21080E+02   1.20000E-01   7.72670E-02   7.69778E-04   1.43791E-03   0.00000E+00   1.21352E-02   1.00000E+00   0.00000E+00   7.75157E+00   1.09606E-16            15   7.26932E-10   3.14553E+00
        1010   1.21200E+02   1.20000E-01   7.72670E-02   7.67267E-04   1.43090E-03   0.00000E+00   1.22529E-02   1.00000E+00   0.00000E+00   7.75157E+00   1.08156E-16            15   7.24396E-10   3.14564E+00
        1011   1.21320E+02   1.20000E-01   7.72670E-02   7.64754E-04   1.42395E-03   0.00000E+00   1.23700E-02   1.00000E+00   0.00000E+00   7.75157E+00   1.06758E-16            15   7.21757E-10   3.14575E+00
        1012   1.21440E+02   1.20000E-01   7.72670E-02   7.62241E-04   1.41704E-03   0.00000E+00   1.24865E-02   1.00000E+00   0.00000E+00   7.75157E+00   1.05413E-16            15   7.18958E-10   3.14586E+00
        1013   1.21560E+02   1.20000E-01   7.72670E-02   7.59726E-04   1.41018E-03   0.00000E+00   1.26024E-02   1.00000E+00   0.00000E+00   7.75157E+00   1.03907E-16            15   7.16141E-10   3.14596E+00
        1014   1.21680E+02   1.20000E-01   7.72670E-02   7.57210E-04   1.40337E-03   0.00000E+00   1.27177E-02   1.00000E+00   0.00000E+00   7.75157E+00   1.02488E-16            15   7.13225E-10   3.14607E+00
        1015   1.21800E+02   1.20000E-01   7.72670E-02   7.54692E-04   1.39660E-03   0.00000E+00   1.28324E-02   1.00000E+00   0.00000E+00   7.75157E+00   1.01036E-16            15   7.10260E-10   3.14618E+00
        1016   1.21920E+02   1.20000E-01   7.72670E-02   7.52173E-04   1.38987E-03   0.00000E+00   1.29465E-02   1.00000E+00   0.00000E+00   7.75157E+00   9.95646E-17            15   7.07158E-10   3.14628E+00
        1017   1.22040E+02   1.20000E-01   7.72670E-02   7.49653E-04   1.38319E-03   0.00000E+00   1.30600E-02   1.00000E+00   0.00000E+00   7.75157E+00   9.79677E-17            15   7.03916E-10   3.14639E+00
        1018   1.22160E+02   1.20000E-01   7.72670E-02   7.47130E-04   1.37655E-03   0.00000E+00   1.31729E-02   1.00000E+00   0.00000E+00   7.75157E+00   9.64339E-17            15   7.00565E-10   3.14649E+00
        1019   1.22280E+02   1.20000E-01   7.72670E-02   7.44606E-04   1.36995E-03   0.00000E+00   1.32852E-02   1.00000E+00   0.00000E+00   7.75157E+00   9.47785E-17            15   6.97034E-10   3.14660E+00
        1020   1.22400E+02   1.20000E-01   7.72670E-02   7.42080E-04   1.36339E-03   0.00000E+00   1.33969E-02   1.00000E+00   0.00000E+00   7.75157E+00   9.30837E-17            15   6.93404E-10   3.14670E+00
        1021   1.22520E+02   1.20000E-01   7.72670E-02   7.39552E-04   1.35687E-03   0.00000E+00   1.35080E-02   1.00000E+00   0.00000E+00   7.75157E+00   9.12375E-17            15   6.89356E-10   3.14681E+00
        1022   1.22640E+02   1.20000E-01   7.72670E-02   7.37022E-04   1.35038E-03   0.00000E+00   1.36185E-02   1.00000E+00   0.00000E+00   7.75157E+00   8.95131E-17            15   6.85292E-10   3.14691E+00
        1023   1.22760E+02   1.20000E-01   7.72670E-02   7.34490E-04   1.34393E-03   0.00000E+00   1.37284E-02   1.00000E+00   0.00000E+00   7.75157E+00   8.75030E-17            15   6.80739E-10   3.14701E+00
        1024   1.22880E+02   1.20000E-01   7.72670E-02   7.31955E-04   1.33752E-03   0.00000E+00   1.38377E-02   1.00000E+00   0.00000E+00   7.75157E+00   8.55113E-17            15   6.76029E-10   3.14712E+00
        1025   1.23000E+02   1.20000E-01   7.72670E-02   7.29419E-04   1.33114E-03   0.00000E+00   1.39463E-02   1.00000E+00   0.00000E+00   7.75157E+00   8.34266E-17            15   6.70807E-10   3.14722E+00
        1026   1.23120E+02   1.20000E-01   7.72670E-02   7.26880E-04   1.32480E-03   0.00000E+00   1.40542E-02   1.00000E+00   0.00000E+00   7.75157E+00   8.12104E-17            15   6.65252E-10   3.14732E+00
        1027   1.23240E+02   1.20000E-01   7.72670E-02   7.24338E-04   1.31849E-03   0.00000E+00   1.41615E-02   1.00000E+00   0.00000E+00   7.75157E+00   7.86419E-17            15   6.59056E-10   3.14742E+00
        1028   1.23360E+02   1.20000E-01   7.72670E-02   7.21794E-04   1.31221E-03   0.00000E+00   1.42682E-02   1.00000E+00   0.00000E+00   7.75157E+00   7.60797E-17            15   6.52525E-10   3.14753E+00
        1029   1.23480E+02   1.20000E-01   7.72670E-02   7.19248E-04   1.30597E-03   0.00000E+00   1.43744E-02   1.00000E+00   0.00000E+00   7.75157E+00   7.33242E-17            15   6.45384E-10   3.14763E+00
        1030   1.23600E+02   1.20000E-01   7.72670E-02   7.16699E-04   1.29975E-03   0.00000E+00   1.44800E-02   1.00000E+00   0.00000E+00   7.75157E+00   7.04866E-17            15   6.37738E-10   3.14773E+00
        1031   1.23720E+02   1.20000E-01   7.72670E-02   7.14148E-04   1.29357E-03   0.00000E+00   1.45849E-02   1.00000E+00   0.00000E+00   7.75157E+00   6.75434E-17            15   6.29651E-10   3.14783E+00
        1032   1.23840E+02   1.20000E-01   7.72670E-02   7.11594E-04   1.28741E-03   0.00000E+00   1.46893E-02   1.00000E+00   0.00000E+00   7.75157E+00   6.74272E-17            15   6.21341E-10   3.14793E+00
        1033   1.23960E+02   1.20000E-01   7.72670E-02   7.09037E-04   1.28128E-03   0.00000E+00   1.47933E-02   1.00000E+00   0.00000E+00   7.75157E+00   6.77831E-17            15   6.12918E-10   3.14803E+00
        1034   1.24080E+02   1.20000E-01   7.72670E-02   7.06477E-04   1.27518E-03   0.00000E+00   1.48966E-02   1.00000E+00   0.00000E+00   7.75157E+00   6.85218E-17            15   6.05565E-10   3.14812E+00
        1035   1.24200E+02   1.20000E-01   7.72670E-02   7.03915E-04   1.26911E-03   0.00000E+00   1.49994E-02   1.00000E+00   0.00000E+00   7.75157E+00   6.88275E-17            15   5.98776E-10   3.14822E+00
        1036   1.24320E+02   1.20000E-01   7.72670E-02   7.01350E-04   1.26306E-03   0.00000E+00   1.51016E-02   1.00000E+00   0.00000E+00   7.75157E+00   6.84317E-17            15   5.93131E-10   3.14832E+00
        1037   1.24440E+02   1.20000E-01   7.72670E-02   6.98782E-04   1.25704E-03   0.00000E+00   1.52034E-02   1.00000E+00   0.00000E+00   7.75157E+00   6.74745E-17            15   5.88912E-10   3.14842E+00
        1038   1.24560E+02   1.20000E-01   7.72670E-02   6.96212E-04   1.25104E-03   0.00000E+00   1.53046E-02   1.00000E+00   0.00000E+00   7.75157E+00   6.55891E-17            15   5.85963E-10   3.14852E+00
        1039   1.24680E+02   1.20000E-01   7.72670E-02   6.93638E-04   1.24506E-03   0.00000E+00   1.54052E-02   1.00000E+00   0.00000E+00   7.75157E+00   6.32690E-17            15   5.83797E-10   3.14861E+00
        1040   1.24800E+02   1.20000E-01   7.72670E-02   6.91061E-04   1.23911E-03   0.00000E+00   1.55053E-02   1.00000E+00   0.00000E+00   7.75157E+00   6.04879E-17            15   5.81954E-10   3.14871E+00
        1041   1.24920E+02   1.20000E-01   7.72670E-02   6.88481E-04   1.23318E-03   0.00000E+00   1.56048E-02   1.00000E+00   0.00000E+00   7.75157E+00   5.83513E-17            15   5.79826E-10   3.14881E+00
        1042   1.25040E+02   1.20000E-01   7.72670E-02   6.85899E-04   1.22728E-03   0.00000E+00   1.57038E-02   1.00000E+00   0.00000E+00   7.75157E+00   5.66928E-17            15   5.76819E-10   3.14890E+00
        1043   1.25160E+02   1.20000E-01   7.72670E-02   6.83313E-04   1.22139E-03   0.00000E+00   1.58022E-02   1.00000E+00   0.00000E+00   7.75157E+00   5.63967E-17            15   5.72447E-10   3.14900E+00
        1044   1.25280E+02   1.20000E-01   7.72670E-02   6.80724E-04   1.21553E-03   0.00000E+00   1.59000E-02   1.00000E+00   0.00000E+00   7.75157E+00   5.62778E-17            15   5.66332E-10   3.14909E+00
        1045   1.25400E+02   1.20000E-01   7.72670E-02   6.78132E-04   1.20969E-03   0.00000E+00   1.59973E-02   1.00000E+00   0.00000E+00   7.75157E+00   5.58391E-17            15   5.57818E-10   3.14919E+00
        1046   1.25520E+02   1.20000E-01   7.72670E-02   6.75537E-04   1.20386E-03   0.00000E+00   1.60940E-02   1.00000E+00   0.00000E+00   7.75157E+00   5.49568E-17            15   5.47003E-10   3.14928E+00
        1047   1.25640E+02   1.20000E-01   7.72670E-02   6.72939E-04   1.19806E-03   0.00000E+00   1.61902E-02   1.00000E+00   0.00000E+00   7.75157E+00   5.36526E-17            15   5.33642E-10   3.14937E+00
        1048   1.25760E+02   1.20000E-01   7.72670E-02   6.70560E-04   1.19307E-03   0.00000E+00   1.62859E-02   1.00000E+00   0.00000E+00   7.75157E+00   5.19856E-17            15   5.18134E-10   3.14947E+00
        1049   1.25880E+02   1.20000E-01   7.72670E-02   6.68188E-04   1.18850E-03   0.00000E+00   1.63810E-02   1.00000E+00   0.00000E+00   7.75157E+00   5.00126E-17            15   5.01375E-10   3.14956E+00
        1050   1.26000E+02   1.20000E-01   7.72670E-02   6.65808E-04   1.18393E-03   0.00000E+00   1.64755E-02   1.00000E+00   0.00000E+00   7.75157E+00   4.81252E-17            15   4.85362E-10   3.14965E+00
        1051   1.26120E+02   1.20000E-01   7.72670E-02   6.63422E-04   1.17936E-03   0.00000E+00   1.65695E-02   1.00000E+00   0.00000E+00   7.75157E+00   4.65829E-17            15   4.72812E-10   3.14975E+00
        1052   1.26240E+02   1.20000E-01   7.72670E-02   6.61028E-04   1.17480E-03   0.00000E+00   1.66630E-02   1.00000E+00   0.00000E+00   7.75157E+00   4.58625E-17            15   4.66356E-10   3.14984E+00
        1053   1.26360E+02   1.20000E-01   7.72670E-02   6.58627E-04   1.17023E-03   0.00000E+00   1.67559E-02   1.00000E+00   0.00000E+00   7.75157E+00   4.61774E-17            15   4.67177E-10   3.14993E+00
        1054   1.26480E+02   1.20000E-01   7.72670E-02   6.56219E-04   1.16568E-03   0.00000E+00   1.68483E-02   1.00000E+00   0.00000E+00   7.75157E+00   4.71890E-17            15   4.74076E-10   3.15002E+00
        1055   1.26600E+02   1.20000E-01   7.72670E-02   6.53803E-04   1.16112E-03   0.00000E+00   1.69402E-02   1.00000E+00   0.00000E+00   7.75157E+00   4.86030E-17            15   4.84542E-10   3.15011E+00
        1056   1.26720E+02   1.20000E-01   7.72670E-02   6.51381E-04   1.15656E-03   0.00000E+00   1.70316E-02   1.00000E+00   0.00000E+00   7.75157E+00   5.01900E-17            15   4.95873E-10   3.15020E+00
        1057   1.26840E+02   1.20000E-01   7.72670E-02   6.48952E-04   1.15201E-03   0.00000E+00   1.71224E-02   1.00000E+00   0.00000E+00   7.75157E+00   5.17693E-17            15   5.06181E-10   3.15029E+00
        1058   1.26960E+02   1.20000E-01   7.72670E-02   6.46515E-04   1.14746E-03   0.00000E+00   1.72127E-02   1.00000E+00   0.00000E+00   7.75157E+00   5.29567E-17            15   5.14488E-10   3.15038E+00
        1059   1.27080E+02   1.20000E-01   7.72670E-02   6.44071E-04   1.14291E-03   0.00000E+00   1.73025E-02   1.00000E+00   0.00000E+00   7.75157E+00   5.37743E-17            15   5.20498E-10   3.15047E+00
        1060   1.27200E+02   1.20000E-01   7.72670E-02   6.41621E-04   1.13837E-03   0.00000E+00   1.73918E-02   1.00000E+00   0.00000E+00   7.75157E+00   5.42956E-17            15   5.24243E-10   3.15056E+00
        1061   1.27320E+02   1.20000E-01   7.72670E-02   6.39163E-04   1.13382E-03   0.00000E+00   1.74805E-02   1.00000E+00   0.00000E+00   7.75157E+00   5.45748E-17            15   5.25864E-10   3.15064E+00
        1062   1.27440E+02   1.20000E-01   7.72670E-02   6.36698E-04   1.12928E-03   0.00000E+00   1.75688E-02   1.00000E+00   0.00000E+00   7.75157E+00   5.45282E-17            15   5.25595E-10   3.15073E+00
        1063   1.27560E+02   1.20000E-01   7.72670E-02   6.34226E-04   1.12474E-03   0.00000E+00   1.76565E-02   1.00000E+00   0.00000E+00   7.75157E+00   5.42918E-17            15   5.23596E-10   3.15082E+00
        1064   1.27680E+02   1.20000E-01   7.72670E-02   6.31748E-04   1.12020E-03   0.00000E+00   1.77437E-02   1.00000E+00   0.00000E+00   7.75157E+00   5.38313E-17            15   5.19972E-10   3.15091E+00
        1065   1.27800E+02   1.20000E-01   7.72670E-02   6.29262E-04   1.11566E-03   0.00000E+00   1.78305E-02   1.00000E+00   0.00000E+00   7.75157E+00   5.31185E-17            15   5.14824E-10   3.15099E+00
        1066   1.27920E+02   1.20000E-01   7.72670E-02   6.26770E-04   1.11112E-03   0.00000E+00   1.79167E-02   1.00000E+00   0.00000E+00   7.75157E+00   5.22711E-17            15   5.08068E-10   3.15108E+00
        1067   1.28040E+02   1.20000E-01   7.72670E-02   6.24270E-04   1.10659E-03   0.00000E+00   1.80025E-02   1.00000E+00   0.00000E+00   7.75157E+00   5.11520E-17            15   4.99733E-10   3.15116E+00
        1068   1.28160E+02   1.20000E-01   7.72670E-02   6.21764E-04   1.10206E-03   0.00000E+00   1.80877E-02   1.00000E+00   0.00000E+00   7.75157E+00   4.97449E-17            15   4.89716E-10   3.15125E+00
        1069   1.28280E+02   1.20000E-01   7.72670E-02   6.19251E-04   1.09752E-03   0.00000E+00   1.81725E-02   1.00000E+00   0.00000E+00   7.75157E+00   4.82221E-17            15   4.77948E-10   3.15133E+00
        1070   1.28400E+02   1.20000E-01   7.72670E-02   6.16732E-04   1.09299E-03   0.00000E+00   1.82567E-02   1.00000E+00   0.00000E+00   7.75157E+00   4.63491E-17            15   4.64187E-10   3.15142E+00
        1071   1.28520E+02   1.20000E-01   7.72670E-02   6.14205E-04   1.08846E-03   0.00000E+00   1.83405E-02   1.00000E+00   0.00000E+00   7.75157E+00   4.42705E-17            15   4.48357E-10   3.15150E+00
        1072   1.28640E+02   1.20000E-01   7.72670E-02   6.11672E-04   1.08393E-03   0.00000E+00   1.84238E-02   1.00000E+00   0.00000E+00   7.75157E+00   4.18670E-17            15   4.30312E-10   3.15159E+00
        1073   1.28760E+02   1.20000E-01   7.72670E-02   6.09132E-04   1.07940E-03   0.00000E+00   1.85067E-02   1.00000E+00   0.00000E+00   7.75157E+00   3.92227E-17            15   4.10148E-10   3.15167E+00
        1074   1.28880E+02   1.20000E-01   7.72670E-02   6.06586E-04   1.07487E-03   0.00000E+00   1.85890E-02   1.00000E+00   0.00000E+00   7.75157E+00   3.63266E-17            15   3.87564E-10   3.15175E+00
        1075   1.29000E+02   1.20000E-01   7.72670E-02   6.04033E-04   1.07035E-03   0.00000E+00   1.86709E-02   1.00000E+00   0.00000E+00   7.75157E+00   3.33135E-17            15   3.63477E-10   3.15183E+00
        1076   1.29120E+02   1.20000E-01   7.72670E-02   6.01474E-04   1.06582E-03   0.00000E+00   1.87524E-02   1.00000E+00   0.00000E+00   7.75157E+00   3.01711E-17            15   3.38276E-10   3.15192E+00
        1077   1.29240E+02   1.20000E-01   7.72670E-02   5.98908E-04   1.06130E-03   0.00000E+00   1.88333E-02   1.00000E+00   0.00000E+00   7.75157E+00   2.71507E-17            15   3.13427E-10   3.15200E+00
        1078   1.29360E+02   1.20000E-01   7.72670E-02   5.96336E-04   1.05677E-03   0.00000E+00   1.89138E-02   1.00000E+00   0.00000E+00   7.75157E+00   2.44267E-17            15   2.90976E-10   3.15208E+00
        1079   1.29480E+02   1.20000E-01   7.72670E-02   5.93757E-04   1.05225E-03   0.00000E+00   1.89938E-02   1.00000E+00   0.00000E+00   7.75157E+00   2.24587E-17            15   2.73872E-10   3.15216E+00
        1080   1.29600E+02   1.20000E-01   7.72670E-02   5.91172E-04   1.04772E-03   0.00000E+00   1.90734E-02   1.00000E+00   0.00000E+00   7.75157E+00   2.12605E-17            15   2.63992E-10   3.15224E+00
        1081   1.29720E+02   1.20000E-01   7.72670E-02   5.88581E-04   1.04320E-03   0.00000E+00   1.91525E-02   1.00000E+00   0.00000E+00   7.75157E+00   2.10655E-17            15   2.63571E-10   3.15232E+00
        1082   1.29840E+02   1.20000E-01   7.72670E-02   5.85983E-04   1.03868E-03   0.00000E+00   1.92312E-02   1.00000E+00   0.00000E+00   7.75157E+00   2.18938E-17            15   2.72475E-10   3.15240E+00
        1083   1.29960E+02   1.20000E-01   7.72670E-02   5.83380E-04   1.03416E-03   0.00000E+00   1.93094E-02   1.00000E+00   0.00000E+00   7.75157E+00   2.36608E-17            15   2.88942E-10   3.15248E+00
        1084   1.30080E+02   1.20000E-01   7.72670E-02   5.80770E-04   1.02963E-03   0.00000E+00   1.93872E-02   1.00000E+00   0.00000E+00   7.75157E+00   2.60878E-17            15   3.10324E-10   3.15256E+00
        1085   1.30200E+02   1.20000E-01   7.72670E-02   5.78154E-04   1.02511E-03   0.00000E+00   1.94646E-02   1.00000E+00   0.00000E+00   7.75157E+00   2.88591E-17            15   3.33915E-10   3.15264E+00
        1086   1.30320E+02   1.20000E-01   7.72670E-02   5.75533E-04   1.02059E-03   0.00000E+00   1.95415E-02   1.00000E+00   0.00000E+00   7.75157E+00   3.18039E-17            15   3.57639E-10   3.15271E+00
        1087   1.30440E+02   1.20000E-01   7.72670E-02   5.72905E-04   1.01607E-03   0.00000E+00   1.96179E-02   1.00000E+00   0.00000E+00   7.75157E+00   3.46055E-17            15   3.80185E-10   3.15279E+00
        1088   1.30560E+02   1.20000E-01   7.72670E-02   5.70271E-04   1.01155E-03   0.00000E+00   1.96940E-02   1.00000E+00   0.00000E+00   7.75157E+00   3.72652E-17            15   4.00459E-10   3.15287E+00
        1089   1.30680E+02   1.20000E-01   7.72670E-02   5.67632E-04   1.00703E-03   0.00000E+00   1.97696E-02   1.00000E+00   0.00000E+00   7.75157E+00   3.96877E-17            15   4.18565E-10   3.15295E+00
        1090   1.30800E+02   1.20000E-01   7.72670E-02   5.64987E-04   1.00251E-03   0.00000E+00   1.98448E-02   1.00000E+00   0.00000E+00   7.75157E+00   4.17521E-17            15   4.34082E-10   3.15302E+00
        1091   1.30920E+02   1.20000E-01   7.72670E-02   5.62336E-04   9.97989E-04   0.00000E+00   1.99195E-02   1.00000E+00   0.00000E+00   7.75157E+00   4.36913E-17            15   4.47349E-10   3.15310E+00
        1092   1.31040E+02   1.20000E-01   7.72670E-02   5.59680E-04   9.93468E-04   0.00000E+00   1.99939E-02   1.00000E+00   0.00000E+00   7.75157E+00   4.52298E-17            15   4.58527E-10   3.15317E+00
        1093   1.31160E+02   1.20000E-01   7.72670E-02   5.57017E-04   9.88948E-04   0.00000E+00   2.00678E-02   1.00000E+00   0.00000E+00   7.75157E+00   4.65721E-17            15   4.67858E-10   3.15325E+00
        1094   1.31280E+02   1.20000E-01   7.72670E-02   5.54350E-04   9.84428E-04   0.00000E+00   2.01413E-02   1.00000E+00   0.00000E+00   7.75157E+00   4.77498E-17            15   4.75563E-10   3.15332E+00
        1095   1.31400E+02   1.20000E-01   7.72670E-02   5.51677E-04   9.79907E-04   0.00000E+00   2.02144E-02   1.00000E+00   0.00000E+00   7.75157E+00   4.86525E-17            15   4.81864E-10   3.15340E+00
        1096   1.31520E+02   1.20000E-01   7.72670E-02   5.48998E-04   9.75387E-04   0.00000E+00   2.02870E-02   1.00000E+00   0.00000E+00   7.75157E+00   4.94008E-17            15   4.86982E-10   3.15347E+00
        1097   1.31640E+02   1.20000E-01   7.72670E-02   5.46314E-04   9.70866E-04   0.00000E+00   2.03593E-02   1.00000E+00   0.00000E+00   7.75157E+00   5.00496E-17            15   4.91102E-10   3.15354E+00
        1098   1.31760E+02   1.20000E-01   7.72670E-02   5.43625E-04   9.66345E-04   0.00000E+00   2.04312E-02   1.00000E+00   0.00000E+00   7.75157E+00   5.06277E-17            15   4.94313E-10   3.15362E+00
        1099   1.31880E+02   1.20000E-01   7.72670E-02   5.40930E-04   9.61825E-04   0.00000E+00   2.05026E-02   1.00000E+00   0.00000E+00   7.75157E+00   5.10574E-17            15   4.96778E-10   3.15369E+00
        1100   1.32000E+02   1.20000E-01   7.72670E-02   5.38231E-04   9.57304E-04   0.00000E+00   2.05737E-02   1.00000E+00   0.00000E+00   7.75157E+00   5.13607E-17            15   4.98623E-10   3.15376E+00
        1101   1.32120E+02   1.20000E-01   7.72670E-02   5.35526E-04   9.52782E-04   0.00000E+00   2.06444E-02   1.00000E+00   0.00000E+00   7.75157E+00   5.15887E-17            15   4.99928E-10   3.15383E+00
        1102   1.32240E+02   1.20000E-01   7.72670E-02   5.32817E-04   9.48261E-04   0.00000E+00   2.07146E-02   1.00000E+00   0.00000E+00   7.75157E+00   5.18061E-17            15   5.00758E-10   3.15390E+00
        1103   1.32360E+02   1.20000E-01   7.72670E-02   5.30102E-04   9.43739E-04   0.00000E+00   2.07845E-02   1.00000E+00   0.00000E+00   7.75157E+00   5.18359E-17            15   5.01165E-10   3.15398E+00
        1104   1.32480E+02   1.20000E-01   7.72670E-02   5.27382E-04   9.39218E-04   0.00000E+00   2.08540E-02   1.00000E+00   0.00000E+00   7.75157E+00   5.19459E-17            15   5.01247E-10   3.15405E+00
        1105   1.32600E+02   1.20000E-01   7.72670E-02   5.24658E-04   9.34696E-04   0.00000E+00   2.09231E-02   1.00000E+00   0.00000E+00   7.75157E+00   5.19367E-17            15   5.01026E-10   3.15412E+00
        1106   1.32720E+02   1.20000E-01   7.72670E-02   5.21929E-04   9.30173E-04   0.00000E+00   2.09918E-02   1.00000E+00   0.00000E+00   7.75157E+00   5.18788E-17            15   5.00553E-10   3.15419E+00
        1107   1.32840E+02   1.20000E-01   7.72670E-02   5.19195E-04   9.25651E-04   0.00000E+00   2.10601E-02   1.00000E+00   0.00000E+00   7.75157E+00   5.18350E-17            15   4.99822E-10   3.15425E+00
        1108   1.32960E+02   1.20000E-01   7.72670E-02   5.16456E-04   9.21128E-04   0.00000E+00   2.11281E-02   1.00000E+00   0.00000E+00   7.75157E+00   5.16871E-17            15   4.99025E-10   3.15432E+00
        1109   1.33080E+02   1.20000E-01   7.72670E-02   5.13713E-04   9.16605E-04   0.00000E+00   2.11956E-02   1.00000E+00   0.00000E+00   7.75157E+00   5.15902E-17            15   4.97910E-10   3.15439E+00
        1110   1.33200E+02   1.20000E-01   7.72670E-02   5.10966E-04   9.12081E-04   0.00000E+00   2.12628E-02   1.00000E+00   0.00000E+00   7.75157E+00   5.14389E-17            15   4.96736E-10   3.15446E+00
        1111   1.33320E+02   1.20000E-01   7.72670E-02   5.08214E-04   9.07558E-04   0.00000E+00   2.13296E-02   1.00000E+00   0.00000E+00   7.75157E+00   5.12677E-17            15   4.95434E-10   3.15453E+00
        1112   1.33440E+02   1.20000E-01   7.72670E-02   5.05458E-04   9.03034E-04   0.00000E+00   2.13960E-02   1.00000E+00   0.00000E+00   7.75157E+00   5.10133E-17            15   4.94013E-10   3.15459E+00
        1113   1.33560E+02   1.20000E-01   7.72670E-02   5.02697E-04   8.98510E-04   0.00000E+00   2.14620E-02   1.00000E+00   0.00000E+00   7.75157E+00   5.07998E-17            15   4.92533E-10   3.15466E+00
        1114   1.33680E+02   1.20000E-01   7.72670E-02   4.99932E-04   8.93985E-04   0.00000E+00   2.15277E-02   1.00000E+00   0.00000E+00   7.75157E+00   5.05696E-17            15   4.90943E-10   3.15473E+00
        1115   1.33800E+02   1.20000E-01   7.72670E-02   4.97163E-04   8.89460E-04   0.00000E+00   2.15930E-02   1.00000E+00   0.00000E+00   7.75157E+00   5.03196E-17            15   4.89305E-10   3.15479E+00
        1116   1.33920E+02   1.20000E-01   7.72670E-02   4.94390E-04   8.84935E-04   0.00000E+00   2.16579E-02   1.00000E+00   0.00000E+00   7.75157E+00   5.00072E-17            15   4.87694E-10   3.15486E+00
        1117   1.34040E+02   1.20000E-01   7.72670E-02   4.91613E-04   8.80410E-04   0.00000E+00   2.17225E-02   1.00000E+00   0.00000E+00   7.75157E+00   4.97487E-17            15   4.85942E-10   3.15492E+00
        1118   1.34160E+02   1.20000E-01   7.72670E-02   4.88832E-04   8.75884E-04   0.00000E+00   2.17866E-02   1.00000E+00   0.00000E+00   7.75157E+00   4.94751E-17            15   4.84175E-10   3.15499E+00
        1119   1.34280E+02   1.20000E-01   7.72670E-02   4.86048E-04   8.71359E-04   0.00000E+00   2.18505E-02   1.00000E+00   0.00000E+00   7.75157E+00   4.91056E-17            15   4.82412E-10   3.15505E+00
        1120   1.34400E+02   1.20000E-01   7.72670E-02   4.83259E-04   8.66833E-04   0.00000E+00   2.19139E-02   1.00000E+00   0.00000E+00   7.75157E+00   4.88280E-17            15   4.80621E-10   3.15512E+00
        1121   1.34520E+02   1.20000E-01   7.72670E-02   4.80467E-04   8.62306E-04   0.00000E+00   2.19770E-02   1.00000E+00   0.00000E+00   7.75157E+00   4.84963E-17            15   4.78824E-10   3.15518E+00
        1122   1.34640E+02   1.20000E-01   7.72670E-02   4.77671E-04   8.57780E-04   0.00000E+00   2.20397E-02   1.00000E+00   0.00000E+00   7.75157E+00   4.80690E-17            15   4.77025E-10   3.15524E+00
        1123   1.34760E+02   1.20000E-01   7.72670E-02   4.74871E-04   8.53253E-04   0.00000E+00   2.21020E-02   1.00000E+00   0.00000E+00   7.75157E+00   4.77667E-17            15   4.75227E-10   3.15530E+00
        1124   1.34880E+02   1.20000E-01   7.72670E-02   4.72068E-04   8.48727E-04   0.00000E+00   2.21640E-02   1.00000E+00   0.00000E+00   7.75157E+00   4.74064E-17            15   4.73438E-10   3.15537E+00
        1125   1.35000E+02   1.20000E-01   7.72670E-02   4.69262E-04   8.44200E-04   0.00000E+00   2.22256E-02   1.00000E+00   0.00000E+00   7.75157E+00   4.70200E-17            15   4.71648E-10   3.15543E+00
        1126   1.35120E+02   1.20000E-01   7.72670E-02   4.66452E-04   8.39673E-04   0.00000E+00   2.22868E-02   1.00000E+00   0.00000E+00   7.75157E+00   4.72508E-17            15   4.69893E-10   3.15549E+00
        1127   1.35240E+02   1.20000E-01   7.72670E-02   4.63639E-04   8.35145E-04   0.00000E+00   2.23907E-02   1.00000E+00   0.00000E+00   7.75157E+00   4.75337E-17            15   4.68142E-10   3.15555E+00
        1128   1.35360E+02   1.20000E-01   7.72670E-02   4.60823E-04   8.30618E-04   0.00000E+00   2.25102E-02   1.00000E+00   0.00000E+00   7.75157E+00   4.78831E-17            15   4.66375E-10   3.15561E+00
        1129   1.35480E+02   1.20000E-01   7.72670E-02   4.58003E-04   8.26091E-04   0.00000E+00   2.26287E-02   1.00000E+00   0.00000E+00   7.75157E+00   4.77298E-17            15   4.64658E-10   3.15567E+00
        1130   1.35600E+02   1.20000E-01   7.72670E-02   4.55181E-04   8.21564E-04   0.00000E+00   2.27463E-02   1.00000E+00   0.00000E+00   7.75157E+00   4.76992E-17            15   4.62953E-10   3.15573E+00
        1131   1.35720E+02   1.20000E-01   7.72670E-02   4.52355E-04   8.17036E-04   0.00000E+00   2.28630E-02   1.00000E+00   0.00000E+00   7.75157E+00   4.78426E-17            15   4.61267E-10   3.15579E+00
        1132   1.35840E+02   1.20000E-01   7.72670E-02   4.49527E-04   8.12509E-04   0.00000E+00   2.29787E-02   1.00000E+00   0.00000E+00   7.75157E+00   4.81332E-17            15   4.59602E-10   3.15585E+00
        1133   1.35960E+02   1.20000E-01   7.72670E-02   4.46695E-04   8.07982E-04   0.00000E+00   2.30935E-02   1.00000E+00   0.00000E+00   7.75157E+00   4.83939E-17            15   4.57974E-10   3.15591E+00
        1134   1.36080E+02   1.20000E-01   7.72670E-02   4.43861E-04   8.03455E-04   0.00000E+00   2.32073E-02   1.00000E+00   0.00000E+00   7.75157E+00   4.84333E-17            15   4.56357E-10   3.15596E+00
        1135   1.36200E+02   1.20000E-01   7.72670E-02   4.41025E-04   7.98928E-04   0.00000E+00   2.33202E-02   1.00000E+00   0.00000E+00   7.75157E+00   4.84337E-17            15   4.54783E-10   3.15602E+00
        1136   1.36320E+02   1.20000E-01   7.72670E-02   4.38185E-04   7.94401E-04   0.00000E+00   2.34321E-02   1.00000E+00   0.00000E+00   7.75157E+00   4.85177E-17            15   4.53204E-10   3.15608E+00
        1137   1.36440E+02   1.20000E-01   7.72670E-02   4.35343E-04   7.89875E-04   0.00000E+00   2.35430E-02   1.00000E+00   0.00000E+00   7.75157E+00   4.83799E-17            15   4.51667E-10   3.15613E+00
        1138   1.36560E+02   1.20000E-01   7.72670E-02   4.32499E-04   7.85348E-04   0.00000E+00   2.36529E-02   1.00000E+00   0.00000E+00   7.75157E+00   4.83653E-17            15   4.50151E-10   3.15619E+00
        1139   1.36680E+02   1.20000E-01   7.72670E-02   4.29652E-04   7.80822E-04   0.00000E+00   2.37618E-02   1.00000E+00   0.00000E+00   7.75157E+00   4.85822E-17            15   4.48659E-10   3.15625E+00
        1140   1.36800E+02   1.20000E-01   7.72670E-02   4.26803E-04   7.76297E-04   0.00000E+00   2.38697E-02   1.00000E+00   0.00000E+00   7.75157E+00   4.85287E-17            15   4.47192E-10   3.15630E+00
        1141   1.36920E+02   1.20000E-01   7.72670E-02   4.23951E-04   7.71771E-04   0.00000E+00   2.39766E-02   1.00000E+00   0.00000E+00   7.75157E+00   4.86700E-17            15   4.45777E-10   3.15636E+00
        1142   1.37040E+02   1.20000E-01   7.72670E-02   4.22499E-04   7.67247E-04   0.00000E+00   2.40824E-02   1.00000E+00   0.00000E+00   7.75157E+00   4.84063E-17            15   4.44323E-10   3.15641E+00
        1143   1.37160E+02   1.20000E-01   7.72670E-02   4.21403E-04   7.62722E-04   0.00000E+00   2.41872E-02   1.00000E+00   0.00000E+00   7.75157E+00   4.87538E-17            15   4.42922E-10   3.15646E+00
        1144   1.37280E+02   1.20000E-01   7.72670E-02   4.20311E-04   7.58199E-04   0.00000E+00   2.42909E-02   1.00000E+00   0.00000E+00   7.75157E+00   4.87461E-17            15   4.41550E-10   3.15652E+00
        1145   1.37400E+02   1.20000E-01   7.72670E-02   4.19223E-04   7.53675E-04   0.00000E+00   2.43936E-02   1.00000E+00   0.00000E+00   7.75157E+00   4.86282E-17            15   4.40184E-10   3.15657E+00
        1146   1.37520E+02   1.20000E-01   7.72670E-02   4.18139E-04   7.49153E-04   0.00000E+00   2.44952E-02   1.00000E+00   0.00000E+00   7.75157E+00   4.85118E-17            15   4.38842E-10   3.15662E+00
        1147   1.37640E+02   1.20000E-01   7.72670E-02   4.17059E-04   7.44631E-04   0.00000E+00   2.45957E-02   1.00000E+00   0.00000E+00   7.75157E+00   4.86901E-17            15   4.37501E-10   3.15668E+00
        1148   1.37760E+02   1.20000E-01   7.72670E-02   4.15982E-04   7.40110E-04   0.00000E+00   2.46951E-02   1.00000E+00   0.00000E+00   7.75157E+00   4.83449E-17            15   4.36207E-10   3.15673E+00
        1149   1.37880E+02   1.20000E-01   7.72670E-02   4.14910E-04   7.35590E-04   0.00000E+00   2.47935E-02   1.00000E+00   0.00000E+00   7.75157E+00   4.83967E-17            15   4.34900E-10   3.15678E+00
        1150   1.38000E+02   1.20000E-01   7.72670E-02   4.13841E-04   7.31070E-04   0.00000E+00   2.48907E-02   1.00000E+00   0.00000E+00   7.75157E+00   4.85015E-17            15   4.33630E-10   3.15683E+00
        1151   1.38120E+02   1.20000E-01   7.72670E-02   4.12776E-04   7.26552E-04   0.00000E+00   2.49868E-02   1.00000E+00   0.00000E+00   7.75157E+00   4.80874E-17            15   4.32365E-10   3.15688E+00
        1152   1.38240E+02   1.20000E-01   7.72670E-02   4.11715E-04   7.22034E-04   0.00000E+00   2.50818E-02   1.00000E+00   0.00000E+00   7.75157E+00   4.82381E-17            15   4.31146E-10   3.15693E+00
        1153   1.38360E+02   1.20000E-01   7.72670E-02   4.10658E-04   7.17517E-04   0.00000E+00   2.51756E-02   1.00000E+00   0.00000E+00   7.75157E+00   4.83558E-17            15   4.29875E-10   3.15698E+00
        1154   1.38480E+02   1.20000E-01   7.72670E-02   4.09605E-04   7.13002E-04   0.00000E+00   2.52683E-02   1.00000E+00   0.00000E+00   7.75157E+00   4.79883E-17            15   4.28674E-10   3.15703E+00
        1155   1.38600E+02   1.20000E-01   7.72670E-02   4.08556E-04   7.08488E-04   0.00000E+00   2.53599E-02   1.00000E+00   0.00000E+00   7.75157E+00   4.80602E-17            15   4.27426E-10   3.15708E+00
        1156   1.38720E+02   1.20000E-01   7.72670E-02   4.07509E-04   7.03974E-04   0.00000E+00   2.54503E-02   1.00000E+00   0.00000E+00   7.75157E+00   4.68767E-17            15   4.27849E-10   3.15712E+00
        1157   1.38840E+02   1.20000E-01   7.72670E-02   4.06464E-04   6.99462E-04   0.00000E+00   2.55395E-02   1.00000E+00   0.00000E+00   7.75157E+00   4.64594E-17            15   4.26633E-10   3.15717E+00
        1158   1.38960E+02   1.20000E-01   7.72670E-02   4.05421E-04   6.94951E-04   0.00000E+00   2.56276E-02   1.00000E+00   0.00000E+00   7.75157E+00   4.62486E-17            15   4.25416E-10   3.15722E+00
        1159   1.39080E+02   1.20000E-01   7.72670E-02   4.04380E-04   6.90440E-04   0.00000E+00   2.57144E-02   1.00000E+00   0.00000E+00   7.75157E+00   4.61645E-17            15   4.24204E-10   3.15727E+00
        1160   1.39200E+02   1.20000E-01   7.72670E-02   4.03342E-04   6.85931E-04   0.00000E+00   2.58001E-02   1.00000E+00   0.00000E+00   7.75157E+00   4.60758E-17            15   4.22980E-10   3.15731E+00
        1161   1.39320E+02   1.20000E-01   7.72670E-02   4.02305E-04   6.81423E-04   0.00000E+00   2.58846E-02   1.00000E+00   0.00000E+00   7.75157E+00   4.55634E-17            15   4.21785E-10   3.15736E+00
        1162   1.39440E+02   1.20000E-01   7.72670E-02   4.01271E-04   6.76917E-04   0.00000E+00   2.59679E-02   1.00000E+00   0.00000E+00   7.75157E+00   4.53147E-17            15   4.20553E-10   3.15740E+00
        1163   1.39560E+02   1.20000E-01   7.72670E-02   4.00239E-04   6.72411E-04   0.00000E+00   2.60499E-02   1.00000E+00   0.00000E+00   7.75157E+00   4.51567E-17            15   4.19336E-10   3.15745E+00
        1164   1.39680E+02   1.20000E-01   7.72670E-02   3.99210E-04   6.67908E-04   0.00000E+00   2.61308E-02   1.00000E+00   0.00000E+00   7.75157E+00   4.49269E-17            15   4.18127E-10   3.15749E+00
        1165   1.39800E+02   1.20000E-01   7.72670E-02   3.98182E-04   6.63405E-04   0.00000E+00   2.62104E-02   1.00000E+00   0.00000E+00   7.75157E+00   4.46252E-17            15   4.16910E-10   3.15754E+00
        1166   1.39920E+02   1.20000E-01   7.72670E-02   3.97157E-04   6.58905E-04   0.00000E+00   2.62888E-02   1.00000E+00   0.00000E+00   7.75157E+00   4.41882E-17            15   4.15690E-10   3.15758E+00
        1167   1.40040E+02   1.20000E-01   7.72670E-02   3.96134E-04   6.54405E-04   0.00000E+00   2.63659E-02   1.00000E+00   0.00000E+00   7.75157E+00   4.36984E-17            15   4.14471E-10   3.15762E+00
        1168   1.40160E+02   1.20000E-01   7.72670E-02   3.95114E-04   6.49908E-04   0.00000E+00   2.64418E-02   1.00000E+00   0.00000E+00   7.75157E+00   4.34898E-17            15   4.13251E-10   3.15767E+00
        1169   1.40280E+02   1.20000E-01   7.72670E-02   3.94095E-04   6.45412E-04   0.00000E+00   2.65165E-02   1.00000E+00   0.00000E+00   7.75157E+00   4.31158E-17            15   4.12026E-10   3.15771E+00
        1170   1.40400E+02   1.20000E-01   7.72670E-02   3.93080E-04   6.40919E-04   0.00000E+00   2.65898E-02   1.00000E+00   0.00000E+00   7.75157E+00   4.27203E-17            15   4.10800E-10   3.15775E+00
        1171   1.40520E+02   1.20000E-01   7.72670E-02   3.92066E-04   6.36427E-04   0.00000E+00   2.66620E-02   1.00000E+00   0.00000E+00   7.75157E+00   4.21495E-17            15   4.09572E-10   3.15779E+00
        1172   1.40640E+02   1.20000E-01   7.72670E-02   3.91055E-04   6.31937E-04   0.00000E+00   2.67328E-02   1.00000E+00   0.00000E+00   7.75157E+00   4.18046E-17            15   4.08347E-10   3.15783E+00
        1173   1.40760E+02   1.20000E-01   7.72670E-02   3.90047E-04   6.27450E-04   0.00000E+00   2.68024E-02   1.00000E+00   0.00000E+00   7.75157E+00   4.13385E-17            15   4.07115E-10   3.15787E+00
        1174   1.40880E+02   1.20000E-01   7.72670E-02   3.89041E-04   6.22964E-04   0.00000E+00   2.68707E-02   1.00000E+00   0.00000E+00   7.75157E+00   4.05757E-17            15   4.05893E-10   3.15791E+00
        1175   1.41000E+02   1.20000E-01   7.72670E-02   3.88037E-04   6.18481E-04   0.00000E+00   2.69378E-02   1.00000E+00   0.00000E+00   7.75157E+00   4.03527E-17            15   4.04662E-10   3.15795E+00
        1176   1.41120E+02   1.20000E-01   7.72670E-02   3.87036E-04   6.14000E-04   0.00000E+00   2.70035E-02   1.00000E+00   0.00000E+00   7.75157E+00   3.96471E-17            15   4.03413E-10   3.15799E+00
        1177   1.41240E+02   1.20000E-01   7.72670E-02   3.86038E-04   6.09522E-04   0.00000E+00   2.70680E-02   1.00000E+00   0.00000E+00   7.75157E+00   3.91279E-17            15   4.02167E-10   3.15803E+00
        1178   1.41360E+02   1.20000E-01   7.72670E-02   3.85042E-04   6.05046E-04   0.00000E+00   2.71311E-02   1.00000E+00   0.00000E+00   7.75157E+00   3.85638E-17            15   4.00921E-10   3.15807E+00
        1179   1.41480E+02   1.20000E-01   7.72670E-02   3.84048E-04   6.00573E-04   0.00000E+00   2.71930E-02   1.00000E+00   0.00000E+00   7.75157E+00   3.79200E-17            15   3.99672E-10   3.15811E+00
        1180   1.41600E+02   1.20000E-01   7.72670E-02   3.83057E-04   5.96102E-04   0.00000E+00   2.72536E-02   1.00000E+00   0.00000E+00   7.75157E+00   3.72265E-17            15   3.98422E-10   3.15814E+00
        1181   1.41720E+02   1.20000E-01   7.72670E-02   3.82069E-04   5.91635E-04   0.00000E+00   2.73128E-02   1.00000E+00   0.00000E+00   7.75157E+00   3.67038E-17            15   3.97171E-10   3.15818E+00
        1182   1.41840E+02   1.20000E-01   7.72670E-02   3.81083E-04   5.87170E-04   0.00000E+00   2.73708E-02   1.00000E+00   0.00000E+00   7.75157E+00   3.59223E-17            15   3.95915E-10   3.15822E+00
        1183   1.41960E+02   1.20000E-01   7.72670E-02   3.80100E-04   5.82708E-04   0.00000E+00   2.74274E-02   1.00000E+00   0.00000E+00   7.75157E+00   3.51575E-17            15   3.94669E-10   3.15825E+00
        1184   1.42080E+02   1.20000E-01   7.72670E-02   3.79119E-04   5.78249E-04   0.00000E+00   2.74827E-02   1.00000E+00   0.00000E+00   7.75157E+00   3.45344E-17            15   3.93407E-10   3.15829E+00
        1185   1.42200E+02   1.20000E-01   7.72670E-02   3.78141E-04   5.73793E-04   0.00000E+00   2.75368E-02   1.00000E+00   0.00000E+00   7.75157E+00   3.36158E-17            15   3.92153E-10   3.15832E+00
        1186   1.42320E+02   1.20000E-01   7.72670E-02   3.77166E-04   5.69340E-04   0.00000E+00   2.75895E-02   1.00000E+00   0.00000E+00   7.75157E+00   3.30365E-17            15   3.90902E-10   3.15836E+00
        1187   1.42440E+02   1.20000E-01   7.72670E-02   3.76193E-04   5.64891E-04   0.00000E+00   2.76409E-02   1.00000E+00   0.00000E+00   7.75157E+00   3.18938E-17            15   3.89652E-10   3.15839E+00
        1188   1.42560E+02   1.20000E-01   7.72670E-02   3.75222E-04   5.60445E-04   0.00000E+00   2.76909E-02   1.00000E+00   0.00000E+00   7.75157E+00   3.12531E-17            15   3.88414E-10   3.15843E+00
        1189   1.42680E+02   1.20000E-01   7.72670E-02   3.74254E-04   5.56003E-04   0.00000E+00   2.77397E-02   1.00000E+00   0.00000E+00   7.75157E+00   3.03753E-17            15   3.87171E-10   3.15846E+00
        1190   1.42800E+02   1.20000E-01   7.72670E-02   3.73289E-04   5.51564E-04   0.00000E+00   2.77872E-02   1.00000E+00   0.00000E+00   7.75157E+00   2.94122E-17            15   3.85923E-10   3.15849E+00
        1191   1.42920E+02   1.20000E-01   7.72670E-02   3.72325E-04   5.47128E-04   0.00000E+00   2.78333E-02   1.00000E+00   0.00000E+00   7.75157E+00   2.87343E-17            15   3.84693E-10   3.15852E+00
        1192   1.43040E+02   1.20000E-01   7.72670E-02   3.71365E-04   5.42697E-04   0.00000E+00   2.78781E-02   1.00000E+00   0.00000E+00   7.75157E+00   2.73626E-17            15   3.83471E-10   3.15856E+00
        1193   1.43160E+02   1.20000E-01   7.72670E-02   3.70407E-04   5.38269E-04   0.00000E+00   2.79216E-02   1.00000E+00   0.00000E+00   7.75157E+00   2.66329E-17            15   3.82256E-10   3.15859E+00
        1194   1.43280E+02   1.20000E-01   7.72670E-02   3.69451E-04   5.33845E-04   0.00000E+00   2.79638E-02   1.00000E+00   0.00000E+00   7.75157E+00   2.54590E-17            15   3.81021E-10   3.15862E+00
        1195   1.43400E+02   1.20000E-01   7.72670E-02   3.68497E-04   5.29425E-04   0.00000E+00   2.80047E-02   1.00000E+00   0.00000E+00   7.75157E+00   2.45757E-17            15   3.79845E-10   3.15865E+00
        1196   1.43520E+02   1.20000E-01   7.72670E-02   3.67546E-04   5.25010E-04   0.00000E+00   2.80443E-02   1.00000E+00   0.00000E+00   7.75157E+00   2.38321E-17            15   3.78673E-10   3.15868E+00
        1197   1.43640E+02   1.20000E-01   7.72670E-02   3.66597E-04   5.20598E-04   0.00000E+00   2.80825E-02   1.00000E+00   0.00000E+00   7.75157E+00   2.39937E-17            15   3.77256E-10   3.15871E+00
        1198   1.43760E+02   1.20000E-01   7.72670E-02   3.65650E-04   5.16191E-04   0.00000E+00   2.81195E-02   1.00000E+00   0.00000E+00   7.75157E+00   2.41760E-17            15   3.76145E-10   3.15874E+00
        1199   1.43880E+02   1.20000E-01   7.72670E-02   3.64706E-04   5.11788E-04   0.00000E+00   2.81552E-02   1.00000E+00   0.00000E+00   7.75157E+00   2.43059E-17            15   3.75010E-10   3.15876E+00
        1200   1.44000E+02   1.20000E-01   7.72670E-02   3.63763E-04   5.07390E-04   0.00000E+00   2.81895E-02   1.00000E+00   0.00000E+00   7.75157E+00   2.42997E-17            15   3.73926E-10   3.15879E+00
        1201   1.44120E+02   1.20000E-01   7.72670E-02   3.62823E-04   5.02996E-04   0.00000E+00   2.82226E-02   1.00000E+00   0.00000E+00   7.75157E+00   2.46376E-17            15   3.72998E-10   3.15882E+00
        1202   1.44240E+02   1.20000E-01   7.72670E-02   3.61884E-04   4.98607E-04   0.00000E+00   2.82544E-02   1.00000E+00   0.00000E+00   7.75157E+00   2.46070E-17            15   3.71958E-10   3.15885E+00
        1203   1.44360E+02   1.20000E-01   7.72670E-02   3.60948E-04   4.94222E-04   0.00000E+00   2.82849E-02   1.00000E+00   0.00000E+00   7.75157E+00   2.46802E-17            15   3.70949E-10   3.15887E+00
        1204   1.44480E+02   1.20000E-01   7.72670E-02   3.60013E-04   4.89842E-04   0.00000E+00   2.83141E-02   1.00000E+00   0.00000E+00   7.75157E+00   2.46486E-17            15   3.69966E-10   3.15890E+00
        1205   1.44600E+02   1.20000E-01   7.72670E-02   3.59080E-04   4.85468E-04   0.00000E+00   2.83420E-02   1.00000E+00   0.00000E+00   7.75157E+00   2.47685E-17            15   3.69017E-10   3.15893E+00
        1206   1.44720E+02   1.20000E-01   7.72670E-02   3.58148E-04   4.81098E-04   0.00000E+00   2.83687E-02   1.00000E+00   0.00000E+00   7.75157E+00   2.47385E-17            15   3.68636E-10   3.15895E+00
        1207   1.44840E+02   1.20000E-01   7.72670E-02   3.57219E-04   4.76733E-04   0.00000E+00   2.83941E-02   1.00000E+00   0.00000E+00   7.75157E+00   2.47500E-17            15   3.67763E-10   3.15898E+00
        1208   1.44960E+02   1.20000E-01   7.72670E-02   3.56290E-04   4.72374E-04   0.00000E+00   2.84182E-02   1.00000E+00   0.00000E+00   7.75157E+00   2.46849E-17            15   3.66927E-10   3.15900E+00
        1209   1.45080E+02   1.20000E-01   7.72670E-02   3.55364E-04   4.68019E-04   0.00000E+00   2.84411E-02   1.00000E+00   0.00000E+00   7.75157E+00   2.47340E-17            15   3.66132E-10   3.15902E+00
        1210   1.45200E+02   1.20000E-01   7.72670E-02   3.54438E-04   4.63670E-04   0.00000E+00   2.84628E-02   1.00000E+00   0.00000E+00   7.75157E+00   2.45890E-17            15   3.65377E-10   3.15905E+00
        1211   1.45320E+02   1.20000E-01   7.72670E-02   3.53514E-04   4.59327E-04   0.00000E+00   2.84832E-02   1.00000E+00   0.00000E+00   7.75157E+00   2.44385E-17            15   3.64661E-10   3.15907E+00
        1212   1.45440E+02   1.20000E-01   7.72670E-02   3.52591E-04   4.54989E-04   0.00000E+00   2.85023E-02   1.00000E+00   0.00000E+00   7.75157E+00   2.42868E-17            15   3.63994E-10   3.15909E+00
        1213   1.45560E+02   1.20000E-01   7.72670E-02   3.51669E-04   4.50657E-04   0.00000E+00   2.85203E-02   1.00000E+00   0.00000E+00   7.75157E+00   2.41661E-17            15   3.63370E-10   3.15911E+00
        1214   1.45680E+02   1.20000E-01   7.72670E-02   3.50748E-04   4.46330E-04   0.00000E+00   2.85370E-02   1.00000E+00   0.00000E+00   7.75157E+00   2.38947E-17            15   3.62788E-10   3.15913E+00
        1215   1.45800E+02   1.20000E-01   7.72670E-02   3.49828E-04   4.42009E-04   0.00000E+00   2.85525E-02   1.00000E+00   0.00000E+00   7.75157E+00   2.38185E-17            15   3.62250E-10   3.15916E+00
        1216   1.45920E+02   1.20000E-01   7.72670E-02   3.48908E-04   4.37694E-04   0.00000E+00   2.85668E-02   1.00000E+00   0.00000E+00   7.75157E+00   2.35104E-17            15   3.61767E-10   3.15918E+00
        1217   1.46040E+02   1.20000E-01   7.72670E-02   3.47990E-04   4.33386E-04   0.00000E+00   2.85799E-02   1.00000E+00   0.00000E+00   7.75157E+00   2.32154E-17            15   3.61334E-10   3.15920E+00
        1218   1.46160E+02   1.20000E-01   7.72670E-02   3.47072E-04   4.29083E-04   0.00000E+00   2.85918E-02   1.00000E+00   0.00000E+00   7.75157E+00   2.40148E-17            15   3.60952E-10   3.15922E+00
        1219   1.46280E+02   1.20000E-01   7.72670E-02   3.46154E-04   4.25227E-04   0.00000E+00   2.86025E-02   1.00000E+00   0.00000E+00   7.75157E+00   2.46487E-17            15   3.60624E-10   3.15923E+00
        1220   1.46400E+02   1.20000E-01   7.72670E-02   3.45237E-04   4.22152E-04   0.00000E+00   2.86121E-02   1.00000E+00   0.00000E+00   7.75157E+00   2.54675E-17            15   3.60356E-10   3.15925E+00
        1221   1.46520E+02   1.20000E-01   7.72670E-02   3.45691E-04   4.19080E-04   0.00000E+00   2.86205E-02   1.00000E+00   0.00000E+00   7.75157E+00   2.61575E-17            15   3.60152E-10   3.15927E+00
        1222   1.46640E+02   1.20000E-01   7.72670E-02   3.47521E-04   4.16009E-04   0.00000E+00   2.86278E-02   1.00000E+00   0.00000E+00   7.75157E+00   2.68870E-17            15   3.60007E-10   3.15929E+00
        1223   1.46760E+02   1.20000E-01   7.72670E-02   3.49345E-04   4.12940E-04   0.00000E+00   2.86339E-02   1.00000E+00   0.00000E+00   7.75157E+00   2.76471E-17            15   3.59929E-10   3.15931E+00
        1224   1.46880E+02   1.20000E-01   7.72670E-02   3.51163E-04   4.09873E-04   0.00000E+00   2.86389E-02   1.00000E+00   0.00000E+00   7.75157E+00   2.82228E-17            15   3.59933E-10   3.15932E+00
        1225   1.47000E+02   1.20000E-01   7.72670E-02   3.52975E-04   4.06809E-04   0.00000E+00   2.86428E-02   1.00000E+00   0.00000E+00   7.75157E+00   2.88317E-17            15   3.60023E-10   3.15934E+00
        1226   1.47120E+02   1.20000E-01   7.72670E-02   3.54782E-04   4.03746E-04   0.00000E+00   2.86455E-02   1.00000E+00   0.00000E+00   7.75157E+00   2.92121E-17            15   3.57541E-10   3.15935E+00
        1227   1.47240E+02   1.20000E-01   7.72670E-02   3.56582E-04   4.00686E-04   0.00000E+00   2.86472E-02   1.00000E+00   0.00000E+00   7.75157E+00   3.00121E-17            15   3.57602E-10   3.15937E+00
        1228   1.47360E+02   1.20000E-01   7.72670E-02   3.58376E-04   3.97628E-04   0.00000E+00   2.86478E-02   1.00000E+00   0.00000E+00   7.75157E+00   3.03177E-17            15   3.58143E-10   3.15938E+00
        1229   1.47480E+02   1.20000E-01   7.72670E-02   3.60165E-04   3.94572E-04   0.00000E+00   2.86473E-02   1.00000E+00   0.00000E+00   7.75157E+00   3.09463E-17            15   3.58799E-10   3.15940E+00
        1230   1.47600E+02   1.20000E-01   7.72670E-02   3.61947E-04   3.91519E-04   0.00000E+00   2.86457E-02   1.00000E+00   0.00000E+00   7.75157E+00   3.14360E-17            15   3.59609E-10   3.15941E+00
        1231   1.47720E+02   1.20000E-01   7.72670E-02   3.63724E-04   3.88468E-04   0.00000E+00   2.86431E-02   1.00000E+00   0.00000E+00   7.75157E+00   3.17699E-17            15   3.60565E-10   3.15943E+00
        1232   1.47840E+02   1.20000E-01   7.72670E-02   3.65494E-04   3.85419E-04   0.00000E+00   2.86395E-02   1.00000E+00   0.00000E+00   7.75157E+00   3.19921E-17            15   3.61441E-10   3.15944E+00
        1233   1.47960E+02   1.20000E-01   7.72670E-02   3.67258E-04   3.82373E-04   0.00000E+00   2.86348E-02   1.00000E+00   0.00000E+00   7.75157E+00   3.22553E-17            15   3.62751E-10   3.15945E+00
        1234   1.48080E+02   1.20000E-01   7.72670E-02   3.69017E-04   3.79330E-04   0.00000E+00   2.86291E-02   1.00000E+00   0.00000E+00   7.75157E+00   3.23835E-17            15   3.64235E-10   3.15946E+00
        1235   1.48200E+02   1.20000E-01   7.72670E-02   3.70769E-04   3.76290E-04   0.00000E+00   2.86224E-02   1.00000E+00   0.00000E+00   7.75157E+00   3.03832E-17            15   3.49447E-10   3.15947E+00
        1236   1.48320E+02   1.20000E-01   7.72670E-02   3.72517E-04   3.73252E-04   0.00000E+00   2.86147E-02   1.00000E+00   0.00000E+00   7.75157E+00   3.07955E-17            15   3.51213E-10   3.15948E+00
        1237   1.48440E+02   1.20000E-01   7.72670E-02   3.74260E-04   3.70216E-04   0.00000E+00   2.86060E-02   1.00000E+00   0.00000E+00   7.75157E+00   3.17258E-17            15   3.53252E-10   3.15949E+00
        1238   1.48560E+02   1.20000E-01   7.72670E-02   3.75998E-04   3.67183E-04   0.00000E+00   2.85963E-02   1.00000E+00   0.00000E+00   7.75157E+00   3.27445E-17            15   3.55525E-10   3.15950E+00
        1239   1.48680E+02   1.20000E-01   7.72670E-02   3.77730E-04   3.64153E-04   0.00000E+00   2.85857E-02   1.00000E+00   0.00000E+00   7.75157E+00   3.35273E-17            15   3.57058E-10   3.15951E+00
        1240   1.48800E+02   1.20000E-01   7.72670E-02   3.79458E-04   3.61125E-04   0.00000E+00   2.85742E-02   1.00000E+00   0.00000E+00   7.75157E+00   3.44597E-17            15   3.60409E-10   3.15952E+00
        1241   1.48920E+02   1.20000E-01   7.72670E-02   3.81180E-04   3.58101E-04   0.00000E+00   2.85617E-02   1.00000E+00   0.00000E+00   7.75157E+00   3.52623E-17            15   3.63167E-10   3.15953E+00
        1242   1.49040E+02   1.20000E-01   7.72670E-02   3.82896E-04   3.55075E-04   0.00000E+00   2.85482E-02   1.00000E+00   0.00000E+00   7.75157E+00   4.85509E-17            15   3.93980E-10   3.15954E+00
        1243   1.49160E+02   1.20000E-01   7.72670E-02   3.84605E-04   3.52040E-04   0.00000E+00   2.85337E-02   1.00000E+00   0.00000E+00   7.75157E+00   6.10637E-17            15   3.60492E-10   3.15955E+00
        1244   1.49280E+02   1.20000E-01   7.72670E-02   3.86307E-04   3.48997E-04   0.00000E+00   2.85182E-02   1.00000E+00   0.00000E+00   7.75157E+00   6.08721E-17            15   3.60562E-10   3.15955E+00
        1245   1.49400E+02   1.20000E-01   7.72670E-02   3.88001E-04   3.45945E-04   0.00000E+00   2.85019E-02   1.00000E+00   0.00000E+00   7.75157E+00   6.06073E-17            15   3.60663E-10   3.15956E+00
        1246   1.49520E+02   1.20000E-01   7.72670E-02   3.89687E-04   3.42883E-04   0.00000E+00   2.84847E-02   1.00000E+00   0.00000E+00   7.75157E+00   6.03238E-17            15   3.60788E-10   3.15957E+00
        1247   1.49640E+02   1.20000E-01   7.72670E-02   3.91366E-04   3.39814E-04   0.00000E+00   2.84667E-02   1.00000E+00   0.00000E+00   7.75157E+00   6.01648E-17            15   3.60932E-10   3.15957E+00
        1248   1.49760E+02   1.20000E-01   7.72670E-02   3.93037E-04   3.36736E-04   0.00000E+00   2.84477E-02   1.00000E+00   0.00000E+00   7.75157E+00   6.05852E-17            15   3.63020E-10   3.15958E+00
        1249   1.49880E+02   1.20000E-01   7.72670E-02   3.94700E-04   3.33650E-04   0.00000E+00   2.84278E-02   1.00000E+00   0.00000E+00   7.75157E+00   5.97402E-17            15   3.60722E-10   3.15958E+00
        1250   1.50000E+02   1.20000E-01   7.72670E-02   3.96355E-04   3.30555E-04   0.00000E+00   2.84072E-02   1.00000E+00   0.00000E+00   7.75157E+00   6.25481E-17            15   3.63791E-10   3.15959E+00
        1251   1.50120E+02   1.20000E-01   7.72670E-02   3.98000E-04   3.27448E-04   0.00000E+00   2.83856E-02   1.00000E+00   0.00000E+00   7.75157E+00   8.66931E-17            15   4.35449E-10   3.15959E+00
        1252   1.50240E+02   1.20000E-01   7.72670E-02   3.99629E-04   3.24318E-04   0.00000E+00   2.83631E-02   1.00000E+00   0.00000E+00   7.75157E+00   1.27594E-16            15   4.62561E-10   3.15959E+00
        1253   1.50360E+02   1.20000E-01   7.72670E-02   4.01243E-04   3.21166E-04   0.00000E+00   2.83398E-02   1.00000E+00   0.00000E+00   7.75157E+00   1.26877E-16            15   4.60860E-10   3.15960E+00
        1254   1.50480E+02   1.20000E-01   7.72670E-02   4.02842E-04   3.17992E-04   0.00000E+00   2.83158E-02   1.00000E+00   0.00000E+00   7.75157E+00   1.26185E-16            15   4.59215E-10   3.15960E+00
        1255   1.50600E+02   1.20000E-01   7.72670E-02   4.04426E-04   3.14796E-04   0.00000E+00   2.82910E-02   1.00000E+00   0.00000E+00   7.75157E+00   1.25012E-16            15   4.57167E-10   3.15960E+00
        1256   1.50720E+02   1.20000E-01   7.72670E-02   4.05996E-04   3.11578E-04   0.00000E+00   2.82655E-02   1.00000E+00   0.00000E+00   7.75157E+00   1.26028E-16            15   4.53803E-10   3.15960E+00
        1257   1.50840E+02   1.20000E-01   7.72670E-02   4.07550E-04   3.08339E-04   0.00000E+00   2.82393E-02   1.00000E+00   0.00000E+00   7.75157E+00   1.25253E-16            15   4.52168E-10   3.15960E+00
        1258   1.50960E+02   1.20000E-01   7.72670E-02   4.09089E-04   3.05078E-04   0.00000E+00   2.82124E-02   1.00000E+00   0.00000E+00   7.75157E+00   1.12379E-16            15   3.76387E-10   3.15960E+00
        1259   1.51080E+02   1.20000E-01   7.72670E-02   4.10614E-04   3.01793E-04   0.00000E+00   2.81849E-02   1.00000E+00   0.00000E+00   7.75157E+00   1.30055E-16            15   5.09350E-10   3.15960E+00
        1260   1.51200E+02   1.20000E-01   7.72670E-02   4.12124E-04   2.98483E-04   0.00000E+00   2.81567E-02   1.00000E+00   0.00000E+00   7.75157E+00   1.29098E-16            15   5.09547E-10   3.15960E+00
        1261   1.51320E+02   1.20000E-01   7.72670E-02   4.13621E-04   2.95150E-04   0.00000E+00   2.81278E-02   1.00000E+00   0.00000E+00   7.75157E+00   1.28223E-16            15   5.09380E-10   3.15960E+00
        1262   1.51440E+02   1.20000E-01   7.72670E-02   4.15104E-04   2.91794E-04   0.00000E+00   2.80983E-02   1.00000E+00   0.00000E+00   7.75157E+00   1.27273E-16            15   5.09095E-10   3.15960E+00
        1263   1.51560E+02   1.20000E-01   7.72670E-02   4.16573E-04   2.88416E-04   0.00000E+00   2.80682E-02   1.00000E+00   0.00000E+00   7.75157E+00   1.26649E-16            15   5.14222E-10   3.15960E+00
        1264   1.51680E+02   1.20000E-01   7.72670E-02   4.18028E-04   2.85016E-04   0.00000E+00   2.80375E-02   1.00000E+00   0.00000E+00   7.75157E+00   1.23596E-16            15   5.36227E-10   3.15960E+00
        1265   1.51800E+02   1.20000E-01   7.72670E-02   4.19470E-04   2.81596E-04   0.00000E+00   2.80062E-02   1.00000E+00   0.00000E+00   7.75157E+00   1.23226E-16            15   5.35625E-10   3.15959E+00
        1266   1.51920E+02   1.20000E-01   7.72670E-02   4.20898E-04   2.78156E-04   0.00000E+00   2.79743E-02   1.00000E+00   0.00000E+00   7.75157E+00   1.23014E-16            15   5.38005E-10   3.15959E+00
        1267   1.52040E+02   1.20000E-01   7.72670E-02   4.22312E-04   2.74696E-04   0.00000E+00   2.79419E-02   1.00000E+00   0.00000E+00   7.75157E+00   1.22340E-16            15   5.39482E-10   3.15959E+00
        1268   1.52160E+02   1.20000E-01   7.72670E-02   4.23713E-04   2.71219E-04   0.00000E+00   2.79089E-02   1.00000E+00   0.00000E+00   7.75157E+00   1.21311E-16            15   5.40283E-10   3.15958E+00
        1269   1.52280E+02   1.20000E-01   7.72670E-02   4.25102E-04   2.67724E-04   0.00000E+00   2.78753E-02   1.00000E+00   0.00000E+00   7.75157E+00   1.20429E-16            15   5.40936E-10   3.15958E+00
        1270   1.52400E+02   1.20000E-01   7.72670E-02   4.26475E-04   2.64212E-04   0.00000E+00   2.78413E-02   1.00000E+00   0.00000E+00   7.75157E+00   1.04388E-16            15   5.39891E-10   3.15957E+00
        1271   1.52520E+02   1.20000E-01   7.72670E-02   4.27831E-04   2.60677E-04   0.00000E+00   2.78066E-02   1.00000E+00   0.00000E+00   7.75157E+00   8.81575E-17            15   5.35577E-10   3.15957E+00
        1272   1.52640E+02   1.20000E-01   7.72670E-02   4.29168E-04   2.57122E-04   0.00000E+00   2.77714E-02   1.00000E+00   0.00000E+00   7.75157E+00   8.72579E-17            15   5.36841E-10   3.15956E+00
        1273   1.52760E+02   1.20000E-01   7.72670E-02   4.30489E-04   2.53548E-04   0.00000E+00   2.77358E-02   1.00000E+00   0.00000E+00   7.75157E+00   8.62338E-17            15   5.38069E-10   3.15956E+00
        1274   1.52880E+02   1.20000E-01   7.72670E-02   4.31791E-04   2.49955E-04   0.00000E+00   2.76997E-02   1.00000E+00   0.00000E+00   7.75157E+00   8.52307E-17            15   5.39304E-10   3.15955E+00
        1275   1.53000E+02   1.20000E-01   7.72670E-02   4.33077E-04   2.46345E-04   0.00000E+00   2.76632E-02   1.00000E+00   0.00000E+00   7.75157E+00   8.42130E-17            15   5.40513E-10   3.15954E+00
        1276   1.53120E+02   1.20000E-01   7.72670E-02   4.34346E-04   2.42718E-04   0.00000E+00   2.76262E-02   1.00000E+00   0.00000E+00   7.75157E+00   8.31367E-17            15   5.41811E-10   3.15953E+00
        1277   1.53240E+02   1.20000E-01   7.72670E-02   4.35598E-04   2.39075E-04   0.00000E+00   2.75888E-02   1.00000E+00   0.00000E+00   7.75157E+00   8.20039E-17            15   5.43504E-10   3.15953E+00
        1278   1.53360E+02   1.20000E-01   7.72670E-02   4.36834E-04   2.35417E-04   0.00000E+00   2.75509E-02   1.00000E+00   0.00000E+00   7.75157E+00   8.09899E-17            15   5.44701E-10   3.15952E+00
        1279   1.53480E+02   1.20000E-01   7.72670E-02   4.38053E-04   2.31746E-04   0.00000E+00   2.75125E-02   1.00000E+00   0.00000E+00   7.75157E+00   8.02411E-17            15   5.45855E-10   3.15951E+00
        1280   1.53600E+02   1.20000E-01   7.72670E-02   4.39258E-04   2.28062E-04   0.00000E+00   2.74737E-02   1.00000E+00   0.00000E+00   7.75157E+00   7.94468E-17            15   5.46963E-10   3.15950E+00
        1281   1.53720E+02   1.20000E-01   7.72670E-02   4.40447E-04   2.24367E-04   0.00000E+00   2.74346E-02   1.00000E+00   0.00000E+00   7.75157E+00   7.85963E-17            15   5.47989E-10   3.15949E+00
        1282   1.53840E+02   1.20000E-01   7.72670E-02   4.41620E-04   2.20660E-04   0.00000E+00   2.73949E-02   1.00000E+00   0.00000E+00   7.75157E+00   7.79225E-17            15   5.50079E-10   3.15948E+00
        1283   1.53960E+02   1.20000E-01   7.72670E-02   4.42780E-04   2.16945E-04   0.00000E+00   2.73549E-02   1.00000E+00   0.00000E+00   7.75157E+00   7.70332E-17            15   5.51176E-10   3.15947E+00
        1284   1.54080E+02   1.20000E-01   7.72670E-02   4.43925E-04   2.13220E-04   0.00000E+00   2.73144E-02   1.00000E+00   0.00000E+00   7.75157E+00   7.61865E-17            15   5.52044E-10   3.15945E+00
        1285   1.54200E+02   1.20000E-01   7.72670E-02   4.45056E-04   2.09487E-04   0.00000E+00   2.72735E-02   1.00000E+00   0.00000E+00   7.75157E+00   7.51560E-17            15   5.52666E-10   3.15944E+00
        1286   1.54320E+02   1.20000E-01   7.72670E-02   4.46173E-04   2.05748E-04   0.00000E+00   2.72322E-02   1.00000E+00   0.00000E+00   7.75157E+00   7.53436E-17            15   5.53898E-10   3.15943E+00
        1287   1.54440E+02   1.20000E-01   7.72670E-02   4.47277E-04   2.02002E-04   0.00000E+00   2.71906E-02   1.00000E+00   0.00000E+00   7.75157E+00   7.59267E-17            15   5.54240E-10   3.15942E+00
        1288   1.54560E+02   1.20000E-01   7.72670E-02   4.48367E-04   1.98252E-04   0.00000E+00   2.71486E-02   1.00000E+00   0.00000E+00   7.75157E+00   7.63592E-17            15   5.54452E-10   3.15940E+00
        1289   1.54680E+02   1.20000E-01   7.72670E-02   4.49445E-04   1.96339E-04   0.00000E+00   2.71061E-02   1.00000E+00   0.00000E+00   7.75157E+00   7.66647E-17            15   5.54377E-10   3.15939E+00
        1290   1.54800E+02   1.20000E-01   7.72670E-02   4.50510E-04   1.99647E-04   0.00000E+00   2.70633E-02   1.00000E+00   0.00000E+00   7.75157E+00   7.70979E-17            15   5.54054E-10   3.15938E+00
        1291   1.54920E+02   1.20000E-01   7.72670E-02   4.51563E-04   2.02939E-04   0.00000E+00   2.70202E-02   1.00000E+00   0.00000E+00   7.75157E+00   7.74880E-17            15   5.53404E-10   3.15936E+00
        1292   1.55040E+02   1.20000E-01   7.72670E-02   4.52604E-04   2.06215E-04   0.00000E+00   2.69766E-02   1.00000E+00   0.00000E+00   7.75157E+00   7.78938E-17            15   5.52397E-10   3.15935E+00
        1293   1.55160E+02   1.20000E-01   7.72670E-02   4.53634E-04   2.09474E-04   0.00000E+00   2.69328E-02   1.00000E+00   0.00000E+00   7.75157E+00   7.79890E-17            15   5.50978E-10   3.15933E+00
        1294   1.55280E+02   1.20000E-01   7.72670E-02   4.54651E-04   2.12717E-04   0.00000E+00   2.68885E-02   1.00000E+00   0.00000E+00   7.75157E+00   7.82019E-17            15   5.49089E-10   3.15931E+00
        1295   1.55400E+02   1.20000E-01   7.72670E-02   4.55658E-04   2.15945E-04   0.00000E+00   2.68439E-02   1.00000E+00   0.00000E+00   7.75157E+00   7.82597E-17            15   5.46674E-10   3.15930E+00
        1296   1.55520E+02   1.20000E-01   7.72670E-02   4.56653E-04   2.20953E-04   0.00000E+00   2.67989E-02   1.00000E+00   0.00000E+00   7.75157E+00   7.81614E-17            15   5.43791E-10   3.15928E+00
        1297   1.55640E+02   1.20000E-01   7.72670E-02   4.57638E-04   2.25980E-04   0.00000E+00   2.67536E-02   1.00000E+00   0.00000E+00   7.75157E+00   7.78829E-17            15   5.38333E-10   3.15926E+00
        1298   1.55760E+02   1.20000E-01   7.72670E-02   4.58612E-04   2.31000E-04   0.00000E+00   2.67080E-02   1.00000E+00   0.00000E+00   7.75157E+00   7.73835E-17            15   5.33729E-10   3.15925E+00
        1299   1.55880E+02   1.20000E-01   7.72670E-02   4.59575E-04   2.36010E-04   0.00000E+00   2.66620E-02   1.00000E+00   0.00000E+00   7.75157E+00   7.67351E-17            15   5.28313E-10   3.15923E+00
        1300   1.56000E+02   1.20000E-01   7.72670E-02   4.60528E-04   2.41012E-04   0.00000E+00   2.66157E-02   1.00000E+00   0.00000E+00   7.75157E+00   7.57554E-17            15   5.22041E-10   3.15921E+00
        1301   1.56120E+02   1.20000E-01   7.72670E-02   4.61471E-04   2.46004E-04   0.00000E+00   2.65690E-02   1.00000E+00   0.00000E+00   7.75157E+00   7.45339E-17            15   5.14882E-10   3.15919E+00
        1302   1.56240E+02   1.20000E-01   7.72670E-02   4.62404E-04   2.50988E-04   0.00000E+00   2.65220E-02   1.00000E+00   0.00000E+00   7.75157E+00   7.28522E-17            15   5.06878E-10   3.15917E+00
        1303   1.56360E+02   1.20000E-01   7.72670E-02   4.63327E-04   2.55962E-04   0.00000E+00   2.64747E-02   1.00000E+00   0.00000E+00   7.75157E+00   7.09134E-17            15   4.97998E-10   3.15915E+00
        1304   1.56480E+02   1.20000E-01   7.72670E-02   4.64241E-04   2.60927E-04   0.00000E+00   2.64270E-02   1.00000E+00   0.00000E+00   7.75157E+00   6.86017E-17            15   4.88426E-10   3.15913E+00
        1305   1.56600E+02   1.20000E-01   7.72670E-02   4.65145E-04   2.65882E-04   0.00000E+00   2.63790E-02   1.00000E+00   0.00000E+00   7.75157E+00   6.59224E-17            15   4.78337E-10   3.15911E+00
        1306   1.56720E+02   1.20000E-01   7.72670E-02   4.66040E-04   2.70827E-04   0.00000E+00   2.63307E-02   1.00000E+00   0.00000E+00   7.75157E+00   6.27906E-17            15   4.68020E-10   3.15909E+00
        1307   1.56840E+02   1.20000E-01   7.72670E-02   4.66925E-04   2.75763E-04   0.00000E+00   2.62820E-02   1.00000E+00   0.00000E+00   7.75157E+00   5.93862E-17            15   4.57860E-10   3.15907E+00
        1308   1.56960E+02   1.20000E-01   7.72670E-02   4.67802E-04   2.80688E-04   0.00000E+00   2.62330E-02   1.00000E+00   0.00000E+00   7.75157E+00   5.67911E-17            15   4.48340E-10   3.15905E+00
        1309   1.57080E+02   1.20000E-01   7.72670E-02   4.68669E-04   2.85604E-04   0.00000E+00   2.61839E-02   1.00000E+00   0.00000E+00   7.75157E+00   6.00452E-17            15   4.40037E-10   3.15902E+00
        1310   1.57200E+02   1.20000E-01   7.72670E-02   4.69526E-04   2.90509E-04   0.00000E+00   2.61344E-02   1.00000E+00   0.00000E+00   7.75157E+00   6.26425E-17            15   4.33295E-10   3.15900E+00
        1311   1.57320E+02   1.20000E-01   7.72670E-02   4.70375E-04   2.95403E-04   0.00000E+00   2.60844E-02   1.00000E+00   0.00000E+00   7.75157E+00   6.47791E-17            15   4.28607E-10   3.15898E+00
        1312   1.57440E+02   1.20000E-01   7.72670E-02   4.71214E-04   3.00287E-04   0.00000E+00   2.60342E-02   1.00000E+00   0.00000E+00   7.75157E+00   6.61542E-17            15   4.26544E-10   3.15895E+00
        1313   1.57560E+02   1.20000E-01   7.72670E-02   4.72044E-04   3.05160E-04   0.00000E+00   2.59837E-02   1.00000E+00   0.00000E+00   7.75157E+00   6.70056E-17            15   4.27074E-10   3.15893E+00
        1314   1.57680E+02   1.20000E-01   7.72670E-02   4.72864E-04   3.10022E-04   0.00000E+00   2.59329E-02   1.00000E+00   0.00000E+00   7.75157E+00   6.70352E-17            15   4.30183E-10   3.15890E+00
        1315   1.57800E+02   1.20000E-01   7.72670E-02   4.73676E-04   3.14873E-04   0.00000E+00   2.58817E-02   1.00000E+00   0.00000E+00   7.75157E+00   6.66050E-17            15   4.35700E-10   3.15888E+00
        1316   1.57920E+02   1.20000E-01   7.72670E-02   4.74479E-04   3.19714E-04   0.00000E+00   2.58301E-02   1.00000E+00   0.00000E+00   7.75157E+00   6.55015E-17            15   4.43304E-10   3.15885E+00
        1317   1.58040E+02   1.20000E-01   7.72670E-02   4.75273E-04   3.24542E-04   0.00000E+00   2.57782E-02   1.00000E+00   0.00000E+00   7.75157E+00   6.38943E-17            15   4.52612E-10   3.15883E+00
        1318   1.58160E+02   1.20000E-01   7.72670E-02   4.76058E-04   3.29360E-04   0.00000E+00   2.57260E-02   1.00000E+00   0.00000E+00   7.75157E+00   6.19205E-17            15   4.63151E-10   3.15880E+00
        1319   1.58280E+02   1.20000E-01   7.72670E-02   4.76834E-04   3.34166E-04   0.00000E+00   2.56735E-02   1.00000E+00   0.00000E+00   7.75157E+00   5.99975E-17            15   4.74536E-10   3.15877E+00
        1320   1.58400E+02   1.20000E-01   7.72670E-02   4.77601E-04   3.38960E-04   0.00000E+00   2.56206E-02   1.00000E+00   0.00000E+00   7.75157E+00   5.75230E-17            15   4.86422E-10   3.15875E+00
        1321   1.58520E+02   1.20000E-01   7.72670E-02   4.78359E-04   3.43743E-04   0.00000E+00   2.55674E-02   1.00000E+00   0.00000E+00   7.75157E+00   5.49892E-17            15   4.98522E-10   3.15872E+00
        1322   1.58640E+02   1.20000E-01   7.72670E-02   4.79108E-04   3.48513E-04   0.00000E+00   2.55138E-02   1.00000E+00   0.00000E+00   7.75157E+00   5.62458E-17            15   5.10614E-10   3.15869E+00
        1323   1.58760E+02   1.20000E-01   7.72670E-02   4.79848E-04   3.53272E-04   0.00000E+00   2.54599E-02   1.00000E+00   0.00000E+00   7.75157E+00   5.72789E-17            15   5.22533E-10   3.15866E+00
        1324   1.58880E+02   1.20000E-01   7.72670E-02   4.80579E-04   3.58018E-04   0.00000E+00   2.54057E-02   1.00000E+00   0.00000E+00   7.75157E+00   5.80818E-17            15   5.34164E-10   3.15864E+00
        1325   1.59000E+02   1.20000E-01   7.72670E-02   4.81301E-04   3.62753E-04   0.00000E+00   2.53511E-02   1.00000E+00   0.00000E+00   7.75157E+00   5.88196E-17            15   5.45436E-10   3.15861E+00
        1326   1.59120E+02   1.20000E-01   7.72670E-02   4.82015E-04   3.67474E-04   0.00000E+00   2.52962E-02   1.00000E+00   0.00000E+00   7.75157E+00   5.93123E-17            15   5.56295E-10   3.15858E+00
        1327   1.59240E+02   1.20000E-01   7.72670E-02   4.82719E-04   3.72184E-04   0.00000E+00   2.52409E-02   1.00000E+00   0.00000E+00   7.75157E+00   5.96951E-17            15   5.66731E-10   3.15855E+00
        1328   1.59360E+02   1.20000E-01   7.72670E-02   4.83414E-04   3.76881E-04   0.00000E+00   2.51852E-02   1.00000E+00   0.00000E+00   7.75157E+00   5.99157E-17            15   5.76727E-10   3.15852E+00
        1329   1.59480E+02   1.20000E-01   7.72670E-02   4.84099E-04   3.81565E-04   0.00000E+00   2.51293E-02   1.00000E+00   0.00000E+00   7.75157E+00   6.01282E-17            15   5.86303E-10   3.15849E+00
        1330   1.59600E+02   1.20000E-01   7.72670E-02   4.84776E-04   3.86236E-04   0.00000E+00   2.50729E-02   1.00000E+00   0.00000E+00   7.75157E+00   6.01465E-17            15   5.95458E-10   3.15845E+00
        1331   1.59720E+02   1.20000E-01   7.72670E-02   4.85443E-04   3.90894E-04   0.00000E+00   2.50162E-02   1.00000E+00   0.00000E+00   7.75157E+00   6.01636E-17            15   6.04217E-10   3.15842E+00
        1332   1.59840E+02   1.20000E-01   7.72670E-02   4.86101E-04   3.95540E-04   0.00000E+00   2.49592E-02   1.00000E+00   0.00000E+00   7.75157E+00   6.01151E-17            15   6.12599E-10   3.15839E+00
        1333   1.59960E+02   1.20000E-01   7.72670E-02   4.86749E-04   4.00172E-04   0.00000E+00   2.49018E-02   1.00000E+00   0.00000E+00   7.75157E+00   6.00052E-17            15   6.20629E-10   3.15836E+00
        1334   1.60080E+02   1.20000E-01   7.72670E-02   4.87388E-04   4.04791E-04   0.00000E+00   2.48440E-02   1.00000E+00   0.00000E+00   7.75157E+00   5.98243E-17            15   6.28339E-10   3.15833E+00
        1335   1.60200E+02   1.20000E-01   7.72670E-02   4.88017E-04   4.09396E-04   0.00000E+00   2.47859E-02   1.00000E+00   0.00000E+00   7.75157E+00   5.95122E-17            15   6.36523E-10   3.15829E+00
        1336   1.60320E+02   1.20000E-01   7.72670E-02   4.88634E-04   4.13988E-04   0.00000E+00   2.47274E-02   1.00000E+00   0.00000E+00   7.75157E+00   5.90912E-17            15   6.44655E-10   3.15826E+00
        1337   1.60440E+02   1.20000E-01   7.72670E-02   4.89240E-04   4.18567E-04   0.00000E+00   2.46685E-02   1.00000E+00   0.00000E+00   7.75157E+00   5.87918E-17            15   6.51398E-10   3.15823E+00
        1338   1.60560E+02   1.20000E-01   7.72670E-02   4.89835E-04   4.23131E-04   0.00000E+00   2.46093E-02   1.00000E+00   0.00000E+00   7.75157E+00   5.84665E-17            15   6.57892E-10   3.15819E+00
        1339   1.60680E+02   1.20000E-01   7.72670E-02   4.90418E-04   4.27682E-04   0.00000E+00   2.45497E-02   1.00000E+00   0.00000E+00   7.75157E+00   5.81145E-17            15   6.64151E-10   3.15816E+00
        1340   1.60800E+02   1.20000E-01   7.72670E-02   4.90989E-04   4.32219E-04   0.00000E+00   2.44897E-02   1.00000E+00   0.00000E+00   7.75157E+00   5.77744E-17            15   6.70204E-10   3.15812E+00
        1341   1.60920E+02   1.20000E-01   7.72670E-02   4.91549E-04   4.36742E-04   0.00000E+00   2.44294E-02   1.00000E+00   0.00000E+00   7.75157E+00   5.74054E-17            15   6.76045E-10   3.15809E+00
        1342   1.61040E+02   1.20000E-01   7.72670E-02   4.92096E-04   4.41251E-04   0.00000E+00   2.43687E-02   1.00000E+00   0.00000E+00   7.75157E+00   5.70372E-17            15   6.81707E-10   3.15805E+00
        1343   1.61160E+02   1.20000E-01   7.72670E-02   4.92632E-04   4.45746E-04   0.00000E+00   2.43076E-02   1.00000E+00   0.00000E+00   7.75157E+00   5.66424E-17            15   6.87200E-10   3.15801E+00
        1344   1.61280E+02   1.20000E-01   7.72670E-02   4.93156E-04   4.50226E-04   0.00000E+00   2.42461E-02   1.00000E+00   0.00000E+00   7.75157E+00   5.62442E-17            15   6.92526E-10   3.15798E+00
        1345   1.61400E+02   1.20000E-01   7.72670E-02   4.93668E-04   4.54692E-04   0.00000E+00   2.41843E-02   1.00000E+00   0.00000E+00   7.75157E+00   5.58839E-17            15   6.97726E-10   3.15794E+00
        1346   1.61520E+02   1.20000E-01   7.72670E-02   4.94168E-04   4.59144E-04   0.00000E+00   2.41221E-02   1.00000E+00   0.00000E+00   7.75157E+00   5.54773E-17            15   7.02768E-10   3.15790E+00
        1347   1.61640E+02   1.20000E-01   7.72670E-02   4.94656E-04   4.63581E-04   0.00000E+00   2.40594E-02   1.00000E+00   0.00000E+00   7.75157E+00   5.50712E-17            15   7.07682E-10   3.15786E+00
        1348   1.61760E+02   1.20000E-01   7.72670E-02   4.95131E-04   4.68003E-04   0.00000E+00   2.39965E-02   1.00000E+00   0.00000E+00   7.75157E+00   5.46841E-17            15   7.12459E-10   3.15783E+00
        1349   1.61880E+02   1.20000E-01   7.72670E-02   4.95594E-04   4.72410E-04   0.00000E+00   2.39331E-02   1.00000E+00   0.00000E+00   7.75157E+00   5.46255E-17            15   7.17127E-10   3.15779E+00
        1350   1.62000E+02   1.20000E-01   7.72670E-02   4.96045E-04   4.76803E-04   0.00000E+00   2.38693E-02   1.00000E+00   0.00000E+00   7.75157E+00   5.45729E-17            15   7.21690E-10   3.15775E+00
        1351   1.62120E+02   1.20000E-01   7.72670E-02   4.96482E-04   4.81180E-04   0.00000E+00   2.38052E-02   1.00000E+00   0.00000E+00   7.75157E+00   5.45122E-17            15   7.26146E-10   3.15771E+00
        1352   1.62240E+02   1.20000E-01   7.72670E-02   4.96908E-04   4.85543E-04   0.00000E+00   2.37406E-02   1.00000E+00   0.00000E+00   7.75157E+00   5.44320E-17            15   7.30513E-10   3.15767E+00
        1353   1.62360E+02   1.20000E-01   7.72670E-02   4.97320E-04   4.89890E-04   0.00000E+00   2.36757E-02   1.00000E+00   0.00000E+00   7.75157E+00   5.43403E-17            15   7.34761E-10   3.15763E+00
        1354   1.62480E+02   1.20000E-01   7.72670E-02   4.97720E-04   4.94222E-04   0.00000E+00   2.36104E-02   1.00000E+00   0.00000E+00   7.75157E+00   5.42420E-17            15   7.38937E-10   3.15759E+00
        1355   1.62600E+02   1.20000E-01   7.72670E-02   4.98107E-04   4.98538E-04   0.00000E+00   2.35447E-02   1.00000E+00   0.00000E+00   7.75157E+00   5.41340E-17            15   7.43033E-10   3.15755E+00
        1356   1.62720E+02   1.20000E-01   7.72670E-02   4.98480E-04   5.02839E-04   0.00000E+00   2.34786E-02   1.00000E+00   0.00000E+00   7.75157E+00   5.39977E-17            15   7.47036E-10   3.15751E+00
        1357   1.62840E+02   1.20000E-01   7.72670E-02   4.98841E-04   5.07125E-04   0.00000E+00   2.34121E-02   1.00000E+00   0.00000E+00   7.75157E+00   5.38736E-17            15   7.50992E-10   3.15747E+00
        1358   1.62960E+02   1.20000E-01   7.72670E-02   4.99188E-04   5.11395E-04   0.00000E+00   2.33452E-02   1.00000E+00   0.00000E+00   7.75157E+00   5.36963E-17            15   7.54830E-10   3.15742E+00
        1359   1.63080E+02   1.20000E-01   7.72670E-02   4.99522E-04   5.15649E-04   0.00000E+00   2.32779E-02   1.00000E+00   0.00000E+00   7.75157E+00   5.35533E-17            15   7.58617E-10   3.15738E+00
        1360   1.63200E+02   1.20000E-01   7.72670E-02   4.99843E-04   5.19888E-04   0.00000E+00   2.32102E-02   1.00000E+00   0.00000E+00   7.75157E+00   5.33507E-17            15   7.62350E-10   3.15734E+00
        1361   1.63320E+02   1.20000E-01   7.72670E-02   5.00150E-04   5.24110E-04   0.00000E+00   2.31422E-02   1.00000E+00   0.00000E+00   7.75157E+00   5.31851E-17            15   7.65923E-10   3.15730E+00
        1362   1.63440E+02   1.20000E-01   7.72670E-02   5.00443E-04   5.28317E-04   0.00000E+00   2.30737E-02   1.00000E+00   0.00000E+00   7.75157E+00   5.29959E-17            15   7.69493E-10   3.15725E+00
        1363   1.63560E+02   1.20000E-01   7.72670E-02   5.00723E-04   5.32507E-04   0.00000E+00   2.30049E-02   1.00000E+00   0.00000E+00   7.75157E+00   5.27854E-17            15   7.73018E-10   3.15721E+00
        1364   1.63680E+02   1.20000E-01   7.72670E-02   5.00989E-04   5.36681E-04   0.00000E+00   2.29356E-02   1.00000E+00   0.00000E+00   7.75157E+00   5.25692E-17            15   7.76486E-10   3.15717E+00
        1365   1.63800E+02   1.20000E-01   7.72670E-02   5.01241E-04   5.40839E-04   0.00000E+00   2.28660E-02   1.00000E+00   0.00000E+00   7.75157E+00   5.23485E-17            15   7.79897E-10   3.15712E+00
        1366   1.63920E+02   1.20000E-01   7.72670E-02   5.01479E-04   5.44980E-04   0.00000E+00   2.27959E-02   1.00000E+00   0.00000E+00   7.75157E+00   5.21043E-17            15   7.83250E-10   3.15708E+00
        1367   1.64040E+02   1.20000E-01   7.72670E-02   5.01703E-04   5.49105E-04   0.00000E+00   2.27255E-02   1.00000E+00   0.00000E+00   7.75157E+00   5.18667E-17            15   7.86549E-10   3.15703E+00
        1368   1.64160E+02   1.20000E-01   7.72670E-02   5.01913E-04   5.53213E-04   0.00000E+00   2.26547E-02   1.00000E+00   0.00000E+00   7.75157E+00   5.16138E-17            15   7.89773E-10   3.15699E+00
        1369   1.64280E+02   1.20000E-01   7.72670E-02   5.02109E-04   5.57305E-04   0.00000E+00   2.25835E-02   1.00000E+00   0.00000E+00   7.75157E+00   5.13525E-17            15   7.92999E-10   3.15694E+00
        1370   1.64400E+02   1.20000E-01   7.72670E-02   5.02290E-04   5.61380E-04   0.00000E+00   2.25119E-02   1.00000E+00   0.00000E+00   7.75157E+00   5.10922E-17            15   7.96033E-10   3.15690E+00
        1371   1.64520E+02   1.20000E-01   7.72670E-02   5.02458E-04   5.65438E-04   0.00000E+00   2.24399E-02   1.00000E+00   0.00000E+00   7.75157E+00   5.07924E-17            15   7.99208E-10   3.15685E+00
        1372   1.64640E+02   1.20000E-01   7.72670E-02   5.02610E-04   5.69480E-04   0.00000E+00   2.23676E-02   1.00000E+00   0.00000E+00   7.75157E+00   5.05263E-17            15   8.02180E-10   3.15680E+00
        1373   1.64760E+02   1.20000E-01   7.72670E-02   5.02748E-04   5.73504E-04   0.00000E+00   2.22948E-02   1.00000E+00   0.00000E+00   7.75157E+00   5.02189E-17            15   8.05162E-10   3.15676E+00
        1374   1.64880E+02   1.20000E-01   7.72670E-02   5.02872E-04   5.77511E-04   0.00000E+00   2.22217E-02   1.00000E+00   0.00000E+00   7.75157E+00   4.99157E-17            15   8.08054E-10   3.15671E+00
        1375   1.65000E+02   1.20000E-01   7.72670E-02   5.02981E-04   5.81502E-04   0.00000E+00   2.21482E-02   1.00000E+00   0.00000E+00   7.75157E+00   4.96046E-17            15   8.10932E-10   3.15666E+00
        1376   1.65120E+02   1.20000E-01   7.72670E-02   5.03075E-04   5.85475E-04   0.00000E+00   2.20743E-02   1.00000E+00   0.00000E+00   7.75157E+00   4.92962E-17            15   8.13704E-10   3.15661E+00
        1377   1.65240E+02   1.20000E-01   7.72670E-02   5.03154E-04   5.89430E-04   0.00000E+00   2.20000E-02   1.00000E+00   0.00000E+00   7.75157E+00   4.89732E-17            15   8.16477E-10   3.15656E+00
        1378   1.65360E+02   1.20000E-01   7.72670E-02   5.03218E-04   5.93368E-04   0.00000E+00   2.19253E-02   1.00000E+00   0.00000E+00   7.75157E+00   4.86348E-17            15   8.19149E-10   3.15652E+00
        1379   1.65480E+02   1.20000E-01   7.72670E-02   5.03268E-04   5.97289E-04   0.00000E+00   2.18503E-02   1.00000E+00   0.00000E+00   7.75157E+00   4.83074E-17            15   8.21821E-10   3.15647E+00
        1380   1.65600E+02   1.20000E-01   7.72670E-02   5.03302E-04   6.01192E-04   0.00000E+00   2.17749E-02   1.00000E+00   0.00000E+00   7.75157E+00   4.79597E-17            15   8.24421E-10   3.15642E+00
        1381   1.65720E+02   1.20000E-01   7.72670E-02   5.03321E-04   6.05076E-04   0.00000E+00   2.16991E-02   1.00000E+00   0.00000E+00   7.75157E+00   4.76055E-17            15   8.26913E-10   3.15637E+00
        1382   1.65840E+02   1.20000E-01   7.72670E-02   5.03325E-04   6.08943E-04   0.00000E+00   2.16230E-02   1.00000E+00   0.00000E+00   7.75157E+00   4.72523E-17            15   8.29378E-10   3.15632E+00
        1383   1.65960E+02   1.20000E-01   7.72670E-02   5.03314E-04   6.12793E-04   0.00000E+00   2.15465E-02   1.00000E+00   0.00000E+00   7.75157E+00   4.68908E-17            15   8.31786E-10   3.15627E+00
        1384   1.66080E+02   1.20000E-01   7.72670E-02   5.03288E-04   6.16623E-04   0.00000E+00   2.14696E-02   1.00000E+00   0.00000E+00   7.75157E+00   4.65202E-17            15   8.34134E-10   3.15622E+00
        1385   1.66200E+02   1.20000E-01   7.72670E-02   5.03246E-04   6.20436E-04   0.00000E+00   2.13923E-02   1.00000E+00   0.00000E+00   7.75157E+00   4.61546E-17            15   8.36429E-10   3.15617E+00
        1386   1.66320E+02   1.20000E-01   7.72670E-02   5.03189E-04   6.24231E-04   0.00000E+00   2.13147E-02   1.00000E+00   0.00000E+00   7.75157E+00   4.57767E-17            15   8.38657E-10   3.15612E+00
        1387   1.66440E+02   1.20000E-01   7.72670E-02   5.03117E-04   6.28007E-04   0.00000E+00   2.12368E-02   1.00000E+00   0.00000E+00   7.75157E+00   4.53930E-17            15   8.40813E-10   3.15606E+00
        1388   1.66560E+02   1.20000E-01   7.72670E-02   5.03029E-04   6.31765E-04   0.00000E+00   2.11585E-02   1.00000E+00   0.00000E+00   7.75157E+00   4.49978E-17            15   8.42936E-10   3.15601E+00
        1389   1.66680E+02   1.20000E-01   7.72670E-02   5.02925E-04   6.35504E-04   0.00000E+00   2.10798E-02   1.00000E+00   0.00000E+00   7.75157E+00   4.46120E-17            15   8.44954E-10   3.15596E+00
        1390   1.66800E+02   1.20000E-01   7.72670E-02   5.02806E-04   6.39224E-04   0.00000E+00   2.10008E-02   1.00000E+00   0.00000E+00   7.75157E+00   4.42259E-17            15   8.46936E-10   3.15591E+00
        1391   1.66920E+02   1.20000E-01   7.72670E-02   5.02671E-04   6.42926E-04   0.00000E+00   2.09214E-02   1.00000E+00   0.00000E+00   7.75157E+00   4.38233E-17            15   8.48843E-10   3.15585E+00
        1392   1.67040E+02   1.20000E-01   7.72670E-02   5.02521E-04   6.46609E-04   0.00000E+00   2.08418E-02   1.00000E+00   0.00000E+00   7.75157E+00   4.34095E-17            15   8.50710E-10   3.15580E+00
        1393   1.67160E+02   1.20000E-01   7.72670E-02   5.02355E-04   6.50273E-04   0.00000E+00   2.07617E-02   1.00000E+00   0.00000E+00   7.75157E+00   4.30165E-17            15   8.52465E-10   3.15575E+00
        1394   1.67280E+02   1.20000E-01   7.72670E-02   5.02174E-04   6.53918E-04   0.00000E+00   2.06813E-02   1.00000E+00   0.00000E+00   7.75157E+00   4.25974E-17            15   8.54226E-10   3.15570E+00
        1395   1.67400E+02   1.20000E-01   7.72670E-02   5.01976E-04   6.57544E-04   0.00000E+00   2.06006E-02   1.00000E+00   0.00000E+00   7.75157E+00   4.22020E-17            15   8.55832E-10   3.15564E+00
        1396   1.67520E+02   1.20000E-01   7.72670E-02   5.01763E-04   6.61150E-04   0.00000E+00   2.05196E-02   1.00000E+00   0.00000E+00   7.75157E+00   4.18953E-17            15   8.57424E-10   3.15559E+00
        1397   1.67640E+02   1.20000E-01   7.72670E-02   5.01534E-04   6.64737E-04   0.00000E+00   2.04383E-02   1.00000E+00   0.00000E+00   7.75157E+00   4.16401E-17            15   8.58938E-10   3.15553E+00
        1398   1.67760E+02   1.20000E-01   7.72670E-02   5.01289E-04   6.68304E-04   0.00000E+00   2.03566E-02   1.00000E+00   0.00000E+00   7.75157E+00   4.14026E-17            15   8.60402E-10   3.15548E+00
        1399   1.67880E+02   1.20000E-01   7.72670E-02   5.01029E-04   6.71852E-04   0.00000E+00   2.02746E-02   1.00000E+00   0.00000E+00   7.75157E+00   4.11338E-17            15   8.61800E-10   3.15542E+00
        1400   1.68000E+02   1.20000E-01   7.72670E-02   5.00752E-04   6.75381E-04   0.00000E+00   2.01923E-02   1.00000E+00   0.00000E+00   7.75157E+00   4.09575E-17            15   8.63149E-10   3.15537E+00
        1401   1.68120E+02   1.20000E-01   7.72670E-02   5.00460E-04   6.78889E-04   0.00000E+00   2.01097E-02   1.00000E+00   0.00000E+00   7.75157E+00   4.07074E-17            15   8.64418E-10   3.15531E+00
        1402   1.68240E+02   1.20000E-01   7.72670E-02   5.00152E-04   6.82377E-04   0.00000E+00   2.00267E-02   1.00000E+00   0.00000E+00   7.75157E+00   4.04464E-17            15   8.65628E-10   3.15526E+00
        1403   1.68360E+02   1.20000E-01   7.72670E-02   4.99827E-04   6.85846E-04   0.00000E+00   1.99435E-02   1.00000E+00   0.00000E+00   7.75157E+00   4.01647E-17            15   8.66813E-10   3.15520E+00
        1404   1.68480E+02   1.20000E-01   7.72670E-02   4.99487E-04   6.89294E-04   0.00000E+00   1.98600E-02   1.00000E+00   0.00000E+00   7.75157E+00   3.98960E-17            15   8.67945E-10   3.15514E+00
        1405   1.68600E+02   1.20000E-01   7.72670E-02   4.99854E-04   6.92722E-04   0.00000E+00   1.97761E-02   1.00000E+00   0.00000E+00   7.75157E+00   3.98515E-17            15   8.69010E-10   3.15509E+00
        1406   1.68720E+02   1.20000E-01   7.72670E-02   5.01103E-04   6.96129E-04   0.00000E+00   1.96920E-02   1.00000E+00   0.00000E+00   7.75157E+00   4.01418E-17            15   8.70035E-10   3.15503E+00
        1407   1.68840E+02   1.20000E-01   7.72670E-02   5.02336E-04   6.99516E-04   0.00000E+00   1.96076E-02   1.00000E+00   0.00000E+00   7.75157E+00   4.04275E-17            15   8.71037E-10   3.15497E+00
        1408   1.68960E+02   1.20000E-01   7.72670E-02   5.03554E-04   7.02883E-04   0.00000E+00   1.95229E-02   1.00000E+00   0.00000E+00   7.75157E+00   4.06262E-17            15   8.71989E-10   3.15491E+00
        1409   1.69080E+02   1.20000E-01   7.72670E-02   5.04755E-04   7.06228E-04   0.00000E+00   1.94379E-02   1.00000E+00   0.00000E+00   7.75157E+00   4.05995E-17            15   8.72932E-10   3.15486E+00
        1410   1.69200E+02   1.20000E-01   7.72670E-02   5.05940E-04   7.09553E-04   0.00000E+00   1.93527E-02   1.00000E+00   0.00000E+00   7.75157E+00   4.07035E-17            15   8.73843E-10   3.15480E+00
        1411   1.69320E+02   1.20000E-01   7.72670E-02   5.07109E-04   7.12857E-04   0.00000E+00   1.92671E-02   1.00000E+00   0.00000E+00   7.75157E+00   4.08064E-17            15   8.74747E-10   3.15474E+00
        1412   1.69440E+02   1.20000E-01   7.72670E-02   5.08261E-04   7.16139E-04   0.00000E+00   1.91813E-02   1.00000E+00   0.00000E+00   7.75157E+00   4.08919E-17            15   8.75653E-10   3.15468E+00
        1413   1.69560E+02   1.20000E-01   7.72670E-02   5.09398E-04   7.19401E-04   0.00000E+00   1.90953E-02   1.00000E+00   0.00000E+00   7.75157E+00   4.10105E-17            15   8.76550E-10   3.15462E+00
        1414   1.69680E+02   1.20000E-01   7.72670E-02   5.10518E-04   7.22641E-04   0.00000E+00   1.90090E-02   1.00000E+00   0.00000E+00   7.75157E+00   4.12373E-17            15   8.77463E-10   3.15456E+00
        1415   1.69800E+02   1.20000E-01   7.72670E-02   5.11622E-04   7.25859E-04   0.00000E+00   1.89224E-02   1.00000E+00   0.00000E+00   7.75157E+00   4.13011E-17            15   8.78397E-10   3.15450E+00
        1416   1.69920E+02   1.20000E-01   7.72670E-02   5.12709E-04   7.29056E-04   0.00000E+00   1.88356E-02   1.00000E+00   0.00000E+00   7.75157E+00   4.12733E-17            15   8.79393E-10   3.15444E+00
        1417   1.70040E+02   1.20000E-01   7.72670E-02   5.13780E-04   7.32231E-04   0.00000E+00   1.87485E-02   1.00000E+00   0.00000E+00   7.75157E+00   4.10483E-17            15   8.80375E-10   3.15438E+00
        1418   1.70160E+02   1.20000E-01   7.72670E-02   5.14834E-04   7.35385E-04   0.00000E+00   1.86612E-02   1.00000E+00   0.00000E+00   7.75157E+00   4.11241E-17            15   8.81424E-10   3.15432E+00
        1419   1.70280E+02   1.20000E-01   7.72670E-02   5.15872E-04   7.38516E-04   0.00000E+00   1.85736E-02   1.00000E+00   0.00000E+00   7.75157E+00   4.11365E-17            15   8.82555E-10   3.15426E+00
        1420   1.70400E+02   1.20000E-01   7.72670E-02   5.16893E-04   7.41625E-04   0.00000E+00   1.84858E-02   1.00000E+00   0.00000E+00   7.75157E+00   4.11192E-17            15   8.83831E-10   3.15420E+00
        1421   1.70520E+02   1.20000E-01   7.72670E-02   5.17898E-04   7.44712E-04   0.00000E+00   1.83977E-02   1.00000E+00   0.00000E+00   7.75157E+00   4.12585E-17            15   8.85001E-10   3.15414E+00
        1422   1.70640E+02   1.20000E-01   7.72670E-02   5.18886E-04   7.47776E-04   0.00000E+00   1.83094E-02   1.00000E+00   0.00000E+00   7.75157E+00   3.53822E-17            15   8.79363E-10   3.15408E+00
        1423   1.70760E+02   1.20000E-01   7.72670E-02   5.19858E-04   7.50818E-04   0.00000E+00   1.82209E-02   1.00000E+00   0.00000E+00   7.75157E+00   3.53324E-17            15   8.80494E-10   3.15402E+00
        1424   1.70880E+02   1.20000E-01   7.72670E-02   5.20813E-04   7.53838E-04   0.00000E+00   1.81322E-02   1.00000E+00   0.00000E+00   7.75157E+00   3.51163E-17            15   8.81631E-10   3.15396E+00
        1425   1.71000E+02   1.20000E-01   7.72670E-02   5.21751E-04   7.56835E-04   0.00000E+00   1.80432E-02   1.00000E+00   0.00000E+00   7.75157E+00   3.51784E-17            15   8.83505E-10   3.15390E+00
        1426   1.71120E+02   1.20000E-01   7.72670E-02   5.22673E-04   7.59809E-04   0.00000E+00   1.79540E-02   1.00000E+00   0.00000E+00   7.75157E+00   3.47115E-17            15   8.84604E-10   3.15383E+00
        1427   1.71240E+02   1.20000E-01   7.72670E-02   5.23578E-04   7.62760E-04   0.00000E+00   1.78646E-02   1.00000E+00   0.00000E+00   7.75157E+00   3.46341E-17            15   8.86475E-10   3.15377E+00
        1428   1.71360E+02   1.20000E-01   7.72670E-02   5.24467E-04   7.65688E-04   0.00000E+00   1.77750E-02   1.00000E+00   0.00000E+00   7.75157E+00   3.44275E-17            15   8.88479E-10   3.15371E+00
        1429   1.71480E+02   1.20000E-01   7.72670E-02   5.25338E-04   7.68593E-04   0.00000E+00   1.76852E-02   1.00000E+00   0.00000E+00   7.75157E+00   3.44885E-17            15   8.90644E-10   3.15365E+00
        1430   1.71600E+02   1.20000E-01   7.72670E-02   5.26194E-04   7.71474E-04   0.00000E+00   1.75952E-02   1.00000E+00   0.00000E+00   7.75157E+00   3.42959E-17            15   8.92929E-10   3.15358E+00
        1431   1.71720E+02   1.20000E-01   7.72670E-02   5.27032E-04   7.74331E-04   0.00000E+00   1.75049E-02   1.00000E+00   0.00000E+00   7.75157E+00   3.37744E-17            15   8.95480E-10   3.15352E+00
        1432   1.71840E+02   1.20000E-01   7.72670E-02   5.27853E-04   7.77164E-04   0.00000E+00   1.74145E-02   1.00000E+00   0.00000E+00   7.75157E+00   3.38066E-17            15   8.98036E-10   3.15346E+00
        1433   1.71960E+02   1.20000E-01   7.72670E-02   5.28658E-04   7.79973E-04   0.00000E+00   1.73239E-02   1.00000E+00   0.00000E+00   7.75157E+00   3.35385E-17            15   9.00418E-10   3.15339E+00
        1434   1.72080E+02   1.20000E-01   7.72670E-02   5.29445E-04   7.82758E-04   0.00000E+00   1.72331E-02   1.00000E+00   0.00000E+00   7.75157E+00   3.33826E-17            15   9.03668E-10   3.15333E+00
        1435   1.72200E+02   1.20000E-01   7.72670E-02   5.30216E-04   7.85519E-04   0.00000E+00   1.71420E-02   1.00000E+00   0.00000E+00   7.75157E+00   3.30905E-17            15   9.06585E-10   3.15327E+00
        1436   1.72320E+02   1.20000E-01   7.72670E-02   5.30970E-04   7.88256E-04   0.00000E+00   1.70508E-02   1.00000E+00   0.00000E+00   7.75157E+00   3.27683E-17            15   9.09986E-10   3.15320E+00
        1437   1.72440E+02   1.20000E-01   7.72670E-02   5.31707E-04   7.90968E-04   0.00000E+00   1.69594E-02   1.00000E+00   0.00000E+00   7.75157E+00   3.24481E-17            15   9.13364E-10   3.15314E+00
        1438   1.72560E+02   1.20000E-01   7.72670E-02   5.32426E-04   7.93656E-04   0.00000E+00   1.68679E-02   1.00000E+00   0.00000E+00   7.75157E+00   3.23943E-17            15   9.16915E-10   3.15307E+00
        1439   1.72680E+02   1.20000E-01   7.72670E-02   5.33129E-04   7.96318E-04   0.00000E+00   1.67761E-02   1.00000E+00   0.00000E+00   7.75157E+00   3.19716E-17            15   9.20492E-10   3.15301E+00
        1440   1.72800E+02   1.20000E-01   7.72670E-02   5.33815E-04   7.98956E-04   0.00000E+00   1.66842E-02   1.00000E+00   0.00000E+00   7.75157E+00   3.19121E-17            15   9.24193E-10   3.15294E+00
        1441   1.72920E+02   1.20000E-01   7.72670E-02   5.34484E-04   8.01569E-04   0.00000E+00   1.65921E-02   1.00000E+00   0.00000E+00   7.75157E+00   3.15313E-17            15   9.28027E-10   3.15288E+00
        1442   1.73040E+02   1.20000E-01   7.72670E-02   5.35135E-04   8.04157E-04   0.00000E+00   1.64998E-02   1.00000E+00   0.00000E+00   7.75157E+00   3.14801E-17            15   9.31689E-10   3.15281E+00
        1443   1.73160E+02   1.20000E-01   7.72670E-02   5.35770E-04   8.06719E-04   0.00000E+00   1.64073E-02   1.00000E+00   0.00000E+00   7.75157E+00   3.09264E-17            15   9.35487E-10   3.15275E+00
        1444   1.73280E+02   1.20000E-01   7.72670E-02   5.36387E-04   8.09256E-04   0.00000E+00   1.63147E-02   1.00000E+00   0.00000E+00   7.75157E+00   3.05516E-17            15   9.39195E-10   3.15268E+00
        1445   1.73400E+02   1.20000E-01   7.72670E-02   5.36987E-04   8.11767E-04   0.00000E+00   1.62219E-02   1.00000E+00   0.00000E+00   7.75157E+00   3.05470E-17            15   9.42947E-10   3.15261E+00
        1446   1.73520E+02   1.20000E-01   7.72670E-02   5.37570E-04   8.14252E-04   0.00000E+00   1.61289E-02   1.00000E+00   0.00000E+00   7.75157E+00   3.01163E-17            15   9.46491E-10   3.15255E+00
        1447   1.73640E+02   1.20000E-01   7.72670E-02   5.38136E-04   8.16711E-04   0.00000E+00   1.60357E-02   1.00000E+00   0.00000E+00   7.75157E+00   2.97249E-17            15   9.50025E-10   3.15248E+00
        1448   1.73760E+02   1.20000E-01   7.72670E-02   5.38685E-04   8.19144E-04   0.00000E+00   1.59424E-02   1.00000E+00   0.00000E+00   7.75157E+00   2.97003E-17            15   9.53377E-10   3.15242E+00
        1449   1.73880E+02   1.20000E-01   7.72670E-02   5.39216E-04   8.21551E-04   0.00000E+00   1.58489E-02   1.00000E+00   0.00000E+00   7.75157E+00   2.93667E-17            15   9.56608E-10   3.15235E+00
        1450   1.74000E+02   1.20000E-01   7.72670E-02   5.39731E-04   8.23931E-04   0.00000E+00   1.57553E-02   1.00000E+00   0.00000E+00   7.75157E+00   2.92530E-17            15   9.59626E-10   3.15228E+00
        1451   1.74120E+02   1.20000E-01   7.72670E-02   5.40228E-04   8.26285E-04   0.00000E+00   1.56615E-02   1.00000E+00   0.00000E+00   7.75157E+00   2.91110E-17            15   9.62452E-10   3.15221E+00
        1452   1.74240E+02   1.20000E-01   7.72670E-02   5.40708E-04   8.28612E-04   0.00000E+00   1.55675E-02   1.00000E+00   0.00000E+00   7.75157E+00   2.89904E-17            15   9.65046E-10   3.15215E+00
        1453   1.74360E+02   1.20000E-01   7.72670E-02   5.41170E-04   8.30912E-04   0.00000E+00   1.54734E-02   1.00000E+00   0.00000E+00   7.75157E+00   2.88458E-17            15   9.67376E-10   3.15208E+00
        1454   1.74480E+02   1.20000E-01   7.72670E-02   5.41616E-04   8.33186E-04   0.00000E+00   1.53792E-02   1.00000E+00   0.00000E+00   7.75157E+00   2.86808E-17            15   9.69476E-10   3.15201E+00
        1455   1.74600E+02   1.20000E-01   7.72670E-02   5.42044E-04   8.35432E-04   0.00000E+00   1.52847E-02   1.00000E+00   0.00000E+00   7.75157E+00   2.86103E-17            15   9.71236E-10   3.15194E+00
        1456   1.74720E+02   1.20000E-01   7.72670E-02   5.42455E-04   8.37650E-04   0.00000E+00   1.51902E-02   1.00000E+00   0.00000E+00   7.75157E+00   2.86924E-17            15   9.72735E-10   3.15188E+00
        1457   1.74840E+02   1.20000E-01   7.72670E-02   5.42849E-04   8.39842E-04   0.00000E+00   1.50954E-02   1.00000E+00   0.00000E+00   7.75157E+00   2.87188E-17            15   9.73974E-10   3.15181E+00
        1458   1.74960E+02   1.20000E-01   7.72670E-02   5.43225E-04   8.42005E-04   0.00000E+00   1.50005E-02   1.00000E+00   0.00000E+00   7.75157E+00   2.87804E-17            15   9.74843E-10   3.15174E+00
        1459   1.75080E+02   1.20000E-01   7.72670E-02   5.43585E-04   8.44141E-04   0.00000E+00   1.49055E-02   1.00000E+00   0.00000E+00   7.75157E+00   2.87852E-17            15   9.75571E-10   3.15167E+00
        1460   1.75200E+02   1.20000E-01   7.72670E-02   5.43927E-04   8.46249E-04   0.00000E+00   1.48103E-02   1.00000E+00   0.00000E+00   7.75157E+00   2.88213E-17            15   9.75732E-10   3.15160E+00
        1461   1.75320E+02   1.20000E-01   7.72670E-02   5.44251E-04   8.48329E-04   0.00000E+00   1.47150E-02   1.00000E+00   0.00000E+00   7.75157E+00   2.87650E-17            15   9.75765E-10   3.15153E+00
        1462   1.75440E+02   1.20000E-01   7.72670E-02   5.44559E-04   8.50381E-04   0.00000E+00   1.46195E-02   1.00000E+00   0.00000E+00   7.75157E+00   2.87715E-17            15   9.75577E-10   3.15146E+00
        1463   1.75560E+02   1.20000E-01   7.72670E-02   5.44849E-04   8.52404E-04   0.00000E+00   1.45238E-02   1.00000E+00   0.00000E+00   7.75157E+00   2.87231E-17            15   9.75343E-10   3.15140E+00
        1464   1.75680E+02   1.20000E-01   7.72670E-02   5.45122E-04   8.54399E-04   0.00000E+00   1.44280E-02   1.00000E+00   0.00000E+00   7.75157E+00   2.86199E-17            15   9.74222E-10   3.15133E+00
        1465   1.75800E+02   1.20000E-01   7.72670E-02   5.45378E-04   8.56366E-04   0.00000E+00   1.43321E-02   1.00000E+00   0.00000E+00   7.75157E+00   2.85290E-17            15   9.73176E-10   3.15126E+00
        1466   1.75920E+02   1.20000E-01   7.72670E-02   5.45617E-04   8.58303E-04   0.00000E+00   1.42360E-02   1.00000E+00   0.00000E+00   7.75157E+00   2.84181E-17            15   9.72028E-10   3.15119E+00
        1467   1.76040E+02   1.20000E-01   7.72670E-02   5.45838E-04   8.60212E-04   0.00000E+00   1.41397E-02   1.00000E+00   0.00000E+00   7.75157E+00   2.82823E-17            15   9.70628E-10   3.15112E+00
        1468   1.76160E+02   1.20000E-01   7.72670E-02   5.46042E-04   8.62091E-04   0.00000E+00   1.40433E-02   1.00000E+00   0.00000E+00   7.75157E+00   2.80872E-17            15   9.69074E-10   3.15105E+00
        1469   1.76280E+02   1.20000E-01   7.72670E-02   5.46229E-04   8.63942E-04   0.00000E+00   1.39467E-02   1.00000E+00   0.00000E+00   7.75157E+00   2.79268E-17            15   9.67462E-10   3.15098E+00
        1470   1.76400E+02   1.20000E-01   7.72670E-02   5.46399E-04   8.65763E-04   0.00000E+00   1.38500E-02   1.00000E+00   0.00000E+00   7.75157E+00   2.76981E-17            15   9.65759E-10   3.15091E+00
        1471   1.76520E+02   1.20000E-01   7.72670E-02   5.46551E-04   8.67554E-04   0.00000E+00   1.37532E-02   1.00000E+00   0.00000E+00   7.75157E+00   2.74561E-17            15   9.63996E-10   3.15084E+00
        1472   1.76640E+02   1.20000E-01   7.72670E-02   5.46687E-04   8.69316E-04   0.00000E+00   1.36561E-02   1.00000E+00   0.00000E+00   7.75157E+00   2.72012E-17            15   9.62203E-10   3.15077E+00
        1473   1.76760E+02   1.20000E-01   7.72670E-02   5.46805E-04   8.71048E-04   0.00000E+00   1.35590E-02   1.00000E+00   0.00000E+00   7.75157E+00   2.64194E-17            15   9.48355E-10   3.15070E+00
        1474   1.76880E+02   1.20000E-01   7.72670E-02   5.46906E-04   8.72751E-04   0.00000E+00   1.34616E-02   1.00000E+00   0.00000E+00   7.75157E+00   2.60590E-17            15   9.45580E-10   3.15063E+00
        1475   1.77000E+02   1.20000E-01   7.72670E-02   5.46990E-04   8.74423E-04   0.00000E+00   1.33642E-02   1.00000E+00   0.00000E+00   7.75157E+00   2.58248E-17            15   9.42829E-10   3.15056E+00
        1476   1.77120E+02   1.20000E-01   7.72670E-02   5.47056E-04   8.76065E-04   0.00000E+00   1.32665E-02   1.00000E+00   0.00000E+00   7.75157E+00   2.55380E-17            15   9.39934E-10   3.15048E+00
        1477   1.77240E+02   1.20000E-01   7.72670E-02   5.47106E-04   8.77677E-04   0.00000E+00   1.31687E-02   1.00000E+00   0.00000E+00   7.75157E+00   2.50780E-17            15   9.36850E-10   3.15041E+00
        1478   1.77360E+02   1.20000E-01   7.72670E-02   5.47138E-04   8.79258E-04   0.00000E+00   1.30708E-02   1.00000E+00   0.00000E+00   7.75157E+00   2.45797E-17            15   9.33660E-10   3.15034E+00
        1479   1.77480E+02   1.20000E-01   7.72670E-02   5.47153E-04   8.80809E-04   0.00000E+00   1.29727E-02   1.00000E+00   0.00000E+00   7.75157E+00   2.38842E-17            15   9.30274E-10   3.15027E+00
        1480   1.77600E+02   1.20000E-01   7.72670E-02   5.47151E-04   8.82329E-04   0.00000E+00   1.28744E-02   1.00000E+00   0.00000E+00   7.75157E+00   2.35599E-17            15   9.26632E-10   3.15020E+00
        1481   1.77720E+02   1.20000E-01   7.72670E-02   5.47131E-04   8.83818E-04   0.00000E+00   1.27760E-02   1.00000E+00   0.00000E+00   7.75157E+00   2.28306E-17            15   9.22721E-10   3.15013E+00
        1482   1.77840E+02   1.20000E-01   7.72670E-02   5.47095E-04   8.85276E-04   0.00000E+00   1.26774E-02   1.00000E+00   0.00000E+00   7.75157E+00   2.23809E-17            15   9.18332E-10   3.15006E+00
        1483   1.77960E+02   1.20000E-01   7.72670E-02   5.47041E-04   8.86703E-04   0.00000E+00   1.25787E-02   1.00000E+00   0.00000E+00   7.75157E+00   2.14407E-17            15   9.13524E-10   3.14999E+00
        1484   1.78080E+02   1.20000E-01   7.72670E-02   5.46971E-04   8.88099E-04   0.00000E+00   1.24797E-02   1.00000E+00   0.00000E+00   7.75157E+00   2.09182E-17            15   9.08158E-10   3.14991E+00
        1485   1.78200E+02   1.20000E-01   7.72670E-02   5.46883E-04   8.89464E-04   0.00000E+00   1.23807E-02   1.00000E+00   0.00000E+00   7.75157E+00   2.03731E-17            15   9.02198E-10   3.14984E+00
        1486   1.78320E+02   1.20000E-01   7.72670E-02   5.46778E-04   8.90797E-04   0.00000E+00   1.22815E-02   1.00000E+00   0.00000E+00   7.75157E+00   1.95322E-17            15   8.95431E-10   3.14977E+00
        1487   1.78440E+02   1.20000E-01   7.72670E-02   5.46656E-04   8.92099E-04   0.00000E+00   1.21821E-02   1.00000E+00   0.00000E+00   7.75157E+00   1.89720E-17            15   8.87894E-10   3.14970E+00
        1488   1.78560E+02   1.20000E-01   7.72670E-02   5.46517E-04   8.93369E-04   0.00000E+00   1.20825E-02   1.00000E+00   0.00000E+00   7.75157E+00   1.78050E-17            15   8.79508E-10   3.14963E+00
        1489   1.78680E+02   1.20000E-01   7.72670E-02   5.46361E-04   8.94607E-04   0.00000E+00   1.19828E-02   1.00000E+00   0.00000E+00   7.75157E+00   1.73931E-17            15   8.70328E-10   3.14955E+00
        1490   1.78800E+02   1.20000E-01   7.72670E-02   5.46188E-04   8.95813E-04   0.00000E+00   1.18828E-02   1.00000E+00   0.00000E+00   7.75157E+00   1.66182E-17            15   8.59480E-10   3.14948E+00
        1491   1.78920E+02   1.20000E-01   7.72670E-02   5.45999E-04   8.96987E-04   0.00000E+00   1.17828E-02   1.00000E+00   0.00000E+00   7.75157E+00   1.63138E-17            15   8.47575E-10   3.14941E+00
        1492   1.79040E+02   1.20000E-01   7.72670E-02   5.45792E-04   8.98129E-04   0.00000E+00   1.16825E-02   1.00000E+00   0.00000E+00   7.75157E+00   1.65416E-17            15   8.34406E-10   3.14934E+00
        1493   1.79160E+02   1.20000E-01   7.72670E-02   5.45568E-04   8.99238E-04   0.00000E+00   1.15821E-02   1.00000E+00   0.00000E+00   7.75157E+00   1.67745E-17            15   8.20097E-10   3.14927E+00
        1494   1.79280E+02   1.20000E-01   7.72670E-02   5.45328E-04   9.00316E-04   0.00000E+00   1.14815E-02   1.00000E+00   0.00000E+00   7.75157E+00   1.70132E-17            15   8.04239E-10   3.14919E+00
        1495   1.79400E+02   1.20000E-01   7.72670E-02   5.45070E-04   9.01360E-04   0.00000E+00   1.13807E-02   1.00000E+00   0.00000E+00   7.75157E+00   1.69939E-17            15   7.87360E-10   3.14912E+00
        1496   1.79520E+02   1.20000E-01   7.72670E-02   5.44796E-04   9.02373E-04   0.00000E+00   1.12798E-02   1.00000E+00   0.00000E+00   7.75157E+00   1.70472E-17            15   7.68468E-10   3.14905E+00
        1497   1.79640E+02   1.20000E-01   7.72670E-02   5.44505E-04   9.03352E-04   0.00000E+00   1.11787E-02   1.00000E+00   0.00000E+00   7.75157E+00   1.72179E-17            15   7.49657E-10   3.14898E+00
        1498   1.79760E+02   1.20000E-01   7.72670E-02   5.44197E-04   9.04299E-04   0.00000E+00   1.10773E-02   1.00000E+00   0.00000E+00   7.75157E+00   1.69945E-17            15   7.29220E-10   3.14890E+00
        1499   1.79880E+02   1.20000E-01   7.72670E-02   5.43872E-04   9.05212E-04   0.00000E+00   1.09758E-02   1.00000E+00   0.00000E+00   7.75157E+00   1.66097E-17            15   7.09467E-10   3.14883E+00
        1500   1.80000E+02   1.20000E-01   7.72670E-02   5.43531E-04   9.06093E-04   0.00000E+00   1.08742E-02   1.00000E+00   0.00000E+00   7.75157E+00   1.62524E-17            15   6.90550E-10   3.14876E+00
        1501   1.80120E+02   1.20000E-01   7.72670E-02   5.43173E-04   9.06940E-04   0.00000E+00   1.07723E-02   1.00000E+00   0.00000E+00   7.75157E+00   1.57987E-17            15   6.73350E-10   3.14868E+00
        1502   1.80240E+02   1.20000E-01   7.72670E-02   5.42798E-04   9.07754E-04   0.00000E+00   1.06702E-02   1.00000E+00   0.00000E+00   7.75157E+00   1.53686E-17            15   6.58642E-10   3.14861E+00
        1503   1.80360E+02   1.20000E-01   7.72670E-02   5.42407E-04   9.08535E-04   0.00000E+00   1.05680E-02   1.00000E+00   0.00000E+00   7.75157E+00   1.48914E-17            15   6.46961E-10   3.14854E+00
        1504   1.80480E+02   1.20000E-01   7.72670E-02   5.41999E-04   9.09282E-04   0.00000E+00   1.04656E-02   1.00000E+00   0.00000E+00   7.75157E+00   1.40859E-17            15   6.38281E-10   3.14846E+00
        1505   1.80600E+02   1.20000E-01   7.72670E-02   5.41574E-04   9.09996E-04   0.00000E+00   1.03630E-02   1.00000E+00   0.00000E+00   7.75157E+00   1.40357E-17            15   6.32629E-10   3.14839E+00
        1506   1.80720E+02   1.20000E-01   7.72670E-02   5.41133E-04   9.10676E-04   0.00000E+00   1.02601E-02   1.00000E+00   0.00000E+00   7.75157E+00   1.43261E-17            15   6.28729E-10   3.14832E+00
        1507   1.80840E+02   1.20000E-01   7.72670E-02   5.40675E-04   9.11323E-04   0.00000E+00   1.01571E-02   1.00000E+00   0.00000E+00   7.75157E+00   1.42565E-17            15   6.26551E-10   3.14824E+00
        1508   1.80960E+02   1.20000E-01   7.72670E-02   5.40201E-04   9.11935E-04   0.00000E+00   1.00539E-02   1.00000E+00   0.00000E+00   7.75157E+00   1.43302E-17            15   6.24676E-10   3.14817E+00
        1509   1.81080E+02   1.20000E-01   7.72670E-02   5.39710E-04   9.12514E-04   0.00000E+00   9.95051E-03   1.00000E+00   0.00000E+00   7.75157E+00   1.40921E-17            15   6.22611E-10   3.14810E+00
        1510   1.81200E+02   1.20000E-01   7.72670E-02   5.39203E-04   9.13058E-04   0.00000E+00   9.84691E-03   1.00000E+00   0.00000E+00   7.75157E+00   1.41548E-17            15   6.21168E-10   3.14802E+00
        1511   1.81320E+02   1.20000E-01   7.72670E-02   5.38680E-04   9.13569E-04   0.00000E+00   9.74310E-03   1.00000E+00   0.00000E+00   7.75157E+00   1.37663E-17            15   6.18900E-10   3.14795E+00
        1512   1.81440E+02   1.20000E-01   7.72670E-02   5.38140E-04   9.14045E-04   0.00000E+00   9.63909E-03   1.00000E+00   0.00000E+00   7.75157E+00   1.35523E-17            15   6.16400E-10   3.14788E+00
        1513   1.81560E+02   1.20000E-01   7.72670E-02   5.37583E-04   9.14486E-04   0.00000E+00   9.53487E-03   1.00000E+00   0.00000E+00   7.75157E+00   1.34912E-17            15   6.12455E-10   3.14780E+00
        1514   1.81680E+02   1.20000E-01   7.72670E-02   5.37011E-04   9.14894E-04   0.00000E+00   9.43044E-03   1.00000E+00   0.00000E+00   7.75157E+00   1.32363E-17            15   6.08478E-10   3.14773E+00
        1515   1.81800E+02   1.20000E-01   7.72670E-02   5.36422E-04   9.15267E-04   0.00000E+00   9.32581E-03   1.00000E+00   0.00000E+00   7.75157E+00   1.25588E-17            15   6.03960E-10   3.14766E+00
        1516   1.81920E+02   1.20000E-01   7.72670E-02   5.35816E-04   9.15605E-04   0.00000E+00   9.22096E-03   1.00000E+00   0.00000E+00   7.75157E+00   1.21828E-17            15   5.99287E-10   3.14758E+00
        1517   1.82040E+02   1.20000E-01   7.72670E-02   5.35195E-04   9.15909E-04   0.00000E+00   9.11590E-03   1.00000E+00   0.00000E+00   7.75157E+00   1.13794E-17            15   5.94060E-10   3.14751E+00
        1518   1.82160E+02   1.20000E-01   7.72670E-02   5.34557E-04   9.16178E-04   0.00000E+00   9.01062E-03   1.00000E+00   0.00000E+00   7.75157E+00   1.09047E-17            15   5.88908E-10   3.14744E+00
        1519   1.82280E+02   1.20000E-01   7.72670E-02   5.33904E-04   9.16412E-04   0.00000E+00   8.90513E-03   1.00000E+00   0.00000E+00   7.75157E+00   1.06309E-17            15   5.83579E-10   3.14736E+00
        1520   1.82400E+02   1.20000E-01   7.72670E-02   5.33234E-04   9.16611E-04   0.00000E+00   8.79942E-03   1.00000E+00   0.00000E+00   7.75157E+00   1.07820E-17            15   5.78296E-10   3.14729E+00
        1521   1.82520E+02   1.20000E-01   7.72670E-02   5.32547E-04   9.16775E-04   0.00000E+00   8.69348E-03   1.00000E+00   0.00000E+00   7.75157E+00   1.11850E-17            15   5.73089E-10   3.14722E+00
        1522   1.82640E+02   1.20000E-01   7.72670E-02   5.31845E-04   9.16904E-04   0.00000E+00   8.58732E-03   1.00000E+00   0.00000E+00   7.75157E+00   1.16920E-17            15   5.68273E-10   3.14714E+00
        1523   1.82760E+02   1.20000E-01   7.72670E-02   5.31127E-04   9.16998E-04   0.00000E+00   8.48094E-03   1.00000E+00   0.00000E+00   7.75157E+00   1.22356E-17            15   5.63520E-10   3.14707E+00
        1524   1.82880E+02   1.20000E-01   7.72670E-02   5.30393E-04   9.17056E-04   0.00000E+00   8.37432E-03   1.00000E+00   0.00000E+00   7.75157E+00   1.27453E-17            15   5.59150E-10   3.14700E+00
        1525   1.83000E+02   1.20000E-01   7.72670E-02   5.29643E-04   9.17080E-04   0.00000E+00   8.26747E-03   1.00000E+00   0.00000E+00   7.75157E+00   1.32424E-17            15   5.55163E-10   3.14692E+00
        1526   1.83120E+02   1.20000E-01   7.72670E-02   5.28876E-04   9.17067E-04   0.00000E+00   8.16039E-03   1.00000E+00   0.00000E+00   7.75157E+00   1.36830E-17            15   5.51406E-10   3.14685E+00
        1527   1.83240E+02   1.20000E-01   7.72670E-02   5.28094E-04   9.17019E-04   0.00000E+00   8.05308E-03   1.00000E+00   0.00000E+00   7.75157E+00   1.41577E-17            15   5.48021E-10   3.14677E+00
        1528   1.83360E+02   1.20000E-01   7.72670E-02   5.27296E-04   9.16936E-04   0.00000E+00   7.94551E-03   1.00000E+00   0.00000E+00   7.75157E+00   1.46004E-17            15   5.45049E-10   3.14670E+00
        1529   1.83480E+02   1.20000E-01   7.72670E-02   5.26482E-04   9.16817E-04   0.00000E+00   7.83771E-03   1.00000E+00   0.00000E+00   7.75157E+00   1.49881E-17            15   5.42692E-10   3.14663E+00
        1530   1.83600E+02   1.20000E-01   7.72670E-02   5.25653E-04   9.16662E-04   0.00000E+00   7.72965E-03   1.00000E+00   0.00000E+00   7.75157E+00   1.53568E-17            15   5.40051E-10   3.14655E+00
        1531   1.83720E+02   1.20000E-01   7.72670E-02   5.24807E-04   9.16471E-04   0.00000E+00   7.62135E-03   1.00000E+00   0.00000E+00   7.75157E+00   1.56735E-17            15   5.38190E-10   3.14648E+00
        1532   1.83840E+02   1.20000E-01   7.72670E-02   5.23945E-04   9.16244E-04   0.00000E+00   7.51278E-03   1.00000E+00   0.00000E+00   7.75157E+00   1.59999E-17            15   5.36057E-10   3.14641E+00
        1533   1.83960E+02   1.20000E-01   7.72670E-02   5.23068E-04   9.15981E-04   0.00000E+00   7.40396E-03   1.00000E+00   0.00000E+00   7.75157E+00   1.62566E-17            15   5.34271E-10   3.14633E+00
        1534   1.84080E+02   1.20000E-01   7.72670E-02   5.22175E-04   9.15682E-04   0.00000E+00   7.29486E-03   1.00000E+00   0.00000E+00   7.75157E+00   1.64847E-17            15   5.32501E-10   3.14626E+00
        1535   1.84200E+02   1.20000E-01   7.72670E-02   5.21267E-04   9.15346E-04   0.00000E+00   7.18550E-03   1.00000E+00   0.00000E+00   7.75157E+00   1.66449E-17            15   5.30762E-10   3.14619E+00
        1536   1.84320E+02   1.20000E-01   7.72670E-02   5.20342E-04   9.14974E-04   0.00000E+00   7.07586E-03   1.00000E+00   0.00000E+00   7.75157E+00   1.67808E-17            15   5.28866E-10   3.14611E+00
        1537   1.84440E+02   1.20000E-01   7.72670E-02   5.19402E-04   9.14566E-04   0.00000E+00   6.96594E-03   1.00000E+00   0.00000E+00   7.75157E+00   1.69301E-17            15   5.26874E-10   3.14604E+00
        1538   1.84560E+02   1.20000E-01   7.72670E-02   5.18446E-04   9.14120E-04   0.00000E+00   6.85574E-03   1.00000E+00   0.00000E+00   7.75157E+00   1.69695E-17            15   5.24667E-10   3.14597E+00
        1539   1.84680E+02   1.20000E-01   7.72670E-02   5.17475E-04   9.13638E-04   0.00000E+00   6.74524E-03   1.00000E+00   0.00000E+00   7.75157E+00   1.70140E-17            15   5.22209E-10   3.14589E+00
        1540   1.84800E+02   1.20000E-01   7.72670E-02   5.16488E-04   9.13120E-04   0.00000E+00   6.63444E-03   1.00000E+00   0.00000E+00   7.75157E+00   1.70149E-17            15   5.19734E-10   3.14582E+00
        1541   1.84920E+02   1.20000E-01   7.72670E-02   5.15485E-04   9.12564E-04   0.00000E+00   6.52333E-03   1.00000E+00   0.00000E+00   7.75157E+00   1.70348E-17            15   5.16922E-10   3.14575E+00
        1542   1.85040E+02   1.20000E-01   7.72670E-02   5.14467E-04   9.11971E-04   0.00000E+00   6.41191E-03   1.00000E+00   0.00000E+00   7.75157E+00   1.69692E-17            15   5.14252E-10   3.14567E+00
        1543   1.85160E+02   1.20000E-01   7.72670E-02   5.13433E-04   9.11340E-04   0.00000E+00   6.30017E-03   1.00000E+00   0.00000E+00   7.75157E+00   1.69254E-17            15   5.11624E-10   3.14560E+00
        1544   1.85280E+02   1.20000E-01   7.72670E-02   5.12384E-04   9.10673E-04   0.00000E+00   6.18809E-03   1.00000E+00   0.00000E+00   7.75157E+00   1.68287E-17            15   5.09485E-10   3.14553E+00
        1545   1.85400E+02   1.20000E-01   7.72670E-02   5.11319E-04   9.09967E-04   0.00000E+00   6.07567E-03   1.00000E+00   0.00000E+00   7.75157E+00   1.68077E-17            15   5.07805E-10   3.14545E+00
        1546   1.85520E+02   1.20000E-01   7.72670E-02   5.10238E-04   9.09224E-04   0.00000E+00   5.96289E-03   1.00000E+00   0.00000E+00   7.75157E+00   1.67618E-17            15   5.07153E-10   3.14538E+00
        1547   1.85640E+02   1.20000E-01   7.72670E-02   5.09142E-04   9.08443E-04   0.00000E+00   5.84975E-03   1.00000E+00   0.00000E+00   7.75157E+00   1.67252E-17            15   5.07762E-10   3.14531E+00
        1548   1.85760E+02   1.20000E-01   7.72670E-02   5.08031E-04   9.07625E-04   0.00000E+00   5.73624E-03   1.00000E+00   0.00000E+00   7.75157E+00   1.67726E-17            15   5.09753E-10   3.14523E+00
        1549   1.85880E+02   1.20000E-01   7.72670E-02   5.06903E-04   9.06767E-04   0.00000E+00   5.62233E-03   1.00000E+00   0.00000E+00   7.75157E+00   1.68518E-17            15   5.13661E-10   3.14516E+00
        1550   1.86000E+02   1.20000E-01   7.72670E-02   5.05761E-04   9.05871E-04   0.00000E+00   5.50802E-03   1.00000E+00   0.00000E+00   7.75157E+00   1.69885E-17            15   5.19787E-10   3.14509E+00
        1551   1.86120E+02   1.20000E-01   7.72670E-02   5.04603E-04   9.04937E-04   0.00000E+00   5.39328E-03   1.00000E+00   0.00000E+00   7.75157E+00   1.71405E-17            15   5.26323E-10   3.14502E+00
        1552   1.86240E+02   1.20000E-01   7.72670E-02   5.03430E-04   9.03963E-04   0.00000E+00   5.27812E-03   1.00000E+00   0.00000E+00   7.75157E+00   1.74151E-17            15   5.37313E-10   3.14494E+00
        1553   1.86360E+02   1.20000E-01   7.72670E-02   5.02241E-04   9.02951E-04   0.00000E+00   5.16249E-03   1.00000E+00   0.00000E+00   7.75157E+00   1.81984E-17            15   5.46873E-10   3.14487E+00
        1554   1.86480E+02   1.20000E-01   7.72670E-02   5.01036E-04   9.01900E-04   0.00000E+00   5.04639E-03   1.00000E+00   0.00000E+00   7.75157E+00   1.87579E-17            15   5.60926E-10   3.14480E+00
        1555   1.86600E+02   1.20000E-01   7.72670E-02   4.99817E-04   9.00809E-04   0.00000E+00   4.92978E-03   1.00000E+00   0.00000E+00   7.75157E+00   1.95957E-17            15   5.71654E-10   3.14472E+00
        1556   1.86720E+02   1.20000E-01   7.72670E-02   4.98582E-04   8.99676E-04   0.00000E+00   4.81266E-03   1.00000E+00   0.00000E+00   7.75157E+00   2.02547E-17            15   5.85297E-10   3.14465E+00
        1557   1.86840E+02   1.20000E-01   7.72670E-02   4.97331E-04   8.98504E-04   0.00000E+00   4.69499E-03   1.00000E+00   0.00000E+00   7.75157E+00   2.09872E-17            15   5.97259E-10   3.14458E+00
        1558   1.86960E+02   1.20000E-01   7.72670E-02   4.96065E-04   8.97293E-04   0.00000E+00   4.57674E-03   1.00000E+00   0.00000E+00   7.75157E+00   2.11591E-17            15   6.08540E-10   3.14451E+00
        1559   1.87080E+02   1.20000E-01   7.72670E-02   4.94784E-04   8.96039E-04   0.00000E+00   4.45789E-03   1.00000E+00   0.00000E+00   7.75157E+00   2.13241E-17            15   6.19078E-10   3.14444E+00
        1560   1.87200E+02   1.20000E-01   7.72670E-02   4.93487E-04   8.94745E-04   0.00000E+00   4.33837E-03   1.00000E+00   0.00000E+00   7.75157E+00   2.14119E-17            15   6.27807E-10   3.14436E+00
        1561   1.87320E+02   1.20000E-01   7.72670E-02   4.92174E-04   8.93409E-04   0.00000E+00   4.21819E-03   1.00000E+00   0.00000E+00   7.75157E+00   2.14867E-17            15   6.35518E-10   3.14429E+00
        1562   1.87440E+02   1.20000E-01   7.72670E-02   4.90846E-04   8.92030E-04   0.00000E+00   4.09727E-03   1.00000E+00   0.00000E+00   7.75157E+00   2.18684E-17            15   6.42090E-10   3.14422E+00
        1563   1.87560E+02   1.20000E-01   7.72670E-02   4.89502E-04   8.90610E-04   0.00000E+00   3.97557E-03   1.00000E+00   0.00000E+00   7.75157E+00   2.28560E-17            15   6.47434E-10   3.14415E+00
        1564   1.87680E+02   1.20000E-01   7.72670E-02   4.88142E-04   8.89147E-04   0.00000E+00   3.85306E-03   1.00000E+00   0.00000E+00   7.75157E+00   2.40771E-17            15   6.51866E-10   3.14407E+00
        1565   1.87800E+02   1.20000E-01   7.72670E-02   4.86766E-04   8.87641E-04   0.00000E+00   3.72966E-03   1.00000E+00   0.00000E+00   7.75157E+00   2.49516E-17            15   6.55374E-10   3.14400E+00
        1566   1.87920E+02   1.20000E-01   7.72670E-02   4.85375E-04   8.86092E-04   0.00000E+00   3.60531E-03   1.00000E+00   0.00000E+00   7.75157E+00   2.60608E-17            15   6.58021E-10   3.14393E+00
        1567   1.88040E+02   1.20000E-01   7.72670E-02   4.83968E-04   8.84498E-04   0.00000E+00   3.47994E-03   1.00000E+00   0.00000E+00   7.75157E+00   2.67194E-17            15   6.59753E-10   3.14386E+00
        1568   1.88160E+02   1.20000E-01   7.72670E-02   4.82546E-04   8.82860E-04   0.00000E+00   3.35203E-03   1.00000E+00   0.00000E+00   7.75157E+00   2.73154E-17            15   6.60814E-10   3.14379E+00
        1569   1.88280E+02   1.20000E-01   7.72670E-02   4.81106E-04   8.81175E-04   0.00000E+00   3.22584E-03   1.00000E+00   0.00000E+00   7.75157E+00   2.76475E-17            15   6.55156E-10   3.14372E+00
        1570   1.88400E+02   1.20000E-01   7.72670E-02   4.79653E-04   8.79447E-04   0.00000E+00   3.09552E-03   1.00000E+00   0.00000E+00   7.75157E+00   2.79551E-17            15   6.58603E-10   3.14365E+00
        1571   1.88520E+02   1.20000E-01   7.72670E-02   4.78180E-04   8.77671E-04   0.00000E+00   2.96663E-03   1.00000E+00   0.00000E+00   7.75157E+00   2.76525E-17            15   6.40178E-10   3.14357E+00
        1572   1.88640E+02   1.20000E-01   7.72670E-02   4.76694E-04   8.75848E-04   0.00000E+00   2.83343E-03   1.00000E+00   0.00000E+00   7.75157E+00   2.77074E-17            15   6.45165E-10   3.14350E+00
        1573   1.88760E+02   1.20000E-01   7.72670E-02   4.75189E-04   8.73974E-04   0.00000E+00   2.70133E-03   1.00000E+00   0.00000E+00   7.75157E+00   2.56481E-17            15   6.04552E-10   3.14343E+00
        1574   1.88880E+02   1.20000E-01   7.72670E-02   4.73670E-04   8.72052E-04   0.00000E+00   2.56468E-03   1.00000E+00   0.00000E+00   7.75157E+00   2.58936E-17            15   6.08537E-10   3.14336E+00
        1575   1.89000E+02   1.20000E-01   7.72670E-02   4.72132E-04   8.70078E-04   0.00000E+00   2.42873E-03   1.00000E+00   0.00000E+00   7.75157E+00   2.23594E-17            15   5.37506E-10   3.14329E+00
        1576   1.89120E+02   1.20000E-01   7.72670E-02   4.70580E-04   8.68054E-04   0.00000E+00   2.28790E-03   1.00000E+00   0.00000E+00   7.75157E+00   2.22670E-17            15   5.36514E-10   3.14322E+00
        1577   1.89240E+02   1.20000E-01   7.72670E-02   4.69008E-04   8.65977E-04   0.00000E+00   2.14725E-03   1.00000E+00   0.00000E+00   7.75157E+00   2.01544E-17            15   4.83011E-10   3.14315E+00
        1578   1.89360E+02   1.20000E-01   7.72670E-02   4.67421E-04   8.63847E-04   0.00000E+00   2.00126E-03   1.00000E+00   0.00000E+00   7.75157E+00   1.93776E-17            15   4.68625E-10   3.14308E+00
        1579   1.89480E+02   1.20000E-01   7.72670E-02   4.65814E-04   8.61661E-04   0.00000E+00   1.85479E-03   1.00000E+00   0.00000E+00   7.75157E+00   2.22112E-17            15   5.05241E-10   3.14301E+00
        1580   1.89600E+02   1.20000E-01   7.72670E-02   4.64192E-04   8.59421E-04   0.00000E+00   1.70235E-03   1.00000E+00   0.00000E+00   7.75157E+00   2.10752E-17            15   4.78804E-10   3.14294E+00
        1581   1.89720E+02   1.20000E-01   7.72670E-02   4.62550E-04   8.57121E-04   0.00000E+00   1.61235E-03   1.00000E+00   0.00000E+00   7.75157E+00   2.55283E-17            15   5.58413E-10   3.14287E+00
        1582   1.89840E+02   1.20000E-01   7.72670E-02   4.60892E-04   8.54764E-04   0.00000E+00   1.57531E-03   1.00000E+00   0.00000E+00   7.75157E+00   2.40768E-17            15   5.29543E-10   3.14280E+00
        1583   1.89960E+02   1.20000E-01   7.72670E-02   4.59212E-04   8.52345E-04   0.00000E+00   1.54420E-03   1.00000E+00   0.00000E+00   7.75157E+00   2.76032E-17            15   5.95591E-10   3.14273E+00
        1584   1.90080E+02   1.20000E-01   7.72670E-02   4.57516E-04   8.49865E-04   0.00000E+00   1.59675E-03   1.00000E+00   0.00000E+00   7.75157E+00   2.59802E-17            15   5.63237E-10   3.14266E+00
        1585   1.90200E+02   1.20000E-01   7.72670E-02   4.55799E-04   8.47315E-04   0.00000E+00   1.64880E-03   1.00000E+00   0.00000E+00   7.75157E+00   3.00923E-17            15   6.04618E-10   3.14259E+00
        1586   1.90320E+02   1.20000E-01   7.72670E-02   4.54064E-04   8.44701E-04   0.00000E+00   1.69860E-03   1.00000E+00   0.00000E+00   7.75157E+00   2.73775E-17            15   5.60353E-10   3.14252E+00
        1587   1.90440E+02   1.20000E-01   7.72670E-02   4.52305E-04   8.42015E-04   0.00000E+00   1.74768E-03   1.00000E+00   0.00000E+00   7.75157E+00   3.07837E-17            15   5.75141E-10   3.14245E+00
        1588   1.90560E+02   1.20000E-01   7.72670E-02   4.50531E-04   8.39252E-04   0.00000E+00   1.79386E-03   1.00000E+00   0.00000E+00   7.75157E+00   2.59546E-17            15   5.06810E-10   3.14238E+00
        1589   1.90680E+02   1.20000E-01   7.72670E-02   4.48730E-04   8.36413E-04   0.00000E+00   1.83880E-03   1.00000E+00   0.00000E+00   7.75157E+00   2.36512E-17            15   4.46105E-10   3.14231E+00
        1590   1.90800E+02   1.20000E-01   7.72670E-02   4.46911E-04   8.33494E-04   0.00000E+00   1.87964E-03   1.00000E+00   0.00000E+00   7.75157E+00   2.26479E-17            15   2.97982E-10   3.14224E+00
        1591   1.90920E+02   1.20000E-01   7.72670E-02   4.45066E-04   8.30489E-04   0.00000E+00   1.91853E-03   1.00000E+00   0.00000E+00   7.75157E+00   2.32355E-17            15   3.50951E-10   3.14217E+00
        1592   1.91040E+02   1.20000E-01   7.72670E-02   4.43201E-04   8.27397E-04   0.00000E+00   1.95147E-03   1.00000E+00   0.00000E+00   7.75157E+00   3.97821E-17            15   5.77733E-10   3.14210E+00
        1593   1.91160E+02   1.20000E-01   7.72670E-02   4.41310E-04   8.24206E-04   0.00000E+00   1.98070E-03   1.00000E+00   0.00000E+00   7.75157E+00   5.20839E-17            15   6.69220E-10   3.14204E+00
        1594   1.91280E+02   1.20000E-01   7.72670E-02   4.39395E-04   8.20918E-04   0.00000E+00   2.00084E-03   1.00000E+00   0.00000E+00   7.75157E+00   6.01591E-17            15   7.07914E-10   3.14197E+00
        1595   1.91400E+02   1.20000E-01   7.72670E-02   4.37455E-04   8.17494E-04   0.00000E+00   2.01168E-03   1.00000E+00   0.00000E+00   7.75157E+00   7.31413E-17            15   7.13338E-10   3.14190E+00
        1596   1.91520E+02   1.20000E-01   7.72670E-02   4.35484E-04   8.13969E-04   0.00000E+00   2.23699E-03   1.00000E+00   0.00000E+00   7.75157E+00   8.77167E-17            15   7.39098E-10   3.14183E+00
        1597   1.91640E+02   1.20000E-01   7.72670E-02   4.33486E-04   8.10330E-04   0.00000E+00   2.77437E-03   1.00000E+00   0.00000E+00   7.75157E+00   1.09300E-16            15   7.44343E-10   3.14176E+00
        1598   1.91760E+02   1.20000E-01   7.72670E-02   4.31457E-04   8.06536E-04   0.00000E+00   3.21452E-03   1.00000E+00   0.00000E+00   7.75157E+00   9.33587E-17            15   8.28424E-10   3.14170E+00
        1599   1.91880E+02   1.20000E-01   7.72670E-02   4.29406E-04   8.02629E-04   0.00000E+00   3.29945E-03   1.00000E+00   0.00000E+00   7.75157E+00   1.90319E-17            16   2.15651E-10   3.14163E+00
        1600   1.92000E+02   1.20000E-01   7.72670E-02   4.27355E-04   7.98685E-04   0.00000E+00   3.37436E-03   1.00000E+00   0.00000E+00   7.75157E+00   1.14720E-16            15   8.05232E-10   3.14156E+00
        1601   1.92120E+02   1.20000E-01   7.72670E-02   4.25316E-04   7.94810E-04   0.00000E+00   3.44573E-03   1.00000E+00   0.00000E+00   7.75157E+00   9.62899E-17            15   8.91116E-10   3.14149E+00
        1602   1.92240E+02   1.20000E-01   7.72670E-02   4.23286E-04   7.90982E-04   0.00000E+00   3.52643E-03   1.00000E+00   0.00000E+00   7.75157E+00   8.03064E-17            15   9.13002E-10   3.14142E+00
        1603   1.92360E+02   1.20000E-01   7.72670E-02   4.21264E-04   7.87194E-04   0.00000E+00   3.59788E-03   1.00000E+00   0.00000E+00   7.75157E+00   3.10830E-17            15   5.92587E-10   3.14136E+00
        1604   1.92480E+02   1.20000E-01   7.72670E-02   4.19250E-04   7.83447E-04   0.00000E+00   3.67116E-03   1.00000E+00   0.00000E+00   7.75157E+00   3.00680E-17            15   5.95915E-10   3.14129E+00
        1605   1.92600E+02   1.20000E-01   7.72670E-02   4.17244E-04   7.79737E-04   0.00000E+00   3.74477E-03   1.00000E+00   0.00000E+00   7.75157E+00   4.63384E-17            15   7.91244E-10   3.14122E+00
        1606   1.92720E+02   1.20000E-01   7.72670E-02   4.15308E-04   7.76063E-04   0.00000E+00   3.81920E-03   1.00000E+00   0.00000E+00   7.75157E+00   4.57430E-17            15   7.94271E-10   3.14116E+00
        1607   1.92840E+02   1.20000E-01   7.72670E-02   4.13719E-04   7.72423E-04   0.00000E+00   3.89394E-03   1.00000E+00   0.00000E+00   7.75157E+00   4.40010E-17            15   7.64806E-10   3.14109E+00
        1608   1.92960E+02   1.20000E-01   7.72670E-02   4.12131E-04   7.68816E-04   0.00000E+00   3.96873E-03   1.00000E+00   0.00000E+00   7.75157E+00   4.26290E-17            15   7.32083E-10   3.14102E+00
        1609   1.93080E+02   1.20000E-01   7.72670E-02   4.10544E-04   7.65240E-04   0.00000E+00   4.04350E-03   1.00000E+00   0.00000E+00   7.75157E+00   4.11505E-17            15   7.03761E-10   3.14096E+00
        1610   1.93200E+02   1.20000E-01   7.72670E-02   4.08956E-04   7.61694E-04   0.00000E+00   4.11802E-03   1.00000E+00   0.00000E+00   7.75157E+00   3.96041E-17            15   6.81231E-10   3.14089E+00
        1611   1.93320E+02   1.20000E-01   7.72670E-02   4.07369E-04   7.58178E-04   0.00000E+00   4.19263E-03   1.00000E+00   0.00000E+00   7.75157E+00   3.83347E-17            15   6.64972E-10   3.14083E+00
        1612   1.93440E+02   1.20000E-01   7.72670E-02   4.05782E-04   7.54690E-04   0.00000E+00   4.26704E-03   1.00000E+00   0.00000E+00   7.75157E+00   3.72163E-17            15   6.51323E-10   3.14076E+00
        1613   1.93560E+02   1.20000E-01   7.72670E-02   4.04194E-04   7.51229E-04   0.00000E+00   4.34130E-03   1.00000E+00   0.00000E+00   7.75157E+00   3.61997E-17            15   6.42870E-10   3.14069E+00
        1614   1.93680E+02   1.20000E-01   7.72670E-02   4.02606E-04   7.47794E-04   0.00000E+00   4.41540E-03   1.00000E+00   0.00000E+00   7.75157E+00   3.54891E-17            15   6.36819E-10   3.14063E+00
        1615   1.93800E+02   1.20000E-01   7.72670E-02   4.01017E-04   7.44385E-04   0.00000E+00   4.48928E-03   1.00000E+00   0.00000E+00   7.75157E+00   3.45609E-17            15   6.31441E-10   3.14056E+00
        1616   1.93920E+02   1.20000E-01   7.72670E-02   3.99428E-04   7.41001E-04   0.00000E+00   4.56295E-03   1.00000E+00   0.00000E+00   7.75157E+00   3.38134E-17            15   6.27637E-10   3.14050E+00
        1617   1.94040E+02   1.20000E-01   7.72670E-02   3.97838E-04   7.37641E-04   0.00000E+00   4.63640E-03   1.00000E+00   0.00000E+00   7.75157E+00   3.32477E-17            15   6.24552E-10   3.14043E+00
        1618   1.94160E+02   1.20000E-01   7.72670E-02   3.96246E-04   7.34305E-04   0.00000E+00   4.70961E-03   1.00000E+00   0.00000E+00   7.75157E+00   3.23998E-17            15   6.21998E-10   3.14037E+00
        1619   1.94280E+02   1.20000E-01   7.72670E-02   3.94654E-04   7.30992E-04   0.00000E+00   4.78257E-03   1.00000E+00   0.00000E+00   7.75157E+00   3.17970E-17            15   6.19904E-10   3.14030E+00
        1620   1.94400E+02   1.20000E-01   7.72670E-02   3.93060E-04   7.27701E-04   0.00000E+00   4.85528E-03   1.00000E+00   0.00000E+00   7.75157E+00   3.11913E-17            15   6.18094E-10   3.14024E+00
        1621   1.94520E+02   1.20000E-01   7.72670E-02   3.91465E-04   7.24431E-04   0.00000E+00   4.92773E-03   1.00000E+00   0.00000E+00   7.75157E+00   3.05969E-17            15   6.16564E-10   3.14017E+00
        1622   1.94640E+02   1.20000E-01   7.72670E-02   3.89869E-04   7.21183E-04   0.00000E+00   4.99991E-03   1.00000E+00   0.00000E+00   7.75157E+00   2.99689E-17            15   6.15138E-10   3.14011E+00
        1623   1.94760E+02   1.20000E-01   7.72670E-02   3.88271E-04   7.17954E-04   0.00000E+00   5.07181E-03   1.00000E+00   0.00000E+00   7.75157E+00   2.93771E-17            15   6.13890E-10   3.14004E+00
        1624   1.94880E+02   1.20000E-01   7.72670E-02   3.86672E-04   7.14746E-04   0.00000E+00   5.14343E-03   1.00000E+00   0.00000E+00   7.75157E+00   2.88297E-17            15   6.12725E-10   3.13998E+00
        1625   1.95000E+02   1.20000E-01   7.72670E-02   3.85070E-04   7.11557E-04   0.00000E+00   5.21478E-03   1.00000E+00   0.00000E+00   7.75157E+00   2.82842E-17            15   6.11634E-10   3.13992E+00
        1626   1.95120E+02   1.20000E-01   7.72670E-02   3.83467E-04   7.08387E-04   0.00000E+00   5.28583E-03   1.00000E+00   0.00000E+00   7.75157E+00   2.77319E-17            15   6.10459E-10   3.13985E+00
        1627   1.95240E+02   1.20000E-01   7.72670E-02   3.81862E-04   7.05236E-04   0.00000E+00   5.35660E-03   1.00000E+00   0.00000E+00   7.75157E+00   2.72449E-17            15   6.09279E-10   3.13979E+00
        1628   1.95360E+02   1.20000E-01   7.72670E-02   3.80256E-04   7.02102E-04   0.00000E+00   5.42708E-03   1.00000E+00   0.00000E+00   7.75157E+00   2.67477E-17            15   6.08040E-10   3.13972E+00
        1629   1.95480E+02   1.20000E-01   7.72670E-02   3.78647E-04   6.98985E-04   0.00000E+00   5.49726E-03   1.00000E+00   0.00000E+00   7.75157E+00   2.61671E-17            15   6.06623E-10   3.13966E+00
        1630   1.95600E+02   1.20000E-01   7.72670E-02   3.77036E-04   6.95885E-04   0.00000E+00   5.56714E-03   1.00000E+00   0.00000E+00   7.75157E+00   2.56440E-17            15   6.04979E-10   3.13960E+00
        1631   1.95720E+02   1.20000E-01   7.72670E-02   3.75423E-04   6.92802E-04   0.00000E+00   5.63671E-03   1.00000E+00   0.00000E+00   7.75157E+00   2.50780E-17            15   6.02948E-10   3.13954E+00
        1632   1.95840E+02   1.20000E-01   7.72670E-02   3.73808E-04   6.89735E-04   0.00000E+00   5.70599E-03   1.00000E+00   0.00000E+00   7.75157E+00   2.44574E-17            15   6.00494E-10   3.13947E+00
        1633   1.95960E+02   1.20000E-01   7.72670E-02   3.72190E-04   6.86683E-04   0.00000E+00   5.77498E-03   1.00000E+00   0.00000E+00   7.75157E+00   2.37630E-17            15   5.97251E-10   3.13941E+00
        1634   1.96080E+02   1.20000E-01   7.72670E-02   3.70570E-04   6.83646E-04   0.00000E+00   5.84366E-03   1.00000E+00   0.00000E+00   7.75157E+00   2.29550E-17            15   5.93058E-10   3.13935E+00
        1635   1.96200E+02   1.20000E-01   7.72670E-02   3.68948E-04   6.80624E-04   0.00000E+00   5.91205E-03   1.00000E+00   0.00000E+00   7.75157E+00   2.20794E-17            15   5.87509E-10   3.13929E+00
        1636   1.96320E+02   1.20000E-01   7.72670E-02   3.67324E-04   6.77616E-04   0.00000E+00   5.98014E-03   1.00000E+00   0.00000E+00   7.75157E+00   2.10218E-17            15   5.80059E-10   3.13922E+00
        1637   1.96440E+02   1.20000E-01   7.72670E-02   3.65697E-04   6.74623E-04   0.00000E+00   6.04792E-03   1.00000E+00   0.00000E+00   7.75157E+00   1.97381E-17            15   5.69845E-10   3.13916E+00
        1638   1.96560E+02   1.20000E-01   7.72670E-02   3.64068E-04   6.71642E-04   0.00000E+00   6.11540E-03   1.00000E+00   0.00000E+00   7.75157E+00   1.90993E-17            15   5.56326E-10   3.13910E+00
        1639   1.96680E+02   1.20000E-01   7.72670E-02   3.62694E-04   6.68675E-04   0.00000E+00   6.18257E-03   1.00000E+00   0.00000E+00   7.75157E+00   1.85199E-17            15   5.37208E-10   3.13904E+00
        1640   1.96800E+02   1.20000E-01   7.72670E-02   3.61767E-04   6.65720E-04   0.00000E+00   6.24944E-03   1.00000E+00   0.00000E+00   7.75157E+00   1.87236E-17            15   5.13749E-10   3.13898E+00
        1641   1.96920E+02   1.20000E-01   7.72670E-02   3.60835E-04   6.62778E-04   0.00000E+00   6.31600E-03   1.00000E+00   0.00000E+00   7.75157E+00   1.85361E-17            15   4.87825E-10   3.13892E+00
        1642   1.97040E+02   1.20000E-01   7.72670E-02   3.59897E-04   6.59848E-04   0.00000E+00   6.38226E-03   1.00000E+00   0.00000E+00   7.75157E+00   1.84250E-17            15   4.67882E-10   3.13885E+00
        1643   1.97160E+02   1.20000E-01   7.72670E-02   3.58955E-04   6.56930E-04   0.00000E+00   6.44820E-03   1.00000E+00   0.00000E+00   7.75157E+00   1.87372E-17            15   4.67516E-10   3.13879E+00
        1644   1.97280E+02   1.20000E-01   7.72670E-02   3.58007E-04   6.54023E-04   0.00000E+00   6.51384E-03   1.00000E+00   0.00000E+00   7.75157E+00   1.85206E-17            15   4.80921E-10   3.13873E+00
        1645   1.97400E+02   1.20000E-01   7.72670E-02   3.57055E-04   6.51127E-04   0.00000E+00   6.57918E-03   1.00000E+00   0.00000E+00   7.75157E+00   1.78073E-17            15   4.98104E-10   3.13867E+00
        1646   1.97520E+02   1.20000E-01   7.72670E-02   3.56098E-04   6.48241E-04   0.00000E+00   6.64420E-03   1.00000E+00   0.00000E+00   7.75157E+00   1.72164E-17            15   5.12335E-10   3.13861E+00
        1647   1.97640E+02   1.20000E-01   7.72670E-02   3.55135E-04   6.45366E-04   0.00000E+00   6.70891E-03   1.00000E+00   0.00000E+00   7.75157E+00   1.61487E-17            15   5.15887E-10   3.13855E+00
        1648   1.97760E+02   1.20000E-01   7.72670E-02   3.54168E-04   6.42501E-04   0.00000E+00   6.77332E-03   1.00000E+00   0.00000E+00   7.75157E+00   1.51853E-17            15   5.04585E-10   3.13849E+00
        1649   1.97880E+02   1.20000E-01   7.72670E-02   3.53196E-04   6.39646E-04   0.00000E+00   6.83742E-03   1.00000E+00   0.00000E+00   7.75157E+00   1.42644E-17            15   4.66168E-10   3.13843E+00
        1650   1.98000E+02   1.20000E-01   7.72670E-02   3.52218E-04   6.36800E-04   0.00000E+00   6.90121E-03   1.00000E+00   0.00000E+00   7.75157E+00   1.19124E-17            15   3.86937E-10   3.13837E+00
        1651   1.98120E+02   1.20000E-01   7.72670E-02   3.51236E-04   6.33964E-04   0.00000E+00   6.96469E-03   1.00000E+00   0.00000E+00   7.75157E+00   1.04335E-17            15   3.36090E-10   3.13831E+00
        1652   1.98240E+02   1.20000E-01   7.72670E-02   3.50248E-04   6.31136E-04   0.00000E+00   7.02786E-03   1.00000E+00   0.00000E+00   7.75157E+00   1.26775E-17            15   4.03260E-10   3.13825E+00
        1653   1.98360E+02   1.20000E-01   7.72670E-02   3.49256E-04   6.28317E-04   0.00000E+00   7.09072E-03   1.00000E+00   0.00000E+00   7.75157E+00   1.53031E-17            15   4.76512E-10   3.13820E+00
        1654   1.98480E+02   1.20000E-01   7.72670E-02   3.48258E-04   6.25506E-04   0.00000E+00   7.15327E-03   1.00000E+00   0.00000E+00   7.75157E+00   1.66778E-17            15   5.14852E-10   3.13814E+00
        1655   1.98600E+02   1.20000E-01   7.72670E-02   3.47256E-04   6.22704E-04   0.00000E+00   7.21552E-03   1.00000E+00   0.00000E+00   7.75157E+00   1.73817E-17            15   5.34167E-10   3.13808E+00
        1656   1.98720E+02   1.20000E-01   7.72670E-02   3.46248E-04   6.19909E-04   0.00000E+00   7.27746E-03   1.00000E+00   0.00000E+00   7.75157E+00   1.77069E-17            15   5.43543E-10   3.13802E+00
        1657   1.98840E+02   1.20000E-01   7.72670E-02   3.45236E-04   6.17122E-04   0.00000E+00   7.33910E-03   1.00000E+00   0.00000E+00   7.75157E+00   1.78594E-17            15   5.47969E-10   3.13796E+00
        1658   1.98960E+02   1.20000E-01   7.72670E-02   3.44219E-04   6.14342E-04   0.00000E+00   7.40043E-03   1.00000E+00   0.00000E+00   7.75157E+00   1.78665E-17            15   5.49282E-10   3.13790E+00
        1659   1.99080E+02   1.20000E-01   7.72670E-02   3.43196E-04   6.11569E-04   0.00000E+00   7.46145E-03   1.00000E+00   0.00000E+00   7.75157E+00   1.77601E-17            15   5.48602E-10   3.13785E+00
        1660   1.99200E+02   1.20000E-01   7.72670E-02   3.42169E-04   6.08803E-04   0.00000E+00   7.52217E-03   1.00000E+00   0.00000E+00   7.75157E+00   1.76217E-17            15   5.46476E-10   3.13779E+00
        1661   1.99320E+02   1.20000E-01   7.72670E-02   3.41136E-04   6.06044E-04   0.00000E+00   7.58258E-03   1.00000E+00   0.00000E+00   7.75157E+00   1.74430E-17            15   5.43200E-10   3.13773E+00
        1662   1.99440E+02   1.20000E-01   7.72670E-02   3.40099E-04   6.03291E-04   0.00000E+00   7.64269E-03   1.00000E+00   0.00000E+00   7.75157E+00   1.72321E-17            15   5.38834E-10   3.13768E+00
        1663   1.99560E+02   1.20000E-01   7.72670E-02   3.39057E-04   6.00545E-04   0.00000E+00   7.70250E-03   1.00000E+00   0.00000E+00   7.75157E+00   1.69367E-17            15   5.33581E-10   3.13762E+00
        1664   1.99680E+02   1.20000E-01   7.72670E-02   3.38010E-04   5.97804E-04   0.00000E+00   7.76201E-03   1.00000E+00   0.00000E+00   7.75157E+00   1.66381E-17            15   5.27371E-10   3.13756E+00
        1665   1.99800E+02   1.20000E-01   7.72670E-02   3.36957E-04   5.95069E-04   0.00000E+00   7.82121E-03   1.00000E+00   0.00000E+00   7.75157E+00   1.63106E-17            15   5.20227E-10   3.13751E+00
        1666   1.99920E+02   1.20000E-01   7.72670E-02   3.35900E-04   5.92339E-04   0.00000E+00   7.88012E-03   1.00000E+00   0.00000E+00   7.75157E+00   1.59100E-17            15   5.12097E-10   3.13745E+00
        1667   2.00040E+02   1.20000E-01   7.72670E-02   3.34838E-04   5.89615E-04   0.00000E+00   7.93873E-03   1.00000E+00   0.00000E+00   7.75157E+00   1.55691E-17            15   5.02850E-10   3.13739E+00
        1668   2.00160E+02   1.20000E-01   7.72670E-02   3.33771E-04   5.86897E-04   0.00000E+00   7.99703E-03   1.00000E+00   0.00000E+00   7.75157E+00   1.51155E-17            15   4.92394E-10   3.13734E+00
        1669   2.00280E+02   1.20000E-01   7.72670E-02   3.32700E-04   5.84183E-04   0.00000E+00   8.05504E-03   1.00000E+00   0.00000E+00   7.75157E+00   1.46426E-17            15   4.80551E-10   3.13728E+00
        1670   2.00400E+02   1.20000E-01   7.72670E-02   3.31623E-04   5.81473E-04   0.00000E+00   8.11276E-03   1.00000E+00   0.00000E+00   7.75157E+00   1.41196E-17            15   4.67139E-10   3.13723E+00
        1671   2.00520E+02   1.20000E-01   7.72670E-02   3.30541E-04   5.78769E-04   0.00000E+00   8.17017E-03   1.00000E+00   0.00000E+00   7.75157E+00   1.35688E-17            15   4.52070E-10   3.13717E+00
        1672   2.00640E+02   1.20000E-01   7.72670E-02   3.29455E-04   5.76069E-04   0.00000E+00   8.22730E-03   1.00000E+00   0.00000E+00   7.75157E+00   1.28769E-17            15   4.34905E-10   3.13712E+00
        1673   2.00760E+02   1.20000E-01   7.72670E-02   3.28364E-04   5.73373E-04   0.00000E+00   8.28412E-03   1.00000E+00   0.00000E+00   7.75157E+00   1.22218E-17            15   4.15672E-10   3.13706E+00
        1674   2.00880E+02   1.20000E-01   7.72670E-02   3.27268E-04   5.70681E-04   0.00000E+00   8.34066E-03   1.00000E+00   0.00000E+00   7.75157E+00   1.14580E-17            15   3.93899E-10   3.13701E+00
        1675   2.01000E+02   1.20000E-01   7.72670E-02   3.26167E-04   5.67993E-04   0.00000E+00   8.39690E-03   1.00000E+00   0.00000E+00   7.75157E+00   1.06920E-17            15   3.69635E-10   3.13695E+00
        1676   2.01120E+02   1.20000E-01   7.72670E-02   3.25061E-04   5.65309E-04   0.00000E+00   8.45286E-03   1.00000E+00   0.00000E+00   7.75157E+00   9.79357E-18            15   3.42665E-10   3.13690E+00
        1677   2.01240E+02   1.20000E-01   7.72670E-02   3.23951E-04   5.62628E-04   0.00000E+00   8.50852E-03   1.00000E+00   0.00000E+00   7.75157E+00   8.93170E-18            15   3.13325E-10   3.13685E+00
        1678   2.01360E+02   1.20000E-01   7.72670E-02   3.22836E-04   5.59951E-04   0.00000E+00   8.56390E-03   1.00000E+00   0.00000E+00   7.75157E+00   8.02005E-18            15   2.82101E-10   3.13679E+00
        1679   2.01480E+02   1.20000E-01   7.72670E-02   3.21716E-04   5.57277E-04   0.00000E+00   8.61899E-03   1.00000E+00   0.00000E+00   7.75157E+00   8.09063E-18            15   2.49995E-10   3.13674E+00
        1680   2.01600E+02   1.20000E-01   7.72670E-02   3.20592E-04   5.54606E-04   0.00000E+00   8.67379E-03   1.00000E+00   0.00000E+00   7.75157E+00   8.73163E-18            15   2.19278E-10   3.13669E+00
        1681   2.01720E+02   1.20000E-01   7.72670E-02   3.19463E-04   5.51939E-04   0.00000E+00   8.72832E-03   1.00000E+00   0.00000E+00   7.75157E+00   8.81727E-18            15   1.92807E-10   3.13663E+00
        1682   2.01840E+02   1.20000E-01   7.72670E-02   3.18329E-04   5.49274E-04   0.00000E+00   8.78257E-03   1.00000E+00   0.00000E+00   7.75157E+00   9.11083E-18            15   1.75112E-10   3.13658E+00
        1683   2.01960E+02   1.20000E-01   7.72670E-02   3.17190E-04   5.46611E-04   0.00000E+00   8.83654E-03   1.00000E+00   0.00000E+00   7.75157E+00   8.94365E-18            15   1.69379E-10   3.13653E+00
        1684   2.02080E+02   1.20000E-01   7.72670E-02   3.16047E-04   5.43952E-04   0.00000E+00   8.89023E-03   1.00000E+00   0.00000E+00   7.75157E+00   8.92868E-18            15   1.77859E-10   3.13648E+00
        1685   2.02200E+02   1.20000E-01   7.72670E-02   3.14900E-04   5.41295E-04   0.00000E+00   8.94363E-03   1.00000E+00   0.00000E+00   7.75157E+00   8.35846E-18            15   1.97162E-10   3.13643E+00
        1686   2.02320E+02   1.20000E-01   7.72670E-02   3.13747E-04   5.38640E-04   0.00000E+00   8.99676E-03   1.00000E+00   0.00000E+00   7.75157E+00   7.77216E-18            15   2.23523E-10   3.13637E+00
        1687   2.02440E+02   1.20000E-01   7.72670E-02   3.12591E-04   5.35987E-04   0.00000E+00   9.04962E-03   1.00000E+00   0.00000E+00   7.75157E+00   7.18461E-18            15   2.52545E-10   3.13632E+00
        1688   2.02560E+02   1.20000E-01   7.72670E-02   3.11429E-04   5.33336E-04   0.00000E+00   9.10220E-03   1.00000E+00   0.00000E+00   7.75157E+00   7.32380E-18            15   2.81990E-10   3.13627E+00
        1689   2.02680E+02   1.20000E-01   7.72670E-02   3.10264E-04   5.30687E-04   0.00000E+00   9.15450E-03   1.00000E+00   0.00000E+00   7.75157E+00   8.64259E-18            15   3.09717E-10   3.13622E+00
        1690   2.02800E+02   1.20000E-01   7.72670E-02   3.09093E-04   5.28041E-04   0.00000E+00   9.20653E-03   1.00000E+00   0.00000E+00   7.75157E+00   9.38796E-18            15   3.35156E-10   3.13617E+00
        1691   2.02920E+02   1.20000E-01   7.72670E-02   3.07919E-04   5.25395E-04   0.00000E+00   9.25829E-03   1.00000E+00   0.00000E+00   7.75157E+00   1.01867E-17            15   3.57718E-10   3.13612E+00
        1692   2.03040E+02   1.20000E-01   7.72670E-02   3.06739E-04   5.22752E-04   0.00000E+00   9.30978E-03   1.00000E+00   0.00000E+00   7.75157E+00   1.08689E-17            15   3.77663E-10   3.13607E+00
        1693   2.03160E+02   1.20000E-01   7.72670E-02   3.05556E-04   5.20110E-04   0.00000E+00   9.36099E-03   1.00000E+00   0.00000E+00   7.75157E+00   1.16909E-17            15   3.94831E-10   3.13602E+00
        1694   2.03280E+02   1.20000E-01   7.72670E-02   3.04368E-04   5.17469E-04   0.00000E+00   9.41195E-03   1.00000E+00   0.00000E+00   7.75157E+00   1.22521E-17            15   4.09588E-10   3.13597E+00
        1695   2.03400E+02   1.20000E-01   7.72670E-02   3.03176E-04   5.14830E-04   0.00000E+00   9.46263E-03   1.00000E+00   0.00000E+00   7.75157E+00   1.27682E-17            15   4.22327E-10   3.13592E+00
        1696   2.03520E+02   1.20000E-01   7.72670E-02   3.01979E-04   5.12192E-04   0.00000E+00   9.51304E-03   1.00000E+00   0.00000E+00   7.75157E+00   1.34267E-17            15   4.33157E-10   3.13587E+00
        1697   2.03640E+02   1.20000E-01   7.72670E-02   3.00778E-04   5.09555E-04   0.00000E+00   9.56320E-03   1.00000E+00   0.00000E+00   7.75157E+00   1.38986E-17            15   4.42307E-10   3.13582E+00
        1698   2.03760E+02   1.20000E-01   7.72670E-02   2.99573E-04   5.06919E-04   0.00000E+00   9.61309E-03   1.00000E+00   0.00000E+00   7.75157E+00   1.43303E-17            15   4.50147E-10   3.13577E+00
        1699   2.03880E+02   1.20000E-01   7.72670E-02   2.98364E-04   5.04284E-04   0.00000E+00   9.66272E-03   1.00000E+00   0.00000E+00   7.75157E+00   1.47483E-17            15   4.56698E-10   3.13573E+00
        1700   2.04000E+02   1.20000E-01   7.72670E-02   2.97150E-04   5.01649E-04   0.00000E+00   9.71209E-03   1.00000E+00   0.00000E+00   7.75157E+00   1.51324E-17            15   4.62284E-10   3.13568E+00
        1701   2.04120E+02   1.20000E-01   7.72670E-02   2.95933E-04   4.99016E-04   0.00000E+00   9.76120E-03   1.00000E+00   0.00000E+00   7.75157E+00   1.53889E-17            15   4.66955E-10   3.13563E+00
        1702   2.04240E+02   1.20000E-01   7.72670E-02   2.94711E-04   4.96383E-04   0.00000E+00   9.81006E-03   1.00000E+00   0.00000E+00   7.75157E+00   1.56922E-17            15   4.70845E-10   3.13558E+00
        1703   2.04360E+02   1.20000E-01   7.72670E-02   2.93485E-04   4.93751E-04   0.00000E+00   9.85866E-03   1.00000E+00   0.00000E+00   7.75157E+00   1.59421E-17            15   4.74105E-10   3.13553E+00
        1704   2.04480E+02   1.20000E-01   7.72670E-02   2.92255E-04   4.91119E-04   0.00000E+00   9.90700E-03   1.00000E+00   0.00000E+00   7.75157E+00   1.61399E-17            15   4.76801E-10   3.13549E+00
        1705   2.04600E+02   1.20000E-01   7.72670E-02   2.91021E-04   4.88488E-04   0.00000E+00   9.95509E-03   1.00000E+00   0.00000E+00   7.75157E+00   1.63171E-17            15   4.79003E-10   3.13544E+00
        1706   2.04720E+02   1.20000E-01   7.72670E-02   2.89783E-04   4.85857E-04   0.00000E+00   1.00029E-02   1.00000E+00   0.00000E+00   7.75157E+00   1.65080E-17            15   4.80773E-10   3.13539E+00
        1707   2.04840E+02   1.20000E-01   7.72670E-02   2.88541E-04   4.83226E-04   0.00000E+00   1.00505E-02   1.00000E+00   0.00000E+00   7.75157E+00   1.66479E-17            15   4.82190E-10   3.13535E+00
        1708   2.04960E+02   1.20000E-01   7.72670E-02   2.87295E-04   4.80596E-04   0.00000E+00   1.00979E-02   1.00000E+00   0.00000E+00   7.75157E+00   1.67677E-17            15   4.83251E-10   3.13530E+00
        1709   2.05080E+02   1.20000E-01   7.72670E-02   2.86045E-04   4.77966E-04   0.00000E+00   1.01450E-02   1.00000E+00   0.00000E+00   7.75157E+00   1.69496E-17            15   4.84039E-10   3.13526E+00
        1710   2.05200E+02   1.20000E-01   7.72670E-02   2.84792E-04   4.75336E-04   0.00000E+00   1.01918E-02   1.00000E+00   0.00000E+00   7.75157E+00   1.70219E-17            15   4.84569E-10   3.13521E+00
        1711   2.05320E+02   1.20000E-01   7.72670E-02   2.83534E-04   4.72706E-04   0.00000E+00   1.02384E-02   1.00000E+00   0.00000E+00   7.75157E+00   1.70973E-17            15   4.84888E-10   3.13516E+00
        1712   2.05440E+02   1.20000E-01   7.72670E-02   2.82273E-04   4.70076E-04   0.00000E+00   1.02847E-02   1.00000E+00   0.00000E+00   7.75157E+00   1.71495E-17            15   4.84997E-10   3.13512E+00
        1713   2.05560E+02   1.20000E-01   7.72670E-02   2.81008E-04   4.67670E-04   0.00000E+00   1.03309E-02   1.00000E+00   0.00000E+00   7.75157E+00   1.72218E-17            15   4.84927E-10   3.13507E+00
        1714   2.05680E+02   1.20000E-01   7.72670E-02   2.79739E-04   4.65551E-04   0.00000E+00   1.03767E-02   1.00000E+00   0.00000E+00   7.75157E+00   1.72725E-17            15   4.84732E-10   3.13503E+00
        1715   2.05800E+02   1.20000E-01   7.72670E-02   2.78467E-04   4.63431E-04   0.00000E+00   1.04223E-02   1.00000E+00   0.00000E+00   7.75157E+00   1.72966E-17            15   4.84374E-10   3.13499E+00
        1716   2.05920E+02   1.20000E-01   7.72670E-02   2.77191E-04   4.61310E-04   0.00000E+00   1.04677E-02   1.00000E+00   0.00000E+00   7.75157E+00   1.73390E-17            15   4.83910E-10   3.13494E+00
        1717   2.06040E+02   1.20000E-01   7.72670E-02   2.75911E-04   4.59188E-04   0.00000E+00   1.05129E-02   1.00000E+00   0.00000E+00   7.75157E+00   1.73626E-17            15   4.83288E-10   3.13490E+00
        1718   2.06160E+02   1.20000E-01   7.72670E-02   2.74628E-04   4.57064E-04   0.00000E+00   1.05578E-02   1.00000E+00   0.00000E+00   7.75157E+00   1.73751E-17            15   4.82583E-10   3.13485E+00
        1719   2.06280E+02   1.20000E-01   7.72670E-02   2.73341E-04   4.54938E-04   0.00000E+00   1.06024E-02   1.00000E+00   0.00000E+00   7.75157E+00   1.73723E-17            15   4.81812E-10   3.13481E+00
        1720   2.06400E+02   1.20000E-01   7.72670E-02   2.72050E-04   4.52812E-04   0.00000E+00   1.06469E-02   1.00000E+00   0.00000E+00   7.75157E+00   1.73694E-17            15   4.80955E-10   3.13477E+00
        1721   2.06520E+02   1.20000E-01   7.72670E-02   2.70756E-04   4.50684E-04   0.00000E+00   1.06911E-02   1.00000E+00   0.00000E+00   7.75157E+00   1.73442E-17            15   4.80036E-10   3.13473E+00
        1722   2.06640E+02   1.20000E-01   7.72670E-02   2.69459E-04   4.48554E-04   0.00000E+00   1.07350E-02   1.00000E+00   0.00000E+00   7.75157E+00   1.73361E-17            15   4.79043E-10   3.13468E+00
        1723   2.06760E+02   1.20000E-01   7.72670E-02   2.68158E-04   4.46424E-04   0.00000E+00   1.07788E-02   1.00000E+00   0.00000E+00   7.75157E+00   1.72953E-17            15   4.78007E-10   3.13464E+00
        1724   2.06880E+02   1.20000E-01   7.72670E-02   2.66854E-04   4.44291E-04   0.00000E+00   1.08222E-02   1.00000E+00   0.00000E+00   7.75157E+00   1.72467E-17            15   4.76923E-10   3.13460E+00
        1725   2.07000E+02   1.20000E-01   7.72670E-02   2.65547E-04   4.42158E-04   0.00000E+00   1.08655E-02   1.00000E+00   0.00000E+00   7.75157E+00   1.72366E-17            15   4.75863E-10   3.13456E+00
        1726   2.07120E+02   1.20000E-01   7.72670E-02   2.64236E-04   4.40023E-04   0.00000E+00   1.09085E-02   1.00000E+00   0.00000E+00   7.75157E+00   1.71867E-17            15   4.74667E-10   3.13452E+00
        1727   2.07240E+02   1.20000E-01   7.72670E-02   2.62922E-04   4.37887E-04   0.00000E+00   1.09513E-02   1.00000E+00   0.00000E+00   7.75157E+00   1.71575E-17            15   4.73421E-10   3.13448E+00
        1728   2.07360E+02   1.20000E-01   7.72670E-02   2.61605E-04   4.35750E-04   0.00000E+00   1.09939E-02   1.00000E+00   0.00000E+00   7.75157E+00   1.70663E-17            15   4.72208E-10   3.13444E+00
        1729   2.07480E+02   1.20000E-01   7.72670E-02   2.60284E-04   4.33611E-04   0.00000E+00   1.10362E-02   1.00000E+00   0.00000E+00   7.75157E+00   1.71944E-17            15   4.70948E-10   3.13439E+00
        1730   2.07600E+02   1.20000E-01   7.72670E-02   2.58961E-04   4.31471E-04   0.00000E+00   1.10784E-02   1.00000E+00   0.00000E+00   7.75157E+00   1.71766E-17            15   4.69700E-10   3.13435E+00
        1731   2.07720E+02   1.20000E-01   7.72670E-02   2.57634E-04   4.29330E-04   0.00000E+00   1.11439E-02   1.00000E+00   0.00000E+00   7.75157E+00   1.73855E-17            15   4.68400E-10   3.13431E+00
        1732   2.07840E+02   1.20000E-01   7.72670E-02   2.56304E-04   4.27187E-04   0.00000E+00   1.12115E-02   1.00000E+00   0.00000E+00   7.75157E+00   1.74345E-17            15   4.67107E-10   3.13428E+00
        1733   2.07960E+02   1.20000E-01   7.72670E-02   2.54971E-04   4.25043E-04   0.00000E+00   1.12788E-02   1.00000E+00   0.00000E+00   7.75157E+00   1.74536E-17            15   4.65835E-10   3.13424E+00
        1734   2.08080E+02   1.20000E-01   7.72670E-02   2.53636E-04   4.22898E-04   0.00000E+00   1.13456E-02   1.00000E+00   0.00000E+00   7.75157E+00   1.75047E-17            15   4.64520E-10   3.13420E+00
        1735   2.08200E+02   1.20000E-01   7.72670E-02   2.52297E-04   4.20752E-04   0.00000E+00   1.14120E-02   1.00000E+00   0.00000E+00   7.75157E+00   1.76699E-17            15   4.63195E-10   3.13416E+00
        1736   2.08320E+02   1.20000E-01   7.72670E-02   2.50955E-04   4.18604E-04   0.00000E+00   1.14779E-02   1.00000E+00   0.00000E+00   7.75157E+00   1.76072E-17            15   4.61890E-10   3.13412E+00
        1737   2.08440E+02   1.20000E-01   7.72670E-02   2.49611E-04   4.16455E-04   0.00000E+00   1.15435E-02   1.00000E+00   0.00000E+00   7.75157E+00   1.78660E-17            15   4.60641E-10   3.13408E+00
        1738   2.08560E+02   1.20000E-01   7.72670E-02   2.48263E-04   4.14305E-04   0.00000E+00   1.16085E-02   1.00000E+00   0.00000E+00   7.75157E+00   1.79076E-17            15   4.59268E-10   3.13404E+00
        1739   2.08680E+02   1.20000E-01   7.72670E-02   2.46913E-04   4.12154E-04   0.00000E+00   1.16732E-02   1.00000E+00   0.00000E+00   7.75157E+00   1.78726E-17            15   4.57969E-10   3.13401E+00
        1740   2.08800E+02   1.20000E-01   7.72670E-02   2.45560E-04   4.10002E-04   0.00000E+00   1.17374E-02   1.00000E+00   0.00000E+00   7.75157E+00   1.78978E-17            15   4.56685E-10   3.13397E+00
        1741   2.08920E+02   1.20000E-01   7.72670E-02   2.44204E-04   4.07848E-04   0.00000E+00   1.18011E-02   1.00000E+00   0.00000E+00   7.75157E+00   1.80907E-17            15   4.55439E-10   3.13393E+00
        1742   2.09040E+02   1.20000E-01   7.72670E-02   2.42846E-04   4.05694E-04   0.00000E+00   1.18644E-02   1.00000E+00   0.00000E+00   7.75157E+00   1.81962E-17            15   4.54138E-10   3.13390E+00
        1743   2.09160E+02   1.20000E-01   7.72670E-02   2.41485E-04   4.03538E-04   0.00000E+00   1.19272E-02   1.00000E+00   0.00000E+00   7.75157E+00   1.82633E-17            15   4.52879E-10   3.13386E+00
        1744   2.09280E+02   1.20000E-01   7.72670E-02   2.40121E-04   4.01381E-04   0.00000E+00   1.19896E-02   1.00000E+00   0.00000E+00   7.75157E+00   1.81403E-17            15   4.51635E-10   3.13382E+00
        1745   2.09400E+02   1.20000E-01   7.72670E-02   2.38755E-04   3.99223E-04   0.00000E+00   1.20515E-02   1.00000E+00   0.00000E+00   7.75157E+00   1.83326E-17            15   4.50415E-10   3.13379E+00
        1746   2.09520E+02   1.20000E-01   7.72670E-02   2.37386E-04   3.97064E-04   0.00000E+00   1.21130E-02   1.00000E+00   0.00000E+00   7.75157E+00   1.82835E-17            15   4.49205E-10   3.13375E+00
        1747   2.09640E+02   1.20000E-01   7.72670E-02   2.36015E-04   3.94904E-04   0.00000E+00   1.21740E-02   1.00000E+00   0.00000E+00   7.75157E+00   1.83901E-17            15   4.48008E-10   3.13372E+00
        1748   2.09760E+02   1.20000E-01   7.72670E-02   2.34641E-04   3.92743E-04   0.00000E+00   1.22345E-02   1.00000E+00   0.00000E+00   7.75157E+00   1.83776E-17            15   4.46825E-10   3.13368E+00
        1749   2.09880E+02   1.20000E-01   7.72670E-02   2.33265E-04   3.90582E-04   0.00000E+00   1.22945E-02   1.00000E+00   0.00000E+00   7.75157E+00   1.82990E-17            15   4.45670E-10   3.13365E+00
        1750   2.10000E+02   1.20000E-01   7.72670E-02   2.31886E-04   3.88418E-04   0.00000E+00   1.23541E-02   1.00000E+00   0.00000E+00   7.75157E+00   1.79593E-17            15   4.40448E-10   3.13361E+00
        1751   2.10120E+02   1.20000E-01   7.72670E-02   2.30505E-04   3.86254E-04   0.00000E+00   1.24132E-02   1.00000E+00   0.00000E+00   7.75157E+00   1.78974E-17            15   4.39299E-10   3.13358E+00
        1752   2.10240E+02   1.20000E-01   7.72670E-02   2.29121E-04   3.84089E-04   0.00000E+00   1.24718E-02   1.00000E+00   0.00000E+00   7.75157E+00   1.78029E-17            15   4.38167E-10   3.13354E+00
        1753   2.10360E+02   1.20000E-01   7.72670E-02   2.27736E-04   3.81923E-04   0.00000E+00   1.25300E-02   1.00000E+00   0.00000E+00   7.75157E+00   1.77489E-17            15   4.37069E-10   3.13351E+00
        1754   2.10480E+02   1.20000E-01   7.72670E-02   2.26347E-04   3.79756E-04   0.00000E+00   1.25876E-02   1.00000E+00   0.00000E+00   7.75157E+00   1.77014E-17            15   4.35979E-10   3.13348E+00
        1755   2.10600E+02   1.20000E-01   7.72670E-02   2.24957E-04   3.77588E-04   0.00000E+00   1.26448E-02   1.00000E+00   0.00000E+00   7.75157E+00   1.77072E-17            15   4.34915E-10   3.13344E+00
        1756   2.10720E+02   1.20000E-01   7.72670E-02   2.23564E-04   3.75420E-04   0.00000E+00   1.27014E-02   1.00000E+00   0.00000E+00   7.75157E+00   1.75892E-17            15   4.33875E-10   3.13341E+00
        1757   2.10840E+02   1.20000E-01   7.72670E-02   2.22169E-04   3.73250E-04   0.00000E+00   1.27576E-02   1.00000E+00   0.00000E+00   7.75157E+00   1.75059E-17            15   4.32838E-10   3.13338E+00
        1758   2.10960E+02   1.20000E-01   7.72670E-02   2.20772E-04   3.71079E-04   0.00000E+00   1.28132E-02   1.00000E+00   0.00000E+00   7.75157E+00   1.73799E-17            15   4.31831E-10   3.13335E+00
        1759   2.11080E+02   1.20000E-01   7.72670E-02   2.19372E-04   3.68908E-04   0.00000E+00   1.28684E-02   1.00000E+00   0.00000E+00   7.75157E+00   1.72360E-17            15   4.30846E-10   3.13332E+00
        1760   2.11200E+02   1.20000E-01   7.72670E-02   2.17971E-04   3.66736E-04   0.00000E+00   1.29231E-02   1.00000E+00   0.00000E+00   7.75157E+00   1.70253E-17            15   4.29859E-10   3.13328E+00
        1761   2.11320E+02   1.20000E-01   7.72670E-02   2.16567E-04   3.64563E-04   0.00000E+00   1.29772E-02   1.00000E+00   0.00000E+00   7.75157E+00   1.70258E-17            15   4.28914E-10   3.13325E+00
        1762   2.11440E+02   1.20000E-01   7.72670E-02   2.15162E-04   3.62389E-04   0.00000E+00   1.30308E-02   1.00000E+00   0.00000E+00   7.75157E+00   1.67797E-17            15   4.27961E-10   3.13322E+00
        1763   2.11560E+02   1.20000E-01   7.72670E-02   2.13754E-04   3.60214E-04   0.00000E+00   1.30840E-02   1.00000E+00   0.00000E+00   7.75157E+00   1.67725E-17            15   4.27029E-10   3.13319E+00
        1764   2.11680E+02   1.20000E-01   7.72670E-02   2.12344E-04   3.58039E-04   0.00000E+00   1.31366E-02   1.00000E+00   0.00000E+00   7.75157E+00   1.65277E-17            15   4.26102E-10   3.13316E+00
        1765   2.11800E+02   1.20000E-01   7.72670E-02   2.10933E-04   3.55863E-04   0.00000E+00   1.31887E-02   1.00000E+00   0.00000E+00   7.75157E+00   1.62976E-17            15   4.25207E-10   3.13313E+00
        1766   2.11920E+02   1.20000E-01   7.72670E-02   2.09519E-04   3.53687E-04   0.00000E+00   1.32402E-02   1.00000E+00   0.00000E+00   7.75157E+00   1.61823E-17            15   4.24303E-10   3.13310E+00
        1767   2.12040E+02   1.20000E-01   7.72670E-02   2.08104E-04   3.51509E-04   0.00000E+00   1.32913E-02   1.00000E+00   0.00000E+00   7.75157E+00   1.59444E-17            15   4.23414E-10   3.13307E+00
        1768   2.12160E+02   1.20000E-01   7.72670E-02   2.06687E-04   3.49331E-04   0.00000E+00   1.33418E-02   1.00000E+00   0.00000E+00   7.75157E+00   1.56326E-17            15   4.22538E-10   3.13304E+00
        1769   2.12280E+02   1.20000E-01   7.72670E-02   2.05268E-04   3.47153E-04   0.00000E+00   1.33917E-02   1.00000E+00   0.00000E+00   7.75157E+00   1.55692E-17            15   4.21668E-10   3.13301E+00
        1770   2.12400E+02   1.20000E-01   7.72670E-02   2.03847E-04   3.44974E-04   0.00000E+00   1.34412E-02   1.00000E+00   0.00000E+00   7.75157E+00   1.52245E-17            15   4.20801E-10   3.13299E+00
        1771   2.12520E+02   1.20000E-01   7.72670E-02   2.02424E-04   3.42795E-04   0.00000E+00   1.34901E-02   1.00000E+00   0.00000E+00   7.75157E+00   1.51056E-17            15   4.19943E-10   3.13296E+00
        1772   2.12640E+02   1.20000E-01   7.72670E-02   2.01000E-04   3.40615E-04   0.00000E+00   1.35384E-02   1.00000E+00   0.00000E+00   7.75157E+00   1.49028E-17            15   4.19093E-10   3.13293E+00
        1773   2.12760E+02   1.20000E-01   7.72670E-02   1.99574E-04   3.38434E-04   0.00000E+00   1.35863E-02   1.00000E+00   0.00000E+00   7.75157E+00   1.47277E-17            15   4.18254E-10   3.13290E+00
        1774   2.12880E+02   1.20000E-01   7.72670E-02   1.98147E-04   3.36254E-04   0.00000E+00   1.36335E-02   1.00000E+00   0.00000E+00   7.75157E+00   1.41931E-17            15   4.17457E-10   3.13287E+00
        1775   2.13000E+02   1.20000E-01   7.72670E-02   1.96718E-04   3.34072E-04   0.00000E+00   1.36803E-02   1.00000E+00   0.00000E+00   7.75157E+00   1.40367E-17            15   4.16622E-10   3.13285E+00
        1776   2.13120E+02   1.20000E-01   7.72670E-02   1.95287E-04   3.31891E-04   0.00000E+00   1.37264E-02   1.00000E+00   0.00000E+00   7.75157E+00   1.36508E-17            15   4.15807E-10   3.13282E+00
        1777   2.13240E+02   1.20000E-01   7.72670E-02   1.93855E-04   3.29709E-04   0.00000E+00   1.37721E-02   1.00000E+00   0.00000E+00   7.75157E+00   1.34772E-17            15   4.14946E-10   3.13280E+00
        1778   2.13360E+02   1.20000E-01   7.72670E-02   1.92422E-04   3.27527E-04   0.00000E+00   1.38171E-02   1.00000E+00   0.00000E+00   7.75157E+00   1.30236E-17            15   4.14114E-10   3.13277E+00
        1779   2.13480E+02   1.20000E-01   7.72670E-02   1.90987E-04   3.25345E-04   0.00000E+00   1.38616E-02   1.00000E+00   0.00000E+00   7.75157E+00   1.27737E-17            15   4.13274E-10   3.13274E+00
        1780   2.13600E+02   1.20000E-01   7.72670E-02   1.89550E-04   3.23162E-04   0.00000E+00   1.39056E-02   1.00000E+00   0.00000E+00   7.75157E+00   1.25607E-17            15   4.12438E-10   3.13272E+00
        1781   2.13720E+02   1.20000E-01   7.72670E-02   1.88112E-04   3.20979E-04   0.00000E+00   1.39490E-02   1.00000E+00   0.00000E+00   7.75157E+00   1.23759E-17            15   4.11595E-10   3.13269E+00
        1782   2.13840E+02   1.20000E-01   7.72670E-02   1.86673E-04   3.18796E-04   0.00000E+00   1.39918E-02   1.00000E+00   0.00000E+00   7.75157E+00   1.19454E-17            15   4.10765E-10   3.13267E+00
        1783   2.13960E+02   1.20000E-01   7.72670E-02   1.85233E-04   3.16613E-04   0.00000E+00   1.40340E-02   1.00000E+00   0.00000E+00   7.75157E+00   1.15820E-17            15   4.09909E-10   3.13264E+00
        1784   2.14080E+02   1.20000E-01   7.72670E-02   1.83791E-04   3.14430E-04   0.00000E+00   1.40757E-02   1.00000E+00   0.00000E+00   7.75157E+00   1.13251E-17            15   4.09058E-10   3.13262E+00
        1785   2.14200E+02   1.20000E-01   7.72670E-02   1.82348E-04   3.12247E-04   0.00000E+00   1.41168E-02   1.00000E+00   0.00000E+00   7.75157E+00   1.08853E-17            15   4.08205E-10   3.13260E+00
        1786   2.14320E+02   1.20000E-01   7.72670E-02   1.80904E-04   3.10064E-04   0.00000E+00   1.41574E-02   1.00000E+00   0.00000E+00   7.75157E+00   1.06499E-17            15   4.07351E-10   3.13257E+00
        1787   2.14440E+02   1.20000E-01   7.72670E-02   1.79459E-04   3.07881E-04   0.00000E+00   1.41973E-02   1.00000E+00   0.00000E+00   7.75157E+00   1.03853E-17            15   4.06489E-10   3.13255E+00
        1788   2.14560E+02   1.20000E-01   7.72670E-02   1.78012E-04   3.05698E-04   0.00000E+00   1.42367E-02   1.00000E+00   0.00000E+00   7.75157E+00   9.87745E-18            15   4.05634E-10   3.13253E+00
        1789   2.14680E+02   1.20000E-01   7.72670E-02   1.76565E-04   3.03515E-04   0.00000E+00   1.42755E-02   1.00000E+00   0.00000E+00   7.75157E+00   9.65878E-18            15   4.04755E-10   3.13250E+00
        1790   2.14800E+02   1.20000E-01   7.72670E-02   1.75116E-04   3.01332E-04   0.00000E+00   1.43137E-02   1.00000E+00   0.00000E+00   7.75157E+00   9.57034E-18            15   4.03888E-10   3.13248E+00
        1791   2.14920E+02   1.20000E-01   7.72670E-02   1.73667E-04   2.99149E-04   0.00000E+00   1.43514E-02   1.00000E+00   0.00000E+00   7.75157E+00   9.30234E-18            15   4.03016E-10   3.13246E+00
        1792   2.15040E+02   1.20000E-01   7.72670E-02   1.72216E-04   2.96967E-04   0.00000E+00   1.43884E-02   1.00000E+00   0.00000E+00   7.75157E+00   9.38524E-18            15   4.02122E-10   3.13244E+00
        1793   2.15160E+02   1.20000E-01   7.72670E-02   1.70765E-04   2.94785E-04   0.00000E+00   1.44249E-02   1.00000E+00   0.00000E+00   7.75157E+00   9.44319E-18            15   4.01238E-10   3.13242E+00
        1794   2.15280E+02   1.20000E-01   7.72670E-02   1.69313E-04   2.92603E-04   0.00000E+00   1.44608E-02   1.00000E+00   0.00000E+00   7.75157E+00   9.56015E-18            15   4.00350E-10   3.13239E+00
        1795   2.15400E+02   1.20000E-01   7.72670E-02   1.67859E-04   2.90422E-04   0.00000E+00   1.44960E-02   1.00000E+00   0.00000E+00   7.75157E+00   9.55985E-18            15   3.99448E-10   3.13237E+00
        1796   2.15520E+02   1.20000E-01   7.72670E-02   1.66405E-04   2.88240E-04   0.00000E+00   1.45307E-02   1.00000E+00   0.00000E+00   7.75157E+00   9.64970E-18            15   3.98559E-10   3.13235E+00
        1797   2.15640E+02   1.20000E-01   7.72670E-02   1.64988E-04   2.86060E-04   0.00000E+00   1.45649E-02   1.00000E+00   0.00000E+00   7.75157E+00   9.70146E-18            15   3.97650E-10   3.13233E+00
        1798   2.15760E+02   1.20000E-01   7.72670E-02   1.64041E-04   2.83879E-04   0.00000E+00   1.45984E-02   1.00000E+00   0.00000E+00   7.75157E+00   9.73280E-18            15   3.96746E-10   3.13231E+00
        1799   2.15880E+02   1.20000E-01   7.72670E-02   1.63093E-04   2.81700E-04   0.00000E+00   1.46313E-02   1.00000E+00   0.00000E+00   7.75157E+00   9.77679E-18            15   3.95844E-10   3.13229E+00
        1800   2.16000E+02   1.20000E-01   7.72670E-02   1.62142E-04   2.79520E-04   0.00000E+00   1.46636E-02   1.00000E+00   0.00000E+00   7.75157E+00   9.83110E-18            15   3.94911E-10   3.13227E+00
        1801   2.16120E+02   1.20000E-01   7.72670E-02   1.61189E-04   2.77342E-04   0.00000E+00   1.46954E-02   1.00000E+00   0.00000E+00   7.75157E+00   9.85833E-18            15   3.94018E-10   3.13226E+00
        1802   2.16240E+02   1.20000E-01   7.72670E-02   1.60235E-04   2.75164E-04   0.00000E+00   1.47265E-02   1.00000E+00   0.00000E+00   7.75157E+00   9.84278E-18            15   3.93103E-10   3.13224E+00
        1803   2.16360E+02   1.20000E-01   7.72670E-02   1.59278E-04   2.72986E-04   0.00000E+00   1.47570E-02   1.00000E+00   0.00000E+00   7.75157E+00   9.94085E-18            15   3.92198E-10   3.13222E+00
        1804   2.16480E+02   1.20000E-01   7.72670E-02   1.58320E-04   2.70810E-04   0.00000E+00   1.47870E-02   1.00000E+00   0.00000E+00   7.75157E+00   1.02212E-17            15   3.91276E-10   3.13220E+00
        1805   2.16600E+02   1.20000E-01   7.72670E-02   1.57359E-04   2.68634E-04   0.00000E+00   1.48163E-02   1.00000E+00   0.00000E+00   7.75157E+00   1.05389E-17            15   3.90373E-10   3.13218E+00
        1806   2.16720E+02   1.20000E-01   7.72670E-02   1.56397E-04   2.66459E-04   0.00000E+00   1.48451E-02   1.00000E+00   0.00000E+00   7.75157E+00   1.07283E-17            15   3.89485E-10   3.13217E+00
        1807   2.16840E+02   1.20000E-01   7.72670E-02   1.55433E-04   2.64284E-04   0.00000E+00   1.48732E-02   1.00000E+00   0.00000E+00   7.75157E+00   1.09779E-17            15   3.88593E-10   3.13215E+00
        1808   2.16960E+02   1.20000E-01   7.72670E-02   1.54637E-04   2.62111E-04   0.00000E+00   1.49008E-02   1.00000E+00   0.00000E+00   7.75157E+00   1.12162E-17            15   3.87708E-10   3.13213E+00
        1809   2.17080E+02   1.20000E-01   7.72670E-02   1.54294E-04   2.59938E-04   0.00000E+00   1.49277E-02   1.00000E+00   0.00000E+00   7.75157E+00   1.14467E-17            15   3.87317E-10   3.13212E+00
        1810   2.17200E+02   1.20000E-01   7.72670E-02   1.53950E-04   2.57767E-04   0.00000E+00   1.49541E-02   1.00000E+00   0.00000E+00   7.75157E+00   1.16930E-17            15   3.86460E-10   3.13210E+00
        1811   2.17320E+02   1.20000E-01   7.72670E-02   1.53605E-04   2.55596E-04   0.00000E+00   1.49798E-02   1.00000E+00   0.00000E+00   7.75157E+00   1.19111E-17            15   3.85594E-10   3.13208E+00
        1812   2.17440E+02   1.20000E-01   7.72670E-02   1.53260E-04   2.53427E-04   0.00000E+00   1.50050E-02   1.00000E+00   0.00000E+00   7.75157E+00   1.21837E-17            15   3.84752E-10   3.13207E+00
        1813   2.17560E+02   1.20000E-01   7.72670E-02   1.52914E-04   2.51258E-04   0.00000E+00   1.50296E-02   1.00000E+00   0.00000E+00   7.75157E+00   1.24135E-17            15   3.83912E-10   3.13205E+00
        1814   2.17680E+02   1.20000E-01   7.72670E-02   1.52567E-04   2.49091E-04   0.00000E+00   1.50537E-02   1.00000E+00   0.00000E+00   7.75157E+00   1.25806E-17            15   3.83088E-10   3.13204E+00
        1815   2.17800E+02   1.20000E-01   7.72670E-02   1.52219E-04   2.46925E-04   0.00000E+00   1.50771E-02   1.00000E+00   0.00000E+00   7.75157E+00   1.28115E-17            15   3.82283E-10   3.13202E+00
        1816   2.17920E+02   1.20000E-01   7.72670E-02   1.51871E-04   2.44760E-04   0.00000E+00   1.50999E-02   1.00000E+00   0.00000E+00   7.75157E+00   1.29332E-17            15   3.81495E-10   3.13201E+00
        1817   2.18040E+02   1.20000E-01   7.72670E-02   1.51522E-04   2.42596E-04   0.00000E+00   1.51221E-02   1.00000E+00   0.00000E+00   7.75157E+00   1.31742E-17            15   3.80734E-10   3.13199E+00
        1818   2.18160E+02   1.20000E-01   7.72670E-02   1.51172E-04   2.40433E-04   0.00000E+00   1.51437E-02   1.00000E+00   0.00000E+00   7.75157E+00   1.34031E-17            15   3.79987E-10   3.13198E+00
        1819   2.18280E+02   1.20000E-01   7.72670E-02   1.50822E-04   2.38272E-04   0.00000E+00   1.51648E-02   1.00000E+00   0.00000E+00   7.75157E+00   1.35923E-17            15   3.79269E-10   3.13197E+00
        1820   2.18400E+02   1.20000E-01   7.72670E-02   1.50470E-04   2.36112E-04   0.00000E+00   1.51852E-02   1.00000E+00   0.00000E+00   7.75157E+00   1.37556E-17            15   3.78598E-10   3.13195E+00
        1821   2.18520E+02   1.20000E-01   7.72670E-02   1.50118E-04   2.33954E-04   0.00000E+00   1.52051E-02   1.00000E+00   0.00000E+00   7.75157E+00   1.38810E-17            15   3.77945E-10   3.13194E+00
        1822   2.18640E+02   1.20000E-01   7.72670E-02   1.49765E-04   2.31797E-04   0.00000E+00   1.52243E-02   1.00000E+00   0.00000E+00   7.75157E+00   1.41355E-17            15   3.77315E-10   3.13193E+00
        1823   2.18760E+02   1.20000E-01   7.72670E-02   1.49412E-04   2.29642E-04   0.00000E+00   1.52430E-02   1.00000E+00   0.00000E+00   7.75157E+00   1.41887E-17            15   3.76758E-10   3.13192E+00
        1824   2.18880E+02   1.20000E-01   7.72670E-02   1.49057E-04   2.27488E-04   0.00000E+00   1.52611E-02   1.00000E+00   0.00000E+00   7.75157E+00   1.43968E-17            15   3.76221E-10   3.13191E+00
        1825   2.19000E+02   1.20000E-01   7.72670E-02   1.48702E-04   2.25336E-04   0.00000E+00   1.52786E-02   1.00000E+00   0.00000E+00   7.75157E+00   1.44117E-17            15   3.75737E-10   3.13189E+00
        1826   2.19120E+02   1.20000E-01   7.72670E-02   1.48345E-04   2.23185E-04   0.00000E+00   1.52955E-02   1.00000E+00   0.00000E+00   7.75157E+00   1.45071E-17            15   3.75320E-10   3.13188E+00
        1827   2.19240E+02   1.20000E-01   7.72670E-02   1.47988E-04   2.21036E-04   0.00000E+00   1.53119E-02   1.00000E+00   0.00000E+00   7.75157E+00   1.46724E-17            15   3.74953E-10   3.13187E+00
        1828   2.19360E+02   1.20000E-01   7.72670E-02   1.47630E-04   2.18889E-04   0.00000E+00   1.53277E-02   1.00000E+00   0.00000E+00   7.75157E+00   1.47673E-17            15   3.74658E-10   3.13186E+00
        1829   2.19480E+02   1.20000E-01   7.72670E-02   1.47271E-04   2.16744E-04   0.00000E+00   1.53429E-02   1.00000E+00   0.00000E+00   7.75157E+00   1.48651E-17            15   3.73224E-10   3.13185E+00
        1830   2.19600E+02   1.20000E-01   7.72670E-02   1.46911E-04   2.14600E-04   0.00000E+00   1.53575E-02   1.00000E+00   0.00000E+00   7.75157E+00   1.48308E-17            15   3.72277E-10   3.13184E+00
        1831   2.19720E+02   1.20000E-01   7.72670E-02   1.46550E-04   2.12458E-04   0.00000E+00   1.53715E-02   1.00000E+00   0.00000E+00   7.75157E+00   1.48704E-17            15   3.72356E-10   3.13183E+00
        1832   2.19840E+02   1.20000E-01   7.72670E-02   1.46188E-04   2.10319E-04   0.00000E+00   1.53850E-02   1.00000E+00   0.00000E+00   7.75157E+00   1.49718E-17            15   3.72486E-10   3.13182E+00
        1833   2.19960E+02   1.20000E-01   7.72670E-02   1.45826E-04   2.08181E-04   0.00000E+00   1.53979E-02   1.00000E+00   0.00000E+00   7.75157E+00   1.53664E-17            15   3.72739E-10   3.13181E+00
        1834   2.20080E+02   1.20000E-01   7.72670E-02   1.45462E-04   2.06045E-04   0.00000E+00   1.54102E-02   1.00000E+00   0.00000E+00   7.75157E+00   1.58563E-17            15   3.72958E-10   3.13180E+00
        1835   2.20200E+02   1.20000E-01   7.72670E-02   1.45098E-04   2.03911E-04   0.00000E+00   1.54220E-02   1.00000E+00   0.00000E+00   7.75157E+00   1.62404E-17            15   3.73353E-10   3.13179E+00
        1836   2.20320E+02   1.20000E-01   7.72670E-02   1.44732E-04   2.01779E-04   0.00000E+00   1.54332E-02   1.00000E+00   0.00000E+00   7.75157E+00   1.66999E-17            15   3.73973E-10   3.13179E+00
        1837   2.20440E+02   1.20000E-01   7.72670E-02   1.44366E-04   1.99649E-04   0.00000E+00   1.54439E-02   1.00000E+00   0.00000E+00   7.75157E+00   1.70977E-17            15   3.74669E-10   3.13178E+00
        1838   2.20560E+02   1.20000E-01   7.72670E-02   1.43998E-04   1.97522E-04   0.00000E+00   1.54540E-02   1.00000E+00   0.00000E+00   7.75157E+00   1.74903E-17            15   3.75523E-10   3.13177E+00
        1839   2.20680E+02   1.20000E-01   7.72670E-02   1.43629E-04   1.95396E-04   0.00000E+00   1.54636E-02   1.00000E+00   0.00000E+00   7.75157E+00   1.79126E-17            15   3.76485E-10   3.13176E+00
        1840   2.20800E+02   1.20000E-01   7.72670E-02   1.43503E-04   1.93273E-04   0.00000E+00   1.54726E-02   1.00000E+00   0.00000E+00   7.75157E+00   1.82966E-17            15   3.77592E-10   3.13176E+00
        1841   2.20920E+02   1.20000E-01   7.72670E-02   1.44659E-04   1.91152E-04   0.00000E+00   1.54810E-02   1.00000E+00   0.00000E+00   7.75157E+00   1.87590E-17            15   3.78833E-10   3.13175E+00
        1842   2.21040E+02   1.20000E-01   7.72670E-02   1.45810E-04   1.89034E-04   0.00000E+00   1.54890E-02   1.00000E+00   0.00000E+00   7.75157E+00   1.90798E-17            15   3.80223E-10   3.13174E+00
        1843   2.21160E+02   1.20000E-01   7.72670E-02   1.46956E-04   1.86917E-04   0.00000E+00   1.54964E-02   1.00000E+00   0.00000E+00   7.75157E+00   1.95218E-17            15   3.81738E-10   3.13174E+00
        1844   2.21280E+02   1.20000E-01   7.72670E-02   1.48097E-04   1.84804E-04   0.00000E+00   1.55032E-02   1.00000E+00   0.00000E+00   7.75157E+00   1.98505E-17            15   3.83398E-10   3.13173E+00
        1845   2.21400E+02   1.20000E-01   7.72670E-02   1.49233E-04   1.82692E-04   0.00000E+00   1.55095E-02   1.00000E+00   0.00000E+00   7.75157E+00   2.01836E-17            15   3.85197E-10   3.13172E+00
        1846   2.21520E+02   1.20000E-01   7.72670E-02   1.50364E-04   1.80583E-04   0.00000E+00   1.55153E-02   1.00000E+00   0.00000E+00   7.75157E+00   2.05020E-17            15   3.87100E-10   3.13172E+00
        1847   2.21640E+02   1.20000E-01   7.72670E-02   1.51490E-04   1.78477E-04   0.00000E+00   1.55206E-02   1.00000E+00   0.00000E+00   7.75157E+00   2.09344E-17            15   3.89180E-10   3.13171E+00
        1848   2.21760E+02   1.20000E-01   7.72670E-02   1.52611E-04   1.76373E-04   0.00000E+00   1.55253E-02   1.00000E+00   0.00000E+00   7.75157E+00   2.12908E-17            15   3.91402E-10   3.13171E+00
        1849   2.21880E+02   1.20000E-01   7.72670E-02   1.53727E-04   1.74393E-04   0.00000E+00   1.55295E-02   1.00000E+00   0.00000E+00   7.75157E+00   2.15554E-17            15   3.93751E-10   3.13170E+00
        1850   2.22000E+02   1.20000E-01   7.72670E-02   1.54838E-04   1.72896E-04   0.00000E+00   1.55333E-02   1.00000E+00   0.00000E+00   7.75157E+00   2.19759E-17            15   3.96227E-10   3.13170E+00
        1851   2.22120E+02   1.20000E-01   7.72670E-02   1.55943E-04   1.71399E-04   0.00000E+00   1.55365E-02   1.00000E+00   0.00000E+00   7.75157E+00   2.21858E-17            15   3.98842E-10   3.13169E+00
        1852   2.22240E+02   1.20000E-01   7.72670E-02   1.57044E-04   1.69904E-04   0.00000E+00   1.55392E-02   1.00000E+00   0.00000E+00   7.75157E+00   2.25131E-17            15   4.01724E-10   3.13169E+00
        1853   2.22360E+02   1.20000E-01   7.72670E-02   1.58140E-04   1.68408E-04   0.00000E+00   1.55414E-02   1.00000E+00   0.00000E+00   7.75157E+00   2.28002E-17            15   4.04585E-10   3.13169E+00
        1854   2.22480E+02   1.20000E-01   7.72670E-02   1.59230E-04   1.66914E-04   0.00000E+00   1.55431E-02   1.00000E+00   0.00000E+00   7.75157E+00   2.30695E-17            15   4.07552E-10   3.13168E+00
        1855   2.22600E+02   1.20000E-01   7.72670E-02   1.60315E-04   1.65421E-04   0.00000E+00   1.55443E-02   1.00000E+00   0.00000E+00   7.75157E+00   2.33603E-17            15   4.10621E-10   3.13168E+00
        1856   2.22720E+02   1.20000E-01   7.72670E-02   1.61395E-04   1.63928E-04   0.00000E+00   1.55450E-02   1.00000E+00   0.00000E+00   7.75157E+00   2.36726E-17            15   4.13774E-10   3.13168E+00
        1857   2.22840E+02   1.20000E-01   7.72670E-02   1.62470E-04   1.62436E-04   0.00000E+00   1.55452E-02   1.00000E+00   0.00000E+00   7.75157E+00   2.38231E-17            15   4.17015E-10   3.13168E+00
        1858   2.22960E+02   1.20000E-01   7.72670E-02   1.63539E-04   1.60945E-04   0.00000E+00   1.55450E-02   1.00000E+00   0.00000E+00   7.75157E+00   2.40551E-17            15   4.20334E-10   3.13167E+00
        1859   2.23080E+02   1.20000E-01   7.72670E-02   1.64604E-04   1.59455E-04   0.00000E+00   1.55442E-02   1.00000E+00   0.00000E+00   7.75157E+00   2.55820E-17            15   4.21922E-10   3.13167E+00
        1860   2.23200E+02   1.20000E-01   7.72670E-02   1.65665E-04   1.57966E-04   0.00000E+00   1.55429E-02   1.00000E+00   0.00000E+00   7.75157E+00   2.67273E-17            15   4.24836E-10   3.13167E+00
        1861   2.23320E+02   1.20000E-01   7.72670E-02   1.66722E-04   1.56478E-04   0.00000E+00   1.55412E-02   1.00000E+00   0.00000E+00   7.75157E+00   2.68427E-17            15   4.28407E-10   3.13167E+00
        1862   2.23440E+02   1.20000E-01   7.72670E-02   1.67775E-04   1.54990E-04   0.00000E+00   1.55390E-02   1.00000E+00   0.00000E+00   7.75157E+00   2.69575E-17            15   4.31971E-10   3.13167E+00
        1863   2.23560E+02   1.20000E-01   7.72670E-02   1.68823E-04   1.53504E-04   0.00000E+00   1.55364E-02   1.00000E+00   0.00000E+00   7.75157E+00   2.69811E-17            15   4.34969E-10   3.13167E+00
        1864   2.23680E+02   1.20000E-01   7.72670E-02   1.69867E-04   1.52019E-04   0.00000E+00   1.55333E-02   1.00000E+00   0.00000E+00   7.75157E+00   2.71160E-17            15   4.38964E-10   3.13167E+00
        1865   2.23800E+02   1.20000E-01   7.72670E-02   1.70907E-04   1.50535E-04   0.00000E+00   1.55297E-02   1.00000E+00   0.00000E+00   7.75157E+00   2.71303E-17            15   4.42785E-10   3.13167E+00
        1866   2.23920E+02   1.20000E-01   7.72670E-02   1.71942E-04   1.49051E-04   0.00000E+00   1.55257E-02   1.00000E+00   0.00000E+00   7.75157E+00   2.70553E-17            15   4.40689E-10   3.13167E+00
        1867   2.24040E+02   1.20000E-01   7.72670E-02   1.72973E-04   1.47569E-04   0.00000E+00   1.55213E-02   1.00000E+00   0.00000E+00   7.75157E+00   2.68394E-17            15   4.38534E-10   3.13167E+00
        1868   2.24160E+02   1.20000E-01   7.72670E-02   1.73999E-04   1.46085E-04   0.00000E+00   1.55163E-02   1.00000E+00   0.00000E+00   7.75157E+00   2.33907E-17            15   4.47297E-10   3.13167E+00
        1869   2.24280E+02   1.20000E-01   7.72670E-02   1.75020E-04   1.44600E-04   0.00000E+00   1.55109E-02   1.00000E+00   0.00000E+00   7.75157E+00   2.33810E-17            15   4.46377E-10   3.13167E+00
        1870   2.24400E+02   1.20000E-01   7.72670E-02   1.76036E-04   1.43112E-04   0.00000E+00   1.55051E-02   1.00000E+00   0.00000E+00   7.75157E+00   2.33646E-17            15   4.45831E-10   3.13167E+00
        1871   2.24520E+02   1.20000E-01   7.72670E-02   1.77047E-04   1.41622E-04   0.00000E+00   1.54989E-02   1.00000E+00   0.00000E+00   7.75157E+00   2.27925E-17            15   4.44351E-10   3.13167E+00
        1872   2.24640E+02   1.20000E-01   7.72670E-02   1.78052E-04   1.40131E-04   0.00000E+00   1.54922E-02   1.00000E+00   0.00000E+00   7.75157E+00   2.27891E-17            15   4.43930E-10   3.13167E+00
        1873   2.24760E+02   1.20000E-01   7.72670E-02   1.79052E-04   1.38638E-04   0.00000E+00   1.54851E-02   1.00000E+00   0.00000E+00   7.75157E+00   2.34895E-17            15   4.47788E-10   3.13167E+00
        1874   2.24880E+02   1.20000E-01   7.72670E-02   1.80046E-04   1.37142E-04   0.00000E+00   1.54776E-02   1.00000E+00   0.00000E+00   7.75157E+00   2.34817E-17            15   4.47033E-10   3.13168E+00
        1875   2.25000E+02   1.20000E-01   7.72670E-02   1.81034E-04   1.35643E-04   0.00000E+00   1.54697E-02   1.00000E+00   0.00000E+00   7.75157E+00   4.02053E-17            15   4.77168E-10   3.13168E+00
        1876   2.25120E+02   1.20000E-01   7.72670E-02   1.82014E-04   1.34137E-04   0.00000E+00   1.54613E-02   1.00000E+00   0.00000E+00   7.75157E+00   4.03960E-17            15   4.76997E-10   3.13168E+00
        1877   2.25240E+02   1.20000E-01   7.72670E-02   1.82988E-04   1.32626E-04   0.00000E+00   1.54525E-02   1.00000E+00   0.00000E+00   7.75157E+00   4.11038E-17            15   4.70467E-10   3.13168E+00
        1878   2.25360E+02   1.20000E-01   7.72670E-02   1.83954E-04   1.31109E-04   0.00000E+00   1.54433E-02   1.00000E+00   0.00000E+00   7.75157E+00   4.11982E-17            15   4.66515E-10   3.13169E+00
        1879   2.25480E+02   1.20000E-01   7.72670E-02   1.84913E-04   1.29587E-04   0.00000E+00   1.54337E-02   1.00000E+00   0.00000E+00   7.75157E+00   4.10504E-17            15   4.64851E-10   3.13169E+00
        1880   2.25600E+02   1.20000E-01   7.72670E-02   1.85865E-04   1.28058E-04   0.00000E+00   1.54237E-02   1.00000E+00   0.00000E+00   7.75157E+00   4.09716E-17            15   4.63500E-10   3.13170E+00
        1881   2.25720E+02   1.20000E-01   7.72670E-02   1.86810E-04   1.26524E-04   0.00000E+00   1.54133E-02   1.00000E+00   0.00000E+00   7.75157E+00   4.77047E-17            15   6.40613E-10   3.13170E+00
        1882   2.25840E+02   1.20000E-01   7.72670E-02   1.87748E-04   1.24984E-04   0.00000E+00   1.54024E-02   1.00000E+00   0.00000E+00   7.75157E+00   4.75187E-17            15   6.43048E-10   3.13170E+00
        1883   2.25960E+02   1.20000E-01   7.72670E-02   1.88678E-04   1.23437E-04   0.00000E+00   1.53913E-02   1.00000E+00   0.00000E+00   7.75157E+00   4.72558E-17            15   6.46018E-10   3.13171E+00
        1884   2.26080E+02   1.20000E-01   7.72670E-02   1.89601E-04   1.21885E-04   0.00000E+00   1.53798E-02   1.00000E+00   0.00000E+00   7.75157E+00   4.78657E-17            15   6.96362E-10   3.13171E+00
        1885   2.26200E+02   1.20000E-01   7.72670E-02   1.90516E-04   1.20326E-04   0.00000E+00   1.53680E-02   1.00000E+00   0.00000E+00   7.75157E+00   4.81223E-17            15   7.00949E-10   3.13172E+00
        1886   2.26320E+02   1.20000E-01   7.72670E-02   1.91424E-04   1.18762E-04   0.00000E+00   1.53558E-02   1.00000E+00   0.00000E+00   7.75157E+00   4.81669E-17            15   7.04287E-10   3.13172E+00
        1887   2.26440E+02   1.20000E-01   7.72670E-02   1.92324E-04   1.17191E-04   0.00000E+00   1.53433E-02   1.00000E+00   0.00000E+00   7.75157E+00   4.80386E-17            15   7.05979E-10   3.13173E+00
        1888   2.26560E+02   1.20000E-01   7.72670E-02   1.93216E-04   1.15615E-04   0.00000E+00   1.53304E-02   1.00000E+00   0.00000E+00   7.75157E+00   4.79407E-17            15   7.07655E-10   3.13173E+00
        1889   2.26680E+02   1.20000E-01   7.72670E-02   1.94101E-04   1.14034E-04   0.00000E+00   1.53172E-02   1.00000E+00   0.00000E+00   7.75157E+00   4.78411E-17            15   7.08510E-10   3.13174E+00
        1890   2.26800E+02   1.20000E-01   7.72670E-02   1.94978E-04   1.12447E-04   0.00000E+00   1.53037E-02   1.00000E+00   0.00000E+00   7.75157E+00   4.77010E-17            15   7.10166E-10   3.13175E+00
        1891   2.26920E+02   1.20000E-01   7.72670E-02   1.95847E-04   1.10854E-04   0.00000E+00   1.52897E-02   1.00000E+00   0.00000E+00   7.75157E+00   3.60721E-17            15   6.81252E-10   3.13175E+00
        1892   2.27040E+02   1.20000E-01   7.72670E-02   1.96706E-04   1.09254E-04   0.00000E+00   1.52754E-02   1.00000E+00   0.00000E+00   7.75157E+00   3.54789E-17            15   6.80608E-10   3.13176E+00
        1893   2.27160E+02   1.20000E-01   7.72670E-02   1.97556E-04   1.07647E-04   0.00000E+00   1.52609E-02   1.00000E+00   0.00000E+00   7.75157E+00   3.54837E-17            15   6.81754E-10   3.13177E+00
        1894   2.27280E+02   1.20000E-01   7.72670E-02   1.98397E-04   1.06033E-04   0.00000E+00   1.52459E-02   1.00000E+00   0.00000E+00   7.75157E+00   3.54709E-17            15   6.82838E-10   3.13177E+00
        1895   2.27400E+02   1.20000E-01   7.72670E-02   1.99229E-04   1.04413E-04   0.00000E+00   1.52307E-02   1.00000E+00   0.00000E+00   7.75157E+00   3.54814E-17            15   6.83828E-10   3.13178E+00
        1896   2.27520E+02   1.20000E-01   7.72670E-02   2.00053E-04   1.02788E-04   0.00000E+00   1.52151E-02   1.00000E+00   0.00000E+00   7.75157E+00   3.54692E-17            15   6.84716E-10   3.13179E+00
        1897   2.27640E+02   1.20000E-01   7.72670E-02   2.00867E-04   1.01156E-04   0.00000E+00   1.51993E-02   1.00000E+00   0.00000E+00   7.75157E+00   3.54606E-17            15   6.85494E-10   3.13179E+00
        1898   2.27760E+02   1.20000E-01   7.72670E-02   2.01673E-04   9.95182E-05   0.00000E+00   1.51831E-02   1.00000E+00   0.00000E+00   7.75157E+00   3.57088E-17            15   6.86261E-10   3.13180E+00
        1899   2.27880E+02   1.20000E-01   7.72670E-02   2.02470E-04   9.78752E-05   0.00000E+00   1.51666E-02   1.00000E+00   0.00000E+00   7.75157E+00   3.58983E-17            15   6.86815E-10   3.13181E+00
        1900   2.28000E+02   1.20000E-01   7.72670E-02   2.03258E-04   9.62267E-05   0.00000E+00   1.51498E-02   1.00000E+00   0.00000E+00   7.75157E+00   3.61270E-17            15   6.87373E-10   3.13182E+00
        1901   2.28120E+02   1.20000E-01   7.72670E-02   2.04038E-04   9.50370E-05   0.00000E+00   1.51327E-02   1.00000E+00   0.00000E+00   7.75157E+00   3.63522E-17            15   6.87722E-10   3.13183E+00
        1902   2.28240E+02   1.20000E-01   7.72670E-02   2.04808E-04   9.50095E-05   0.00000E+00   1.51153E-02   1.00000E+00   0.00000E+00   7.75157E+00   3.65143E-17            15   6.87816E-10   3.13184E+00
        1903   2.28360E+02   1.20000E-01   7.72670E-02   2.05571E-04   9.49754E-05   0.00000E+00   1.50977E-02   1.00000E+00   0.00000E+00   7.75157E+00   3.67620E-17            15   6.87748E-10   3.13185E+00
        1904   2.28480E+02   1.20000E-01   7.72670E-02   2.06325E-04   9.49346E-05   0.00000E+00   1.50797E-02   1.00000E+00   0.00000E+00   7.75157E+00   3.69406E-17            15   6.87380E-10   3.13186E+00
        1905   2.28600E+02   1.20000E-01   7.72670E-02   2.07070E-04   9.48873E-05   0.00000E+00   1.50614E-02   1.00000E+00   0.00000E+00   7.75157E+00   3.71327E-17            15   6.86512E-10   3.13187E+00
        1906   2.28720E+02   1.20000E-01   7.72670E-02   2.07807E-04   9.70036E-05   0.00000E+00   1.50429E-02   1.00000E+00   0.00000E+00   7.75157E+00   3.72917E-17            15   6.85857E-10   3.13187E+00
        1907   2.28840E+02   1.20000E-01   7.72670E-02   2.08535E-04   9.98256E-05   0.00000E+00   1.50241E-02   1.00000E+00   0.00000E+00   7.75157E+00   3.74812E-17            15   6.84988E-10   3.13188E+00
        1908   2.28960E+02   1.20000E-01   7.72670E-02   2.09256E-04   1.02643E-04   0.00000E+00   1.50050E-02   1.00000E+00   0.00000E+00   7.75157E+00   3.75972E-17            15   6.83888E-10   3.13190E+00
        1909   2.29080E+02   1.20000E-01   7.72670E-02   2.09968E-04   1.05457E-04   0.00000E+00   1.49857E-02   1.00000E+00   0.00000E+00   7.75157E+00   3.77577E-17            15   6.82541E-10   3.13191E+00
        1910   2.29200E+02   1.20000E-01   7.72670E-02   2.10671E-04   1.08267E-04   0.00000E+00   1.49661E-02   1.00000E+00   0.00000E+00   7.75157E+00   3.78480E-17            15   6.80976E-10   3.13192E+00
        1911   2.29320E+02   1.20000E-01   7.72670E-02   2.11367E-04   1.11071E-04   0.00000E+00   1.49463E-02   1.00000E+00   0.00000E+00   7.75157E+00   3.79808E-17            15   6.79165E-10   3.13193E+00
        1912   2.29440E+02   1.20000E-01   7.72670E-02   2.12054E-04   1.13872E-04   0.00000E+00   1.49261E-02   1.00000E+00   0.00000E+00   7.75157E+00   3.80332E-17            15   6.76808E-10   3.13194E+00
        1913   2.29560E+02   1.20000E-01   7.72670E-02   2.12732E-04   1.16667E-04   0.00000E+00   1.49058E-02   1.00000E+00   0.00000E+00   7.75157E+00   3.81240E-17            15   6.74459E-10   3.13195E+00
        1914   2.29680E+02   1.20000E-01   7.72670E-02   2.13402E-04   1.19458E-04   0.00000E+00   1.48853E-02   1.00000E+00   0.00000E+00   7.75157E+00   3.81377E-17            15   6.71636E-10   3.13196E+00
        1915   2.29800E+02   1.20000E-01   7.72670E-02   2.14064E-04   1.22244E-04   0.00000E+00   1.48644E-02   1.00000E+00   0.00000E+00   7.75157E+00   3.81749E-17            15   6.68374E-10   3.13197E+00
        1916   2.29920E+02   1.20000E-01   7.72670E-02   2.14718E-04   1.25025E-04   0.00000E+00   1.48431E-02   1.00000E+00   0.00000E+00   7.75157E+00   3.80726E-17            15   6.64519E-10   3.13199E+00
        1917   2.30040E+02   1.20000E-01   7.72670E-02   2.15364E-04   1.27801E-04   0.00000E+00   1.48217E-02   1.00000E+00   0.00000E+00   7.75157E+00   3.81058E-17            15   6.60696E-10   3.13200E+00
        1918   2.30160E+02   1.20000E-01   7.72670E-02   2.16002E-04   1.30572E-04   0.00000E+00   1.48000E-02   1.00000E+00   0.00000E+00   7.75157E+00   3.79863E-17            15   6.56304E-10   3.13201E+00
        1919   2.30280E+02   1.20000E-01   7.72670E-02   2.16632E-04   1.33337E-04   0.00000E+00   1.47781E-02   1.00000E+00   0.00000E+00   7.75157E+00   3.78146E-17            15   6.51472E-10   3.13202E+00
        1920   2.30400E+02   1.20000E-01   7.72670E-02   2.17254E-04   1.36097E-04   0.00000E+00   1.47559E-02   1.00000E+00   0.00000E+00   7.75157E+00   3.76241E-17            15   6.46201E-10   3.13204E+00
        1921   2.30520E+02   1.20000E-01   7.72670E-02   2.17868E-04   1.38852E-04   0.00000E+00   1.47335E-02   1.00000E+00   0.00000E+00   7.75157E+00   3.73649E-17            15   6.40476E-10   3.13205E+00
        1922   2.30640E+02   1.20000E-01   7.72670E-02   2.18475E-04   1.41600E-04   0.00000E+00   1.47108E-02   1.00000E+00   0.00000E+00   7.75157E+00   3.70070E-17            15   6.34287E-10   3.13206E+00
        1923   2.30760E+02   1.20000E-01   7.72670E-02   2.19073E-04   1.44344E-04   0.00000E+00   1.46879E-02   1.00000E+00   0.00000E+00   7.75157E+00   3.66904E-17            15   6.27634E-10   3.13207E+00
        1924   2.30880E+02   1.20000E-01   7.72670E-02   2.19664E-04   1.47081E-04   0.00000E+00   1.46647E-02   1.00000E+00   0.00000E+00   7.75157E+00   3.62468E-17            15   6.20514E-10   3.13209E+00
        1925   2.31000E+02   1.20000E-01   7.72670E-02   2.20247E-04   1.49812E-04   0.00000E+00   1.46413E-02   1.00000E+00   0.00000E+00   7.75157E+00   3.57440E-17            15   6.12943E-10   3.13210E+00
        1926   2.31120E+02   1.20000E-01   7.72670E-02   2.20822E-04   1.52538E-04   0.00000E+00   1.46177E-02   1.00000E+00   0.00000E+00   7.75157E+00   3.51670E-17            15   6.04937E-10   3.13212E+00
        1927   2.31240E+02   1.20000E-01   7.72670E-02   2.21390E-04   1.55257E-04   0.00000E+00   1.45938E-02   1.00000E+00   0.00000E+00   7.75157E+00   3.45231E-17            15   5.96524E-10   3.13213E+00
        1928   2.31360E+02   1.20000E-01   7.72670E-02   2.21950E-04   1.57970E-04   0.00000E+00   1.45696E-02   1.00000E+00   0.00000E+00   7.75157E+00   3.38000E-17            15   5.87743E-10   3.13215E+00
        1929   2.31480E+02   1.20000E-01   7.72670E-02   2.22503E-04   1.60677E-04   0.00000E+00   1.45452E-02   1.00000E+00   0.00000E+00   7.75157E+00   3.29838E-17            15   5.78646E-10   3.13216E+00
        1930   2.31600E+02   1.20000E-01   7.72670E-02   2.23048E-04   1.63378E-04   0.00000E+00   1.45206E-02   1.00000E+00   0.00000E+00   7.75157E+00   3.20747E-17            15   5.69298E-10   3.13217E+00
        1931   2.31720E+02   1.20000E-01   7.72670E-02   2.23585E-04   1.66071E-04   0.00000E+00   1.44958E-02   1.00000E+00   0.00000E+00   7.75157E+00   3.11165E-17            15   5.59782E-10   3.13219E+00
        1932   2.31840E+02   1.20000E-01   7.72670E-02   2.24115E-04   1.68759E-04   0.00000E+00   1.44707E-02   1.00000E+00   0.00000E+00   7.75157E+00   3.00658E-17            15   5.50200E-10   3.13221E+00
        1933   2.31960E+02   1.20000E-01   7.72670E-02   2.24638E-04   1.71440E-04   0.00000E+00   1.44453E-02   1.00000E+00   0.00000E+00   7.75157E+00   2.89287E-17            15   5.40644E-10   3.13222E+00
        1934   2.32080E+02   1.20000E-01   7.72670E-02   2.25153E-04   1.74114E-04   0.00000E+00   1.44198E-02   1.00000E+00   0.00000E+00   7.75157E+00   2.76939E-17            15   5.31260E-10   3.13224E+00
        1935   2.32200E+02   1.20000E-01   7.72670E-02   2.25660E-04   1.76781E-04   0.00000E+00   1.43940E-02   1.00000E+00   0.00000E+00   7.75157E+00   2.64163E-17            15   5.22185E-10   3.13225E+00
        1936   2.32320E+02   1.20000E-01   7.72670E-02   2.26161E-04   1.79441E-04   0.00000E+00   1.43680E-02   1.00000E+00   0.00000E+00   7.75157E+00   2.50906E-17            15   5.13560E-10   3.13227E+00
        1937   2.32440E+02   1.20000E-01   7.72670E-02   2.26654E-04   1.82094E-04   0.00000E+00   1.43417E-02   1.00000E+00   0.00000E+00   7.75157E+00   2.37150E-17            15   5.05553E-10   3.13228E+00
        1938   2.32560E+02   1.20000E-01   7.72670E-02   2.27140E-04   1.84740E-04   0.00000E+00   1.43152E-02   1.00000E+00   0.00000E+00   7.75157E+00   2.22498E-17            15   4.98322E-10   3.13230E+00
        1939   2.32680E+02   1.20000E-01   7.72670E-02   2.27618E-04   1.87379E-04   0.00000E+00   1.42885E-02   1.00000E+00   0.00000E+00   7.75157E+00   2.13929E-17            15   4.92023E-10   3.13232E+00
        1940   2.32800E+02   1.20000E-01   7.72670E-02   2.28089E-04   1.90010E-04   0.00000E+00   1.42616E-02   1.00000E+00   0.00000E+00   7.75157E+00   2.12361E-17            15   4.86808E-10   3.13233E+00
        1941   2.32920E+02   1.20000E-01   7.72670E-02   2.28553E-04   1.92635E-04   0.00000E+00   1.42344E-02   1.00000E+00   0.00000E+00   7.75157E+00   2.10422E-17            15   4.82789E-10   3.13235E+00
        1942   2.33040E+02   1.20000E-01   7.72670E-02   2.29010E-04   1.95251E-04   0.00000E+00   1.42070E-02   1.00000E+00   0.00000E+00   7.75157E+00   2.08637E-17            15   4.80087E-10   3.13237E+00
        1943   2.33160E+02   1.20000E-01   7.72670E-02   2.29460E-04   1.97861E-04   0.00000E+00   1.41794E-02   1.00000E+00   0.00000E+00   7.75157E+00   2.06584E-17            15   4.78776E-10   3.13239E+00
        1944   2.33280E+02   1.20000E-01   7.72670E-02   2.29902E-04   2.00462E-04   0.00000E+00   1.41515E-02   1.00000E+00   0.00000E+00   7.75157E+00   2.04564E-17            15   4.78892E-10   3.13240E+00
        1945   2.33400E+02   1.20000E-01   7.72670E-02   2.30338E-04   2.03056E-04   0.00000E+00   1.41235E-02   1.00000E+00   0.00000E+00   7.75157E+00   2.02303E-17            15   4.80449E-10   3.13242E+00
        1946   2.33520E+02   1.20000E-01   7.72670E-02   2.30766E-04   2.05642E-04   0.00000E+00   1.40952E-02   1.00000E+00   0.00000E+00   7.75157E+00   2.00098E-17            15   4.83419E-10   3.13244E+00
        1947   2.33640E+02   1.20000E-01   7.72670E-02   2.31187E-04   2.08220E-04   0.00000E+00   1.40666E-02   1.00000E+00   0.00000E+00   7.75157E+00   1.97746E-17            15   4.87738E-10   3.13246E+00
        1948   2.33760E+02   1.20000E-01   7.72670E-02   2.31600E-04   2.10790E-04   0.00000E+00   1.40379E-02   1.00000E+00   0.00000E+00   7.75157E+00   1.95390E-17            15   4.93332E-10   3.13248E+00
        1949   2.33880E+02   1.20000E-01   7.72670E-02   2.32007E-04   2.13353E-04   0.00000E+00   1.40089E-02   1.00000E+00   0.00000E+00   7.75157E+00   1.99413E-17            15   5.00072E-10   3.13250E+00
        1950   2.34000E+02   1.20000E-01   7.72670E-02   2.32407E-04   2.15907E-04   0.00000E+00   1.39797E-02   1.00000E+00   0.00000E+00   7.75157E+00   2.07939E-17            15   5.07857E-10   3.13251E+00
        1951   2.34120E+02   1.20000E-01   7.72670E-02   2.32799E-04   2.18453E-04   0.00000E+00   1.39503E-02   1.00000E+00   0.00000E+00   7.75157E+00   2.16351E-17            15   5.16547E-10   3.13253E+00
        1952   2.34240E+02   1.20000E-01   7.72670E-02   2.33185E-04   2.20990E-04   0.00000E+00   1.39206E-02   1.00000E+00   0.00000E+00   7.75157E+00   2.24981E-17            15   5.26010E-10   3.13255E+00
        1953   2.34360E+02   1.20000E-01   7.72670E-02   2.33563E-04   2.23520E-04   0.00000E+00   1.38907E-02   1.00000E+00   0.00000E+00   7.75157E+00   2.33315E-17            15   5.36106E-10   3.13257E+00
        1954   2.34480E+02   1.20000E-01   7.72670E-02   2.33935E-04   2.26041E-04   0.00000E+00   1.38606E-02   1.00000E+00   0.00000E+00   7.75157E+00   2.41775E-17            15   5.46700E-10   3.13259E+00
        1955   2.34600E+02   1.20000E-01   7.72670E-02   2.34299E-04   2.28553E-04   0.00000E+00   1.38303E-02   1.00000E+00   0.00000E+00   7.75157E+00   2.49629E-17            15   5.57620E-10   3.13261E+00
        1956   2.34720E+02   1.20000E-01   7.72670E-02   2.34656E-04   2.31057E-04   0.00000E+00   1.37998E-02   1.00000E+00   0.00000E+00   7.75157E+00   2.57238E-17            15   5.68902E-10   3.13263E+00
        1957   2.34840E+02   1.20000E-01   7.72670E-02   2.35006E-04   2.33552E-04   0.00000E+00   1.37690E-02   1.00000E+00   0.00000E+00   7.75157E+00   2.64514E-17            15   5.80382E-10   3.13265E+00
        1958   2.34960E+02   1.20000E-01   7.72670E-02   2.35349E-04   2.36039E-04   0.00000E+00   1.37380E-02   1.00000E+00   0.00000E+00   7.75157E+00   2.71612E-17            15   5.91943E-10   3.13267E+00
        1959   2.35080E+02   1.20000E-01   7.72670E-02   2.35686E-04   2.38516E-04   0.00000E+00   1.37068E-02   1.00000E+00   0.00000E+00   7.75157E+00   2.78442E-17            15   6.03545E-10   3.13269E+00
        1960   2.35200E+02   1.20000E-01   7.72670E-02   2.36015E-04   2.40985E-04   0.00000E+00   1.36754E-02   1.00000E+00   0.00000E+00   7.75157E+00   2.84850E-17            15   6.15110E-10   3.13271E+00
        1961   2.35320E+02   1.20000E-01   7.72670E-02   2.36337E-04   2.43445E-04   0.00000E+00   1.36438E-02   1.00000E+00   0.00000E+00   7.75157E+00   2.90752E-17            15   6.26587E-10   3.13273E+00
        1962   2.35440E+02   1.20000E-01   7.72670E-02   2.36652E-04   2.45896E-04   0.00000E+00   1.36119E-02   1.00000E+00   0.00000E+00   7.75157E+00   2.96383E-17            15   6.37932E-10   3.13275E+00
        1963   2.35560E+02   1.20000E-01   7.72670E-02   2.36959E-04   2.48338E-04   0.00000E+00   1.35798E-02   1.00000E+00   0.00000E+00   7.75157E+00   3.01761E-17            15   6.49131E-10   3.13277E+00
        1964   2.35680E+02   1.20000E-01   7.72670E-02   2.37260E-04   2.50771E-04   0.00000E+00   1.35475E-02   1.00000E+00   0.00000E+00   7.75157E+00   3.06476E-17            15   6.60091E-10   3.13280E+00
        1965   2.35800E+02   1.20000E-01   7.72670E-02   2.37554E-04   2.53194E-04   0.00000E+00   1.35150E-02   1.00000E+00   0.00000E+00   7.75157E+00   3.11270E-17            15   6.70851E-10   3.13282E+00
        1966   2.35920E+02   1.20000E-01   7.72670E-02   2.37841E-04   2.55609E-04   0.00000E+00   1.34822E-02   1.00000E+00   0.00000E+00   7.75157E+00   3.15292E-17            15   6.81377E-10   3.13284E+00
        1967   2.36040E+02   1.20000E-01   7.72670E-02   2.38121E-04   2.58014E-04   0.00000E+00   1.34492E-02   1.00000E+00   0.00000E+00   7.75157E+00   3.19195E-17            15   6.91667E-10   3.13286E+00
        1968   2.36160E+02   1.20000E-01   7.72670E-02   2.38393E-04   2.60409E-04   0.00000E+00   1.34160E-02   1.00000E+00   0.00000E+00   7.75157E+00   3.24328E-17            15   7.03953E-10   3.13288E+00
        1969   2.36280E+02   1.20000E-01   7.72670E-02   2.38658E-04   2.62795E-04   0.00000E+00   1.33826E-02   1.00000E+00   0.00000E+00   7.75157E+00   3.27344E-17            15   7.13661E-10   3.13290E+00
        1970   2.36400E+02   1.20000E-01   7.72670E-02   2.38916E-04   2.65172E-04   0.00000E+00   1.33490E-02   1.00000E+00   0.00000E+00   7.75157E+00   3.30442E-17            15   7.23112E-10   3.13293E+00
        1971   2.36520E+02   1.20000E-01   7.72670E-02   2.39167E-04   2.67539E-04   0.00000E+00   1.33152E-02   1.00000E+00   0.00000E+00   7.75157E+00   3.33127E-17            15   7.32300E-10   3.13295E+00
        1972   2.36640E+02   1.20000E-01   7.72670E-02   2.39410E-04   2.69896E-04   0.00000E+00   1.32811E-02   1.00000E+00   0.00000E+00   7.75157E+00   3.35396E-17            15   7.41220E-10   3.13297E+00
        1973   2.36760E+02   1.20000E-01   7.72670E-02   2.39646E-04   2.72243E-04   0.00000E+00   1.32468E-02   1.00000E+00   0.00000E+00   7.75157E+00   3.37594E-17            15   7.49890E-10   3.13299E+00
        1974   2.36880E+02   1.20000E-01   7.72670E-02   2.39875E-04   2.74581E-04   0.00000E+00   1.32123E-02   1.00000E+00   0.00000E+00   7.75157E+00   3.39449E-17            15   7.58282E-10   3.13302E+00
        1975   2.37000E+02   1.20000E-01   7.72670E-02   2.40096E-04   2.76909E-04   0.00000E+00   1.31776E-02   1.00000E+00   0.00000E+00   7.75157E+00   3.41218E-17            15   7.66442E-10   3.13304E+00
        1976   2.37120E+02   1.20000E-01   7.72670E-02   2.40311E-04   2.79227E-04   0.00000E+00   1.31427E-02   1.00000E+00   0.00000E+00   7.75157E+00   3.42899E-17            15   7.74341E-10   3.13306E+00
        1977   2.37240E+02   1.20000E-01   7.72670E-02   2.40517E-04   2.81535E-04   0.00000E+00   1.31075E-02   1.00000E+00   0.00000E+00   7.75157E+00   3.44340E-17            15   7.82009E-10   3.13309E+00
        1978   2.37360E+02   1.20000E-01   7.72670E-02   2.40717E-04   2.83833E-04   0.00000E+00   1.30722E-02   1.00000E+00   0.00000E+00   7.75157E+00   3.45367E-17            15   7.89444E-10   3.13311E+00
        1979   2.37480E+02   1.20000E-01   7.72670E-02   2.40909E-04   2.86121E-04   0.00000E+00   1.30366E-02   1.00000E+00   0.00000E+00   7.75157E+00   3.46121E-17            15   7.96670E-10   3.13313E+00
        1980   2.37600E+02   1.20000E-01   7.72670E-02   2.41094E-04   2.88399E-04   0.00000E+00   1.30008E-02   1.00000E+00   0.00000E+00   7.75157E+00   3.47052E-17            15   8.03652E-10   3.13316E+00
        1981   2.37720E+02   1.20000E-01   7.72670E-02   2.41272E-04   2.90667E-04   0.00000E+00   1.29648E-02   1.00000E+00   0.00000E+00   7.75157E+00   3.47715E-17            15   8.10426E-10   3.13318E+00
        1982   2.37840E+02   1.20000E-01   7.72670E-02   2.41442E-04   2.92925E-04   0.00000E+00   1.29286E-02   1.00000E+00   0.00000E+00   7.75157E+00   3.48437E-17            15   8.16999E-10   3.13321E+00
        1983   2.37960E+02   1.20000E-01   7.72670E-02   2.41605E-04   2.95172E-04   0.00000E+00   1.28921E-02   1.00000E+00   0.00000E+00   7.75157E+00   3.48742E-17            15   8.23375E-10   3.13323E+00
        1984   2.38080E+02   1.20000E-01   7.72670E-02   2.41760E-04   2.97409E-04   0.00000E+00   1.28555E-02   1.00000E+00   0.00000E+00   7.75157E+00   3.49128E-17            15   8.29558E-10   3.13326E+00
        1985   2.38200E+02   1.20000E-01   7.72670E-02   2.41908E-04   2.99635E-04   0.00000E+00   1.28186E-02   1.00000E+00   0.00000E+00   7.75157E+00   3.49466E-17            15   8.35560E-10   3.13328E+00
        1986   2.38320E+02   1.20000E-01   7.72670E-02   2.42049E-04   3.01851E-04   0.00000E+00   1.27815E-02   1.00000E+00   0.00000E+00   7.75157E+00   3.49707E-17            15   8.41374E-10   3.13330E+00
        1987   2.38440E+02   1.20000E-01   7.72670E-02   2.42182E-04   3.04056E-04   0.00000E+00   1.27442E-02   1.00000E+00   0.00000E+00   7.75157E+00   3.49573E-17            15   8.47012E-10   3.13333E+00
        1988   2.38560E+02   1.20000E-01   7.72670E-02   2.42308E-04   3.06251E-04   0.00000E+00   1.27067E-02   1.00000E+00   0.00000E+00   7.75157E+00   3.49392E-17            15   8.52484E-10   3.13335E+00
        1989   2.38680E+02   1.20000E-01   7.72670E-02   2.42427E-04   3.08435E-04   0.00000E+00   1.26690E-02   1.00000E+00   0.00000E+00   7.75157E+00   3.49344E-17            15   8.57809E-10   3.13338E+00
        1990   2.38800E+02   1.20000E-01   7.72670E-02   2.42538E-04   3.10607E-04   0.00000E+00   1.26311E-02   1.00000E+00   0.00000E+00   7.75157E+00   3.48895E-17            15   8.62958E-10   3.13341E+00
        1991   2.38920E+02   1.20000E-01   7.72670E-02   2.42642E-04   3.12770E-04   0.00000E+00   1.25930E-02   1.00000E+00   0.00000E+00   7.75157E+00   3.48720E-17            15   8.67930E-10   3.13343E+00
        1992   2.39040E+02   1.20000E-01   7.72670E-02   2.42739E-04   3.14921E-04   0.00000E+00   1.25547E-02   1.00000E+00   0.00000E+00   7.75157E+00   3.47985E-17            15   8.72774E-10   3.13346E+00
        1993   2.39160E+02   1.20000E-01   7.72670E-02   2.42828E-04   3.17061E-04   0.00000E+00   1.25161E-02   1.00000E+00   0.00000E+00   7.75157E+00   3.47909E-17            15   8.77471E-10   3.13348E+00
        1994   2.39280E+02   1.20000E-01   7.72670E-02   2.42909E-04   3.19190E-04   0.00000E+00   1.24774E-02   1.00000E+00   0.00000E+00   7.75157E+00   3.47444E-17            15   8.82019E-10   3.13351E+00
        1995   2.39400E+02   1.20000E-01   7.72670E-02   2.42984E-04   3.21308E-04   0.00000E+00   1.24384E-02   1.00000E+00   0.00000E+00   7.75157E+00   3.46862E-17            15   8.86429E-10   3.13353E+00
        1996   2.39520E+02   1.20000E-01   7.72670E-02   2.43051E-04   3.23415E-04   0.00000E+00   1.23993E-02   1.00000E+00   0.00000E+00   7.75157E+00   3.45916E-17            15   8.90737E-10   3.13356E+00
        1997   2.39640E+02   1.20000E-01   7.72670E-02   2.43110E-04   3.25511E-04   0.00000E+00   1.23600E-02   1.00000E+00   0.00000E+00   7.75157E+00   3.45277E-17            15   8.94850E-10   3.13359E+00
        1998   2.39760E+02   1.20000E-01   7.72670E-02   2.43162E-04   3.27595E-04   0.00000E+00   1.23204E-02   1.00000E+00   0.00000E+00   7.75157E+00   3.44640E-17            15   8.98856E-10   3.13361E+00
        1999   2.39880E+02   1.20000E-01   7.72670E-02   2.43206E-04   3.29668E-04   0.00000E+00   1.22807E-02   1.00000E+00   0.00000E+00   7.75157E+00   3.43623E-17            15   9.02741E-10   3.13364E+00
        2000   2.40000E+02   1.20000E-01   7.72670E-02   2.43243E-04   3.31730E-04   0.00000E+00   1.22407E-02   1.00000E+00   0.00000E+00   7.75157E+00   3.42877E-17            15   9.06509E-10   3.13367E+00
        2001   2.40120E+02   1.20000E-01   7.72670E-02   2.43273E-04   3.33781E-04   0.00000E+00   1.22006E-02   1.00000E+00   0.00000E+00   7.75157E+00   3.41957E-17            15   9.10138E-10   3.13369E+00
        2002   2.40240E+02   1.20000E-01   7.72670E-02   2.43295E-04   3.35819E-04   0.00000E+00   1.21603E-02   1.00000E+00   0.00000E+00   7.75157E+00   3.41063E-17            15   9.13657E-10   3.13372E+00
        2003   2.40360E+02   1.20000E-01   7.72670E-02   2.43310E-04   3.37847E-04   0.00000E+00   1.21197E-02   1.00000E+00   0.00000E+00   7.75157E+00   3.39946E-17            15   9.17088E-10   3.13375E+00
        2004   2.40480E+02   1.20000E-01   7.72670E-02   2.43317E-04   3.39862E-04   0.00000E+00   1.20790E-02   1.00000E+00   0.00000E+00   7.75157E+00   3.38605E-17            15   9.20354E-10   3.13378E+00
        2005   2.40600E+02   1.20000E-01   7.72670E-02   2.43316E-04   3.41866E-04   0.00000E+00   1.20381E-02   1.00000E+00   0.00000E+00   7.75157E+00   3.37400E-17            15   9.23509E-10   3.13380E+00
        2006   2.40720E+02   1.20000E-01   7.72670E-02   2.43309E-04   3.43858E-04   0.00000E+00   1.19969E-02   1.00000E+00   0.00000E+00   7.75157E+00   3.36526E-17            15   9.26578E-10   3.13383E+00
        2007   2.40840E+02   1.20000E-01   7.72670E-02   2.43293E-04   3.45839E-04   0.00000E+00   1.19556E-02   1.00000E+00   0.00000E+00   7.75157E+00   3.35068E-17            15   9.29517E-10   3.13386E+00
        2008   2.40960E+02   1.20000E-01   7.72670E-02   2.43270E-04   3.47808E-04   0.00000E+00   1.19141E-02   1.00000E+00   0.00000E+00   7.75157E+00   3.34155E-17            15   9.32358E-10   3.13389E+00
        2009   2.41080E+02   1.20000E-01   7.72670E-02   2.43240E-04   3.49764E-04   0.00000E+00   1.18724E-02   1.00000E+00   0.00000E+00   7.75157E+00   3.32093E-17            15   9.35094E-10   3.13392E+00
        2010   2.41200E+02   1.20000E-01   7.72670E-02   2.43268E-04   3.51709E-04   0.00000E+00   1.18304E-02   1.00000E+00   0.00000E+00   7.75157E+00   3.30817E-17            15   9.37729E-10   3.13394E+00
        2011   2.41320E+02   1.20000E-01   7.72670E-02   2.43807E-04   3.53642E-04   0.00000E+00   1.17883E-02   1.00000E+00   0.00000E+00   7.75157E+00   3.29475E-17            15   9.40266E-10   3.13397E+00
        2012   2.41440E+02   1.20000E-01   7.72670E-02   2.44339E-04   3.55563E-04   0.00000E+00   1.17461E-02   1.00000E+00   0.00000E+00   7.75157E+00   3.28333E-17            15   9.42707E-10   3.13400E+00
        2013   2.41560E+02   1.20000E-01   7.72670E-02   2.44862E-04   3.57471E-04   0.00000E+00   1.17036E-02   1.00000E+00   0.00000E+00   7.75157E+00   3.26220E-17            15   9.45027E-10   3.13403E+00
        2014   2.41680E+02   1.20000E-01   7.72670E-02   2.45379E-04   3.59368E-04   0.00000E+00   1.16609E-02   1.00000E+00   0.00000E+00   7.75157E+00   3.25018E-17            15   9.47279E-10   3.13406E+00
        2015   2.41800E+02   1.20000E-01   7.72670E-02   2.45887E-04   3.61252E-04   0.00000E+00   1.16181E-02   1.00000E+00   0.00000E+00   7.75157E+00   3.23115E-17            15   9.49409E-10   3.13409E+00
        2016   2.41920E+02   1.20000E-01   7.72670E-02   2.46388E-04   3.63124E-04   0.00000E+00   1.15750E-02   1.00000E+00   0.00000E+00   7.75157E+00   3.21396E-17            15   9.51469E-10   3.13412E+00
        2017   2.42040E+02   1.20000E-01   7.72670E-02   2.46881E-04   3.64983E-04   0.00000E+00   1.15318E-02   1.00000E+00   0.00000E+00   7.75157E+00   3.19748E-17            15   9.53505E-10   3.13415E+00
        2018   2.42160E+02   1.20000E-01   7.72670E-02   2.47367E-04   3.66830E-04   0.00000E+00   1.14884E-02   1.00000E+00   0.00000E+00   7.75157E+00   3.17530E-17            15   9.55368E-10   3.13418E+00
        2019   2.42280E+02   1.20000E-01   7.72670E-02   2.47845E-04   3.68665E-04   0.00000E+00   1.14448E-02   1.00000E+00   0.00000E+00   7.75157E+00   3.15565E-17            15   9.57164E-10   3.13420E+00
        2020   2.42400E+02   1.20000E-01   7.72670E-02   2.48315E-04   3.70487E-04   0.00000E+00   1.14010E-02   1.00000E+00   0.00000E+00   7.75157E+00   3.13350E-17            15   9.58883E-10   3.13423E+00
        2021   2.42520E+02   1.20000E-01   7.72670E-02   2.48777E-04   3.72297E-04   0.00000E+00   1.13571E-02   1.00000E+00   0.00000E+00   7.75157E+00   3.11779E-17            15   9.60554E-10   3.13426E+00
        2022   2.42640E+02   1.20000E-01   7.72670E-02   2.49232E-04   3.74094E-04   0.00000E+00   1.13130E-02   1.00000E+00   0.00000E+00   7.75157E+00   3.09407E-17            15   9.62157E-10   3.13429E+00
        2023   2.42760E+02   1.20000E-01   7.72670E-02   2.49679E-04   3.75878E-04   0.00000E+00   1.12687E-02   1.00000E+00   0.00000E+00   7.75157E+00   3.07197E-17            15   9.63734E-10   3.13432E+00
        2024   2.42880E+02   1.20000E-01   7.72670E-02   2.50118E-04   3.77650E-04   0.00000E+00   1.12242E-02   1.00000E+00   0.00000E+00   7.75157E+00   3.05193E-17            15   9.65221E-10   3.13435E+00
        2025   2.43000E+02   1.20000E-01   7.72670E-02   2.50550E-04   3.79409E-04   0.00000E+00   1.11795E-02   1.00000E+00   0.00000E+00   7.75157E+00   3.02765E-17            15   9.66642E-10   3.13438E+00
        2026   2.43120E+02   1.20000E-01   7.72670E-02   2.50974E-04   3.81155E-04   0.00000E+00   1.11347E-02   1.00000E+00   0.00000E+00   7.75157E+00   3.00837E-17            15   9.68057E-10   3.13441E+00
        2027   2.43240E+02   1.20000E-01   7.72670E-02   2.51390E-04   3.82888E-04   0.00000E+00   1.10897E-02   1.00000E+00   0.00000E+00   7.75157E+00   2.98396E-17            15   9.69436E-10   3.13444E+00
        2028   2.43360E+02   1.20000E-01   7.72670E-02   2.51799E-04   3.84608E-04   0.00000E+00   1.10446E-02   1.00000E+00   0.00000E+00   7.75157E+00   3.03353E-17            15   9.65198E-10   3.13447E+00
        2029   2.43480E+02   1.20000E-01   7.72670E-02   2.52200E-04   3.86315E-04   0.00000E+00   1.09992E-02   1.00000E+00   0.00000E+00   7.75157E+00   2.92410E-17            15   9.59908E-10   3.13451E+00
        2030   2.43600E+02   1.20000E-01   7.72670E-02   2.52593E-04   3.88009E-04   0.00000E+00   1.09537E-02   1.00000E+00   0.00000E+00   7.75157E+00   2.89354E-17            15   9.60424E-10   3.13454E+00
        2031   2.43720E+02   1.20000E-01   7.72670E-02   2.52979E-04   3.89690E-04   0.00000E+00   1.09080E-02   1.00000E+00   0.00000E+00   7.75157E+00   2.85830E-17            15   9.60986E-10   3.13457E+00
        2032   2.43840E+02   1.20000E-01   7.72670E-02   2.53356E-04   3.91357E-04   0.00000E+00   1.08622E-02   1.00000E+00   0.00000E+00   7.75157E+00   2.83194E-17            15   9.61581E-10   3.13460E+00
        2033   2.43960E+02   1.20000E-01   7.72670E-02   2.53727E-04   3.93012E-04   0.00000E+00   1.08162E-02   1.00000E+00   0.00000E+00   7.75157E+00   2.79828E-17            15   9.62236E-10   3.13463E+00
        2034   2.44080E+02   1.20000E-01   7.72670E-02   2.54089E-04   3.94653E-04   0.00000E+00   1.07700E-02   1.00000E+00   0.00000E+00   7.75157E+00   2.76663E-17            15   9.63000E-10   3.13466E+00
        2035   2.44200E+02   1.20000E-01   7.72670E-02   2.54444E-04   3.96281E-04   0.00000E+00   1.07237E-02   1.00000E+00   0.00000E+00   7.75157E+00   2.73286E-17            15   9.63788E-10   3.13469E+00
        2036   2.44320E+02   1.20000E-01   7.72670E-02   2.54791E-04   3.97895E-04   0.00000E+00   1.06772E-02   1.00000E+00   0.00000E+00   7.75157E+00   2.70133E-17            15   9.64691E-10   3.13472E+00
        2037   2.44440E+02   1.20000E-01   7.72670E-02   2.55130E-04   3.99496E-04   0.00000E+00   1.06306E-02   1.00000E+00   0.00000E+00   7.75157E+00   2.66709E-17            15   9.65717E-10   3.13475E+00
        2038   2.44560E+02   1.20000E-01   7.72670E-02   2.55462E-04   4.01084E-04   0.00000E+00   1.05838E-02   1.00000E+00   0.00000E+00   7.75157E+00   2.63902E-17            15   9.66873E-10   3.13479E+00
        2039   2.44680E+02   1.20000E-01   7.72670E-02   2.55786E-04   4.02658E-04   0.00000E+00   1.05368E-02   1.00000E+00   0.00000E+00   7.75157E+00   2.60591E-17            15   9.68136E-10   3.13482E+00
        2040   2.44800E+02   1.20000E-01   7.72670E-02   2.56103E-04   4.04218E-04   0.00000E+00   1.04897E-02   1.00000E+00   0.00000E+00   7.75157E+00   2.57625E-17            15   9.69530E-10   3.13485E+00
        2041   2.44920E+02   1.20000E-01   7.72670E-02   2.56412E-04   4.05764E-04   0.00000E+00   1.04424E-02   1.00000E+00   0.00000E+00   7.75157E+00   2.54496E-17            15   9.71090E-10   3.13488E+00
        2042   2.45040E+02   1.20000E-01   7.72670E-02   2.56713E-04   4.07297E-04   0.00000E+00   1.03950E-02   1.00000E+00   0.00000E+00   7.75157E+00   2.51358E-17            15   9.72825E-10   3.13491E+00
        2043   2.45160E+02   1.20000E-01   7.72670E-02   2.57104E-04   4.08816E-04   0.00000E+00   1.03474E-02   1.00000E+00   0.00000E+00   7.75157E+00   2.48173E-17            15   9.75288E-10   3.13495E+00
        2044   2.45280E+02   1.20000E-01   7.72670E-02   2.57606E-04   4.10322E-04   0.00000E+00   1.02997E-02   1.00000E+00   0.00000E+00   7.75157E+00   2.44793E-17            15   9.75923E-10   3.13498E+00
        2045   2.45400E+02   1.20000E-01   7.72670E-02   2.58101E-04   4.11813E-04   0.00000E+00   1.02518E-02   1.00000E+00   0.00000E+00   7.75157E+00   2.42915E-17            15   9.79407E-10   3.13501E+00
        2046   2.45520E+02   1.20000E-01   7.72670E-02   2.58586E-04   4.13291E-04   0.00000E+00   1.02038E-02   1.00000E+00   0.00000E+00   7.75157E+00   2.39522E-17            15   9.80499E-10   3.13504E+00
        2047   2.45640E+02   1.20000E-01   7.72670E-02   2.59063E-04   4.14754E-04   0.00000E+00   1.01556E-02   1.00000E+00   0.00000E+00   7.75157E+00   2.36992E-17            15   9.84255E-10   3.13508E+00
        2048   2.45760E+02   1.20000E-01   7.72670E-02   2.59531E-04   4.16203E-04   0.00000E+00   1.01073E-02   1.00000E+00   0.00000E+00   7.75157E+00   2.33911E-17            15   9.86267E-10   3.13511E+00
        2049   2.45880E+02   1.20000E-01   7.72670E-02   2.59990E-04   4.17639E-04   0.00000E+00   1.00588E-02   1.00000E+00   0.00000E+00   7.75157E+00   2.31522E-17            15   9.88927E-10   3.13514E+00
        2050   2.46000E+02   1.20000E-01   7.72670E-02   2.60441E-04   4.19060E-04   0.00000E+00   1.00102E-02   1.00000E+00   0.00000E+00   7.75157E+00   2.28643E-17            15   9.91857E-10   3.13517E+00
        2051   2.46120E+02   1.20000E-01   7.72670E-02   2.60883E-04   4.20467E-04   0.00000E+00   9.96146E-03   1.00000E+00   0.00000E+00   7.75157E+00   2.26359E-17            15   9.94849E-10   3.13521E+00
        2052   2.46240E+02   1.20000E-01   7.72670E-02   2.61316E-04   4.21859E-04   0.00000E+00   9.91257E-03   1.00000E+00   0.00000E+00   7.75157E+00   2.23613E-17            15   9.97967E-10   3.13524E+00
        2053   2.46360E+02   1.20000E-01   7.72670E-02   2.61741E-04   4.23238E-04   0.00000E+00   9.86354E-03   1.00000E+00   0.00000E+00   7.75157E+00   2.46001E-18            16   1.52567E-10   3.13527E+00
        2054   2.46480E+02   1.20000E-01   7.72670E-02   2.62157E-04   4.24602E-04   0.00000E+00   9.81437E-03   1.00000E+00   0.00000E+00   7.75157E+00   2.36451E-18            16   1.52810E-10   3.13531E+00
        2055   2.46600E+02   1.20000E-01   7.72670E-02   2.62564E-04   4.25951E-04   0.00000E+00   9.76506E-03   1.00000E+00   0.00000E+00   7.75157E+00   2.27449E-18            16   1.53181E-10   3.13534E+00
        2056   2.46720E+02   1.20000E-01   7.72670E-02   2.62963E-04   4.27286E-04   0.00000E+00   9.71561E-03   1.00000E+00   0.00000E+00   7.75157E+00   2.38735E-18            16   1.54012E-10   3.13537E+00
        2057   2.46840E+02   1.20000E-01   7.72670E-02   2.63353E-04   4.28606E-04   0.00000E+00   9.66603E-03   1.00000E+00   0.00000E+00   7.75157E+00   2.26815E-18            16   1.54226E-10   3.13541E+00
        2058   2.46960E+02   1.20000E-01   7.72670E-02   2.63734E-04   4.29912E-04   0.00000E+00   9.61631E-03   1.00000E+00   0.00000E+00   7.75157E+00   2.41560E-18            16   1.54534E-10   3.13544E+00
        2059   2.47080E+02   1.20000E-01   7.72670E-02   2.64106E-04   4.31204E-04   0.00000E+00   9.56646E-03   1.00000E+00   0.00000E+00   7.75157E+00   2.28879E-18            16   1.55213E-10   3.13547E+00
        2060   2.47200E+02   1.20000E-01   7.72670E-02   2.64469E-04   4.32480E-04   0.00000E+00   9.51648E-03   1.00000E+00   0.00000E+00   7.75157E+00   2.23827E-18            16   1.55061E-10   3.13551E+00
        2061   2.47320E+02   1.20000E-01   7.72670E-02   2.64824E-04   4.33742E-04   0.00000E+00   9.46636E-03   1.00000E+00   0.00000E+00   7.75157E+00   2.31441E-18            16   1.55671E-10   3.13554E+00
        2062   2.47440E+02   1.20000E-01   7.72670E-02   2.65170E-04   4.34989E-04   0.00000E+00   9.41611E-03   1.00000E+00   0.00000E+00   7.75157E+00   2.31193E-18            16   1.55684E-10   3.13557E+00
        2063   2.47560E+02   1.20000E-01   7.72670E-02   2.65507E-04   4.36221E-04   0.00000E+00   9.36573E-03   1.00000E+00   0.00000E+00   7.75157E+00   2.25665E-18            16   1.55831E-10   3.13561E+00
        2064   2.47680E+02   1.20000E-01   7.72670E-02   2.65835E-04   4.37438E-04   0.00000E+00   9.31522E-03   1.00000E+00   0.00000E+00   7.75157E+00   2.34279E-18            16   1.56093E-10   3.13564E+00
        2065   2.47800E+02   1.20000E-01   7.72670E-02   2.66154E-04   4.38640E-04   0.00000E+00   9.26459E-03   1.00000E+00   0.00000E+00   7.75157E+00   2.29505E-18            16   1.56674E-10   3.13568E+00
        2066   2.47920E+02   1.20000E-01   7.72670E-02   2.66465E-04   4.39827E-04   0.00000E+00   9.21382E-03   1.00000E+00   0.00000E+00   7.75157E+00   2.29496E-18            16   1.57089E-10   3.13571E+00
        2067   2.48040E+02   1.20000E-01   7.72670E-02   2.66766E-04   4.40999E-04   0.00000E+00   9.16293E-03   1.00000E+00   0.00000E+00   7.75157E+00   2.09122E-18            16   1.56760E-10   3.13574E+00
        2068   2.48160E+02   1.20000E-01   7.72670E-02   2.67059E-04   4.42155E-04   0.00000E+00   9.11191E-03   1.00000E+00   0.00000E+00   7.75157E+00   2.12443E-18            16   1.57365E-10   3.13578E+00
        2069   2.48280E+02   1.20000E-01   7.72670E-02   2.67343E-04   4.43297E-04   0.00000E+00   9.06076E-03   1.00000E+00   0.00000E+00   7.75157E+00   2.17402E-18            16   1.57372E-10   3.13581E+00
        2070   2.48400E+02   1.20000E-01   7.72670E-02   2.67618E-04   4.44423E-04   0.00000E+00   9.00949E-03   1.00000E+00   0.00000E+00   7.75157E+00   2.06750E-18            16   1.57424E-10   3.13585E+00
        2071   2.48520E+02   1.20000E-01   7.72670E-02   2.67885E-04   4.45534E-04   0.00000E+00   8.95810E-03   1.00000E+00   0.00000E+00   7.75157E+00   2.04780E-18            16   1.57591E-10   3.13588E+00
        2072   2.48640E+02   1.20000E-01   7.72670E-02   2.68142E-04   4.46630E-04   0.00000E+00   8.90658E-03   1.00000E+00   0.00000E+00   7.75157E+00   2.15770E-18            16   1.57943E-10   3.13592E+00
        2073   2.48760E+02   1.20000E-01   7.72670E-02   2.68391E-04   4.47711E-04   0.00000E+00   8.85494E-03   1.00000E+00   0.00000E+00   7.75157E+00   2.13008E-18            16   1.57898E-10   3.13595E+00
        2074   2.48880E+02   1.20000E-01   7.72670E-02   2.68631E-04   4.48776E-04   0.00000E+00   8.80318E-03   1.00000E+00   0.00000E+00   7.75157E+00   2.13424E-18            16   1.58218E-10   3.13599E+00
        2075   2.49000E+02   1.20000E-01   7.72670E-02   2.68862E-04   4.49826E-04   0.00000E+00   8.75130E-03   1.00000E+00   0.00000E+00   7.75157E+00   2.16522E-18            16   1.58081E-10   3.13602E+00
        2076   2.49120E+02   1.20000E-01   7.72670E-02   2.69084E-04   4.50860E-04   0.00000E+00   8.69929E-03   1.00000E+00   0.00000E+00   7.75157E+00   2.03688E-18            16   1.58221E-10   3.13606E+00
        2077   2.49240E+02   1.20000E-01   7.72670E-02   2.69297E-04   4.51878E-04   0.00000E+00   8.64718E-03   1.00000E+00   0.00000E+00   7.75157E+00   1.95243E-18            16   1.58610E-10   3.13609E+00
        2078   2.49360E+02   1.20000E-01   7.72670E-02   2.69502E-04   4.52881E-04   0.00000E+00   8.59495E-03   1.00000E+00   0.00000E+00   7.75157E+00   2.06043E-18            16   1.58300E-10   3.13613E+00
        2079   2.49480E+02   1.20000E-01   7.72670E-02   2.69697E-04   4.53868E-04   0.00000E+00   8.54261E-03   1.00000E+00   0.00000E+00   7.75157E+00   1.90516E-18            16   1.59008E-10   3.13616E+00
        2080   2.49600E+02   1.20000E-01   7.72670E-02   2.69884E-04   4.54839E-04   0.00000E+00   8.49015E-03   1.00000E+00   0.00000E+00   7.75157E+00   1.98929E-18            16   1.58430E-10   3.13620E+00
        2081   2.49720E+02   1.20000E-01   7.72670E-02   2.70062E-04   4.55795E-04   0.00000E+00   8.43757E-03   1.00000E+00   0.00000E+00   7.75157E+00   1.99726E-18            16   1.59065E-10   3.13623E+00
        2082   2.49840E+02   1.20000E-01   7.72670E-02   2.70231E-04   4.56735E-04   0.00000E+00   8.38488E-03   1.00000E+00   0.00000E+00   7.75157E+00   1.82897E-18            16   1.59347E-10   3.13627E+00
        2083   2.49960E+02   1.20000E-01   7.72670E-02   2.70392E-04   4.57659E-04   0.00000E+00   8.33206E-03   1.00000E+00   0.00000E+00   7.75157E+00   2.04909E-18            16   1.58511E-10   3.13630E+00
        2084   2.50080E+02   1.20000E-01   7.72670E-02   2.70543E-04   4.58567E-04   0.00000E+00   8.27913E-03   1.00000E+00   0.00000E+00   7.75157E+00   1.65650E-17            15   9.98965E-10   3.13634E+00
        2085   2.50200E+02   1.20000E-01   7.72670E-02   2.70686E-04   4.59459E-04   0.00000E+00   8.22608E-03   1.00000E+00   0.00000E+00   7.75157E+00   1.66873E-17            15   9.93238E-10   3.13637E+00
        2086   2.50320E+02   1.20000E-01   7.72670E-02   2.70820E-04   4.60334E-04   0.00000E+00   8.17292E-03   1.00000E+00   0.00000E+00   7.75157E+00   1.65269E-17            15   9.87607E-10   3.13641E+00
        2087   2.50440E+02   1.20000E-01   7.72670E-02   2.70945E-04   4.61194E-04   0.00000E+00   8.11964E-03   1.00000E+00   0.00000E+00   7.75157E+00   1.66251E-17            15   9.81749E-10   3.13645E+00
        2088   2.50560E+02   1.20000E-01   7.72670E-02   2.71061E-04   4.62038E-04   0.00000E+00   8.06624E-03   1.00000E+00   0.00000E+00   7.75157E+00   1.63892E-17            15   9.75975E-10   3.13648E+00
        2089   2.50680E+02   1.20000E-01   7.72670E-02   2.71169E-04   4.62866E-04   0.00000E+00   8.01273E-03   1.00000E+00   0.00000E+00   7.75157E+00   1.61984E-17            15   9.69991E-10   3.13652E+00
        2090   2.50800E+02   1.20000E-01   7.72670E-02   2.71268E-04   4.63677E-04   0.00000E+00   7.95910E-03   1.00000E+00   0.00000E+00   7.75157E+00   1.60286E-17            15   9.64242E-10   3.13655E+00
        2091   2.50920E+02   1.20000E-01   7.72670E-02   2.71358E-04   4.64472E-04   0.00000E+00   7.90536E-03   1.00000E+00   0.00000E+00   7.75157E+00   1.60083E-17            15   9.58398E-10   3.13659E+00
        2092   2.51040E+02   1.20000E-01   7.72670E-02   2.71439E-04   4.65251E-04   0.00000E+00   7.85151E-03   1.00000E+00   0.00000E+00   7.75157E+00   1.58569E-17            15   9.53093E-10   3.13662E+00
        2093   2.51160E+02   1.20000E-01   7.72670E-02   2.71511E-04   4.66013E-04   0.00000E+00   7.79753E-03   1.00000E+00   0.00000E+00   7.75157E+00   1.55094E-17            15   9.47316E-10   3.13666E+00
        2094   2.51280E+02   1.20000E-01   7.72670E-02   2.71575E-04   4.66759E-04   0.00000E+00   7.74345E-03   1.00000E+00   0.00000E+00   7.75157E+00   1.55240E-17            15   9.41957E-10   3.13670E+00
        2095   2.51400E+02   1.20000E-01   7.72670E-02   2.71630E-04   4.67489E-04   0.00000E+00   7.68925E-03   1.00000E+00   0.00000E+00   7.75157E+00   1.51373E-17            15   9.36695E-10   3.13673E+00
        2096   2.51520E+02   1.20000E-01   7.72670E-02   2.71677E-04   4.68202E-04   0.00000E+00   7.63493E-03   1.00000E+00   0.00000E+00   7.75157E+00   1.48947E-17            15   9.31629E-10   3.13677E+00
        2097   2.51640E+02   1.20000E-01   7.72670E-02   2.71714E-04   4.68899E-04   0.00000E+00   7.58050E-03   1.00000E+00   0.00000E+00   7.75157E+00   1.46950E-17            15   9.26790E-10   3.13680E+00
        2098   2.51760E+02   1.20000E-01   7.72670E-02   2.71743E-04   4.69578E-04   0.00000E+00   7.52596E-03   1.00000E+00   0.00000E+00   7.75157E+00   1.44869E-17            15   9.21612E-10   3.13684E+00
        2099   2.51880E+02   1.20000E-01   7.72670E-02   2.71764E-04   4.70242E-04   0.00000E+00   7.47131E-03   1.00000E+00   0.00000E+00   7.75157E+00   1.40908E-17            15   9.16479E-10   3.13688E+00
        2100   2.52000E+02   1.20000E-01   7.72670E-02   2.71775E-04   4.70888E-04   0.00000E+00   7.41654E-03   1.00000E+00   0.00000E+00   7.75157E+00   1.38154E-17            15   9.11329E-10   3.13691E+00
        2101   2.52120E+02   1.20000E-01   7.72670E-02   2.71778E-04   4.71518E-04   0.00000E+00   7.36165E-03   1.00000E+00   0.00000E+00   7.75157E+00   1.35082E-17            15   9.05804E-10   3.13695E+00
        2102   2.52240E+02   1.20000E-01   7.72670E-02   2.71772E-04   4.72131E-04   0.00000E+00   7.30666E-03   1.00000E+00   0.00000E+00   7.75157E+00   1.30661E-17            15   9.00084E-10   3.13699E+00
        2103   2.52360E+02   1.20000E-01   7.72670E-02   2.71758E-04   4.72728E-04   0.00000E+00   7.25155E-03   1.00000E+00   0.00000E+00   7.75157E+00   1.28885E-17            15   8.93915E-10   3.13702E+00
        2104   2.52480E+02   1.20000E-01   7.72670E-02   2.71735E-04   4.73307E-04   0.00000E+00   7.19632E-03   1.00000E+00   0.00000E+00   7.75157E+00   1.23013E-17            15   8.87205E-10   3.13706E+00
        2105   2.52600E+02   1.20000E-01   7.72670E-02   2.71704E-04   4.73870E-04   0.00000E+00   7.14099E-03   1.00000E+00   0.00000E+00   7.75157E+00   1.20177E-17            15   8.79979E-10   3.13710E+00
        2106   2.52720E+02   1.20000E-01   7.72670E-02   2.71664E-04   4.74416E-04   0.00000E+00   7.08554E-03   1.00000E+00   0.00000E+00   7.75157E+00   1.15620E-17            15   8.71998E-10   3.13713E+00
        2107   2.52840E+02   1.20000E-01   7.72670E-02   2.71615E-04   4.74945E-04   0.00000E+00   7.02998E-03   1.00000E+00   0.00000E+00   7.75157E+00   1.11082E-17            15   8.63277E-10   3.13717E+00
        2108   2.52960E+02   1.20000E-01   7.72670E-02   2.71558E-04   4.75457E-04   0.00000E+00   6.97430E-03   1.00000E+00   0.00000E+00   7.75157E+00   1.06020E-17            15   8.53757E-10   3.13721E+00
        2109   2.53080E+02   1.20000E-01   7.72670E-02   2.71492E-04   4.75952E-04   0.00000E+00   6.91851E-03   1.00000E+00   0.00000E+00   7.75157E+00   1.02797E-17            15   8.43251E-10   3.13724E+00
        2110   2.53200E+02   1.20000E-01   7.72670E-02   2.71418E-04   4.76430E-04   0.00000E+00   6.86261E-03   1.00000E+00   0.00000E+00   7.75157E+00   9.77318E-18            15   8.31815E-10   3.13728E+00
        2111   2.53320E+02   1.20000E-01   7.72670E-02   2.71335E-04   4.76890E-04   0.00000E+00   6.80659E-03   1.00000E+00   0.00000E+00   7.75157E+00   9.32578E-18            15   8.19250E-10   3.13732E+00
        2112   2.53440E+02   1.20000E-01   7.72670E-02   2.71243E-04   4.77334E-04   0.00000E+00   6.75046E-03   1.00000E+00   0.00000E+00   7.75157E+00   8.87379E-18            15   8.05546E-10   3.13735E+00
        2113   2.53560E+02   1.20000E-01   7.72670E-02   2.71144E-04   4.77761E-04   0.00000E+00   6.69422E-03   1.00000E+00   0.00000E+00   7.75157E+00   8.40265E-18            15   7.90506E-10   3.13739E+00
        2114   2.53680E+02   1.20000E-01   7.72670E-02   2.71035E-04   4.78170E-04   0.00000E+00   6.63786E-03   1.00000E+00   0.00000E+00   7.75157E+00   7.87788E-18            15   7.74127E-10   3.13743E+00
        2115   2.53800E+02   1.20000E-01   7.72670E-02   2.70919E-04   4.78562E-04   0.00000E+00   6.58139E-03   1.00000E+00   0.00000E+00   7.75157E+00   7.25854E-18            15   7.56172E-10   3.13746E+00
        2116   2.53920E+02   1.20000E-01   7.72670E-02   2.70794E-04   4.78937E-04   0.00000E+00   6.52480E-03   1.00000E+00   0.00000E+00   7.75157E+00   6.71161E-18            15   7.36238E-10   3.13750E+00
        2117   2.54040E+02   1.20000E-01   7.72670E-02   2.70660E-04   4.79295E-04   0.00000E+00   6.46810E-03   1.00000E+00   0.00000E+00   7.75157E+00   6.66185E-18            15   7.14722E-10   3.13754E+00
        2118   2.54160E+02   1.20000E-01   7.72670E-02   2.70518E-04   4.79635E-04   0.00000E+00   6.41129E-03   1.00000E+00   0.00000E+00   7.75157E+00   6.63943E-18            15   6.91378E-10   3.13758E+00
        2119   2.54280E+02   1.20000E-01   7.72670E-02   2.70368E-04   4.79958E-04   0.00000E+00   6.35436E-03   1.00000E+00   0.00000E+00   7.75157E+00   6.66978E-18            15   6.65972E-10   3.13761E+00
        2120   2.54400E+02   1.20000E-01   7.72670E-02   2.70210E-04   4.80263E-04   0.00000E+00   6.29732E-03   1.00000E+00   0.00000E+00   7.75157E+00   6.56922E-18            15   6.40210E-10   3.13765E+00
        2121   2.54520E+02   1.20000E-01   7.72670E-02   2.70043E-04   4.80552E-04   0.00000E+00   6.24016E-03   1.00000E+00   0.00000E+00   7.75157E+00   6.48685E-18            15   6.16148E-10   3.13769E+00
        2122   2.54640E+02   1.20000E-01   7.72670E-02   2.69868E-04   4.80822E-04   0.00000E+00   6.18288E-03   1.00000E+00   0.00000E+00   7.75157E+00   6.49207E-18            15   5.94877E-10   3.13772E+00
        2123   2.54760E+02   1.20000E-01   7.72670E-02   2.69684E-04   4.81075E-04   0.00000E+00   6.12549E-03   1.00000E+00   0.00000E+00   7.75157E+00   6.50290E-18            15   5.80778E-10   3.13776E+00
        2124   2.54880E+02   1.20000E-01   7.72670E-02   2.69493E-04   4.81311E-04   0.00000E+00   6.06799E-03   1.00000E+00   0.00000E+00   7.75157E+00   6.49598E-18            15   5.74772E-10   3.13780E+00
        2125   2.55000E+02   1.20000E-01   7.72670E-02   2.69293E-04   4.81529E-04   0.00000E+00   6.01037E-03   1.00000E+00   0.00000E+00   7.75157E+00   6.60314E-18            15   5.76152E-10   3.13784E+00
        2126   2.55120E+02   1.20000E-01   7.72670E-02   2.69085E-04   4.81730E-04   0.00000E+00   5.95263E-03   1.00000E+00   0.00000E+00   7.75157E+00   6.65518E-18            15   5.82169E-10   3.13787E+00
        2127   2.55240E+02   1.20000E-01   7.72670E-02   2.68868E-04   4.81913E-04   0.00000E+00   5.89477E-03   1.00000E+00   0.00000E+00   7.75157E+00   6.56668E-18            15   5.90262E-10   3.13791E+00
        2128   2.55360E+02   1.20000E-01   7.72670E-02   2.68644E-04   4.82078E-04   0.00000E+00   5.83680E-03   1.00000E+00   0.00000E+00   7.75157E+00   6.51290E-18            15   5.97472E-10   3.13795E+00
        2129   2.55480E+02   1.20000E-01   7.72670E-02   2.68411E-04   4.82226E-04   0.00000E+00   5.77871E-03   1.00000E+00   0.00000E+00   7.75157E+00   6.45417E-18            15   6.03636E-10   3.13799E+00
        2130   2.55600E+02   1.20000E-01   7.72670E-02   2.68170E-04   4.82356E-04   0.00000E+00   5.72050E-03   1.00000E+00   0.00000E+00   7.75157E+00   6.33408E-18            15   6.07948E-10   3.13802E+00
        2131   2.55720E+02   1.20000E-01   7.72670E-02   2.67921E-04   4.82468E-04   0.00000E+00   5.66217E-03   1.00000E+00   0.00000E+00   7.75157E+00   6.48654E-18            15   6.10768E-10   3.13806E+00
        2132   2.55840E+02   1.20000E-01   7.72670E-02   2.67664E-04   4.82563E-04   0.00000E+00   5.60373E-03   1.00000E+00   0.00000E+00   7.75157E+00   6.50616E-18            15   6.12361E-10   3.13810E+00
        2133   2.55960E+02   1.20000E-01   7.72670E-02   2.67399E-04   4.82640E-04   0.00000E+00   5.54516E-03   1.00000E+00   0.00000E+00   7.75157E+00   6.43245E-18            15   6.12873E-10   3.13814E+00
        2134   2.56080E+02   1.20000E-01   7.72670E-02   2.67126E-04   4.82699E-04   0.00000E+00   5.48647E-03   1.00000E+00   0.00000E+00   7.75157E+00   6.56964E-18            15   6.12396E-10   3.13817E+00
        2135   2.56200E+02   1.20000E-01   7.72670E-02   2.66845E-04   4.82740E-04   0.00000E+00   5.42766E-03   1.00000E+00   0.00000E+00   7.75157E+00   6.57874E-18            15   6.11447E-10   3.13821E+00
        2136   2.56320E+02   1.20000E-01   7.72670E-02   2.66556E-04   4.82764E-04   0.00000E+00   5.36873E-03   1.00000E+00   0.00000E+00   7.75157E+00   6.65064E-18            15   6.09841E-10   3.13825E+00
        2137   2.56440E+02   1.20000E-01   7.72670E-02   2.66259E-04   4.82769E-04   0.00000E+00   5.30968E-03   1.00000E+00   0.00000E+00   7.75157E+00   6.88424E-18            15   6.07874E-10   3.13829E+00
        2138   2.56560E+02   1.20000E-01   7.72670E-02   2.65954E-04   4.82757E-04   0.00000E+00   5.25050E-03   1.00000E+00   0.00000E+00   7.75157E+00   7.15817E-18            15   6.05844E-10   3.13832E+00
        2139   2.56680E+02   1.20000E-01   7.72670E-02   2.65641E-04   4.82727E-04   0.00000E+00   5.19120E-03   1.00000E+00   0.00000E+00   7.75157E+00   7.28482E-18            15   6.03564E-10   3.13836E+00
        2140   2.56800E+02   1.20000E-01   7.72670E-02   2.65321E-04   4.82679E-04   0.00000E+00   5.13177E-03   1.00000E+00   0.00000E+00   7.75157E+00   7.52066E-18            15   5.99894E-10   3.13840E+00
        2141   2.56920E+02   1.20000E-01   7.72670E-02   2.64992E-04   4.82613E-04   0.00000E+00   5.07222E-03   1.00000E+00   0.00000E+00   7.75157E+00   7.39733E-18            15   5.98842E-10   3.13844E+00
        2142   2.57040E+02   1.20000E-01   7.72670E-02   2.64656E-04   4.82529E-04   0.00000E+00   5.01254E-03   1.00000E+00   0.00000E+00   7.75157E+00   7.51068E-18            15   5.94940E-10   3.13847E+00
        2143   2.57160E+02   1.20000E-01   7.72670E-02   2.64312E-04   4.82427E-04   0.00000E+00   4.95274E-03   1.00000E+00   0.00000E+00   7.75157E+00   7.76346E-18            15   5.93912E-10   3.13851E+00
        2144   2.57280E+02   1.20000E-01   7.72670E-02   2.63960E-04   4.82307E-04   0.00000E+00   4.89280E-03   1.00000E+00   0.00000E+00   7.75157E+00   7.81299E-18            15   5.89804E-10   3.13855E+00
        2145   2.57400E+02   1.20000E-01   7.72670E-02   2.63600E-04   4.82169E-04   0.00000E+00   4.83273E-03   1.00000E+00   0.00000E+00   7.75157E+00   7.96725E-18            15   5.88958E-10   3.13859E+00
        2146   2.57520E+02   1.20000E-01   7.72670E-02   2.63233E-04   4.82013E-04   0.00000E+00   4.77253E-03   1.00000E+00   0.00000E+00   7.75157E+00   8.01925E-18            15   5.85905E-10   3.13862E+00
        2147   2.57640E+02   1.20000E-01   7.72670E-02   2.62858E-04   4.81839E-04   0.00000E+00   4.71221E-03   1.00000E+00   0.00000E+00   7.75157E+00   8.02431E-18            15   5.83898E-10   3.13866E+00
        2148   2.57760E+02   1.20000E-01   7.72670E-02   2.62475E-04   4.81647E-04   0.00000E+00   4.65176E-03   1.00000E+00   0.00000E+00   7.75157E+00   8.12296E-18            15   5.82352E-10   3.13870E+00
        2149   2.57880E+02   1.20000E-01   7.72670E-02   2.62085E-04   4.81436E-04   0.00000E+00   4.59117E-03   1.00000E+00   0.00000E+00   7.75157E+00   8.12542E-18            15   5.80836E-10   3.13874E+00
        2150   2.58000E+02   1.20000E-01   7.72670E-02   2.61687E-04   4.81208E-04   0.00000E+00   4.53045E-03   1.00000E+00   0.00000E+00   7.75157E+00   8.17518E-18            15   5.79280E-10   3.13878E+00
        2151   2.58120E+02   1.20000E-01   7.72670E-02   2.61281E-04   4.80961E-04   0.00000E+00   4.46958E-03   1.00000E+00   0.00000E+00   7.75157E+00   8.09051E-18            15   5.78500E-10   3.13881E+00
        2152   2.58240E+02   1.20000E-01   7.72670E-02   2.60868E-04   4.80697E-04   0.00000E+00   4.40858E-03   1.00000E+00   0.00000E+00   7.75157E+00   8.34878E-18            15   5.76903E-10   3.13885E+00
        2153   2.58360E+02   1.20000E-01   7.72670E-02   2.60447E-04   4.80414E-04   0.00000E+00   4.34743E-03   1.00000E+00   0.00000E+00   7.75157E+00   8.54252E-18            15   5.75710E-10   3.13889E+00
        2154   2.58480E+02   1.20000E-01   7.72670E-02   2.60019E-04   4.80112E-04   0.00000E+00   4.28613E-03   1.00000E+00   0.00000E+00   7.75157E+00   8.68023E-18            15   5.75075E-10   3.13893E+00
        2155   2.58600E+02   1.20000E-01   7.72670E-02   2.59583E-04   4.79793E-04   0.00000E+00   4.22469E-03   1.00000E+00   0.00000E+00   7.75157E+00   8.91264E-18            15   5.74064E-10   3.13896E+00
        2156   2.58720E+02   1.20000E-01   7.72670E-02   2.59140E-04   4.79456E-04   0.00000E+00   4.16309E-03   1.00000E+00   0.00000E+00   7.75157E+00   9.05868E-18            15   5.72462E-10   3.13900E+00
        2157   2.58840E+02   1.20000E-01   7.72670E-02   2.58690E-04   4.79100E-04   0.00000E+00   4.10134E-03   1.00000E+00   0.00000E+00   7.75157E+00   9.26567E-18            15   5.72712E-10   3.13904E+00
        2158   2.58960E+02   1.20000E-01   7.72670E-02   2.58232E-04   4.78725E-04   0.00000E+00   4.03944E-03   1.00000E+00   0.00000E+00   7.75157E+00   9.37193E-18            15   5.72282E-10   3.13908E+00
        2159   2.59080E+02   1.20000E-01   7.72670E-02   2.57766E-04   4.78333E-04   0.00000E+00   3.97737E-03   1.00000E+00   0.00000E+00   7.75157E+00   9.58668E-18            15   5.71996E-10   3.13911E+00
        2160   2.59200E+02   1.20000E-01   7.72670E-02   2.57293E-04   4.77922E-04   0.00000E+00   3.91514E-03   1.00000E+00   0.00000E+00   7.75157E+00   9.67642E-18            15   5.71668E-10   3.13915E+00
        2161   2.59320E+02   1.20000E-01   7.72670E-02   2.56813E-04   4.77493E-04   0.00000E+00   3.85275E-03   1.00000E+00   0.00000E+00   7.75157E+00   9.86752E-18            15   5.71724E-10   3.13919E+00
        2162   2.59440E+02   1.20000E-01   7.72670E-02   2.56326E-04   4.77044E-04   0.00000E+00   3.79018E-03   1.00000E+00   0.00000E+00   7.75157E+00   9.96657E-18            15   5.71425E-10   3.13923E+00
        2163   2.59560E+02   1.20000E-01   7.72670E-02   2.55831E-04   4.76578E-04   0.00000E+00   3.72744E-03   1.00000E+00   0.00000E+00   7.75157E+00   1.01090E-17            15   5.71406E-10   3.13927E+00
        2164   2.59680E+02   1.20000E-01   7.72670E-02   2.55329E-04   4.76094E-04   0.00000E+00   3.66453E-03   1.00000E+00   0.00000E+00   7.75157E+00   1.02235E-17            15   5.71333E-10   3.13930E+00
        2165   2.59800E+02   1.20000E-01   7.72670E-02   2.54820E-04   4.75591E-04   0.00000E+00   3.60143E-03   1.00000E+00   0.00000E+00   7.75157E+00   1.03425E-17            15   5.71463E-10   3.13934E+00
        2166   2.59920E+02   1.20000E-01   7.72670E-02   2.54304E-04   4.75070E-04   0.00000E+00   3.53814E-03   1.00000E+00   0.00000E+00   7.75157E+00   1.04373E-17            15   5.71619E-10   3.13938E+00
        2167   2.60040E+02   1.20000E-01   7.72670E-02   2.53780E-04   4.74530E-04   0.00000E+00   3.47466E-03   1.00000E+00   0.00000E+00   7.75157E+00   1.05367E-17            15   5.71685E-10   3.13942E+00
        2168   2.60160E+02   1.20000E-01   7.72670E-02   2.53250E-04   4.73972E-04   0.00000E+00   3.41098E-03   1.00000E+00   0.00000E+00   7.75157E+00   1.06250E-17            15   5.71881E-10   3.13945E+00
        2169   2.60280E+02   1.20000E-01   7.72670E-02   2.52712E-04   4.73395E-04   0.00000E+00   3.34710E-03   1.00000E+00   0.00000E+00   7.75157E+00   1.07333E-17            15   5.72194E-10   3.13949E+00
        2170   2.60400E+02   1.20000E-01   7.72670E-02   2.52167E-04   4.72800E-04   0.00000E+00   3.28301E-03   1.00000E+00   0.00000E+00   7.75157E+00   1.07971E-17            15   5.72410E-10   3.13953E+00
        2171   2.60520E+02   1.20000E-01   7.72670E-02   2.51615E-04   4.72186E-04   0.00000E+00   3.21870E-03   1.00000E+00   0.00000E+00   7.75157E+00   1.08861E-17            15   5.72531E-10   3.13957E+00
        2172   2.60640E+02   1.20000E-01   7.72670E-02   2.51056E-04   4.71553E-04   0.00000E+00   3.15417E-03   1.00000E+00   0.00000E+00   7.75157E+00   1.09558E-17            15   5.72676E-10   3.13960E+00
        2173   2.60760E+02   1.20000E-01   7.72670E-02   2.50490E-04   4.70902E-04   0.00000E+00   3.08941E-03   1.00000E+00   0.00000E+00   7.75157E+00   1.10000E-17            15   5.72908E-10   3.13964E+00
        2174   2.60880E+02   1.20000E-01   7.72670E-02   2.49917E-04   4.70232E-04   0.00000E+00   3.02441E-03   1.00000E+00   0.00000E+00   7.75157E+00   1.10393E-17            15   5.72891E-10   3.13968E+00
        2175   2.61000E+02   1.20000E-01   7.72670E-02   2.49338E-04   4.69544E-04   0.00000E+00   2.95916E-03   1.00000E+00   0.00000E+00   7.75157E+00   1.10745E-17            15   5.73079E-10   3.13972E+00
        2176   2.61120E+02   1.20000E-01   7.72670E-02   2.48751E-04   4.68837E-04   0.00000E+00   2.89365E-03   1.00000E+00   0.00000E+00   7.75157E+00   1.11037E-17            15   5.72449E-10   3.13975E+00
        2177   2.61240E+02   1.20000E-01   7.72670E-02   2.48157E-04   4.68111E-04   0.00000E+00   2.82787E-03   1.00000E+00   0.00000E+00   7.75157E+00   1.14205E-17            15   5.72016E-10   3.13979E+00
        2178   2.61360E+02   1.20000E-01   7.72670E-02   2.47556E-04   4.67366E-04   0.00000E+00   2.76181E-03   1.00000E+00   0.00000E+00   7.75157E+00   1.17451E-17            15   5.71012E-10   3.13983E+00
        2179   2.61480E+02   1.20000E-01   7.72670E-02   2.46949E-04   4.66603E-04   0.00000E+00   2.69472E-03   1.00000E+00   0.00000E+00   7.75157E+00   1.20992E-17            15   5.66376E-10   3.13987E+00
        2180   2.61600E+02   1.20000E-01   7.72670E-02   2.46336E-04   4.65821E-04   0.00000E+00   2.62805E-03   1.00000E+00   0.00000E+00   7.75157E+00   1.23421E-17            15   5.73465E-10   3.13990E+00
        2181   2.61720E+02   1.20000E-01   7.72670E-02   2.45715E-04   4.65020E-04   0.00000E+00   2.56112E-03   1.00000E+00   0.00000E+00   7.75157E+00   1.23440E-17            15   5.58719E-10   3.13994E+00
        2182   2.61840E+02   1.20000E-01   7.72670E-02   2.45088E-04   4.64201E-04   0.00000E+00   2.49382E-03   1.00000E+00   0.00000E+00   7.75157E+00   1.28865E-17            15   5.66719E-10   3.13998E+00
        2183   2.61960E+02   1.20000E-01   7.72670E-02   2.44453E-04   4.63362E-04   0.00000E+00   2.42622E-03   1.00000E+00   0.00000E+00   7.75157E+00   1.27446E-17            15   5.50704E-10   3.14001E+00
        2184   2.62080E+02   1.20000E-01   7.72670E-02   2.43813E-04   4.62505E-04   0.00000E+00   2.35821E-03   1.00000E+00   0.00000E+00   7.75157E+00   1.32401E-17            15   5.55959E-10   3.14005E+00
        2185   2.62200E+02   1.20000E-01   7.72670E-02   2.43165E-04   4.61628E-04   0.00000E+00   2.28987E-03   1.00000E+00   0.00000E+00   7.75157E+00   1.29080E-17            15   5.38408E-10   3.14009E+00
        2186   2.62320E+02   1.20000E-01   7.72670E-02   2.42512E-04   4.60732E-04   0.00000E+00   2.22107E-03   1.00000E+00   0.00000E+00   7.75157E+00   1.35141E-17            15   5.41439E-10   3.14013E+00
        2187   2.62440E+02   1.20000E-01   7.72670E-02   2.41850E-04   4.59817E-04   0.00000E+00   2.15191E-03   1.00000E+00   0.00000E+00   7.75157E+00   1.29339E-17            15   5.24104E-10   3.14016E+00
        2188   2.62560E+02   1.20000E-01   7.72670E-02   2.41183E-04   4.58884E-04   0.00000E+00   2.08224E-03   1.00000E+00   0.00000E+00   7.75157E+00   1.33864E-17            15   5.25964E-10   3.14020E+00
        2189   2.62680E+02   1.20000E-01   7.72670E-02   2.40508E-04   4.57930E-04   0.00000E+00   2.01217E-03   1.00000E+00   0.00000E+00   7.75157E+00   1.25475E-17            15   5.10524E-10   3.14024E+00
        2190   2.62800E+02   1.20000E-01   7.72670E-02   2.39828E-04   4.56958E-04   0.00000E+00   1.94153E-03   1.00000E+00   0.00000E+00   7.75157E+00   1.28287E-17            15   5.13760E-10   3.14027E+00
        2191   2.62920E+02   1.20000E-01   7.72670E-02   2.39140E-04   4.55966E-04   0.00000E+00   1.87043E-03   1.00000E+00   0.00000E+00   7.75157E+00   1.21817E-17            15   5.01850E-10   3.14031E+00
        2192   2.63040E+02   1.20000E-01   7.72670E-02   2.38446E-04   4.54955E-04   0.00000E+00   1.79870E-03   1.00000E+00   0.00000E+00   7.75157E+00   1.26013E-17            15   5.06671E-10   3.14035E+00
        2193   2.63160E+02   1.20000E-01   7.72670E-02   2.37745E-04   4.53924E-04   0.00000E+00   1.72645E-03   1.00000E+00   0.00000E+00   7.75157E+00   1.17086E-17            15   4.98071E-10   3.14039E+00
        2194   2.63280E+02   1.20000E-01   7.72670E-02   2.37068E-04   4.52874E-04   0.00000E+00   1.65348E-03   1.00000E+00   0.00000E+00   7.75157E+00   1.21514E-17            15   5.03919E-10   3.14042E+00
        2195   2.63400E+02   1.20000E-01   7.72670E-02   2.36510E-04   4.51805E-04   0.00000E+00   1.57992E-03   1.00000E+00   0.00000E+00   7.75157E+00   1.15763E-17            15   4.97338E-10   3.14046E+00
        2196   2.63520E+02   1.20000E-01   7.72670E-02   2.35947E-04   4.50716E-04   0.00000E+00   1.50555E-03   1.00000E+00   0.00000E+00   7.75157E+00   1.20214E-17            15   5.03666E-10   3.14050E+00
        2197   2.63640E+02   1.20000E-01   7.72670E-02   2.35377E-04   4.49607E-04   0.00000E+00   1.43049E-03   1.00000E+00   0.00000E+00   7.75157E+00   1.13283E-17            15   4.98403E-10   3.14053E+00
        2198   2.63760E+02   1.20000E-01   7.72670E-02   2.34802E-04   4.48480E-04   0.00000E+00   1.35450E-03   1.00000E+00   0.00000E+00   7.75157E+00   1.21549E-17            15   5.04623E-10   3.14057E+00
        2199   2.63880E+02   1.20000E-01   7.72670E-02   2.34220E-04   4.47332E-04   0.00000E+00   1.27771E-03   1.00000E+00   0.00000E+00   7.75157E+00   1.16749E-17            15   5.00156E-10   3.14061E+00
        2200   2.64000E+02   1.20000E-01   7.72670E-02   2.33632E-04   4.46164E-04   0.00000E+00   1.19986E-03   1.00000E+00   0.00000E+00   7.75157E+00   1.28885E-17            15   5.06456E-10   3.14064E+00
        2201   2.64120E+02   1.20000E-01   7.72670E-02   2.33038E-04   4.44975E-04   0.00000E+00   1.12107E-03   1.00000E+00   0.00000E+00   7.75157E+00   1.19666E-17            15   5.02583E-10   3.14068E+00
        2202   2.64240E+02   1.20000E-01   7.72670E-02   2.32439E-04   4.43766E-04   0.00000E+00   1.04103E-03   1.00000E+00   0.00000E+00   7.75157E+00   1.30275E-17            15   5.08290E-10   3.14072E+00
        2203   2.64360E+02   1.20000E-01   7.72670E-02   2.31833E-04   4.42537E-04   0.00000E+00   9.59895E-04   1.00000E+00   0.00000E+00   7.75157E+00   1.20654E-17            15   5.05071E-10   3.14075E+00
        2204   2.64480E+02   1.20000E-01   7.72670E-02   2.31221E-04   4.41287E-04   0.00000E+00   8.77277E-04   1.00000E+00   0.00000E+00   7.75157E+00   1.33771E-17            15   5.10443E-10   3.14079E+00
        2205   2.64600E+02   1.20000E-01   7.72670E-02   2.30603E-04   4.40017E-04   0.00000E+00   8.31959E-04   1.00000E+00   0.00000E+00   7.75157E+00   1.21827E-17            15   5.08409E-10   3.14083E+00
        2206   2.64720E+02   1.20000E-01   7.72670E-02   2.29978E-04   4.38726E-04   0.00000E+00   8.09092E-04   1.00000E+00   0.00000E+00   7.75157E+00   1.40465E-17            15   5.15215E-10   3.14086E+00
        2207   2.64840E+02   1.20000E-01   7.72670E-02   2.29348E-04   4.37413E-04   0.00000E+00   7.99272E-04   1.00000E+00   0.00000E+00   7.75157E+00   1.22142E-17            15   5.14331E-10   3.14090E+00
        2208   2.64960E+02   1.20000E-01   7.72670E-02   2.28712E-04   4.36079E-04   0.00000E+00   8.27725E-04   1.00000E+00   0.00000E+00   7.75157E+00   1.40840E-17            15   5.22212E-10   3.14093E+00
        2209   2.65080E+02   1.20000E-01   7.72670E-02   2.28069E-04   4.34724E-04   0.00000E+00   8.55710E-04   1.00000E+00   0.00000E+00   7.75157E+00   1.26994E-17            15   5.25414E-10   3.14097E+00
        2210   2.65200E+02   1.20000E-01   7.72670E-02   2.27421E-04   4.33348E-04   0.00000E+00   8.83198E-04   1.00000E+00   0.00000E+00   7.75157E+00   1.44482E-17            15   5.33144E-10   3.14101E+00
        2211   2.65320E+02   1.20000E-01   7.72670E-02   2.26766E-04   4.31950E-04   0.00000E+00   9.10120E-04   1.00000E+00   0.00000E+00   7.75157E+00   1.39495E-17            15   5.42798E-10   3.14104E+00
        2212   2.65440E+02   1.20000E-01   7.72670E-02   2.26106E-04   4.30529E-04   0.00000E+00   9.36299E-04   1.00000E+00   0.00000E+00   7.75157E+00   1.55510E-17            15   5.54030E-10   3.14108E+00
        2213   2.65560E+02   1.20000E-01   7.72670E-02   2.25439E-04   4.29086E-04   0.00000E+00   9.62075E-04   1.00000E+00   0.00000E+00   7.75157E+00   1.59247E-17            15   5.67765E-10   3.14111E+00
        2214   2.65680E+02   1.20000E-01   7.72670E-02   2.24766E-04   4.27621E-04   0.00000E+00   9.87046E-04   1.00000E+00   0.00000E+00   7.75157E+00   1.81044E-17            15   5.86121E-10   3.14115E+00
        2215   2.65800E+02   1.20000E-01   7.72670E-02   2.24087E-04   4.26134E-04   0.00000E+00   1.01112E-03   1.00000E+00   0.00000E+00   7.75157E+00   1.82659E-17            15   6.01593E-10   3.14119E+00
        2216   2.65920E+02   1.20000E-01   7.72670E-02   2.23402E-04   4.24623E-04   0.00000E+00   1.03431E-03   1.00000E+00   0.00000E+00   7.75157E+00   2.09636E-17            15   6.23318E-10   3.14122E+00
        2217   2.66040E+02   1.20000E-01   7.72670E-02   2.22711E-04   4.23089E-04   0.00000E+00   1.05641E-03   1.00000E+00   0.00000E+00   7.75157E+00   2.10676E-17            15   6.40654E-10   3.14126E+00
        2218   2.66160E+02   1.20000E-01   7.72670E-02   2.22013E-04   4.21531E-04   0.00000E+00   1.07733E-03   1.00000E+00   0.00000E+00   7.75157E+00   2.41840E-17            15   6.65311E-10   3.14129E+00
        2219   2.66280E+02   1.20000E-01   7.72670E-02   2.21309E-04   4.19948E-04   0.00000E+00   1.09677E-03   1.00000E+00   0.00000E+00   7.75157E+00   2.47341E-17            15   6.82917E-10   3.14133E+00
        2220   2.66400E+02   1.20000E-01   7.72670E-02   2.20598E-04   4.18345E-04   0.00000E+00   1.11443E-03   1.00000E+00   0.00000E+00   7.75157E+00   2.91785E-17            15   7.08468E-10   3.14136E+00
        2221   2.66520E+02   1.20000E-01   7.72670E-02   2.19880E-04   4.16710E-04   0.00000E+00   1.13108E-03   1.00000E+00   0.00000E+00   7.75157E+00   2.84967E-17            15   7.22173E-10   3.14140E+00
        2222   2.66640E+02   1.20000E-01   7.72670E-02   2.19156E-04   4.15055E-04   0.00000E+00   1.14384E-03   1.00000E+00   0.00000E+00   7.75157E+00   3.32830E-17            15   7.40547E-10   3.14143E+00
        2223   2.66760E+02   1.20000E-01   7.72670E-02   2.18424E-04   4.13370E-04   0.00000E+00   1.30456E-03   1.00000E+00   0.00000E+00   7.75157E+00   3.35948E-17            15   7.36690E-10   3.14147E+00
        2224   2.66880E+02   1.20000E-01   7.72670E-02   2.17685E-04   4.11657E-04   0.00000E+00   1.50160E-03   1.00000E+00   0.00000E+00   7.75157E+00   3.93663E-17            15   7.77706E-10   3.14151E+00
        2225   2.67000E+02   1.20000E-01   7.72670E-02   2.16941E-04   4.09913E-04   0.00000E+00   1.68553E-03   1.00000E+00   0.00000E+00   7.75157E+00   4.15716E-17            15   7.83453E-10   3.14154E+00
        2226   2.67120E+02   1.20000E-01   7.72670E-02   2.16186E-04   4.08152E-04   0.00000E+00   1.88908E-03   1.00000E+00   0.00000E+00   7.75157E+00   4.64288E-17            15   9.27359E-10   3.14160E+00
        2227   2.67240E+02   1.20000E-01   7.72670E-02   2.15428E-04   4.06372E-04   0.00000E+00   1.93100E-03   1.00000E+00   0.00000E+00   7.75157E+00   7.74099E-18            16   2.35403E-10   3.14162E+00
        2228   2.67360E+02   1.20000E-01   7.72670E-02   2.14669E-04   4.04596E-04   0.00000E+00   1.96341E-03   1.00000E+00   0.00000E+00   7.75157E+00   5.44814E-17            15   9.60006E-10   3.14164E+00
        2229   2.67480E+02   1.20000E-01   7.72670E-02   2.13909E-04   4.02840E-04   0.00000E+00   2.00216E-03   1.00000E+00   0.00000E+00   7.75157E+00   4.84870E-17            15   9.89376E-10   3.14168E+00
        2230   2.67600E+02   1.20000E-01   7.72670E-02   2.13148E-04   4.01103E-04   0.00000E+00   2.04276E-03   1.00000E+00   0.00000E+00   7.75157E+00   4.30823E-17            15   9.70983E-10   3.14171E+00
        2231   2.67720E+02   1.20000E-01   7.72670E-02   2.12386E-04   3.99384E-04   0.00000E+00   2.08205E-03   1.00000E+00   0.00000E+00   7.75157E+00   3.73627E-17            15   9.51831E-10   3.14175E+00
        2232   2.67840E+02   1.20000E-01   7.72670E-02   2.11623E-04   3.97680E-04   0.00000E+00   2.12177E-03   1.00000E+00   0.00000E+00   7.75157E+00   3.16504E-17            15   8.97532E-10   3.14178E+00
        2233   2.67960E+02   1.20000E-01   7.72670E-02   2.10859E-04   3.95991E-04   0.00000E+00   2.16016E-03   1.00000E+00   0.00000E+00   7.75157E+00   2.32273E-17            15   7.67977E-10   3.14182E+00
        2234   2.68080E+02   1.20000E-01   7.72670E-02   2.10093E-04   3.94316E-04   0.00000E+00   2.19974E-03   1.00000E+00   0.00000E+00   7.75157E+00   1.24251E-17            15   5.45571E-10   3.14185E+00
        2235   2.68200E+02   1.20000E-01   7.72670E-02   2.09326E-04   3.92655E-04   0.00000E+00   2.23864E-03   1.00000E+00   0.00000E+00   7.75157E+00   1.11077E-17            15   3.45026E-10   3.14189E+00
        2236   2.68320E+02   1.20000E-01   7.72670E-02   2.08559E-04   3.91007E-04   0.00000E+00   2.27962E-03   1.00000E+00   0.00000E+00   7.75157E+00   1.04515E-17            15   4.51337E-10   3.14192E+00
        2237   2.68440E+02   1.20000E-01   7.72670E-02   2.07790E-04   3.89371E-04   0.00000E+00   2.31860E-03   1.00000E+00   0.00000E+00   7.75157E+00   1.65592E-17            15   6.39160E-10   3.14195E+00
        2238   2.68560E+02   1.20000E-01   7.72670E-02   2.07020E-04   3.87748E-04   0.00000E+00   2.35786E-03   1.00000E+00   0.00000E+00   7.75157E+00   1.77776E-17            15   6.78635E-10   3.14199E+00
        2239   2.68680E+02   1.20000E-01   7.72670E-02   2.06248E-04   3.86136E-04   0.00000E+00   2.39725E-03   1.00000E+00   0.00000E+00   7.75157E+00   1.82159E-17            15   6.91644E-10   3.14202E+00
        2240   2.68800E+02   1.20000E-01   7.72670E-02   2.05475E-04   3.84535E-04   0.00000E+00   2.43658E-03   1.00000E+00   0.00000E+00   7.75157E+00   1.79046E-17            15   6.89311E-10   3.14205E+00
        2241   2.68920E+02   1.20000E-01   7.72670E-02   2.04701E-04   3.82945E-04   0.00000E+00   2.47580E-03   1.00000E+00   0.00000E+00   7.75157E+00   1.74599E-17            15   6.82221E-10   3.14209E+00
        2242   2.69040E+02   1.20000E-01   7.72670E-02   2.03925E-04   3.81365E-04   0.00000E+00   2.51489E-03   1.00000E+00   0.00000E+00   7.75157E+00   1.66848E-17            15   6.71996E-10   3.14212E+00
        2243   2.69160E+02   1.20000E-01   7.72670E-02   2.03148E-04   3.79796E-04   0.00000E+00   2.55385E-03   1.00000E+00   0.00000E+00   7.75157E+00   1.58930E-17            15   6.62549E-10   3.14215E+00
        2244   2.69280E+02   1.20000E-01   7.72670E-02   2.02369E-04   3.78235E-04   0.00000E+00   2.59267E-03   1.00000E+00   0.00000E+00   7.75157E+00   1.51014E-17            15   6.53414E-10   3.14219E+00
        2245   2.69400E+02   1.20000E-01   7.72670E-02   2.01589E-04   3.76685E-04   0.00000E+00   2.63136E-03   1.00000E+00   0.00000E+00   7.75157E+00   1.41072E-17            15   6.43244E-10   3.14222E+00
        2246   2.69520E+02   1.20000E-01   7.72670E-02   2.00808E-04   3.75143E-04   0.00000E+00   2.66991E-03   1.00000E+00   0.00000E+00   7.75157E+00   1.41681E-17            15   6.39716E-10   3.14225E+00
        2247   2.69640E+02   1.20000E-01   7.72670E-02   2.00025E-04   3.73610E-04   0.00000E+00   2.70831E-03   1.00000E+00   0.00000E+00   7.75157E+00   1.35485E-17            15   6.30983E-10   3.14229E+00
        2248   2.69760E+02   1.20000E-01   7.72670E-02   1.99240E-04   3.72085E-04   0.00000E+00   2.74590E-03   1.00000E+00   0.00000E+00   7.75157E+00   1.35592E-17            15   6.27317E-10   3.14232E+00
        2249   2.69880E+02   1.20000E-01   7.72670E-02   1.98454E-04   3.70568E-04   0.00000E+00   2.78408E-03   1.00000E+00   0.00000E+00   7.75157E+00   1.31274E-17            15   6.21185E-10   3.14235E+00
        2250   2.70000E+02   1.20000E-01   7.72670E-02   1.97666E-04   3.69059E-04   0.00000E+00   2.82198E-03   1.00000E+00   0.00000E+00   7.75157E+00   1.30614E-17            15   6.17945E-10   3.14238E+00
        2251   2.70120E+02   1.20000E-01   7.72670E-02   1.96877E-04   3.67558E-04   0.00000E+00   2.85977E-03   1.00000E+00   0.00000E+00   7.75157E+00   1.28463E-17            15   6.14657E-10   3.14242E+00
        2252   2.70240E+02   1.20000E-01   7.72670E-02   1.96086E-04   3.66064E-04   0.00000E+00   2.89739E-03   1.00000E+00   0.00000E+00   7.75157E+00   1.26133E-17            15   6.11674E-10   3.14245E+00
        2253   2.70360E+02   1.20000E-01   7.72670E-02   1.95293E-04   3.64577E-04   0.00000E+00   2.93488E-03   1.00000E+00   0.00000E+00   7.75157E+00   1.25259E-17            15   6.08952E-10   3.14248E+00
        2254   2.70480E+02   1.20000E-01   7.72670E-02   1.94499E-04   3.63098E-04   0.00000E+00   2.97219E-03   1.00000E+00   0.00000E+00   7.75157E+00   1.23703E-17            15   6.06449E-10   3.14251E+00
        2255   2.70600E+02   1.20000E-01   7.72670E-02   1.93703E-04   3.61624E-04   0.00000E+00   3.00936E-03   1.00000E+00   0.00000E+00   7.75157E+00   1.21651E-17            15   6.04183E-10   3.14255E+00
        2256   2.70720E+02   1.20000E-01   7.72670E-02   1.92906E-04   3.60157E-04   0.00000E+00   3.04637E-03   1.00000E+00   0.00000E+00   7.75157E+00   1.19850E-17            15   6.01989E-10   3.14258E+00
        2257   2.70840E+02   1.20000E-01   7.72670E-02   1.92106E-04   3.58697E-04   0.00000E+00   3.08322E-03   1.00000E+00   0.00000E+00   7.75157E+00   1.17068E-17            15   5.99810E-10   3.14261E+00
        2258   2.70960E+02   1.20000E-01   7.72670E-02   1.91305E-04   3.57242E-04   0.00000E+00   3.11993E-03   1.00000E+00   0.00000E+00   7.75157E+00   1.15187E-17            15   5.97672E-10   3.14264E+00
        2259   2.71080E+02   1.20000E-01   7.72670E-02   1.90502E-04   3.55794E-04   0.00000E+00   3.15648E-03   1.00000E+00   0.00000E+00   7.75157E+00   1.13096E-17            15   5.95391E-10   3.14267E+00
        2260   2.71200E+02   1.20000E-01   7.72670E-02   1.90012E-04   3.54351E-04   0.00000E+00   3.19286E-03   1.00000E+00   0.00000E+00   7.75157E+00   1.11427E-17            15   5.92746E-10   3.14271E+00
        2261   2.71320E+02   1.20000E-01   7.72670E-02   1.89563E-04   3.52913E-04   0.00000E+00   3.22909E-03   1.00000E+00   0.00000E+00   7.75157E+00   1.07938E-17            15   5.90095E-10   3.14274E+00
        2262   2.71440E+02   1.20000E-01   7.72670E-02   1.89111E-04   3.51481E-04   0.00000E+00   3.26516E-03   1.00000E+00   0.00000E+00   7.75157E+00   1.05534E-17            15   5.86942E-10   3.14277E+00
        2263   2.71560E+02   1.20000E-01   7.72670E-02   1.88657E-04   3.50053E-04   0.00000E+00   3.30107E-03   1.00000E+00   0.00000E+00   7.75157E+00   1.02127E-17            15   5.83157E-10   3.14280E+00
        2264   2.71680E+02   1.20000E-01   7.72670E-02   1.88200E-04   3.48631E-04   0.00000E+00   3.33682E-03   1.00000E+00   0.00000E+00   7.75157E+00   9.68099E-18            15   5.78346E-10   3.14283E+00
        2265   2.71800E+02   1.20000E-01   7.72670E-02   1.87739E-04   3.47213E-04   0.00000E+00   3.37240E-03   1.00000E+00   0.00000E+00   7.75157E+00   9.28993E-18            15   5.71995E-10   3.14286E+00
        2266   2.71920E+02   1.20000E-01   7.72670E-02   1.87277E-04   3.45800E-04   0.00000E+00   3.40783E-03   1.00000E+00   0.00000E+00   7.75157E+00   8.63152E-18            15   5.62962E-10   3.14289E+00
        2267   2.72040E+02   1.20000E-01   7.72670E-02   1.86811E-04   3.44392E-04   0.00000E+00   3.44309E-03   1.00000E+00   0.00000E+00   7.75157E+00   7.85902E-18            15   5.48858E-10   3.14292E+00
        2268   2.72160E+02   1.20000E-01   7.72670E-02   1.86343E-04   3.42988E-04   0.00000E+00   3.47820E-03   1.00000E+00   0.00000E+00   7.75157E+00   7.13001E-18            15   5.23386E-10   3.14295E+00
        2269   2.72280E+02   1.20000E-01   7.72670E-02   1.85871E-04   3.41587E-04   0.00000E+00   3.51314E-03   1.00000E+00   0.00000E+00   7.75157E+00   6.09779E-18            15   4.61730E-10   3.14298E+00
        2270   2.72400E+02   1.20000E-01   7.72670E-02   1.85397E-04   3.40191E-04   0.00000E+00   3.54792E-03   1.00000E+00   0.00000E+00   7.75157E+00   1.86018E-17            14   9.63790E-10   3.14301E+00
        2271   2.72520E+02   1.20000E-01   7.72670E-02   1.84920E-04   3.38799E-04   0.00000E+00   3.58254E-03   1.00000E+00   0.00000E+00   7.75157E+00   7.32239E-18            15   3.60413E-10   3.14305E+00
        2272   2.72640E+02   1.20000E-01   7.72670E-02   1.84441E-04   3.37410E-04   0.00000E+00   3.61700E-03   1.00000E+00   0.00000E+00   7.75157E+00   1.02669E-17            15   4.28986E-10   3.14308E+00
        2273   2.72760E+02   1.20000E-01   7.72670E-02   1.83958E-04   3.36025E-04   0.00000E+00   3.65130E-03   1.00000E+00   0.00000E+00   7.75157E+00   9.97321E-18            15   4.55631E-10   3.14311E+00
        2274   2.72880E+02   1.20000E-01   7.72670E-02   1.83473E-04   3.34643E-04   0.00000E+00   3.68544E-03   1.00000E+00   0.00000E+00   7.75157E+00   8.33641E-18            15   4.87585E-10   3.14314E+00
        2275   2.73000E+02   1.20000E-01   7.72670E-02   1.82985E-04   3.33265E-04   0.00000E+00   3.71942E-03   1.00000E+00   0.00000E+00   7.75157E+00   7.11937E-18            15   5.15066E-10   3.14317E+00
        2276   2.73120E+02   1.20000E-01   7.72670E-02   1.82495E-04   3.31889E-04   0.00000E+00   3.75324E-03   1.00000E+00   0.00000E+00   7.75157E+00   7.25799E-18            15   5.33903E-10   3.14320E+00
        2277   2.73240E+02   1.20000E-01   7.72670E-02   1.82001E-04   3.30517E-04   0.00000E+00   3.78690E-03   1.00000E+00   0.00000E+00   7.75157E+00   7.72184E-18            15   5.45792E-10   3.14323E+00
        2278   2.73360E+02   1.20000E-01   7.72670E-02   1.81505E-04   3.29148E-04   0.00000E+00   3.82040E-03   1.00000E+00   0.00000E+00   7.75157E+00   7.86410E-18            15   5.52960E-10   3.14326E+00
        2279   2.73480E+02   1.20000E-01   7.72670E-02   1.81006E-04   3.27781E-04   0.00000E+00   3.85375E-03   1.00000E+00   0.00000E+00   7.75157E+00   7.98124E-18            15   5.57226E-10   3.14328E+00
        2280   2.73600E+02   1.20000E-01   7.72670E-02   1.80504E-04   3.26417E-04   0.00000E+00   3.88693E-03   1.00000E+00   0.00000E+00   7.75157E+00   8.23726E-18            15   5.59460E-10   3.14331E+00
        2281   2.73720E+02   1.20000E-01   7.72670E-02   1.80000E-04   3.25056E-04   0.00000E+00   3.91995E-03   1.00000E+00   0.00000E+00   7.75157E+00   8.25155E-18            15   5.60433E-10   3.14334E+00
        2282   2.73840E+02   1.20000E-01   7.72670E-02   1.79492E-04   3.23697E-04   0.00000E+00   3.95281E-03   1.00000E+00   0.00000E+00   7.75157E+00   8.33752E-18            15   5.60471E-10   3.14337E+00
        2283   2.73960E+02   1.20000E-01   7.72670E-02   1.78982E-04   3.22340E-04   0.00000E+00   3.98552E-03   1.00000E+00   0.00000E+00   7.75157E+00   8.15521E-18            15   5.59869E-10   3.14340E+00
        2284   2.74080E+02   1.20000E-01   7.72670E-02   1.78470E-04   3.20985E-04   0.00000E+00   4.01806E-03   1.00000E+00   0.00000E+00   7.75157E+00   8.21995E-18            15   5.58661E-10   3.14343E+00
        2285   2.74200E+02   1.20000E-01   7.72670E-02   1.77954E-04   3.19633E-04   0.00000E+00   4.05045E-03   1.00000E+00   0.00000E+00   7.75157E+00   8.22865E-18            15   5.57040E-10   3.14346E+00
        2286   2.74320E+02   1.20000E-01   7.72670E-02   1.77436E-04   3.18283E-04   0.00000E+00   4.08268E-03   1.00000E+00   0.00000E+00   7.75157E+00   8.14464E-18            15   5.55051E-10   3.14349E+00
        2287   2.74440E+02   1.20000E-01   7.72670E-02   1.76915E-04   3.16934E-04   0.00000E+00   4.11475E-03   1.00000E+00   0.00000E+00   7.75157E+00   8.13701E-18            15   5.52729E-10   3.14352E+00
        2288   2.74560E+02   1.20000E-01   7.72670E-02   1.76392E-04   3.15588E-04   0.00000E+00   4.14666E-03   1.00000E+00   0.00000E+00   7.75157E+00   7.99031E-18            15   5.50097E-10   3.14355E+00
        2289   2.74680E+02   1.20000E-01   7.72670E-02   1.75865E-04   3.14243E-04   0.00000E+00   4.17842E-03   1.00000E+00   0.00000E+00   7.75157E+00   7.98517E-18            15   5.47157E-10   3.14357E+00
        2290   2.74800E+02   1.20000E-01   7.72670E-02   1.75337E-04   3.12900E-04   0.00000E+00   4.21002E-03   1.00000E+00   0.00000E+00   7.75157E+00   7.86607E-18            15   5.43928E-10   3.14360E+00
        2291   2.74920E+02   1.20000E-01   7.72670E-02   1.74805E-04   3.11558E-04   0.00000E+00   4.24146E-03   1.00000E+00   0.00000E+00   7.75157E+00   7.69780E-18            15   5.40437E-10   3.14363E+00
        2292   2.75040E+02   1.20000E-01   7.72670E-02   1.74271E-04   3.10218E-04   0.00000E+00   4.27275E-03   1.00000E+00   0.00000E+00   7.75157E+00   7.75373E-18            15   5.36466E-10   3.14366E+00
        2293   2.75160E+02   1.20000E-01   7.72670E-02   1.73734E-04   3.08879E-04   0.00000E+00   4.30389E-03   1.00000E+00   0.00000E+00   7.75157E+00   7.48595E-18            15   5.32371E-10   3.14369E+00
        2294   2.75280E+02   1.20000E-01   7.72670E-02   1.73195E-04   3.07541E-04   0.00000E+00   4.33487E-03   1.00000E+00   0.00000E+00   7.75157E+00   7.41896E-18            15   5.27594E-10   3.14371E+00
        2295   2.75400E+02   1.20000E-01   7.72670E-02   1.72652E-04   3.06204E-04   0.00000E+00   4.36569E-03   1.00000E+00   0.00000E+00   7.75157E+00   7.18783E-18            15   5.22545E-10   3.14374E+00
        2296   2.75520E+02   1.20000E-01   7.72670E-02   1.72108E-04   3.04869E-04   0.00000E+00   4.39637E-03   1.00000E+00   0.00000E+00   7.75157E+00   7.06031E-18            15   5.17057E-10   3.14377E+00
        2297   2.75640E+02   1.20000E-01   7.72670E-02   1.71560E-04   3.03535E-04   0.00000E+00   4.42689E-03   1.00000E+00   0.00000E+00   7.75157E+00   6.84077E-18            15   5.11041E-10   3.14380E+00
        2298   2.75760E+02   1.20000E-01   7.72670E-02   1.71010E-04   3.02202E-04   0.00000E+00   4.45725E-03   1.00000E+00   0.00000E+00   7.75157E+00   6.69630E-18            15   5.04480E-10   3.14382E+00
        2299   2.75880E+02   1.20000E-01   7.72670E-02   1.70458E-04   3.00869E-04   0.00000E+00   4.48747E-03   1.00000E+00   0.00000E+00   7.75157E+00   6.40075E-18            15   4.97124E-10   3.14385E+00
        2300   2.76000E+02   1.20000E-01   7.72670E-02   1.69903E-04   2.99538E-04   0.00000E+00   4.51754E-03   1.00000E+00   0.00000E+00   7.75157E+00   6.22994E-18            15   4.89252E-10   3.14388E+00
        2301   2.76120E+02   1.20000E-01   7.72670E-02   1.69345E-04   2.98207E-04   0.00000E+00   4.54745E-03   1.00000E+00   0.00000E+00   7.75157E+00   5.90359E-18            15   4.80420E-10   3.14391E+00
        2302   2.76240E+02   1.20000E-01   7.72670E-02   1.68785E-04   2.96877E-04   0.00000E+00   4.57722E-03   1.00000E+00   0.00000E+00   7.75157E+00   5.74305E-18            15   4.70882E-10   3.14393E+00
        2303   2.76360E+02   1.20000E-01   7.72670E-02   1.68223E-04   2.95547E-04   0.00000E+00   4.60684E-03   1.00000E+00   0.00000E+00   7.75157E+00   5.46082E-18            15   4.60155E-10   3.14396E+00
        2304   2.76480E+02   1.20000E-01   7.72670E-02   1.67657E-04   2.94218E-04   0.00000E+00   4.63631E-03   1.00000E+00   0.00000E+00   7.75157E+00   5.15654E-18            15   4.48405E-10   3.14399E+00
        2305   2.76600E+02   1.20000E-01   7.72670E-02   1.67090E-04   2.92889E-04   0.00000E+00   4.66563E-03   1.00000E+00   0.00000E+00   7.75157E+00   4.93362E-18            15   4.35414E-10   3.14401E+00
        2306   2.76720E+02   1.20000E-01   7.72670E-02   1.66520E-04   2.91561E-04   0.00000E+00   4.69481E-03   1.00000E+00   0.00000E+00   7.75157E+00   4.73409E-18            15   4.21259E-10   3.14404E+00
        2307   2.76840E+02   1.20000E-01   7.72670E-02   1.65947E-04   2.90233E-04   0.00000E+00   4.72384E-03   1.00000E+00   0.00000E+00   7.75157E+00   4.51322E-18            15   4.05518E-10   3.14407E+00
        2308   2.76960E+02   1.20000E-01   7.72670E-02   1.65372E-04   2.88906E-04   0.00000E+00   4.75272E-03   1.00000E+00   0.00000E+00   7.75157E+00   4.20696E-18            15   3.88244E-10   3.14409E+00
        2309   2.77080E+02   1.20000E-01   7.72670E-02   1.64794E-04   2.87579E-04   0.00000E+00   4.78146E-03   1.00000E+00   0.00000E+00   7.75157E+00   3.92747E-18            15   3.69525E-10   3.14412E+00
        2310   2.77200E+02   1.20000E-01   7.72670E-02   1.64214E-04   2.86252E-04   0.00000E+00   4.81006E-03   1.00000E+00   0.00000E+00   7.75157E+00   3.64162E-18            15   3.49043E-10   3.14414E+00
        2311   2.77320E+02   1.20000E-01   7.72670E-02   1.63632E-04   2.84925E-04   0.00000E+00   4.83851E-03   1.00000E+00   0.00000E+00   7.75157E+00   3.40743E-18            15   3.27059E-10   3.14417E+00
        2312   2.77440E+02   1.20000E-01   7.72670E-02   1.63047E-04   2.83598E-04   0.00000E+00   4.86682E-03   1.00000E+00   0.00000E+00   7.75157E+00   3.76306E-18            15   3.03852E-10   3.14420E+00
        2313   2.77560E+02   1.20000E-01   7.72670E-02   1.62460E-04   2.82271E-04   0.00000E+00   4.89498E-03   1.00000E+00   0.00000E+00   7.75157E+00   3.91130E-18            15   2.80065E-10   3.14422E+00
        2314   2.77680E+02   1.20000E-01   7.72670E-02   1.61870E-04   2.80944E-04   0.00000E+00   4.92301E-03   1.00000E+00   0.00000E+00   7.75157E+00   4.13465E-18            15   2.54830E-10   3.14425E+00
        2315   2.77800E+02   1.20000E-01   7.72670E-02   1.61278E-04   2.79617E-04   0.00000E+00   4.95089E-03   1.00000E+00   0.00000E+00   7.75157E+00   4.27883E-18            15   2.31637E-10   3.14427E+00
        2316   2.77920E+02   1.20000E-01   7.72670E-02   1.60684E-04   2.78290E-04   0.00000E+00   4.97863E-03   1.00000E+00   0.00000E+00   7.75157E+00   4.38449E-18            15   2.08300E-10   3.14430E+00
        2317   2.78040E+02   1.20000E-01   7.72670E-02   1.60087E-04   2.76963E-04   0.00000E+00   5.00624E-03   1.00000E+00   0.00000E+00   7.75157E+00   4.43654E-18            15   1.89962E-10   3.14432E+00
        2318   2.78160E+02   1.20000E-01   7.72670E-02   1.59488E-04   2.75636E-04   0.00000E+00   5.03370E-03   1.00000E+00   0.00000E+00   7.75157E+00   4.42676E-18            15   1.75305E-10   3.14435E+00
        2319   2.78280E+02   1.20000E-01   7.72670E-02   1.58887E-04   2.74308E-04   0.00000E+00   5.06103E-03   1.00000E+00   0.00000E+00   7.75157E+00   4.49456E-18            15   1.69482E-10   3.14437E+00
        2320   2.78400E+02   1.20000E-01   7.72670E-02   1.58284E-04   2.72980E-04   0.00000E+00   5.08822E-03   1.00000E+00   0.00000E+00   7.75157E+00   4.39281E-18            15   1.69844E-10   3.14440E+00
        2321   2.78520E+02   1.20000E-01   7.72670E-02   1.57678E-04   2.71652E-04   0.00000E+00   5.11528E-03   1.00000E+00   0.00000E+00   7.75157E+00   4.44247E-18            15   1.80051E-10   3.14442E+00
        2322   2.78640E+02   1.20000E-01   7.72670E-02   1.57070E-04   2.70323E-04   0.00000E+00   5.14219E-03   1.00000E+00   0.00000E+00   7.75157E+00   4.23066E-18            15   1.95301E-10   3.14445E+00
        2323   2.78760E+02   1.20000E-01   7.72670E-02   1.56459E-04   2.68994E-04   0.00000E+00   5.16897E-03   1.00000E+00   0.00000E+00   7.75157E+00   4.08666E-18            15   2.14048E-10   3.14447E+00
        2324   2.78880E+02   1.20000E-01   7.72670E-02   1.55847E-04   2.67664E-04   0.00000E+00   5.19562E-03   1.00000E+00   0.00000E+00   7.75157E+00   3.98728E-18            15   2.36652E-10   3.14450E+00
        2325   2.79000E+02   1.20000E-01   7.72670E-02   1.55232E-04   2.66334E-04   0.00000E+00   5.22213E-03   1.00000E+00   0.00000E+00   7.75157E+00   3.65075E-18            15   2.59224E-10   3.14452E+00
        2326   2.79120E+02   1.20000E-01   7.72670E-02   1.54615E-04   2.65004E-04   0.00000E+00   5.24851E-03   1.00000E+00   0.00000E+00   7.75157E+00   3.51635E-18            15   2.82007E-10   3.14455E+00
        2327   2.79240E+02   1.20000E-01   7.72670E-02   1.53996E-04   2.63673E-04   0.00000E+00   5.27475E-03   1.00000E+00   0.00000E+00   7.75157E+00   3.43635E-18            15   3.03673E-10   3.14457E+00
        2328   2.79360E+02   1.20000E-01   7.72670E-02   1.53375E-04   2.62341E-04   0.00000E+00   5.30086E-03   1.00000E+00   0.00000E+00   7.75157E+00   3.68705E-18            15   3.24201E-10   3.14459E+00
        2329   2.79480E+02   1.20000E-01   7.72670E-02   1.52752E-04   2.61009E-04   0.00000E+00   5.32684E-03   1.00000E+00   0.00000E+00   7.75157E+00   4.06808E-18            15   3.43277E-10   3.14462E+00
        2330   2.79600E+02   1.20000E-01   7.72670E-02   1.52126E-04   2.59676E-04   0.00000E+00   5.35269E-03   1.00000E+00   0.00000E+00   7.75157E+00   4.49370E-18            15   3.60699E-10   3.14464E+00
        2331   2.79720E+02   1.20000E-01   7.72670E-02   1.51498E-04   2.58343E-04   0.00000E+00   5.37841E-03   1.00000E+00   0.00000E+00   7.75157E+00   4.78369E-18            15   3.76572E-10   3.14467E+00
        2332   2.79840E+02   1.20000E-01   7.72670E-02   1.50869E-04   2.57008E-04   0.00000E+00   5.40400E-03   1.00000E+00   0.00000E+00   7.75157E+00   5.01550E-18            15   3.90791E-10   3.14469E+00
        2333   2.79960E+02   1.20000E-01   7.72670E-02   1.50237E-04   2.55673E-04   0.00000E+00   5.42946E-03   1.00000E+00   0.00000E+00   7.75157E+00   5.41964E-18            15   4.03494E-10   3.14471E+00
        2334   2.80080E+02   1.20000E-01   7.72670E-02   1.49603E-04   2.54338E-04   0.00000E+00   5.45478E-03   1.00000E+00   0.00000E+00   7.75157E+00   5.66155E-18            15   4.14874E-10   3.14474E+00
        2335   2.80200E+02   1.20000E-01   7.72670E-02   1.48967E-04   2.53001E-04   0.00000E+00   5.47998E-03   1.00000E+00   0.00000E+00   7.75157E+00   5.92653E-18            15   4.25007E-10   3.14476E+00
        2336   2.80320E+02   1.20000E-01   7.72670E-02   1.48330E-04   2.51664E-04   0.00000E+00   5.50506E-03   1.00000E+00   0.00000E+00   7.75157E+00   6.13866E-18            15   4.33809E-10   3.14478E+00
        2337   2.80440E+02   1.20000E-01   7.72670E-02   1.47690E-04   2.50326E-04   0.00000E+00   5.53002E-03   1.00000E+00   0.00000E+00   7.75157E+00   6.47248E-18            15   4.41667E-10   3.14480E+00
        2338   2.80560E+02   1.20000E-01   7.72670E-02   1.47048E-04   2.48987E-04   0.00000E+00   5.55485E-03   1.00000E+00   0.00000E+00   7.75157E+00   6.69223E-18            15   4.48660E-10   3.14483E+00
        2339   2.80680E+02   1.20000E-01   7.72670E-02   1.46404E-04   2.47648E-04   0.00000E+00   5.57956E-03   1.00000E+00   0.00000E+00   7.75157E+00   7.02093E-18            15   4.54715E-10   3.14485E+00
        2340   2.80800E+02   1.20000E-01   7.72670E-02   1.45758E-04   2.46307E-04   0.00000E+00   5.60413E-03   1.00000E+00   0.00000E+00   7.75157E+00   7.18177E-18            15   4.60063E-10   3.14487E+00
        2341   2.80920E+02   1.20000E-01   7.72670E-02   1.45111E-04   2.44966E-04   0.00000E+00   5.62858E-03   1.00000E+00   0.00000E+00   7.75157E+00   7.32584E-18            15   4.64717E-10   3.14490E+00
        2342   2.81040E+02   1.20000E-01   7.72670E-02   1.44461E-04   2.43675E-04   0.00000E+00   5.65291E-03   1.00000E+00   0.00000E+00   7.75157E+00   7.44974E-18            15   4.68800E-10   3.14492E+00
        2343   2.81160E+02   1.20000E-01   7.72670E-02   1.43810E-04   2.42597E-04   0.00000E+00   5.67711E-03   1.00000E+00   0.00000E+00   7.75157E+00   7.66677E-18            15   4.72357E-10   3.14494E+00
        2344   2.81280E+02   1.20000E-01   7.72670E-02   1.43157E-04   2.41519E-04   0.00000E+00   5.70118E-03   1.00000E+00   0.00000E+00   7.75157E+00   7.92000E-18            15   4.75433E-10   3.14496E+00
        2345   2.81400E+02   1.20000E-01   7.72670E-02   1.42501E-04   2.40439E-04   0.00000E+00   5.72513E-03   1.00000E+00   0.00000E+00   7.75157E+00   8.12692E-18            15   4.78064E-10   3.14498E+00
        2346   2.81520E+02   1.20000E-01   7.72670E-02   1.41845E-04   2.39359E-04   0.00000E+00   5.74895E-03   1.00000E+00   0.00000E+00   7.75157E+00   8.21950E-18            15   4.80367E-10   3.14501E+00
        2347   2.81640E+02   1.20000E-01   7.72670E-02   1.41186E-04   2.38277E-04   0.00000E+00   5.77265E-03   1.00000E+00   0.00000E+00   7.75157E+00   8.46946E-18            15   4.82262E-10   3.14503E+00
        2348   2.81760E+02   1.20000E-01   7.72670E-02   1.40525E-04   2.37194E-04   0.00000E+00   5.79623E-03   1.00000E+00   0.00000E+00   7.75157E+00   8.61920E-18            15   4.83941E-10   3.14505E+00
        2349   2.81880E+02   1.20000E-01   7.72670E-02   1.39863E-04   2.36110E-04   0.00000E+00   5.81968E-03   1.00000E+00   0.00000E+00   7.75157E+00   8.61226E-18            15   4.85302E-10   3.14507E+00
        2350   2.82000E+02   1.20000E-01   7.72670E-02   1.39199E-04   2.35025E-04   0.00000E+00   5.84301E-03   1.00000E+00   0.00000E+00   7.75157E+00   8.84103E-18            15   4.86398E-10   3.14509E+00
        2351   2.82120E+02   1.20000E-01   7.72670E-02   1.38533E-04   2.33939E-04   0.00000E+00   5.86621E-03   1.00000E+00   0.00000E+00   7.75157E+00   8.89352E-18            15   4.87313E-10   3.14511E+00
        2352   2.82240E+02   1.20000E-01   7.72670E-02   1.37865E-04   2.32852E-04   0.00000E+00   5.88930E-03   1.00000E+00   0.00000E+00   7.75157E+00   9.11244E-18            15   4.88033E-10   3.14513E+00
        2353   2.82360E+02   1.20000E-01   7.72670E-02   1.37196E-04   2.31763E-04   0.00000E+00   5.91226E-03   1.00000E+00   0.00000E+00   7.75157E+00   9.15682E-18            15   4.88603E-10   3.14516E+00
        2354   2.82480E+02   1.20000E-01   7.72670E-02   1.36525E-04   2.30674E-04   0.00000E+00   5.93509E-03   1.00000E+00   0.00000E+00   7.75157E+00   9.28574E-18            15   4.88983E-10   3.14518E+00
        2355   2.82600E+02   1.20000E-01   7.72670E-02   1.35852E-04   2.29584E-04   0.00000E+00   5.95781E-03   1.00000E+00   0.00000E+00   7.75157E+00   9.40717E-18            15   4.89224E-10   3.14520E+00
        2356   2.82720E+02   1.20000E-01   7.72670E-02   1.35178E-04   2.28492E-04   0.00000E+00   5.98040E-03   1.00000E+00   0.00000E+00   7.75157E+00   9.56264E-18            15   4.89355E-10   3.14522E+00
        2357   2.82840E+02   1.20000E-01   7.72670E-02   1.34502E-04   2.27400E-04   0.00000E+00   6.00287E-03   1.00000E+00   0.00000E+00   7.75157E+00   9.58530E-18            15   4.89356E-10   3.14524E+00
        2358   2.82960E+02   1.20000E-01   7.72670E-02   1.33825E-04   2.26307E-04   0.00000E+00   6.02521E-03   1.00000E+00   0.00000E+00   7.75157E+00   9.62520E-18            15   4.89268E-10   3.14526E+00
        2359   2.83080E+02   1.20000E-01   7.72670E-02   1.33146E-04   2.25212E-04   0.00000E+00   6.04744E-03   1.00000E+00   0.00000E+00   7.75157E+00   9.71322E-18            15   4.89081E-10   3.14528E+00
        2360   2.83200E+02   1.20000E-01   7.72670E-02   1.32465E-04   2.24117E-04   0.00000E+00   6.08125E-03   1.00000E+00   0.00000E+00   7.75157E+00   9.77941E-18            15   4.88829E-10   3.14530E+00
        2361   2.83320E+02   1.20000E-01   7.72670E-02   1.31783E-04   2.23020E-04   0.00000E+00   6.11711E-03   1.00000E+00   0.00000E+00   7.75157E+00   9.88778E-18            15   4.88473E-10   3.14532E+00
        2362   2.83440E+02   1.20000E-01   7.72670E-02   1.31099E-04   2.21923E-04   0.00000E+00   6.15274E-03   1.00000E+00   0.00000E+00   7.75157E+00   9.87811E-18            15   4.88060E-10   3.14534E+00
        2363   2.83560E+02   1.20000E-01   7.72670E-02   1.30414E-04   2.20825E-04   0.00000E+00   6.18814E-03   1.00000E+00   0.00000E+00   7.75157E+00   1.00183E-17            15   4.87597E-10   3.14536E+00
        2364   2.83680E+02   1.20000E-01   7.72670E-02   1.29727E-04   2.19725E-04   0.00000E+00   6.22332E-03   1.00000E+00   0.00000E+00   7.75157E+00   1.00355E-17            15   4.87059E-10   3.14538E+00
        2365   2.83800E+02   1.20000E-01   7.72670E-02   1.29039E-04   2.18625E-04   0.00000E+00   6.25826E-03   1.00000E+00   0.00000E+00   7.75157E+00   1.00156E-17            15   4.86518E-10   3.14540E+00
        2366   2.83920E+02   1.20000E-01   7.72670E-02   1.28350E-04   2.17524E-04   0.00000E+00   6.29297E-03   1.00000E+00   0.00000E+00   7.75157E+00   1.00303E-17            15   4.85813E-10   3.14542E+00
        2367   2.84040E+02   1.20000E-01   7.72670E-02   1.27658E-04   2.16422E-04   0.00000E+00   6.32745E-03   1.00000E+00   0.00000E+00   7.75157E+00   1.00651E-17            15   4.85221E-10   3.14544E+00
        2368   2.84160E+02   1.20000E-01   7.72670E-02   1.26966E-04   2.15319E-04   0.00000E+00   6.36168E-03   1.00000E+00   0.00000E+00   7.75157E+00   1.01164E-17            15   4.84435E-10   3.14546E+00
        2369   2.84280E+02   1.20000E-01   7.72670E-02   1.26272E-04   2.14215E-04   0.00000E+00   6.39568E-03   1.00000E+00   0.00000E+00   7.75157E+00   1.01823E-17            15   4.83766E-10   3.14547E+00
        2370   2.84400E+02   1.20000E-01   7.72670E-02   1.25577E-04   2.13110E-04   0.00000E+00   6.42944E-03   1.00000E+00   0.00000E+00   7.75157E+00   1.00925E-17            15   4.82915E-10   3.14549E+00
        2371   2.84520E+02   1.20000E-01   7.72670E-02   1.24880E-04   2.12004E-04   0.00000E+00   6.46295E-03   1.00000E+00   0.00000E+00   7.75157E+00   1.00476E-17            15   4.82177E-10   3.14551E+00
        2372   2.84640E+02   1.20000E-01   7.72670E-02   1.24182E-04   2.10897E-04   0.00000E+00   6.49622E-03   1.00000E+00   0.00000E+00   7.75157E+00   1.00536E-17            15   4.81264E-10   3.14553E+00
        2373   2.84760E+02   1.20000E-01   7.72670E-02   1.23483E-04   2.09790E-04   0.00000E+00   6.52924E-03   1.00000E+00   0.00000E+00   7.75157E+00   1.00848E-17            15   4.80478E-10   3.14555E+00
        2374   2.84880E+02   1.20000E-01   7.72670E-02   1.22782E-04   2.08681E-04   0.00000E+00   6.56202E-03   1.00000E+00   0.00000E+00   7.75157E+00   1.00092E-17            15   4.79515E-10   3.14557E+00
        2375   2.85000E+02   1.20000E-01   7.72670E-02   1.22081E-04   2.07572E-04   0.00000E+00   6.59454E-03   1.00000E+00   0.00000E+00   7.75157E+00   1.00323E-17            15   4.78685E-10   3.14559E+00
        2376   2.85120E+02   1.20000E-01   7.72670E-02   1.21378E-04   2.06462E-04   0.00000E+00   6.62682E-03   1.00000E+00   0.00000E+00   7.75157E+00   9.98305E-18            15   4.77683E-10   3.14560E+00
        2377   2.85240E+02   1.20000E-01   7.72670E-02   1.20673E-04   2.05351E-04   0.00000E+00   6.65884E-03   1.00000E+00   0.00000E+00   7.75157E+00   1.00299E-17            15   4.76808E-10   3.14562E+00
        2378   2.85360E+02   1.20000E-01   7.72670E-02   1.19968E-04   2.04239E-04   0.00000E+00   6.69060E-03   1.00000E+00   0.00000E+00   7.75157E+00   9.95880E-18            15   4.75763E-10   3.14564E+00
        2379   2.85480E+02   1.20000E-01   7.72670E-02   1.19261E-04   2.03127E-04   0.00000E+00   6.72210E-03   1.00000E+00   0.00000E+00   7.75157E+00   9.90201E-18            15   4.74855E-10   3.14566E+00
        2380   2.85600E+02   1.20000E-01   7.72670E-02   1.18553E-04   2.02013E-04   0.00000E+00   6.75336E-03   1.00000E+00   0.00000E+00   7.75157E+00   9.77676E-18            15   4.73270E-10   3.14568E+00
        2381   2.85720E+02   1.20000E-01   7.72670E-02   1.17844E-04   2.00899E-04   0.00000E+00   6.78435E-03   1.00000E+00   0.00000E+00   7.75157E+00   9.66366E-18            15   4.69712E-10   3.14569E+00
        2382   2.85840E+02   1.20000E-01   7.72670E-02   1.17133E-04   1.99785E-04   0.00000E+00   6.81509E-03   1.00000E+00   0.00000E+00   7.75157E+00   9.62870E-18            15   4.68547E-10   3.14571E+00
        2383   2.85960E+02   1.20000E-01   7.72670E-02   1.16422E-04   1.98669E-04   0.00000E+00   6.84555E-03   1.00000E+00   0.00000E+00   7.75157E+00   9.50095E-18            15   4.67553E-10   3.14573E+00
        2384   2.86080E+02   1.20000E-01   7.72670E-02   1.15709E-04   1.97553E-04   0.00000E+00   6.87575E-03   1.00000E+00   0.00000E+00   7.75157E+00   9.44002E-18            15   4.66396E-10   3.14574E+00
        2385   2.86200E+02   1.20000E-01   7.72670E-02   1.14995E-04   1.96436E-04   0.00000E+00   6.90569E-03   1.00000E+00   0.00000E+00   7.75157E+00   9.41557E-18            15   4.65384E-10   3.14576E+00
        2386   2.86320E+02   1.20000E-01   7.72670E-02   1.14281E-04   1.95318E-04   0.00000E+00   6.93535E-03   1.00000E+00   0.00000E+00   7.75157E+00   9.29037E-18            15   4.64203E-10   3.14578E+00
        2387   2.86440E+02   1.20000E-01   7.72670E-02   1.13565E-04   1.94199E-04   0.00000E+00   6.96474E-03   1.00000E+00   0.00000E+00   7.75157E+00   9.22935E-18            15   4.63173E-10   3.14580E+00
        2388   2.86560E+02   1.20000E-01   7.72670E-02   1.12848E-04   1.93080E-04   0.00000E+00   6.99385E-03   1.00000E+00   0.00000E+00   7.75157E+00   9.09391E-18            15   4.61987E-10   3.14581E+00
        2389   2.86680E+02   1.20000E-01   7.72670E-02   1.12129E-04   1.91960E-04   0.00000E+00   7.02269E-03   1.00000E+00   0.00000E+00   7.75157E+00   9.03787E-18            15   4.60942E-10   3.14583E+00
        2390   2.86800E+02   1.20000E-01   7.72670E-02   1.11410E-04   1.90840E-04   0.00000E+00   7.05126E-03   1.00000E+00   0.00000E+00   7.75157E+00   8.97147E-18            15   4.59753E-10   3.14584E+00
        2391   2.86920E+02   1.20000E-01   7.72670E-02   1.10690E-04   1.89719E-04   0.00000E+00   7.07954E-03   1.00000E+00   0.00000E+00   7.75157E+00   8.83599E-18            15   4.58678E-10   3.14586E+00
        2392   2.87040E+02   1.20000E-01   7.72670E-02   1.09969E-04   1.88597E-04   0.00000E+00   7.10755E-03   1.00000E+00   0.00000E+00   7.75157E+00   8.63025E-18            15   4.57468E-10   3.14588E+00
        2393   2.87160E+02   1.20000E-01   7.72670E-02   1.09247E-04   1.87474E-04   0.00000E+00   7.13527E-03   1.00000E+00   0.00000E+00   7.75157E+00   8.53601E-18            15   4.56396E-10   3.14589E+00
        2394   2.87280E+02   1.20000E-01   7.72670E-02   1.08524E-04   1.86352E-04   0.00000E+00   7.16270E-03   1.00000E+00   0.00000E+00   7.75157E+00   8.38673E-18            15   4.55173E-10   3.14591E+00
        2395   2.87400E+02   1.20000E-01   7.72670E-02   1.07800E-04   1.85228E-04   0.00000E+00   7.18985E-03   1.00000E+00   0.00000E+00   7.75157E+00   8.40021E-18            15   4.54103E-10   3.14592E+00
        2396   2.87520E+02   1.20000E-01   7.72670E-02   1.07075E-04   1.84104E-04   0.00000E+00   7.21672E-03   1.00000E+00   0.00000E+00   7.75157E+00   8.22060E-18            15   4.52870E-10   3.14594E+00
        2397   2.87640E+02   1.20000E-01   7.72670E-02   1.06349E-04   1.82979E-04   0.00000E+00   7.24329E-03   1.00000E+00   0.00000E+00   7.75157E+00   8.06272E-18            15   4.51777E-10   3.14596E+00
        2398   2.87760E+02   1.20000E-01   7.72670E-02   1.05622E-04   1.81854E-04   0.00000E+00   7.26958E-03   1.00000E+00   0.00000E+00   7.75157E+00   7.91627E-18            15   4.50522E-10   3.14597E+00
        2399   2.87880E+02   1.20000E-01   7.72670E-02   1.04895E-04   1.80729E-04   0.00000E+00   7.29557E-03   1.00000E+00   0.00000E+00   7.75157E+00   7.83678E-18            15   4.49425E-10   3.14599E+00
        2400   2.88000E+02   1.20000E-01   7.72670E-02   1.04166E-04   1.79603E-04   0.00000E+00   7.32127E-03   1.00000E+00   0.00000E+00   7.75157E+00   7.70081E-18            15   4.48176E-10   3.14600E+00
        2401   2.88120E+02   1.20000E-01   7.72670E-02   1.03437E-04   1.78476E-04   0.00000E+00   7.34667E-03   1.00000E+00   0.00000E+00   7.75157E+00   7.57932E-18            15   4.47060E-10   3.14602E+00
        2402   2.88240E+02   1.20000E-01   7.72670E-02   1.02707E-04   1.77349E-04   0.00000E+00   7.37178E-03   1.00000E+00   0.00000E+00   7.75157E+00   7.37362E-18            15   4.45789E-10   3.14603E+00
        2403   2.88360E+02   1.20000E-01   7.72670E-02   1.01976E-04   1.76222E-04   0.00000E+00   7.39659E-03   1.00000E+00   0.00000E+00   7.75157E+00   7.19257E-18            15   4.44758E-10   3.14605E+00
        2404   2.88480E+02   1.20000E-01   7.72670E-02   1.01244E-04   1.75094E-04   0.00000E+00   7.42110E-03   1.00000E+00   0.00000E+00   7.75157E+00   7.02930E-18            15   4.43489E-10   3.14606E+00
        2405   2.88600E+02   1.20000E-01   7.72670E-02   1.00512E-04   1.73966E-04   0.00000E+00   7.44530E-03   1.00000E+00   0.00000E+00   7.75157E+00   6.90304E-18            15   4.42354E-10   3.14607E+00
        2406   2.88720E+02   1.20000E-01   7.72670E-02   9.97789E-05   1.72837E-04   0.00000E+00   7.46921E-03   1.00000E+00   0.00000E+00   7.75157E+00   6.71978E-18            15   4.41081E-10   3.14609E+00
        2407   2.88840E+02   1.20000E-01   7.72670E-02   9.90450E-05   1.71708E-04   0.00000E+00   7.49281E-03   1.00000E+00   0.00000E+00   7.75157E+00   6.62205E-18            15   4.39893E-10   3.14610E+00
        2408   2.88960E+02   1.20000E-01   7.72670E-02   9.83104E-05   1.70579E-04   0.00000E+00   7.51611E-03   1.00000E+00   0.00000E+00   7.75157E+00   6.44774E-18            15   4.38575E-10   3.14612E+00
        2409   2.89080E+02   1.20000E-01   7.72670E-02   9.75751E-05   1.69449E-04   0.00000E+00   7.53910E-03   1.00000E+00   0.00000E+00   7.75157E+00   6.31636E-18            15   4.37404E-10   3.14613E+00
        2410   2.89200E+02   1.20000E-01   7.72670E-02   9.68391E-05   1.68320E-04   0.00000E+00   7.56179E-03   1.00000E+00   0.00000E+00   7.75157E+00   6.04247E-18            15   4.36064E-10   3.14614E+00
        2411   2.89320E+02   1.20000E-01   7.72670E-02   9.61025E-05   1.67189E-04   0.00000E+00   7.58417E-03   1.00000E+00   0.00000E+00   7.75157E+00   5.97586E-18            15   4.34872E-10   3.14616E+00
        2412   2.89440E+02   1.20000E-01   7.72670E-02   9.53653E-05   1.66059E-04   0.00000E+00   7.60623E-03   1.00000E+00   0.00000E+00   7.75157E+00   5.77149E-18            15   4.33501E-10   3.14617E+00
        2413   2.89560E+02   1.20000E-01   7.72670E-02   9.46274E-05   1.64929E-04   0.00000E+00   7.62799E-03   1.00000E+00   0.00000E+00   7.75157E+00   5.58143E-18            15   4.32290E-10   3.14619E+00
        2414   2.89680E+02   1.20000E-01   7.72670E-02   9.38890E-05   1.63798E-04   0.00000E+00   7.64943E-03   1.00000E+00   0.00000E+00   7.75157E+00   5.40895E-18            15   4.30887E-10   3.14620E+00
        2415   2.89800E+02   1.20000E-01   7.72670E-02   9.32985E-05   1.62667E-04   0.00000E+00   7.67057E-03   1.00000E+00   0.00000E+00   7.75157E+00   5.30905E-18            15   4.29646E-10   3.14621E+00
        2416   2.89920E+02   1.20000E-01   7.72670E-02   9.28185E-05   1.61536E-04   0.00000E+00   7.69138E-03   1.00000E+00   0.00000E+00   7.75157E+00   5.10276E-18            15   4.28207E-10   3.14622E+00
        2417   2.90040E+02   1.20000E-01   7.72670E-02   9.23374E-05   1.60405E-04   0.00000E+00   7.71189E-03   1.00000E+00   0.00000E+00   7.75157E+00   4.90189E-18            15   4.26926E-10   3.14624E+00
        2418   2.90160E+02   1.20000E-01   7.72670E-02   9.18551E-05   1.59273E-04   0.00000E+00   7.73208E-03   1.00000E+00   0.00000E+00   7.75157E+00   4.72587E-18            15   4.25458E-10   3.14625E+00
        2419   2.90280E+02   1.20000E-01   7.72670E-02   9.13718E-05   1.58142E-04   0.00000E+00   7.75195E-03   1.00000E+00   0.00000E+00   7.75157E+00   4.74659E-18            15   4.24142E-10   3.14626E+00
        2420   2.90400E+02   1.20000E-01   7.72670E-02   9.08873E-05   1.57010E-04   0.00000E+00   7.77151E-03   1.00000E+00   0.00000E+00   7.75157E+00   4.80258E-18            15   4.22627E-10   3.14627E+00
        2421   2.90520E+02   1.20000E-01   7.72670E-02   9.04018E-05   1.55879E-04   0.00000E+00   7.79075E-03   1.00000E+00   0.00000E+00   7.75157E+00   4.88718E-18            15   4.21273E-10   3.14629E+00
        2422   2.90640E+02   1.20000E-01   7.72670E-02   8.99152E-05   1.54747E-04   0.00000E+00   7.80967E-03   1.00000E+00   0.00000E+00   7.75157E+00   4.93671E-18            15   4.19721E-10   3.14630E+00
        2423   2.90760E+02   1.20000E-01   7.72670E-02   8.94275E-05   1.53616E-04   0.00000E+00   7.82827E-03   1.00000E+00   0.00000E+00   7.75157E+00   5.00066E-18            15   4.18323E-10   3.14631E+00
        2424   2.90880E+02   1.20000E-01   7.72670E-02   8.89388E-05   1.52484E-04   0.00000E+00   7.84655E-03   1.00000E+00   0.00000E+00   7.75157E+00   5.04595E-18            15   4.16720E-10   3.14632E+00
        2425   2.91000E+02   1.20000E-01   7.72670E-02   8.84491E-05   1.51353E-04   0.00000E+00   7.86451E-03   1.00000E+00   0.00000E+00   7.75157E+00   5.17147E-18            15   4.15284E-10   3.14633E+00
        2426   2.91120E+02   1.20000E-01   7.72670E-02   8.81823E-05   1.50221E-04   0.00000E+00   7.88215E-03   1.00000E+00   0.00000E+00   7.75157E+00   5.17909E-18            15   4.13639E-10   3.14635E+00
        2427   2.91240E+02   1.20000E-01   7.72670E-02   8.80635E-05   1.49090E-04   0.00000E+00   7.89947E-03   1.00000E+00   0.00000E+00   7.75157E+00   5.28459E-18            15   4.12148E-10   3.14636E+00
        2428   2.91360E+02   1.20000E-01   7.72670E-02   8.79440E-05   1.47959E-04   0.00000E+00   7.91647E-03   1.00000E+00   0.00000E+00   7.75157E+00   5.34368E-18            15   4.10443E-10   3.14637E+00
        2429   2.91480E+02   1.20000E-01   7.72670E-02   8.78239E-05   1.46827E-04   0.00000E+00   7.93316E-03   1.00000E+00   0.00000E+00   7.75157E+00   5.39039E-18            15   4.08909E-10   3.14638E+00
        2430   2.91600E+02   1.20000E-01   7.72670E-02   8.77030E-05   1.45696E-04   0.00000E+00   7.94951E-03   1.00000E+00   0.00000E+00   7.75157E+00   5.45553E-18            15   4.07159E-10   3.14639E+00
        2431   2.91720E+02   1.20000E-01   7.72670E-02   8.75815E-05   1.44566E-04   0.00000E+00   7.96555E-03   1.00000E+00   0.00000E+00   7.75157E+00   5.50648E-18            15   4.05586E-10   3.14640E+00
        2432   2.91840E+02   1.20000E-01   7.72670E-02   8.74592E-05   1.43435E-04   0.00000E+00   7.98125E-03   1.00000E+00   0.00000E+00   7.75157E+00   5.56210E-18            15   4.03786E-10   3.14641E+00
        2433   2.91960E+02   1.20000E-01   7.72670E-02   8.73363E-05   1.42305E-04   0.00000E+00   7.99665E-03   1.00000E+00   0.00000E+00   7.75157E+00   5.66801E-18            15   4.02160E-10   3.14642E+00
        2434   2.92080E+02   1.20000E-01   7.72670E-02   8.72127E-05   1.41175E-04   0.00000E+00   8.01171E-03   1.00000E+00   0.00000E+00   7.75157E+00   5.62901E-18            15   4.00316E-10   3.14643E+00
        2435   2.92200E+02   1.20000E-01   7.72670E-02   8.70884E-05   1.40045E-04   0.00000E+00   8.02646E-03   1.00000E+00   0.00000E+00   7.75157E+00   5.72232E-18            15   3.98654E-10   3.14644E+00
        2436   2.92320E+02   1.20000E-01   7.72670E-02   8.69633E-05   1.38916E-04   0.00000E+00   8.04088E-03   1.00000E+00   0.00000E+00   7.75157E+00   5.76685E-18            15   3.96776E-10   3.14645E+00
        2437   2.92440E+02   1.20000E-01   7.72670E-02   8.68375E-05   1.37786E-04   0.00000E+00   8.05498E-03   1.00000E+00   0.00000E+00   7.75157E+00   5.85636E-18            15   3.95076E-10   3.14646E+00
        2438   2.92560E+02   1.20000E-01   7.72670E-02   8.67110E-05   1.36658E-04   0.00000E+00   8.06876E-03   1.00000E+00   0.00000E+00   7.75157E+00   5.87169E-18            15   3.93148E-10   3.14647E+00
        2439   2.92680E+02   1.20000E-01   7.72670E-02   8.65837E-05   1.35529E-04   0.00000E+00   8.08222E-03   1.00000E+00   0.00000E+00   7.75157E+00   5.93661E-18            15   3.91420E-10   3.14648E+00
        2440   2.92800E+02   1.20000E-01   7.72670E-02   8.64557E-05   1.34401E-04   0.00000E+00   8.09535E-03   1.00000E+00   0.00000E+00   7.75157E+00   5.96951E-18            15   3.89473E-10   3.14649E+00
        2441   2.92920E+02   1.20000E-01   7.72670E-02   8.63270E-05   1.33273E-04   0.00000E+00   8.10817E-03   1.00000E+00   0.00000E+00   7.75157E+00   6.04291E-18            15   3.87761E-10   3.14650E+00
        2442   2.93040E+02   1.20000E-01   7.72670E-02   8.61975E-05   1.32146E-04   0.00000E+00   8.12065E-03   1.00000E+00   0.00000E+00   7.75157E+00   6.04868E-18            15   3.85828E-10   3.14651E+00
        2443   2.93160E+02   1.20000E-01   7.72670E-02   8.60672E-05   1.31020E-04   0.00000E+00   8.13283E-03   1.00000E+00   0.00000E+00   7.75157E+00   6.11029E-18            15   3.84065E-10   3.14652E+00
        2444   2.93280E+02   1.20000E-01   7.72670E-02   8.59362E-05   1.29893E-04   0.00000E+00   8.14468E-03   1.00000E+00   0.00000E+00   7.75157E+00   6.16395E-18            15   3.82080E-10   3.14653E+00
        2445   2.93400E+02   1.20000E-01   7.72670E-02   8.58044E-05   1.28768E-04   0.00000E+00   8.15621E-03   1.00000E+00   0.00000E+00   7.75157E+00   6.32267E-18            15   3.80310E-10   3.14654E+00
        2446   2.93520E+02   1.20000E-01   7.72670E-02   8.56718E-05   1.27643E-04   0.00000E+00   8.16742E-03   1.00000E+00   0.00000E+00   7.75157E+00   6.47923E-18            15   3.78563E-10   3.14655E+00
        2447   2.93640E+02   1.20000E-01   7.72670E-02   8.55384E-05   1.26518E-04   0.00000E+00   8.17832E-03   1.00000E+00   0.00000E+00   7.75157E+00   6.57140E-18            15   3.76889E-10   3.14656E+00
        2448   2.93760E+02   1.20000E-01   7.72670E-02   8.54043E-05   1.25394E-04   0.00000E+00   8.18890E-03   1.00000E+00   0.00000E+00   7.75157E+00   6.79773E-18            15   3.74935E-10   3.14657E+00
        2449   2.93880E+02   1.20000E-01   7.72670E-02   8.52693E-05   1.24271E-04   0.00000E+00   8.19916E-03   1.00000E+00   0.00000E+00   7.75157E+00   6.90682E-18            15   3.73227E-10   3.14658E+00
        2450   2.94000E+02   1.20000E-01   7.72670E-02   8.51335E-05   1.23148E-04   0.00000E+00   8.20910E-03   1.00000E+00   0.00000E+00   7.75157E+00   7.10778E-18            15   3.71293E-10   3.14658E+00
        2451   2.94120E+02   1.20000E-01   7.72670E-02   8.49970E-05   1.22026E-04   0.00000E+00   8.21874E-03   1.00000E+00   0.00000E+00   7.75157E+00   7.14857E-18            15   3.69601E-10   3.14659E+00
        2452   2.94240E+02   1.20000E-01   7.72670E-02   8.48596E-05   1.20905E-04   0.00000E+00   8.22805E-03   1.00000E+00   0.00000E+00   7.75157E+00   7.37636E-18            15   3.67752E-10   3.14660E+00
        2453   2.94360E+02   1.20000E-01   7.72670E-02   8.47214E-05   1.19784E-04   0.00000E+00   8.23706E-03   1.00000E+00   0.00000E+00   7.75157E+00   7.48906E-18            15   3.66137E-10   3.14661E+00
        2454   2.94480E+02   1.20000E-01   7.72670E-02   8.45823E-05   1.18664E-04   0.00000E+00   8.24574E-03   1.00000E+00   0.00000E+00   7.75157E+00   7.67159E-18            15   3.64384E-10   3.14662E+00
        2455   2.94600E+02   1.20000E-01   7.72670E-02   8.44425E-05   1.17545E-04   0.00000E+00   8.25413E-03   1.00000E+00   0.00000E+00   7.75157E+00   7.79453E-18            15   3.62847E-10   3.14662E+00
        2456   2.94720E+02   1.20000E-01   7.72670E-02   8.43018E-05   1.16427E-04   0.00000E+00   8.26219E-03   1.00000E+00   0.00000E+00   7.75157E+00   7.99584E-18            15   3.61205E-10   3.14663E+00
        2457   2.94840E+02   1.20000E-01   7.72670E-02   8.41602E-05   1.15309E-04   0.00000E+00   8.26996E-03   1.00000E+00   0.00000E+00   7.75157E+00   8.10963E-18            15   3.59800E-10   3.14664E+00
        2458   2.94960E+02   1.20000E-01   7.72670E-02   8.40178E-05   1.14192E-04   0.00000E+00   8.27740E-03   1.00000E+00   0.00000E+00   7.75157E+00   8.30144E-18            15   3.58308E-10   3.14664E+00
        2459   2.95080E+02   1.20000E-01   7.72670E-02   8.38745E-05   1.13076E-04   0.00000E+00   8.28455E-03   1.00000E+00   0.00000E+00   7.75157E+00   8.39670E-18            15   3.57053E-10   3.14665E+00
        2460   2.95200E+02   1.20000E-01   7.72670E-02   8.37303E-05   1.11962E-04   0.00000E+00   8.29139E-03   1.00000E+00   0.00000E+00   7.75157E+00   8.57753E-18            15   3.55760E-10   3.14666E+00
        2461   2.95320E+02   1.20000E-01   7.72670E-02   8.35853E-05   1.10847E-04   0.00000E+00   8.29793E-03   1.00000E+00   0.00000E+00   7.75157E+00   8.70517E-18            15   3.54673E-10   3.14667E+00
        2462   2.95440E+02   1.20000E-01   7.72670E-02   8.34394E-05   1.09734E-04   0.00000E+00   8.30416E-03   1.00000E+00   0.00000E+00   7.75157E+00   8.92840E-18            15   3.53590E-10   3.14667E+00
        2463   2.95560E+02   1.20000E-01   7.72670E-02   8.32926E-05   1.08622E-04   0.00000E+00   8.31010E-03   1.00000E+00   0.00000E+00   7.75157E+00   9.03894E-18            15   3.52756E-10   3.14668E+00
        2464   2.95680E+02   1.20000E-01   7.72670E-02   8.31449E-05   1.07511E-04   0.00000E+00   8.31573E-03   1.00000E+00   0.00000E+00   7.75157E+00   9.27220E-18            15   3.51899E-10   3.14669E+00
        2465   2.95800E+02   1.20000E-01   7.72670E-02   8.29963E-05   1.06401E-04   0.00000E+00   8.32107E-03   1.00000E+00   0.00000E+00   7.75157E+00   9.37851E-18            15   3.51287E-10   3.14669E+00
        2466   2.95920E+02   1.20000E-01   7.72670E-02   8.28468E-05   1.05292E-04   0.00000E+00   8.32610E-03   1.00000E+00   0.00000E+00   7.75157E+00   9.62076E-18            15   3.50751E-10   3.14670E+00
        2467   2.96040E+02   1.20000E-01   7.72670E-02   8.26964E-05   1.04184E-04   0.00000E+00   8.33085E-03   1.00000E+00   0.00000E+00   7.75157E+00   9.70124E-18            15   3.50414E-10   3.14670E+00
        2468   2.96160E+02   1.20000E-01   7.72670E-02   8.25451E-05   1.03077E-04   0.00000E+00   8.33530E-03   1.00000E+00   0.00000E+00   7.75157E+00   9.91371E-18            15   3.50202E-10   3.14671E+00
        2469   2.96280E+02   1.20000E-01   7.72670E-02   8.23928E-05   1.01971E-04   0.00000E+00   8.33946E-03   1.00000E+00   0.00000E+00   7.75157E+00   1.00206E-17            15   3.50177E-10   3.14671E+00
        2470   2.96400E+02   1.20000E-01   7.72670E-02   8.22396E-05   1.00866E-04   0.00000E+00   8.34332E-03   1.00000E+00   0.00000E+00   7.75157E+00   1.02577E-17            15   3.50310E-10   3.14672E+00
        2471   2.96520E+02   1.20000E-01   7.72670E-02   8.20855E-05   9.97623E-05   0.00000E+00   8.34691E-03   1.00000E+00   0.00000E+00   7.75157E+00   1.03590E-17            15   3.50613E-10   3.14673E+00
        2472   2.96640E+02   1.20000E-01   7.72670E-02   8.19304E-05   9.86599E-05   0.00000E+00   8.35020E-03   1.00000E+00   0.00000E+00   7.75157E+00   1.05569E-17            15   3.51127E-10   3.14673E+00
        2473   2.96760E+02   1.20000E-01   7.72670E-02   8.17744E-05   9.76515E-05   0.00000E+00   8.35321E-03   1.00000E+00   0.00000E+00   7.75157E+00   1.06930E-17            15   3.51671E-10   3.14674E+00
        2474   2.96880E+02   1.20000E-01   7.72670E-02   8.16174E-05   9.68694E-05   0.00000E+00   8.35594E-03   1.00000E+00   0.00000E+00   7.75157E+00   1.09224E-17            15   3.52646E-10   3.14674E+00
        2475   2.97000E+02   1.20000E-01   7.72670E-02   8.14594E-05   9.60876E-05   0.00000E+00   8.35839E-03   1.00000E+00   0.00000E+00   7.75157E+00   1.09720E-17            15   3.53677E-10   3.14675E+00
        2476   2.97120E+02   1.20000E-01   7.72670E-02   8.13005E-05   9.53061E-05   0.00000E+00   8.36056E-03   1.00000E+00   0.00000E+00   7.75157E+00   1.12331E-17            15   3.55024E-10   3.14675E+00
        2477   2.97240E+02   1.20000E-01   7.72670E-02   8.11406E-05   9.45249E-05   0.00000E+00   8.36245E-03   1.00000E+00   0.00000E+00   7.75157E+00   1.12873E-17            15   3.56429E-10   3.14675E+00
        2478   2.97360E+02   1.20000E-01   7.72670E-02   8.09797E-05   9.37440E-05   0.00000E+00   8.36407E-03   1.00000E+00   0.00000E+00   7.75157E+00   1.15588E-17            15   3.58177E-10   3.14676E+00
        2479   2.97480E+02   1.20000E-01   7.72670E-02   8.14307E-05   9.29635E-05   0.00000E+00   8.36541E-03   1.00000E+00   0.00000E+00   7.75157E+00   1.16198E-17            15   3.60167E-10   3.14676E+00
        2480   2.97600E+02   1.20000E-01   7.72670E-02   8.19939E-05   9.21834E-05   0.00000E+00   8.36648E-03   1.00000E+00   0.00000E+00   7.75157E+00   1.18486E-17            15   3.62330E-10   3.14677E+00
        2481   2.97720E+02   1.20000E-01   7.72670E-02   8.25542E-05   9.14037E-05   0.00000E+00   8.36728E-03   1.00000E+00   0.00000E+00   7.75157E+00   1.18986E-17            15   3.64476E-10   3.14677E+00
        2482   2.97840E+02   1.20000E-01   7.72670E-02   8.31117E-05   9.06244E-05   0.00000E+00   8.36781E-03   1.00000E+00   0.00000E+00   7.75157E+00   1.21119E-17            15   3.66988E-10   3.14678E+00
        2483   2.97960E+02   1.20000E-01   7.72670E-02   8.36664E-05   8.98455E-05   0.00000E+00   8.36807E-03   1.00000E+00   0.00000E+00   7.75157E+00   1.22060E-17            15   3.69442E-10   3.14678E+00
        2484   2.98080E+02   1.20000E-01   7.72670E-02   8.42182E-05   8.90670E-05   0.00000E+00   8.36808E-03   1.00000E+00   0.00000E+00   7.75157E+00   1.23576E-17            15   3.72275E-10   3.14678E+00
        2485   2.98200E+02   1.20000E-01   7.72670E-02   8.47670E-05   8.82890E-05   0.00000E+00   8.36782E-03   1.00000E+00   0.00000E+00   7.75157E+00   1.24161E-17            15   3.75006E-10   3.14679E+00
        2486   2.98320E+02   1.20000E-01   7.72670E-02   8.53130E-05   8.75115E-05   0.00000E+00   8.36730E-03   1.00000E+00   0.00000E+00   7.75157E+00   1.25846E-17            15   3.78122E-10   3.14679E+00
        2487   2.98440E+02   1.20000E-01   7.72670E-02   8.58565E-05   8.67344E-05   0.00000E+00   8.36652E-03   1.00000E+00   0.00000E+00   7.75157E+00   1.47859E-17            15   3.81995E-10   3.14679E+00
        2488   2.98560E+02   1.20000E-01   7.72670E-02   8.63976E-05   8.59579E-05   0.00000E+00   8.36549E-03   1.00000E+00   0.00000E+00   7.75157E+00   1.49589E-17            15   3.85619E-10   3.14680E+00
        2489   2.98680E+02   1.20000E-01   7.72670E-02   8.69361E-05   8.51818E-05   0.00000E+00   8.36420E-03   1.00000E+00   0.00000E+00   7.75157E+00   1.49868E-17            15   3.88634E-10   3.14680E+00
        2490   2.98800E+02   1.20000E-01   7.72670E-02   8.74722E-05   8.44062E-05   0.00000E+00   8.36267E-03   1.00000E+00   0.00000E+00   7.75157E+00   1.50997E-17            15   3.92385E-10   3.14680E+00
        2491   2.98920E+02   1.20000E-01   7.72670E-02   8.80057E-05   8.36312E-05   0.00000E+00   8.36088E-03   1.00000E+00   0.00000E+00   7.75157E+00   1.50474E-17            15   3.95530E-10   3.14680E+00
        2492   2.99040E+02   1.20000E-01   7.72670E-02   8.85367E-05   8.28567E-05   0.00000E+00   8.35884E-03   1.00000E+00   0.00000E+00   7.75157E+00   1.51387E-17            15   3.99355E-10   3.14681E+00
        2493   2.99160E+02   1.20000E-01   7.72670E-02   8.90652E-05   8.20828E-05   0.00000E+00   8.35656E-03   1.00000E+00   0.00000E+00   7.75157E+00   1.51544E-17            15   4.02537E-10   3.14681E+00
        2494   2.99280E+02   1.20000E-01   7.72670E-02   8.95911E-05   8.13093E-05   0.00000E+00   8.35404E-03   1.00000E+00   0.00000E+00   7.75157E+00   1.17316E-17            15   4.65690E-10   3.14681E+00
        2495   2.99400E+02   1.20000E-01   7.72670E-02   9.01143E-05   8.05354E-05   0.00000E+00   8.35125E-03   1.00000E+00   0.00000E+00   7.75157E+00   1.34016E-17            15   5.38370E-10   3.14681E+00
        2496   2.99520E+02   1.20000E-01   7.72670E-02   9.06347E-05   7.97614E-05   0.00000E+00   8.34824E-03   1.00000E+00   0.00000E+00   7.75157E+00   1.33183E-17            15   5.42172E-10   3.14681E+00
        2497   2.99640E+02   1.20000E-01   7.72670E-02   9.11524E-05   7.89871E-05   0.00000E+00   8.34498E-03   1.00000E+00   0.00000E+00   7.75157E+00   1.32933E-17            15   5.45850E-10   3.14682E+00
        2498   2.99760E+02   1.20000E-01   7.72670E-02   9.16673E-05   7.82125E-05   0.00000E+00   8.34149E-03   1.00000E+00   0.00000E+00   7.75157E+00   1.32196E-17            15   5.48988E-10   3.14682E+00
        2499   2.99880E+02   1.20000E-01   7.72670E-02   9.21795E-05   7.74378E-05   0.00000E+00   8.33776E-03   1.00000E+00   0.00000E+00   7.75157E+00   1.31437E-17            15   5.51069E-10   3.14682E+00
        2500   3.00000E+02   1.20000E-01   7.72670E-02   9.26889E-05   7.66629E-05   0.00000E+00   8.33381E-03   1.00000E+00   0.00000E+00   7.75157E+00   1.30789E-17            15   5.53976E-10   3.14682E+00
        2501   3.00120E+02   1.20000E-01   7.72670E-02   9.31954E-05   7.58876E-05   0.00000E+00   8.32962E-03   1.00000E+00   0.00000E+00   7.75157E+00   1.50288E-17            15   5.47853E-10   3.14682E+00
        2502   3.00240E+02   1.20000E-01   7.72670E-02   9.36987E-05   7.51111E-05   0.00000E+00   8.32519E-03   1.00000E+00   0.00000E+00   7.75157E+00   1.38701E-17            15   4.43911E-10   3.14682E+00
        2503   3.00360E+02   1.20000E-01   7.72670E-02   9.41988E-05   7.43332E-05   0.00000E+00   8.32052E-03   1.00000E+00   0.00000E+00   7.75157E+00   1.38688E-17            15   4.48342E-10   3.14682E+00
        2504   3.00480E+02   1.20000E-01   7.72670E-02   9.46958E-05   7.35541E-05   0.00000E+00   8.31562E-03   1.00000E+00   0.00000E+00   7.75157E+00   1.38996E-17            15   4.49995E-10   3.14682E+00
        2505   3.00600E+02   1.20000E-01   7.72670E-02   9.51896E-05   7.27737E-05   0.00000E+00   8.31050E-03   1.00000E+00   0.00000E+00   7.75157E+00   1.39235E-17            15   4.51124E-10   3.14682E+00
        2506   3.00720E+02   1.20000E-01   7.72670E-02   9.56802E-05   7.19921E-05   0.00000E+00   8.30515E-03   1.00000E+00   0.00000E+00   7.75157E+00   1.33492E-17            15   4.20392E-10   3.14683E+00
        2507   3.00840E+02   1.20000E-01   7.72670E-02   9.61678E-05   7.12092E-05   0.00000E+00   8.29959E-03   1.00000E+00   0.00000E+00   7.75157E+00   1.33288E-17            15   4.11051E-10   3.14683E+00
        2508   3.00960E+02   1.20000E-01   7.72670E-02   9.66522E-05   7.04251E-05   0.00000E+00   8.29380E-03   1.00000E+00   0.00000E+00   7.75157E+00   1.35953E-17            15   4.27876E-10   3.14683E+00
        2509   3.01080E+02   1.20000E-01   7.72670E-02   9.71336E-05   6.96396E-05   0.00000E+00   8.28781E-03   1.00000E+00   0.00000E+00   7.75157E+00   1.68194E-17            15   6.77149E-10   3.14683E+00
        2510   3.01200E+02   1.20000E-01   7.72670E-02   9.76118E-05   6.88527E-05   0.00000E+00   8.28162E-03   1.00000E+00   0.00000E+00   7.75157E+00   1.67221E-17            15   6.79877E-10   3.14683E+00
        2511   3.01320E+02   1.20000E-01   7.72670E-02   9.80870E-05   6.80643E-05   0.00000E+00   8.27521E-03   1.00000E+00   0.00000E+00   7.75157E+00   1.67084E-17            15   6.85352E-10   3.14683E+00
        2512   3.01440E+02   1.20000E-01   7.72670E-02   9.85591E-05   6.72746E-05   0.00000E+00   8.26860E-03   1.00000E+00   0.00000E+00   7.75157E+00   1.67376E-17            15   7.24440E-10   3.14683E+00
        2513   3.01560E+02   1.20000E-01   7.72670E-02   9.90280E-05   6.64835E-05   0.00000E+00   8.26179E-03   1.00000E+00   0.00000E+00   7.75157E+00   1.67220E-17            15   7.26887E-10   3.14682E+00
        2514   3.01680E+02   1.20000E-01   7.72670E-02   9.94937E-05   6.56911E-05   0.00000E+00   8.25478E-03   1.00000E+00   0.00000E+00   7.75157E+00   1.67142E-17            15   7.29290E-10   3.14682E+00
        2515   3.01800E+02   1.20000E-01   7.72670E-02   9.99563E-05   6.48974E-05   0.00000E+00   8.24756E-03   1.00000E+00   0.00000E+00   7.75157E+00   1.71161E-17            15   7.38232E-10   3.14682E+00
        2516   3.01920E+02   1.20000E-01   7.72670E-02   1.00416E-04   6.41025E-05   0.00000E+00   8.24015E-03   1.00000E+00   0.00000E+00   7.75157E+00   1.70719E-17            15   7.41157E-10   3.14682E+00
        2517   3.02040E+02   1.20000E-01   7.72670E-02   1.00872E-04   6.33064E-05   0.00000E+00   8.23254E-03   1.00000E+00   0.00000E+00   7.75157E+00   1.66876E-17            15   7.38703E-10   3.14682E+00
        2518   3.02160E+02   1.20000E-01   7.72670E-02   1.01324E-04   6.25086E-05   0.00000E+00   8.22474E-03   1.00000E+00   0.00000E+00   7.75157E+00   1.46064E-17            15   7.20878E-10   3.14682E+00
        2519   3.02280E+02   1.20000E-01   7.72670E-02   1.01773E-04   6.17092E-05   0.00000E+00   8.21664E-03   1.00000E+00   0.00000E+00   7.75157E+00   1.45004E-17            15   7.24394E-10   3.14682E+00
        2520   3.02400E+02   1.20000E-01   7.72670E-02   1.02219E-04   6.09081E-05   0.00000E+00   8.20849E-03   1.00000E+00   0.00000E+00   7.75157E+00   1.44439E-17            15   7.26296E-10   3.14682E+00
        2521   3.02520E+02   1.20000E-01   7.72670E-02   1.02661E-04   6.01055E-05   0.00000E+00   8.20013E-03   1.00000E+00   0.00000E+00   7.75157E+00   1.43635E-17            15   7.29079E-10   3.14682E+00
        2522   3.02640E+02   1.20000E-01   7.72670E-02   1.03099E-04   5.93013E-05   0.00000E+00   8.19160E-03   1.00000E+00   0.00000E+00   7.75157E+00   1.43039E-17            15   7.31573E-10   3.14681E+00
        2523   3.02760E+02   1.20000E-01   7.72670E-02   1.03533E-04   5.84957E-05   0.00000E+00   8.18287E-03   1.00000E+00   0.00000E+00   7.75157E+00   1.43847E-17            15   7.34663E-10   3.14681E+00
        2524   3.02880E+02   1.20000E-01   7.72670E-02   1.03964E-04   5.76885E-05   0.00000E+00   8.17397E-03   1.00000E+00   0.00000E+00   7.75157E+00   1.44067E-17            15   7.37034E-10   3.14681E+00
        2525   3.03000E+02   1.20000E-01   7.72670E-02   1.04391E-04   5.68800E-05   0.00000E+00   8.16487E-03   1.00000E+00   0.00000E+00   7.75157E+00   1.44696E-17            15   7.39593E-10   3.14681E+00
        2526   3.03120E+02   1.20000E-01   7.72670E-02   1.04814E-04   5.60701E-05   0.00000E+00   8.15564E-03   1.00000E+00   0.00000E+00   7.75157E+00   1.44860E-17            15   7.41559E-10   3.14681E+00
        2527   3.03240E+02   1.20000E-01   7.72670E-02   1.05234E-04   5.52589E-05   0.00000E+00   8.14618E-03   1.00000E+00   0.00000E+00   7.75157E+00   1.45230E-17            15   7.44250E-10   3.14680E+00
        2528   3.03360E+02   1.20000E-01   7.72670E-02   1.05650E-04   5.44464E-05   0.00000E+00   8.13656E-03   1.00000E+00   0.00000E+00   7.75157E+00   1.45793E-17            15   7.46608E-10   3.14680E+00
        2529   3.03480E+02   1.20000E-01   7.72670E-02   1.06062E-04   5.36326E-05   0.00000E+00   8.12677E-03   1.00000E+00   0.00000E+00   7.75157E+00   1.46448E-17            15   7.49081E-10   3.14680E+00
        2530   3.03600E+02   1.20000E-01   7.72670E-02   1.06471E-04   5.28177E-05   0.00000E+00   8.11681E-03   1.00000E+00   0.00000E+00   7.75157E+00   1.46628E-17            15   7.51615E-10   3.14680E+00
        2531   3.03720E+02   1.20000E-01   7.72670E-02   1.06876E-04   5.20016E-05   0.00000E+00   8.10668E-03   1.00000E+00   0.00000E+00   7.75157E+00   1.47207E-17            15   7.53729E-10   3.14679E+00
        2532   3.03840E+02   1.20000E-01   7.72670E-02   1.07278E-04   5.11845E-05   0.00000E+00   8.09639E-03   1.00000E+00   0.00000E+00   7.75157E+00   1.47296E-17            15   7.55577E-10   3.14679E+00
        2533   3.03960E+02   1.20000E-01   7.72670E-02   1.07675E-04   5.03662E-05   0.00000E+00   8.08594E-03   1.00000E+00   0.00000E+00   7.75157E+00   1.47476E-17            15   7.57542E-10   3.14679E+00
        2534   3.04080E+02   1.20000E-01   7.72670E-02   1.08069E-04   4.95470E-05   0.00000E+00   8.07532E-03   1.00000E+00   0.00000E+00   7.75157E+00   1.47617E-17            15   7.59203E-10   3.14678E+00
        2535   3.04200E+02   1.20000E-01   7.72670E-02   1.08459E-04   4.87269E-05   0.00000E+00   8.06456E-03   1.00000E+00   0.00000E+00   7.75157E+00   1.47809E-17            15   7.61142E-10   3.14678E+00
        2536   3.04320E+02   1.20000E-01   7.72670E-02   1.08845E-04   4.93671E-05   0.00000E+00   8.05362E-03   1.00000E+00   0.00000E+00   7.75157E+00   1.47956E-17            15   7.62517E-10   3.14678E+00
        2537   3.04440E+02   1.20000E-01   7.72670E-02   1.09228E-04   5.03539E-05   0.00000E+00   8.04254E-03   1.00000E+00   0.00000E+00   7.75157E+00   1.48253E-17            15   7.64335E-10   3.14677E+00
        2538   3.04560E+02   1.20000E-01   7.72670E-02   1.09607E-04   5.13364E-05   0.00000E+00   8.03131E-03   1.00000E+00   0.00000E+00   7.75157E+00   1.48146E-17            15   7.65667E-10   3.14677E+00
        2539   3.04680E+02   1.20000E-01   7.72670E-02   1.09981E-04   5.23145E-05   0.00000E+00   8.01993E-03   1.00000E+00   0.00000E+00   7.75157E+00   1.48186E-17            15   7.67160E-10   3.14677E+00
        2540   3.04800E+02   1.20000E-01   7.72670E-02   1.10353E-04   5.32882E-05   0.00000E+00   8.00824E-03   1.00000E+00   0.00000E+00   7.75157E+00   1.47287E-17            15   7.67139E-10   3.14676E+00
        2541   3.04920E+02   1.20000E-01   7.72670E-02   1.10720E-04   5.42576E-05   0.00000E+00   7.99651E-03   1.00000E+00   0.00000E+00   7.75157E+00   1.48997E-17            15   7.69384E-10   3.14676E+00
        2542   3.05040E+02   1.20000E-01   7.72670E-02   1.11084E-04   5.55267E-05   0.00000E+00   7.98463E-03   1.00000E+00   0.00000E+00   7.75157E+00   1.50052E-17            15   7.70335E-10   3.14675E+00
        2543   3.05160E+02   1.20000E-01   7.72670E-02   1.11443E-04   5.69370E-05   0.00000E+00   7.97259E-03   1.00000E+00   0.00000E+00   7.75157E+00   1.51335E-17            15   7.71441E-10   3.14675E+00
        2544   3.05280E+02   1.20000E-01   7.72670E-02   1.11799E-04   5.83440E-05   0.00000E+00   7.96039E-03   1.00000E+00   0.00000E+00   7.75157E+00   1.52606E-17            15   7.72203E-10   3.14674E+00
        2545   3.05400E+02   1.20000E-01   7.72670E-02   1.12151E-04   5.97486E-05   0.00000E+00   7.94805E-03   1.00000E+00   0.00000E+00   7.75157E+00   1.53680E-17            15   7.73120E-10   3.14674E+00
        2546   3.05520E+02   1.20000E-01   7.72670E-02   1.12500E-04   6.11497E-05   0.00000E+00   7.93555E-03   1.00000E+00   0.00000E+00   7.75157E+00   1.54578E-17            15   7.73684E-10   3.14673E+00
        2547   3.05640E+02   1.20000E-01   7.72670E-02   1.12844E-04   6.25483E-05   0.00000E+00   7.92291E-03   1.00000E+00   0.00000E+00   7.75157E+00   1.55994E-17            15   7.74403E-10   3.14673E+00
        2548   3.05760E+02   1.20000E-01   7.72670E-02   1.13185E-04   6.39433E-05   0.00000E+00   7.91011E-03   1.00000E+00   0.00000E+00   7.75157E+00   1.56993E-17            15   7.74760E-10   3.14672E+00
        2549   3.05880E+02   1.20000E-01   7.72670E-02   1.13522E-04   6.53357E-05   0.00000E+00   7.89717E-03   1.00000E+00   0.00000E+00   7.75157E+00   1.57860E-17            15   7.75273E-10   3.14672E+00
        2550   3.06000E+02   1.20000E-01   7.72670E-02   1.13855E-04   6.67244E-05   0.00000E+00   7.88408E-03   1.00000E+00   0.00000E+00   7.75157E+00   1.58897E-17            15   7.75411E-10   3.14671E+00
        2551   3.06120E+02   1.20000E-01   7.72670E-02   1.14185E-04   6.81104E-05   0.00000E+00   7.87084E-03   1.00000E+00   0.00000E+00   7.75157E+00   1.59721E-17            15   7.75711E-10   3.14671E+00
        2552   3.06240E+02   1.20000E-01   7.72670E-02   1.14510E-04   6.94927E-05   0.00000E+00   7.85746E-03   1.00000E+00   0.00000E+00   7.75157E+00   1.60363E-17            15   7.75620E-10   3.14670E+00
        2553   3.06360E+02   1.20000E-01   7.72670E-02   1.14832E-04   7.08720E-05   0.00000E+00   7.84394E-03   1.00000E+00   0.00000E+00   7.75157E+00   1.61584E-17            15   7.75695E-10   3.14670E+00
        2554   3.06480E+02   1.20000E-01   7.72670E-02   1.15150E-04   7.22476E-05   0.00000E+00   7.83027E-03   1.00000E+00   0.00000E+00   7.75157E+00   1.61876E-17            15   7.75366E-10   3.14669E+00
        2555   3.06600E+02   1.20000E-01   7.72670E-02   1.15464E-04   7.36201E-05   0.00000E+00   7.81646E-03   1.00000E+00   0.00000E+00   7.75157E+00   1.62638E-17            15   7.75206E-10   3.14668E+00
        2556   3.06720E+02   1.20000E-01   7.72670E-02   1.15774E-04   7.49887E-05   0.00000E+00   7.80251E-03   1.00000E+00   0.00000E+00   7.75157E+00   1.63323E-17            15   7.74629E-10   3.14668E+00
        2557   3.06840E+02   1.20000E-01   7.72670E-02   1.16081E-04   7.63543E-05   0.00000E+00   7.78842E-03   1.00000E+00   0.00000E+00   7.75157E+00   1.63974E-17            15   7.74227E-10   3.14667E+00
        2558   3.06960E+02   1.20000E-01   7.72670E-02   1.16384E-04   7.77158E-05   0.00000E+00   7.77419E-03   1.00000E+00   0.00000E+00   7.75157E+00   1.64147E-17            15   7.73390E-10   3.14667E+00
        2559   3.07080E+02   1.20000E-01   7.72670E-02   1.16683E-04   7.90742E-05   0.00000E+00   7.75982E-03   1.00000E+00   0.00000E+00   7.75157E+00   1.64801E-17            15   7.72728E-10   3.14666E+00
        2560   3.07200E+02   1.20000E-01   7.72670E-02   1.16978E-04   8.04285E-05   0.00000E+00   7.74531E-03   1.00000E+00   0.00000E+00   7.75157E+00   1.65123E-17            15   7.71621E-10   3.14665E+00
        2561   3.07320E+02   1.20000E-01   7.72670E-02   1.17269E-04   8.17794E-05   0.00000E+00   7.73067E-03   1.00000E+00   0.00000E+00   7.75157E+00   1.65092E-17            15   7.70698E-10   3.14665E+00
        2562   3.07440E+02   1.20000E-01   7.72670E-02   1.17557E-04   8.31262E-05   0.00000E+00   7.71589E-03   1.00000E+00   0.00000E+00   7.75157E+00   1.65440E-17            15   7.69312E-10   3.14664E+00
        2563   3.07560E+02   1.20000E-01   7.72670E-02   1.17841E-04   8.44696E-05   0.00000E+00   7.70097E-03   1.00000E+00   0.00000E+00   7.75157E+00   1.65587E-17            15   7.68119E-10   3.14663E+00
        2564   3.07680E+02   1.20000E-01   7.72670E-02   1.18121E-04   8.58087E-05   0.00000E+00   7.68592E-03   1.00000E+00   0.00000E+00   7.75157E+00   1.65501E-17            15   7.66439E-10   3.14663E+00
        2565   3.07800E+02   1.20000E-01   7.72670E-02   1.18397E-04   8.71443E-05   0.00000E+00   7.67073E-03   1.00000E+00   0.00000E+00   7.75157E+00   1.65315E-17            15   7.64963E-10   3.14662E+00
        2566   3.07920E+02   1.20000E-01   7.72670E-02   1.18670E-04   8.84755E-05   0.00000E+00   7.65541E-03   1.00000E+00   0.00000E+00   7.75157E+00   1.65186E-17            15   7.62989E-10   3.14661E+00
        2567   3.08040E+02   1.20000E-01   7.72670E-02   1.18938E-04   8.98032E-05   0.00000E+00   7.63996E-03   1.00000E+00   0.00000E+00   7.75157E+00   1.64768E-17            15   7.61226E-10   3.14660E+00
        2568   3.08160E+02   1.20000E-01   7.72670E-02   1.19203E-04   9.11264E-05   0.00000E+00   7.62437E-03   1.00000E+00   0.00000E+00   7.75157E+00   1.64661E-17            15   7.58949E-10   3.14660E+00
        2569   3.08280E+02   1.20000E-01   7.72670E-02   1.19464E-04   9.24460E-05   0.00000E+00   7.60865E-03   1.00000E+00   0.00000E+00   7.75157E+00   1.64527E-17            15   7.56900E-10   3.14659E+00
        2570   3.08400E+02   1.20000E-01   7.72670E-02   1.19721E-04   9.37609E-05   0.00000E+00   7.59281E-03   1.00000E+00   0.00000E+00   7.75157E+00   1.63792E-17            15   7.54313E-10   3.14658E+00
        2571   3.08520E+02   1.20000E-01   7.72670E-02   1.19975E-04   9.50722E-05   0.00000E+00   7.57683E-03   1.00000E+00   0.00000E+00   7.75157E+00   1.63194E-17            15   7.51967E-10   3.14657E+00
        2572   3.08640E+02   1.20000E-01   7.72670E-02   1.20224E-04   9.63788E-05   0.00000E+00   7.56072E-03   1.00000E+00   0.00000E+00   7.75157E+00   1.62707E-17            15   7.49065E-10   3.14656E+00
        2573   3.08760E+02   1.20000E-01   7.72670E-02   1.20470E-04   9.76815E-05   0.00000E+00   7.54448E-03   1.00000E+00   0.00000E+00   7.75157E+00   1.61798E-17            15   7.46427E-10   3.14656E+00
        2574   3.08880E+02   1.20000E-01   7.72670E-02   1.20712E-04   9.89795E-05   0.00000E+00   7.52812E-03   1.00000E+00   0.00000E+00   7.75157E+00   1.60861E-17            15   7.43222E-10   3.14655E+00
        2575   3.09000E+02   1.20000E-01   7.72670E-02   1.20951E-04   1.00274E-04   0.00000E+00   7.51162E-03   1.00000E+00   0.00000E+00   7.75157E+00   1.59924E-17            15   7.40303E-10   3.14654E+00
        2576   3.09120E+02   1.20000E-01   7.72670E-02   1.21185E-04   1.01563E-04   0.00000E+00   7.49500E-03   1.00000E+00   0.00000E+00   7.75157E+00   1.58964E-17            15   7.36789E-10   3.14653E+00
        2577   3.09240E+02   1.20000E-01   7.72670E-02   1.21416E-04   1.02848E-04   0.00000E+00   7.47825E-03   1.00000E+00   0.00000E+00   7.75157E+00   1.57764E-17            15   7.33587E-10   3.14652E+00
        2578   3.09360E+02   1.20000E-01   7.72670E-02   1.21643E-04   1.04128E-04   0.00000E+00   7.46137E-03   1.00000E+00   0.00000E+00   7.75157E+00   1.56405E-17            15   7.29786E-10   3.14651E+00
        2579   3.09480E+02   1.20000E-01   7.72670E-02   1.21866E-04   1.05405E-04   0.00000E+00   7.44437E-03   1.00000E+00   0.00000E+00   7.75157E+00   1.55250E-17            15   7.26321E-10   3.14650E+00
        2580   3.09600E+02   1.20000E-01   7.72670E-02   1.22085E-04   1.06676E-04   0.00000E+00   7.42725E-03   1.00000E+00   0.00000E+00   7.75157E+00   1.53860E-17            15   7.22252E-10   3.14649E+00
        2581   3.09720E+02   1.20000E-01   7.72670E-02   1.22300E-04   1.07943E-04   0.00000E+00   7.40999E-03   1.00000E+00   0.00000E+00   7.75157E+00   1.52482E-17            15   7.18534E-10   3.14649E+00
        2582   3.09840E+02   1.20000E-01   7.72670E-02   1.22512E-04   1.09205E-04   0.00000E+00   7.39262E-03   1.00000E+00   0.00000E+00   7.75157E+00   1.50864E-17            15   7.14200E-10   3.14648E+00
        2583   3.09960E+02   1.20000E-01   7.72670E-02   1.22720E-04   1.10463E-04   0.00000E+00   7.37512E-03   1.00000E+00   0.00000E+00   7.75157E+00   1.49012E-17            15   7.10270E-10   3.14647E+00
        2584   3.10080E+02   1.20000E-01   7.72670E-02   1.22924E-04   1.11715E-04   0.00000E+00   7.35749E-03   1.00000E+00   0.00000E+00   7.75157E+00   1.47194E-17            15   7.05707E-10   3.14646E+00
        2585   3.10200E+02   1.20000E-01   7.72670E-02   1.23124E-04   1.12964E-04   0.00000E+00   7.33974E-03   1.00000E+00   0.00000E+00   7.75157E+00   1.45575E-17            15   7.01468E-10   3.14645E+00
        2586   3.10320E+02   1.20000E-01   7.72670E-02   1.23320E-04   1.14207E-04   0.00000E+00   7.32188E-03   1.00000E+00   0.00000E+00   7.75157E+00   1.43554E-17            15   6.96295E-10   3.14644E+00
        2587   3.10440E+02   1.20000E-01   7.72670E-02   1.23513E-04   1.15445E-04   0.00000E+00   7.30388E-03   1.00000E+00   0.00000E+00   7.75157E+00   1.41568E-17            15   6.91045E-10   3.14643E+00
        2588   3.10560E+02   1.20000E-01   7.72670E-02   1.23702E-04   1.16679E-04   0.00000E+00   7.28577E-03   1.00000E+00   0.00000E+00   7.75157E+00   1.39464E-17            15   6.86102E-10   3.14642E+00
        2589   3.10680E+02   1.20000E-01   7.72670E-02   1.23886E-04   1.17907E-04   0.00000E+00   7.26754E-03   1.00000E+00   0.00000E+00   7.75157E+00   1.37556E-17            15   6.81707E-10   3.14641E+00
        2590   3.10800E+02   1.20000E-01   7.72670E-02   1.24067E-04   1.19131E-04   0.00000E+00   7.24919E-03   1.00000E+00   0.00000E+00   7.75157E+00   1.35050E-17            15   6.76664E-10   3.14640E+00
        2591   3.10920E+02   1.20000E-01   7.72670E-02   1.24245E-04   1.20350E-04   0.00000E+00   7.23071E-03   1.00000E+00   0.00000E+00   7.75157E+00   1.32701E-17            15   6.72231E-10   3.14639E+00
        2592   3.11040E+02   1.20000E-01   7.72670E-02   1.24418E-04   1.21563E-04   0.00000E+00   7.21212E-03   1.00000E+00   0.00000E+00   7.75157E+00   1.30295E-17            15   6.67123E-10   3.14638E+00
        2593   3.11160E+02   1.20000E-01   7.72670E-02   1.24587E-04   1.22772E-04   0.00000E+00   7.19340E-03   1.00000E+00   0.00000E+00   7.75157E+00   1.27775E-17            15   6.62703E-10   3.14637E+00
        2594   3.11280E+02   1.20000E-01   7.72670E-02   1.24753E-04   1.23975E-04   0.00000E+00   7.17458E-03   1.00000E+00   0.00000E+00   7.75157E+00   1.24991E-17            15   6.57616E-10   3.14636E+00
        2595   3.11400E+02   1.20000E-01   7.72670E-02   1.24915E-04   1.25173E-04   0.00000E+00   7.15562E-03   1.00000E+00   0.00000E+00   7.75157E+00   1.22522E-17            15   6.53261E-10   3.14635E+00
        2596   3.11520E+02   1.20000E-01   7.72670E-02   1.25073E-04   1.26366E-04   0.00000E+00   7.13656E-03   1.00000E+00   0.00000E+00   7.75157E+00   1.19977E-17            15   6.48263E-10   3.14634E+00
        2597   3.11640E+02   1.20000E-01   7.72670E-02   1.25227E-04   1.27554E-04   0.00000E+00   7.11737E-03   1.00000E+00   0.00000E+00   7.75157E+00   1.17147E-17            15   6.43829E-10   3.14632E+00
        2598   3.11760E+02   1.20000E-01   7.72670E-02   1.25377E-04   1.28736E-04   0.00000E+00   7.09808E-03   1.00000E+00   0.00000E+00   7.75157E+00   1.14265E-17            15   6.39373E-10   3.14631E+00
        2599   3.11880E+02   1.20000E-01   7.72670E-02   1.25524E-04   1.29913E-04   0.00000E+00   7.07866E-03   1.00000E+00   0.00000E+00   7.75157E+00   1.11515E-17            15   6.34954E-10   3.14630E+00
        2600   3.12000E+02   1.20000E-01   7.72670E-02   1.25666E-04   1.31085E-04   0.00000E+00   7.05913E-03   1.00000E+00   0.00000E+00   7.75157E+00   1.08520E-17            15   6.30728E-10   3.14629E+00
        2601   3.12120E+02   1.20000E-01   7.72670E-02   1.25805E-04   1.32252E-04   0.00000E+00   7.03948E-03   1.00000E+00   0.00000E+00   7.75157E+00   1.05107E-17            15   6.26605E-10   3.14628E+00
        2602   3.12240E+02   1.20000E-01   7.72670E-02   1.25940E-04   1.33413E-04   0.00000E+00   7.01972E-03   1.00000E+00   0.00000E+00   7.75157E+00   1.02360E-17            15   6.22683E-10   3.14627E+00
        2603   3.12360E+02   1.20000E-01   7.72670E-02   1.26071E-04   1.34568E-04   0.00000E+00   6.99984E-03   1.00000E+00   0.00000E+00   7.75157E+00   9.98797E-18            15   6.18924E-10   3.14626E+00
        2604   3.12480E+02   1.20000E-01   7.72670E-02   1.26198E-04   1.35718E-04   0.00000E+00   6.97986E-03   1.00000E+00   0.00000E+00   7.75157E+00   9.65311E-18            15   6.15370E-10   3.14624E+00
        2605   3.12600E+02   1.20000E-01   7.72670E-02   1.26321E-04   1.36863E-04   0.00000E+00   6.95975E-03   1.00000E+00   0.00000E+00   7.75157E+00   9.37605E-18            15   6.11991E-10   3.14623E+00
        2606   3.12720E+02   1.20000E-01   7.72670E-02   1.26441E-04   1.38002E-04   0.00000E+00   6.93954E-03   1.00000E+00   0.00000E+00   7.75157E+00   9.03505E-18            15   6.08903E-10   3.14622E+00
        2607   3.12840E+02   1.20000E-01   7.72670E-02   1.26557E-04   1.39135E-04   0.00000E+00   6.91921E-03   1.00000E+00   0.00000E+00   7.75157E+00   8.77568E-18            15   6.06029E-10   3.14621E+00
        2608   3.12960E+02   1.20000E-01   7.72670E-02   1.26668E-04   1.40263E-04   0.00000E+00   6.89877E-03   1.00000E+00   0.00000E+00   7.75157E+00   8.44234E-18            15   6.03441E-10   3.14620E+00
        2609   3.13080E+02   1.20000E-01   7.72670E-02   1.26776E-04   1.41386E-04   0.00000E+00   6.87822E-03   1.00000E+00   0.00000E+00   7.75157E+00   8.11687E-18            15   6.01066E-10   3.14618E+00
        2610   3.13200E+02   1.20000E-01   7.72670E-02   1.26880E-04   1.42502E-04   0.00000E+00   6.85757E-03   1.00000E+00   0.00000E+00   7.75157E+00   7.95655E-18            15   5.99069E-10   3.14617E+00
        2611   3.13320E+02   1.20000E-01   7.72670E-02   1.26981E-04   1.43613E-04   0.00000E+00   6.83680E-03   1.00000E+00   0.00000E+00   7.75157E+00   7.74853E-18            15   5.97262E-10   3.14616E+00
        2612   3.13440E+02   1.20000E-01   7.72670E-02   1.27077E-04   1.44718E-04   0.00000E+00   6.81592E-03   1.00000E+00   0.00000E+00   7.75157E+00   7.58974E-18            15   5.95858E-10   3.14615E+00
        2613   3.13560E+02   1.20000E-01   7.72670E-02   1.27170E-04   1.45817E-04   0.00000E+00   6.79493E-03   1.00000E+00   0.00000E+00   7.75157E+00   7.40472E-18            15   5.94680E-10   3.14613E+00
        2614   3.13680E+02   1.20000E-01   7.72670E-02   1.27259E-04   1.46911E-04   0.00000E+00   6.77384E-03   1.00000E+00   0.00000E+00   7.75157E+00   7.30193E-18            15   5.93876E-10   3.14612E+00
        2615   3.13800E+02   1.20000E-01   7.72670E-02   1.27344E-04   1.47999E-04   0.00000E+00   6.75263E-03   1.00000E+00   0.00000E+00   7.75157E+00   7.39633E-18            15   5.93355E-10   3.14611E+00
        2616   3.13920E+02   1.20000E-01   7.72670E-02   1.27425E-04   1.49081E-04   0.00000E+00   6.73132E-03   1.00000E+00   0.00000E+00   7.75157E+00   7.96166E-18            15   5.84714E-10   3.14610E+00
        2617   3.14040E+02   1.20000E-01   7.72670E-02   1.27502E-04   1.50157E-04   0.00000E+00   6.70990E-03   1.00000E+00   0.00000E+00   7.75157E+00   8.25531E-18            15   5.85981E-10   3.14608E+00
        2618   3.14160E+02   1.20000E-01   7.72670E-02   1.27575E-04   1.51227E-04   0.00000E+00   6.68838E-03   1.00000E+00   0.00000E+00   7.75157E+00   8.41137E-18            15   5.88497E-10   3.14607E+00
        2619   3.14280E+02   1.20000E-01   7.72670E-02   1.27645E-04   1.52291E-04   0.00000E+00   6.66675E-03   1.00000E+00   0.00000E+00   7.75157E+00   8.56425E-18            15   5.91238E-10   3.14606E+00
        2620   3.14400E+02   1.20000E-01   7.72670E-02   1.27710E-04   1.53349E-04   0.00000E+00   6.64502E-03   1.00000E+00   0.00000E+00   7.75157E+00   8.71065E-18            15   5.94349E-10   3.14604E+00
        2621   3.14520E+02   1.20000E-01   7.72670E-02   1.27771E-04   1.54401E-04   0.00000E+00   6.62318E-03   1.00000E+00   0.00000E+00   7.75157E+00   8.87885E-18            15   5.97753E-10   3.14603E+00
        2622   3.14640E+02   1.20000E-01   7.72670E-02   1.27829E-04   1.55447E-04   0.00000E+00   6.60124E-03   1.00000E+00   0.00000E+00   7.75157E+00   9.03754E-18            15   6.01301E-10   3.14602E+00
        2623   3.14760E+02   1.20000E-01   7.72670E-02   1.27883E-04   1.56487E-04   0.00000E+00   6.57920E-03   1.00000E+00   0.00000E+00   7.75157E+00   9.19119E-18            15   6.05122E-10   3.14600E+00
        2624   3.14880E+02   1.20000E-01   7.72670E-02   1.27933E-04   1.57520E-04   0.00000E+00   6.55705E-03   1.00000E+00   0.00000E+00   7.75157E+00   9.35185E-18            15   6.09250E-10   3.14599E+00
        2625   3.15000E+02   1.20000E-01   7.72670E-02   1.27979E-04   1.58548E-04   0.00000E+00   6.53480E-03   1.00000E+00   0.00000E+00   7.75157E+00   9.51216E-18            15   6.13493E-10   3.14598E+00
        2626   3.15120E+02   1.20000E-01   7.72670E-02   1.28021E-04   1.59569E-04   0.00000E+00   6.51246E-03   1.00000E+00   0.00000E+00   7.75157E+00   9.66148E-18            15   6.17994E-10   3.14596E+00
        2627   3.15240E+02   1.20000E-01   7.72670E-02   1.28059E-04   1.60585E-04   0.00000E+00   6.49000E-03   1.00000E+00   0.00000E+00   7.75157E+00   9.82364E-18            15   6.22629E-10   3.14595E+00
        2628   3.15360E+02   1.20000E-01   7.72670E-02   1.28093E-04   1.61594E-04   0.00000E+00   6.46746E-03   1.00000E+00   0.00000E+00   7.75157E+00   9.97391E-18            15   6.27493E-10   3.14593E+00
        2629   3.15480E+02   1.20000E-01   7.72670E-02   1.28124E-04   1.62596E-04   0.00000E+00   6.44480E-03   1.00000E+00   0.00000E+00   7.75157E+00   1.01160E-17            15   6.32339E-10   3.14592E+00
        2630   3.15600E+02   1.20000E-01   7.72670E-02   1.28150E-04   1.63593E-04   0.00000E+00   6.42206E-03   1.00000E+00   0.00000E+00   7.75157E+00   1.02546E-17            15   6.37427E-10   3.14591E+00
        2631   3.15720E+02   1.20000E-01   7.72670E-02   1.28173E-04   1.64583E-04   0.00000E+00   6.39921E-03   1.00000E+00   0.00000E+00   7.75157E+00   1.03986E-17            15   6.42546E-10   3.14589E+00
        2632   3.15840E+02   1.20000E-01   7.72670E-02   1.28192E-04   1.65567E-04   0.00000E+00   6.37627E-03   1.00000E+00   0.00000E+00   7.75157E+00   1.05308E-17            15   6.47825E-10   3.14588E+00
        2633   3.15960E+02   1.20000E-01   7.72670E-02   1.28207E-04   1.66544E-04   0.00000E+00   6.35322E-03   1.00000E+00   0.00000E+00   7.75157E+00   1.06571E-17            15   6.53111E-10   3.14586E+00
        2634   3.16080E+02   1.20000E-01   7.72670E-02   1.28218E-04   1.67515E-04   0.00000E+00   6.33009E-03   1.00000E+00   0.00000E+00   7.75157E+00   1.07834E-17            15   6.58482E-10   3.14585E+00
        2635   3.16200E+02   1.20000E-01   7.72670E-02   1.28225E-04   1.68479E-04   0.00000E+00   6.30685E-03   1.00000E+00   0.00000E+00   7.75157E+00   1.09022E-17            15   6.63831E-10   3.14583E+00
        2636   3.16320E+02   1.20000E-01   7.72670E-02   1.28228E-04   1.69437E-04   0.00000E+00   6.28353E-03   1.00000E+00   0.00000E+00   7.75157E+00   1.10103E-17            15   6.69267E-10   3.14582E+00
        2637   3.16440E+02   1.20000E-01   7.72670E-02   1.28228E-04   1.70389E-04   0.00000E+00   6.26010E-03   1.00000E+00   0.00000E+00   7.75157E+00   1.11245E-17            15   6.74670E-10   3.14580E+00
        2638   3.16560E+02   1.20000E-01   7.72670E-02   1.28224E-04   1.71334E-04   0.00000E+00   6.23659E-03   1.00000E+00   0.00000E+00   7.75157E+00   1.12076E-17            15   6.80084E-10   3.14579E+00
        2639   3.16680E+02   1.20000E-01   7.72670E-02   1.28216E-04   1.72272E-04   0.00000E+00   6.21298E-03   1.00000E+00   0.00000E+00   7.75157E+00   1.12917E-17            15   6.85450E-10   3.14577E+00
        2640   3.16800E+02   1.20000E-01   7.72670E-02   1.28204E-04   1.73204E-04   0.00000E+00   6.18927E-03   1.00000E+00   0.00000E+00   7.75157E+00   1.13882E-17            15   6.90916E-10   3.14576E+00
        2641   3.16920E+02   1.20000E-01   7.72670E-02   1.28188E-04   1.74129E-04   0.00000E+00   6.16548E-03   1.00000E+00   0.00000E+00   7.75157E+00   1.14545E-17            15   6.96116E-10   3.14574E+00
        2642   3.17040E+02   1.20000E-01   7.72670E-02   1.28169E-04   1.75047E-04   0.00000E+00   6.14159E-03   1.00000E+00   0.00000E+00   7.75157E+00   1.15321E-17            15   7.01347E-10   3.14573E+00
        2643   3.17160E+02   1.20000E-01   7.72670E-02   1.28145E-04   1.75959E-04   0.00000E+00   6.11762E-03   1.00000E+00   0.00000E+00   7.75157E+00   1.15952E-17            15   7.06514E-10   3.14571E+00
        2644   3.17280E+02   1.20000E-01   7.72670E-02   1.28118E-04   1.76864E-04   0.00000E+00   6.09355E-03   1.00000E+00   0.00000E+00   7.75157E+00   1.16459E-17            15   7.11633E-10   3.14570E+00
        2645   3.17400E+02   1.20000E-01   7.72670E-02   1.28088E-04   1.77763E-04   0.00000E+00   6.06939E-03   1.00000E+00   0.00000E+00   7.75157E+00   1.16919E-17            15   7.16634E-10   3.14568E+00
        2646   3.17520E+02   1.20000E-01   7.72670E-02   1.28053E-04   1.78654E-04   0.00000E+00   6.04515E-03   1.00000E+00   0.00000E+00   7.75157E+00   1.17439E-17            15   7.21565E-10   3.14567E+00
        2647   3.17640E+02   1.20000E-01   7.72670E-02   1.28015E-04   1.79539E-04   0.00000E+00   6.02082E-03   1.00000E+00   0.00000E+00   7.75157E+00   1.17735E-17            15   7.26397E-10   3.14565E+00
        2648   3.17760E+02   1.20000E-01   7.72670E-02   1.27972E-04   1.80417E-04   0.00000E+00   5.99639E-03   1.00000E+00   0.00000E+00   7.75157E+00   1.18132E-17            15   7.31131E-10   3.14563E+00
        2649   3.17880E+02   1.20000E-01   7.72670E-02   1.27926E-04   1.81288E-04   0.00000E+00   5.97189E-03   1.00000E+00   0.00000E+00   7.75157E+00   1.18228E-17            15   7.35795E-10   3.14562E+00
        2650   3.18000E+02   1.20000E-01   7.72670E-02   1.27877E-04   1.82152E-04   0.00000E+00   5.94729E-03   1.00000E+00   0.00000E+00   7.75157E+00   1.18377E-17            15   7.40317E-10   3.14560E+00
        2651   3.18120E+02   1.20000E-01   7.72670E-02   1.27823E-04   1.83009E-04   0.00000E+00   5.92261E-03   1.00000E+00   0.00000E+00   7.75157E+00   1.18537E-17            15   7.44726E-10   3.14559E+00
        2652   3.18240E+02   1.20000E-01   7.72670E-02   1.27766E-04   1.83859E-04   0.00000E+00   5.89784E-03   1.00000E+00   0.00000E+00   7.75157E+00   1.18546E-17            15   7.49038E-10   3.14557E+00
        2653   3.18360E+02   1.20000E-01   7.72670E-02   1.27705E-04   1.84702E-04   0.00000E+00   5.87299E-03   1.00000E+00   0.00000E+00   7.75157E+00   1.18554E-17            15   7.53300E-10   3.14555E+00
        2654   3.18480E+02   1.20000E-01   7.72670E-02   1.27641E-04   1.85539E-04   0.00000E+00   5.84806E-03   1.00000E+00   0.00000E+00   7.75157E+00   1.18429E-17            15   7.57393E-10   3.14554E+00
        2655   3.18600E+02   1.20000E-01   7.72670E-02   1.27572E-04   1.86368E-04   0.00000E+00   5.82304E-03   1.00000E+00   0.00000E+00   7.75157E+00   1.18217E-17            15   7.61438E-10   3.14552E+00
        2656   3.18720E+02   1.20000E-01   7.72670E-02   1.27500E-04   1.87190E-04   0.00000E+00   5.79794E-03   1.00000E+00   0.00000E+00   7.75157E+00   1.28843E-17            15   7.84314E-10   3.14551E+00
        2657   3.18840E+02   1.20000E-01   7.72670E-02   1.27461E-04   1.88005E-04   0.00000E+00   5.77275E-03   1.00000E+00   0.00000E+00   7.75157E+00   1.26911E-17            15   7.90123E-10   3.14549E+00
        2658   3.18960E+02   1.20000E-01   7.72670E-02   1.27672E-04   1.88813E-04   0.00000E+00   5.74749E-03   1.00000E+00   0.00000E+00   7.75157E+00   1.26003E-17            15   7.92888E-10   3.14547E+00
        2659   3.19080E+02   1.20000E-01   7.72670E-02   1.27878E-04   1.89614E-04   0.00000E+00   5.72214E-03   1.00000E+00   0.00000E+00   7.75157E+00   1.25076E-17            15   7.95576E-10   3.14546E+00
        2660   3.19200E+02   1.20000E-01   7.72670E-02   1.28080E-04   1.90407E-04   0.00000E+00   5.69671E-03   1.00000E+00   0.00000E+00   7.75157E+00   1.23979E-17            15   7.98234E-10   3.14544E+00
        2661   3.19320E+02   1.20000E-01   7.72670E-02   1.28279E-04   1.91194E-04   0.00000E+00   5.67120E-03   1.00000E+00   0.00000E+00   7.75157E+00   1.22895E-17            15   8.00968E-10   3.14542E+00
        2662   3.19440E+02   1.20000E-01   7.72670E-02   1.28473E-04   1.91973E-04   0.00000E+00   5.64561E-03   1.00000E+00   0.00000E+00   7.75157E+00   1.21940E-17            15   8.03652E-10   3.14540E+00
        2663   3.19560E+02   1.20000E-01   7.72670E-02   1.28663E-04   1.92745E-04   0.00000E+00   5.61995E-03   1.00000E+00   0.00000E+00   7.75157E+00   1.20995E-17            15   8.06418E-10   3.14539E+00
        2664   3.19680E+02   1.20000E-01   7.72670E-02   1.28848E-04   1.93510E-04   0.00000E+00   5.59421E-03   1.00000E+00   0.00000E+00   7.75157E+00   1.19891E-17            15   8.09283E-10   3.14537E+00
        2665   3.19800E+02   1.20000E-01   7.72670E-02   1.29030E-04   1.94267E-04   0.00000E+00   5.56839E-03   1.00000E+00   0.00000E+00   7.75157E+00   1.19008E-17            15   8.12219E-10   3.14535E+00
        2666   3.19920E+02   1.20000E-01   7.72670E-02   1.29208E-04   1.95017E-04   0.00000E+00   5.54249E-03   1.00000E+00   0.00000E+00   7.75157E+00   1.18196E-17            15   8.15268E-10   3.14534E+00
        2667   3.20040E+02   1.20000E-01   7.72670E-02   1.29381E-04   1.95759E-04   0.00000E+00   5.51652E-03   1.00000E+00   0.00000E+00   7.75157E+00   1.17283E-17            15   8.18500E-10   3.14532E+00
        2668   3.20160E+02   1.20000E-01   7.72670E-02   1.29551E-04   1.96495E-04   0.00000E+00   5.49047E-03   1.00000E+00   0.00000E+00   7.75157E+00   1.16415E-17            15   8.21874E-10   3.14530E+00
        2669   3.20280E+02   1.20000E-01   7.72670E-02   1.29716E-04   1.97222E-04   0.00000E+00   5.46434E-03   1.00000E+00   0.00000E+00   7.75157E+00   1.15627E-17            15   8.25393E-10   3.14528E+00
        2670   3.20400E+02   1.20000E-01   7.72670E-02   1.29877E-04   1.97943E-04   0.00000E+00   5.43814E-03   1.00000E+00   0.00000E+00   7.75157E+00   1.14775E-17            15   8.29040E-10   3.14527E+00
        2671   3.20520E+02   1.20000E-01   7.72670E-02   1.30034E-04   1.98655E-04   0.00000E+00   5.41186E-03   1.00000E+00   0.00000E+00   7.75157E+00   1.14194E-17            15   8.32883E-10   3.14525E+00
        2672   3.20640E+02   1.20000E-01   7.72670E-02   1.30187E-04   1.99361E-04   0.00000E+00   5.38551E-03   1.00000E+00   0.00000E+00   7.75157E+00   1.13587E-17            15   8.37004E-10   3.14523E+00
        2673   3.20760E+02   1.20000E-01   7.72670E-02   1.30336E-04   2.00058E-04   0.00000E+00   5.35908E-03   1.00000E+00   0.00000E+00   7.75157E+00   1.12762E-17            15   8.41161E-10   3.14521E+00
        2674   3.20880E+02   1.20000E-01   7.72670E-02   1.30480E-04   2.00749E-04   0.00000E+00   5.33258E-03   1.00000E+00   0.00000E+00   7.75157E+00   1.12194E-17            15   8.45552E-10   3.14520E+00
        2675   3.21000E+02   1.20000E-01   7.72670E-02   1.30621E-04   2.01431E-04   0.00000E+00   5.30601E-03   1.00000E+00   0.00000E+00   7.75157E+00   1.11702E-17            15   8.50155E-10   3.14518E+00
        2676   3.21120E+02   1.20000E-01   7.72670E-02   1.30758E-04   2.02106E-04   0.00000E+00   5.27936E-03   1.00000E+00   0.00000E+00   7.75157E+00   1.10971E-17            15   8.54807E-10   3.14516E+00
        2677   3.21240E+02   1.20000E-01   7.72670E-02   1.30890E-04   2.02773E-04   0.00000E+00   5.25264E-03   1.00000E+00   0.00000E+00   7.75157E+00   1.10574E-17            15   8.59557E-10   3.14514E+00
        2678   3.21360E+02   1.20000E-01   7.72670E-02   1.31019E-04   2.03433E-04   0.00000E+00   5.22584E-03   1.00000E+00   0.00000E+00   7.75157E+00   1.10169E-17            15   8.64412E-10   3.14513E+00
        2679   3.21480E+02   1.20000E-01   7.72670E-02   1.31143E-04   2.04085E-04   0.00000E+00   5.19898E-03   1.00000E+00   0.00000E+00   7.75157E+00   1.09619E-17            15   8.69420E-10   3.14511E+00
        2680   3.21600E+02   1.20000E-01   7.72670E-02   1.31264E-04   2.04729E-04   0.00000E+00   5.17204E-03   1.00000E+00   0.00000E+00   7.75157E+00   1.09218E-17            15   8.74243E-10   3.14509E+00
        2681   3.21720E+02   1.20000E-01   7.72670E-02   1.31380E-04   2.05366E-04   0.00000E+00   5.14503E-03   1.00000E+00   0.00000E+00   7.75157E+00   1.08706E-17            15   8.79158E-10   3.14507E+00
        2682   3.21840E+02   1.20000E-01   7.72670E-02   1.31493E-04   2.05994E-04   0.00000E+00   5.11795E-03   1.00000E+00   0.00000E+00   7.75157E+00   1.08234E-17            15   8.84043E-10   3.14505E+00
        2683   3.21960E+02   1.20000E-01   7.72670E-02   1.31601E-04   2.06615E-04   0.00000E+00   5.09081E-03   1.00000E+00   0.00000E+00   7.75157E+00   1.07856E-17            15   8.88828E-10   3.14503E+00
        2684   3.22080E+02   1.20000E-01   7.72670E-02   1.31705E-04   2.07228E-04   0.00000E+00   5.06358E-03   1.00000E+00   0.00000E+00   7.75157E+00   1.07388E-17            15   8.93638E-10   3.14502E+00
        2685   3.22200E+02   1.20000E-01   7.72670E-02   1.31806E-04   2.07834E-04   0.00000E+00   5.03630E-03   1.00000E+00   0.00000E+00   7.75157E+00   1.06800E-17            15   8.97873E-10   3.14500E+00
        2686   3.22320E+02   1.20000E-01   7.72670E-02   1.31902E-04   2.08431E-04   0.00000E+00   5.00894E-03   1.00000E+00   0.00000E+00   7.75157E+00   1.06024E-17            15   9.00954E-10   3.14498E+00
        2687   3.22440E+02   1.20000E-01   7.72670E-02   1.31995E-04   2.09020E-04   0.00000E+00   4.98151E-03   1.00000E+00   0.00000E+00   7.75157E+00   1.05687E-17            15   9.06039E-10   3.14496E+00
        2688   3.22560E+02   1.20000E-01   7.72670E-02   1.32083E-04   2.09602E-04   0.00000E+00   4.95401E-03   1.00000E+00   0.00000E+00   7.75157E+00   1.04800E-17            15   9.08806E-10   3.14494E+00
        2689   3.22680E+02   1.20000E-01   7.72670E-02   1.32168E-04   2.10175E-04   0.00000E+00   4.92644E-03   1.00000E+00   0.00000E+00   7.75157E+00   1.04409E-17            15   9.13094E-10   3.14492E+00
        2690   3.22800E+02   1.20000E-01   7.72670E-02   1.32248E-04   2.10741E-04   0.00000E+00   4.89881E-03   1.00000E+00   0.00000E+00   7.75157E+00   1.03541E-17            15   9.15168E-10   3.14490E+00
        2691   3.22920E+02   1.20000E-01   7.72670E-02   1.32325E-04   2.11298E-04   0.00000E+00   4.87111E-03   1.00000E+00   0.00000E+00   7.75157E+00   1.03270E-17            15   9.18990E-10   3.14489E+00
        2692   3.23040E+02   1.20000E-01   7.72670E-02   1.32398E-04   2.11848E-04   0.00000E+00   4.84333E-03   1.00000E+00   0.00000E+00   7.75157E+00   1.01898E-17            15   9.20347E-10   3.14487E+00
        2693   3.23160E+02   1.20000E-01   7.72670E-02   1.32467E-04   2.12389E-04   0.00000E+00   4.81550E-03   1.00000E+00   0.00000E+00   7.75157E+00   1.01460E-17            15   9.23323E-10   3.14485E+00
        2694   3.23280E+02   1.20000E-01   7.72670E-02   1.32531E-04   2.12923E-04   0.00000E+00   4.78759E-03   1.00000E+00   0.00000E+00   7.75157E+00   1.00176E-17            15   9.23817E-10   3.14483E+00
        2695   3.23400E+02   1.20000E-01   7.72670E-02   1.32593E-04   2.13448E-04   0.00000E+00   4.75962E-03   1.00000E+00   0.00000E+00   7.75157E+00   9.98555E-18            15   9.26091E-10   3.14481E+00
        2696   3.23520E+02   1.20000E-01   7.72670E-02   1.32650E-04   2.13965E-04   0.00000E+00   4.73158E-03   1.00000E+00   0.00000E+00   7.75157E+00   9.83074E-18            15   9.25713E-10   3.14479E+00
        2697   3.23640E+02   1.20000E-01   7.72670E-02   1.32703E-04   2.14474E-04   0.00000E+00   4.70347E-03   1.00000E+00   0.00000E+00   7.75157E+00   9.75508E-18            15   9.26950E-10   3.14477E+00
        2698   3.23760E+02   1.20000E-01   7.72670E-02   1.32752E-04   2.14975E-04   0.00000E+00   4.67530E-03   1.00000E+00   0.00000E+00   7.75157E+00   9.60983E-18            15   9.25560E-10   3.14475E+00
        2699   3.23880E+02   1.20000E-01   7.72670E-02   1.32798E-04   2.15468E-04   0.00000E+00   4.64706E-03   1.00000E+00   0.00000E+00   7.75157E+00   9.51868E-18            15   9.26001E-10   3.14473E+00
        2700   3.24000E+02   1.20000E-01   7.72670E-02   1.32840E-04   2.15952E-04   0.00000E+00   4.61875E-03   1.00000E+00   0.00000E+00   7.75157E+00   9.37068E-18            15   9.23580E-10   3.14471E+00
        2701   3.24120E+02   1.20000E-01   7.72670E-02   1.32878E-04   2.16428E-04   0.00000E+00   4.59038E-03   1.00000E+00   0.00000E+00   7.75157E+00   9.24873E-18            15   9.21602E-10   3.14470E+00
        2702   3.24240E+02   1.20000E-01   7.72670E-02   1.32912E-04   2.16896E-04   0.00000E+00   4.56195E-03   1.00000E+00   0.00000E+00   7.75157E+00   9.12806E-18            15   9.19399E-10   3.14468E+00
        2703   3.24360E+02   1.20000E-01   7.72670E-02   1.32942E-04   2.17356E-04   0.00000E+00   4.53344E-03   1.00000E+00   0.00000E+00   7.75157E+00   8.98719E-18            15   9.16343E-10   3.14466E+00
        2704   3.24480E+02   1.20000E-01   7.72670E-02   1.32969E-04   2.17807E-04   0.00000E+00   4.50488E-03   1.00000E+00   0.00000E+00   7.75157E+00   8.81386E-18            15   9.12698E-10   3.14464E+00
        2705   3.24600E+02   1.20000E-01   7.72670E-02   1.32992E-04   2.18250E-04   0.00000E+00   4.47625E-03   1.00000E+00   0.00000E+00   7.75157E+00   8.70232E-18            15   9.08793E-10   3.14462E+00
        2706   3.24720E+02   1.20000E-01   7.72670E-02   1.33011E-04   2.18685E-04   0.00000E+00   4.44755E-03   1.00000E+00   0.00000E+00   7.75157E+00   8.53834E-18            15   9.04017E-10   3.14460E+00
        2707   3.24840E+02   1.20000E-01   7.72670E-02   1.33026E-04   2.19111E-04   0.00000E+00   4.41879E-03   1.00000E+00   0.00000E+00   7.75157E+00   8.36026E-18            15   8.98516E-10   3.14458E+00
        2708   3.24960E+02   1.20000E-01   7.72670E-02   1.33109E-04   2.19529E-04   0.00000E+00   4.38996E-03   1.00000E+00   0.00000E+00   7.75157E+00   8.23952E-18            15   8.92732E-10   3.14456E+00
        2709   3.25080E+02   1.20000E-01   7.72670E-02   1.33191E-04   2.19939E-04   0.00000E+00   4.36107E-03   1.00000E+00   0.00000E+00   7.75157E+00   8.09132E-18            15   8.86338E-10   3.14454E+00
        2710   3.25200E+02   1.20000E-01   7.72670E-02   1.33269E-04   2.20340E-04   0.00000E+00   4.33211E-03   1.00000E+00   0.00000E+00   7.75157E+00   7.92454E-18            15   8.79083E-10   3.14452E+00
        2711   3.25320E+02   1.20000E-01   7.72670E-02   1.33343E-04   2.20732E-04   0.00000E+00   4.30309E-03   1.00000E+00   0.00000E+00   7.75157E+00   7.77974E-18            15   8.71846E-10   3.14450E+00
        2712   3.25440E+02   1.20000E-01   7.72670E-02   1.33412E-04   2.21116E-04   0.00000E+00   4.27401E-03   1.00000E+00   0.00000E+00   7.75157E+00   7.62027E-18            15   8.63879E-10   3.14448E+00
        2713   3.25560E+02   1.20000E-01   7.72670E-02   1.33477E-04   2.21492E-04   0.00000E+00   4.24486E-03   1.00000E+00   0.00000E+00   7.75157E+00   7.47575E-18            15   8.55658E-10   3.14446E+00
        2714   3.25680E+02   1.20000E-01   7.72670E-02   1.33538E-04   2.21859E-04   0.00000E+00   4.21564E-03   1.00000E+00   0.00000E+00   7.75157E+00   7.33744E-18            15   8.47679E-10   3.14444E+00
        2715   3.25800E+02   1.20000E-01   7.72670E-02   1.33595E-04   2.22218E-04   0.00000E+00   4.18637E-03   1.00000E+00   0.00000E+00   7.75157E+00   7.19478E-18            15   8.39525E-10   3.14442E+00
        2716   3.25920E+02   1.20000E-01   7.72670E-02   1.33648E-04   2.22568E-04   0.00000E+00   4.15702E-03   1.00000E+00   0.00000E+00   7.75157E+00   7.07466E-18            15   8.31716E-10   3.14440E+00
        2717   3.26040E+02   1.20000E-01   7.72670E-02   1.33696E-04   2.22910E-04   0.00000E+00   4.12762E-03   1.00000E+00   0.00000E+00   7.75157E+00   6.94237E-18            15   8.24892E-10   3.14438E+00
        2718   3.26160E+02   1.20000E-01   7.72670E-02   1.33740E-04   2.23243E-04   0.00000E+00   4.09815E-03   1.00000E+00   0.00000E+00   7.75157E+00   6.81714E-18            15   8.18720E-10   3.14436E+00
        2719   3.26280E+02   1.20000E-01   7.72670E-02   1.33780E-04   2.23567E-04   0.00000E+00   4.06862E-03   1.00000E+00   0.00000E+00   7.75157E+00   6.74765E-18            15   8.13586E-10   3.14434E+00
        2720   3.26400E+02   1.20000E-01   7.72670E-02   1.33816E-04   2.23883E-04   0.00000E+00   4.03902E-03   1.00000E+00   0.00000E+00   7.75157E+00   6.62443E-18            15   8.09825E-10   3.14432E+00
        2721   3.26520E+02   1.20000E-01   7.72670E-02   1.33848E-04   2.24190E-04   0.00000E+00   4.00936E-03   1.00000E+00   0.00000E+00   7.75157E+00   6.55640E-18            15   8.07600E-10   3.14430E+00
        2722   3.26640E+02   1.20000E-01   7.72670E-02   1.33875E-04   2.24489E-04   0.00000E+00   3.97964E-03   1.00000E+00   0.00000E+00   7.75157E+00   6.47769E-18            15   8.06485E-10   3.14428E+00
        2723   3.26760E+02   1.20000E-01   7.72670E-02   1.33898E-04   2.24779E-04   0.00000E+00   3.94985E-03   1.00000E+00   0.00000E+00   7.75157E+00   6.39327E-18            15   8.06356E-10   3.14426E+00
        2724   3.26880E+02   1.20000E-01   7.72670E-02   1.33917E-04   2.25060E-04   0.00000E+00   3.92000E-03   1.00000E+00   0.00000E+00   7.75157E+00   6.34299E-18            15   8.07110E-10   3.14424E+00
        2725   3.27000E+02   1.20000E-01   7.72670E-02   1.33932E-04   2.25333E-04   0.00000E+00   3.89009E-03   1.00000E+00   0.00000E+00   7.75157E+00   6.27581E-18            15   8.08280E-10   3.14422E+00
        2726   3.27120E+02   1.20000E-01   7.72670E-02   1.33943E-04   2.25597E-04   0.00000E+00   3.86011E-03   1.00000E+00   0.00000E+00   7.75157E+00   6.20771E-18            15   8.09522E-10   3.14420E+00
        2727   3.27240E+02   1.20000E-01   7.72670E-02   1.33949E-04   2.25852E-04   0.00000E+00   3.83007E-03   1.00000E+00   0.00000E+00   7.75157E+00   6.15794E-18            15   8.10428E-10   3.14418E+00
        2728   3.27360E+02   1.20000E-01   7.72670E-02   1.33952E-04   2.26099E-04   0.00000E+00   3.79997E-03   1.00000E+00   0.00000E+00   7.75157E+00   6.08729E-18            15   8.11031E-10   3.14416E+00
        2729   3.27480E+02   1.20000E-01   7.72670E-02   1.33950E-04   2.26337E-04   0.00000E+00   3.76980E-03   1.00000E+00   0.00000E+00   7.75157E+00   6.01668E-18            15   8.10694E-10   3.14414E+00
        2730   3.27600E+02   1.20000E-01   7.72670E-02   1.33945E-04   2.26566E-04   0.00000E+00   3.73957E-03   1.00000E+00   0.00000E+00   7.75157E+00   5.94448E-18            15   8.09657E-10   3.14412E+00
        2731   3.27720E+02   1.20000E-01   7.72670E-02   1.33935E-04   2.26786E-04   0.00000E+00   3.70927E-03   1.00000E+00   0.00000E+00   7.75157E+00   5.83763E-18            15   8.07373E-10   3.14410E+00
        2732   3.27840E+02   1.20000E-01   7.72670E-02   1.33921E-04   2.26998E-04   0.00000E+00   3.67891E-03   1.00000E+00   0.00000E+00   7.75157E+00   5.76537E-18            15   8.04352E-10   3.14408E+00
        2733   3.27960E+02   1.20000E-01   7.72670E-02   1.33903E-04   2.27201E-04   0.00000E+00   3.64849E-03   1.00000E+00   0.00000E+00   7.75157E+00   5.68530E-18            15   8.00398E-10   3.14406E+00
        2734   3.28080E+02   1.20000E-01   7.72670E-02   1.33881E-04   2.27395E-04   0.00000E+00   3.61801E-03   1.00000E+00   0.00000E+00   7.75157E+00   5.61524E-18            15   7.95334E-10   3.14404E+00
        2735   3.28200E+02   1.20000E-01   7.72670E-02   1.33855E-04   2.27581E-04   0.00000E+00   3.58746E-03   1.00000E+00   0.00000E+00   7.75157E+00   5.51035E-18            15   7.89482E-10   3.14402E+00
        2736   3.28320E+02   1.20000E-01   7.72670E-02   1.33825E-04   2.27758E-04   0.00000E+00   3.55685E-03   1.00000E+00   0.00000E+00   7.75157E+00   5.45495E-18            15   7.82612E-10   3.14400E+00
        2737   3.28440E+02   1.20000E-01   7.72670E-02   1.33790E-04   2.27925E-04   0.00000E+00   3.52617E-03   1.00000E+00   0.00000E+00   7.75157E+00   5.34605E-18            15   7.74948E-10   3.14397E+00
        2738   3.28560E+02   1.20000E-01   7.72670E-02   1.33752E-04   2.28085E-04   0.00000E+00   3.49543E-03   1.00000E+00   0.00000E+00   7.75157E+00   5.25020E-18            15   7.66682E-10   3.14395E+00
        2739   3.28680E+02   1.20000E-01   7.72670E-02   1.33710E-04   2.28235E-04   0.00000E+00   3.46463E-03   1.00000E+00   0.00000E+00   7.75157E+00   5.17326E-18            15   7.56910E-10   3.14393E+00
        2740   3.28800E+02   1.20000E-01   7.72670E-02   1.33664E-04   2.28376E-04   0.00000E+00   3.43376E-03   1.00000E+00   0.00000E+00   7.75157E+00   5.08390E-18            15   7.46758E-10   3.14391E+00
        2741   3.28920E+02   1.20000E-01   7.72670E-02   1.33613E-04   2.28509E-04   0.00000E+00   3.40283E-03   1.00000E+00   0.00000E+00   7.75157E+00   4.99388E-18            15   7.35018E-10   3.14389E+00
        2742   3.29040E+02   1.20000E-01   7.72670E-02   1.33559E-04   2.28633E-04   0.00000E+00   3.37184E-03   1.00000E+00   0.00000E+00   7.75157E+00   4.91199E-18            15   7.22576E-10   3.14387E+00
        2743   3.29160E+02   1.20000E-01   7.72670E-02   1.33501E-04   2.28748E-04   0.00000E+00   3.34078E-03   1.00000E+00   0.00000E+00   7.75157E+00   4.83793E-18            15   7.08865E-10   3.14385E+00
        2744   3.29280E+02   1.20000E-01   7.72670E-02   1.33469E-04   2.28855E-04   0.00000E+00   3.30965E-03   1.00000E+00   0.00000E+00   7.75157E+00   4.71853E-18            15   6.94077E-10   3.14383E+00
        2745   3.29400E+02   1.20000E-01   7.72670E-02   1.33470E-04   2.28952E-04   0.00000E+00   3.27847E-03   1.00000E+00   0.00000E+00   7.75157E+00   4.65738E-18            15   6.77734E-10   3.14381E+00
        2746   3.29520E+02   1.20000E-01   7.72670E-02   1.33468E-04   2.29041E-04   0.00000E+00   3.24722E-03   1.00000E+00   0.00000E+00   7.75157E+00   4.53870E-18            15   6.60735E-10   3.14379E+00
        2747   3.29640E+02   1.20000E-01   7.72670E-02   1.33463E-04   2.29121E-04   0.00000E+00   3.21590E-03   1.00000E+00   0.00000E+00   7.75157E+00   4.46631E-18            15   6.43803E-10   3.14377E+00
        2748   3.29760E+02   1.20000E-01   7.72670E-02   1.33453E-04   2.29192E-04   0.00000E+00   3.18452E-03   1.00000E+00   0.00000E+00   7.75157E+00   4.37540E-18            15   6.28283E-10   3.14375E+00
        2749   3.29880E+02   1.20000E-01   7.72670E-02   1.33439E-04   2.29254E-04   0.00000E+00   3.15308E-03   1.00000E+00   0.00000E+00   7.75157E+00   4.30118E-18            15   6.15731E-10   3.14373E+00
        2750   3.30000E+02   1.20000E-01   7.72670E-02   1.33422E-04   2.29308E-04   0.00000E+00   3.12157E-03   1.00000E+00   0.00000E+00   7.75157E+00   4.23799E-18            15   6.07578E-10   3.14370E+00
        2751   3.30120E+02   1.20000E-01   7.72670E-02   1.33401E-04   2.29353E-04   0.00000E+00   3.09000E-03   1.00000E+00   0.00000E+00   7.75157E+00   4.21635E-18            15   6.03625E-10   3.14368E+00
        2752   3.30240E+02   1.20000E-01   7.72670E-02   1.33376E-04   2.29388E-04   0.00000E+00   3.05836E-03   1.00000E+00   0.00000E+00   7.75157E+00   4.16317E-18            15   6.02651E-10   3.14366E+00
        2753   3.30360E+02   1.20000E-01   7.72670E-02   1.33348E-04   2.29416E-04   0.00000E+00   3.02665E-03   1.00000E+00   0.00000E+00   7.75157E+00   4.08478E-18            15   6.03149E-10   3.14364E+00
        2754   3.30480E+02   1.20000E-01   7.72670E-02   1.33316E-04   2.29434E-04   0.00000E+00   2.99488E-03   1.00000E+00   0.00000E+00   7.75157E+00   4.05769E-18            15   6.03237E-10   3.14362E+00
        2755   3.30600E+02   1.20000E-01   7.72670E-02   1.33279E-04   2.29444E-04   0.00000E+00   2.96305E-03   1.00000E+00   0.00000E+00   7.75157E+00   3.95277E-18            15   6.03247E-10   3.14360E+00
        2756   3.30720E+02   1.20000E-01   7.72670E-02   1.33240E-04   2.29444E-04   0.00000E+00   2.93115E-03   1.00000E+00   0.00000E+00   7.75157E+00   3.89497E-18            15   6.02520E-10   3.14358E+00
        2757   3.30840E+02   1.20000E-01   7.72670E-02   1.33196E-04   2.29436E-04   0.00000E+00   2.89919E-03   1.00000E+00   0.00000E+00   7.75157E+00   3.76963E-18            15   6.01197E-10   3.14356E+00
        2758   3.30960E+02   1.20000E-01   7.72670E-02   1.33149E-04   2.29420E-04   0.00000E+00   2.86715E-03   1.00000E+00   0.00000E+00   7.75157E+00   3.68500E-18            15   5.99250E-10   3.14354E+00
        2759   3.31080E+02   1.20000E-01   7.72670E-02   1.33098E-04   2.29394E-04   0.00000E+00   2.83506E-03   1.00000E+00   0.00000E+00   7.75157E+00   3.54314E-18            15   5.96925E-10   3.14352E+00
        2760   3.31200E+02   1.20000E-01   7.72670E-02   1.33043E-04   2.29360E-04   0.00000E+00   2.80289E-03   1.00000E+00   0.00000E+00   7.75157E+00   3.40899E-18            15   5.94320E-10   3.14350E+00
        2761   3.31320E+02   1.20000E-01   7.72670E-02   1.32985E-04   2.29317E-04   0.00000E+00   2.77066E-03   1.00000E+00   0.00000E+00   7.75157E+00   3.23931E-18            15   5.91626E-10   3.14347E+00
        2762   3.31440E+02   1.20000E-01   7.72670E-02   1.32923E-04   2.29265E-04   0.00000E+00   2.73836E-03   1.00000E+00   0.00000E+00   7.75157E+00   3.20794E-18            15   5.89028E-10   3.14345E+00
        2763   3.31560E+02   1.20000E-01   7.72670E-02   1.32857E-04   2.29205E-04   0.00000E+00   2.70599E-03   1.00000E+00   0.00000E+00   7.75157E+00   3.30611E-18            15   5.86415E-10   3.14343E+00
        2764   3.31680E+02   1.20000E-01   7.72670E-02   1.32788E-04   2.29136E-04   0.00000E+00   2.67355E-03   1.00000E+00   0.00000E+00   7.75157E+00   3.34700E-18            15   5.83798E-10   3.14341E+00
        2765   3.31800E+02   1.20000E-01   7.72670E-02   1.32715E-04   2.29058E-04   0.00000E+00   2.64104E-03   1.00000E+00   0.00000E+00   7.75157E+00   3.45320E-18            15   5.81444E-10   3.14339E+00
        2766   3.31920E+02   1.20000E-01   7.72670E-02   1.32638E-04   2.28972E-04   0.00000E+00   2.60847E-03   1.00000E+00   0.00000E+00   7.75157E+00   3.48960E-18            15   5.79478E-10   3.14337E+00
        2767   3.32040E+02   1.20000E-01   7.72670E-02   1.32558E-04   2.28877E-04   0.00000E+00   2.57582E-03   1.00000E+00   0.00000E+00   7.75157E+00   3.56465E-18            15   5.77366E-10   3.14335E+00
        2768   3.32160E+02   1.20000E-01   7.72670E-02   1.32474E-04   2.28773E-04   0.00000E+00   2.54310E-03   1.00000E+00   0.00000E+00   7.75157E+00   3.59404E-18            15   5.75866E-10   3.14333E+00
        2769   3.32280E+02   1.20000E-01   7.72670E-02   1.32387E-04   2.28661E-04   0.00000E+00   2.51031E-03   1.00000E+00   0.00000E+00   7.75157E+00   3.62874E-18            15   5.74205E-10   3.14331E+00
        2770   3.32400E+02   1.20000E-01   7.72670E-02   1.32296E-04   2.28540E-04   0.00000E+00   2.47746E-03   1.00000E+00   0.00000E+00   7.75157E+00   3.67789E-18            15   5.72271E-10   3.14328E+00
        2771   3.32520E+02   1.20000E-01   7.72670E-02   1.32201E-04   2.28411E-04   0.00000E+00   2.44452E-03   1.00000E+00   0.00000E+00   7.75157E+00   3.66796E-18            15   5.70496E-10   3.14326E+00
        2772   3.32640E+02   1.20000E-01   7.72670E-02   1.32103E-04   2.28273E-04   0.00000E+00   2.41152E-03   1.00000E+00   0.00000E+00   7.75157E+00   3.66480E-18            15   5.68858E-10   3.14324E+00
        2773   3.32760E+02   1.20000E-01   7.72670E-02   1.32001E-04   2.28126E-04   0.00000E+00   2.37844E-03   1.00000E+00   0.00000E+00   7.75157E+00   3.72994E-18            15   5.67243E-10   3.14322E+00
        2774   3.32880E+02   1.20000E-01   7.72670E-02   1.31896E-04   2.27971E-04   0.00000E+00   2.34529E-03   1.00000E+00   0.00000E+00   7.75157E+00   3.72356E-18            15   5.65266E-10   3.14320E+00
        2775   3.33000E+02   1.20000E-01   7.72670E-02   1.31787E-04   2.27808E-04   0.00000E+00   2.31145E-03   1.00000E+00   0.00000E+00   7.75157E+00   3.69694E-18            15   5.47496E-10   3.14318E+00
        2776   3.33120E+02   1.20000E-01   7.72670E-02   1.31675E-04   2.27636E-04   0.00000E+00   2.27876E-03   1.00000E+00   0.00000E+00   7.75157E+00   3.87835E-18            15   5.79627E-10   3.14316E+00
        2777   3.33240E+02   1.20000E-01   7.72670E-02   1.31559E-04   2.27456E-04   0.00000E+00   2.24474E-03   1.00000E+00   0.00000E+00   7.75157E+00   3.79646E-18            15   5.57641E-10   3.14314E+00
        2778   3.33360E+02   1.20000E-01   7.72670E-02   1.31440E-04   2.27267E-04   0.00000E+00   2.21130E-03   1.00000E+00   0.00000E+00   7.75157E+00   3.85106E-18            15   5.52373E-10   3.14312E+00
        2779   3.33480E+02   1.20000E-01   7.72670E-02   1.31317E-04   2.27070E-04   0.00000E+00   2.17839E-03   1.00000E+00   0.00000E+00   7.75157E+00   3.84911E-18            15   5.74042E-10   3.14309E+00
        2780   3.33600E+02   1.20000E-01   7.72670E-02   1.31191E-04   2.26865E-04   0.00000E+00   2.14350E-03   1.00000E+00   0.00000E+00   7.75157E+00   3.89470E-18            15   5.33510E-10   3.14307E+00
        2781   3.33720E+02   1.20000E-01   7.72670E-02   1.31061E-04   2.26651E-04   0.00000E+00   2.11106E-03   1.00000E+00   0.00000E+00   7.75157E+00   3.93348E-18            15   5.75760E-10   3.14305E+00
        2782   3.33840E+02   1.20000E-01   7.72670E-02   1.30928E-04   2.26429E-04   0.00000E+00   2.07605E-03   1.00000E+00   0.00000E+00   7.75157E+00   3.94580E-18            15   5.28818E-10   3.14303E+00
        2783   3.33960E+02   1.20000E-01   7.72670E-02   1.30792E-04   2.26198E-04   0.00000E+00   2.04343E-03   1.00000E+00   0.00000E+00   7.75157E+00   3.98016E-18            15   5.71609E-10   3.14301E+00
        2784   3.34080E+02   1.20000E-01   7.72670E-02   1.30652E-04   2.25960E-04   0.00000E+00   2.00825E-03   1.00000E+00   0.00000E+00   7.75157E+00   3.97440E-18            15   5.24959E-10   3.14299E+00
        2785   3.34200E+02   1.20000E-01   7.72670E-02   1.30508E-04   2.25713E-04   0.00000E+00   1.97546E-03   1.00000E+00   0.00000E+00   7.75157E+00   4.00980E-18            15   5.66936E-10   3.14297E+00
        2786   3.34320E+02   1.20000E-01   7.72670E-02   1.30362E-04   2.25459E-04   0.00000E+00   1.94012E-03   1.00000E+00   0.00000E+00   7.75157E+00   4.01062E-18            15   5.21795E-10   3.14295E+00
        2787   3.34440E+02   1.20000E-01   7.72670E-02   1.30212E-04   2.25195E-04   0.00000E+00   1.90713E-03   1.00000E+00   0.00000E+00   7.75157E+00   4.01267E-18            15   5.62394E-10   3.14293E+00
        2788   3.34560E+02   1.20000E-01   7.72670E-02   1.30058E-04   2.24924E-04   0.00000E+00   1.87162E-03   1.00000E+00   0.00000E+00   7.75157E+00   4.01864E-18            15   5.19078E-10   3.14291E+00
        2789   3.34680E+02   1.20000E-01   7.72670E-02   1.29901E-04   2.24645E-04   0.00000E+00   1.83844E-03   1.00000E+00   0.00000E+00   7.75157E+00   4.01022E-18            15   5.57617E-10   3.14288E+00
        2790   3.34800E+02   1.20000E-01   7.72670E-02   1.29741E-04   2.24358E-04   0.00000E+00   1.80275E-03   1.00000E+00   0.00000E+00   7.75157E+00   4.02065E-18            15   5.17458E-10   3.14286E+00
        2791   3.34920E+02   1.20000E-01   7.72670E-02   1.29578E-04   2.24062E-04   0.00000E+00   1.76937E-03   1.00000E+00   0.00000E+00   7.75157E+00   4.00956E-18            15   5.53084E-10   3.14284E+00
        2792   3.35040E+02   1.20000E-01   7.72670E-02   1.29411E-04   2.23759E-04   0.00000E+00   1.73349E-03   1.00000E+00   0.00000E+00   7.75157E+00   4.00857E-18            15   5.16773E-10   3.14282E+00
        2793   3.35160E+02   1.20000E-01   7.72670E-02   1.29241E-04   2.23447E-04   0.00000E+00   1.69990E-03   1.00000E+00   0.00000E+00   7.75157E+00   4.00837E-18            15   5.48708E-10   3.14280E+00
        2794   3.35280E+02   1.20000E-01   7.72670E-02   1.29068E-04   2.23129E-04   0.00000E+00   1.66382E-03   1.00000E+00   0.00000E+00   7.75157E+00   4.16371E-18            15   5.17203E-10   3.14278E+00
        2795   3.35400E+02   1.20000E-01   7.72670E-02   1.28891E-04   2.22802E-04   0.00000E+00   1.63001E-03   1.00000E+00   0.00000E+00   7.75157E+00   4.08919E-18            15   5.44720E-10   3.14276E+00
        2796   3.35520E+02   1.20000E-01   7.72670E-02   1.28711E-04   2.22467E-04   0.00000E+00   1.59371E-03   1.00000E+00   0.00000E+00   7.75157E+00   4.37552E-18            15   5.18888E-10   3.14274E+00
        2797   3.35640E+02   1.20000E-01   7.72670E-02   1.28528E-04   2.22125E-04   0.00000E+00   1.55965E-03   1.00000E+00   0.00000E+00   7.75157E+00   4.24795E-18            15   5.41607E-10   3.14272E+00
        2798   3.35760E+02   1.20000E-01   7.72670E-02   1.28342E-04   2.21775E-04   0.00000E+00   1.52314E-03   1.00000E+00   0.00000E+00   7.75157E+00   4.61613E-18            15   5.21767E-10   3.14270E+00
        2799   3.35880E+02   1.20000E-01   7.72670E-02   1.28152E-04   2.21416E-04   0.00000E+00   1.48884E-03   1.00000E+00   0.00000E+00   7.75157E+00   4.39895E-18            15   5.39921E-10   3.14267E+00
        2800   3.36000E+02   1.20000E-01   7.72670E-02   1.27959E-04   2.21051E-04   0.00000E+00   1.45209E-03   1.00000E+00   0.00000E+00   7.75157E+00   4.82471E-18            15   5.26049E-10   3.14265E+00
        2801   3.36120E+02   1.20000E-01   7.72670E-02   1.27763E-04   2.20678E-04   0.00000E+00   1.41753E-03   1.00000E+00   0.00000E+00   7.75157E+00   4.60490E-18            15   5.37921E-10   3.14263E+00
        2802   3.36240E+02   1.20000E-01   7.72670E-02   1.27564E-04   2.20297E-04   0.00000E+00   1.38052E-03   1.00000E+00   0.00000E+00   7.75157E+00   5.18242E-18            15   5.31671E-10   3.14261E+00
        2803   3.36360E+02   1.20000E-01   7.72670E-02   1.27362E-04   2.19908E-04   0.00000E+00   1.34568E-03   1.00000E+00   0.00000E+00   7.75157E+00   4.66971E-18            15   5.37744E-10   3.14259E+00
        2804   3.36480E+02   1.20000E-01   7.72670E-02   1.27157E-04   2.19513E-04   0.00000E+00   1.30841E-03   1.00000E+00   0.00000E+00   7.75157E+00   5.49851E-18            15   5.37192E-10   3.14257E+00
        2805   3.36600E+02   1.20000E-01   7.72670E-02   1.26948E-04   2.19109E-04   0.00000E+00   1.27326E-03   1.00000E+00   0.00000E+00   7.75157E+00   4.94799E-18            15   5.38754E-10   3.14255E+00
        2806   3.36720E+02   1.20000E-01   7.72670E-02   1.26737E-04   2.18699E-04   0.00000E+00   1.23570E-03   1.00000E+00   0.00000E+00   7.75157E+00   5.78367E-18            15   5.42951E-10   3.14253E+00
        2807   3.36840E+02   1.20000E-01   7.72670E-02   1.26522E-04   2.18281E-04   0.00000E+00   1.20023E-03   1.00000E+00   0.00000E+00   7.75157E+00   5.17069E-18            15   5.40980E-10   3.14251E+00
        2808   3.36960E+02   1.20000E-01   7.72670E-02   1.26304E-04   2.17855E-04   0.00000E+00   1.16235E-03   1.00000E+00   0.00000E+00   7.75157E+00   6.23369E-18            15   5.48404E-10   3.14249E+00
        2809   3.37080E+02   1.20000E-01   7.72670E-02   1.26083E-04   2.17423E-04   0.00000E+00   1.12654E-03   1.00000E+00   0.00000E+00   7.75157E+00   5.41592E-18            15   5.44155E-10   3.14247E+00
        2810   3.37200E+02   1.20000E-01   7.72670E-02   1.25860E-04   2.16983E-04   0.00000E+00   1.08832E-03   1.00000E+00   0.00000E+00   7.75157E+00   6.49379E-18            15   5.53315E-10   3.14245E+00
        2811   3.37320E+02   1.20000E-01   7.72670E-02   1.25633E-04   2.16536E-04   0.00000E+00   1.05212E-03   1.00000E+00   0.00000E+00   7.75157E+00   5.76184E-18            15   5.48036E-10   3.14243E+00
        2812   3.37440E+02   1.20000E-01   7.72670E-02   1.25403E-04   2.16082E-04   0.00000E+00   1.01416E-03   1.00000E+00   0.00000E+00   7.75157E+00   6.55896E-18            15   5.56133E-10   3.14240E+00
        2813   3.37560E+02   1.20000E-01   7.72670E-02   1.25170E-04   2.15622E-04   0.00000E+00   9.76407E-04   1.00000E+00   0.00000E+00   7.75157E+00   6.78274E-18            15   5.57238E-10   3.14238E+00
        2814   3.37680E+02   1.20000E-01   7.72670E-02   1.24934E-04   2.15153E-04   0.00000E+00   9.38490E-04   1.00000E+00   0.00000E+00   7.75157E+00   6.65207E-18            15   5.57284E-10   3.14236E+00
        2815   3.37800E+02   1.20000E-01   7.72670E-02   1.24695E-04   2.14679E-04   0.00000E+00   9.00907E-04   1.00000E+00   0.00000E+00   7.75157E+00   6.87058E-18            15   5.58971E-10   3.14234E+00
        2816   3.37920E+02   1.20000E-01   7.72670E-02   1.24453E-04   2.14197E-04   0.00000E+00   8.62034E-04   1.00000E+00   0.00000E+00   7.75157E+00   7.40884E-18            15   5.64383E-10   3.14232E+00
        2817   3.38040E+02   1.20000E-01   7.72670E-02   1.24208E-04   2.13709E-04   0.00000E+00   8.23351E-04   1.00000E+00   0.00000E+00   7.75157E+00   6.94113E-18            15   5.61360E-10   3.14230E+00
        2818   3.38160E+02   1.20000E-01   7.72670E-02   1.23960E-04   2.13214E-04   0.00000E+00   7.85016E-04   1.00000E+00   0.00000E+00   7.75157E+00   7.45660E-18            15   5.62294E-10   3.14228E+00
        2819   3.38280E+02   1.20000E-01   7.72670E-02   1.23709E-04   2.12712E-04   0.00000E+00   7.45373E-04   1.00000E+00   0.00000E+00   7.75157E+00   7.66078E-18            15   5.65572E-10   3.14226E+00
        2820   3.38400E+02   1.20000E-01   7.72670E-02   1.23456E-04   2.12204E-04   0.00000E+00   7.05873E-04   1.00000E+00   0.00000E+00   7.75157E+00   7.34990E-18            15   5.61100E-10   3.14224E+00
        2821   3.38520E+02   1.20000E-01   7.72670E-02   1.23199E-04   2.11690E-04   0.00000E+00   6.66658E-04   1.00000E+00   0.00000E+00   7.75157E+00   7.75869E-18            15   5.63110E-10   3.14222E+00
        2822   3.38640E+02   1.20000E-01   7.72670E-02   1.22940E-04   2.11169E-04   0.00000E+00   6.26122E-04   1.00000E+00   0.00000E+00   7.75157E+00   8.09094E-18            15   5.63730E-10   3.14220E+00
        2823   3.38760E+02   1.20000E-01   7.72670E-02   1.22677E-04   2.10642E-04   0.00000E+00   5.85663E-04   1.00000E+00   0.00000E+00   7.75157E+00   7.52688E-18            15   5.57139E-10   3.14218E+00
        2824   3.38880E+02   1.20000E-01   7.72670E-02   1.22412E-04   2.10109E-04   0.00000E+00   5.45403E-04   1.00000E+00   0.00000E+00   7.75157E+00   8.11112E-18            15   5.59891E-10   3.14216E+00
        2825   3.39000E+02   1.20000E-01   7.72670E-02   1.22144E-04   2.09569E-04   0.00000E+00   5.03811E-04   1.00000E+00   0.00000E+00   7.75157E+00   8.36667E-18            15   5.58106E-10   3.14214E+00
        2826   3.39120E+02   1.20000E-01   7.72670E-02   1.21873E-04   2.09024E-04   0.00000E+00   4.62223E-04   1.00000E+00   0.00000E+00   7.75157E+00   7.61032E-18            15   5.49815E-10   3.14212E+00
        2827   3.39240E+02   1.20000E-01   7.72670E-02   1.21599E-04   2.08472E-04   0.00000E+00   4.20715E-04   1.00000E+00   0.00000E+00   7.75157E+00   8.22870E-18            15   5.53306E-10   3.14210E+00
        2828   3.39360E+02   1.20000E-01   7.72670E-02   1.21323E-04   2.07915E-04   0.00000E+00   3.78679E-04   1.00000E+00   0.00000E+00   7.75157E+00   8.33109E-18            15   5.49233E-10   3.14208E+00
        2829   3.39480E+02   1.20000E-01   7.72670E-02   1.21044E-04   2.07351E-04   0.00000E+00   3.68464E-04   1.00000E+00   0.00000E+00   7.75157E+00   7.56430E-18            15   5.39191E-10   3.14206E+00
        2830   3.39600E+02   1.20000E-01   7.72670E-02   1.20761E-04   2.06782E-04   0.00000E+00   3.58103E-04   1.00000E+00   0.00000E+00   7.75157E+00   8.02146E-18            15   5.43471E-10   3.14204E+00
        2831   3.39720E+02   1.20000E-01   7.72670E-02   1.20477E-04   2.06207E-04   0.00000E+00   3.48651E-04   1.00000E+00   0.00000E+00   7.75157E+00   7.96861E-18            15   5.33840E-10   3.14202E+00
        2832   3.39840E+02   1.20000E-01   7.72670E-02   1.20189E-04   2.05626E-04   0.00000E+00   3.33998E-04   1.00000E+00   0.00000E+00   7.75157E+00   7.38055E-18            15   5.27880E-10   3.14200E+00
        2833   3.39960E+02   1.20000E-01   7.72670E-02   1.19899E-04   2.05039E-04   0.00000E+00   3.24424E-04   1.00000E+00   0.00000E+00   7.75157E+00   7.76339E-18            15   5.33197E-10   3.14198E+00
        2834   3.40080E+02   1.20000E-01   7.72670E-02   1.19606E-04   2.04447E-04   0.00000E+00   3.37711E-04   1.00000E+00   0.00000E+00   7.75157E+00   7.75314E-18            15   5.28711E-10   3.14196E+00
        2835   3.40200E+02   1.20000E-01   7.72670E-02   1.19310E-04   2.03849E-04   0.00000E+00   3.52567E-04   1.00000E+00   0.00000E+00   7.75157E+00   6.72164E-18            15   5.15647E-10   3.14194E+00
        2836   3.40320E+02   1.20000E-01   7.72670E-02   1.19012E-04   2.03246E-04   0.00000E+00   3.67173E-04   1.00000E+00   0.00000E+00   7.75157E+00   7.04126E-18            15   5.21035E-10   3.14192E+00
        2837   3.40440E+02   1.20000E-01   7.72670E-02   1.18711E-04   2.02638E-04   0.00000E+00   3.81648E-04   1.00000E+00   0.00000E+00   7.75157E+00   6.67371E-18            15   4.96173E-10   3.14190E+00
        2838   3.40560E+02   1.20000E-01   7.72670E-02   1.18407E-04   2.02026E-04   0.00000E+00   3.95943E-04   1.00000E+00   0.00000E+00   7.75157E+00   6.17880E-18            15   5.14657E-10   3.14188E+00
        2839   3.40680E+02   1.20000E-01   7.72670E-02   1.18100E-04   2.01409E-04   0.00000E+00   4.09422E-04   1.00000E+00   0.00000E+00   7.75157E+00   5.91942E-18            15   5.02998E-10   3.14186E+00
        2840   3.40800E+02   1.20000E-01   7.72670E-02   1.17790E-04   2.00787E-04   0.00000E+00   4.22361E-04   1.00000E+00   0.00000E+00   7.75157E+00   7.25400E-18            15   5.07144E-10   3.14184E+00
        2841   3.40920E+02   1.20000E-01   7.72670E-02   1.17478E-04   2.00159E-04   0.00000E+00   4.35955E-04   1.00000E+00   0.00000E+00   7.75157E+00   6.31918E-18            15   5.10218E-10   3.14182E+00
        2842   3.41040E+02   1.20000E-01   7.72670E-02   1.17163E-04   1.99527E-04   0.00000E+00   4.50762E-04   1.00000E+00   0.00000E+00   7.75157E+00   7.05438E-18            15   5.17402E-10   3.14180E+00
        2843   3.41160E+02   1.20000E-01   7.72670E-02   1.16845E-04   1.98890E-04   0.00000E+00   4.61358E-04   1.00000E+00   0.00000E+00   7.75157E+00   7.18833E-18            15   5.18145E-10   3.14178E+00
        2844   3.41280E+02   1.20000E-01   7.72670E-02   1.16525E-04   1.98246E-04   0.00000E+00   4.73990E-04   1.00000E+00   0.00000E+00   7.75157E+00   8.44224E-18            15   5.50730E-10   3.14176E+00
        2845   3.41400E+02   1.20000E-01   7.72670E-02   1.16202E-04   1.97602E-04   0.00000E+00   4.85462E-04   1.00000E+00   0.00000E+00   7.75157E+00   8.01259E-18            15   5.36017E-10   3.14174E+00
        2846   3.41520E+02   1.20000E-01   7.72670E-02   1.15875E-04   1.96952E-04   0.00000E+00   5.15821E-04   1.00000E+00   0.00000E+00   7.75157E+00   9.67495E-18            15   5.84126E-10   3.14172E+00
        2847   3.41640E+02   1.20000E-01   7.72670E-02   1.15546E-04   1.96300E-04   0.00000E+00   5.80879E-04   1.00000E+00   0.00000E+00   7.75157E+00   1.00625E-17            15   5.89599E-10   3.14170E+00
        2848   3.41760E+02   1.20000E-01   7.72670E-02   1.15215E-04   1.95641E-04   0.00000E+00   6.40597E-04   1.00000E+00   0.00000E+00   7.75157E+00   1.26228E-17            15   6.76842E-10   3.14168E+00
        2849   3.41880E+02   1.20000E-01   7.72670E-02   1.14880E-04   1.94974E-04   0.00000E+00   7.19638E-04   1.00000E+00   0.00000E+00   7.75157E+00   1.31810E-17            15   6.52946E-10   3.14166E+00
        2850   3.42000E+02   1.20000E-01   7.72670E-02   1.14543E-04   1.94311E-04   0.00000E+00   7.59088E-04   1.00000E+00   0.00000E+00   7.75157E+00   1.42675E-17            15   6.93094E-10   3.14164E+00
        2851   3.42120E+02   1.20000E-01   7.72670E-02   1.14199E-04   1.93636E-04   0.00000E+00   8.99302E-04   1.00000E+00   0.00000E+00   7.75157E+00   1.50597E-17            15   7.93490E-10   3.14162E+00
        2852   3.42240E+02   1.20000E-01   7.72670E-02   1.13857E-04   1.92971E-04   0.00000E+00   8.45556E-04   1.00000E+00   0.00000E+00   7.75157E+00   1.67578E-17            15   8.43367E-10   3.14161E+00
        2853   3.42360E+02   1.20000E-01   7.72670E-02   1.13513E-04   1.92306E-04   0.00000E+00   8.98042E-04   1.00000E+00   0.00000E+00   7.75157E+00   1.41380E-17            15   9.32870E-10   3.14160E+00
        2854   3.42480E+02   1.20000E-01   7.72670E-02   1.13166E-04   1.91640E-04   0.00000E+00   9.30740E-04   1.00000E+00   0.00000E+00   7.75157E+00   1.46778E-17            15   9.10443E-10   3.14159E+00
        2855   3.42600E+02   1.20000E-01   7.72670E-02   1.12817E-04   1.90978E-04   0.00000E+00   9.53740E-04   1.00000E+00   0.00000E+00   7.75157E+00   1.55071E-17            15   8.95969E-10   3.14154E+00
        2856   3.42720E+02   1.20000E-01   7.72670E-02   1.12467E-04   1.90320E-04   0.00000E+00   9.78164E-04   1.00000E+00   0.00000E+00   7.75157E+00   1.40580E-17            15   9.09440E-10   3.14152E+00
        2857   3.42840E+02   1.20000E-01   7.72670E-02   1.12116E-04   1.89667E-04   0.00000E+00   9.99755E-04   1.00000E+00   0.00000E+00   7.75157E+00   1.34832E-17            15   9.04060E-10   3.14151E+00
        2858   3.42960E+02   1.20000E-01   7.72670E-02   1.11763E-04   1.89016E-04   0.00000E+00   1.01829E-03   1.00000E+00   0.00000E+00   7.75157E+00   1.27105E-17            15   8.85910E-10   3.14149E+00
        2859   3.43080E+02   1.20000E-01   7.72670E-02   1.11410E-04   1.88369E-04   0.00000E+00   1.04232E-03   1.00000E+00   0.00000E+00   7.75157E+00   1.23456E-17            15   8.66537E-10   3.14147E+00
        2860   3.43200E+02   1.20000E-01   7.72670E-02   1.11056E-04   1.87725E-04   0.00000E+00   1.06240E-03   1.00000E+00   0.00000E+00   7.75157E+00   1.06459E-17            15   8.21428E-10   3.14145E+00
        2861   3.43320E+02   1.20000E-01   7.72670E-02   1.10700E-04   1.87084E-04   0.00000E+00   1.08451E-03   1.00000E+00   0.00000E+00   7.75157E+00   9.85436E-18            15   7.83932E-10   3.14143E+00
        2862   3.43440E+02   1.20000E-01   7.72670E-02   1.10343E-04   1.86446E-04   0.00000E+00   1.10558E-03   1.00000E+00   0.00000E+00   7.75157E+00   7.74932E-18            15   6.98352E-10   3.14141E+00
        2863   3.43560E+02   1.20000E-01   7.72670E-02   1.09984E-04   1.85811E-04   0.00000E+00   1.12716E-03   1.00000E+00   0.00000E+00   7.75157E+00   6.04569E-18            15   6.27838E-10   3.14139E+00
        2864   3.43680E+02   1.20000E-01   7.72670E-02   1.09624E-04   1.85179E-04   0.00000E+00   1.14733E-03   1.00000E+00   0.00000E+00   7.75157E+00   3.37436E-18            15   4.82732E-10   3.14137E+00
        2865   3.43800E+02   1.20000E-01   7.72670E-02   1.09263E-04   1.84549E-04   0.00000E+00   1.16863E-03   1.00000E+00   0.00000E+00   7.75157E+00   3.25762E-18            15   4.17247E-10   3.14135E+00
        2866   3.43920E+02   1.20000E-01   7.72670E-02   1.08901E-04   1.83922E-04   0.00000E+00   1.18999E-03   1.00000E+00   0.00000E+00   7.75157E+00   3.84316E-18            15   3.11200E-10   3.14134E+00
        2867   3.44040E+02   1.20000E-01   7.72670E-02   1.08537E-04   1.83297E-04   0.00000E+00   1.21100E-03   1.00000E+00   0.00000E+00   7.75157E+00   3.27015E-18            15   3.44593E-10   3.14132E+00
        2868   3.44160E+02   1.20000E-01   7.72670E-02   1.08171E-04   1.82674E-04   0.00000E+00   1.23270E-03   1.00000E+00   0.00000E+00   7.75157E+00   2.77360E-18            15   3.58917E-10   3.14130E+00
        2869   3.44280E+02   1.20000E-01   7.72670E-02   1.07804E-04   1.82052E-04   0.00000E+00   1.25363E-03   1.00000E+00   0.00000E+00   7.75157E+00   4.09105E-18            15   4.88675E-10   3.14128E+00
        2870   3.44400E+02   1.20000E-01   7.72670E-02   1.07436E-04   1.81433E-04   0.00000E+00   1.27457E-03   1.00000E+00   0.00000E+00   7.75157E+00   4.49731E-18            15   5.31630E-10   3.14126E+00
        2871   3.44520E+02   1.20000E-01   7.72670E-02   1.07067E-04   1.80815E-04   0.00000E+00   1.29604E-03   1.00000E+00   0.00000E+00   7.75157E+00   4.61491E-18            15   5.38225E-10   3.14124E+00
        2872   3.44640E+02   1.20000E-01   7.72670E-02   1.06696E-04   1.80199E-04   0.00000E+00   1.31655E-03   1.00000E+00   0.00000E+00   7.75157E+00   5.91889E-18            15   6.06655E-10   3.14122E+00
        2873   3.44760E+02   1.20000E-01   7.72670E-02   1.06324E-04   1.79584E-04   0.00000E+00   1.33715E-03   1.00000E+00   0.00000E+00   7.75157E+00   5.86540E-18            15   6.17684E-10   3.14121E+00
        2874   3.44880E+02   1.20000E-01   7.72670E-02   1.05950E-04   1.78971E-04   0.00000E+00   1.35845E-03   1.00000E+00   0.00000E+00   7.75157E+00   5.72608E-18            15   6.13627E-10   3.14119E+00
        2875   3.45000E+02   1.20000E-01   7.72670E-02   1.05575E-04   1.78359E-04   0.00000E+00   1.37865E-03   1.00000E+00   0.00000E+00   7.75157E+00   6.37756E-18            15   6.41621E-10   3.14117E+00
        2876   3.45120E+02   1.20000E-01   7.72670E-02   1.05199E-04   1.77748E-04   0.00000E+00   1.39907E-03   1.00000E+00   0.00000E+00   7.75157E+00   6.27700E-18            15   6.41261E-10   3.14115E+00
        2877   3.45240E+02   1.20000E-01   7.72670E-02   1.04821E-04   1.77139E-04   0.00000E+00   1.42018E-03   1.00000E+00   0.00000E+00   7.75157E+00   5.96779E-18            15   6.36666E-10   3.14113E+00
        2878   3.45360E+02   1.20000E-01   7.72670E-02   1.04442E-04   1.76531E-04   0.00000E+00   1.44006E-03   1.00000E+00   0.00000E+00   7.75157E+00   6.32851E-18            15   6.48132E-10   3.14111E+00
        2879   3.45480E+02   1.20000E-01   7.72670E-02   1.04062E-04   1.75923E-04   0.00000E+00   1.46027E-03   1.00000E+00   0.00000E+00   7.75157E+00   6.35874E-18            15   6.43279E-10   3.14110E+00
        2880   3.45600E+02   1.20000E-01   7.72670E-02   1.03680E-04   1.75317E-04   0.00000E+00   1.48118E-03   1.00000E+00   0.00000E+00   7.75157E+00   5.86682E-18            15   6.40107E-10   3.14108E+00
        2881   3.45720E+02   1.20000E-01   7.72670E-02   1.03297E-04   1.74711E-04   0.00000E+00   1.50077E-03   1.00000E+00   0.00000E+00   7.75157E+00   6.11757E-18            15   6.44065E-10   3.14106E+00
        2882   3.45840E+02   1.20000E-01   7.72670E-02   1.02913E-04   1.74106E-04   0.00000E+00   1.52076E-03   1.00000E+00   0.00000E+00   7.75157E+00   6.24187E-18            15   6.36740E-10   3.14104E+00
        2883   3.45960E+02   1.20000E-01   7.72670E-02   1.02527E-04   1.73502E-04   0.00000E+00   1.54145E-03   1.00000E+00   0.00000E+00   7.75157E+00   5.69045E-18            15   6.35625E-10   3.14102E+00
        2884   3.46080E+02   1.20000E-01   7.72670E-02   1.02139E-04   1.72898E-04   0.00000E+00   1.56075E-03   1.00000E+00   0.00000E+00   7.75157E+00   5.85223E-18            15   6.35974E-10   3.14101E+00
        2885   3.46200E+02   1.20000E-01   7.72670E-02   1.01751E-04   1.72295E-04   0.00000E+00   1.58052E-03   1.00000E+00   0.00000E+00   7.75157E+00   5.73779E-18            15   6.27747E-10   3.14099E+00
        2886   3.46320E+02   1.20000E-01   7.72670E-02   1.01361E-04   1.71693E-04   0.00000E+00   1.60099E-03   1.00000E+00   0.00000E+00   7.75157E+00   5.38328E-18            15   6.27911E-10   3.14097E+00
        2887   3.46440E+02   1.20000E-01   7.72670E-02   1.00970E-04   1.71091E-04   0.00000E+00   1.62002E-03   1.00000E+00   0.00000E+00   7.75157E+00   5.44300E-18            15   6.25821E-10   3.14095E+00
        2888   3.46560E+02   1.20000E-01   7.72670E-02   1.00578E-04   1.70490E-04   0.00000E+00   1.63958E-03   1.00000E+00   0.00000E+00   7.75157E+00   5.41780E-18            15   6.16285E-10   3.14093E+00
        2889   3.46680E+02   1.20000E-01   7.72670E-02   1.00184E-04   1.69889E-04   0.00000E+00   1.65982E-03   1.00000E+00   0.00000E+00   7.75157E+00   5.02516E-18            15   6.17322E-10   3.14092E+00
        2890   3.46800E+02   1.20000E-01   7.72670E-02   9.97892E-05   1.69288E-04   0.00000E+00   1.67858E-03   1.00000E+00   0.00000E+00   7.75157E+00   4.96546E-18            15   6.07431E-10   3.14090E+00
        2891   3.46920E+02   1.20000E-01   7.72670E-02   9.93932E-05   1.68687E-04   0.00000E+00   1.69792E-03   1.00000E+00   0.00000E+00   7.75157E+00   4.88226E-18            15   5.99929E-10   3.14088E+00
        2892   3.47040E+02   1.20000E-01   7.72670E-02   9.89955E-05   1.68087E-04   0.00000E+00   1.71793E-03   1.00000E+00   0.00000E+00   7.75157E+00   4.63019E-18            15   5.97933E-10   3.14086E+00
        2893   3.47160E+02   1.20000E-01   7.72670E-02   9.85965E-05   1.67487E-04   0.00000E+00   1.73643E-03   1.00000E+00   0.00000E+00   7.75157E+00   3.95946E-18            15   5.25431E-10   3.14085E+00
        2894   3.47280E+02   1.20000E-01   7.72670E-02   9.81966E-05   1.66887E-04   0.00000E+00   1.75555E-03   1.00000E+00   0.00000E+00   7.75157E+00   4.52272E-18            15   5.77230E-10   3.14083E+00
        2895   3.47400E+02   1.20000E-01   7.72670E-02   9.77953E-05   1.66286E-04   0.00000E+00   1.77435E-03   1.00000E+00   0.00000E+00   7.75157E+00   4.66474E-18            15   5.71845E-10   3.14081E+00
        2896   3.47520E+02   1.20000E-01   7.72670E-02   9.73927E-05   1.65686E-04   0.00000E+00   1.79275E-03   1.00000E+00   0.00000E+00   7.75157E+00   4.68762E-18            15   5.98218E-10   3.14079E+00
        2897   3.47640E+02   1.20000E-01   7.72670E-02   9.69887E-05   1.65086E-04   0.00000E+00   1.81224E-03   1.00000E+00   0.00000E+00   7.75157E+00   4.88222E-18            15   5.77489E-10   3.14078E+00
        2898   3.47760E+02   1.20000E-01   7.72670E-02   9.65840E-05   1.64485E-04   0.00000E+00   1.83055E-03   1.00000E+00   0.00000E+00   7.75157E+00   4.59479E-18            15   5.97496E-10   3.14076E+00
        2899   3.47880E+02   1.20000E-01   7.72670E-02   9.61776E-05   1.63885E-04   0.00000E+00   1.84913E-03   1.00000E+00   0.00000E+00   7.75157E+00   4.60796E-18            15   5.99447E-10   3.14074E+00
        2900   3.48000E+02   1.20000E-01   7.72670E-02   9.57699E-05   1.63284E-04   0.00000E+00   1.86844E-03   1.00000E+00   0.00000E+00   7.75157E+00   4.85885E-18            15   5.81634E-10   3.14073E+00
        2901   3.48120E+02   1.20000E-01   7.72670E-02   9.53610E-05   1.62683E-04   0.00000E+00   1.88708E-03   1.00000E+00   0.00000E+00   7.75157E+00   4.64708E-18            15   5.85526E-10   3.14071E+00
        2902   3.48240E+02   1.20000E-01   7.72670E-02   9.49513E-05   1.62082E-04   0.00000E+00   1.90434E-03   1.00000E+00   0.00000E+00   7.75157E+00   4.40163E-18            15   5.99197E-10   3.14069E+00
        2903   3.48360E+02   1.20000E-01   7.72670E-02   9.45400E-05   1.61481E-04   0.00000E+00   1.92391E-03   1.00000E+00   0.00000E+00   7.75157E+00   4.69128E-18            15   5.81738E-10   3.14067E+00
        2904   3.48480E+02   1.20000E-01   7.72670E-02   9.41274E-05   1.60879E-04   0.00000E+00   1.94235E-03   1.00000E+00   0.00000E+00   7.75157E+00   4.48426E-18            15   5.83846E-10   3.14066E+00
        2905   3.48600E+02   1.20000E-01   7.72670E-02   9.37136E-05   1.60277E-04   0.00000E+00   1.95993E-03   1.00000E+00   0.00000E+00   7.75157E+00   4.39047E-18            15   5.89828E-10   3.14064E+00
        2906   3.48720E+02   1.20000E-01   7.72670E-02   9.32991E-05   1.59675E-04   0.00000E+00   1.97818E-03   1.00000E+00   0.00000E+00   7.75157E+00   4.38164E-18            15   5.86810E-10   3.14062E+00
        2907   3.48840E+02   1.20000E-01   7.72670E-02   9.28829E-05   1.59072E-04   0.00000E+00   1.99688E-03   1.00000E+00   0.00000E+00   7.75157E+00   4.76905E-18            15   5.82319E-10   3.14061E+00
        2908   3.48960E+02   1.20000E-01   7.72670E-02   9.24655E-05   1.58469E-04   0.00000E+00   2.01425E-03   1.00000E+00   0.00000E+00   7.75157E+00   4.39479E-18            15   5.83246E-10   3.14059E+00
        2909   3.49080E+02   1.20000E-01   7.72670E-02   9.20470E-05   1.57866E-04   0.00000E+00   2.03286E-03   1.00000E+00   0.00000E+00   7.75157E+00   4.41715E-18            15   5.77160E-10   3.14057E+00
        2910   3.49200E+02   1.20000E-01   7.72670E-02   9.16273E-05   1.57262E-04   0.00000E+00   2.05079E-03   1.00000E+00   0.00000E+00   7.75157E+00   4.35484E-18            15   5.76072E-10   3.14056E+00
        2911   3.49320E+02   1.20000E-01   7.72670E-02   9.12064E-05   1.56657E-04   0.00000E+00   2.06790E-03   1.00000E+00   0.00000E+00   7.75157E+00   4.23167E-18            15   5.75139E-10   3.14054E+00
        2912   3.49440E+02   1.20000E-01   7.72670E-02   9.07845E-05   1.56052E-04   0.00000E+00   2.08628E-03   1.00000E+00   0.00000E+00   7.75157E+00   4.40370E-18            15   5.72463E-10   3.14053E+00
        2913   3.49560E+02   1.20000E-01   7.72670E-02   9.03613E-05   1.55447E-04   0.00000E+00   2.10398E-03   1.00000E+00   0.00000E+00   7.75157E+00   4.29503E-18            15   5.69516E-10   3.14051E+00
        2914   3.49680E+02   1.20000E-01   7.72670E-02   8.99375E-05   1.54841E-04   0.00000E+00   2.12085E-03   1.00000E+00   0.00000E+00   7.75157E+00   4.11655E-18            15   5.65350E-10   3.14049E+00
        2915   3.49800E+02   1.20000E-01   7.72670E-02   8.95121E-05   1.54234E-04   0.00000E+00   2.13901E-03   1.00000E+00   0.00000E+00   7.75157E+00   4.32663E-18            15   5.65772E-10   3.14048E+00
        2916   3.49920E+02   1.20000E-01   7.72670E-02   8.90856E-05   1.53627E-04   0.00000E+00   2.15649E-03   1.00000E+00   0.00000E+00   7.75157E+00   4.19362E-18            15   5.60996E-10   3.14046E+00
        2917   3.50040E+02   1.20000E-01   7.72670E-02   8.86585E-05   1.53019E-04   0.00000E+00   2.17313E-03   1.00000E+00   0.00000E+00   7.75157E+00   3.94084E-18            15   5.53862E-10   3.14044E+00
        2918   3.50160E+02   1.20000E-01   7.72670E-02   8.82298E-05   1.52410E-04   0.00000E+00   2.19107E-03   1.00000E+00   0.00000E+00   7.75157E+00   4.18994E-18            15   5.57470E-10   3.14043E+00
        2919   3.50280E+02   1.20000E-01   7.72670E-02   8.78000E-05   1.51801E-04   0.00000E+00   2.20832E-03   1.00000E+00   0.00000E+00   7.75157E+00   4.01369E-18            15   5.50658E-10   3.14041E+00
        2920   3.50400E+02   1.20000E-01   7.72670E-02   8.73691E-05   1.51191E-04   0.00000E+00   2.22545E-03   1.00000E+00   0.00000E+00   7.75157E+00   3.96160E-18            15   5.46362E-10   3.14040E+00
        2921   3.50520E+02   1.20000E-01   7.72670E-02   8.69371E-05   1.50580E-04   0.00000E+00   2.24250E-03   1.00000E+00   0.00000E+00   7.75157E+00   3.89340E-18            15   5.42022E-10   3.14038E+00
        2922   3.50640E+02   1.20000E-01   7.72670E-02   8.65041E-05   1.49968E-04   0.00000E+00   2.25949E-03   1.00000E+00   0.00000E+00   7.75157E+00   3.82325E-18            15   5.37411E-10   3.14036E+00
        2923   3.50760E+02   1.20000E-01   7.72670E-02   8.60701E-05   1.49356E-04   0.00000E+00   2.27639E-03   1.00000E+00   0.00000E+00   7.75157E+00   3.76911E-18            15   5.32498E-10   3.14035E+00
        2924   3.50880E+02   1.20000E-01   7.72670E-02   8.58005E-05   1.48743E-04   0.00000E+00   2.29323E-03   1.00000E+00   0.00000E+00   7.75157E+00   3.68701E-18            15   5.27291E-10   3.14033E+00
        2925   3.51000E+02   1.20000E-01   7.72670E-02   8.55384E-05   1.48129E-04   0.00000E+00   2.30999E-03   1.00000E+00   0.00000E+00   7.75157E+00   3.60387E-18            15   5.21748E-10   3.14032E+00
        2926   3.51120E+02   1.20000E-01   7.72670E-02   8.52748E-05   1.47514E-04   0.00000E+00   2.32668E-03   1.00000E+00   0.00000E+00   7.75157E+00   3.51701E-18            15   5.15878E-10   3.14030E+00
        2927   3.51240E+02   1.20000E-01   7.72670E-02   8.50097E-05   1.46899E-04   0.00000E+00   2.34330E-03   1.00000E+00   0.00000E+00   7.75157E+00   3.44218E-18            15   5.09614E-10   3.14029E+00
        2928   3.51360E+02   1.20000E-01   7.72670E-02   8.47432E-05   1.46283E-04   0.00000E+00   2.35984E-03   1.00000E+00   0.00000E+00   7.75157E+00   3.35581E-18            15   5.02970E-10   3.14027E+00
        2929   3.51480E+02   1.20000E-01   7.72670E-02   8.44753E-05   1.45665E-04   0.00000E+00   2.37632E-03   1.00000E+00   0.00000E+00   7.75157E+00   3.27959E-18            15   4.95939E-10   3.14026E+00
        2930   3.51600E+02   1.20000E-01   7.72670E-02   8.42060E-05   1.45047E-04   0.00000E+00   2.39272E-03   1.00000E+00   0.00000E+00   7.75157E+00   3.15661E-18            15   4.88419E-10   3.14024E+00
        2931   3.51720E+02   1.20000E-01   7.72670E-02   8.39353E-05   1.44428E-04   0.00000E+00   2.40905E-03   1.00000E+00   0.00000E+00   7.75157E+00   3.04426E-18            15   4.80455E-10   3.14023E+00
        2932   3.51840E+02   1.20000E-01   7.72670E-02   8.36631E-05   1.43808E-04   0.00000E+00   2.42531E-03   1.00000E+00   0.00000E+00   7.75157E+00   2.93621E-18            15   4.72022E-10   3.14021E+00
        2933   3.51960E+02   1.20000E-01   7.72670E-02   8.33896E-05   1.43187E-04   0.00000E+00   2.44150E-03   1.00000E+00   0.00000E+00   7.75157E+00   2.83428E-18            15   4.63055E-10   3.14020E+00
        2934   3.52080E+02   1.20000E-01   7.72670E-02   8.31147E-05   1.42566E-04   0.00000E+00   2.45762E-03   1.00000E+00   0.00000E+00   7.75157E+00   2.69447E-18            15   4.53547E-10   3.14018E+00
        2935   3.52200E+02   1.20000E-01   7.72670E-02   8.28385E-05   1.41943E-04   0.00000E+00   2.47367E-03   1.00000E+00   0.00000E+00   7.75157E+00   2.56089E-18            15   4.43484E-10   3.14017E+00
        2936   3.52320E+02   1.20000E-01   7.72670E-02   8.25608E-05   1.41319E-04   0.00000E+00   2.48966E-03   1.00000E+00   0.00000E+00   7.75157E+00   2.43653E-18            15   4.32879E-10   3.14015E+00
        2937   3.52440E+02   1.20000E-01   7.72670E-02   8.22818E-05   1.40695E-04   0.00000E+00   2.50557E-03   1.00000E+00   0.00000E+00   7.75157E+00   2.28749E-18            15   4.21617E-10   3.14014E+00
        2938   3.52560E+02   1.20000E-01   7.72670E-02   8.20015E-05   1.40069E-04   0.00000E+00   2.52141E-03   1.00000E+00   0.00000E+00   7.75157E+00   2.12738E-18            15   4.09771E-10   3.14012E+00
        2939   3.52680E+02   1.20000E-01   7.72670E-02   8.17198E-05   1.39442E-04   0.00000E+00   2.53718E-03   1.00000E+00   0.00000E+00   7.75157E+00   1.98354E-18            15   3.97339E-10   3.14011E+00
        2940   3.52800E+02   1.20000E-01   7.72670E-02   8.14368E-05   1.38815E-04   0.00000E+00   2.55289E-03   1.00000E+00   0.00000E+00   7.75157E+00   1.81555E-18            15   3.84275E-10   3.14009E+00
        2941   3.52920E+02   1.20000E-01   7.72670E-02   8.11525E-05   1.38186E-04   0.00000E+00   2.56852E-03   1.00000E+00   0.00000E+00   7.75157E+00   1.69466E-18            15   3.70641E-10   3.14008E+00
        2942   3.53040E+02   1.20000E-01   7.72670E-02   8.08669E-05   1.37557E-04   0.00000E+00   2.58409E-03   1.00000E+00   0.00000E+00   7.75157E+00   1.61159E-18            15   3.56471E-10   3.14006E+00
        2943   3.53160E+02   1.20000E-01   7.72670E-02   8.05800E-05   1.36926E-04   0.00000E+00   2.59959E-03   1.00000E+00   0.00000E+00   7.75157E+00   1.55371E-18            15   3.41831E-10   3.14005E+00
        2944   3.53280E+02   1.20000E-01   7.72670E-02   8.02918E-05   1.36295E-04   0.00000E+00   2.61502E-03   1.00000E+00   0.00000E+00   7.75157E+00   1.51618E-18            15   3.26748E-10   3.14004E+00
        2945   3.53400E+02   1.20000E-01   7.72670E-02   8.00023E-05   1.35662E-04   0.00000E+00   2.63038E-03   1.00000E+00   0.00000E+00   7.75157E+00   1.58190E-18            15   3.11469E-10   3.14002E+00
        2946   3.53520E+02   1.20000E-01   7.72670E-02   7.97115E-05   1.35028E-04   0.00000E+00   2.64567E-03   1.00000E+00   0.00000E+00   7.75157E+00   1.69394E-18            15   2.95927E-10   3.14001E+00
        2947   3.53640E+02   1.20000E-01   7.72670E-02   7.94195E-05   1.34394E-04   0.00000E+00   2.66090E-03   1.00000E+00   0.00000E+00   7.75157E+00   1.69377E-18            15   2.80491E-10   3.13999E+00
        2948   3.53760E+02   1.20000E-01   7.72670E-02   7.91262E-05   1.33758E-04   0.00000E+00   2.67606E-03   1.00000E+00   0.00000E+00   7.75157E+00   1.77510E-18            15   2.65357E-10   3.13998E+00
        2949   3.53880E+02   1.20000E-01   7.72670E-02   7.88317E-05   1.33121E-04   0.00000E+00   2.69116E-03   1.00000E+00   0.00000E+00   7.75157E+00   1.82713E-18            15   2.50793E-10   3.13996E+00
        2950   3.54000E+02   1.20000E-01   7.72670E-02   7.85359E-05   1.32483E-04   0.00000E+00   2.70620E-03   1.00000E+00   0.00000E+00   7.75157E+00   1.90318E-18            15   2.37191E-10   3.13995E+00
        2951   3.54120E+02   1.20000E-01   7.72670E-02   7.82389E-05   1.31844E-04   0.00000E+00   2.72118E-03   1.00000E+00   0.00000E+00   7.75157E+00   1.98188E-18            15   2.24963E-10   3.13994E+00
        2952   3.54240E+02   1.20000E-01   7.72670E-02   7.79407E-05   1.31204E-04   0.00000E+00   2.73610E-03   1.00000E+00   0.00000E+00   7.75157E+00   1.89800E-18            15   2.14398E-10   3.13992E+00
        2953   3.54360E+02   1.20000E-01   7.72670E-02   7.76413E-05   1.30563E-04   0.00000E+00   2.75095E-03   1.00000E+00   0.00000E+00   7.75157E+00   1.98071E-18            15   2.06134E-10   3.13991E+00
        2954   3.54480E+02   1.20000E-01   7.72670E-02   7.73407E-05   1.29921E-04   0.00000E+00   2.76573E-03   1.00000E+00   0.00000E+00   7.75157E+00   1.96606E-18            15   2.00410E-10   3.13990E+00
        2955   3.54600E+02   1.20000E-01   7.72670E-02   7.70389E-05   1.29278E-04   0.00000E+00   2.78045E-03   1.00000E+00   0.00000E+00   7.75157E+00   1.94705E-18            15   1.97557E-10   3.13988E+00
        2956   3.54720E+02   1.20000E-01   7.72670E-02   7.67359E-05   1.28634E-04   0.00000E+00   2.79509E-03   1.00000E+00   0.00000E+00   7.75157E+00   1.94986E-18            15   1.97753E-10   3.13987E+00
        2957   3.54840E+02   1.20000E-01   7.72670E-02   7.64318E-05   1.27989E-04   0.00000E+00   2.80967E-03   1.00000E+00   0.00000E+00   7.75157E+00   1.88464E-18            15   2.00979E-10   3.13986E+00
        2958   3.54960E+02   1.20000E-01   7.72670E-02   7.61265E-05   1.27343E-04   0.00000E+00   2.82419E-03   1.00000E+00   0.00000E+00   7.75157E+00   1.91317E-18            15   2.06781E-10   3.13984E+00
        2959   3.55080E+02   1.20000E-01   7.72670E-02   7.58200E-05   1.26695E-04   0.00000E+00   2.83863E-03   1.00000E+00   0.00000E+00   7.75157E+00   1.82199E-18            15   2.14952E-10   3.13983E+00
        2960   3.55200E+02   1.20000E-01   7.72670E-02   7.55125E-05   1.26047E-04   0.00000E+00   2.85301E-03   1.00000E+00   0.00000E+00   7.75157E+00   1.76386E-18            15   2.25049E-10   3.13982E+00
        2961   3.55320E+02   1.20000E-01   7.72670E-02   7.52037E-05   1.25398E-04   0.00000E+00   2.86733E-03   1.00000E+00   0.00000E+00   7.75157E+00   1.75381E-18            15   2.36555E-10   3.13980E+00
        2962   3.55440E+02   1.20000E-01   7.72670E-02   7.48939E-05   1.24747E-04   0.00000E+00   2.88157E-03   1.00000E+00   0.00000E+00   7.75157E+00   1.68559E-18            15   2.49099E-10   3.13979E+00
        2963   3.55560E+02   1.20000E-01   7.72670E-02   7.45830E-05   1.24096E-04   0.00000E+00   2.89575E-03   1.00000E+00   0.00000E+00   7.75157E+00   1.65888E-18            15   2.62258E-10   3.13978E+00
        2964   3.55680E+02   1.20000E-01   7.72670E-02   7.42709E-05   1.23443E-04   0.00000E+00   2.90986E-03   1.00000E+00   0.00000E+00   7.75157E+00   1.55700E-18            15   2.75661E-10   3.13976E+00
        2965   3.55800E+02   1.20000E-01   7.72670E-02   7.39578E-05   1.22790E-04   0.00000E+00   2.92391E-03   1.00000E+00   0.00000E+00   7.75157E+00   1.52523E-18            15   2.89264E-10   3.13975E+00
        2966   3.55920E+02   1.20000E-01   7.72670E-02   7.36435E-05   1.22135E-04   0.00000E+00   2.93789E-03   1.00000E+00   0.00000E+00   7.75157E+00   1.46006E-18            15   3.02496E-10   3.13974E+00
        2967   3.56040E+02   1.20000E-01   7.72670E-02   7.33282E-05   1.21479E-04   0.00000E+00   2.95180E-03   1.00000E+00   0.00000E+00   7.75157E+00   1.54168E-18            15   3.15542E-10   3.13973E+00
        2968   3.56160E+02   1.20000E-01   7.72670E-02   7.30119E-05   1.20822E-04   0.00000E+00   2.96564E-03   1.00000E+00   0.00000E+00   7.75157E+00   1.63846E-18            15   3.28149E-10   3.13971E+00
        2969   3.56280E+02   1.20000E-01   7.72670E-02   7.26944E-05   1.20164E-04   0.00000E+00   2.97942E-03   1.00000E+00   0.00000E+00   7.75157E+00   1.66855E-18            15   3.40222E-10   3.13970E+00
        2970   3.56400E+02   1.20000E-01   7.72670E-02   7.23760E-05   1.19505E-04   0.00000E+00   2.99794E-03   1.00000E+00   0.00000E+00   7.75157E+00   1.80232E-18            15   3.51770E-10   3.13969E+00
        2971   3.56520E+02   1.20000E-01   7.72670E-02   7.20565E-05   1.18845E-04   0.00000E+00   3.01806E-03   1.00000E+00   0.00000E+00   7.75157E+00   1.85886E-18            15   3.62727E-10   3.13968E+00
        2972   3.56640E+02   1.20000E-01   7.72670E-02   7.17360E-05   1.18184E-04   0.00000E+00   3.03806E-03   1.00000E+00   0.00000E+00   7.75157E+00   1.92883E-18            15   3.73093E-10   3.13967E+00
        2973   3.56760E+02   1.20000E-01   7.72670E-02   7.14144E-05   1.17522E-04   0.00000E+00   3.05796E-03   1.00000E+00   0.00000E+00   7.75157E+00   1.99466E-18            15   3.82865E-10   3.13965E+00
        2974   3.56880E+02   1.20000E-01   7.72670E-02   7.10919E-05   1.16859E-04   0.00000E+00   3.07774E-03   1.00000E+00   0.00000E+00   7.75157E+00   2.07692E-18            15   3.92034E-10   3.13964E+00
        2975   3.57000E+02   1.20000E-01   7.72670E-02   7.07683E-05   1.16195E-04   0.00000E+00   3.09742E-03   1.00000E+00   0.00000E+00   7.75157E+00   2.15175E-18            15   4.00647E-10   3.13963E+00
        2976   3.57120E+02   1.20000E-01   7.72670E-02   7.04438E-05   1.15529E-04   0.00000E+00   3.11699E-03   1.00000E+00   0.00000E+00   7.75157E+00   2.23290E-18            15   4.08700E-10   3.13962E+00
        2977   3.57240E+02   1.20000E-01   7.72670E-02   7.01183E-05   1.14863E-04   0.00000E+00   3.13644E-03   1.00000E+00   0.00000E+00   7.75157E+00   2.29246E-18            15   4.16227E-10   3.13961E+00
        2978   3.57360E+02   1.20000E-01   7.72670E-02   6.97918E-05   1.14196E-04   0.00000E+00   3.15578E-03   1.00000E+00   0.00000E+00   7.75157E+00   2.35683E-18            15   4.23227E-10   3.13959E+00
        2979   3.57480E+02   1.20000E-01   7.72670E-02   6.94644E-05   1.13527E-04   0.00000E+00   3.17500E-03   1.00000E+00   0.00000E+00   7.75157E+00   2.41899E-18            15   4.29758E-10   3.13958E+00
        2980   3.57600E+02   1.20000E-01   7.72670E-02   6.91360E-05   1.12858E-04   0.00000E+00   3.19411E-03   1.00000E+00   0.00000E+00   7.75157E+00   2.46507E-18            15   4.35853E-10   3.13957E+00
        2981   3.57720E+02   1.20000E-01   7.72670E-02   6.88067E-05   1.12188E-04   0.00000E+00   3.21311E-03   1.00000E+00   0.00000E+00   7.75157E+00   2.52512E-18            15   4.41461E-10   3.13956E+00
        2982   3.57840E+02   1.20000E-01   7.72670E-02   6.84765E-05   1.11516E-04   0.00000E+00   3.23199E-03   1.00000E+00   0.00000E+00   7.75157E+00   2.59697E-18            15   4.46685E-10   3.13955E+00
        2983   3.57960E+02   1.20000E-01   7.72670E-02   6.81453E-05   1.10844E-04   0.00000E+00   3.25075E-03   1.00000E+00   0.00000E+00   7.75157E+00   2.64034E-18            15   4.51515E-10   3.13954E+00
        2984   3.58080E+02   1.20000E-01   7.72670E-02   6.78132E-05   1.10171E-04   0.00000E+00   3.26939E-03   1.00000E+00   0.00000E+00   7.75157E+00   2.67392E-18            15   4.55977E-10   3.13952E+00
        2985   3.58200E+02   1.20000E-01   7.72670E-02   6.74803E-05   1.09496E-04   0.00000E+00   3.28791E-03   1.00000E+00   0.00000E+00   7.75157E+00   2.73029E-18            15   4.60101E-10   3.13951E+00
        2986   3.58320E+02   1.20000E-01   7.72670E-02   6.71464E-05   1.08821E-04   0.00000E+00   3.30631E-03   1.00000E+00   0.00000E+00   7.75157E+00   2.78343E-18            15   4.63878E-10   3.13950E+00
        2987   3.58440E+02   1.20000E-01   7.72670E-02   6.68117E-05   1.08145E-04   0.00000E+00   3.32459E-03   1.00000E+00   0.00000E+00   7.75157E+00   2.80716E-18            15   4.67374E-10   3.13949E+00
        2988   3.58560E+02   1.20000E-01   7.72670E-02   6.64760E-05   1.07468E-04   0.00000E+00   3.34275E-03   1.00000E+00   0.00000E+00   7.75157E+00   2.88054E-18            15   4.70529E-10   3.13948E+00
        2989   3.58680E+02   1.20000E-01   7.72670E-02   6.61396E-05   1.06790E-04   0.00000E+00   3.36078E-03   1.00000E+00   0.00000E+00   7.75157E+00   2.91001E-18            15   4.73447E-10   3.13947E+00
        2990   3.58800E+02   1.20000E-01   7.72670E-02   6.58022E-05   1.06111E-04   0.00000E+00   3.37869E-03   1.00000E+00   0.00000E+00   7.75157E+00   2.93480E-18            15   4.76095E-10   3.13946E+00
        2991   3.58920E+02   1.20000E-01   7.72670E-02   6.54641E-05   1.05431E-04   0.00000E+00   3.39647E-03   1.00000E+00   0.00000E+00   7.75157E+00   2.98813E-18            15   4.78483E-10   3.13945E+00
        2992   3.59040E+02   1.20000E-01   7.72670E-02   6.51250E-05   1.04750E-04   0.00000E+00   3.41413E-03   1.00000E+00   0.00000E+00   7.75157E+00   3.02273E-18            15   4.80650E-10   3.13944E+00
        2993   3.59160E+02   1.20000E-01   7.72670E-02   6.47852E-05   1.04068E-04   0.00000E+00   3.43166E-03   1.00000E+00   0.00000E+00   7.75157E+00   3.05206E-18            15   4.82609E-10   3.13943E+00
        2994   3.59280E+02   1.20000E-01   7.72670E-02   6.44446E-05   1.03385E-04   0.00000E+00   3.44907E-03   1.00000E+00   0.00000E+00   7.75157E+00   3.08592E-18            15   4.84343E-10   3.13942E+00
        2995   3.59400E+02   1.20000E-01   7.72670E-02   6.41031E-05   1.02702E-04   0.00000E+00   3.46634E-03   1.00000E+00   0.00000E+00   7.75157E+00   3.11006E-18            15   4.85888E-10   3.13941E+00
        2996   3.59520E+02   1.20000E-01   7.72670E-02   6.37609E-05   1.02017E-04   0.00000E+00   3.48348E-03   1.00000E+00   0.00000E+00   7.75157E+00   3.14115E-18            15   4.86369E-10   3.13940E+00
        2997   3.59640E+02   1.20000E-01   7.72670E-02   6.34178E-05   1.01332E-04   0.00000E+00   3.50049E-03   1.00000E+00   0.00000E+00   7.75157E+00   3.16312E-18            15   4.87479E-10   3.13939E+00
        2998   3.59760E+02   1.20000E-01   7.72670E-02   6.30740E-05   1.00646E-04   0.00000E+00   3.51737E-03   1.00000E+00   0.00000E+00   7.75157E+00   3.16045E-18            15   4.88428E-10   3.13938E+00
        2999   3.59880E+02   1.20000E-01   7.72670E-02   6.27294E-05   9.99592E-05   0.00000E+00   3.53412E-03   1.00000E+00   0.00000E+00   7.75157E+00   3.20422E-18            15   4.89232E-10   3.13937E+00
        3000   3.60000E+02   1.20000E-01   7.72670E-02   6.23841E-05   9.92715E-05   0.00000E+00   3.55074E-03   1.00000E+00   0.00000E+00   7.75157E+00   3.20506E-18            15   4.89862E-10   3.13936E+00
        3001   3.60120E+02   1.20000E-01   7.72670E-02   6.20380E-05   9.85830E-05   0.00000E+00   3.56722E-03   1.00000E+00   0.00000E+00   7.75157E+00   3.20837E-18            15   4.90348E-10   3.13935E+00
        3002   3.60240E+02   1.20000E-01   7.72670E-02   6.16911E-05   9.78936E-05   0.00000E+00   3.58357E-03   1.00000E+00   0.00000E+00   7.75157E+00   3.22141E-18            15   4.90717E-10   3.13934E+00
        3003   3.60360E+02   1.20000E-01   7.72670E-02   6.13435E-05   9.72036E-05   0.00000E+00   3.59980E-03   1.00000E+00   0.00000E+00   7.75157E+00   3.21337E-18            15   4.90978E-10   3.13933E+00
        3004   3.60480E+02   1.20000E-01   7.72670E-02   6.09952E-05   9.65127E-05   0.00000E+00   3.61589E-03   1.00000E+00   0.00000E+00   7.75157E+00   3.22980E-18            15   4.91072E-10   3.13932E+00
        3005   3.60600E+02   1.20000E-01   7.72670E-02   6.06462E-05   9.59365E-05   0.00000E+00   3.63185E-03   1.00000E+00   0.00000E+00   7.75157E+00   3.23545E-18            15   4.91041E-10   3.13931E+00
        3006   3.60720E+02   1.20000E-01   7.72670E-02   6.02965E-05   9.54031E-05   0.00000E+00   3.64766E-03   1.00000E+00   0.00000E+00   7.75157E+00   3.23573E-18            15   4.90942E-10   3.13930E+00
        3007   3.60840E+02   1.20000E-01   7.72670E-02   5.99461E-05   9.48690E-05   0.00000E+00   3.66333E-03   1.00000E+00   0.00000E+00   7.75157E+00   3.22757E-18            15   4.90708E-10   3.13929E+00
        3008   3.60960E+02   1.20000E-01   7.72670E-02   5.95949E-05   9.43343E-05   0.00000E+00   3.67886E-03   1.00000E+00   0.00000E+00   7.75157E+00   3.20357E-18            15   4.90383E-10   3.13928E+00
        3009   3.61080E+02   1.20000E-01   7.72670E-02   5.92431E-05   9.37988E-05   0.00000E+00   3.69425E-03   1.00000E+00   0.00000E+00   7.75157E+00   3.22899E-18            15   4.89956E-10   3.13927E+00
        3010   3.61200E+02   1.20000E-01   7.72670E-02   5.88907E-05   9.32627E-05   0.00000E+00   3.70949E-03   1.00000E+00   0.00000E+00   7.75157E+00   3.21110E-18            15   4.89429E-10   3.13926E+00
        3011   3.61320E+02   1.20000E-01   7.72670E-02   5.85375E-05   9.27259E-05   0.00000E+00   3.72459E-03   1.00000E+00   0.00000E+00   7.75157E+00   3.20760E-18            15   4.88838E-10   3.13925E+00
        3012   3.61440E+02   1.20000E-01   7.72670E-02   5.81837E-05   9.21884E-05   0.00000E+00   3.73955E-03   1.00000E+00   0.00000E+00   7.75157E+00   3.20049E-18            15   4.88134E-10   3.13924E+00
        3013   3.61560E+02   1.20000E-01   7.72670E-02   5.78293E-05   9.16503E-05   0.00000E+00   3.75436E-03   1.00000E+00   0.00000E+00   7.75157E+00   3.20434E-18            15   4.87376E-10   3.13923E+00
        3014   3.61680E+02   1.20000E-01   7.72670E-02   5.74743E-05   9.11116E-05   0.00000E+00   3.76902E-03   1.00000E+00   0.00000E+00   7.75157E+00   3.17764E-18            15   4.86527E-10   3.13923E+00
        3015   3.61800E+02   1.20000E-01   7.72670E-02   5.71186E-05   9.05722E-05   0.00000E+00   3.78353E-03   1.00000E+00   0.00000E+00   7.75157E+00   3.18908E-18            15   4.85643E-10   3.13922E+00
        3016   3.61920E+02   1.20000E-01   7.72670E-02   5.67623E-05   9.00323E-05   0.00000E+00   3.79790E-03   1.00000E+00   0.00000E+00   7.75157E+00   3.17016E-18            15   4.84651E-10   3.13921E+00
        3017   3.62040E+02   1.20000E-01   7.72670E-02   5.64054E-05   8.94917E-05   0.00000E+00   3.81212E-03   1.00000E+00   0.00000E+00   7.75157E+00   3.15776E-18            15   4.83625E-10   3.13920E+00
        3018   3.62160E+02   1.20000E-01   7.72670E-02   5.60479E-05   8.89505E-05   0.00000E+00   3.82618E-03   1.00000E+00   0.00000E+00   7.75157E+00   3.14852E-18            15   4.82528E-10   3.13919E+00
        3019   3.62280E+02   1.20000E-01   7.72670E-02   5.56898E-05   8.84088E-05   0.00000E+00   3.84010E-03   1.00000E+00   0.00000E+00   7.75157E+00   3.11330E-18            15   4.81395E-10   3.13918E+00
        3020   3.62400E+02   1.20000E-01   7.72670E-02   5.53311E-05   8.78665E-05   0.00000E+00   3.85386E-03   1.00000E+00   0.00000E+00   7.75157E+00   3.11907E-18            15   4.80206E-10   3.13917E+00
        3021   3.62520E+02   1.20000E-01   7.72670E-02   5.49719E-05   8.73236E-05   0.00000E+00   3.86747E-03   1.00000E+00   0.00000E+00   7.75157E+00   3.10141E-18            15   4.78990E-10   3.13917E+00
        3022   3.62640E+02   1.20000E-01   7.72670E-02   5.46121E-05   8.67802E-05   0.00000E+00   3.88093E-03   1.00000E+00   0.00000E+00   7.75157E+00   3.13667E-18            15   4.77770E-10   3.13916E+00
        3023   3.62760E+02   1.20000E-01   7.72670E-02   5.42517E-05   8.62363E-05   0.00000E+00   3.89423E-03   1.00000E+00   0.00000E+00   7.75157E+00   3.12277E-18            15   4.76497E-10   3.13915E+00
        3024   3.62880E+02   1.20000E-01   7.72670E-02   5.38908E-05   8.56918E-05   0.00000E+00   3.90738E-03   1.00000E+00   0.00000E+00   7.75157E+00   3.17446E-18            15   4.75166E-10   3.13914E+00
        3025   3.63000E+02   1.20000E-01   7.72670E-02   5.35294E-05   8.51468E-05   0.00000E+00   3.92038E-03   1.00000E+00   0.00000E+00   7.75157E+00   3.20983E-18            15   4.73792E-10   3.13913E+00
        3026   3.63120E+02   1.20000E-01   7.72670E-02   5.31675E-05   8.46014E-05   0.00000E+00   3.93322E-03   1.00000E+00   0.00000E+00   7.75157E+00   3.21978E-18            15   4.72443E-10   3.13913E+00
        3027   3.63240E+02   1.20000E-01   7.72670E-02   5.28050E-05   8.40554E-05   0.00000E+00   3.94590E-03   1.00000E+00   0.00000E+00   7.75157E+00   3.27226E-18            15   4.71077E-10   3.13912E+00
        3028   3.63360E+02   1.20000E-01   7.72670E-02   5.24421E-05   8.35090E-05   0.00000E+00   3.95843E-03   1.00000E+00   0.00000E+00   7.75157E+00   3.33412E-18            15   4.69636E-10   3.13911E+00
        3029   3.63480E+02   1.20000E-01   7.72670E-02   5.20786E-05   8.29621E-05   0.00000E+00   3.97079E-03   1.00000E+00   0.00000E+00   7.75157E+00   3.34750E-18            15   4.68225E-10   3.13910E+00
        3030   3.63600E+02   1.20000E-01   7.72670E-02   5.17147E-05   8.24148E-05   0.00000E+00   3.98300E-03   1.00000E+00   0.00000E+00   7.75157E+00   3.37422E-18            15   4.66782E-10   3.13910E+00
        3031   3.63720E+02   1.20000E-01   7.72670E-02   5.13503E-05   8.18670E-05   0.00000E+00   3.99505E-03   1.00000E+00   0.00000E+00   7.75157E+00   3.43140E-18            15   4.65370E-10   3.13909E+00
        3032   3.63840E+02   1.20000E-01   7.72670E-02   5.09854E-05   8.13188E-05   0.00000E+00   4.00695E-03   1.00000E+00   0.00000E+00   7.75157E+00   3.48275E-18            15   4.63899E-10   3.13908E+00
        3033   3.63960E+02   1.20000E-01   7.72670E-02   5.06201E-05   8.07702E-05   0.00000E+00   4.01867E-03   1.00000E+00   0.00000E+00   7.75157E+00   3.46015E-18            15   4.62553E-10   3.13908E+00
        3034   3.64080E+02   1.20000E-01   7.72670E-02   5.02543E-05   8.02212E-05   0.00000E+00   4.03025E-03   1.00000E+00   0.00000E+00   7.75157E+00   3.54025E-18            15   4.61046E-10   3.13907E+00
        3035   3.64200E+02   1.20000E-01   7.72670E-02   4.98881E-05   7.96718E-05   0.00000E+00   4.04166E-03   1.00000E+00   0.00000E+00   7.75157E+00   3.56397E-18            15   4.59602E-10   3.13906E+00
        3036   3.64320E+02   1.20000E-01   7.72670E-02   4.95214E-05   7.91221E-05   0.00000E+00   4.05291E-03   1.00000E+00   0.00000E+00   7.75157E+00   3.61341E-18            15   4.58130E-10   3.13905E+00
        3037   3.64440E+02   1.20000E-01   7.72670E-02   4.91544E-05   7.85720E-05   0.00000E+00   4.06399E-03   1.00000E+00   0.00000E+00   7.75157E+00   3.63434E-18            15   4.56774E-10   3.13905E+00
        3038   3.64560E+02   1.20000E-01   7.72670E-02   4.87869E-05   7.80215E-05   0.00000E+00   4.07492E-03   1.00000E+00   0.00000E+00   7.75157E+00   3.71636E-18            15   4.55253E-10   3.13904E+00
        3039   3.64680E+02   1.20000E-01   7.72670E-02   4.84190E-05   7.74707E-05   0.00000E+00   4.08568E-03   1.00000E+00   0.00000E+00   7.75157E+00   3.71694E-18            15   4.53785E-10   3.13903E+00
        3040   3.64800E+02   1.20000E-01   7.72670E-02   4.80508E-05   7.69196E-05   0.00000E+00   4.09629E-03   1.00000E+00   0.00000E+00   7.75157E+00   3.73326E-18            15   4.52316E-10   3.13903E+00
        3041   3.64920E+02   1.20000E-01   7.72670E-02   4.76822E-05   7.63682E-05   0.00000E+00   4.10672E-03   1.00000E+00   0.00000E+00   7.75157E+00   3.77993E-18            15   4.50891E-10   3.13902E+00
        3042   3.65040E+02   1.20000E-01   7.72670E-02   4.73132E-05   7.58164E-05   0.00000E+00   4.11700E-03   1.00000E+00   0.00000E+00   7.75157E+00   3.81801E-18            15   4.49392E-10   3.13901E+00
        3043   3.65160E+02   1.20000E-01   7.72670E-02   4.69438E-05   7.52644E-05   0.00000E+00   4.12711E-03   1.00000E+00   0.00000E+00   7.75157E+00   3.86917E-18            15   4.47912E-10   3.13901E+00
        3044   3.65280E+02   1.20000E-01   7.72670E-02   4.65741E-05   7.47122E-05   0.00000E+00   4.13706E-03   1.00000E+00   0.00000E+00   7.75157E+00   3.94803E-18            15   4.46403E-10   3.13900E+00
        3045   3.65400E+02   1.20000E-01   7.72670E-02   4.62040E-05   7.41597E-05   0.00000E+00   4.14684E-03   1.00000E+00   0.00000E+00   7.75157E+00   3.94829E-18            15   4.44909E-10   3.13900E+00
        3046   3.65520E+02   1.20000E-01   7.72670E-02   4.58336E-05   7.36069E-05   0.00000E+00   4.15646E-03   1.00000E+00   0.00000E+00   7.75157E+00   3.98248E-18            15   4.43407E-10   3.13899E+00
        3047   3.65640E+02   1.20000E-01   7.72670E-02   4.54629E-05   7.30539E-05   0.00000E+00   4.16592E-03   1.00000E+00   0.00000E+00   7.75157E+00   4.03400E-18            15   4.41795E-10   3.13898E+00
        3048   3.65760E+02   1.20000E-01   7.72670E-02   4.50919E-05   7.25007E-05   0.00000E+00   4.17521E-03   1.00000E+00   0.00000E+00   7.75157E+00   4.02521E-18            15   4.40289E-10   3.13898E+00
        3049   3.65880E+02   1.20000E-01   7.72670E-02   4.47206E-05   7.19473E-05   0.00000E+00   4.18434E-03   1.00000E+00   0.00000E+00   7.75157E+00   4.14039E-18            15   4.38730E-10   3.13897E+00
        3050   3.66000E+02   1.20000E-01   7.72670E-02   4.43490E-05   7.13937E-05   0.00000E+00   4.19330E-03   1.00000E+00   0.00000E+00   7.75157E+00   4.13285E-18            15   4.37075E-10   3.13897E+00
        3051   3.66120E+02   1.20000E-01   7.72670E-02   4.39771E-05   7.08400E-05   0.00000E+00   4.20210E-03   1.00000E+00   0.00000E+00   7.75157E+00   4.16236E-18            15   4.35498E-10   3.13896E+00
        3052   3.66240E+02   1.20000E-01   7.72670E-02   4.36049E-05   7.02860E-05   0.00000E+00   4.21074E-03   1.00000E+00   0.00000E+00   7.75157E+00   4.23929E-18            15   4.33897E-10   3.13896E+00
        3053   3.66360E+02   1.20000E-01   7.72670E-02   4.32325E-05   6.97320E-05   0.00000E+00   4.21920E-03   1.00000E+00   0.00000E+00   7.75157E+00   4.25876E-18            15   4.32164E-10   3.13895E+00
        3054   3.66480E+02   1.20000E-01   7.72670E-02   4.28598E-05   6.91778E-05   0.00000E+00   4.22751E-03   1.00000E+00   0.00000E+00   7.75157E+00   4.27249E-18            15   4.30519E-10   3.13895E+00
        3055   3.66600E+02   1.20000E-01   7.72670E-02   4.24868E-05   6.86235E-05   0.00000E+00   4.23565E-03   1.00000E+00   0.00000E+00   7.75157E+00   4.31406E-18            15   4.28868E-10   3.13894E+00
        3056   3.66720E+02   1.20000E-01   7.72670E-02   4.21137E-05   6.80690E-05   0.00000E+00   4.24362E-03   1.00000E+00   0.00000E+00   7.75157E+00   4.35670E-18            15   4.27064E-10   3.13893E+00
        3057   3.66840E+02   1.20000E-01   7.72670E-02   4.17403E-05   6.75145E-05   0.00000E+00   4.25146E-03   1.00000E+00   0.00000E+00   7.75157E+00   4.37612E-18            15   4.25399E-10   3.13893E+00
        3058   3.66960E+02   1.20000E-01   7.72670E-02   4.13667E-05   6.69599E-05   0.00000E+00   4.25912E-03   1.00000E+00   0.00000E+00   7.75157E+00   4.47706E-18            15   4.23749E-10   3.13892E+00
        3059   3.67080E+02   1.20000E-01   7.72670E-02   4.09929E-05   6.64053E-05   0.00000E+00   4.26661E-03   1.00000E+00   0.00000E+00   7.75157E+00   4.47272E-18            15   4.21914E-10   3.13892E+00
        3060   3.67200E+02   1.20000E-01   7.72670E-02   4.06188E-05   6.58506E-05   0.00000E+00   4.27395E-03   1.00000E+00   0.00000E+00   7.75157E+00   4.50705E-18            15   4.20180E-10   3.13891E+00
        3061   3.67320E+02   1.20000E-01   7.72670E-02   4.02446E-05   6.52958E-05   0.00000E+00   4.28113E-03   1.00000E+00   0.00000E+00   7.75157E+00   4.53976E-18            15   4.18440E-10   3.13891E+00
        3062   3.67440E+02   1.20000E-01   7.72670E-02   3.98703E-05   6.47411E-05   0.00000E+00   4.28813E-03   1.00000E+00   0.00000E+00   7.75157E+00   4.60417E-18            15   4.16579E-10   3.13891E+00
        3063   3.67560E+02   1.20000E-01   7.72670E-02   3.94957E-05   6.41863E-05   0.00000E+00   4.29498E-03   1.00000E+00   0.00000E+00   7.75157E+00   4.57820E-18            15   4.14933E-10   3.13890E+00
        3064   3.67680E+02   1.20000E-01   7.72670E-02   3.91210E-05   6.36315E-05   0.00000E+00   4.30166E-03   1.00000E+00   0.00000E+00   7.75157E+00   4.66362E-18            15   4.13152E-10   3.13890E+00
        3065   3.67800E+02   1.20000E-01   7.72670E-02   3.87565E-05   6.30768E-05   0.00000E+00   4.30818E-03   1.00000E+00   0.00000E+00   7.75157E+00   4.70929E-18            15   4.11275E-10   3.13889E+00
        3066   3.67920E+02   1.20000E-01   7.72670E-02   3.85099E-05   6.25221E-05   0.00000E+00   4.31454E-03   1.00000E+00   0.00000E+00   7.75157E+00   4.70984E-18            15   4.09481E-10   3.13889E+00
        3067   3.68040E+02   1.20000E-01   7.72670E-02   3.82629E-05   6.19674E-05   0.00000E+00   4.32073E-03   1.00000E+00   0.00000E+00   7.75157E+00   4.76735E-18            15   4.07707E-10   3.13888E+00
        3068   3.68160E+02   1.20000E-01   7.72670E-02   3.80154E-05   6.14128E-05   0.00000E+00   4.32677E-03   1.00000E+00   0.00000E+00   7.75157E+00   4.84077E-18            15   4.05833E-10   3.13888E+00
        3069   3.68280E+02   1.20000E-01   7.72670E-02   3.77676E-05   6.08583E-05   0.00000E+00   4.33264E-03   1.00000E+00   0.00000E+00   7.75157E+00   4.81951E-18            15   4.04100E-10   3.13888E+00
        3070   3.68400E+02   1.20000E-01   7.72670E-02   3.75193E-05   6.03039E-05   0.00000E+00   4.33835E-03   1.00000E+00   0.00000E+00   7.75157E+00   4.87040E-18            15   4.02344E-10   3.13887E+00
        3071   3.68520E+02   1.20000E-01   7.72670E-02   3.74830E-05   5.97495E-05   0.00000E+00   4.34390E-03   1.00000E+00   0.00000E+00   7.75157E+00   4.93246E-18            15   4.00531E-10   3.13887E+00
        3072   3.68640E+02   1.20000E-01   7.72670E-02   3.74598E-05   5.91953E-05   0.00000E+00   4.34930E-03   1.00000E+00   0.00000E+00   7.75157E+00   4.92676E-18            15   3.98882E-10   3.13886E+00
        3073   3.68760E+02   1.20000E-01   7.72670E-02   3.74359E-05   5.86412E-05   0.00000E+00   4.35453E-03   1.00000E+00   0.00000E+00   7.75157E+00   5.00814E-18            15   3.97203E-10   3.13886E+00
        3074   3.68880E+02   1.20000E-01   7.72670E-02   3.74112E-05   5.80873E-05   0.00000E+00   4.35961E-03   1.00000E+00   0.00000E+00   7.75157E+00   5.04632E-18            15   3.95477E-10   3.13886E+00
        3075   3.69000E+02   1.20000E-01   7.72670E-02   3.73859E-05   5.75335E-05   0.00000E+00   4.36452E-03   1.00000E+00   0.00000E+00   7.75157E+00   5.05625E-18            15   3.93905E-10   3.13885E+00
        3076   3.69120E+02   1.20000E-01   7.72670E-02   3.73599E-05   5.69798E-05   0.00000E+00   4.36929E-03   1.00000E+00   0.00000E+00   7.75157E+00   5.11792E-18            15   3.92403E-10   3.13885E+00
        3077   3.69240E+02   1.20000E-01   7.72670E-02   3.73331E-05   5.64264E-05   0.00000E+00   4.37389E-03   1.00000E+00   0.00000E+00   7.75157E+00   5.17167E-18            15   3.90825E-10   3.13885E+00
        3078   3.69360E+02   1.20000E-01   7.72670E-02   3.73057E-05   5.58732E-05   0.00000E+00   4.37833E-03   1.00000E+00   0.00000E+00   7.75157E+00   5.14205E-18            15   3.89423E-10   3.13884E+00
        3079   3.69480E+02   1.20000E-01   7.72670E-02   3.72775E-05   5.53201E-05   0.00000E+00   4.38263E-03   1.00000E+00   0.00000E+00   7.75157E+00   5.24079E-18            15   3.88101E-10   3.13884E+00
        3080   3.69600E+02   1.20000E-01   7.72670E-02   3.72486E-05   5.47673E-05   0.00000E+00   4.38676E-03   1.00000E+00   0.00000E+00   7.75157E+00   5.26877E-18            15   3.86742E-10   3.13884E+00
        3081   3.69720E+02   1.20000E-01   7.72670E-02   3.72190E-05   5.42148E-05   0.00000E+00   4.39074E-03   1.00000E+00   0.00000E+00   7.75157E+00   5.28122E-18            15   3.85572E-10   3.13883E+00
        3082   3.69840E+02   1.20000E-01   7.72670E-02   3.71886E-05   5.36624E-05   0.00000E+00   4.39458E-03   1.00000E+00   0.00000E+00   7.75157E+00   5.33598E-18            15   3.84500E-10   3.13883E+00
        3083   3.69960E+02   1.20000E-01   7.72670E-02   3.71575E-05   5.31104E-05   0.00000E+00   4.39825E-03   1.00000E+00   0.00000E+00   7.75157E+00   5.38769E-18            15   3.83434E-10   3.13883E+00
        3084   3.70080E+02   1.20000E-01   7.72670E-02   3.71257E-05   5.25586E-05   0.00000E+00   4.40177E-03   1.00000E+00   0.00000E+00   7.75157E+00   5.41163E-18            15   3.82558E-10   3.13882E+00
        3085   3.70200E+02   1.20000E-01   7.72670E-02   3.70932E-05   5.20072E-05   0.00000E+00   4.40515E-03   1.00000E+00   0.00000E+00   7.75157E+00   5.45598E-18            15   3.81800E-10   3.13882E+00
        3086   3.70320E+02   1.20000E-01   7.72670E-02   3.70599E-05   5.14560E-05   0.00000E+00   4.40837E-03   1.00000E+00   0.00000E+00   7.75157E+00   5.52024E-18            15   3.81101E-10   3.13882E+00
        3087   3.70440E+02   1.20000E-01   7.72670E-02   3.70259E-05   5.09051E-05   0.00000E+00   4.41143E-03   1.00000E+00   0.00000E+00   7.75157E+00   5.51795E-18            15   3.80595E-10   3.13882E+00
        3088   3.70560E+02   1.20000E-01   7.72670E-02   3.69911E-05   5.03546E-05   0.00000E+00   4.41436E-03   1.00000E+00   0.00000E+00   7.75157E+00   5.57331E-18            15   3.80240E-10   3.13881E+00
        3089   3.70680E+02   1.20000E-01   7.72670E-02   3.69556E-05   4.98044E-05   0.00000E+00   4.41714E-03   1.00000E+00   0.00000E+00   7.75157E+00   5.62963E-18            15   3.79975E-10   3.13881E+00
        3090   3.70800E+02   1.20000E-01   7.72670E-02   3.69193E-05   4.92546E-05   0.00000E+00   4.41976E-03   1.00000E+00   0.00000E+00   7.75157E+00   5.63121E-18            15   3.79916E-10   3.13881E+00
        3091   3.70920E+02   1.20000E-01   7.72670E-02   3.68823E-05   4.87052E-05   0.00000E+00   4.42225E-03   1.00000E+00   0.00000E+00   7.75157E+00   5.70404E-18            15   3.80025E-10   3.13881E+00
        3092   3.71040E+02   1.20000E-01   7.72670E-02   3.68445E-05   4.81561E-05   0.00000E+00   4.42458E-03   1.00000E+00   0.00000E+00   7.75157E+00   5.74107E-18            15   3.80111E-10   3.13881E+00
        3093   3.71160E+02   1.20000E-01   7.72670E-02   3.68060E-05   4.76074E-05   0.00000E+00   4.42677E-03   1.00000E+00   0.00000E+00   7.75157E+00   5.72951E-18            15   3.80587E-10   3.13880E+00
        3094   3.71280E+02   1.20000E-01   7.72670E-02   3.67667E-05   4.70592E-05   0.00000E+00   4.42882E-03   1.00000E+00   0.00000E+00   7.75157E+00   5.78718E-18            15   3.81257E-10   3.13880E+00
        3095   3.71400E+02   1.20000E-01   7.72670E-02   3.67267E-05   4.65113E-05   0.00000E+00   4.43072E-03   1.00000E+00   0.00000E+00   7.75157E+00   5.84431E-18            15   3.82109E-10   3.13880E+00
        3096   3.71520E+02   1.20000E-01   7.72670E-02   3.66860E-05   4.59639E-05   0.00000E+00   4.43248E-03   1.00000E+00   0.00000E+00   7.75157E+00   5.83757E-18            15   3.83164E-10   3.13880E+00
        3097   3.71640E+02   1.20000E-01   7.72670E-02   3.66444E-05   4.54170E-05   0.00000E+00   4.43411E-03   1.00000E+00   0.00000E+00   7.75157E+00   5.89052E-18            15   3.84399E-10   3.13880E+00
        3098   3.71760E+02   1.20000E-01   7.72670E-02   3.66021E-05   4.48705E-05   0.00000E+00   4.43559E-03   1.00000E+00   0.00000E+00   7.75157E+00   5.93923E-18            15   3.85837E-10   3.13879E+00
        3099   3.71880E+02   1.20000E-01   7.72670E-02   3.65591E-05   4.43245E-05   0.00000E+00   4.43693E-03   1.00000E+00   0.00000E+00   7.75157E+00   5.91168E-18            15   3.87525E-10   3.13879E+00
        3100   3.72000E+02   1.20000E-01   7.72670E-02   3.65153E-05   4.37790E-05   0.00000E+00   4.43814E-03   1.00000E+00   0.00000E+00   7.75157E+00   5.96191E-18            15   3.89358E-10   3.13879E+00
        3101   3.72120E+02   1.20000E-01   7.72670E-02   3.64707E-05   4.32339E-05   0.00000E+00   4.43920E-03   1.00000E+00   0.00000E+00   7.75157E+00   6.01739E-18            15   3.91378E-10   3.13879E+00
        3102   3.72240E+02   1.20000E-01   7.72670E-02   3.64254E-05   4.26894E-05   0.00000E+00   4.44014E-03   1.00000E+00   0.00000E+00   7.75157E+00   5.96936E-18            15   3.93563E-10   3.13879E+00
        3103   3.72360E+02   1.20000E-01   7.72670E-02   3.63793E-05   4.21454E-05   0.00000E+00   4.44096E-03   1.00000E+00   0.00000E+00   7.75157E+00   6.00334E-18            15   3.95887E-10   3.13879E+00
        3104   3.72480E+02   1.20000E-01   7.72670E-02   3.63325E-05   4.16020E-05   0.00000E+00   4.44164E-03   1.00000E+00   0.00000E+00   7.75157E+00   6.02270E-18            15   3.98414E-10   3.13879E+00
        3105   3.72600E+02   1.20000E-01   7.72670E-02   3.62849E-05   4.10590E-05   0.00000E+00   4.44219E-03   1.00000E+00   0.00000E+00   7.75157E+00   6.00658E-18            15   4.01069E-10   3.13878E+00
        3106   3.72720E+02   1.20000E-01   7.72670E-02   3.62366E-05   4.05167E-05   0.00000E+00   4.44260E-03   1.00000E+00   0.00000E+00   7.75157E+00   6.02459E-18            15   4.03820E-10   3.13878E+00
        3107   3.72840E+02   1.20000E-01   7.72670E-02   3.61875E-05   3.99749E-05   0.00000E+00   4.44290E-03   1.00000E+00   0.00000E+00   7.75157E+00   6.04847E-18            15   4.06786E-10   3.13878E+00
        3108   3.72960E+02   1.20000E-01   7.72670E-02   3.61376E-05   3.95466E-05   0.00000E+00   4.44305E-03   1.00000E+00   0.00000E+00   7.75157E+00   6.00234E-18            15   4.09866E-10   3.13878E+00
        3109   3.73080E+02   1.20000E-01   7.72670E-02   3.60870E-05   3.91675E-05   0.00000E+00   4.44308E-03   1.00000E+00   0.00000E+00   7.75157E+00   6.02292E-18            15   4.12939E-10   3.13878E+00
        3110   3.73200E+02   1.20000E-01   7.72670E-02   3.60357E-05   3.87884E-05   0.00000E+00   4.44298E-03   1.00000E+00   0.00000E+00   7.75157E+00   6.03178E-18            15   4.16191E-10   3.13878E+00
        3111   3.73320E+02   1.20000E-01   7.72670E-02   3.62727E-05   3.84096E-05   0.00000E+00   4.44275E-03   1.00000E+00   0.00000E+00   7.75157E+00   5.97733E-18            15   4.19478E-10   3.13878E+00
        3112   3.73440E+02   1.20000E-01   7.72670E-02   3.65769E-05   3.80309E-05   0.00000E+00   4.44240E-03   1.00000E+00   0.00000E+00   7.75157E+00   5.99800E-18            15   4.22770E-10   3.13878E+00
        3113   3.73560E+02   1.20000E-01   7.72670E-02   3.68795E-05   3.76523E-05   0.00000E+00   4.44192E-03   1.00000E+00   0.00000E+00   7.75157E+00   5.98043E-18            15   4.26214E-10   3.13878E+00
        3114   3.73680E+02   1.20000E-01   7.72670E-02   3.71806E-05   3.72740E-05   0.00000E+00   4.44132E-03   1.00000E+00   0.00000E+00   7.75157E+00   6.83776E-18            15   4.24624E-10   3.13878E+00
        3115   3.73800E+02   1.20000E-01   7.72670E-02   3.74804E-05   3.68958E-05   0.00000E+00   4.44059E-03   1.00000E+00   0.00000E+00   7.75157E+00   6.84757E-18            15   4.27705E-10   3.13878E+00
        3116   3.73920E+02   1.20000E-01   7.72670E-02   3.77789E-05   3.65177E-05   0.00000E+00   4.43975E-03   1.00000E+00   0.00000E+00   7.75157E+00   6.79958E-18            15   4.30844E-10   3.13878E+00
        3117   3.74040E+02   1.20000E-01   7.72670E-02   3.80759E-05   3.61399E-05   0.00000E+00   4.43878E-03   1.00000E+00   0.00000E+00   7.75157E+00   6.66540E-18            15   4.31658E-10   3.13878E+00
        3118   3.74160E+02   1.20000E-01   7.72670E-02   3.83716E-05   3.57622E-05   0.00000E+00   4.43769E-03   1.00000E+00   0.00000E+00   7.75157E+00   6.65145E-18            15   4.34832E-10   3.13878E+00
        3119   3.74280E+02   1.20000E-01   7.72670E-02   3.86659E-05   3.53848E-05   0.00000E+00   4.43648E-03   1.00000E+00   0.00000E+00   7.75157E+00   6.62868E-18            15   4.40100E-10   3.13878E+00
        3120   3.74400E+02   1.20000E-01   7.72670E-02   3.89587E-05   3.50076E-05   0.00000E+00   4.43516E-03   1.00000E+00   0.00000E+00   7.75157E+00   6.54072E-18            15   4.43344E-10   3.13878E+00
        3121   3.74520E+02   1.20000E-01   7.72670E-02   3.92501E-05   3.46305E-05   0.00000E+00   4.43372E-03   1.00000E+00   0.00000E+00   7.75157E+00   5.09585E-18            15   5.13524E-10   3.13878E+00
        3122   3.74640E+02   1.20000E-01   7.72670E-02   3.95401E-05   3.42534E-05   0.00000E+00   4.43219E-03   1.00000E+00   0.00000E+00   7.75157E+00   5.61488E-18            15   5.31014E-10   3.13878E+00
        3123   3.74760E+02   1.20000E-01   7.72670E-02   3.98285E-05   3.38763E-05   0.00000E+00   4.43051E-03   1.00000E+00   0.00000E+00   7.75157E+00   5.59830E-18            15   5.34197E-10   3.13878E+00
        3124   3.74880E+02   1.20000E-01   7.72670E-02   4.01154E-05   3.34992E-05   0.00000E+00   4.42873E-03   1.00000E+00   0.00000E+00   7.75157E+00   5.55701E-18            15   5.37219E-10   3.13878E+00
        3125   3.75000E+02   1.20000E-01   7.72670E-02   4.04009E-05   3.31222E-05   0.00000E+00   4.42683E-03   1.00000E+00   0.00000E+00   7.75157E+00   5.53802E-18            15   5.40513E-10   3.13878E+00
        3126   3.75120E+02   1.20000E-01   7.72670E-02   4.06848E-05   3.27452E-05   0.00000E+00   4.42482E-03   1.00000E+00   0.00000E+00   7.75157E+00   5.51856E-18            15   5.43496E-10   3.13878E+00
        3127   3.75240E+02   1.20000E-01   7.72670E-02   4.09672E-05   3.23682E-05   0.00000E+00   4.42270E-03   1.00000E+00   0.00000E+00   7.75157E+00   5.47929E-18            15   5.46370E-10   3.13878E+00
        3128   3.75360E+02   1.20000E-01   7.72670E-02   4.12481E-05   3.19911E-05   0.00000E+00   4.42046E-03   1.00000E+00   0.00000E+00   7.75157E+00   6.56776E-18            15   5.66007E-10   3.13878E+00
        3129   3.75480E+02   1.20000E-01   7.72670E-02   4.15272E-05   3.16136E-05   0.00000E+00   4.41811E-03   1.00000E+00   0.00000E+00   7.75157E+00   6.59032E-18            15   5.68358E-10   3.13878E+00
        3130   3.75600E+02   1.20000E-01   7.72670E-02   4.18048E-05   3.12359E-05   0.00000E+00   4.41566E-03   1.00000E+00   0.00000E+00   7.75157E+00   6.62657E-18            15   5.70661E-10   3.13878E+00
        3131   3.75720E+02   1.20000E-01   7.72670E-02   4.20808E-05   3.08580E-05   0.00000E+00   4.41309E-03   1.00000E+00   0.00000E+00   7.75157E+00   6.66131E-18            15   5.72956E-10   3.13878E+00
        3132   3.75840E+02   1.20000E-01   7.72670E-02   4.23552E-05   3.04798E-05   0.00000E+00   4.41028E-03   1.00000E+00   0.00000E+00   7.75157E+00   6.67338E-18            15   5.75281E-10   3.13878E+00
        3133   3.75960E+02   1.20000E-01   7.72670E-02   4.26281E-05   3.01014E-05   0.00000E+00   4.40748E-03   1.00000E+00   0.00000E+00   7.75157E+00   5.78781E-18            15   6.27447E-10   3.13878E+00
        3134   3.76080E+02   1.20000E-01   7.72670E-02   4.28993E-05   2.97227E-05   0.00000E+00   4.40459E-03   1.00000E+00   0.00000E+00   7.75157E+00   5.66692E-18            15   6.38020E-10   3.13879E+00
        3135   3.76200E+02   1.20000E-01   7.72670E-02   4.31688E-05   2.93438E-05   0.00000E+00   4.40151E-03   1.00000E+00   0.00000E+00   7.75157E+00   5.72829E-18            15   6.42366E-10   3.13879E+00
        3136   3.76320E+02   1.20000E-01   7.72670E-02   4.34368E-05   2.89647E-05   0.00000E+00   4.39842E-03   1.00000E+00   0.00000E+00   7.75157E+00   6.11719E-18            15   6.63189E-10   3.13879E+00
        3137   3.76440E+02   1.20000E-01   7.72670E-02   4.37030E-05   2.85852E-05   0.00000E+00   4.39522E-03   1.00000E+00   0.00000E+00   7.75157E+00   5.94139E-18            15   6.65461E-10   3.13879E+00
        3138   3.76560E+02   1.20000E-01   7.72670E-02   4.39676E-05   2.82056E-05   0.00000E+00   4.39192E-03   1.00000E+00   0.00000E+00   7.75157E+00   5.72214E-18            15   6.66684E-10   3.13879E+00
        3139   3.76680E+02   1.20000E-01   7.72670E-02   4.42305E-05   2.78257E-05   0.00000E+00   4.38852E-03   1.00000E+00   0.00000E+00   7.75157E+00   5.73322E-18            15   6.69716E-10   3.13879E+00
        3140   3.76800E+02   1.20000E-01   7.72670E-02   4.44918E-05   2.74455E-05   0.00000E+00   4.38502E-03   1.00000E+00   0.00000E+00   7.75157E+00   5.70592E-18            15   6.71744E-10   3.13879E+00
        3141   3.76920E+02   1.20000E-01   7.72670E-02   4.47514E-05   2.70652E-05   0.00000E+00   4.38141E-03   1.00000E+00   0.00000E+00   7.75157E+00   5.70015E-18            15   6.77482E-10   3.13879E+00
        3142   3.77040E+02   1.20000E-01   7.72670E-02   4.50093E-05   2.66847E-05   0.00000E+00   4.37771E-03   1.00000E+00   0.00000E+00   7.75157E+00   5.76861E-18            15   6.76104E-10   3.13880E+00
        3143   3.77160E+02   1.20000E-01   7.72670E-02   4.52655E-05   2.63038E-05   0.00000E+00   4.37391E-03   1.00000E+00   0.00000E+00   7.75157E+00   6.47860E-18            15   6.62614E-10   3.13880E+00
        3144   3.77280E+02   1.20000E-01   7.72670E-02   4.55198E-05   2.59226E-05   0.00000E+00   4.37002E-03   1.00000E+00   0.00000E+00   7.75157E+00   6.49912E-18            15   6.64631E-10   3.13880E+00
        3145   3.77400E+02   1.20000E-01   7.72670E-02   4.57725E-05   2.55411E-05   0.00000E+00   4.36601E-03   1.00000E+00   0.00000E+00   7.75157E+00   6.48913E-18            15   6.67118E-10   3.13880E+00
        3146   3.77520E+02   1.20000E-01   7.72670E-02   4.60233E-05   2.51593E-05   0.00000E+00   4.36191E-03   1.00000E+00   0.00000E+00   7.75157E+00   6.48295E-18            15   6.69896E-10   3.13880E+00
        3147   3.77640E+02   1.20000E-01   7.72670E-02   4.62723E-05   2.47772E-05   0.00000E+00   4.35771E-03   1.00000E+00   0.00000E+00   7.75157E+00   6.46530E-18            15   6.72556E-10   3.13880E+00
        3148   3.77760E+02   1.20000E-01   7.72670E-02   4.65196E-05   2.43948E-05   0.00000E+00   4.35342E-03   1.00000E+00   0.00000E+00   7.75157E+00   6.45674E-18            15   6.74953E-10   3.13881E+00
        3149   3.77880E+02   1.20000E-01   7.72670E-02   4.67651E-05   2.40122E-05   0.00000E+00   4.34904E-03   1.00000E+00   0.00000E+00   7.75157E+00   6.45580E-18            15   6.77349E-10   3.13881E+00
        3150   3.78000E+02   1.20000E-01   7.72670E-02   4.70087E-05   2.36292E-05   0.00000E+00   4.34456E-03   1.00000E+00   0.00000E+00   7.75157E+00   6.43366E-18            15   6.79771E-10   3.13881E+00
        3151   3.78120E+02   1.20000E-01   7.72670E-02   4.72506E-05   2.32461E-05   0.00000E+00   4.33999E-03   1.00000E+00   0.00000E+00   7.75157E+00   6.41867E-18            15   6.81815E-10   3.13881E+00
        3152   3.78240E+02   1.20000E-01   7.72670E-02   4.74907E-05   2.28627E-05   0.00000E+00   4.33533E-03   1.00000E+00   0.00000E+00   7.75157E+00   6.40298E-18            15   6.84028E-10   3.13882E+00
        3153   3.78360E+02   1.20000E-01   7.72670E-02   4.77290E-05   2.24791E-05   0.00000E+00   4.33058E-03   1.00000E+00   0.00000E+00   7.75157E+00   6.38888E-18            15   6.86741E-10   3.13882E+00
        3154   3.78480E+02   1.20000E-01   7.72670E-02   4.79654E-05   2.20953E-05   0.00000E+00   4.32573E-03   1.00000E+00   0.00000E+00   7.75157E+00   6.36944E-18            15   6.88790E-10   3.13882E+00
        3155   3.78600E+02   1.20000E-01   7.72670E-02   4.82001E-05   2.17113E-05   0.00000E+00   4.32080E-03   1.00000E+00   0.00000E+00   7.75157E+00   6.35771E-18            15   6.90825E-10   3.13882E+00
        3156   3.78720E+02   1.20000E-01   7.72670E-02   4.84330E-05   2.20495E-05   0.00000E+00   4.31577E-03   1.00000E+00   0.00000E+00   7.75157E+00   6.34849E-18            15   6.92893E-10   3.13883E+00
        3157   3.78840E+02   1.20000E-01   7.72670E-02   4.86641E-05   2.25852E-05   0.00000E+00   4.31065E-03   1.00000E+00   0.00000E+00   7.75157E+00   6.32888E-18            15   6.94694E-10   3.13883E+00
        3158   3.78960E+02   1.20000E-01   7.72670E-02   4.88933E-05   2.31187E-05   0.00000E+00   4.30544E-03   1.00000E+00   0.00000E+00   7.75157E+00   6.30241E-18            15   6.96575E-10   3.13883E+00
        3159   3.79080E+02   1.20000E-01   7.72670E-02   4.91208E-05   2.36502E-05   0.00000E+00   4.30014E-03   1.00000E+00   0.00000E+00   7.75157E+00   6.32349E-18            15   6.98492E-10   3.13883E+00
        3160   3.79200E+02   1.20000E-01   7.72670E-02   4.93464E-05   2.41797E-05   0.00000E+00   4.29475E-03   1.00000E+00   0.00000E+00   7.75157E+00   6.33875E-18            15   7.00235E-10   3.13884E+00
        3161   3.79320E+02   1.20000E-01   7.72670E-02   4.95703E-05   2.47070E-05   0.00000E+00   4.28927E-03   1.00000E+00   0.00000E+00   7.75157E+00   6.34488E-18            15   7.01971E-10   3.13884E+00
        3162   3.79440E+02   1.20000E-01   7.72670E-02   4.97923E-05   2.52323E-05   0.00000E+00   4.28370E-03   1.00000E+00   0.00000E+00   7.75157E+00   6.36456E-18            15   7.03754E-10   3.13884E+00
        3163   3.79560E+02   1.20000E-01   7.72670E-02   5.00125E-05   2.57555E-05   0.00000E+00   4.27805E-03   1.00000E+00   0.00000E+00   7.75157E+00   6.36190E-18            15   7.05362E-10   3.13884E+00
        3164   3.79680E+02   1.20000E-01   7.72670E-02   5.02309E-05   2.62767E-05   0.00000E+00   4.27231E-03   1.00000E+00   0.00000E+00   7.75157E+00   6.37551E-18            15   7.06981E-10   3.13885E+00
        3165   3.79800E+02   1.20000E-01   7.72670E-02   5.04475E-05   2.67958E-05   0.00000E+00   4.26648E-03   1.00000E+00   0.00000E+00   7.75157E+00   6.39666E-18            15   7.08638E-10   3.13885E+00
        3166   3.79920E+02   1.20000E-01   7.72670E-02   5.06623E-05   2.73128E-05   0.00000E+00   4.26057E-03   1.00000E+00   0.00000E+00   7.75157E+00   6.39208E-18            15   7.10119E-10   3.13885E+00
        3167   3.80040E+02   1.20000E-01   7.72670E-02   5.08753E-05   2.78278E-05   0.00000E+00   4.25457E-03   1.00000E+00   0.00000E+00   7.75157E+00   6.40623E-18            15   7.11604E-10   3.13886E+00
        3168   3.80160E+02   1.20000E-01   7.72670E-02   5.10864E-05   2.83407E-05   0.00000E+00   4.24849E-03   1.00000E+00   0.00000E+00   7.75157E+00   6.40662E-18            15   7.13140E-10   3.13886E+00
        3169   3.80280E+02   1.20000E-01   7.72670E-02   5.12957E-05   2.88516E-05   0.00000E+00   4.24232E-03   1.00000E+00   0.00000E+00   7.75157E+00   6.41931E-18            15   7.14505E-10   3.13886E+00
        3170   3.80400E+02   1.20000E-01   7.72670E-02   5.15032E-05   2.94451E-05   0.00000E+00   4.23607E-03   1.00000E+00   0.00000E+00   7.75157E+00   6.41231E-18            15   7.15879E-10   3.13887E+00
        3171   3.80520E+02   1.20000E-01   7.72670E-02   5.17089E-05   3.01470E-05   0.00000E+00   4.22973E-03   1.00000E+00   0.00000E+00   7.75157E+00   6.41474E-18            15   7.17307E-10   3.13887E+00
        3172   3.80640E+02   1.20000E-01   7.72670E-02   5.19127E-05   3.08470E-05   0.00000E+00   4.22331E-03   1.00000E+00   0.00000E+00   7.75157E+00   6.40338E-18            15   7.18568E-10   3.13887E+00
        3173   3.80760E+02   1.20000E-01   7.72670E-02   5.21147E-05   3.15450E-05   0.00000E+00   4.21681E-03   1.00000E+00   0.00000E+00   7.75157E+00   6.41408E-18            15   7.19834E-10   3.13888E+00
        3174   3.80880E+02   1.20000E-01   7.72670E-02   5.23148E-05   3.22417E-05   0.00000E+00   4.21022E-03   1.00000E+00   0.00000E+00   7.75157E+00   6.41120E-18            15   7.21161E-10   3.13888E+00
        3175   3.81000E+02   1.20000E-01   7.72670E-02   5.25131E-05   3.29364E-05   0.00000E+00   4.20355E-03   1.00000E+00   0.00000E+00   7.75157E+00   6.40220E-18            15   7.22316E-10   3.13888E+00
        3176   3.81120E+02   1.20000E-01   7.72670E-02   5.27096E-05   3.36291E-05   0.00000E+00   4.19680E-03   1.00000E+00   0.00000E+00   7.75157E+00   6.38532E-18            15   7.23492E-10   3.13889E+00
        3177   3.81240E+02   1.20000E-01   7.72670E-02   5.29042E-05   3.43204E-05   0.00000E+00   4.18997E-03   1.00000E+00   0.00000E+00   7.75157E+00   6.38493E-18            15   7.24710E-10   3.13889E+00
        3178   3.81360E+02   1.20000E-01   7.72670E-02   5.30969E-05   3.50096E-05   0.00000E+00   4.18306E-03   1.00000E+00   0.00000E+00   7.75157E+00   6.36875E-18            15   7.25758E-10   3.13890E+00
        3179   3.81480E+02   1.20000E-01   7.72670E-02   5.32878E-05   3.56968E-05   0.00000E+00   4.17606E-03   1.00000E+00   0.00000E+00   7.75157E+00   6.37187E-18            15   7.26819E-10   3.13890E+00
        3180   3.81600E+02   1.20000E-01   7.72670E-02   5.34768E-05   3.63824E-05   0.00000E+00   4.16899E-03   1.00000E+00   0.00000E+00   7.75157E+00   6.34983E-18            15   7.27939E-10   3.13890E+00
        3181   3.81720E+02   1.20000E-01   7.72670E-02   5.36640E-05   3.70660E-05   0.00000E+00   4.16183E-03   1.00000E+00   0.00000E+00   7.75157E+00   6.35605E-18            15   7.28878E-10   3.13891E+00
        3182   3.81840E+02   1.20000E-01   7.72670E-02   5.38493E-05   3.77473E-05   0.00000E+00   4.15460E-03   1.00000E+00   0.00000E+00   7.75157E+00   6.34476E-18            15   7.29827E-10   3.13891E+00
        3183   3.81960E+02   1.20000E-01   7.72670E-02   5.40327E-05   3.84271E-05   0.00000E+00   4.14729E-03   1.00000E+00   0.00000E+00   7.75157E+00   6.32862E-18            15   7.30840E-10   3.13892E+00
        3184   3.82080E+02   1.20000E-01   7.72670E-02   5.42143E-05   3.91047E-05   0.00000E+00   4.13989E-03   1.00000E+00   0.00000E+00   7.75157E+00   6.30918E-18            15   7.31658E-10   3.13892E+00
        3185   3.82200E+02   1.20000E-01   7.72670E-02   5.43940E-05   3.97801E-05   0.00000E+00   4.13242E-03   1.00000E+00   0.00000E+00   7.75157E+00   6.31518E-18            15   7.32483E-10   3.13892E+00
        3186   3.82320E+02   1.20000E-01   7.72670E-02   5.45718E-05   4.04538E-05   0.00000E+00   4.12487E-03   1.00000E+00   0.00000E+00   7.75157E+00   6.28761E-18            15   7.33368E-10   3.13893E+00
        3187   3.82440E+02   1.20000E-01   7.72670E-02   5.47477E-05   4.11252E-05   0.00000E+00   4.11724E-03   1.00000E+00   0.00000E+00   7.75157E+00   6.27068E-18            15   7.34059E-10   3.13893E+00
        3188   3.82560E+02   1.20000E-01   7.72670E-02   5.49218E-05   4.17943E-05   0.00000E+00   4.10954E-03   1.00000E+00   0.00000E+00   7.75157E+00   6.26131E-18            15   7.34747E-10   3.13894E+00
        3189   3.82680E+02   1.20000E-01   7.72670E-02   5.50939E-05   4.24617E-05   0.00000E+00   4.10176E-03   1.00000E+00   0.00000E+00   7.75157E+00   6.24744E-18            15   7.35501E-10   3.13894E+00
        3190   3.82800E+02   1.20000E-01   7.72670E-02   5.52642E-05   4.31267E-05   0.00000E+00   4.09394E-03   1.00000E+00   0.00000E+00   7.75157E+00   6.25441E-18            15   7.36040E-10   3.13895E+00
        3191   3.82920E+02   1.20000E-01   7.72670E-02   5.54326E-05   4.37894E-05   0.00000E+00   4.08603E-03   1.00000E+00   0.00000E+00   7.75157E+00   6.24897E-18            15   7.36582E-10   3.13895E+00
        3192   3.83040E+02   1.20000E-01   7.72670E-02   5.55991E-05   4.44502E-05   0.00000E+00   4.07805E-03   1.00000E+00   0.00000E+00   7.75157E+00   6.24596E-18            15   7.37196E-10   3.13896E+00
        3193   3.83160E+02   1.20000E-01   7.72670E-02   5.57637E-05   4.51085E-05   0.00000E+00   4.06999E-03   1.00000E+00   0.00000E+00   7.75157E+00   6.25170E-18            15   7.37579E-10   3.13896E+00
        3194   3.83280E+02   1.20000E-01   7.72670E-02   5.59264E-05   4.57645E-05   0.00000E+00   4.06185E-03   1.00000E+00   0.00000E+00   7.75157E+00   6.23997E-18            15   7.37947E-10   3.13897E+00
        3195   3.83400E+02   1.20000E-01   7.72670E-02   5.60872E-05   4.64184E-05   0.00000E+00   4.05364E-03   1.00000E+00   0.00000E+00   7.75157E+00   6.25842E-18            15   7.38388E-10   3.13897E+00
        3196   3.83520E+02   1.20000E-01   7.72670E-02   5.62460E-05   4.70701E-05   0.00000E+00   4.04535E-03   1.00000E+00   0.00000E+00   7.75157E+00   6.24674E-18            15   7.38715E-10   3.13898E+00
        3197   3.83640E+02   1.20000E-01   7.72670E-02   5.64030E-05   4.77192E-05   0.00000E+00   4.03699E-03   1.00000E+00   0.00000E+00   7.75157E+00   6.21642E-18            15   7.38825E-10   3.13898E+00
        3198   3.83760E+02   1.20000E-01   7.72670E-02   5.65581E-05   4.83659E-05   0.00000E+00   4.02855E-03   1.00000E+00   0.00000E+00   7.75157E+00   6.20298E-18            15   7.38945E-10   3.13899E+00
        3199   3.83880E+02   1.20000E-01   7.72670E-02   5.67112E-05   4.90103E-05   0.00000E+00   4.02004E-03   1.00000E+00   0.00000E+00   7.75157E+00   6.14942E-18            15   7.26721E-10   3.13899E+00
        3200   3.84000E+02   1.20000E-01   7.72670E-02   5.68624E-05   4.96521E-05   0.00000E+00   4.01145E-03   1.00000E+00   0.00000E+00   7.75157E+00   6.11727E-18            15   7.26583E-10   3.13900E+00
        3201   3.84120E+02   1.20000E-01   7.72670E-02   5.70116E-05   5.02919E-05   0.00000E+00   4.00279E-03   1.00000E+00   0.00000E+00   7.75157E+00   6.09557E-18            15   7.26542E-10   3.13900E+00
        3202   3.84240E+02   1.20000E-01   7.72670E-02   5.71589E-05   5.09291E-05   0.00000E+00   3.99405E-03   1.00000E+00   0.00000E+00   7.75157E+00   6.07656E-18            15   7.26240E-10   3.13901E+00
        3203   3.84360E+02   1.20000E-01   7.72670E-02   5.73042E-05   5.15637E-05   0.00000E+00   3.98524E-03   1.00000E+00   0.00000E+00   7.75157E+00   6.05370E-18            15   7.25886E-10   3.13901E+00
        3204   3.84480E+02   1.20000E-01   7.72670E-02   5.74476E-05   5.21956E-05   0.00000E+00   3.97635E-03   1.00000E+00   0.00000E+00   7.75157E+00   6.04353E-18            15   7.25563E-10   3.13902E+00
        3205   3.84600E+02   1.20000E-01   7.72670E-02   5.75890E-05   5.28255E-05   0.00000E+00   3.96740E-03   1.00000E+00   0.00000E+00   7.75157E+00   5.99452E-18            15   7.25345E-10   3.13902E+00
        3206   3.84720E+02   1.20000E-01   7.72670E-02   5.77285E-05   5.34526E-05   0.00000E+00   3.95836E-03   1.00000E+00   0.00000E+00   7.75157E+00   5.95884E-18            15   7.24754E-10   3.13903E+00
        3207   3.84840E+02   1.20000E-01   7.72670E-02   5.78660E-05   5.40771E-05   0.00000E+00   3.94926E-03   1.00000E+00   0.00000E+00   7.75157E+00   5.91411E-18            15   7.24238E-10   3.13903E+00
        3208   3.84960E+02   1.20000E-01   7.72670E-02   5.80016E-05   5.46988E-05   0.00000E+00   3.94008E-03   1.00000E+00   0.00000E+00   7.75157E+00   5.90257E-18            15   7.23694E-10   3.13904E+00
        3209   3.85080E+02   1.20000E-01   7.72670E-02   5.81352E-05   5.53184E-05   0.00000E+00   3.93083E-03   1.00000E+00   0.00000E+00   7.75157E+00   5.89353E-18            15   7.23220E-10   3.13904E+00
        3210   3.85200E+02   1.20000E-01   7.72670E-02   5.82668E-05   5.59351E-05   0.00000E+00   3.92150E-03   1.00000E+00   0.00000E+00   7.75157E+00   5.85891E-18            15   7.22458E-10   3.13905E+00
        3211   3.85320E+02   1.20000E-01   7.72670E-02   5.83965E-05   5.65491E-05   0.00000E+00   3.91211E-03   1.00000E+00   0.00000E+00   7.75157E+00   5.84395E-18            15   7.21760E-10   3.13906E+00
        3212   3.85440E+02   1.20000E-01   7.72670E-02   5.85242E-05   5.71603E-05   0.00000E+00   3.90264E-03   1.00000E+00   0.00000E+00   7.75157E+00   5.81797E-18            15   7.20964E-10   3.13906E+00
        3213   3.85560E+02   1.20000E-01   7.72670E-02   5.86500E-05   5.77690E-05   0.00000E+00   3.89310E-03   1.00000E+00   0.00000E+00   7.75157E+00   5.79352E-18            15   7.20220E-10   3.13907E+00
        3214   3.85680E+02   1.20000E-01   7.72670E-02   5.87738E-05   5.83747E-05   0.00000E+00   3.88349E-03   1.00000E+00   0.00000E+00   7.75157E+00   5.75611E-18            15   7.19295E-10   3.13907E+00
        3215   3.85800E+02   1.20000E-01   7.72670E-02   5.88956E-05   5.89781E-05   0.00000E+00   3.87381E-03   1.00000E+00   0.00000E+00   7.75157E+00   5.73242E-18            15   7.18619E-10   3.13908E+00
        3216   3.85920E+02   1.20000E-01   7.72670E-02   5.90154E-05   5.95786E-05   0.00000E+00   3.86406E-03   1.00000E+00   0.00000E+00   7.75157E+00   5.69920E-18            15   7.17555E-10   3.13909E+00
        3217   3.86040E+02   1.20000E-01   7.72670E-02   5.91333E-05   6.01762E-05   0.00000E+00   3.85424E-03   1.00000E+00   0.00000E+00   7.75157E+00   5.67502E-18            15   7.16576E-10   3.13909E+00
        3218   3.86160E+02   1.20000E-01   7.72670E-02   5.92492E-05   6.07712E-05   0.00000E+00   3.84434E-03   1.00000E+00   0.00000E+00   7.75157E+00   5.63853E-18            15   7.15598E-10   3.13910E+00
        3219   3.86280E+02   1.20000E-01   7.72670E-02   5.93632E-05   6.13632E-05   0.00000E+00   3.83438E-03   1.00000E+00   0.00000E+00   7.75157E+00   5.61511E-18            15   7.14544E-10   3.13910E+00
        3220   3.86400E+02   1.20000E-01   7.72670E-02   5.95822E-05   6.19525E-05   0.00000E+00   3.82435E-03   1.00000E+00   0.00000E+00   7.75157E+00   5.57326E-18            15   7.13465E-10   3.13911E+00
        3221   3.86520E+02   1.20000E-01   7.72670E-02   5.98180E-05   6.25390E-05   0.00000E+00   3.81425E-03   1.00000E+00   0.00000E+00   7.75157E+00   5.53516E-18            15   7.12444E-10   3.13912E+00
        3222   3.86640E+02   1.20000E-01   7.72670E-02   6.00518E-05   6.31224E-05   0.00000E+00   3.80408E-03   1.00000E+00   0.00000E+00   7.75157E+00   5.49317E-18            15   7.11136E-10   3.13912E+00
        3223   3.86760E+02   1.20000E-01   7.72670E-02   6.02835E-05   6.37030E-05   0.00000E+00   3.79384E-03   1.00000E+00   0.00000E+00   7.75157E+00   5.45363E-18            15   7.10012E-10   3.13913E+00
        3224   3.86880E+02   1.20000E-01   7.72670E-02   6.05131E-05   6.42807E-05   0.00000E+00   3.78353E-03   1.00000E+00   0.00000E+00   7.75157E+00   5.42989E-18            15   7.08778E-10   3.13913E+00
        3225   3.87000E+02   1.20000E-01   7.72670E-02   6.07408E-05   6.48554E-05   0.00000E+00   3.77316E-03   1.00000E+00   0.00000E+00   7.75157E+00   5.38079E-18            15   7.07584E-10   3.13914E+00
        3226   3.87120E+02   1.20000E-01   7.72670E-02   6.09663E-05   6.54271E-05   0.00000E+00   3.76272E-03   1.00000E+00   0.00000E+00   7.75157E+00   5.32944E-18            15   7.06261E-10   3.13915E+00
        3227   3.87240E+02   1.20000E-01   7.72670E-02   6.11898E-05   6.59959E-05   0.00000E+00   3.75220E-03   1.00000E+00   0.00000E+00   7.75157E+00   5.29390E-18            15   7.05051E-10   3.13915E+00
        3228   3.87360E+02   1.20000E-01   7.72670E-02   6.14113E-05   6.65617E-05   0.00000E+00   3.74163E-03   1.00000E+00   0.00000E+00   7.75157E+00   5.24731E-18            15   7.03684E-10   3.13916E+00
        3229   3.87480E+02   1.20000E-01   7.72670E-02   6.16307E-05   6.71245E-05   0.00000E+00   3.73098E-03   1.00000E+00   0.00000E+00   7.75157E+00   5.20187E-18            15   7.02433E-10   3.13917E+00
        3230   3.87600E+02   1.20000E-01   7.72670E-02   6.18480E-05   6.76842E-05   0.00000E+00   3.72028E-03   1.00000E+00   0.00000E+00   7.75157E+00   5.15245E-18            15   7.01025E-10   3.13917E+00
        3231   3.87720E+02   1.20000E-01   7.72670E-02   6.20632E-05   6.82410E-05   0.00000E+00   3.70950E-03   1.00000E+00   0.00000E+00   7.75157E+00   5.10646E-18            15   6.99742E-10   3.13918E+00
        3232   3.87840E+02   1.20000E-01   7.72670E-02   6.22763E-05   6.87945E-05   0.00000E+00   3.69866E-03   1.00000E+00   0.00000E+00   7.75157E+00   5.05498E-18            15   6.98276E-10   3.13919E+00
        3233   3.87960E+02   1.20000E-01   7.72670E-02   6.24874E-05   6.93451E-05   0.00000E+00   3.68775E-03   1.00000E+00   0.00000E+00   7.75157E+00   5.01981E-18            15   6.97037E-10   3.13919E+00
        3234   3.88080E+02   1.20000E-01   7.72670E-02   6.26964E-05   6.98925E-05   0.00000E+00   3.67678E-03   1.00000E+00   0.00000E+00   7.75157E+00   4.96033E-18            15   6.95512E-10   3.13920E+00
        3235   3.88200E+02   1.20000E-01   7.72670E-02   6.29032E-05   7.04369E-05   0.00000E+00   3.66575E-03   1.00000E+00   0.00000E+00   7.75157E+00   4.90532E-18            15   6.94308E-10   3.13921E+00
        3236   3.88320E+02   1.20000E-01   7.72670E-02   6.31080E-05   7.09781E-05   0.00000E+00   3.65465E-03   1.00000E+00   0.00000E+00   7.75157E+00   4.84598E-18            15   6.92744E-10   3.13921E+00
        3237   3.88440E+02   1.20000E-01   7.72670E-02   6.33107E-05   7.15162E-05   0.00000E+00   3.64348E-03   1.00000E+00   0.00000E+00   7.75157E+00   4.80210E-18            15   6.91511E-10   3.13922E+00
        3238   3.88560E+02   1.20000E-01   7.72670E-02   6.35112E-05   7.20510E-05   0.00000E+00   3.63226E-03   1.00000E+00   0.00000E+00   7.75157E+00   4.75058E-18            15   6.89977E-10   3.13923E+00
        3239   3.88680E+02   1.20000E-01   7.72670E-02   6.37097E-05   7.25828E-05   0.00000E+00   3.62097E-03   1.00000E+00   0.00000E+00   7.75157E+00   4.69035E-18            15   6.88756E-10   3.13924E+00
        3240   3.88800E+02   1.20000E-01   7.72670E-02   6.39060E-05   7.31112E-05   0.00000E+00   3.60961E-03   1.00000E+00   0.00000E+00   7.75157E+00   4.62735E-18            15   6.87140E-10   3.13924E+00
        3241   3.88920E+02   1.20000E-01   7.72670E-02   6.41002E-05   7.36363E-05   0.00000E+00   3.59820E-03   1.00000E+00   0.00000E+00   7.75157E+00   4.57977E-18            15   6.85756E-10   3.13925E+00
        3242   3.89040E+02   1.20000E-01   7.72670E-02   6.42923E-05   7.41583E-05   0.00000E+00   3.58672E-03   1.00000E+00   0.00000E+00   7.75157E+00   4.51656E-18            15   6.84377E-10   3.13926E+00
        3243   3.89160E+02   1.20000E-01   7.72670E-02   6.44823E-05   7.46770E-05   0.00000E+00   3.57519E-03   1.00000E+00   0.00000E+00   7.75157E+00   4.45855E-18            15   6.82997E-10   3.13926E+00
        3244   3.89280E+02   1.20000E-01   7.72670E-02   6.46701E-05   7.51924E-05   0.00000E+00   3.56359E-03   1.00000E+00   0.00000E+00   7.75157E+00   4.39662E-18            15   6.81620E-10   3.13927E+00
        3245   3.89400E+02   1.20000E-01   7.72670E-02   6.48558E-05   7.57045E-05   0.00000E+00   3.55193E-03   1.00000E+00   0.00000E+00   7.75157E+00   4.35811E-18            15   6.80258E-10   3.13928E+00
        3246   3.89520E+02   1.20000E-01   7.72670E-02   6.50394E-05   7.62133E-05   0.00000E+00   3.54021E-03   1.00000E+00   0.00000E+00   7.75157E+00   4.36467E-18            15   6.78897E-10   3.13929E+00
        3247   3.89640E+02   1.20000E-01   7.72670E-02   6.52208E-05   7.67188E-05   0.00000E+00   3.52843E-03   1.00000E+00   0.00000E+00   7.75157E+00   4.34044E-18            15   6.77556E-10   3.13929E+00
        3248   3.89760E+02   1.20000E-01   7.72670E-02   6.54001E-05   7.72210E-05   0.00000E+00   3.51659E-03   1.00000E+00   0.00000E+00   7.75157E+00   4.34493E-18            15   6.76245E-10   3.13930E+00
        3249   3.89880E+02   1.20000E-01   7.72670E-02   6.55773E-05   7.77199E-05   0.00000E+00   3.50469E-03   1.00000E+00   0.00000E+00   7.75157E+00   4.33649E-18            15   6.74884E-10   3.13931E+00
        3250   3.90000E+02   1.20000E-01   7.72670E-02   6.57523E-05   7.82154E-05   0.00000E+00   3.49274E-03   1.00000E+00   0.00000E+00   7.75157E+00   4.31065E-18            15   6.73575E-10   3.13932E+00
        3251   3.90120E+02   1.20000E-01   7.72670E-02   6.59252E-05   7.87075E-05   0.00000E+00   3.48072E-03   1.00000E+00   0.00000E+00   7.75157E+00   4.30989E-18            15   6.72190E-10   3.13932E+00
        3252   3.90240E+02   1.20000E-01   7.72670E-02   6.60959E-05   7.91962E-05   0.00000E+00   3.46865E-03   1.00000E+00   0.00000E+00   7.75157E+00   4.29978E-18            15   6.70862E-10   3.13933E+00
        3253   3.90360E+02   1.20000E-01   7.72670E-02   6.62644E-05   7.96815E-05   0.00000E+00   3.45652E-03   1.00000E+00   0.00000E+00   7.75157E+00   4.28888E-18            15   6.69540E-10   3.13934E+00
        3254   3.90480E+02   1.20000E-01   7.72670E-02   6.64308E-05   8.01634E-05   0.00000E+00   3.44434E-03   1.00000E+00   0.00000E+00   7.75157E+00   4.27231E-18            15   6.68227E-10   3.13935E+00
        3255   3.90600E+02   1.20000E-01   7.72670E-02   6.65951E-05   8.06419E-05   0.00000E+00   3.43209E-03   1.00000E+00   0.00000E+00   7.75157E+00   4.26071E-18            15   6.66939E-10   3.13935E+00
        3256   3.90720E+02   1.20000E-01   7.72670E-02   6.67572E-05   8.11170E-05   0.00000E+00   3.41980E-03   1.00000E+00   0.00000E+00   7.75157E+00   4.25923E-18            15   6.65638E-10   3.13936E+00
        3257   3.90840E+02   1.20000E-01   7.72670E-02   6.69171E-05   8.15886E-05   0.00000E+00   3.40744E-03   1.00000E+00   0.00000E+00   7.75157E+00   4.25639E-18            15   6.64291E-10   3.13937E+00
        3258   3.90960E+02   1.20000E-01   7.72670E-02   6.70749E-05   8.20567E-05   0.00000E+00   3.39503E-03   1.00000E+00   0.00000E+00   7.75157E+00   4.25115E-18            15   6.62975E-10   3.13938E+00
        3259   3.91080E+02   1.20000E-01   7.72670E-02   6.72305E-05   8.25214E-05   0.00000E+00   3.38257E-03   1.00000E+00   0.00000E+00   7.75157E+00   4.23182E-18            15   6.61663E-10   3.13938E+00
        3260   3.91200E+02   1.20000E-01   7.72670E-02   6.73839E-05   8.29825E-05   0.00000E+00   3.37005E-03   1.00000E+00   0.00000E+00   7.75157E+00   4.23046E-18            15   6.60307E-10   3.13939E+00
        3261   3.91320E+02   1.20000E-01   7.72670E-02   6.75352E-05   8.34402E-05   0.00000E+00   3.35747E-03   1.00000E+00   0.00000E+00   7.75157E+00   4.19725E-18            15   6.58950E-10   3.13940E+00
        3262   3.91440E+02   1.20000E-01   7.72670E-02   6.76843E-05   8.38943E-05   0.00000E+00   3.34485E-03   1.00000E+00   0.00000E+00   7.75157E+00   4.19091E-18            15   6.57599E-10   3.13941E+00
        3263   3.91560E+02   1.20000E-01   7.72670E-02   6.78313E-05   8.43449E-05   0.00000E+00   3.33217E-03   1.00000E+00   0.00000E+00   7.75157E+00   4.15185E-18            15   6.56185E-10   3.13942E+00
        3264   3.91680E+02   1.20000E-01   7.72670E-02   6.79761E-05   8.47920E-05   0.00000E+00   3.31944E-03   1.00000E+00   0.00000E+00   7.75157E+00   4.16522E-18            15   6.54790E-10   3.13942E+00
        3265   3.91800E+02   1.20000E-01   7.72670E-02   6.81187E-05   8.52355E-05   0.00000E+00   3.30665E-03   1.00000E+00   0.00000E+00   7.75157E+00   4.16123E-18            15   6.53335E-10   3.13943E+00
        3266   3.91920E+02   1.20000E-01   7.72670E-02   6.82591E-05   8.56754E-05   0.00000E+00   3.29381E-03   1.00000E+00   0.00000E+00   7.75157E+00   4.14426E-18            15   6.51884E-10   3.13944E+00
        3267   3.92040E+02   1.20000E-01   7.72670E-02   6.83974E-05   8.61118E-05   0.00000E+00   3.28093E-03   1.00000E+00   0.00000E+00   7.75157E+00   4.14501E-18            15   6.50435E-10   3.13945E+00
        3268   3.92160E+02   1.20000E-01   7.72670E-02   6.85335E-05   8.65445E-05   0.00000E+00   3.26799E-03   1.00000E+00   0.00000E+00   7.75157E+00   4.12067E-18            15   6.48919E-10   3.13946E+00
        3269   3.92280E+02   1.20000E-01   7.72670E-02   6.86675E-05   8.69737E-05   0.00000E+00   3.25500E-03   1.00000E+00   0.00000E+00   7.75157E+00   4.07529E-18            15   6.47412E-10   3.13947E+00
        3270   3.92400E+02   1.20000E-01   7.72670E-02   6.87993E-05   8.73992E-05   0.00000E+00   3.24195E-03   1.00000E+00   0.00000E+00   7.75157E+00   4.05755E-18            15   6.45895E-10   3.13947E+00
        3271   3.92520E+02   1.20000E-01   7.72670E-02   6.89289E-05   8.78212E-05   0.00000E+00   3.22886E-03   1.00000E+00   0.00000E+00   7.75157E+00   4.06313E-18            15   6.44426E-10   3.13948E+00
        3272   3.92640E+02   1.20000E-01   7.72670E-02   6.90563E-05   8.82394E-05   0.00000E+00   3.21574E-03   1.00000E+00   0.00000E+00   7.75157E+00   4.04719E-18            15   6.42839E-10   3.13949E+00
        3273   3.92760E+02   1.20000E-01   7.72670E-02   6.91816E-05   8.86541E-05   0.00000E+00   3.20257E-03   1.00000E+00   0.00000E+00   7.75157E+00   4.01092E-18            15   6.41330E-10   3.13950E+00
        3274   3.92880E+02   1.20000E-01   7.72670E-02   6.93048E-05   8.90651E-05   0.00000E+00   3.18936E-03   1.00000E+00   0.00000E+00   7.75157E+00   4.01035E-18            15   6.29858E-10   3.13951E+00
        3275   3.93000E+02   1.20000E-01   7.72670E-02   6.94257E-05   8.94725E-05   0.00000E+00   3.17610E-03   1.00000E+00   0.00000E+00   7.75157E+00   4.01312E-18            15   6.29223E-10   3.13952E+00
        3276   3.93120E+02   1.20000E-01   7.72670E-02   6.95445E-05   8.98762E-05   0.00000E+00   3.16279E-03   1.00000E+00   0.00000E+00   7.75157E+00   3.96185E-18            15   6.28764E-10   3.13952E+00
        3277   3.93240E+02   1.20000E-01   7.72670E-02   6.96611E-05   9.02762E-05   0.00000E+00   3.14943E-03   1.00000E+00   0.00000E+00   7.75157E+00   3.93869E-18            15   6.28350E-10   3.13953E+00
        3278   3.93360E+02   1.20000E-01   7.72670E-02   6.97756E-05   9.06725E-05   0.00000E+00   3.13603E-03   1.00000E+00   0.00000E+00   7.75157E+00   3.96117E-18            15   6.28129E-10   3.13954E+00
        3279   3.93480E+02   1.20000E-01   7.72670E-02   6.98879E-05   9.10651E-05   0.00000E+00   3.12258E-03   1.00000E+00   0.00000E+00   7.75157E+00   3.90468E-18            15   6.27811E-10   3.13955E+00
        3280   3.93600E+02   1.20000E-01   7.72670E-02   6.99981E-05   9.14540E-05   0.00000E+00   3.10908E-03   1.00000E+00   0.00000E+00   7.75157E+00   3.92944E-18            15   6.27782E-10   3.13956E+00
        3281   3.93720E+02   1.20000E-01   7.72670E-02   7.01061E-05   9.18392E-05   0.00000E+00   3.09553E-03   1.00000E+00   0.00000E+00   7.75157E+00   3.86079E-18            15   6.27903E-10   3.13957E+00
        3282   3.93840E+02   1.20000E-01   7.72670E-02   7.02119E-05   9.22206E-05   0.00000E+00   3.08193E-03   1.00000E+00   0.00000E+00   7.75157E+00   3.87131E-18            15   6.28145E-10   3.13958E+00
        3283   3.93960E+02   1.20000E-01   7.72670E-02   7.03156E-05   9.25982E-05   0.00000E+00   3.06829E-03   1.00000E+00   0.00000E+00   7.75157E+00   3.82660E-18            15   6.28675E-10   3.13958E+00
        3284   3.94080E+02   1.20000E-01   7.72670E-02   7.04172E-05   9.29721E-05   0.00000E+00   3.05461E-03   1.00000E+00   0.00000E+00   7.75157E+00   3.80370E-18            15   6.29578E-10   3.13959E+00
        3285   3.94200E+02   1.20000E-01   7.72670E-02   7.05166E-05   9.33423E-05   0.00000E+00   3.04087E-03   1.00000E+00   0.00000E+00   7.75157E+00   3.81088E-18            15   6.30579E-10   3.13960E+00
        3286   3.94320E+02   1.20000E-01   7.72670E-02   7.06138E-05   9.37086E-05   0.00000E+00   3.02710E-03   1.00000E+00   0.00000E+00   7.75157E+00   3.78676E-18            15   6.32015E-10   3.13961E+00
        3287   3.94440E+02   1.20000E-01   7.72670E-02   7.07089E-05   9.40712E-05   0.00000E+00   3.01327E-03   1.00000E+00   0.00000E+00   7.75157E+00   3.77619E-18            15   6.33799E-10   3.13962E+00
        3288   3.94560E+02   1.20000E-01   7.72670E-02   7.08019E-05   9.44300E-05   0.00000E+00   2.99940E-03   1.00000E+00   0.00000E+00   7.75157E+00   3.75710E-18            15   6.35972E-10   3.13963E+00
        3289   3.94680E+02   1.20000E-01   7.72670E-02   7.08927E-05   9.47849E-05   0.00000E+00   2.98549E-03   1.00000E+00   0.00000E+00   7.75157E+00   3.71913E-18            15   6.38529E-10   3.13964E+00
        3290   3.94800E+02   1.20000E-01   7.72670E-02   7.09814E-05   9.51361E-05   0.00000E+00   2.97153E-03   1.00000E+00   0.00000E+00   7.75157E+00   3.68775E-18            15   6.41469E-10   3.13965E+00
        3291   3.94920E+02   1.20000E-01   7.72670E-02   7.10680E-05   9.54834E-05   0.00000E+00   2.95753E-03   1.00000E+00   0.00000E+00   7.75157E+00   3.68724E-18            15   6.44827E-10   3.13966E+00
        3292   3.95040E+02   1.20000E-01   7.72670E-02   7.11524E-05   9.58269E-05   0.00000E+00   2.94348E-03   1.00000E+00   0.00000E+00   7.75157E+00   3.65439E-18            15   6.48572E-10   3.13966E+00
        3293   3.95160E+02   1.20000E-01   7.72670E-02   7.12347E-05   9.61665E-05   0.00000E+00   2.92939E-03   1.00000E+00   0.00000E+00   7.75157E+00   3.66069E-18            15   6.52682E-10   3.13967E+00
        3294   3.95280E+02   1.20000E-01   7.72670E-02   7.13149E-05   9.65023E-05   0.00000E+00   2.91525E-03   1.00000E+00   0.00000E+00   7.75157E+00   3.61791E-18            15   6.57201E-10   3.13968E+00
        3295   3.95400E+02   1.20000E-01   7.72670E-02   7.13930E-05   9.68342E-05   0.00000E+00   2.90108E-03   1.00000E+00   0.00000E+00   7.75157E+00   3.62580E-18            15   6.61939E-10   3.13969E+00
        3296   3.95520E+02   1.20000E-01   7.72670E-02   7.14689E-05   9.71622E-05   0.00000E+00   2.88686E-03   1.00000E+00   0.00000E+00   7.75157E+00   3.58151E-18            15   6.67034E-10   3.13970E+00
        3297   3.95640E+02   1.20000E-01   7.72670E-02   7.15428E-05   9.74864E-05   0.00000E+00   2.87259E-03   1.00000E+00   0.00000E+00   7.75157E+00   3.57029E-18            15   6.72383E-10   3.13971E+00
        3298   3.95760E+02   1.20000E-01   7.72670E-02   7.16145E-05   9.78067E-05   0.00000E+00   2.85829E-03   1.00000E+00   0.00000E+00   7.75157E+00   3.53206E-18            15   6.78121E-10   3.13972E+00
        3299   3.95880E+02   1.20000E-01   7.72670E-02   7.16841E-05   9.81231E-05   0.00000E+00   2.84394E-03   1.00000E+00   0.00000E+00   7.75157E+00   3.50745E-18            15   6.83656E-10   3.13973E+00
        3300   3.96000E+02   1.20000E-01   7.72670E-02   7.17517E-05   9.84356E-05   0.00000E+00   2.82955E-03   1.00000E+00   0.00000E+00   7.75157E+00   3.51938E-18            15   6.89508E-10   3.13974E+00
        3301   3.96120E+02   1.20000E-01   7.72670E-02   7.18171E-05   9.87442E-05   0.00000E+00   2.81511E-03   1.00000E+00   0.00000E+00   7.75157E+00   3.53832E-18            15   6.95427E-10   3.13975E+00
        3302   3.96240E+02   1.20000E-01   7.72670E-02   7.18804E-05   9.90489E-05   0.00000E+00   2.80064E-03   1.00000E+00   0.00000E+00   7.75157E+00   3.55899E-18            15   7.01405E-10   3.13976E+00
        3303   3.96360E+02   1.20000E-01   7.72670E-02   7.19417E-05   9.93496E-05   0.00000E+00   2.78612E-03   1.00000E+00   0.00000E+00   7.75157E+00   3.58448E-18            15   7.07353E-10   3.13976E+00
        3304   3.96480E+02   1.20000E-01   7.72670E-02   7.20008E-05   9.96464E-05   0.00000E+00   2.77156E-03   1.00000E+00   0.00000E+00   7.75157E+00   3.61230E-18            15   7.13262E-10   3.13977E+00
        3305   3.96600E+02   1.20000E-01   7.72670E-02   7.20579E-05   9.99393E-05   0.00000E+00   2.75696E-03   1.00000E+00   0.00000E+00   7.75157E+00   3.62267E-18            15   7.19093E-10   3.13978E+00
        3306   3.96720E+02   1.20000E-01   7.72670E-02   7.21129E-05   1.00228E-04   0.00000E+00   2.74232E-03   1.00000E+00   0.00000E+00   7.75157E+00   3.64686E-18            15   7.24816E-10   3.13979E+00
        3307   3.96840E+02   1.20000E-01   7.72670E-02   7.21658E-05   1.00513E-04   0.00000E+00   2.72764E-03   1.00000E+00   0.00000E+00   7.75157E+00   3.65749E-18            15   7.30383E-10   3.13980E+00
        3308   3.96960E+02   1.20000E-01   7.72670E-02   7.22167E-05   1.00794E-04   0.00000E+00   2.71292E-03   1.00000E+00   0.00000E+00   7.75157E+00   3.67573E-18            15   7.35804E-10   3.13981E+00
        3309   3.97080E+02   1.20000E-01   7.72670E-02   7.22655E-05   1.01071E-04   0.00000E+00   2.69816E-03   1.00000E+00   0.00000E+00   7.75157E+00   3.68788E-18            15   7.41014E-10   3.13982E+00
        3310   3.97200E+02   1.20000E-01   7.72670E-02   7.23123E-05   1.01344E-04   0.00000E+00   2.68335E-03   1.00000E+00   0.00000E+00   7.75157E+00   3.69884E-18            15   7.46015E-10   3.13983E+00
        3311   3.97320E+02   1.20000E-01   7.72670E-02   7.23569E-05   1.01614E-04   0.00000E+00   2.66851E-03   1.00000E+00   0.00000E+00   7.75157E+00   3.71041E-18            15   7.50786E-10   3.13984E+00
        3312   3.97440E+02   1.20000E-01   7.72670E-02   7.23996E-05   1.01879E-04   0.00000E+00   2.65363E-03   1.00000E+00   0.00000E+00   7.75157E+00   3.71788E-18            15   7.55362E-10   3.13985E+00
        3313   3.97560E+02   1.20000E-01   7.72670E-02   7.24402E-05   1.02140E-04   0.00000E+00   2.63871E-03   1.00000E+00   0.00000E+00   7.75157E+00   3.72917E-18            15   7.59534E-10   3.13986E+00
        3314   3.97680E+02   1.20000E-01   7.72670E-02   7.24788E-05   1.02397E-04   0.00000E+00   2.62374E-03   1.00000E+00   0.00000E+00   7.75157E+00   3.73024E-18            15   7.63525E-10   3.13987E+00
        3315   3.97800E+02   1.20000E-01   7.72670E-02   7.25154E-05   1.02650E-04   0.00000E+00   2.60874E-03   1.00000E+00   0.00000E+00   7.75157E+00   3.73159E-18            15   7.67225E-10   3.13988E+00
        3316   3.97920E+02   1.20000E-01   7.72670E-02   7.25500E-05   1.02899E-04   0.00000E+00   2.59370E-03   1.00000E+00   0.00000E+00   7.75157E+00   3.73358E-18            15   7.70621E-10   3.13989E+00
        3317   3.98040E+02   1.20000E-01   7.72670E-02   7.25825E-05   1.03144E-04   0.00000E+00   2.57862E-03   1.00000E+00   0.00000E+00   7.75157E+00   3.72625E-18            15   7.73735E-10   3.13990E+00
        3318   3.98160E+02   1.20000E-01   7.72670E-02   7.26130E-05   1.03386E-04   0.00000E+00   2.56350E-03   1.00000E+00   0.00000E+00   7.75157E+00   3.71352E-18            15   7.76558E-10   3.13991E+00
        3319   3.98280E+02   1.20000E-01   7.72670E-02   7.26416E-05   1.03623E-04   0.00000E+00   2.54834E-03   1.00000E+00   0.00000E+00   7.75157E+00   3.71765E-18            15   7.79059E-10   3.13992E+00
        3320   3.98400E+02   1.20000E-01   7.72670E-02   7.26681E-05   1.03856E-04   0.00000E+00   2.53314E-03   1.00000E+00   0.00000E+00   7.75157E+00   3.68942E-18            15   7.81312E-10   3.13993E+00
        3321   3.98520E+02   1.20000E-01   7.72670E-02   7.26926E-05   1.04085E-04   0.00000E+00   2.51791E-03   1.00000E+00   0.00000E+00   7.75157E+00   3.68600E-18            15   7.83114E-10   3.13994E+00
        3322   3.98640E+02   1.20000E-01   7.72670E-02   7.27151E-05   1.04310E-04   0.00000E+00   2.50263E-03   1.00000E+00   0.00000E+00   7.75157E+00   3.66581E-18            15   7.84656E-10   3.13995E+00
        3323   3.98760E+02   1.20000E-01   7.72670E-02   7.27356E-05   1.04531E-04   0.00000E+00   2.48732E-03   1.00000E+00   0.00000E+00   7.75157E+00   3.64576E-18            15   7.85909E-10   3.13996E+00
        3324   3.98880E+02   1.20000E-01   7.72670E-02   7.27541E-05   1.04748E-04   0.00000E+00   2.47197E-03   1.00000E+00   0.00000E+00   7.75157E+00   3.62919E-18            15   7.86768E-10   3.13997E+00
        3325   3.99000E+02   1.20000E-01   7.72670E-02   7.27706E-05   1.04961E-04   0.00000E+00   2.45658E-03   1.00000E+00   0.00000E+00   7.75157E+00   3.60580E-18            15   7.87216E-10   3.13998E+00
        3326   3.99120E+02   1.20000E-01   7.72670E-02   7.27851E-05   1.05170E-04   0.00000E+00   2.44115E-03   1.00000E+00   0.00000E+00   7.75157E+00   3.56870E-18            15   7.87271E-10   3.13998E+00
        3327   3.99240E+02   1.20000E-01   7.72670E-02   7.27977E-05   1.05374E-04   0.00000E+00   2.42568E-03   1.00000E+00   0.00000E+00   7.75157E+00   3.54022E-18            15   7.87009E-10   3.13999E+00
        3328   3.99360E+02   1.20000E-01   7.72670E-02   7.28083E-05   1.05575E-04   0.00000E+00   2.41018E-03   1.00000E+00   0.00000E+00   7.75157E+00   3.50828E-18            15   7.86316E-10   3.14000E+00
        3329   3.99480E+02   1.20000E-01   7.72670E-02   7.28169E-05   1.05772E-04   0.00000E+00   2.39464E-03   1.00000E+00   0.00000E+00   7.75157E+00   3.47321E-18            15   7.85202E-10   3.14001E+00
        3330   3.99600E+02   1.20000E-01   7.72670E-02   7.28236E-05   1.05964E-04   0.00000E+00   2.37906E-03   1.00000E+00   0.00000E+00   7.75157E+00   3.42935E-18            15   7.83735E-10   3.14002E+00
        3331   3.99720E+02   1.20000E-01   7.72670E-02   7.28283E-05   1.06153E-04   0.00000E+00   2.36344E-03   1.00000E+00   0.00000E+00   7.75157E+00   3.39500E-18            15   7.81703E-10   3.14003E+00
        3332   3.99840E+02   1.20000E-01   7.72670E-02   7.28311E-05   1.06338E-04   0.00000E+00   2.34779E-03   1.00000E+00   0.00000E+00   7.75157E+00   3.36297E-18            15   7.79209E-10   3.14004E+00
        3333   3.99960E+02   1.20000E-01   7.72670E-02   7.28319E-05   1.06518E-04   0.00000E+00   2.33210E-03   1.00000E+00   0.00000E+00   7.75157E+00   3.30910E-18            15   7.76138E-10   3.14005E+00
        3334   4.00080E+02   1.20000E-01   7.72670E-02   7.28308E-05   1.06695E-04   0.00000E+00   2.31637E-03   1.00000E+00   0.00000E+00   7.75157E+00   3.27769E-18            15   7.72894E-10   3.14006E+00
        3335   4.00200E+02   1.20000E-01   7.72670E-02   7.28277E-05   1.06867E-04   0.00000E+00   2.30061E-03   1.00000E+00   0.00000E+00   7.75157E+00   3.22170E-18            15   7.68562E-10   3.14007E+00
        3336   4.00320E+02   1.20000E-01   7.72670E-02   7.28227E-05   1.07035E-04   0.00000E+00   2.28481E-03   1.00000E+00   0.00000E+00   7.75157E+00   3.17618E-18            15   7.64014E-10   3.14008E+00
        3337   4.00440E+02   1.20000E-01   7.72670E-02   7.28158E-05   1.07199E-04   0.00000E+00   2.26897E-03   1.00000E+00   0.00000E+00   7.75157E+00   3.12695E-18            15   7.58972E-10   3.14009E+00
        3338   4.00560E+02   1.20000E-01   7.72670E-02   7.28070E-05   1.07360E-04   0.00000E+00   2.25309E-03   1.00000E+00   0.00000E+00   7.75157E+00   3.08823E-18            15   7.53614E-10   3.14010E+00
        3339   4.00680E+02   1.20000E-01   7.72670E-02   7.27962E-05   1.07516E-04   0.00000E+00   2.23718E-03   1.00000E+00   0.00000E+00   7.75157E+00   3.04435E-18            15   7.47915E-10   3.14011E+00
        3340   4.00800E+02   1.20000E-01   7.72670E-02   7.27836E-05   1.07668E-04   0.00000E+00   2.22123E-03   1.00000E+00   0.00000E+00   7.75157E+00   3.00403E-18            15   7.42247E-10   3.14012E+00
        3341   4.00920E+02   1.20000E-01   7.72670E-02   7.27690E-05   1.07816E-04   0.00000E+00   2.20525E-03   1.00000E+00   0.00000E+00   7.75157E+00   2.96624E-18            15   7.36884E-10   3.14013E+00
        3342   4.01040E+02   1.20000E-01   7.72670E-02   7.27526E-05   1.07959E-04   0.00000E+00   2.18923E-03   1.00000E+00   0.00000E+00   7.75157E+00   2.93535E-18            15   7.32036E-10   3.14014E+00
        3343   4.01160E+02   1.20000E-01   7.72670E-02   7.27342E-05   1.08099E-04   0.00000E+00   2.17317E-03   1.00000E+00   0.00000E+00   7.75157E+00   2.89675E-18            15   7.28100E-10   3.14015E+00
        3344   4.01280E+02   1.20000E-01   7.72670E-02   7.27140E-05   1.08235E-04   0.00000E+00   2.15708E-03   1.00000E+00   0.00000E+00   7.75157E+00   2.87063E-18            15   7.25186E-10   3.14017E+00
        3345   4.01400E+02   1.20000E-01   7.72670E-02   7.26919E-05   1.08367E-04   0.00000E+00   2.14095E-03   1.00000E+00   0.00000E+00   7.75157E+00   2.85247E-18            15   7.23682E-10   3.14018E+00
        3346   4.01520E+02   1.20000E-01   7.72670E-02   7.26679E-05   1.08494E-04   0.00000E+00   2.12479E-03   1.00000E+00   0.00000E+00   7.75157E+00   2.82139E-18            15   7.23179E-10   3.14019E+00
        3347   4.01640E+02   1.20000E-01   7.72670E-02   7.26420E-05   1.08618E-04   0.00000E+00   2.10796E-03   1.00000E+00   0.00000E+00   7.75157E+00   2.47671E-18            15   7.28505E-10   3.14020E+00
        3348   4.01760E+02   1.20000E-01   7.72670E-02   7.26143E-05   1.08738E-04   0.00000E+00   2.09232E-03   1.00000E+00   0.00000E+00   7.75157E+00   2.84496E-18            15   7.39002E-10   3.14021E+00
        3349   4.01880E+02   1.20000E-01   7.72670E-02   7.25847E-05   1.08853E-04   0.00000E+00   2.07608E-03   1.00000E+00   0.00000E+00   7.75157E+00   2.75382E-18            15   7.26051E-10   3.14022E+00
        3350   4.02000E+02   1.20000E-01   7.72670E-02   7.25532E-05   1.08965E-04   0.00000E+00   2.05921E-03   1.00000E+00   0.00000E+00   7.75157E+00   2.40351E-18            15   7.25691E-10   3.14023E+00
        3351   4.02120E+02   1.20000E-01   7.72670E-02   7.25199E-05   1.09073E-04   0.00000E+00   2.04344E-03   1.00000E+00   0.00000E+00   7.75157E+00   2.77251E-18            15   7.40686E-10   3.14024E+00
        3352   4.02240E+02   1.20000E-01   7.72670E-02   7.24848E-05   1.09176E-04   0.00000E+00   2.02708E-03   1.00000E+00   0.00000E+00   7.75157E+00   2.67197E-18            15   7.26751E-10   3.14025E+00
        3353   4.02360E+02   1.20000E-01   7.72670E-02   7.24442E-05   1.09276E-04   0.00000E+00   2.00945E-03   1.00000E+00   0.00000E+00   7.75157E+00   2.18233E-18            15   7.28743E-10   3.14026E+00
        3354   4.02480E+02   1.20000E-01   7.72670E-02   7.24050E-05   1.09371E-04   0.00000E+00   1.99422E-03   1.00000E+00   0.00000E+00   7.75157E+00   2.67054E-18            15   7.37939E-10   3.14027E+00
        3355   4.02600E+02   1.20000E-01   7.72670E-02   7.23644E-05   1.09463E-04   0.00000E+00   1.97779E-03   1.00000E+00   0.00000E+00   7.75157E+00   2.54024E-18            15   7.20250E-10   3.14028E+00
        3356   4.02720E+02   1.20000E-01   7.72670E-02   7.23184E-05   1.09550E-04   0.00000E+00   1.96007E-03   1.00000E+00   0.00000E+00   7.75157E+00   2.10131E-18            15   7.15687E-10   3.14029E+00
        3357   4.02840E+02   1.20000E-01   7.72670E-02   7.22738E-05   1.09634E-04   0.00000E+00   1.94472E-03   1.00000E+00   0.00000E+00   7.75157E+00   2.59092E-18            15   7.32016E-10   3.14030E+00
        3358   4.02960E+02   1.20000E-01   7.72670E-02   7.22278E-05   1.09713E-04   0.00000E+00   1.92764E-03   1.00000E+00   0.00000E+00   7.75157E+00   2.17142E-18            15   7.02393E-10   3.14031E+00
        3359   4.03080E+02   1.20000E-01   7.72670E-02   7.21764E-05   1.09789E-04   0.00000E+00   1.91089E-03   1.00000E+00   0.00000E+00   7.75157E+00   2.32411E-18            15   7.41484E-10   3.14032E+00
        3360   4.03200E+02   1.20000E-01   7.72670E-02   7.21265E-05   1.09860E-04   0.00000E+00   1.89436E-03   1.00000E+00   0.00000E+00   7.75157E+00   2.20740E-18            15   7.05511E-10   3.14033E+00
        3361   4.03320E+02   1.20000E-01   7.72670E-02   7.20752E-05   1.09928E-04   0.00000E+00   1.87825E-03   1.00000E+00   0.00000E+00   7.75157E+00   2.45258E-18            15   7.10196E-10   3.14034E+00
        3362   4.03440E+02   1.20000E-01   7.72670E-02   7.20184E-05   1.09991E-04   0.00000E+00   1.86033E-03   1.00000E+00   0.00000E+00   7.75157E+00   1.96516E-18            15   6.84053E-10   3.14035E+00
        3363   4.03560E+02   1.20000E-01   7.72670E-02   7.19632E-05   1.10051E-04   0.00000E+00   1.84475E-03   1.00000E+00   0.00000E+00   7.75157E+00   2.43973E-18            15   7.07727E-10   3.14036E+00
        3364   4.03680E+02   1.20000E-01   7.72670E-02   7.19066E-05   1.10106E-04   0.00000E+00   1.82747E-03   1.00000E+00   0.00000E+00   7.75157E+00   2.06131E-18            15   6.69699E-10   3.14037E+00
        3365   4.03800E+02   1.20000E-01   7.72670E-02   7.18446E-05   1.10158E-04   0.00000E+00   1.81049E-03   1.00000E+00   0.00000E+00   7.75157E+00   2.27047E-18            15   7.01215E-10   3.14038E+00
        3366   4.03920E+02   1.20000E-01   7.72670E-02   7.17842E-05   1.10206E-04   0.00000E+00   1.79376E-03   1.00000E+00   0.00000E+00   7.75157E+00   2.11925E-18            15   6.72279E-10   3.14039E+00
        3367   4.04040E+02   1.20000E-01   7.72670E-02   7.17226E-05   1.10249E-04   0.00000E+00   1.77741E-03   1.00000E+00   0.00000E+00   7.75157E+00   2.36195E-18            15   6.73123E-10   3.14040E+00
        3368   4.04160E+02   1.20000E-01   7.72670E-02   7.16554E-05   1.10289E-04   0.00000E+00   1.75931E-03   1.00000E+00   0.00000E+00   7.75157E+00   1.89961E-18            15   6.39821E-10   3.14041E+00
        3369   4.04280E+02   1.20000E-01   7.72670E-02   7.15898E-05   1.10325E-04   0.00000E+00   1.74349E-03   1.00000E+00   0.00000E+00   7.75157E+00   2.36568E-18            15   6.68655E-10   3.14042E+00
        3370   4.04400E+02   1.20000E-01   7.72670E-02   7.15230E-05   1.10357E-04   0.00000E+00   1.72602E-03   1.00000E+00   0.00000E+00   7.75157E+00   2.01056E-18            15   6.25602E-10   3.14043E+00
        3371   4.04520E+02   1.20000E-01   7.72670E-02   7.14506E-05   1.10385E-04   0.00000E+00   1.70883E-03   1.00000E+00   0.00000E+00   7.75157E+00   2.23942E-18            15   6.50404E-10   3.14044E+00
        3372   4.04640E+02   1.20000E-01   7.72670E-02   7.13800E-05   1.10409E-04   0.00000E+00   1.69188E-03   1.00000E+00   0.00000E+00   7.75157E+00   2.08293E-18            15   6.23771E-10   3.14045E+00
        3373   4.04760E+02   1.20000E-01   7.72670E-02   7.13081E-05   1.10429E-04   0.00000E+00   1.67532E-03   1.00000E+00   0.00000E+00   7.75157E+00   2.28858E-18            15   6.23502E-10   3.14047E+00
        3374   4.04880E+02   1.20000E-01   7.72670E-02   7.12306E-05   1.10446E-04   0.00000E+00   1.65702E-03   1.00000E+00   0.00000E+00   7.75157E+00   1.82631E-18            15   5.84080E-10   3.14048E+00
        3375   4.05000E+02   1.20000E-01   7.72670E-02   7.11549E-05   1.10458E-04   0.00000E+00   1.64097E-03   1.00000E+00   0.00000E+00   7.75157E+00   2.23042E-18            15   6.11634E-10   3.14049E+00
        3376   4.05120E+02   1.20000E-01   7.72670E-02   7.10741E-05   1.10467E-04   0.00000E+00   1.62265E-03   1.00000E+00   0.00000E+00   7.75157E+00   1.79577E-18            15   5.61910E-10   3.14050E+00
        3377   4.05240E+02   1.20000E-01   7.72670E-02   7.09950E-05   1.10472E-04   0.00000E+00   1.60652E-03   1.00000E+00   0.00000E+00   7.75157E+00   2.11325E-18            15   5.93936E-10   3.14051E+00
        3378   4.05360E+02   1.20000E-01   7.72670E-02   7.09109E-05   1.10473E-04   0.00000E+00   1.58813E-03   1.00000E+00   0.00000E+00   7.75157E+00   1.67558E-18            15   5.45619E-10   3.14052E+00
        3379   4.05480E+02   1.20000E-01   7.72670E-02   7.08285E-05   1.10470E-04   0.00000E+00   1.57193E-03   1.00000E+00   0.00000E+00   7.75157E+00   1.95977E-18            15   5.80743E-10   3.14053E+00
        3380   4.05600E+02   1.20000E-01   7.72670E-02   7.07410E-05   1.10464E-04   0.00000E+00   1.55348E-03   1.00000E+00   0.00000E+00   7.75157E+00   1.54348E-18            15   5.31663E-10   3.14054E+00
        3381   4.05720E+02   1.20000E-01   7.72670E-02   7.06554E-05   1.10454E-04   0.00000E+00   1.53719E-03   1.00000E+00   0.00000E+00   7.75157E+00   1.77650E-18            15   5.70801E-10   3.14055E+00
        3382   4.05840E+02   1.20000E-01   7.72670E-02   7.05688E-05   1.10440E-04   0.00000E+00   1.51933E-03   1.00000E+00   0.00000E+00   7.75157E+00   1.51760E-18            15   5.24625E-10   3.14056E+00
        3383   4.05960E+02   1.20000E-01   7.72670E-02   7.04763E-05   1.10422E-04   0.00000E+00   1.50172E-03   1.00000E+00   0.00000E+00   7.75157E+00   1.61448E-18            15   5.58664E-10   3.14057E+00
        3384   4.06080E+02   1.20000E-01   7.72670E-02   7.03858E-05   1.10400E-04   0.00000E+00   1.48436E-03   1.00000E+00   0.00000E+00   7.75157E+00   1.32665E-18            15   5.35565E-10   3.14058E+00
        3385   4.06200E+02   1.20000E-01   7.72670E-02   7.02943E-05   1.10375E-04   0.00000E+00   1.46736E-03   1.00000E+00   0.00000E+00   7.75157E+00   1.49904E-18            15   5.49048E-10   3.14059E+00
        3386   4.06320E+02   1.20000E-01   7.72670E-02   7.01968E-05   1.10346E-04   0.00000E+00   1.44868E-03   1.00000E+00   0.00000E+00   7.75157E+00   1.09014E-18            15   4.99844E-10   3.14060E+00
        3387   4.06440E+02   1.20000E-01   7.72670E-02   7.01014E-05   1.10313E-04   0.00000E+00   1.43217E-03   1.00000E+00   0.00000E+00   7.75157E+00   1.45534E-18            15   5.63181E-10   3.14061E+00
        3388   4.06560E+02   1.20000E-01   7.72670E-02   7.00051E-05   1.10276E-04   0.00000E+00   1.41411E-03   1.00000E+00   0.00000E+00   7.75157E+00   1.23839E-18            15   4.95521E-10   3.14062E+00
        3389   4.06680E+02   1.20000E-01   7.72670E-02   6.99027E-05   1.10236E-04   0.00000E+00   1.39628E-03   1.00000E+00   0.00000E+00   7.75157E+00   1.35290E-18            15   5.42422E-10   3.14063E+00
        3390   4.06800E+02   1.20000E-01   7.72670E-02   6.98025E-05   1.10193E-04   0.00000E+00   1.37872E-03   1.00000E+00   0.00000E+00   7.75157E+00   1.24743E-18            15   5.22102E-10   3.14064E+00
        3391   4.06920E+02   1.20000E-01   7.72670E-02   6.97013E-05   1.10145E-04   0.00000E+00   1.36158E-03   1.00000E+00   0.00000E+00   7.75157E+00   1.56503E-18            15   5.48921E-10   3.14066E+00
        3392   4.07040E+02   1.20000E-01   7.72670E-02   6.95937E-05   1.10094E-04   0.00000E+00   1.34275E-03   1.00000E+00   0.00000E+00   7.75157E+00   1.12781E-18            15   4.86919E-10   3.14067E+00
        3393   4.07160E+02   1.20000E-01   7.72670E-02   6.94882E-05   1.10039E-04   0.00000E+00   1.32601E-03   1.00000E+00   0.00000E+00   7.75157E+00   1.73754E-18            15   5.74724E-10   3.14068E+00
        3394   4.07280E+02   1.20000E-01   7.72670E-02   6.93819E-05   1.09981E-04   0.00000E+00   1.30776E-03   1.00000E+00   0.00000E+00   7.75157E+00   1.55271E-18            15   4.96168E-10   3.14069E+00
        3395   4.07400E+02   1.20000E-01   7.72670E-02   6.92694E-05   1.09920E-04   0.00000E+00   1.28972E-03   1.00000E+00   0.00000E+00   7.75157E+00   1.60123E-18            15   5.48491E-10   3.14070E+00
        3396   4.07520E+02   1.20000E-01   7.72670E-02   6.91591E-05   1.09854E-04   0.00000E+00   1.27195E-03   1.00000E+00   0.00000E+00   7.75157E+00   1.63257E-18            15   5.29558E-10   3.14071E+00
        3397   4.07640E+02   1.20000E-01   7.72670E-02   6.90480E-05   1.09785E-04   0.00000E+00   1.25452E-03   1.00000E+00   0.00000E+00   7.75157E+00   1.78004E-18            15   5.63117E-10   3.14072E+00
        3398   4.07760E+02   1.20000E-01   7.72670E-02   6.89307E-05   1.09714E-04   0.00000E+00   1.23546E-03   1.00000E+00   0.00000E+00   7.75157E+00   1.49812E-18            15   5.01207E-10   3.14073E+00
        3399   4.07880E+02   1.20000E-01   7.72670E-02   6.88157E-05   1.09637E-04   0.00000E+00   1.21849E-03   1.00000E+00   0.00000E+00   7.75157E+00   1.81327E-18            15   5.86382E-10   3.14074E+00
        3400   4.08000E+02   1.20000E-01   7.72670E-02   6.86998E-05   1.09558E-04   0.00000E+00   1.20053E-03   1.00000E+00   0.00000E+00   7.75157E+00   1.56819E-18            15   5.42662E-10   3.14075E+00
        3401   4.08120E+02   1.20000E-01   7.72670E-02   6.85777E-05   1.09476E-04   0.00000E+00   1.18134E-03   1.00000E+00   0.00000E+00   7.75157E+00   1.61553E-18            15   5.12232E-10   3.14076E+00
        3402   4.08240E+02   1.20000E-01   7.72670E-02   6.84578E-05   1.09390E-04   0.00000E+00   1.16425E-03   1.00000E+00   0.00000E+00   7.75157E+00   1.74034E-18            15   5.88763E-10   3.14077E+00
        3403   4.08360E+02   1.20000E-01   7.72670E-02   6.83373E-05   1.09300E-04   0.00000E+00   1.14618E-03   1.00000E+00   0.00000E+00   7.75157E+00   1.63078E-18            15   5.42688E-10   3.14078E+00
        3404   4.08480E+02   1.20000E-01   7.72670E-02   6.82103E-05   1.09208E-04   0.00000E+00   1.12690E-03   1.00000E+00   0.00000E+00   7.75157E+00   1.83806E-18            15   5.20283E-10   3.14079E+00
        3405   4.08600E+02   1.20000E-01   7.72670E-02   6.80858E-05   1.09111E-04   0.00000E+00   1.10969E-03   1.00000E+00   0.00000E+00   7.75157E+00   1.73896E-18            15   5.88450E-10   3.14080E+00
        3406   4.08720E+02   1.20000E-01   7.72670E-02   6.79605E-05   1.09012E-04   0.00000E+00   1.09151E-03   1.00000E+00   0.00000E+00   7.75157E+00   1.88450E-18            15   5.42526E-10   3.14081E+00
        3407   4.08840E+02   1.20000E-01   7.72670E-02   6.78288E-05   1.08909E-04   0.00000E+00   1.07212E-03   1.00000E+00   0.00000E+00   7.75157E+00   1.92102E-18            15   5.29582E-10   3.14083E+00
        3408   4.08960E+02   1.20000E-01   7.72670E-02   6.76996E-05   1.08803E-04   0.00000E+00   1.05480E-03   1.00000E+00   0.00000E+00   7.75157E+00   1.84966E-18            15   5.87039E-10   3.14084E+00
        3409   4.09080E+02   1.20000E-01   7.72670E-02   6.75697E-05   1.08694E-04   0.00000E+00   1.03650E-03   1.00000E+00   0.00000E+00   7.75157E+00   2.02754E-18            15   5.43816E-10   3.14085E+00
        3410   4.09200E+02   1.20000E-01   7.72670E-02   6.74332E-05   1.08581E-04   0.00000E+00   1.01701E-03   1.00000E+00   0.00000E+00   7.75157E+00   2.07210E-18            15   5.40929E-10   3.14086E+00
        3411   4.09320E+02   1.20000E-01   7.72670E-02   6.72993E-05   1.08466E-04   0.00000E+00   9.99557E-04   1.00000E+00   0.00000E+00   7.75157E+00   1.98594E-18            15   5.85551E-10   3.14087E+00
        3412   4.09440E+02   1.20000E-01   7.72670E-02   6.71648E-05   1.08347E-04   0.00000E+00   9.81158E-04   1.00000E+00   0.00000E+00   7.75157E+00   2.22691E-18            15   5.45108E-10   3.14088E+00
        3413   4.09560E+02   1.20000E-01   7.72670E-02   6.70236E-05   1.08225E-04   0.00000E+00   9.61560E-04   1.00000E+00   0.00000E+00   7.75157E+00   2.10696E-18            15   5.54386E-10   3.14089E+00
        3414   4.09680E+02   1.20000E-01   7.72670E-02   6.68850E-05   1.08100E-04   0.00000E+00   9.43982E-04   1.00000E+00   0.00000E+00   7.75157E+00   2.22484E-18            15   5.82764E-10   3.14090E+00
        3415   4.09800E+02   1.20000E-01   7.72670E-02   6.67459E-05   1.07971E-04   0.00000E+00   9.25454E-04   1.00000E+00   0.00000E+00   7.75157E+00   2.39823E-18            15   5.49091E-10   3.14091E+00
        3416   4.09920E+02   1.20000E-01   7.72670E-02   6.66000E-05   1.07840E-04   0.00000E+00   9.05757E-04   1.00000E+00   0.00000E+00   7.75157E+00   2.36995E-18            15   5.66360E-10   3.14092E+00
        3417   4.10040E+02   1.20000E-01   7.72670E-02   6.64568E-05   1.07706E-04   0.00000E+00   8.88038E-04   1.00000E+00   0.00000E+00   7.75157E+00   2.36119E-18            15   5.81919E-10   3.14093E+00
        3418   4.10160E+02   1.20000E-01   7.72670E-02   6.63132E-05   1.07569E-04   0.00000E+00   8.69398E-04   1.00000E+00   0.00000E+00   7.75157E+00   2.56720E-18            15   5.54563E-10   3.14094E+00
        3419   4.10280E+02   1.20000E-01   7.72670E-02   6.61630E-05   1.07429E-04   0.00000E+00   8.49586E-04   1.00000E+00   0.00000E+00   7.75157E+00   2.67542E-18            15   5.80686E-10   3.14095E+00
        3420   4.10400E+02   1.20000E-01   7.72670E-02   6.60158E-05   1.07285E-04   0.00000E+00   8.31730E-04   1.00000E+00   0.00000E+00   7.75157E+00   2.60371E-18            15   5.81418E-10   3.14096E+00
        3421   4.10520E+02   1.20000E-01   7.72670E-02   6.58683E-05   1.07139E-04   0.00000E+00   8.12951E-04   1.00000E+00   0.00000E+00   7.75157E+00   2.68703E-18            15   5.63209E-10   3.14097E+00
        3422   4.10640E+02   1.20000E-01   7.72670E-02   6.57137E-05   1.06990E-04   0.00000E+00   7.93030E-04   1.00000E+00   0.00000E+00   7.75157E+00   2.90438E-18            15   5.93120E-10   3.14098E+00
        3423   4.10760E+02   1.20000E-01   7.72670E-02   6.55619E-05   1.06838E-04   0.00000E+00   7.75024E-04   1.00000E+00   0.00000E+00   7.75157E+00   2.77900E-18            15   5.83959E-10   3.14100E+00
        3424   4.10880E+02   1.20000E-01   7.72670E-02   6.54099E-05   1.06684E-04   0.00000E+00   7.56113E-04   1.00000E+00   0.00000E+00   7.75157E+00   2.80106E-18            15   5.72935E-10   3.14101E+00
        3425   4.11000E+02   1.20000E-01   7.72670E-02   6.52506E-05   1.06526E-04   0.00000E+00   7.36076E-04   1.00000E+00   0.00000E+00   7.75157E+00   3.21694E-18            15   6.04399E-10   3.14102E+00
        3426   4.11120E+02   1.20000E-01   7.72670E-02   6.50943E-05   1.06366E-04   0.00000E+00   7.17912E-04   1.00000E+00   0.00000E+00   7.75157E+00   2.86784E-18            15   5.87658E-10   3.14103E+00
        3427   4.11240E+02   1.20000E-01   7.72670E-02   6.49378E-05   1.06203E-04   0.00000E+00   6.98857E-04   1.00000E+00   0.00000E+00   7.75157E+00   2.92894E-18            15   5.83561E-10   3.14104E+00
        3428   4.11360E+02   1.20000E-01   7.72670E-02   6.47739E-05   1.06038E-04   0.00000E+00   6.78703E-04   1.00000E+00   0.00000E+00   7.75157E+00   3.44632E-18            15   6.14165E-10   3.14105E+00
        3429   4.11480E+02   1.20000E-01   7.72670E-02   6.46130E-05   1.05869E-04   0.00000E+00   6.60370E-04   1.00000E+00   0.00000E+00   7.75157E+00   3.00111E-18            15   5.93264E-10   3.14106E+00
        3430   4.11600E+02   1.20000E-01   7.72670E-02   6.44520E-05   1.05698E-04   0.00000E+00   6.41163E-04   1.00000E+00   0.00000E+00   7.75157E+00   3.17237E-18            15   5.94116E-10   3.14107E+00
        3431   4.11720E+02   1.20000E-01   7.72670E-02   6.42836E-05   1.05525E-04   0.00000E+00   6.20884E-04   1.00000E+00   0.00000E+00   7.75157E+00   3.67727E-18            15   6.22139E-10   3.14108E+00
        3432   4.11840E+02   1.20000E-01   7.72670E-02   6.41182E-05   1.05348E-04   0.00000E+00   6.02374E-04   1.00000E+00   0.00000E+00   7.75157E+00   3.06826E-18            15   6.00110E-10   3.14109E+00
        3433   4.11960E+02   1.20000E-01   7.72670E-02   6.39529E-05   1.05169E-04   0.00000E+00   5.83012E-04   1.00000E+00   0.00000E+00   7.75157E+00   3.42931E-18            15   6.03713E-10   3.14110E+00
        3434   4.12080E+02   1.20000E-01   7.72670E-02   6.37799E-05   1.04988E-04   0.00000E+00   5.62613E-04   1.00000E+00   0.00000E+00   7.75157E+00   3.92869E-18            15   6.28243E-10   3.14111E+00
        3435   4.12200E+02   1.20000E-01   7.72670E-02   6.36101E-05   1.04804E-04   0.00000E+00   5.43914E-04   1.00000E+00   0.00000E+00   7.75157E+00   3.28442E-18            15   6.06963E-10   3.14112E+00
        3436   4.12320E+02   1.20000E-01   7.72670E-02   6.34404E-05   1.04618E-04   0.00000E+00   5.24369E-04   1.00000E+00   0.00000E+00   7.75157E+00   3.73445E-18            15   6.11928E-10   3.14113E+00
        3437   4.12440E+02   1.20000E-01   7.72670E-02   6.32630E-05   1.04429E-04   0.00000E+00   5.03836E-04   1.00000E+00   0.00000E+00   7.75157E+00   4.12974E-18            15   6.32141E-10   3.14114E+00
        3438   4.12560E+02   1.20000E-01   7.72670E-02   6.30887E-05   1.04238E-04   0.00000E+00   4.84920E-04   1.00000E+00   0.00000E+00   7.75157E+00   3.57205E-18            15   6.13353E-10   3.14115E+00
        3439   4.12680E+02   1.20000E-01   7.72670E-02   6.29148E-05   1.04045E-04   0.00000E+00   4.65175E-04   1.00000E+00   0.00000E+00   7.75157E+00   3.93878E-18            15   6.17918E-10   3.14116E+00
        3440   4.12800E+02   1.20000E-01   7.72670E-02   6.27329E-05   1.03849E-04   0.00000E+00   4.44503E-04   1.00000E+00   0.00000E+00   7.75157E+00   4.31449E-18            15   6.34131E-10   3.14117E+00
        3441   4.12920E+02   1.20000E-01   7.72670E-02   6.25588E-05   1.03651E-04   0.00000E+00   4.25351E-04   1.00000E+00   0.00000E+00   7.75157E+00   3.77613E-18            15   6.17755E-10   3.14118E+00
        3442   4.13040E+02   1.20000E-01   7.72670E-02   6.24536E-05   1.03451E-04   0.00000E+00   4.05382E-04   1.00000E+00   0.00000E+00   7.75157E+00   4.12413E-18            15   6.21723E-10   3.14119E+00
        3443   4.13160E+02   1.20000E-01   7.72670E-02   6.23468E-05   1.03248E-04   0.00000E+00   3.84568E-04   1.00000E+00   0.00000E+00   7.75157E+00   4.37443E-18            15   6.33458E-10   3.14121E+00
        3444   4.13280E+02   1.20000E-01   7.72670E-02   6.22386E-05   1.03043E-04   0.00000E+00   3.65150E-04   1.00000E+00   0.00000E+00   7.75157E+00   3.96020E-18            15   6.20195E-10   3.14122E+00
        3445   4.13400E+02   1.20000E-01   7.72670E-02   6.21290E-05   1.02836E-04   0.00000E+00   3.44933E-04   1.00000E+00   0.00000E+00   7.75157E+00   4.27833E-18            15   6.22503E-10   3.14123E+00
        3446   4.13520E+02   1.20000E-01   7.72670E-02   6.20180E-05   1.02627E-04   0.00000E+00   3.25386E-04   1.00000E+00   0.00000E+00   7.75157E+00   4.10954E-18            15   5.92671E-10   3.14124E+00
        3447   4.13640E+02   1.20000E-01   7.72670E-02   6.19056E-05   1.02415E-04   0.00000E+00   3.05074E-04   1.00000E+00   0.00000E+00   7.75157E+00   4.34828E-18            15   6.19027E-10   3.14125E+00
        3448   4.13760E+02   1.20000E-01   7.72670E-02   6.17918E-05   1.02201E-04   0.00000E+00   2.85274E-04   1.00000E+00   0.00000E+00   7.75157E+00   4.46282E-18            15   6.27109E-10   3.14126E+00
        3449   4.13880E+02   1.20000E-01   7.72670E-02   6.16764E-05   1.01985E-04   0.00000E+00   2.63355E-04   1.00000E+00   0.00000E+00   7.75157E+00   4.69786E-18            15   6.46876E-10   3.14127E+00
        3450   4.14000E+02   1.20000E-01   7.72670E-02   6.15603E-05   1.01768E-04   0.00000E+00   2.42588E-04   1.00000E+00   0.00000E+00   7.75157E+00   4.68137E-18            15   6.25820E-10   3.14128E+00
        3451   4.14120E+02   1.20000E-01   7.72670E-02   6.14424E-05   1.01549E-04   0.00000E+00   2.23321E-04   1.00000E+00   0.00000E+00   7.75157E+00   4.34878E-18            15   6.30827E-10   3.14129E+00
        3452   4.14240E+02   1.20000E-01   7.72670E-02   6.13232E-05   1.01327E-04   0.00000E+00   2.01334E-04   1.00000E+00   0.00000E+00   7.75157E+00   4.32324E-18            15   6.36754E-10   3.14130E+00
        3453   4.14360E+02   1.20000E-01   7.72670E-02   6.12019E-05   1.01105E-04   0.00000E+00   1.88198E-04   1.00000E+00   0.00000E+00   7.75157E+00   4.30866E-18            15   5.96571E-10   3.14131E+00
        3454   4.14480E+02   1.20000E-01   7.72670E-02   6.10799E-05   1.00880E-04   0.00000E+00   1.93415E-04   1.00000E+00   0.00000E+00   7.75157E+00   4.73149E-18            15   6.19615E-10   3.14132E+00
        3455   4.14600E+02   1.20000E-01   7.72670E-02   6.09561E-05   1.00653E-04   0.00000E+00   1.71977E-04   1.00000E+00   0.00000E+00   7.75157E+00   5.00888E-18            15   6.23796E-10   3.14133E+00
        3456   4.14720E+02   1.20000E-01   7.72670E-02   6.08315E-05   1.00425E-04   0.00000E+00   1.80830E-04   1.00000E+00   0.00000E+00   7.75157E+00   4.60960E-18            15   6.16929E-10   3.14134E+00
        3457   4.14840E+02   1.20000E-01   7.72670E-02   6.07047E-05   1.00195E-04   0.00000E+00   1.64937E-04   1.00000E+00   0.00000E+00   7.75157E+00   4.50491E-18            15   5.86725E-10   3.14135E+00
        3458   4.14960E+02   1.20000E-01   7.72670E-02   6.05770E-05   9.99630E-05   0.00000E+00   1.54144E-04   1.00000E+00   0.00000E+00   7.75157E+00   4.30938E-18            15   6.01097E-10   3.14136E+00
        3459   4.15080E+02   1.20000E-01   7.72670E-02   6.04477E-05   9.97294E-05   0.00000E+00   1.50942E-04   1.00000E+00   0.00000E+00   7.75157E+00   4.19093E-18            15   5.85807E-10   3.14137E+00
        3460   4.15200E+02   1.20000E-01   7.72670E-02   6.03173E-05   9.94937E-05   0.00000E+00   1.60912E-04   1.00000E+00   0.00000E+00   7.75157E+00   4.21497E-18            15   5.84501E-10   3.14138E+00
        3461   4.15320E+02   1.20000E-01   7.72670E-02   6.01850E-05   9.92570E-05   0.00000E+00   1.47601E-04   1.00000E+00   0.00000E+00   7.75157E+00   4.78564E-18            15   5.93457E-10   3.14139E+00
        3462   4.15440E+02   1.20000E-01   7.72670E-02   6.00523E-05   9.90180E-05   0.00000E+00   1.55123E-04   1.00000E+00   0.00000E+00   7.75157E+00   4.06729E-18            15   5.87307E-10   3.14140E+00
        3463   4.15560E+02   1.20000E-01   7.72670E-02   5.99177E-05   9.87785E-05   0.00000E+00   1.64428E-04   1.00000E+00   0.00000E+00   7.75157E+00   3.88012E-18            15   5.50359E-10   3.14141E+00
        3464   4.15680E+02   1.20000E-01   7.72670E-02   5.97817E-05   9.85372E-05   0.00000E+00   1.71214E-04   1.00000E+00   0.00000E+00   7.75157E+00   3.32304E-18            15   5.48879E-10   3.14142E+00
        3465   4.15800E+02   1.20000E-01   7.72670E-02   5.96444E-05   9.82952E-05   0.00000E+00   1.78310E-04   1.00000E+00   0.00000E+00   7.75157E+00   3.77215E-18            15   5.45397E-10   3.14143E+00
        3466   4.15920E+02   1.20000E-01   7.72670E-02   5.95062E-05   9.80510E-05   0.00000E+00   1.86615E-04   1.00000E+00   0.00000E+00   7.75157E+00   3.18926E-18            15   5.60265E-10   3.14144E+00
        3467   4.16040E+02   1.20000E-01   7.72670E-02   5.93660E-05   9.78067E-05   0.00000E+00   1.95299E-04   1.00000E+00   0.00000E+00   7.75157E+00   3.02616E-18            15   5.19566E-10   3.14145E+00
        3468   4.16160E+02   1.20000E-01   7.72670E-02   5.92250E-05   9.75597E-05   0.00000E+00   2.02735E-04   1.00000E+00   0.00000E+00   7.75157E+00   2.52317E-18            15   5.33368E-10   3.14146E+00
        3469   4.16280E+02   1.20000E-01   7.72670E-02   5.90818E-05   9.73122E-05   0.00000E+00   2.11143E-04   1.00000E+00   0.00000E+00   7.75157E+00   2.84822E-18            15   5.44472E-10   3.14147E+00
        3470   4.16400E+02   1.20000E-01   7.72670E-02   5.89380E-05   9.70623E-05   0.00000E+00   2.18054E-04   1.00000E+00   0.00000E+00   7.75157E+00   2.52223E-18            15   5.39724E-10   3.14148E+00
        3471   4.16520E+02   1.20000E-01   7.72670E-02   5.87919E-05   9.68121E-05   0.00000E+00   2.29579E-04   1.00000E+00   0.00000E+00   7.75157E+00   2.63943E-18            15   5.75975E-10   3.14149E+00
        3472   4.16640E+02   1.20000E-01   7.72670E-02   5.86462E-05   9.65597E-05   0.00000E+00   2.45875E-04   1.00000E+00   0.00000E+00   7.75157E+00   2.25062E-18            15   5.19730E-10   3.14150E+00
        3473   4.16760E+02   1.20000E-01   7.72670E-02   5.84977E-05   9.63065E-05   0.00000E+00   2.73414E-04   1.00000E+00   0.00000E+00   7.75157E+00   2.98233E-18            15   6.05936E-10   3.14151E+00
        3474   4.16880E+02   1.20000E-01   7.72670E-02   5.83488E-05   9.60527E-05   0.00000E+00   2.99854E-04   1.00000E+00   0.00000E+00   7.75157E+00   2.20784E-18            15   5.64954E-10   3.14152E+00
        3475   4.17000E+02   1.20000E-01   7.72670E-02   5.81985E-05   9.57915E-05   0.00000E+00   3.24126E-04   1.00000E+00   0.00000E+00   7.75157E+00   2.74389E-18            15   5.71415E-10   3.14153E+00
        3476   4.17120E+02   1.20000E-01   7.72670E-02   5.80461E-05   9.55336E-05   0.00000E+00   3.29666E-04   1.00000E+00   0.00000E+00   7.75157E+00   2.82657E-18            15   5.43291E-10   3.14159E+00
        3477   4.17240E+02   1.20000E-01   7.72670E-02   5.78909E-05   9.52731E-05   0.00000E+00   3.76692E-04   1.00000E+00   0.00000E+00   7.75157E+00   3.73098E-18            15   6.03168E-10   3.14160E+00
        3478   4.17360E+02   1.20000E-01   7.72670E-02   5.77342E-05   9.50178E-05   0.00000E+00   3.88513E-04   1.00000E+00   0.00000E+00   7.75157E+00   4.58058E-18            15   5.73282E-10   3.14160E+00
        3479   4.17480E+02   1.20000E-01   7.72670E-02   5.75761E-05   9.47585E-05   0.00000E+00   4.78300E-04   1.00000E+00   0.00000E+00   7.75157E+00   4.14762E-18            15   6.08410E-10   3.14160E+00
        3480   4.17600E+02   1.20000E-01   7.72670E-02   5.74165E-05   9.45008E-05   0.00000E+00   4.58495E-04   1.00000E+00   0.00000E+00   7.75157E+00   3.96841E-18            15   6.03048E-10   3.14161E+00
        3481   4.17720E+02   1.20000E-01   7.72670E-02   5.72592E-05   9.42419E-05   0.00000E+00   3.83822E-04   1.00000E+00   0.00000E+00   7.75157E+00   5.13014E-18            15   6.90294E-10   3.14161E+00
        3482   4.17840E+02   1.20000E-01   7.72670E-02   5.70963E-05   9.39874E-05   0.00000E+00   4.79661E-04   1.00000E+00   0.00000E+00   7.75157E+00   3.92200E-18            15   6.86443E-10   3.14161E+00
        3483   4.17960E+02   1.20000E-01   7.72670E-02   5.69347E-05   9.37297E-05   0.00000E+00   4.99631E-04   1.00000E+00   0.00000E+00   7.75157E+00   5.39831E-18            15   6.56843E-10   3.14162E+00
        3484   4.18080E+02   1.20000E-01   7.72670E-02   5.67708E-05   9.34722E-05   0.00000E+00   4.85414E-04   1.00000E+00   0.00000E+00   7.75157E+00   5.53400E-18            15   7.37641E-10   3.14162E+00
        3485   4.18200E+02   1.20000E-01   7.72670E-02   5.66053E-05   9.32146E-05   0.00000E+00   4.92258E-04   1.00000E+00   0.00000E+00   7.75157E+00   3.97046E-18            15   6.95192E-10   3.14163E+00
        3486   4.18320E+02   1.20000E-01   7.72670E-02   5.64398E-05   9.29786E-05   0.00000E+00   5.08754E-04   1.00000E+00   0.00000E+00   7.75157E+00   4.06204E-18            15   6.67901E-10   3.14164E+00
        3487   4.18440E+02   1.20000E-01   7.72670E-02   5.62731E-05   9.27585E-05   0.00000E+00   5.27515E-04   1.00000E+00   0.00000E+00   7.75157E+00   4.19932E-18            15   6.03279E-10   3.14165E+00
        3488   4.18560E+02   1.20000E-01   7.72670E-02   5.61060E-05   9.25369E-05   0.00000E+00   5.38935E-04   1.00000E+00   0.00000E+00   7.75157E+00   4.13570E-18            15   6.49610E-10   3.14166E+00
        3489   4.18680E+02   1.20000E-01   7.72670E-02   5.59375E-05   9.23138E-05   0.00000E+00   5.51005E-04   1.00000E+00   0.00000E+00   7.75157E+00   4.10111E-18            15   6.05532E-10   3.14167E+00
        3490   4.18800E+02   1.20000E-01   7.72670E-02   5.57682E-05   9.20882E-05   0.00000E+00   5.63218E-04   1.00000E+00   0.00000E+00   7.75157E+00   4.05345E-18            15   6.17524E-10   3.14168E+00
        3491   4.18920E+02   1.20000E-01   7.72670E-02   5.55983E-05   9.18607E-05   0.00000E+00   5.75537E-04   1.00000E+00   0.00000E+00   7.75157E+00   4.03458E-18            15   6.42005E-10   3.14169E+00
        3492   4.19040E+02   1.20000E-01   7.72670E-02   5.54274E-05   9.16324E-05   0.00000E+00   5.84680E-04   1.00000E+00   0.00000E+00   7.75157E+00   3.58720E-18            15   6.14037E-10   3.14169E+00
        3493   4.19160E+02   1.20000E-01   7.72670E-02   5.52563E-05   9.14017E-05   0.00000E+00   5.96888E-04   1.00000E+00   0.00000E+00   7.75157E+00   3.46589E-18            15   6.49482E-10   3.14170E+00
        3494   4.19280E+02   1.20000E-01   7.72670E-02   5.50835E-05   9.11696E-05   0.00000E+00   6.09196E-04   1.00000E+00   0.00000E+00   7.75157E+00   3.08711E-18            15   5.59454E-10   3.14171E+00
        3495   4.19400E+02   1.20000E-01   7.72670E-02   5.49109E-05   9.09359E-05   0.00000E+00   6.18990E-04   1.00000E+00   0.00000E+00   7.75157E+00   2.92586E-18            15   6.14525E-10   3.14172E+00
        3496   4.19520E+02   1.20000E-01   7.72670E-02   5.47368E-05   9.07003E-05   0.00000E+00   6.30421E-04   1.00000E+00   0.00000E+00   7.75157E+00   2.45122E-18            15   4.96604E-10   3.14173E+00
        3497   4.19640E+02   1.20000E-01   7.72670E-02   5.45629E-05   9.04628E-05   0.00000E+00   6.39568E-04   1.00000E+00   0.00000E+00   7.75157E+00   2.22025E-18            15   4.97848E-10   3.14174E+00
        3498   4.19760E+02   1.20000E-01   7.72670E-02   5.43876E-05   9.02232E-05   0.00000E+00   6.51932E-04   1.00000E+00   0.00000E+00   7.75157E+00   2.00511E-18            15   4.18626E-10   3.14175E+00
        3499   4.19880E+02   1.20000E-01   7.72670E-02   5.42123E-05   8.99824E-05   0.00000E+00   6.63470E-04   1.00000E+00   0.00000E+00   7.75157E+00   2.11112E-18            15   4.58411E-10   3.14176E+00
        3500   4.20000E+02   1.20000E-01   7.72670E-02   5.40354E-05   8.97392E-05   0.00000E+00   6.75624E-04   1.00000E+00   0.00000E+00   7.75157E+00   1.82290E-18            15   3.87002E-10   3.14177E+00
        3501   4.20120E+02   1.20000E-01   7.72670E-02   5.38585E-05   8.94948E-05   0.00000E+00   6.85119E-04   1.00000E+00   0.00000E+00   7.75157E+00   1.72354E-18            15   3.94652E-10   3.14178E+00
        3502   4.20240E+02   1.20000E-01   7.72670E-02   5.36801E-05   8.92487E-05   0.00000E+00   6.97575E-04   1.00000E+00   0.00000E+00   7.75157E+00   1.70496E-18            15   2.95980E-10   3.14179E+00
        3503   4.20360E+02   1.20000E-01   7.72670E-02   5.35016E-05   8.90008E-05   0.00000E+00   7.07040E-04   1.00000E+00   0.00000E+00   7.75157E+00   1.43351E-18            15   3.08011E-10   3.14180E+00
        3504   4.20480E+02   1.20000E-01   7.72670E-02   5.33214E-05   8.87516E-05   0.00000E+00   7.18758E-04   1.00000E+00   0.00000E+00   7.75157E+00   1.43645E-18            15   3.67844E-10   3.14181E+00
        3505   4.20600E+02   1.20000E-01   7.72670E-02   5.31410E-05   8.85015E-05   0.00000E+00   7.29021E-04   1.00000E+00   0.00000E+00   7.75157E+00   1.40524E-18            15   3.68292E-10   3.14182E+00
        3506   4.20720E+02   1.20000E-01   7.72670E-02   5.29591E-05   8.82493E-05   0.00000E+00   7.41765E-04   1.00000E+00   0.00000E+00   7.75157E+00   1.84402E-18            15   2.87882E-10   3.14182E+00
        3507   4.20840E+02   1.20000E-01   7.72670E-02   5.27771E-05   8.79966E-05   0.00000E+00   7.50481E-04   1.00000E+00   0.00000E+00   7.75157E+00   1.63542E-18            15   4.90639E-10   3.14183E+00
        3508   4.20960E+02   1.20000E-01   7.72670E-02   5.25937E-05   8.77423E-05   0.00000E+00   7.63319E-04   1.00000E+00   0.00000E+00   7.75157E+00   1.35052E-18            15   4.21511E-10   3.14184E+00
        3509   4.21080E+02   1.20000E-01   7.72670E-02   5.24100E-05   8.74880E-05   0.00000E+00   7.72443E-04   1.00000E+00   0.00000E+00   7.75157E+00   1.34739E-18            15   4.31135E-10   3.14185E+00
        3510   4.21200E+02   1.20000E-01   7.72670E-02   5.22253E-05   8.72339E-05   0.00000E+00   7.82933E-04   1.00000E+00   0.00000E+00   7.75157E+00   2.04911E-18            15   5.79045E-10   3.14186E+00
        3511   4.21320E+02   1.20000E-01   7.72670E-02   5.20394E-05   8.69777E-05   0.00000E+00   7.95869E-04   1.00000E+00   0.00000E+00   7.75157E+00   1.13309E-18            15   3.41293E-10   3.14187E+00
        3512   4.21440E+02   1.20000E-01   7.72670E-02   5.18531E-05   8.67212E-05   0.00000E+00   8.04491E-04   1.00000E+00   0.00000E+00   7.75157E+00   2.44324E-18            15   6.09215E-10   3.14188E+00
        3513   4.21560E+02   1.20000E-01   7.72670E-02   5.16656E-05   8.64628E-05   0.00000E+00   8.17189E-04   1.00000E+00   0.00000E+00   7.75157E+00   1.09330E-18            15   3.92330E-10   3.14189E+00
        3514   4.21680E+02   1.20000E-01   7.72670E-02   5.14778E-05   8.62037E-05   0.00000E+00   8.26496E-04   1.00000E+00   0.00000E+00   7.75157E+00   2.14132E-18            15   5.85870E-10   3.14190E+00
        3515   4.21800E+02   1.20000E-01   7.72670E-02   5.12887E-05   8.59434E-05   0.00000E+00   8.37489E-04   1.00000E+00   0.00000E+00   7.75157E+00   1.83432E-18            15   5.60252E-10   3.14191E+00
        3516   4.21920E+02   1.20000E-01   7.72670E-02   5.10992E-05   8.56821E-05   0.00000E+00   8.47963E-04   1.00000E+00   0.00000E+00   7.75157E+00   2.05276E-18            15   5.73848E-10   3.14191E+00
        3517   4.22040E+02   1.20000E-01   7.72670E-02   5.09086E-05   8.54195E-05   0.00000E+00   8.59026E-04   1.00000E+00   0.00000E+00   7.75157E+00   1.72840E-18            15   5.25604E-10   3.14192E+00
        3518   4.22160E+02   1.20000E-01   7.72670E-02   5.07171E-05   8.51561E-05   0.00000E+00   8.68839E-04   1.00000E+00   0.00000E+00   7.75157E+00   2.43121E-18            15   6.12105E-10   3.14193E+00
        3519   4.22280E+02   1.20000E-01   7.72670E-02   5.05253E-05   8.48915E-05   0.00000E+00   8.79184E-04   1.00000E+00   0.00000E+00   7.75157E+00   2.30384E-18            15   6.06308E-10   3.14194E+00
        3520   4.22400E+02   1.20000E-01   7.72670E-02   5.03323E-05   8.46259E-05   0.00000E+00   8.90160E-04   1.00000E+00   0.00000E+00   7.75157E+00   1.92911E-18            15   5.46992E-10   3.14195E+00
        3521   4.22520E+02   1.20000E-01   7.72670E-02   5.01385E-05   8.43594E-05   0.00000E+00   8.99822E-04   1.00000E+00   0.00000E+00   7.75157E+00   2.59059E-18            15   6.21701E-10   3.14196E+00
        3522   4.22640E+02   1.20000E-01   7.72670E-02   4.99444E-05   8.40919E-05   0.00000E+00   9.09975E-04   1.00000E+00   0.00000E+00   7.75157E+00   2.43237E-18            15   6.15759E-10   3.14197E+00
        3523   4.22760E+02   1.20000E-01   7.72670E-02   4.97491E-05   8.38234E-05   0.00000E+00   9.20891E-04   1.00000E+00   0.00000E+00   7.75157E+00   2.06397E-18            15   5.59966E-10   3.14198E+00
        3524   4.22880E+02   1.20000E-01   7.72670E-02   4.95530E-05   8.35540E-05   0.00000E+00   9.30413E-04   1.00000E+00   0.00000E+00   7.75157E+00   2.75422E-18            15   6.26494E-10   3.14198E+00
        3525   4.23000E+02   1.20000E-01   7.72670E-02   4.93567E-05   8.32837E-05   0.00000E+00   9.40392E-04   1.00000E+00   0.00000E+00   7.75157E+00   2.54674E-18            15   6.17874E-10   3.14199E+00
        3526   4.23120E+02   1.20000E-01   7.72670E-02   4.91592E-05   8.30124E-05   0.00000E+00   9.51238E-04   1.00000E+00   0.00000E+00   7.75157E+00   2.14027E-18            15   5.64374E-10   3.14200E+00
        3527   4.23240E+02   1.20000E-01   7.72670E-02   4.89610E-05   8.27402E-05   0.00000E+00   9.60623E-04   1.00000E+00   0.00000E+00   7.75157E+00   2.83432E-18            15   6.24780E-10   3.14201E+00
        3528   4.23360E+02   1.20000E-01   7.72670E-02   4.87623E-05   8.24671E-05   0.00000E+00   9.70437E-04   1.00000E+00   0.00000E+00   7.75157E+00   2.64339E-18            15   6.14219E-10   3.14202E+00
        3529   4.23480E+02   1.20000E-01   7.72670E-02   4.85626E-05   8.21930E-05   0.00000E+00   9.81202E-04   1.00000E+00   0.00000E+00   7.75157E+00   2.38820E-18            15   5.89144E-10   3.14203E+00
        3530   4.23600E+02   1.20000E-01   7.72670E-02   4.83625E-05   8.19181E-05   0.00000E+00   9.90452E-04   1.00000E+00   0.00000E+00   7.75157E+00   2.90403E-18            15   6.16435E-10   3.14203E+00
        3531   4.23720E+02   1.20000E-01   7.72670E-02   4.81614E-05   8.16422E-05   0.00000E+00   1.00011E-03   1.00000E+00   0.00000E+00   7.75157E+00   2.70109E-18            15   6.05709E-10   3.14204E+00
        3532   4.23840E+02   1.20000E-01   7.72670E-02   4.79595E-05   8.13655E-05   0.00000E+00   1.01079E-03   1.00000E+00   0.00000E+00   7.75157E+00   2.49594E-18            15   5.90895E-10   3.14205E+00
        3533   4.23960E+02   1.20000E-01   7.72670E-02   4.77576E-05   8.10878E-05   0.00000E+00   1.01992E-03   1.00000E+00   0.00000E+00   7.75157E+00   2.88914E-18            15   6.04333E-10   3.14206E+00
        3534   4.24080E+02   1.20000E-01   7.72670E-02   4.75544E-05   8.08093E-05   0.00000E+00   1.02943E-03   1.00000E+00   0.00000E+00   7.75157E+00   2.75273E-18            15   5.95112E-10   3.14207E+00
        3535   4.24200E+02   1.20000E-01   7.72670E-02   4.73503E-05   8.05300E-05   0.00000E+00   1.04002E-03   1.00000E+00   0.00000E+00   7.75157E+00   2.55306E-18            15   5.86384E-10   3.14208E+00
        3536   4.24320E+02   1.20000E-01   7.72670E-02   4.71463E-05   8.02498E-05   0.00000E+00   1.04902E-03   1.00000E+00   0.00000E+00   7.75157E+00   2.88615E-18            15   5.90744E-10   3.14208E+00
        3537   4.24440E+02   1.20000E-01   7.72670E-02   4.69410E-05   7.99687E-05   0.00000E+00   1.05839E-03   1.00000E+00   0.00000E+00   7.75157E+00   2.76999E-18            15   5.83621E-10   3.14209E+00
        3538   4.24560E+02   1.20000E-01   7.72670E-02   4.67350E-05   7.96869E-05   0.00000E+00   1.06888E-03   1.00000E+00   0.00000E+00   7.75157E+00   2.58567E-18            15   5.79394E-10   3.14210E+00
        3539   4.24680E+02   1.20000E-01   7.72670E-02   4.65282E-05   7.94042E-05   0.00000E+00   1.07854E-03   1.00000E+00   0.00000E+00   7.75157E+00   2.65034E-18            15   5.84630E-10   3.14211E+00
        3540   4.24800E+02   1.20000E-01   7.72670E-02   4.63215E-05   7.91206E-05   0.00000E+00   1.08632E-03   1.00000E+00   0.00000E+00   7.75157E+00   2.87687E-18            15   5.57338E-10   3.14212E+00
        3541   4.24920E+02   1.20000E-01   7.72670E-02   4.61135E-05   7.88362E-05   0.00000E+00   1.09731E-03   1.00000E+00   0.00000E+00   7.75157E+00   2.59804E-18            15   5.73901E-10   3.14213E+00
        3542   4.25040E+02   1.20000E-01   7.72670E-02   4.59048E-05   7.85511E-05   0.00000E+00   1.10692E-03   1.00000E+00   0.00000E+00   7.75157E+00   2.57518E-18            15   5.74382E-10   3.14213E+00
        3543   4.25160E+02   1.20000E-01   7.72670E-02   4.56954E-05   7.82652E-05   0.00000E+00   1.11635E-03   1.00000E+00   0.00000E+00   7.75157E+00   2.59799E-18            15   5.73057E-10   3.14214E+00
        3544   4.25280E+02   1.20000E-01   7.72670E-02   4.54854E-05   7.79784E-05   0.00000E+00   1.12472E-03   1.00000E+00   0.00000E+00   7.75157E+00   2.63992E-18            15   5.51807E-10   3.14215E+00
        3545   4.25400E+02   1.20000E-01   7.72670E-02   4.52748E-05   7.76908E-05   0.00000E+00   1.13490E-03   1.00000E+00   0.00000E+00   7.75157E+00   2.55231E-18            15   5.59310E-10   3.14216E+00
        3546   4.25520E+02   1.20000E-01   7.72670E-02   4.50635E-05   7.74025E-05   0.00000E+00   1.14428E-03   1.00000E+00   0.00000E+00   7.75157E+00   2.53316E-18            15   5.60072E-10   3.14217E+00
        3547   4.25640E+02   1.20000E-01   7.72670E-02   4.48516E-05   7.71133E-05   0.00000E+00   1.15354E-03   1.00000E+00   0.00000E+00   7.75157E+00   2.52880E-18            15   5.59540E-10   3.14217E+00
        3548   4.25760E+02   1.20000E-01   7.72670E-02   4.46390E-05   7.68235E-05   0.00000E+00   1.16274E-03   1.00000E+00   0.00000E+00   7.75157E+00   2.49688E-18            15   5.56152E-10   3.14218E+00
        3549   4.25880E+02   1.20000E-01   7.72670E-02   4.44259E-05   7.65328E-05   0.00000E+00   1.17191E-03   1.00000E+00   0.00000E+00   7.75157E+00   2.48865E-18            15   5.53323E-10   3.14219E+00
        3550   4.26000E+02   1.20000E-01   7.72670E-02   4.42122E-05   7.62413E-05   0.00000E+00   1.18105E-03   1.00000E+00   0.00000E+00   7.75157E+00   2.45350E-18            15   5.49181E-10   3.14220E+00
        3551   4.26120E+02   1.20000E-01   7.72670E-02   4.39979E-05   7.59489E-05   0.00000E+00   1.19014E-03   1.00000E+00   0.00000E+00   7.75157E+00   2.43069E-18            15   5.46422E-10   3.14221E+00
        3552   4.26240E+02   1.20000E-01   7.72670E-02   4.37829E-05   7.56559E-05   0.00000E+00   1.19921E-03   1.00000E+00   0.00000E+00   7.75157E+00   2.40875E-18            15   5.42803E-10   3.14221E+00
        3553   4.26360E+02   1.20000E-01   7.72670E-02   4.35675E-05   7.53620E-05   0.00000E+00   1.20824E-03   1.00000E+00   0.00000E+00   7.75157E+00   2.38804E-18            15   5.39900E-10   3.14222E+00
        3554   4.26480E+02   1.20000E-01   7.72670E-02   4.33514E-05   7.50674E-05   0.00000E+00   1.21724E-03   1.00000E+00   0.00000E+00   7.75157E+00   2.33864E-18            15   5.36425E-10   3.14223E+00
        3555   4.26600E+02   1.20000E-01   7.72670E-02   4.31347E-05   7.47719E-05   0.00000E+00   1.22620E-03   1.00000E+00   0.00000E+00   7.75157E+00   2.31946E-18            15   5.33557E-10   3.14224E+00
        3556   4.26720E+02   1.20000E-01   7.72670E-02   4.29175E-05   7.44757E-05   0.00000E+00   1.23513E-03   1.00000E+00   0.00000E+00   7.75157E+00   2.30663E-18            15   5.30158E-10   3.14224E+00
        3557   4.26840E+02   1.20000E-01   7.72670E-02   4.26998E-05   7.41786E-05   0.00000E+00   1.24402E-03   1.00000E+00   0.00000E+00   7.75157E+00   2.28310E-18            15   5.27389E-10   3.14225E+00
        3558   4.26960E+02   1.20000E-01   7.72670E-02   4.24815E-05   7.38808E-05   0.00000E+00   1.25289E-03   1.00000E+00   0.00000E+00   7.75157E+00   2.24052E-18            15   5.23983E-10   3.14226E+00
        3559   4.27080E+02   1.20000E-01   7.72670E-02   4.22626E-05   7.35821E-05   0.00000E+00   1.26171E-03   1.00000E+00   0.00000E+00   7.75157E+00   2.20106E-18            15   5.21038E-10   3.14227E+00
        3560   4.27200E+02   1.20000E-01   7.72670E-02   4.20432E-05   7.32828E-05   0.00000E+00   1.27051E-03   1.00000E+00   0.00000E+00   7.75157E+00   2.17319E-18            15   5.17660E-10   3.14227E+00
        3561   4.27320E+02   1.20000E-01   7.72670E-02   4.18233E-05   7.29825E-05   0.00000E+00   1.27927E-03   1.00000E+00   0.00000E+00   7.75157E+00   2.13676E-18            15   5.14757E-10   3.14228E+00
        3562   4.27440E+02   1.20000E-01   7.72670E-02   4.16101E-05   7.26816E-05   0.00000E+00   1.28800E-03   1.00000E+00   0.00000E+00   7.75157E+00   2.11642E-18            15   5.11722E-10   3.14229E+00
        3563   4.27560E+02   1.20000E-01   7.72670E-02   4.14761E-05   7.23797E-05   0.00000E+00   1.29671E-03   1.00000E+00   0.00000E+00   7.75157E+00   2.06644E-18            15   5.06417E-10   3.14230E+00
        3564   4.27680E+02   1.20000E-01   7.72670E-02   4.13414E-05   7.20772E-05   0.00000E+00   1.30542E-03   1.00000E+00   0.00000E+00   7.75157E+00   2.03977E-18            15   5.04673E-10   3.14230E+00
        3565   4.27800E+02   1.20000E-01   7.72670E-02   4.12059E-05   7.17737E-05   0.00000E+00   1.31411E-03   1.00000E+00   0.00000E+00   7.75157E+00   2.01780E-18            15   5.01146E-10   3.14231E+00
        3566   4.27920E+02   1.20000E-01   7.72670E-02   4.10698E-05   7.14696E-05   0.00000E+00   1.32277E-03   1.00000E+00   0.00000E+00   7.75157E+00   1.96939E-18            15   4.97354E-10   3.14232E+00
        3567   4.28040E+02   1.20000E-01   7.72670E-02   4.09330E-05   7.11646E-05   0.00000E+00   1.33090E-03   1.00000E+00   0.00000E+00   7.75157E+00   1.97166E-18            15   4.94652E-10   3.14233E+00
        3568   4.28160E+02   1.20000E-01   7.72670E-02   4.07956E-05   7.08591E-05   0.00000E+00   1.33912E-03   1.00000E+00   0.00000E+00   7.75157E+00   1.93069E-18            15   4.85952E-10   3.14233E+00
        3569   4.28280E+02   1.20000E-01   7.72670E-02   4.06575E-05   7.05527E-05   0.00000E+00   1.34770E-03   1.00000E+00   0.00000E+00   7.75157E+00   1.91763E-18            15   4.82149E-10   3.14234E+00
        3570   4.28400E+02   1.20000E-01   7.72670E-02   4.05187E-05   7.02456E-05   0.00000E+00   1.35623E-03   1.00000E+00   0.00000E+00   7.75157E+00   1.90024E-18            15   4.77949E-10   3.14235E+00
        3571   4.28520E+02   1.20000E-01   7.72670E-02   4.03793E-05   6.99375E-05   0.00000E+00   1.36472E-03   1.00000E+00   0.00000E+00   7.75157E+00   1.86009E-18            15   4.73869E-10   3.14236E+00
        3572   4.28640E+02   1.20000E-01   7.72670E-02   4.02391E-05   6.96287E-05   0.00000E+00   1.37319E-03   1.00000E+00   0.00000E+00   7.75157E+00   1.82604E-18            15   4.69405E-10   3.14236E+00
        3573   4.28760E+02   1.20000E-01   7.72670E-02   4.00983E-05   6.93190E-05   0.00000E+00   1.38161E-03   1.00000E+00   0.00000E+00   7.75157E+00   1.79405E-18            15   4.64893E-10   3.14237E+00
        3574   4.28880E+02   1.20000E-01   7.72670E-02   3.99568E-05   6.90085E-05   0.00000E+00   1.39001E-03   1.00000E+00   0.00000E+00   7.75157E+00   1.75017E-18            15   4.59989E-10   3.14238E+00
        3575   4.29000E+02   1.20000E-01   7.72670E-02   3.98147E-05   6.86971E-05   0.00000E+00   1.39837E-03   1.00000E+00   0.00000E+00   7.75157E+00   1.72531E-18            15   4.55055E-10   3.14238E+00
        3576   4.29120E+02   1.20000E-01   7.72670E-02   3.96719E-05   6.83850E-05   0.00000E+00   1.40670E-03   1.00000E+00   0.00000E+00   7.75157E+00   1.67276E-18            15   4.49775E-10   3.14239E+00
        3577   4.29240E+02   1.20000E-01   7.72670E-02   3.95285E-05   6.80719E-05   0.00000E+00   1.41500E-03   1.00000E+00   0.00000E+00   7.75157E+00   1.63965E-18            15   4.44369E-10   3.14240E+00
        3578   4.29360E+02   1.20000E-01   7.72670E-02   3.93844E-05   6.77580E-05   0.00000E+00   1.42326E-03   1.00000E+00   0.00000E+00   7.75157E+00   1.60060E-18            15   4.38663E-10   3.14241E+00
        3579   4.29480E+02   1.20000E-01   7.72670E-02   3.92397E-05   6.74446E-05   0.00000E+00   1.43150E-03   1.00000E+00   0.00000E+00   7.75157E+00   1.56529E-18            15   4.32687E-10   3.14241E+00
        3580   4.29600E+02   1.20000E-01   7.72670E-02   3.90943E-05   6.71306E-05   0.00000E+00   1.43969E-03   1.00000E+00   0.00000E+00   7.75157E+00   1.53857E-18            15   4.26466E-10   3.14242E+00
        3581   4.29720E+02   1.20000E-01   7.72670E-02   3.89484E-05   6.68156E-05   0.00000E+00   1.44786E-03   1.00000E+00   0.00000E+00   7.75157E+00   1.49790E-18            15   4.19971E-10   3.14243E+00
        3582   4.29840E+02   1.20000E-01   7.72670E-02   3.88018E-05   6.64998E-05   0.00000E+00   1.45599E-03   1.00000E+00   0.00000E+00   7.75157E+00   1.46470E-18            15   4.13302E-10   3.14243E+00
        3583   4.29960E+02   1.20000E-01   7.72670E-02   3.86546E-05   6.61830E-05   0.00000E+00   1.46409E-03   1.00000E+00   0.00000E+00   7.75157E+00   1.42188E-18            15   4.06335E-10   3.14244E+00
        3584   4.30080E+02   1.20000E-01   7.72670E-02   3.85067E-05   6.58653E-05   0.00000E+00   1.47216E-03   1.00000E+00   0.00000E+00   7.75157E+00   1.37912E-18            15   3.99189E-10   3.14245E+00
        3585   4.30200E+02   1.20000E-01   7.72670E-02   3.83583E-05   6.55466E-05   0.00000E+00   1.48019E-03   1.00000E+00   0.00000E+00   7.75157E+00   1.33967E-18            15   3.91757E-10   3.14245E+00
        3586   4.30320E+02   1.20000E-01   7.72670E-02   3.82093E-05   6.52271E-05   0.00000E+00   1.48819E-03   1.00000E+00   0.00000E+00   7.75157E+00   1.30251E-18            15   3.84253E-10   3.14246E+00
        3587   4.30440E+02   1.20000E-01   7.72670E-02   3.80596E-05   6.49065E-05   0.00000E+00   1.49616E-03   1.00000E+00   0.00000E+00   7.75157E+00   1.26956E-18            15   3.76213E-10   3.14247E+00
        3588   4.30560E+02   1.20000E-01   7.72670E-02   3.79094E-05   6.45851E-05   0.00000E+00   1.50410E-03   1.00000E+00   0.00000E+00   7.75157E+00   1.23213E-18            15   3.68319E-10   3.14247E+00
        3589   4.30680E+02   1.20000E-01   7.72670E-02   3.77586E-05   6.42627E-05   0.00000E+00   1.51200E-03   1.00000E+00   0.00000E+00   7.75157E+00   1.19694E-18            15   3.59932E-10   3.14248E+00
        3590   4.30800E+02   1.20000E-01   7.72670E-02   3.76072E-05   6.39392E-05   0.00000E+00   1.51986E-03   1.00000E+00   0.00000E+00   7.75157E+00   1.14231E-18            15   3.51712E-10   3.14249E+00
        3591   4.30920E+02   1.20000E-01   7.72670E-02   3.74553E-05   6.36148E-05   0.00000E+00   1.52770E-03   1.00000E+00   0.00000E+00   7.75157E+00   1.11701E-18            15   3.43082E-10   3.14249E+00
        3592   4.31040E+02   1.20000E-01   7.72670E-02   3.73027E-05   6.32895E-05   0.00000E+00   1.53689E-03   1.00000E+00   0.00000E+00   7.75157E+00   1.09248E-18            15   3.34467E-10   3.14250E+00
        3593   4.31160E+02   1.20000E-01   7.72670E-02   3.71496E-05   6.29630E-05   0.00000E+00   1.54742E-03   1.00000E+00   0.00000E+00   7.75157E+00   1.04367E-18            15   3.25754E-10   3.14251E+00
        3594   4.31280E+02   1.20000E-01   7.72670E-02   3.69960E-05   6.26357E-05   0.00000E+00   1.55790E-03   1.00000E+00   0.00000E+00   7.75157E+00   1.01494E-18            15   3.17056E-10   3.14251E+00
        3595   4.31400E+02   1.20000E-01   7.72670E-02   3.68418E-05   6.23073E-05   0.00000E+00   1.56834E-03   1.00000E+00   0.00000E+00   7.75157E+00   9.77160E-19            15   3.08129E-10   3.14252E+00
        3596   4.31520E+02   1.20000E-01   7.72670E-02   3.66870E-05   6.19779E-05   0.00000E+00   1.57873E-03   1.00000E+00   0.00000E+00   7.75157E+00   9.49873E-19            15   2.99725E-10   3.14253E+00
        3597   4.31640E+02   1.20000E-01   7.72670E-02   3.65317E-05   6.16473E-05   0.00000E+00   1.58914E-03   1.00000E+00   0.00000E+00   7.75157E+00   7.86533E-19            15   2.58408E-10   3.14253E+00
        3598   4.31760E+02   1.20000E-01   7.72670E-02   3.63758E-05   6.13158E-05   0.00000E+00   1.59941E-03   1.00000E+00   0.00000E+00   7.75157E+00   9.78869E-19            15   3.13659E-10   3.14254E+00
        3599   4.31880E+02   1.20000E-01   7.72670E-02   3.62194E-05   6.09834E-05   0.00000E+00   1.60963E-03   1.00000E+00   0.00000E+00   7.75157E+00   8.50705E-19            15   2.77889E-10   3.14254E+00
        3600   4.32000E+02   1.20000E-01   7.72670E-02   3.60625E-05   6.06497E-05   0.00000E+00   1.61990E-03   1.00000E+00   0.00000E+00   7.75157E+00   8.15449E-19            15   2.38566E-10   3.14255E+00
        3601   4.32120E+02   1.20000E-01   7.72670E-02   3.59051E-05   6.03151E-05   0.00000E+00   1.63001E-03   1.00000E+00   0.00000E+00   7.75157E+00   8.71106E-19            15   2.87900E-10   3.14256E+00
        3602   4.32240E+02   1.20000E-01   7.72670E-02   3.57471E-05   5.99795E-05   0.00000E+00   1.64008E-03   1.00000E+00   0.00000E+00   7.75157E+00   7.74815E-19            15   2.54340E-10   3.14256E+00
        3603   4.32360E+02   1.20000E-01   7.72670E-02   3.55886E-05   5.96427E-05   0.00000E+00   1.65022E-03   1.00000E+00   0.00000E+00   7.75157E+00   8.15587E-19            15   2.22856E-10   3.14257E+00
        3604   4.32480E+02   1.20000E-01   7.72670E-02   3.54296E-05   5.93051E-05   0.00000E+00   1.66016E-03   1.00000E+00   0.00000E+00   7.75157E+00   7.89790E-19            15   2.62728E-10   3.14258E+00
        3605   4.32600E+02   1.20000E-01   7.72670E-02   3.52701E-05   5.89663E-05   0.00000E+00   1.67008E-03   1.00000E+00   0.00000E+00   7.75157E+00   8.37967E-19            15   2.34494E-10   3.14258E+00
        3606   4.32720E+02   1.20000E-01   7.72670E-02   3.51101E-05   5.86264E-05   0.00000E+00   1.68009E-03   1.00000E+00   0.00000E+00   7.75157E+00   8.17845E-19            15   2.16691E-10   3.14259E+00
        3607   4.32840E+02   1.20000E-01   7.72670E-02   3.49498E-05   5.82855E-05   0.00000E+00   1.69013E-03   1.00000E+00   0.00000E+00   7.75157E+00   9.18514E-19            15   2.12683E-10   3.14259E+00
        3608   4.32960E+02   1.20000E-01   7.72670E-02   3.47888E-05   5.79437E-05   0.00000E+00   1.69962E-03   1.00000E+00   0.00000E+00   7.75157E+00   7.94182E-19            15   2.45861E-10   3.14260E+00
        3609   4.33080E+02   1.20000E-01   7.72670E-02   3.46273E-05   5.76006E-05   0.00000E+00   1.70949E-03   1.00000E+00   0.00000E+00   7.75157E+00   8.03903E-19            15   2.17304E-10   3.14261E+00
        3610   4.33200E+02   1.20000E-01   7.72670E-02   3.44655E-05   5.72566E-05   0.00000E+00   1.71933E-03   1.00000E+00   0.00000E+00   7.75157E+00   9.15590E-19            15   2.05503E-10   3.14261E+00
        3611   4.33320E+02   1.20000E-01   7.72670E-02   3.43031E-05   5.69117E-05   0.00000E+00   1.72865E-03   1.00000E+00   0.00000E+00   7.75157E+00   8.17550E-19            15   2.29726E-10   3.14262E+00
        3612   4.33440E+02   1.20000E-01   7.72670E-02   3.41402E-05   5.65655E-05   0.00000E+00   1.73839E-03   1.00000E+00   0.00000E+00   7.75157E+00   7.42438E-19            15   2.26180E-10   3.14262E+00
        3613   4.33560E+02   1.20000E-01   7.72670E-02   3.39769E-05   5.62184E-05   0.00000E+00   1.74802E-03   1.00000E+00   0.00000E+00   7.75157E+00   8.82475E-19            15   2.07633E-10   3.14263E+00
        3614   4.33680E+02   1.20000E-01   7.72670E-02   3.38131E-05   5.58703E-05   0.00000E+00   1.75716E-03   1.00000E+00   0.00000E+00   7.75157E+00   8.12529E-19            15   2.20383E-10   3.14264E+00
        3615   4.33800E+02   1.20000E-01   7.72670E-02   3.36488E-05   5.55210E-05   0.00000E+00   1.76678E-03   1.00000E+00   0.00000E+00   7.75157E+00   7.15482E-19            15   2.42384E-10   3.14264E+00
        3616   4.33920E+02   1.20000E-01   7.72670E-02   3.34842E-05   5.51707E-05   0.00000E+00   1.77618E-03   1.00000E+00   0.00000E+00   7.75157E+00   8.26686E-19            15   2.19114E-10   3.14265E+00
        3617   4.34040E+02   1.20000E-01   7.72670E-02   3.33190E-05   5.48195E-05   0.00000E+00   1.78514E-03   1.00000E+00   0.00000E+00   7.75157E+00   8.08482E-19            15   2.19302E-10   3.14265E+00
        3618   4.34160E+02   1.20000E-01   7.72670E-02   3.31533E-05   5.44671E-05   0.00000E+00   1.79462E-03   1.00000E+00   0.00000E+00   7.75157E+00   7.72598E-19            15   2.63584E-10   3.14266E+00
        3619   4.34280E+02   1.20000E-01   7.72670E-02   3.29873E-05   5.41138E-05   0.00000E+00   1.80380E-03   1.00000E+00   0.00000E+00   7.75157E+00   7.69783E-19            15   2.37575E-10   3.14266E+00
        3620   4.34400E+02   1.20000E-01   7.72670E-02   3.28208E-05   5.37594E-05   0.00000E+00   1.81260E-03   1.00000E+00   0.00000E+00   7.75157E+00   7.74269E-19            15   2.26394E-10   3.14267E+00
        3621   4.34520E+02   1.20000E-01   7.72670E-02   3.26538E-05   5.34039E-05   0.00000E+00   1.82190E-03   1.00000E+00   0.00000E+00   7.75157E+00   8.25783E-19            15   2.87667E-10   3.14267E+00
        3622   4.34640E+02   1.20000E-01   7.72670E-02   3.24866E-05   5.30476E-05   0.00000E+00   1.83085E-03   1.00000E+00   0.00000E+00   7.75157E+00   7.10743E-19            15   2.60764E-10   3.14268E+00
        3623   4.34760E+02   1.20000E-01   7.72670E-02   3.23188E-05   5.26901E-05   0.00000E+00   1.83979E-03   1.00000E+00   0.00000E+00   7.75157E+00   8.18577E-19            15   2.77776E-10   3.14269E+00
        3624   4.34880E+02   1.20000E-01   7.72670E-02   3.21505E-05   5.23317E-05   0.00000E+00   1.84831E-03   1.00000E+00   0.00000E+00   7.75157E+00   7.37272E-19            15   2.36009E-10   3.14269E+00
        3625   4.35000E+02   1.20000E-01   7.72670E-02   3.19820E-05   5.19722E-05   0.00000E+00   1.85750E-03   1.00000E+00   0.00000E+00   7.75157E+00   1.01317E-18            15   3.57771E-10   3.14270E+00
        3626   4.35120E+02   1.20000E-01   7.72670E-02   3.18129E-05   5.16119E-05   0.00000E+00   1.86580E-03   1.00000E+00   0.00000E+00   7.75157E+00   7.36400E-19            15   2.32594E-10   3.14270E+00
        3627   4.35240E+02   1.20000E-01   7.72670E-02   3.16434E-05   5.12505E-05   0.00000E+00   1.87470E-03   1.00000E+00   0.00000E+00   7.75157E+00   9.39922E-19            15   3.33097E-10   3.14271E+00
        3628   4.35360E+02   1.20000E-01   7.72670E-02   3.14737E-05   5.08889E-05   0.00000E+00   1.88316E-03   1.00000E+00   0.00000E+00   7.75157E+00   8.58469E-19            15   3.11481E-10   3.14271E+00
        3629   4.35480E+02   1.20000E-01   7.72670E-02   3.13034E-05   5.05402E-05   0.00000E+00   1.89177E-03   1.00000E+00   0.00000E+00   7.75157E+00   9.41641E-19            15   3.24800E-10   3.14272E+00
        3630   4.35600E+02   1.20000E-01   7.72670E-02   3.11327E-05   5.01911E-05   0.00000E+00   1.89987E-03   1.00000E+00   0.00000E+00   7.75157E+00   7.77725E-19            15   2.81209E-10   3.14272E+00
        3631   4.35720E+02   1.20000E-01   7.72670E-02   3.09618E-05   4.98411E-05   0.00000E+00   1.90865E-03   1.00000E+00   0.00000E+00   7.75157E+00   1.11735E-18            15   3.98450E-10   3.14273E+00
        3632   4.35840E+02   1.20000E-01   7.72670E-02   3.07904E-05   4.94909E-05   0.00000E+00   1.91651E-03   1.00000E+00   0.00000E+00   7.75157E+00   7.50261E-19            15   2.71926E-10   3.14273E+00
        3633   4.35960E+02   1.20000E-01   7.72670E-02   3.06185E-05   4.91400E-05   0.00000E+00   1.92500E-03   1.00000E+00   0.00000E+00   7.75157E+00   1.04780E-18            15   3.77054E-10   3.14274E+00
        3634   4.36080E+02   1.20000E-01   7.72670E-02   3.04465E-05   4.87886E-05   0.00000E+00   1.93296E-03   1.00000E+00   0.00000E+00   7.75157E+00   9.92696E-19            15   3.58299E-10   3.14274E+00
        3635   4.36200E+02   1.20000E-01   7.72670E-02   3.02739E-05   4.84366E-05   0.00000E+00   1.94120E-03   1.00000E+00   0.00000E+00   7.75157E+00   1.04145E-18            15   3.68483E-10   3.14275E+00
        3636   4.36320E+02   1.20000E-01   7.72670E-02   3.01009E-05   4.80842E-05   0.00000E+00   1.94885E-03   1.00000E+00   0.00000E+00   7.75157E+00   9.06330E-19            15   3.28647E-10   3.14275E+00
        3637   4.36440E+02   1.20000E-01   7.72670E-02   2.99278E-05   4.77311E-05   0.00000E+00   1.95720E-03   1.00000E+00   0.00000E+00   7.75157E+00   1.21018E-18            15   4.29284E-10   3.14276E+00
        3638   4.36560E+02   1.20000E-01   7.72670E-02   2.97541E-05   4.73778E-05   0.00000E+00   1.96460E-03   1.00000E+00   0.00000E+00   7.75157E+00   8.63246E-19            15   3.16639E-10   3.14276E+00
        3639   4.36680E+02   1.20000E-01   7.72670E-02   2.95800E-05   4.70239E-05   0.00000E+00   1.97264E-03   1.00000E+00   0.00000E+00   7.75157E+00   1.22394E-18            15   4.12051E-10   3.14277E+00
        3640   4.36800E+02   1.20000E-01   7.72670E-02   2.94058E-05   4.66695E-05   0.00000E+00   1.98016E-03   1.00000E+00   0.00000E+00   7.75157E+00   1.09220E-18            15   3.94567E-10   3.14277E+00
        3641   4.36920E+02   1.20000E-01   7.72670E-02   2.92310E-05   4.63146E-05   0.00000E+00   1.98794E-03   1.00000E+00   0.00000E+00   7.75157E+00   1.22120E-18            15   4.03708E-10   3.14278E+00
        3642   4.37040E+02   1.20000E-01   7.72670E-02   2.90559E-05   4.59594E-05   0.00000E+00   1.99513E-03   1.00000E+00   0.00000E+00   7.75157E+00   1.01331E-18            15   3.67855E-10   3.14278E+00
        3643   4.37160E+02   1.20000E-01   7.72670E-02   2.88807E-05   4.56036E-05   0.00000E+00   2.00301E-03   1.00000E+00   0.00000E+00   7.75157E+00   1.35492E-18            15   4.51840E-10   3.14279E+00
        3644   4.37280E+02   1.20000E-01   7.72670E-02   2.87049E-05   4.52476E-05   0.00000E+00   2.00994E-03   1.00000E+00   0.00000E+00   7.75157E+00   9.71714E-19            15   3.56219E-10   3.14279E+00
        3645   4.37400E+02   1.20000E-01   7.72670E-02   2.85288E-05   4.49143E-05   0.00000E+00   2.01750E-03   1.00000E+00   0.00000E+00   7.75157E+00   1.39857E-18            15   4.38534E-10   3.14280E+00
        3646   4.37520E+02   1.20000E-01   7.72670E-02   2.83526E-05   4.46467E-05   0.00000E+00   2.02451E-03   1.00000E+00   0.00000E+00   7.75157E+00   1.20194E-18            15   4.23967E-10   3.14280E+00
        3647   4.37640E+02   1.20000E-01   7.72670E-02   2.81759E-05   4.43786E-05   0.00000E+00   2.03182E-03   1.00000E+00   0.00000E+00   7.75157E+00   1.40546E-18            15   4.30951E-10   3.14281E+00
        3648   4.37760E+02   1.20000E-01   7.72670E-02   2.79988E-05   4.41102E-05   0.00000E+00   2.03851E-03   1.00000E+00   0.00000E+00   7.75157E+00   1.14834E-18            15   4.01491E-10   3.14281E+00
        3649   4.37880E+02   1.20000E-01   7.72670E-02   2.78216E-05   4.38413E-05   0.00000E+00   2.04589E-03   1.00000E+00   0.00000E+00   7.75157E+00   1.41803E-18            15   4.65525E-10   3.14281E+00
        3650   4.38000E+02   1.20000E-01   7.72670E-02   2.76439E-05   4.35722E-05   0.00000E+00   2.05233E-03   1.00000E+00   0.00000E+00   7.75157E+00   1.12082E-18            15   3.88846E-10   3.14282E+00
        3651   4.38120E+02   1.20000E-01   7.72670E-02   2.74659E-05   4.33027E-05   0.00000E+00   2.05908E-03   1.00000E+00   0.00000E+00   7.75157E+00   1.36810E-18            15   4.35409E-10   3.14282E+00
        3652   4.38240E+02   1.20000E-01   7.72670E-02   2.72878E-05   4.30327E-05   0.00000E+00   2.06621E-03   1.00000E+00   0.00000E+00   7.75157E+00   1.42394E-18            15   4.71555E-10   3.14283E+00
        3653   4.38360E+02   1.20000E-01   7.72670E-02   2.71093E-05   4.27624E-05   0.00000E+00   2.07239E-03   1.00000E+00   0.00000E+00   7.75157E+00   1.19051E-18            15   4.02172E-10   3.14283E+00
        3654   4.38480E+02   1.20000E-01   7.72670E-02   2.69304E-05   4.24918E-05   0.00000E+00   2.07889E-03   1.00000E+00   0.00000E+00   7.75157E+00   1.41795E-18            15   4.44022E-10   3.14284E+00
        3655   4.38600E+02   1.20000E-01   7.72670E-02   2.67514E-05   4.22207E-05   0.00000E+00   2.08575E-03   1.00000E+00   0.00000E+00   7.75157E+00   1.42815E-18            15   4.74573E-10   3.14284E+00
        3656   4.38720E+02   1.20000E-01   7.72670E-02   2.65720E-05   4.19495E-05   0.00000E+00   2.09168E-03   1.00000E+00   0.00000E+00   7.75157E+00   1.27292E-18            15   4.13357E-10   3.14284E+00
        3657   4.38840E+02   1.20000E-01   7.72670E-02   2.63923E-05   4.16778E-05   0.00000E+00   2.09792E-03   1.00000E+00   0.00000E+00   7.75157E+00   1.44644E-18            15   4.50698E-10   3.14285E+00
        3658   4.38960E+02   1.20000E-01   7.72670E-02   2.62123E-05   4.14059E-05   0.00000E+00   2.10439E-03   1.00000E+00   0.00000E+00   7.75157E+00   1.54378E-18            15   4.71732E-10   3.14285E+00
        3659   4.39080E+02   1.20000E-01   7.72670E-02   2.60322E-05   4.11335E-05   0.00000E+00   2.11027E-03   1.00000E+00   0.00000E+00   7.75157E+00   1.51769E-18            15   4.54910E-10   3.14286E+00
        3660   4.39200E+02   1.20000E-01   7.72670E-02   2.58517E-05   4.08610E-05   0.00000E+00   2.11617E-03   1.00000E+00   0.00000E+00   7.75157E+00   1.48535E-18            15   4.45192E-10   3.14286E+00
        3661   4.39320E+02   1.20000E-01   7.72670E-02   2.56710E-05   4.05881E-05   0.00000E+00   2.12236E-03   1.00000E+00   0.00000E+00   7.75157E+00   1.54976E-18            15   4.72941E-10   3.14286E+00
        3662   4.39440E+02   1.20000E-01   7.72670E-02   2.54899E-05   4.03150E-05   0.00000E+00   2.12786E-03   1.00000E+00   0.00000E+00   7.75157E+00   1.51804E-18            15   4.44892E-10   3.14287E+00
        3663   4.39560E+02   1.20000E-01   7.72670E-02   2.53086E-05   4.00415E-05   0.00000E+00   2.13358E-03   1.00000E+00   0.00000E+00   7.75157E+00   1.53552E-18            15   4.60988E-10   3.14287E+00
        3664   4.39680E+02   1.20000E-01   7.72670E-02   2.51273E-05   3.97678E-05   0.00000E+00   2.13952E-03   1.00000E+00   0.00000E+00   7.75157E+00   1.55171E-18            15   4.76178E-10   3.14288E+00
        3665   4.39800E+02   1.20000E-01   7.72670E-02   2.49455E-05   3.94938E-05   0.00000E+00   2.14475E-03   1.00000E+00   0.00000E+00   7.75157E+00   1.60275E-18            15   4.48407E-10   3.14288E+00
        3666   4.39920E+02   1.20000E-01   7.72670E-02   2.47635E-05   3.92196E-05   0.00000E+00   2.15021E-03   1.00000E+00   0.00000E+00   7.75157E+00   1.57382E-18            15   4.62812E-10   3.14288E+00
        3667   4.40040E+02   1.20000E-01   7.72670E-02   2.45812E-05   3.89451E-05   0.00000E+00   2.15557E-03   1.00000E+00   0.00000E+00   7.75157E+00   1.61082E-18            15   4.64830E-10   3.14289E+00
        3668   4.40160E+02   1.20000E-01   7.72670E-02   2.43988E-05   3.86704E-05   0.00000E+00   2.16083E-03   1.00000E+00   0.00000E+00   7.75157E+00   1.63197E-18            15   4.65190E-10   3.14289E+00
        3669   4.40280E+02   1.20000E-01   7.72670E-02   2.42161E-05   3.83955E-05   0.00000E+00   2.16601E-03   1.00000E+00   0.00000E+00   7.75157E+00   1.65995E-18            15   4.65294E-10   3.14290E+00
        3670   4.40400E+02   1.20000E-01   7.72670E-02   2.40332E-05   3.81203E-05   0.00000E+00   2.17110E-03   1.00000E+00   0.00000E+00   7.75157E+00   1.66343E-18            15   4.65285E-10   3.14290E+00
        3671   4.40520E+02   1.20000E-01   7.72670E-02   2.38501E-05   3.78449E-05   0.00000E+00   2.17609E-03   1.00000E+00   0.00000E+00   7.75157E+00   1.67241E-18            15   4.65177E-10   3.14290E+00
        3672   4.40640E+02   1.20000E-01   7.72670E-02   2.36668E-05   3.75693E-05   0.00000E+00   2.18100E-03   1.00000E+00   0.00000E+00   7.75157E+00   1.68079E-18            15   4.64981E-10   3.14291E+00
        3673   4.40760E+02   1.20000E-01   7.72670E-02   2.34833E-05   3.72935E-05   0.00000E+00   2.18581E-03   1.00000E+00   0.00000E+00   7.75157E+00   1.73184E-18            15   4.64685E-10   3.14291E+00
        3674   4.40880E+02   1.20000E-01   7.72670E-02   2.32995E-05   3.70175E-05   0.00000E+00   2.19053E-03   1.00000E+00   0.00000E+00   7.75157E+00   1.74123E-18            15   4.64307E-10   3.14291E+00
        3675   4.41000E+02   1.20000E-01   7.72670E-02   2.31156E-05   3.67413E-05   0.00000E+00   2.19516E-03   1.00000E+00   0.00000E+00   7.75157E+00   1.75621E-18            15   4.63846E-10   3.14292E+00
        3676   4.41120E+02   1.20000E-01   7.72670E-02   2.29316E-05   3.64649E-05   0.00000E+00   2.19970E-03   1.00000E+00   0.00000E+00   7.75157E+00   1.77190E-18            15   4.63311E-10   3.14292E+00
        3677   4.41240E+02   1.20000E-01   7.72670E-02   2.27473E-05   3.61884E-05   0.00000E+00   2.20414E-03   1.00000E+00   0.00000E+00   7.75157E+00   1.77917E-18            15   4.62697E-10   3.14292E+00
        3678   4.41360E+02   1.20000E-01   7.72670E-02   2.25629E-05   3.59117E-05   0.00000E+00   2.20850E-03   1.00000E+00   0.00000E+00   7.75157E+00   1.78887E-18            15   4.62014E-10   3.14293E+00
        3679   4.41480E+02   1.20000E-01   7.72670E-02   2.23783E-05   3.56348E-05   0.00000E+00   2.21276E-03   1.00000E+00   0.00000E+00   7.75157E+00   1.81864E-18            15   4.61257E-10   3.14293E+00
        3680   4.41600E+02   1.20000E-01   7.72670E-02   2.21935E-05   3.53578E-05   0.00000E+00   2.21693E-03   1.00000E+00   0.00000E+00   7.75157E+00   1.83937E-18            15   4.60428E-10   3.14293E+00
        3681   4.41720E+02   1.20000E-01   7.72670E-02   2.20086E-05   3.50807E-05   0.00000E+00   2.22101E-03   1.00000E+00   0.00000E+00   7.75157E+00   1.84926E-18            15   4.59533E-10   3.14294E+00
        3682   4.41840E+02   1.20000E-01   7.72670E-02   2.18235E-05   3.48034E-05   0.00000E+00   2.22500E-03   1.00000E+00   0.00000E+00   7.75157E+00   1.87220E-18            15   4.58576E-10   3.14294E+00
        3683   4.41960E+02   1.20000E-01   7.72670E-02   2.16383E-05   3.45260E-05   0.00000E+00   2.22890E-03   1.00000E+00   0.00000E+00   7.75157E+00   1.88606E-18            15   4.57551E-10   3.14294E+00
        3684   4.42080E+02   1.20000E-01   7.72670E-02   2.14529E-05   3.42485E-05   0.00000E+00   2.23265E-03   1.00000E+00   0.00000E+00   7.75157E+00   1.89840E-18            15   4.58893E-10   3.14295E+00
        3685   4.42200E+02   1.20000E-01   7.72670E-02   2.12674E-05   3.39709E-05   0.00000E+00   2.23637E-03   1.00000E+00   0.00000E+00   7.75157E+00   1.89355E-18            15   4.55453E-10   3.14295E+00
        3686   4.42320E+02   1.20000E-01   7.72670E-02   2.10817E-05   3.36932E-05   0.00000E+00   2.23995E-03   1.00000E+00   0.00000E+00   7.75157E+00   1.92933E-18            15   4.57851E-10   3.14295E+00
        3687   4.42440E+02   1.20000E-01   7.72670E-02   2.08959E-05   3.34154E-05   0.00000E+00   2.24348E-03   1.00000E+00   0.00000E+00   7.75157E+00   1.95269E-18            15   4.53055E-10   3.14295E+00
        3688   4.42560E+02   1.20000E-01   7.72670E-02   2.07100E-05   3.31376E-05   0.00000E+00   2.24692E-03   1.00000E+00   0.00000E+00   7.75157E+00   1.94559E-18            15   4.51700E-10   3.14296E+00
        3689   4.42680E+02   1.20000E-01   7.72670E-02   2.05240E-05   3.28596E-05   0.00000E+00   2.25028E-03   1.00000E+00   0.00000E+00   7.75157E+00   1.97501E-18            15   4.50330E-10   3.14296E+00
        3690   4.42800E+02   1.20000E-01   7.72670E-02   2.03379E-05   3.25816E-05   0.00000E+00   2.25354E-03   1.00000E+00   0.00000E+00   7.75157E+00   1.97325E-18            15   4.48916E-10   3.14296E+00
        3691   4.42920E+02   1.20000E-01   7.72670E-02   2.01516E-05   3.23036E-05   0.00000E+00   2.25672E-03   1.00000E+00   0.00000E+00   7.75157E+00   1.98793E-18            15   4.47436E-10   3.14297E+00
        3692   4.43040E+02   1.20000E-01   7.72670E-02   1.99652E-05   3.20255E-05   0.00000E+00   2.25981E-03   1.00000E+00   0.00000E+00   7.75157E+00   1.99605E-18            15   4.45963E-10   3.14297E+00
        3693   4.43160E+02   1.20000E-01   7.72670E-02   1.97788E-05   3.17473E-05   0.00000E+00   2.26281E-03   1.00000E+00   0.00000E+00   7.75157E+00   2.00490E-18            15   4.44434E-10   3.14297E+00
        3694   4.43280E+02   1.20000E-01   7.72670E-02   1.95922E-05   3.14691E-05   0.00000E+00   2.26572E-03   1.00000E+00   0.00000E+00   7.75157E+00   2.00989E-18            15   4.42843E-10   3.14297E+00
        3695   4.43400E+02   1.20000E-01   7.72670E-02   1.94427E-05   3.11909E-05   0.00000E+00   2.26854E-03   1.00000E+00   0.00000E+00   7.75157E+00   2.01012E-18            15   4.41217E-10   3.14298E+00
        3696   4.43520E+02   1.20000E-01   7.72670E-02   1.93198E-05   3.09127E-05   0.00000E+00   2.27128E-03   1.00000E+00   0.00000E+00   7.75157E+00   2.02665E-18            15   4.39560E-10   3.14298E+00
        3697   4.43640E+02   1.20000E-01   7.72670E-02   1.91966E-05   3.06345E-05   0.00000E+00   2.27393E-03   1.00000E+00   0.00000E+00   7.75157E+00   2.03514E-18            15   4.37881E-10   3.14298E+00
        3698   4.43760E+02   1.20000E-01   7.72670E-02   1.90732E-05   3.03563E-05   0.00000E+00   2.27650E-03   1.00000E+00   0.00000E+00   7.75157E+00   2.04149E-18            15   4.36186E-10   3.14298E+00
        3699   4.43880E+02   1.20000E-01   7.72670E-02   1.89496E-05   3.00780E-05   0.00000E+00   2.27899E-03   1.00000E+00   0.00000E+00   7.75157E+00   2.04621E-18            15   4.34481E-10   3.14299E+00
        3700   4.44000E+02   1.20000E-01   7.72670E-02   1.89484E-05   2.97998E-05   0.00000E+00   2.28140E-03   1.00000E+00   0.00000E+00   7.75157E+00   2.04195E-18            15   4.32783E-10   3.14299E+00
        3701   4.44120E+02   1.20000E-01   7.72670E-02   1.89531E-05   2.95217E-05   0.00000E+00   2.28372E-03   1.00000E+00   0.00000E+00   7.75157E+00   2.04349E-18            15   4.31070E-10   3.14299E+00
        3702   4.44240E+02   1.20000E-01   7.72670E-02   1.89575E-05   2.92435E-05   0.00000E+00   2.28596E-03   1.00000E+00   0.00000E+00   7.75157E+00   2.04499E-18            15   4.29364E-10   3.14299E+00
        3703   4.44360E+02   1.20000E-01   7.72670E-02   1.89616E-05   2.89654E-05   0.00000E+00   2.28812E-03   1.00000E+00   0.00000E+00   7.75157E+00   2.07043E-18            15   4.27679E-10   3.14300E+00
        3704   4.44480E+02   1.20000E-01   7.72670E-02   1.89653E-05   2.86873E-05   0.00000E+00   2.29019E-03   1.00000E+00   0.00000E+00   7.75157E+00   2.05038E-18            15   4.26047E-10   3.14300E+00
        3705   4.44600E+02   1.20000E-01   7.72670E-02   1.89686E-05   2.84093E-05   0.00000E+00   2.29218E-03   1.00000E+00   0.00000E+00   7.75157E+00   2.05148E-18            15   4.24393E-10   3.14300E+00
        3706   4.44720E+02   1.20000E-01   7.72670E-02   1.89715E-05   2.81314E-05   0.00000E+00   2.29409E-03   1.00000E+00   0.00000E+00   7.75157E+00   2.05638E-18            15   4.22793E-10   3.14300E+00
        3707   4.44840E+02   1.20000E-01   7.72670E-02   1.89741E-05   2.78535E-05   0.00000E+00   2.29592E-03   1.00000E+00   0.00000E+00   7.75157E+00   2.05351E-18            15   4.21251E-10   3.14301E+00
        3708   4.44960E+02   1.20000E-01   7.72670E-02   1.89762E-05   2.75757E-05   0.00000E+00   2.29767E-03   1.00000E+00   0.00000E+00   7.75157E+00   2.04682E-18            15   4.19751E-10   3.14301E+00
        3709   4.45080E+02   1.20000E-01   7.72670E-02   1.89780E-05   2.72980E-05   0.00000E+00   2.29933E-03   1.00000E+00   0.00000E+00   7.75157E+00   2.04634E-18            15   4.18320E-10   3.14301E+00
        3710   4.45200E+02   1.20000E-01   7.72670E-02   1.89794E-05   2.70203E-05   0.00000E+00   2.30092E-03   1.00000E+00   0.00000E+00   7.75157E+00   2.03662E-18            15   4.16961E-10   3.14301E+00
        3711   4.45320E+02   1.20000E-01   7.72670E-02   1.89804E-05   2.67428E-05   0.00000E+00   2.30244E-03   1.00000E+00   0.00000E+00   7.75157E+00   2.04024E-18            15   4.15677E-10   3.14301E+00
        3712   4.45440E+02   1.20000E-01   7.72670E-02   1.89810E-05   2.64654E-05   0.00000E+00   2.30387E-03   1.00000E+00   0.00000E+00   7.75157E+00   2.02352E-18            15   4.14483E-10   3.14302E+00
        3713   4.45560E+02   1.20000E-01   7.72670E-02   1.89811E-05   2.61881E-05   0.00000E+00   2.30523E-03   1.00000E+00   0.00000E+00   7.75157E+00   2.03529E-18            15   4.13385E-10   3.14302E+00
        3714   4.45680E+02   1.20000E-01   7.72670E-02   1.89809E-05   2.59109E-05   0.00000E+00   2.30651E-03   1.00000E+00   0.00000E+00   7.75157E+00   2.04057E-18            15   4.12397E-10   3.14302E+00
        3715   4.45800E+02   1.20000E-01   7.72670E-02   1.89802E-05   2.56338E-05   0.00000E+00   2.30771E-03   1.00000E+00   0.00000E+00   7.75157E+00   2.05055E-18            15   4.11525E-10   3.14302E+00
        3716   4.45920E+02   1.20000E-01   7.72670E-02   1.89791E-05   2.53569E-05   0.00000E+00   2.30884E-03   1.00000E+00   0.00000E+00   7.75157E+00   2.05211E-18            15   4.10775E-10   3.14302E+00
        3717   4.46040E+02   1.20000E-01   7.72670E-02   1.89775E-05   2.50801E-05   0.00000E+00   2.30990E-03   1.00000E+00   0.00000E+00   7.75157E+00   2.06041E-18            15   4.10167E-10   3.14303E+00
        3718   4.46160E+02   1.20000E-01   7.72670E-02   1.89756E-05   2.48035E-05   0.00000E+00   2.31088E-03   1.00000E+00   0.00000E+00   7.75157E+00   2.05974E-18            15   4.09706E-10   3.14303E+00
        3719   4.46280E+02   1.20000E-01   7.72670E-02   1.89731E-05   2.45270E-05   0.00000E+00   2.31179E-03   1.00000E+00   0.00000E+00   7.75157E+00   2.06966E-18            15   4.09403E-10   3.14303E+00
        3720   4.46400E+02   1.20000E-01   7.72670E-02   1.89703E-05   2.42507E-05   0.00000E+00   2.31263E-03   1.00000E+00   0.00000E+00   7.75157E+00   2.07975E-18            15   4.09272E-10   3.14303E+00
        3721   4.46520E+02   1.20000E-01   7.72670E-02   1.89669E-05   2.39746E-05   0.00000E+00   2.31340E-03   1.00000E+00   0.00000E+00   7.75157E+00   2.08744E-18            15   4.09322E-10   3.14303E+00
        3722   4.46640E+02   1.20000E-01   7.72670E-02   1.89632E-05   2.36986E-05   0.00000E+00   2.31409E-03   1.00000E+00   0.00000E+00   7.75157E+00   2.08078E-18            15   4.09565E-10   3.14303E+00
        3723   4.46760E+02   1.20000E-01   7.72670E-02   1.89589E-05   2.34228E-05   0.00000E+00   2.31472E-03   1.00000E+00   0.00000E+00   7.75157E+00   2.08648E-18            15   4.10012E-10   3.14303E+00
        3724   4.46880E+02   1.20000E-01   7.72670E-02   1.89542E-05   2.31473E-05   0.00000E+00   2.31528E-03   1.00000E+00   0.00000E+00   7.75157E+00   2.09301E-18            15   4.10674E-10   3.14304E+00
        3725   4.47000E+02   1.20000E-01   7.72670E-02   1.89491E-05   2.28719E-05   0.00000E+00   2.31577E-03   1.00000E+00   0.00000E+00   7.75157E+00   2.09675E-18            15   4.11552E-10   3.14304E+00
        3726   4.47120E+02   1.20000E-01   7.72670E-02   1.89434E-05   2.25967E-05   0.00000E+00   2.31619E-03   1.00000E+00   0.00000E+00   7.75157E+00   2.09566E-18            15   4.12658E-10   3.14304E+00
        3727   4.47240E+02   1.20000E-01   7.72670E-02   1.89374E-05   2.23217E-05   0.00000E+00   2.31655E-03   1.00000E+00   0.00000E+00   7.75157E+00   2.09469E-18            15   4.13994E-10   3.14304E+00
        3728   4.47360E+02   1.20000E-01   7.72670E-02   1.89308E-05   2.20470E-05   0.00000E+00   2.31684E-03   1.00000E+00   0.00000E+00   7.75157E+00   2.09130E-18            15   4.15555E-10   3.14304E+00
        3729   4.47480E+02   1.20000E-01   7.72670E-02   1.89237E-05   2.17724E-05   0.00000E+00   2.31706E-03   1.00000E+00   0.00000E+00   7.75157E+00   2.09888E-18            15   4.17355E-10   3.14304E+00
