    Timestep          Time      Timestep       Maximum          Umax          Vmax          Wmax          Pmax           VOF           VOF           VOF       Maximum      Pressure      Pressure          XMAX
      number                        size           CFL                                                               maximum       minimum      integral    divergence     iteration         error
           0   0.00000E+00   3.00000E-02   2.14164E-01   0.00000E+00   0.00000E+00   0.00000E+00   0.00000E+00   1.00000E+00   0.00000E+00   3.35059E+01   0.00000E+00             0   0.00000E+00   0.00000E+00
           1   3.00000E-02   3.00000E-02   2.14164E-01   5.59519E-04   5.10303E-04   5.10309E-04   1.08193E+00   1.00000E+00   0.00000E+00   3.35059E+01   9.01658E-12             9   2.69880E-07   2.00026E+00
           2   6.00000E-02   3.00000E-02   2.14164E-01   1.11516E-03   1.01770E-03   1.01766E-03   1.08193E+00   1.00000E+00   0.00000E+00   3.35059E+01   4.33353E-11             8   8.34685E-07   2.00025E+00
           3   9.00000E-02   3.00000E-02   2.14164E-01   1.66532E-03   1.52076E-03   1.52064E-03   1.08192E+00   1.00000E+00   0.00000E+00   3.35059E+01   4.90322E-11             8   8.55734E-07   2.00024E+00
           4   1.20000E-01   3.00000E-02   2.14164E-01   2.20847E-03   2.01801E-03   2.01787E-03   1.08192E+00   1.00000E+00   0.00000E+00   3.35059E+01   5.52050E-11             8   8.65966E-07   2.00022E+00
           5   1.50000E-01   3.00000E-02   2.14164E-01   2.74315E-03   2.50815E-03   2.50799E-03   1.08191E+00   1.00000E+00   0.00000E+00   3.35059E+01   6.09989E-11             8   8.77900E-07   2.00018E+00
           6   1.80000E-01   3.00000E-02   2.14164E-01   3.26804E-03   2.98976E-03   2.98968E-03   1.08190E+00   1.00000E+00   0.00000E+00   3.35059E+01   6.64413E-11             8   8.74938E-07   2.00014E+00
           7   2.10000E-01   3.00000E-02   2.14164E-01   3.78193E-03   3.46174E-03   3.46169E-03   1.08188E+00   1.00000E+00   0.00000E+00   3.35059E+01   7.21900E-11             8   8.92986E-07   2.00009E+00
           8   2.40000E-01   3.00000E-02   2.14164E-01   4.28373E-03   3.92276E-03   3.92280E-03   1.08187E+00   1.00000E+00   0.00000E+00   3.35059E+01   7.58622E-11             8   8.80144E-07   2.00002E+00
           9   2.70000E-01   3.00000E-02   2.14164E-01   4.77251E-03   4.37181E-03   4.37185E-03   1.08185E+00   1.00000E+00   0.00000E+00   3.35059E+01   8.11679E-11             8   8.99229E-07   1.99995E+00
          10   3.00000E-01   3.00000E-02   2.14164E-01   5.24744E-03   4.80761E-03   4.80777E-03   1.08182E+00   1.00000E+00   0.00000E+00   3.35059E+01   8.45226E-11             8   8.96940E-07   1.99986E+00
          11   3.30000E-01   3.00000E-02   2.14164E-01   5.70789E-03   5.22926E-03   5.22955E-03   1.08179E+00   1.00000E+00   0.00000E+00   3.35059E+01   8.85097E-11             8   9.06864E-07   1.99977E+00
          12   3.60000E-01   3.00000E-02   2.14164E-01   6.15334E-03   5.63583E-03   5.63623E-03   1.08176E+00   1.00000E+00   0.00000E+00   3.35059E+01   9.03958E-11             8   8.95544E-07   1.99966E+00
          13   3.90000E-01   3.00000E-02   2.14164E-01   6.58344E-03   6.02644E-03   6.02696E-03   1.08172E+00   1.00000E+00   0.00000E+00   3.35059E+01   9.35261E-11             8   9.14963E-07   1.99954E+00
          14   4.20000E-01   3.00000E-02   2.14164E-01   6.99799E-03   6.40031E-03   6.40096E-03   1.08167E+00   1.00000E+00   0.00000E+00   3.35059E+01   9.53401E-11             8   9.18733E-07   1.99941E+00
          15   4.50000E-01   3.00000E-02   2.14164E-01   7.39692E-03   6.75675E-03   6.75754E-03   1.08161E+00   1.00000E+00   0.00000E+00   3.35059E+01   9.63353E-11             8   9.25179E-07   1.99927E+00
          16   4.80000E-01   3.00000E-02   2.14164E-01   7.78028E-03   7.09526E-03   7.09608E-03   1.08155E+00   1.00000E+00   0.00000E+00   3.35059E+01   9.73138E-11             8   9.32040E-07   1.99911E+00
          17   5.10000E-01   3.00000E-02   2.14164E-01   8.14826E-03   7.41534E-03   7.41603E-03   1.08148E+00   1.00000E+00   0.00000E+00   3.35059E+01   9.79119E-11             8   9.37122E-07   1.99895E+00
          18   5.40000E-01   3.00000E-02   2.14164E-01   8.50115E-03   7.71640E-03   7.71700E-03   1.08140E+00   1.00000E+00   0.00000E+00   3.35059E+01   9.78217E-11             8   9.44055E-07   1.99876E+00
          19   5.70000E-01   3.00000E-02   2.14164E-01   8.83934E-03   7.99817E-03   7.99862E-03   1.08131E+00   1.00000E+00   0.00000E+00   3.35059E+01   9.73345E-11             8   9.49578E-07   1.99857E+00
          20   6.00000E-01   3.00000E-02   2.14164E-01   9.16330E-03   8.26031E-03   8.26073E-03   1.08121E+00   1.00000E+00   0.00000E+00   3.35059E+01   9.69312E-11             8   9.46392E-07   1.99836E+00
          21   6.30000E-01   3.00000E-02   2.14164E-01   9.47356E-03   8.50272E-03   8.50328E-03   1.08110E+00   1.00000E+00   0.00000E+00   3.35059E+01   9.79298E-11             8   9.59605E-07   1.99813E+00
          22   6.60000E-01   3.00000E-02   2.14164E-01   9.77068E-03   8.72527E-03   8.72599E-03   1.08098E+00   1.00000E+00   0.00000E+00   3.35059E+01   9.84790E-11             8   9.54190E-07   1.99789E+00
          23   6.90000E-01   3.00000E-02   2.14164E-01   1.00551E-02   8.92797E-03   8.92882E-03   1.08084E+00   1.00000E+00   0.00000E+00   3.35059E+01   9.93726E-11             8   9.58366E-07   1.99764E+00
          24   7.20000E-01   3.00000E-02   2.14164E-01   1.03277E-02   9.11093E-03   9.11190E-03   1.08070E+00   1.00000E+00   0.00000E+00   3.35059E+01   1.01681E-10             8   9.74542E-07   1.99737E+00
          25   7.50000E-01   3.00000E-02   2.14164E-01   1.05891E-02   9.27431E-03   9.27541E-03   1.08054E+00   1.00000E+00   0.00000E+00   3.35059E+01   1.02506E-10             8   9.79299E-07   1.99708E+00
          26   7.80000E-01   3.00000E-02   2.14164E-01   1.08398E-02   9.41836E-03   9.41943E-03   1.08036E+00   1.00000E+00   0.00000E+00   3.35059E+01   1.07983E-10             8   9.79822E-07   1.99678E+00
          27   8.10000E-01   3.00000E-02   2.14164E-01   1.10805E-02   9.54348E-03   9.54445E-03   1.08018E+00   1.00000E+00   0.00000E+00   3.35059E+01   1.21894E-10             8   9.93199E-07   1.99647E+00
          28   8.40000E-01   3.00000E-02   2.14164E-01   1.13119E-02   9.64998E-03   9.65087E-03   1.07998E+00   1.00000E+00   0.00000E+00   3.35059E+01   1.27953E-10             8   9.97143E-07   1.99613E+00
          29   8.70000E-01   3.00000E-02   2.14164E-01   1.18275E-02   9.73833E-03   9.73916E-03   1.07976E+00   1.00000E+00   0.00000E+00   3.35059E+01   2.73707E-11             9   2.07253E-07   1.99578E+00
          30   9.00000E-01   3.00000E-02   2.14164E-01   1.23518E-02   9.80905E-03   9.80982E-03   1.07953E+00   1.00000E+00   0.00000E+00   3.35059E+01   2.80643E-11             9   2.09669E-07   1.99542E+00
          31   9.30000E-01   3.00000E-02   2.14164E-01   1.28742E-02   9.86272E-03   9.86345E-03   1.07929E+00   1.00000E+00   0.00000E+00   3.35059E+01   2.87745E-11             9   2.12055E-07   1.99504E+00
          32   9.60000E-01   3.00000E-02   2.14164E-01   1.33931E-02   9.89996E-03   9.90067E-03   1.07903E+00   1.00000E+00   0.00000E+00   3.35059E+01   2.95028E-11             9   2.14384E-07   1.99464E+00
          33   9.90000E-01   3.00000E-02   2.14164E-01   1.39069E-02   9.92145E-03   9.92213E-03   1.07875E+00   1.00000E+00   0.00000E+00   3.35059E+01   3.10757E-11             9   2.20461E-07   1.99422E+00
          34   1.02000E+00   3.00000E-02   2.14164E-01   1.44137E-02   9.92804E-03   9.92858E-03   1.07846E+00   1.00000E+00   0.00000E+00   3.35059E+01   3.21881E-11             9   2.24419E-07   1.99379E+00
          35   1.05000E+00   3.00000E-02   2.14164E-01   1.49121E-02   9.92022E-03   9.92080E-03   1.07816E+00   1.00000E+00   0.00000E+00   3.35059E+01   3.25052E-11             9   2.23913E-07   1.99334E+00
          36   1.08000E+00   3.00000E-02   2.14164E-01   1.54001E-02   9.89885E-03   9.89951E-03   1.07783E+00   1.00000E+00   0.00000E+00   3.35059E+01   3.15383E-11             9   2.17534E-07   1.99288E+00
          37   1.11000E+00   3.00000E-02   2.14164E-01   1.58762E-02   9.86451E-03   9.86552E-03   1.07750E+00   1.00000E+00   0.00000E+00   3.35059E+01   3.18332E-11             9   2.17108E-07   1.99240E+00
          38   1.14000E+00   3.00000E-02   2.14164E-01   1.63387E-02   9.81830E-03   9.81968E-03   1.07715E+00   1.00000E+00   0.00000E+00   3.35059E+01   3.34649E-11             9   2.23096E-07   1.99190E+00
          39   1.17000E+00   3.00000E-02   2.14164E-01   1.67859E-02   9.76118E-03   9.76282E-03   1.07678E+00   1.00000E+00   0.00000E+00   3.35059E+01   3.50161E-11             9   2.28063E-07   1.99139E+00
          40   1.20000E+00   3.00000E-02   2.14164E-01   1.72164E-02   9.69468E-03   9.69579E-03   1.07640E+00   1.00000E+00   0.00000E+00   3.35059E+01   3.56427E-11             9   2.29125E-07   1.99087E+00
          41   1.23000E+00   3.00000E-02   2.14164E-01   1.76287E-02   9.61887E-03   9.61943E-03   1.07601E+00   1.00000E+00   0.00000E+00   3.35059E+01   3.63844E-11             9   2.30224E-07   1.99033E+00
          42   1.26000E+00   3.00000E-02   2.14164E-01   1.80212E-02   9.53456E-03   9.53459E-03   1.07561E+00   1.00000E+00   0.00000E+00   3.35059E+01   3.70231E-11             9   2.31202E-07   1.98978E+00
          43   1.29000E+00   3.00000E-02   2.14164E-01   1.83928E-02   9.44257E-03   9.44210E-03   1.07550E+00   1.00000E+00   0.00000E+00   3.35059E+01   3.69250E-11             9   2.28517E-07   1.98921E+00
          44   1.32000E+00   3.00000E-02   2.14164E-01   1.87419E-02   9.34370E-03   9.34275E-03   1.07538E+00   1.00000E+00   0.00000E+00   3.35059E+01   3.67373E-11             9   2.24741E-07   1.98863E+00
          45   1.35000E+00   3.00000E-02   2.14164E-01   1.90676E-02   9.23881E-03   9.23740E-03   1.07526E+00   1.00000E+00   0.00000E+00   3.35059E+01   3.96843E-11             9   2.36274E-07   1.98804E+00
          46   1.38000E+00   3.00000E-02   2.14164E-01   1.93688E-02   9.12868E-03   9.12685E-03   1.07515E+00   1.00000E+00   0.00000E+00   3.35059E+01   4.02409E-11             9   2.37984E-07   1.98744E+00
          47   1.41000E+00   3.00000E-02   2.14164E-01   1.96445E-02   9.01407E-03   9.01185E-03   1.07502E+00   1.00000E+00   0.00000E+00   3.35059E+01   4.05593E-11             9   2.37024E-07   1.98683E+00
          48   1.44000E+00   3.00000E-02   2.14164E-01   1.98937E-02   8.89569E-03   8.89310E-03   1.07490E+00   1.00000E+00   0.00000E+00   3.35059E+01   4.01422E-11             9   2.34077E-07   1.98621E+00
          49   1.47000E+00   3.00000E-02   2.14164E-01   2.01156E-02   8.77423E-03   8.77133E-03   1.07478E+00   1.00000E+00   0.00000E+00   3.35059E+01   4.04171E-11             9   2.34408E-07   1.98558E+00
          50   1.50000E+00   3.00000E-02   2.14164E-01   2.03095E-02   8.73573E-03   8.73674E-03   1.07465E+00   1.00000E+00   0.00000E+00   3.35059E+01   4.25097E-11             9   2.41910E-07   1.98494E+00
          51   1.53000E+00   3.00000E-02   2.14164E-01   2.04748E-02   8.79067E-03   8.79171E-03   1.07452E+00   1.00000E+00   0.00000E+00   3.35059E+01   4.54849E-11             9   2.42822E-07   1.98429E+00
          52   1.56000E+00   3.00000E-02   2.14164E-01   2.06110E-02   8.84515E-03   8.84621E-03   1.07441E+00   1.00000E+00   0.00000E+00   3.35059E+01   4.75468E-11             9   2.51773E-07   1.98364E+00
          53   1.59000E+00   3.00000E-02   2.14164E-01   2.07175E-02   8.89938E-03   8.90045E-03   1.07453E+00   1.00000E+00   0.00000E+00   3.35059E+01   4.59529E-11             9   2.44496E-07   1.98298E+00
          54   1.62000E+00   3.00000E-02   2.14164E-01   2.07941E-02   8.95356E-03   8.95466E-03   1.07465E+00   1.00000E+00   0.00000E+00   3.35059E+01   4.60666E-11             9   2.44555E-07   1.98232E+00
          55   1.65000E+00   3.00000E-02   2.14164E-01   2.08407E-02   9.00789E-03   9.00899E-03   1.07476E+00   1.00000E+00   0.00000E+00   3.35059E+01   4.62674E-11             9   2.44376E-07   1.98166E+00
          56   1.68000E+00   3.00000E-02   2.14164E-01   2.08570E-02   9.06254E-03   9.06363E-03   1.07488E+00   1.00000E+00   0.00000E+00   3.35059E+01   4.60751E-11             9   2.43429E-07   1.98099E+00
          57   1.71000E+00   3.00000E-02   2.14164E-01   2.08429E-02   9.11768E-03   9.11876E-03   1.07499E+00   1.00000E+00   0.00000E+00   3.35059E+01   4.59209E-11             9   2.42508E-07   1.98032E+00
          58   1.74000E+00   3.00000E-02   2.14164E-01   2.07986E-02   9.17344E-03   9.17450E-03   1.07511E+00   1.00000E+00   0.00000E+00   3.35059E+01   4.57793E-11             9   2.41498E-07   1.97965E+00
          59   1.77000E+00   3.00000E-02   2.14164E-01   2.07240E-02   9.22990E-03   9.23099E-03   1.07522E+00   1.00000E+00   0.00000E+00   3.35059E+01   4.57646E-11             9   2.41428E-07   1.97898E+00
          60   1.80000E+00   3.00000E-02   2.14164E-01   2.06195E-02   9.28721E-03   9.28833E-03   1.07533E+00   1.00000E+00   0.00000E+00   3.35059E+01   4.55399E-11             9   2.40947E-07   1.97831E+00
          61   1.83000E+00   3.00000E-02   2.14164E-01   2.04852E-02   9.34548E-03   9.34662E-03   1.07544E+00   1.00000E+00   0.00000E+00   3.35059E+01   4.53869E-11             9   2.40912E-07   1.97764E+00
          62   1.86000E+00   3.00000E-02   2.14164E-01   2.03214E-02   9.40476E-03   9.40592E-03   1.07555E+00   1.00000E+00   0.00000E+00   3.35059E+01   4.47360E-11             9   2.38957E-07   1.97697E+00
          63   1.89000E+00   3.00000E-02   2.14164E-01   2.01285E-02   9.46514E-03   9.46629E-03   1.07565E+00   1.00000E+00   0.00000E+00   3.35059E+01   4.46752E-11             9   2.40577E-07   1.97631E+00
          64   1.92000E+00   3.00000E-02   2.14164E-01   1.99069E-02   9.52662E-03   9.52778E-03   1.07576E+00   1.00000E+00   0.00000E+00   3.35059E+01   4.35819E-11             9   2.35945E-07   1.97566E+00
          65   1.95000E+00   3.00000E-02   2.14164E-01   1.96571E-02   9.58925E-03   9.59041E-03   1.07586E+00   1.00000E+00   0.00000E+00   3.35059E+01   4.28922E-11             9   2.36464E-07   1.97500E+00
          66   1.98000E+00   3.00000E-02   2.14164E-01   1.93798E-02   9.65304E-03   9.65420E-03   1.07596E+00   1.00000E+00   0.00000E+00   3.35059E+01   4.22415E-11             9   2.36648E-07   1.97436E+00
          67   2.01000E+00   3.00000E-02   2.14164E-01   1.90755E-02   9.71799E-03   9.71915E-03   1.07607E+00   1.00000E+00   0.00000E+00   3.35059E+01   4.14067E-11             9   2.36552E-07   1.97372E+00
          68   2.04000E+00   3.00000E-02   2.14164E-01   1.87448E-02   9.78409E-03   9.78524E-03   1.07616E+00   1.00000E+00   0.00000E+00   3.35059E+01   4.04712E-11             9   2.36588E-07   1.97309E+00
          69   2.07000E+00   3.00000E-02   2.14164E-01   1.83884E-02   9.85130E-03   9.85244E-03   1.07626E+00   1.00000E+00   0.00000E+00   3.35059E+01   3.94399E-11             9   2.36728E-07   1.97248E+00
          70   2.10000E+00   3.00000E-02   2.14164E-01   1.80070E-02   9.91959E-03   9.92070E-03   1.07636E+00   1.00000E+00   0.00000E+00   3.35059E+01   3.83378E-11             9   2.37230E-07   1.97187E+00
          71   2.13000E+00   3.00000E-02   2.14164E-01   1.76015E-02   9.98889E-03   9.98998E-03   1.07645E+00   1.00000E+00   0.00000E+00   3.35059E+01   3.71177E-11             9   2.37675E-07   1.97127E+00
          72   2.16000E+00   3.00000E-02   2.14164E-01   1.71726E-02   1.00591E-02   1.00602E-02   1.07655E+00   1.00000E+00   0.00000E+00   3.35059E+01   3.55561E-11             9   2.37370E-07   1.97068E+00
          73   2.19000E+00   3.00000E-02   2.14164E-01   1.67212E-02   1.01303E-02   1.01313E-02   1.07664E+00   1.00000E+00   0.00000E+00   3.35059E+01   3.41604E-11             9   2.36741E-07   1.97011E+00
          74   2.22000E+00   3.00000E-02   2.14164E-01   1.62481E-02   1.02022E-02   1.02031E-02   1.07672E+00   1.00000E+00   0.00000E+00   3.35059E+01   3.28530E-11             9   2.38387E-07   1.96955E+00
          75   2.25000E+00   3.00000E-02   2.14164E-01   1.57543E-02   1.02748E-02   1.02757E-02   1.07681E+00   1.00000E+00   0.00000E+00   3.35059E+01   3.16318E-11             9   2.41224E-07   1.96901E+00
          76   2.28000E+00   3.00000E-02   2.14164E-01   1.52403E-02   1.03479E-02   1.03488E-02   1.07690E+00   1.00000E+00   0.00000E+00   3.35059E+01   2.99504E-11             9   2.41738E-07   1.96848E+00
          77   2.31000E+00   3.00000E-02   2.14164E-01   1.47078E-02   1.04216E-02   1.04224E-02   1.07698E+00   1.00000E+00   0.00000E+00   3.35059E+01   2.86269E-11             9   2.43272E-07   1.96796E+00
          78   2.34000E+00   3.00000E-02   2.14164E-01   1.41572E-02   1.04956E-02   1.04963E-02   1.07706E+00   1.00000E+00   0.00000E+00   3.35059E+01   2.69031E-11             9   2.44129E-07   1.96748E+00
          79   2.37000E+00   3.00000E-02   2.14164E-01   1.35897E-02   1.05698E-02   1.05705E-02   1.07714E+00   1.00000E+00   0.00000E+00   3.35059E+01   2.54684E-11             9   2.45123E-07   1.96699E+00
          80   2.40000E+00   3.00000E-02   2.14164E-01   1.30065E-02   1.06441E-02   1.06447E-02   1.07721E+00   1.00000E+00   0.00000E+00   3.35059E+01   2.40082E-11             9   2.46156E-07   1.96653E+00
          81   2.43000E+00   3.00000E-02   2.14164E-01   1.24086E-02   1.07183E-02   1.07188E-02   1.07729E+00   1.00000E+00   0.00000E+00   3.35059E+01   2.26156E-11             9   2.47302E-07   1.96609E+00
          82   2.46000E+00   3.00000E-02   2.14164E-01   1.17971E-02   1.07923E-02   1.07927E-02   1.07736E+00   1.00000E+00   0.00000E+00   3.35059E+01   2.13764E-11             9   2.48467E-07   1.96566E+00
          83   2.49000E+00   3.00000E-02   2.14164E-01   1.11732E-02   1.08659E-02   1.08663E-02   1.07742E+00   1.00000E+00   0.00000E+00   3.35059E+01   2.03461E-11             9   2.49757E-07   1.96526E+00
          84   2.52000E+00   3.00000E-02   2.14164E-01   1.05380E-02   1.09389E-02   1.09393E-02   1.07749E+00   1.00000E+00   0.00000E+00   3.35059E+01   1.95597E-11             9   2.51200E-07   1.96487E+00
          85   2.55000E+00   3.00000E-02   2.14164E-01   1.06513E-02   1.10113E-02   1.10115E-02   1.07755E+00   1.00000E+00   0.00000E+00   3.35059E+01   1.90158E-11             9   2.52549E-07   1.96450E+00
          86   2.58000E+00   3.00000E-02   2.14164E-01   1.08120E-02   1.10828E-02   1.10829E-02   1.07761E+00   1.00000E+00   0.00000E+00   3.35059E+01   1.85699E-11             9   2.54089E-07   1.96416E+00
          87   2.61000E+00   3.00000E-02   2.14164E-01   1.09729E-02   1.11532E-02   1.11533E-02   1.07767E+00   1.00000E+00   0.00000E+00   3.35059E+01   1.80920E-11             9   2.54985E-07   1.96383E+00
          88   2.64000E+00   3.00000E-02   2.14164E-01   1.11339E-02   1.12224E-02   1.12224E-02   1.07772E+00   1.00000E+00   0.00000E+00   3.35059E+01   1.74895E-11             9   2.54840E-07   1.96353E+00
          89   2.67000E+00   3.00000E-02   2.14164E-01   1.12946E-02   1.12902E-02   1.12901E-02   1.07777E+00   1.00000E+00   0.00000E+00   3.35059E+01   1.67451E-11             9   2.53046E-07   1.96324E+00
          90   2.70000E+00   3.00000E-02   2.14164E-01   1.14550E-02   1.13563E-02   1.13563E-02   1.07782E+00   1.00000E+00   0.00000E+00   3.35059E+01   1.59016E-11             9   2.49045E-07   1.96298E+00
          91   2.73000E+00   3.00000E-02   2.14164E-01   1.16148E-02   1.14207E-02   1.14206E-02   1.07786E+00   1.00000E+00   0.00000E+00   3.35059E+01   1.52986E-11             9   2.42456E-07   1.96274E+00
          92   2.76000E+00   3.00000E-02   2.14164E-01   1.17738E-02   1.14832E-02   1.14830E-02   1.07790E+00   1.00000E+00   0.00000E+00   3.35059E+01   1.47384E-11             9   2.32563E-07   1.96253E+00
          93   2.79000E+00   3.00000E-02   2.14164E-01   1.19318E-02   1.15434E-02   1.15432E-02   1.07793E+00   1.00000E+00   0.00000E+00   3.35059E+01   1.40390E-11             9   2.22535E-07   1.96233E+00
          94   2.82000E+00   3.00000E-02   2.14164E-01   1.20886E-02   1.16014E-02   1.16011E-02   1.07797E+00   1.00000E+00   0.00000E+00   3.35059E+01   1.29632E-11             9   2.10723E-07   1.96216E+00
          95   2.85000E+00   3.00000E-02   2.14164E-01   1.22447E-02   1.16568E-02   1.16565E-02   1.07800E+00   1.00000E+00   0.00000E+00   3.35059E+01   1.19429E-11             9   1.97876E-07   1.96201E+00
          96   2.88000E+00   3.00000E-02   2.14164E-01   1.23999E-02   1.17096E-02   1.17093E-02   1.07802E+00   1.00000E+00   0.00000E+00   3.35059E+01   1.11788E-11             9   1.87276E-07   1.96188E+00
          97   2.91000E+00   3.00000E-02   2.14164E-01   1.25532E-02   1.17595E-02   1.17591E-02   1.07804E+00   1.00000E+00   0.00000E+00   3.35059E+01   8.88312E-11             8   9.63514E-07   1.96178E+00
          98   2.94000E+00   3.00000E-02   2.14164E-01   1.27045E-02   1.18064E-02   1.18060E-02   1.07806E+00   1.00000E+00   0.00000E+00   3.35059E+01   8.81761E-11             8   9.25232E-07   1.96169E+00
          99   2.97000E+00   3.00000E-02   2.14164E-01   1.28535E-02   1.18501E-02   1.18497E-02   1.07807E+00   1.00000E+00   0.00000E+00   3.35059E+01   8.65822E-11             8   8.97887E-07   1.96163E+00
         100   3.00000E+00   3.00000E-02   2.14164E-01   1.30000E-02   1.18905E-02   1.18900E-02   1.07808E+00   1.00000E+00   0.00000E+00   3.35059E+01   8.66213E-11             8   8.87361E-07   1.96159E+00
         101   3.03000E+00   3.00000E-02   2.14164E-01   1.31439E-02   1.19274E-02   1.19269E-02   1.07809E+00   1.00000E+00   0.00000E+00   3.35059E+01   8.92458E-11             8   8.93031E-07   1.96158E+00
         102   3.06000E+00   3.00000E-02   2.14164E-01   1.32850E-02   1.19619E-02   1.19615E-02   1.07809E+00   1.00000E+00   0.00000E+00   3.35059E+01   9.79519E-11             8   9.17011E-07   1.96158E+00
         103   3.09000E+00   3.00000E-02   2.14164E-01   1.34232E-02   1.19928E-02   1.19926E-02   1.07808E+00   1.00000E+00   0.00000E+00   3.35059E+01   1.04007E-10             8   9.37605E-07   1.96161E+00
         104   3.12000E+00   3.00000E-02   2.14164E-01   1.35582E-02   1.20200E-02   1.20198E-02   1.07808E+00   1.00000E+00   0.00000E+00   3.35059E+01   1.11084E-10             8   9.66180E-07   1.96165E+00
         105   3.15000E+00   3.00000E-02   2.14164E-01   1.36900E-02   1.20431E-02   1.20430E-02   1.07807E+00   1.00000E+00   0.00000E+00   3.35059E+01   1.12649E-10             8   9.80225E-07   1.96171E+00
         106   3.18000E+00   3.00000E-02   2.14164E-01   1.38184E-02   1.20622E-02   1.20621E-02   1.07805E+00   1.00000E+00   0.00000E+00   3.35059E+01   1.72440E-11             9   1.91947E-07   1.96180E+00
         107   3.21000E+00   3.00000E-02   2.14164E-01   1.39434E-02   1.20771E-02   1.20771E-02   1.07804E+00   1.00000E+00   0.00000E+00   3.35059E+01   1.77707E-11             9   1.98752E-07   1.96190E+00
         108   3.24000E+00   3.00000E-02   2.14164E-01   1.40648E-02   1.20878E-02   1.20879E-02   1.07801E+00   1.00000E+00   0.00000E+00   3.35059E+01   1.84038E-11             9   2.07513E-07   1.96203E+00
         109   3.27000E+00   3.00000E-02   2.14164E-01   1.41823E-02   1.20943E-02   1.20945E-02   1.07799E+00   1.00000E+00   0.00000E+00   3.35059E+01   1.81877E-11             9   2.12037E-07   1.96217E+00
         110   3.30000E+00   3.00000E-02   2.14164E-01   1.42961E-02   1.20965E-02   1.20968E-02   1.07800E+00   1.00000E+00   0.00000E+00   3.35059E+01   1.85129E-11             9   2.20470E-07   1.96233E+00
         111   3.33000E+00   3.00000E-02   2.14164E-01   1.44059E-02   1.20944E-02   1.20948E-02   1.07802E+00   1.00000E+00   0.00000E+00   3.35059E+01   1.69820E-11             9   2.14267E-07   1.96251E+00
         112   3.36000E+00   3.00000E-02   2.14164E-01   1.45117E-02   1.20881E-02   1.20885E-02   1.07803E+00   1.00000E+00   0.00000E+00   3.35059E+01   1.74743E-11             9   2.24034E-07   1.96271E+00
         113   3.39000E+00   3.00000E-02   2.14164E-01   1.46134E-02   1.20775E-02   1.20779E-02   1.07803E+00   1.00000E+00   0.00000E+00   3.35059E+01   1.63139E-11             9   2.19220E-07   1.96292E+00
         114   3.42000E+00   3.00000E-02   2.14164E-01   1.47110E-02   1.20626E-02   1.20631E-02   1.07803E+00   1.00000E+00   0.00000E+00   3.35059E+01   1.58240E-11             9   2.12992E-07   1.96316E+00
         115   3.45000E+00   3.00000E-02   2.14164E-01   1.48045E-02   1.20435E-02   1.20440E-02   1.07801E+00   1.00000E+00   0.00000E+00   3.35059E+01   1.71721E-11             9   2.19435E-07   1.96340E+00
         116   3.48000E+00   3.00000E-02   2.14164E-01   1.48938E-02   1.20204E-02   1.20209E-02   1.07799E+00   1.00000E+00   0.00000E+00   3.35059E+01   8.21321E-11             8   9.57665E-07   1.96366E+00
         117   3.51000E+00   3.00000E-02   2.14164E-01   1.49789E-02   1.19933E-02   1.19938E-02   1.07796E+00   1.00000E+00   0.00000E+00   3.35059E+01   1.62656E-11             9   2.00656E-07   1.96394E+00
         118   3.54000E+00   3.00000E-02   2.14164E-01   1.50599E-02   1.19622E-02   1.19627E-02   1.07792E+00   1.00000E+00   0.00000E+00   3.35059E+01   8.81496E-11             8   9.53813E-07   1.96423E+00
         119   3.57000E+00   3.00000E-02   2.14164E-01   1.51367E-02   1.19275E-02   1.19279E-02   1.07787E+00   1.00000E+00   0.00000E+00   3.35059E+01   9.20374E-11             8   9.40456E-07   1.96454E+00
         120   3.60000E+00   3.00000E-02   2.14164E-01   1.52093E-02   1.18891E-02   1.18895E-02   1.07781E+00   1.00000E+00   0.00000E+00   3.35059E+01   9.47130E-11             8   9.34631E-07   1.96486E+00
         121   3.63000E+00   3.00000E-02   2.14164E-01   1.52779E-02   1.18475E-02   1.18479E-02   1.07775E+00   1.00000E+00   0.00000E+00   3.35059E+01   9.62768E-11             8   9.34735E-07   1.96519E+00
         122   3.66000E+00   3.00000E-02   2.14164E-01   1.53425E-02   1.18027E-02   1.18031E-02   1.07767E+00   1.00000E+00   0.00000E+00   3.35059E+01   9.67574E-11             8   9.40225E-07   1.96554E+00
         123   3.69000E+00   3.00000E-02   2.14164E-01   1.54032E-02   1.17550E-02   1.17555E-02   1.07759E+00   1.00000E+00   0.00000E+00   3.35059E+01   9.64220E-11             8   9.49278E-07   1.96589E+00
         124   3.72000E+00   3.00000E-02   2.14164E-01   1.54600E-02   1.17047E-02   1.17053E-02   1.07750E+00   1.00000E+00   0.00000E+00   3.35059E+01   9.56135E-11             8   9.59980E-07   1.96626E+00
         125   3.75000E+00   3.00000E-02   2.14164E-01   1.55130E-02   1.16522E-02   1.16528E-02   1.07740E+00   1.00000E+00   0.00000E+00   3.35059E+01   9.22453E-11             8   9.76979E-07   1.96664E+00
         126   3.78000E+00   3.00000E-02   2.14164E-01   1.55623E-02   1.15976E-02   1.15984E-02   1.07728E+00   1.00000E+00   0.00000E+00   3.35059E+01   9.10811E-11             8   9.88348E-07   1.96702E+00
         127   3.81000E+00   3.00000E-02   2.14164E-01   1.56081E-02   1.15415E-02   1.15423E-02   1.07717E+00   1.00000E+00   0.00000E+00   3.35059E+01   2.74104E-11             9   1.94777E-07   1.96743E+00
         128   3.84000E+00   3.00000E-02   2.14164E-01   1.56504E-02   1.14840E-02   1.14848E-02   1.07704E+00   1.00000E+00   0.00000E+00   3.35059E+01   2.79945E-11             9   1.95516E-07   1.96783E+00
         129   3.87000E+00   3.00000E-02   2.14164E-01   1.56894E-02   1.14255E-02   1.14265E-02   1.07690E+00   1.00000E+00   0.00000E+00   3.35059E+01   2.99391E-11             9   2.04121E-07   1.96825E+00
         130   3.90000E+00   3.00000E-02   2.14164E-01   1.57252E-02   1.13664E-02   1.13675E-02   1.07676E+00   1.00000E+00   0.00000E+00   3.35059E+01   3.11161E-11             9   2.08602E-07   1.96867E+00
         131   3.93000E+00   3.00000E-02   2.14164E-01   1.57580E-02   1.13072E-02   1.13083E-02   1.07664E+00   1.00000E+00   0.00000E+00   3.35059E+01   3.22151E-11             9   2.12962E-07   1.96911E+00
         132   3.96000E+00   3.00000E-02   2.14164E-01   1.57878E-02   1.12481E-02   1.12493E-02   1.07655E+00   1.00000E+00   0.00000E+00   3.35059E+01   3.34660E-11             9   2.18688E-07   1.96955E+00
         133   3.99000E+00   3.00000E-02   2.14164E-01   1.58148E-02   1.11895E-02   1.11908E-02   1.07646E+00   1.00000E+00   0.00000E+00   3.35059E+01   3.16804E-11             9   2.05157E-07   1.97000E+00
         134   4.02000E+00   3.00000E-02   2.14164E-01   1.58391E-02   1.11319E-02   1.11332E-02   1.07637E+00   1.00000E+00   0.00000E+00   3.35059E+01   3.44026E-11             9   2.21385E-07   1.97046E+00
         135   4.05000E+00   3.00000E-02   2.14164E-01   1.58609E-02   1.10755E-02   1.10769E-02   1.07627E+00   1.00000E+00   0.00000E+00   3.35059E+01   3.52524E-11             9   2.24715E-07   1.97092E+00
         136   4.08000E+00   3.00000E-02   2.14164E-01   1.58804E-02   1.10209E-02   1.10223E-02   1.07617E+00   1.00000E+00   0.00000E+00   3.35059E+01   3.56774E-11             9   2.26478E-07   1.97139E+00
         137   4.11000E+00   3.00000E-02   2.14164E-01   1.58975E-02   1.09683E-02   1.09698E-02   1.07608E+00   1.00000E+00   0.00000E+00   3.35059E+01   3.62702E-11             9   2.28312E-07   1.97187E+00
         138   4.14000E+00   3.00000E-02   2.14164E-01   1.59126E-02   1.09180E-02   1.09196E-02   1.07598E+00   1.00000E+00   0.00000E+00   3.35059E+01   3.65936E-11             9   2.29462E-07   1.97235E+00
         139   4.17000E+00   3.00000E-02   2.14164E-01   1.59256E-02   1.08705E-02   1.08721E-02   1.07587E+00   1.00000E+00   0.00000E+00   3.35059E+01   3.70478E-11             9   2.30964E-07   1.97283E+00
         140   4.20000E+00   3.00000E-02   2.14164E-01   1.59368E-02   1.08261E-02   1.08277E-02   1.07577E+00   1.00000E+00   0.00000E+00   3.35059E+01   3.74640E-11             9   2.32223E-07   1.97332E+00
         141   4.23000E+00   3.00000E-02   2.14164E-01   1.59462E-02   1.07851E-02   1.07867E-02   1.07567E+00   1.00000E+00   0.00000E+00   3.35059E+01   3.87746E-11             9   2.38123E-07   1.97382E+00
         142   4.26000E+00   3.00000E-02   2.14164E-01   1.59539E-02   1.07478E-02   1.07493E-02   1.07556E+00   1.00000E+00   0.00000E+00   3.35059E+01   3.77606E-11             9   2.30399E-07   1.97432E+00
         143   4.29000E+00   3.00000E-02   2.14164E-01   1.59600E-02   1.07144E-02   1.07158E-02   1.07546E+00   1.00000E+00   0.00000E+00   3.35059E+01   3.80864E-11             9   2.32761E-07   1.97482E+00
         144   4.32000E+00   3.00000E-02   2.14164E-01   1.59646E-02   1.06851E-02   1.06864E-02   1.07535E+00   1.00000E+00   0.00000E+00   3.35059E+01   3.90121E-11             9   2.37285E-07   1.97533E+00
         145   4.35000E+00   3.00000E-02   2.14164E-01   1.59933E-02   1.06601E-02   1.06613E-02   1.07524E+00   1.00000E+00   0.00000E+00   3.35059E+01   3.93101E-11             9   2.38231E-07   1.97584E+00
         146   4.38000E+00   3.00000E-02   2.14164E-01   1.60941E-02   1.06397E-02   1.06408E-02   1.07514E+00   1.00000E+00   0.00000E+00   3.35059E+01   3.95460E-11             9   2.39109E-07   1.97635E+00
         147   4.41000E+00   3.00000E-02   2.14164E-01   1.61876E-02   1.06239E-02   1.06249E-02   1.07503E+00   1.00000E+00   0.00000E+00   3.35059E+01   3.99613E-11             9   2.40944E-07   1.97687E+00
         148   4.44000E+00   3.00000E-02   2.14164E-01   1.62738E-02   1.06129E-02   1.06138E-02   1.07492E+00   1.00000E+00   0.00000E+00   3.35059E+01   3.95016E-11             9   2.38265E-07   1.97739E+00
         149   4.47000E+00   3.00000E-02   2.14164E-01   1.63525E-02   1.06067E-02   1.06076E-02   1.07481E+00   1.00000E+00   0.00000E+00   3.35059E+01   3.94264E-11             9   2.38240E-07   1.97791E+00
         150   4.50000E+00   3.00000E-02   2.14164E-01   1.64234E-02   1.06055E-02   1.06064E-02   1.07470E+00   1.00000E+00   0.00000E+00   3.35059E+01   3.94427E-11             9   2.38752E-07   1.97844E+00
         151   4.53000E+00   3.00000E-02   2.14164E-01   1.64864E-02   1.06092E-02   1.06100E-02   1.07459E+00   1.00000E+00   0.00000E+00   3.35059E+01   3.92447E-11             9   2.38854E-07   1.97897E+00
         152   4.56000E+00   3.00000E-02   2.14164E-01   1.65411E-02   1.06178E-02   1.06185E-02   1.07448E+00   1.00000E+00   0.00000E+00   3.35059E+01   3.90112E-11             9   2.38983E-07   1.97949E+00
         153   4.59000E+00   3.00000E-02   2.14164E-01   1.65872E-02   1.06312E-02   1.06319E-02   1.07437E+00   1.00000E+00   0.00000E+00   3.35059E+01   3.87709E-11             9   2.39085E-07   1.98002E+00
         154   4.62000E+00   3.00000E-02   2.14164E-01   1.66243E-02   1.06495E-02   1.06501E-02   1.07426E+00   1.00000E+00   0.00000E+00   3.35059E+01   3.92705E-11             9   2.44103E-07   1.98056E+00
         155   4.65000E+00   3.00000E-02   2.14164E-01   1.66520E-02   1.06723E-02   1.06729E-02   1.07415E+00   1.00000E+00   0.00000E+00   3.35059E+01   3.69514E-11             9   2.33103E-07   1.98109E+00
         156   4.68000E+00   3.00000E-02   2.14164E-01   1.66701E-02   1.06997E-02   1.07002E-02   1.07421E+00   1.00000E+00   0.00000E+00   3.35059E+01   4.46666E-11             9   2.61244E-07   1.98162E+00
         157   4.71000E+00   3.00000E-02   2.14164E-01   1.66779E-02   1.07313E-02   1.07318E-02   1.07427E+00   1.00000E+00   0.00000E+00   3.35059E+01   4.46296E-11             9   2.62285E-07   1.98215E+00
         158   4.74000E+00   3.00000E-02   2.14164E-01   1.66751E-02   1.07673E-02   1.07676E-02   1.07432E+00   1.00000E+00   0.00000E+00   3.35059E+01   4.33777E-11             9   2.59963E-07   1.98268E+00
         159   4.77000E+00   3.00000E-02   2.14164E-01   1.66611E-02   1.08069E-02   1.08072E-02   1.07438E+00   1.00000E+00   0.00000E+00   3.35059E+01   4.20112E-11             9   2.58136E-07   1.98321E+00
         160   4.80000E+00   3.00000E-02   2.14164E-01   1.66355E-02   1.08503E-02   1.08505E-02   1.07443E+00   1.00000E+00   0.00000E+00   3.35059E+01   4.15447E-11             9   2.58354E-07   1.98374E+00
         161   4.83000E+00   3.00000E-02   2.14164E-01   1.65979E-02   1.08971E-02   1.08972E-02   1.07449E+00   1.00000E+00   0.00000E+00   3.35059E+01   4.06919E-11             9   2.58238E-07   1.98427E+00
         162   4.86000E+00   3.00000E-02   2.14164E-01   1.65477E-02   1.09469E-02   1.09469E-02   1.07454E+00   1.00000E+00   0.00000E+00   3.35059E+01   3.99613E-11             9   2.57628E-07   1.98480E+00
         163   4.89000E+00   3.00000E-02   2.14164E-01   1.64845E-02   1.09994E-02   1.09994E-02   1.07461E+00   1.00000E+00   0.00000E+00   3.35059E+01   3.94331E-11             9   2.56895E-07   1.98532E+00
         164   4.92000E+00   3.00000E-02   2.14164E-01   1.64076E-02   1.10544E-02   1.10544E-02   1.07471E+00   1.00000E+00   0.00000E+00   3.35059E+01   3.74711E-11             9   2.50557E-07   1.98585E+00
         165   4.95000E+00   3.00000E-02   2.14164E-01   1.63167E-02   1.11114E-02   1.11114E-02   1.07481E+00   1.00000E+00   0.00000E+00   3.35059E+01   3.77308E-11             9   2.54704E-07   1.98637E+00
         166   4.98000E+00   3.00000E-02   2.14164E-01   1.62112E-02   1.11702E-02   1.11701E-02   1.07491E+00   1.00000E+00   0.00000E+00   3.35059E+01   3.69537E-11             9   2.54614E-07   1.98689E+00
         167   5.01000E+00   3.00000E-02   2.14164E-01   1.60909E-02   1.12303E-02   1.12302E-02   1.07500E+00   1.00000E+00   0.00000E+00   3.35059E+01   3.60154E-11             9   2.54647E-07   1.98740E+00
         168   5.04000E+00   3.00000E-02   2.14164E-01   1.59552E-02   1.12914E-02   1.12913E-02   1.07534E+00   1.00000E+00   0.00000E+00   3.35059E+01   3.49641E-11             9   2.54924E-07   1.98791E+00
         169   5.07000E+00   3.00000E-02   2.14164E-01   1.58039E-02   1.13532E-02   1.13531E-02   1.07571E+00   1.00000E+00   0.00000E+00   3.35059E+01   3.38246E-11             9   2.55457E-07   1.98841E+00
         170   5.10000E+00   3.00000E-02   2.14164E-01   1.56365E-02   1.14152E-02   1.14152E-02   1.07608E+00   1.00000E+00   0.00000E+00   3.35059E+01   3.20480E-11             9   2.54035E-07   1.98891E+00
         171   5.13000E+00   3.00000E-02   2.14164E-01   1.55740E-02   1.14773E-02   1.14773E-02   1.07644E+00   1.00000E+00   0.00000E+00   3.35059E+01   3.09648E-11             9   2.54827E-07   1.98941E+00
         172   5.16000E+00   3.00000E-02   2.14164E-01   1.55326E-02   1.15389E-02   1.15390E-02   1.07680E+00   1.00000E+00   0.00000E+00   3.35059E+01   3.13622E-11             9   2.59123E-07   1.98989E+00
         173   5.19000E+00   3.00000E-02   2.14164E-01   1.54883E-02   1.15999E-02   1.16000E-02   1.07715E+00   1.00000E+00   0.00000E+00   3.35059E+01   3.10704E-11             9   2.60908E-07   1.99038E+00
         174   5.22000E+00   3.00000E-02   2.14164E-01   1.54409E-02   1.16598E-02   1.16600E-02   1.07750E+00   1.00000E+00   0.00000E+00   3.35059E+01   3.05837E-11             9   2.62195E-07   1.99085E+00
         175   5.25000E+00   3.00000E-02   2.14164E-01   1.53904E-02   1.17184E-02   1.17186E-02   1.07784E+00   1.00000E+00   0.00000E+00   3.35059E+01   2.98332E-11             9   2.62188E-07   1.99132E+00
         176   5.28000E+00   3.00000E-02   2.14164E-01   1.53367E-02   1.17754E-02   1.17757E-02   1.07817E+00   1.00000E+00   0.00000E+00   3.35059E+01   2.94446E-11             9   2.63401E-07   1.99177E+00
         177   5.31000E+00   3.00000E-02   2.14164E-01   1.52794E-02   1.18305E-02   1.18308E-02   1.07850E+00   1.00000E+00   0.00000E+00   3.35059E+01   2.91270E-11             9   2.64856E-07   1.99222E+00
         178   5.34000E+00   3.00000E-02   2.14164E-01   1.52189E-02   1.18835E-02   1.18839E-02   1.07882E+00   1.00000E+00   0.00000E+00   3.35059E+01   2.86893E-11             9   2.65640E-07   1.99266E+00
         179   5.37000E+00   3.00000E-02   2.14164E-01   1.51549E-02   1.19342E-02   1.19347E-02   1.07914E+00   1.00000E+00   0.00000E+00   3.35059E+01   2.84026E-11             9   2.66661E-07   1.99310E+00
         180   5.40000E+00   3.00000E-02   2.14164E-01   1.50874E-02   1.19823E-02   1.19827E-02   1.07945E+00   1.00000E+00   0.00000E+00   3.35059E+01   2.83283E-11             9   2.67416E-07   1.99352E+00
         181   5.43000E+00   3.00000E-02   2.14164E-01   1.50164E-02   1.20277E-02   1.20280E-02   1.07975E+00   1.00000E+00   0.00000E+00   3.35059E+01   2.81534E-11             9   2.67724E-07   1.99393E+00
         182   5.46000E+00   3.00000E-02   2.14164E-01   1.49419E-02   1.20701E-02   1.20705E-02   1.08004E+00   1.00000E+00   0.00000E+00   3.35059E+01   2.79439E-11             9   2.68143E-07   1.99433E+00
         183   5.49000E+00   3.00000E-02   2.14164E-01   1.48638E-02   1.21095E-02   1.21101E-02   1.08033E+00   1.00000E+00   0.00000E+00   3.35059E+01   2.75731E-11             9   2.67859E-07   1.99471E+00
         184   5.52000E+00   3.00000E-02   2.14164E-01   1.47821E-02   1.21459E-02   1.21465E-02   1.08060E+00   1.00000E+00   0.00000E+00   3.35059E+01   2.71423E-11             9   2.67450E-07   1.99509E+00
         185   5.55000E+00   3.00000E-02   2.14164E-01   1.46970E-02   1.21793E-02   1.21798E-02   1.08087E+00   1.00000E+00   0.00000E+00   3.35059E+01   2.65747E-11             9   2.66509E-07   1.99545E+00
         186   5.58000E+00   3.00000E-02   2.14164E-01   1.46083E-02   1.22094E-02   1.22098E-02   1.08113E+00   1.00000E+00   0.00000E+00   3.35059E+01   2.59120E-11             9   2.65294E-07   1.99580E+00
         187   5.61000E+00   3.00000E-02   2.14164E-01   1.45161E-02   1.22362E-02   1.22366E-02   1.08138E+00   1.00000E+00   0.00000E+00   3.35059E+01   2.50421E-11             9   2.62998E-07   1.99614E+00
         188   5.64000E+00   3.00000E-02   2.14164E-01   1.44204E-02   1.22598E-02   1.22601E-02   1.08162E+00   1.00000E+00   0.00000E+00   3.35059E+01   2.42539E-11             9   2.60759E-07   1.99646E+00
         189   5.67000E+00   3.00000E-02   2.14164E-01   1.43214E-02   1.22801E-02   1.22803E-02   1.08184E+00   1.00000E+00   0.00000E+00   3.35059E+01   2.31698E-11             9   2.57524E-07   1.99677E+00
         190   5.70000E+00   3.00000E-02   2.14164E-01   1.42192E-02   1.22971E-02   1.22973E-02   1.08206E+00   1.00000E+00   0.00000E+00   3.35059E+01   2.22000E-11             9   2.54851E-07   1.99706E+00
         191   5.73000E+00   3.00000E-02   2.14164E-01   1.41137E-02   1.23109E-02   1.23113E-02   1.08227E+00   1.00000E+00   0.00000E+00   3.35059E+01   2.09133E-11             9   2.50416E-07   1.99734E+00
         192   5.76000E+00   3.00000E-02   2.14164E-01   1.40052E-02   1.23220E-02   1.23223E-02   1.08246E+00   1.00000E+00   0.00000E+00   3.35059E+01   1.94670E-11             9   2.45040E-07   1.99760E+00
         193   5.79000E+00   3.00000E-02   2.14164E-01   1.38938E-02   1.23301E-02   1.23302E-02   1.08264E+00   1.00000E+00   0.00000E+00   3.35059E+01   1.78327E-11             9   2.38693E-07   1.99785E+00
         194   5.82000E+00   3.00000E-02   2.14164E-01   1.37795E-02   1.23351E-02   1.23352E-02   1.08282E+00   1.00000E+00   0.00000E+00   3.35059E+01   1.60175E-11             9   2.30620E-07   1.99809E+00
         195   5.85000E+00   3.00000E-02   2.14164E-01   1.36625E-02   1.23373E-02   1.23373E-02   1.08297E+00   1.00000E+00   0.00000E+00   3.35059E+01   1.40813E-11             9   2.22201E-07   1.99830E+00
         196   5.88000E+00   3.00000E-02   2.14164E-01   1.35431E-02   1.23367E-02   1.23367E-02   1.08312E+00   1.00000E+00   0.00000E+00   3.35059E+01   1.18921E-11             9   2.12143E-07   1.99850E+00
         197   5.91000E+00   3.00000E-02   2.14164E-01   1.34212E-02   1.23335E-02   1.23336E-02   1.08326E+00   1.00000E+00   0.00000E+00   3.35059E+01   1.01402E-11             9   2.01105E-07   1.99869E+00
         198   5.94000E+00   3.00000E-02   2.14164E-01   1.32972E-02   1.23279E-02   1.23280E-02   1.08338E+00   1.00000E+00   0.00000E+00   3.35059E+01   8.27992E-12             9   1.89953E-07   1.99885E+00
         199   5.97000E+00   3.00000E-02   2.14164E-01   1.31712E-02   1.23200E-02   1.23201E-02   1.08349E+00   1.00000E+00   0.00000E+00   3.35059E+01   6.20375E-12             9   1.80533E-07   1.99900E+00
         200   6.00000E+00   3.00000E-02   2.14164E-01   1.30434E-02   1.23100E-02   1.23101E-02   1.08358E+00   1.00000E+00   0.00000E+00   3.35059E+01   3.81822E-11             8   9.84839E-07   1.99914E+00
         201   6.03000E+00   3.00000E-02   2.14164E-01   1.29145E-02   1.22981E-02   1.22982E-02   1.08366E+00   1.00000E+00   0.00000E+00   3.35059E+01   3.46028E-11             8   9.72324E-07   1.99925E+00
         202   6.06000E+00   3.00000E-02   2.14164E-01   1.27841E-02   1.22848E-02   1.22847E-02   1.08373E+00   1.00000E+00   0.00000E+00   3.35059E+01   3.55863E-11             8   9.90103E-07   1.99935E+00
         203   6.09000E+00   3.00000E-02   2.14164E-01   1.26525E-02   1.22701E-02   1.22701E-02   1.08379E+00   1.00000E+00   0.00000E+00   3.35059E+01   8.58626E-12             9   2.04663E-07   1.99943E+00
         204   6.12000E+00   3.00000E-02   2.14164E-01   1.25198E-02   1.22541E-02   1.22541E-02   1.08383E+00   1.00000E+00   0.00000E+00   3.35059E+01   7.91364E-12             9   2.09132E-07   1.99950E+00
         205   6.15000E+00   3.00000E-02   2.14164E-01   1.23862E-02   1.22370E-02   1.22370E-02   1.08386E+00   1.00000E+00   0.00000E+00   3.35059E+01   8.34133E-12             9   2.18431E-07   1.99954E+00
         206   6.18000E+00   3.00000E-02   2.14164E-01   1.22520E-02   1.22188E-02   1.22188E-02   1.08388E+00   1.00000E+00   0.00000E+00   3.35059E+01   1.06429E-11             9   2.44236E-07   1.99957E+00
         207   6.21000E+00   3.00000E-02   2.14164E-01   1.21173E-02   1.21998E-02   1.21999E-02   1.08388E+00   1.00000E+00   0.00000E+00   3.35059E+01   1.10498E-11             9   2.68830E-07   1.99958E+00
         208   6.24000E+00   3.00000E-02   2.14164E-01   1.19824E-02   1.21802E-02   1.21803E-02   1.08387E+00   1.00000E+00   0.00000E+00   3.35059E+01   1.22247E-11             9   2.84295E-07   1.99958E+00
         209   6.27000E+00   3.00000E-02   2.14164E-01   1.18484E-02   1.21602E-02   1.21603E-02   1.08385E+00   1.00000E+00   0.00000E+00   3.35059E+01   1.36098E-11             9   2.91378E-07   1.99956E+00
         210   6.30000E+00   3.00000E-02   2.14164E-01   1.17145E-02   1.21399E-02   1.21399E-02   1.08381E+00   1.00000E+00   0.00000E+00   3.35059E+01   1.46087E-11             9   2.91937E-07   1.99952E+00
         211   6.33000E+00   3.00000E-02   2.14164E-01   1.15811E-02   1.21195E-02   1.21194E-02   1.08376E+00   1.00000E+00   0.00000E+00   3.35059E+01   1.52036E-11             9   2.87688E-07   1.99946E+00
         212   6.36000E+00   3.00000E-02   2.14164E-01   1.14483E-02   1.20992E-02   1.20990E-02   1.08369E+00   1.00000E+00   0.00000E+00   3.35059E+01   1.55642E-11             9   2.80885E-07   1.99938E+00
         213   6.39000E+00   3.00000E-02   2.14164E-01   1.13163E-02   1.20792E-02   1.20789E-02   1.08362E+00   1.00000E+00   0.00000E+00   3.35059E+01   1.56203E-11             9   2.71457E-07   1.99929E+00
         214   6.42000E+00   3.00000E-02   2.14164E-01   1.11853E-02   1.20596E-02   1.20592E-02   1.08352E+00   1.00000E+00   0.00000E+00   3.35059E+01   1.57334E-11             9   2.61232E-07   1.99919E+00
         215   6.45000E+00   3.00000E-02   2.14164E-01   1.10555E-02   1.20403E-02   1.20399E-02   1.08342E+00   1.00000E+00   0.00000E+00   3.35059E+01   1.59239E-11             9   2.49796E-07   1.99906E+00
         216   6.48000E+00   3.00000E-02   2.14164E-01   1.09272E-02   1.20217E-02   1.20214E-02   1.08330E+00   1.00000E+00   0.00000E+00   3.35059E+01   1.61856E-11             9   2.41456E-07   1.99892E+00
         217   6.51000E+00   3.00000E-02   2.14164E-01   1.08003E-02   1.20039E-02   1.20037E-02   1.08317E+00   1.00000E+00   0.00000E+00   3.35059E+01   1.61156E-11             9   2.29958E-07   1.99877E+00
         218   6.54000E+00   3.00000E-02   2.14164E-01   1.06751E-02   1.19870E-02   1.19868E-02   1.08303E+00   1.00000E+00   0.00000E+00   3.35059E+01   1.53298E-11             9   2.13850E-07   1.99860E+00
         219   6.57000E+00   3.00000E-02   2.14164E-01   1.05519E-02   1.19711E-02   1.19710E-02   1.08287E+00   1.00000E+00   0.00000E+00   3.35059E+01   1.48035E-11             9   2.01463E-07   1.99841E+00
         220   6.60000E+00   3.00000E-02   2.14164E-01   1.04785E-02   1.19563E-02   1.19562E-02   1.08270E+00   1.00000E+00   0.00000E+00   3.35059E+01   8.32707E-11             8   9.92758E-07   1.99821E+00
         221   6.63000E+00   3.00000E-02   2.14164E-01   1.04039E-02   1.19427E-02   1.19427E-02   1.08252E+00   1.00000E+00   0.00000E+00   3.35059E+01   1.58394E-11             9   1.95484E-07   1.99799E+00
         222   6.66000E+00   3.00000E-02   2.14164E-01   1.04920E-02   1.19304E-02   1.19305E-02   1.08233E+00   1.00000E+00   0.00000E+00   3.35059E+01   9.10895E-11             8   9.70706E-07   1.99776E+00
         223   6.69000E+00   3.00000E-02   2.14164E-01   1.07734E-02   1.19194E-02   1.19196E-02   1.08213E+00   1.00000E+00   0.00000E+00   3.35059E+01   9.39081E-11             8   9.53744E-07   1.99751E+00
         224   6.72000E+00   3.00000E-02   2.14164E-01   1.10511E-02   1.19097E-02   1.19100E-02   1.08191E+00   1.00000E+00   0.00000E+00   3.35059E+01   9.70978E-11             8   9.47530E-07   1.99725E+00
         225   6.75000E+00   3.00000E-02   2.14164E-01   1.13247E-02   1.19013E-02   1.19018E-02   1.08169E+00   1.00000E+00   0.00000E+00   3.35059E+01   9.98205E-11             8   9.38747E-07   1.99697E+00
         226   6.78000E+00   3.00000E-02   2.14164E-01   1.15941E-02   1.18944E-02   1.18950E-02   1.08145E+00   1.00000E+00   0.00000E+00   3.35059E+01   1.02870E-10             8   9.38555E-07   1.99668E+00
         227   6.81000E+00   3.00000E-02   2.14164E-01   1.18586E-02   1.18889E-02   1.18896E-02   1.08120E+00   1.00000E+00   0.00000E+00   3.35059E+01   1.05124E-10             8   9.34682E-07   1.99638E+00
         228   6.84000E+00   3.00000E-02   2.14164E-01   1.21180E-02   1.18848E-02   1.18855E-02   1.08095E+00   1.00000E+00   0.00000E+00   3.35059E+01   1.07397E-10             8   9.33128E-07   1.99607E+00
         229   6.87000E+00   3.00000E-02   2.14164E-01   1.23717E-02   1.18820E-02   1.18829E-02   1.08068E+00   1.00000E+00   0.00000E+00   3.35059E+01   1.09274E-10             8   9.33504E-07   1.99574E+00
         230   6.90000E+00   3.00000E-02   2.14164E-01   1.26195E-02   1.19040E-02   1.19070E-02   1.08041E+00   1.00000E+00   0.00000E+00   3.35059E+01   1.10891E-10             8   9.34096E-07   1.99540E+00
         231   6.93000E+00   3.00000E-02   2.14164E-01   1.28607E-02   1.19356E-02   1.19384E-02   1.08013E+00   1.00000E+00   0.00000E+00   3.35059E+01   1.12167E-10             8   9.34340E-07   1.99505E+00
         232   6.96000E+00   3.00000E-02   2.14164E-01   1.30951E-02   1.19642E-02   1.19668E-02   1.07983E+00   1.00000E+00   0.00000E+00   3.35059E+01   1.13140E-10             8   9.34907E-07   1.99468E+00
         233   6.99000E+00   3.00000E-02   2.14164E-01   1.33221E-02   1.19898E-02   1.19922E-02   1.07954E+00   1.00000E+00   0.00000E+00   3.35059E+01   1.13780E-10             8   9.35488E-07   1.99430E+00
         234   7.02000E+00   3.00000E-02   2.14164E-01   1.35413E-02   1.20123E-02   1.20145E-02   1.07923E+00   1.00000E+00   0.00000E+00   3.35059E+01   1.14547E-10             8   9.44907E-07   1.99392E+00
         235   7.05000E+00   3.00000E-02   2.14164E-01   1.37524E-02   1.20316E-02   1.20335E-02   1.07891E+00   1.00000E+00   0.00000E+00   3.35059E+01   1.15129E-10             8   9.55675E-07   1.99352E+00
         236   7.08000E+00   3.00000E-02   2.14164E-01   1.39549E-02   1.20477E-02   1.20494E-02   1.07859E+00   1.00000E+00   0.00000E+00   3.35059E+01   1.14121E-10             8   9.45323E-07   1.99311E+00
         237   7.11000E+00   3.00000E-02   2.14164E-01   1.41485E-02   1.20607E-02   1.20621E-02   1.07826E+00   1.00000E+00   0.00000E+00   3.35059E+01   1.13067E-10             8   9.33694E-07   1.99270E+00
         238   7.14000E+00   3.00000E-02   2.14164E-01   1.43329E-02   1.20705E-02   1.20717E-02   1.07793E+00   1.00000E+00   0.00000E+00   3.35059E+01   1.12028E-10             8   9.31186E-07   1.99227E+00
         239   7.17000E+00   3.00000E-02   2.14164E-01   1.45076E-02   1.20772E-02   1.20781E-02   1.07759E+00   1.00000E+00   0.00000E+00   3.35059E+01   1.11026E-10             8   9.32521E-07   1.99183E+00
         240   7.20000E+00   3.00000E-02   2.14164E-01   1.46725E-02   1.20809E-02   1.20816E-02   1.07724E+00   1.00000E+00   0.00000E+00   3.35059E+01   1.09214E-10             8   9.21918E-07   1.99139E+00
         241   7.23000E+00   3.00000E-02   2.14164E-01   1.48271E-02   1.20817E-02   1.20822E-02   1.07689E+00   1.00000E+00   0.00000E+00   3.35059E+01   1.07931E-10             8   9.13853E-07   1.99094E+00
         242   7.26000E+00   3.00000E-02   2.14164E-01   1.49714E-02   1.20797E-02   1.20800E-02   1.07654E+00   1.00000E+00   0.00000E+00   3.35059E+01   1.06472E-10             8   9.14730E-07   1.99048E+00
         243   7.29000E+00   3.00000E-02   2.14164E-01   1.51052E-02   1.20751E-02   1.20752E-02   1.07618E+00   1.00000E+00   0.00000E+00   3.35059E+01   1.04778E-10             8   9.27051E-07   1.99001E+00
         244   7.32000E+00   3.00000E-02   2.14164E-01   1.52284E-02   1.20681E-02   1.20679E-02   1.07582E+00   1.00000E+00   0.00000E+00   3.35059E+01   1.03152E-10             8   9.26249E-07   1.98954E+00
         245   7.35000E+00   3.00000E-02   2.14164E-01   1.53406E-02   1.20587E-02   1.20584E-02   1.07545E+00   1.00000E+00   0.00000E+00   3.35059E+01   1.01670E-10             8   9.25190E-07   1.98906E+00
         246   7.38000E+00   3.00000E-02   2.14164E-01   1.54418E-02   1.20473E-02   1.20466E-02   1.07508E+00   1.00000E+00   0.00000E+00   3.35059E+01   1.00494E-10             8   9.21997E-07   1.98858E+00
         247   7.41000E+00   3.00000E-02   2.14164E-01   1.55319E-02   1.20340E-02   1.20331E-02   1.07471E+00   1.00000E+00   0.00000E+00   3.35059E+01   9.94429E-11             8   9.24000E-07   1.98809E+00
         248   7.44000E+00   3.00000E-02   2.14164E-01   1.56187E-02   1.20190E-02   1.20178E-02   1.07441E+00   1.00000E+00   0.00000E+00   3.35059E+01   9.85213E-11             8   8.92004E-07   1.98759E+00
         249   7.47000E+00   3.00000E-02   2.14164E-01   1.57016E-02   1.20024E-02   1.20011E-02   1.07430E+00   1.00000E+00   0.00000E+00   3.35059E+01   9.85275E-11             8   9.18520E-07   1.98710E+00
         250   7.50000E+00   3.00000E-02   2.14164E-01   1.57686E-02   1.19856E-02   1.19862E-02   1.07419E+00   1.00000E+00   0.00000E+00   3.35059E+01   1.00087E-10             8   9.37608E-07   1.98659E+00
         251   7.53000E+00   3.00000E-02   2.14164E-01   1.58200E-02   1.19861E-02   1.19866E-02   1.07409E+00   1.00000E+00   0.00000E+00   3.35059E+01   1.09057E-10             8   9.49857E-07   1.98609E+00
         252   7.56000E+00   3.00000E-02   2.14164E-01   1.58558E-02   1.19849E-02   1.19852E-02   1.07398E+00   1.00000E+00   0.00000E+00   3.35059E+01   1.23822E-10             8   9.70177E-07   1.98558E+00
         253   7.59000E+00   3.00000E-02   2.14164E-01   1.58760E-02   1.19817E-02   1.19820E-02   1.07392E+00   1.00000E+00   0.00000E+00   3.35059E+01   1.10034E-10             8   9.44480E-07   1.98507E+00
         254   7.62000E+00   3.00000E-02   2.14164E-01   1.58811E-02   1.19764E-02   1.19765E-02   1.07387E+00   1.00000E+00   0.00000E+00   3.35059E+01   1.11986E-10             8   9.44754E-07   1.98456E+00
         255   7.65000E+00   3.00000E-02   2.14164E-01   1.58711E-02   1.19687E-02   1.19688E-02   1.07381E+00   1.00000E+00   0.00000E+00   3.35059E+01   1.26347E-10             8   9.68114E-07   1.98405E+00
         256   7.68000E+00   3.00000E-02   2.14164E-01   1.58462E-02   1.19586E-02   1.19586E-02   1.07375E+00   1.00000E+00   0.00000E+00   3.35059E+01   1.10861E-10             8   9.41340E-07   1.98354E+00
         257   7.71000E+00   3.00000E-02   2.14164E-01   1.58203E-02   1.19458E-02   1.19457E-02   1.07369E+00   1.00000E+00   0.00000E+00   3.35059E+01   1.09976E-10             8   9.40355E-07   1.98302E+00
         258   7.74000E+00   3.00000E-02   2.14164E-01   1.57891E-02   1.19301E-02   1.19301E-02   1.07365E+00   1.00000E+00   0.00000E+00   3.35059E+01   3.83120E-11             9   2.73034E-07   1.98251E+00
         259   7.77000E+00   3.00000E-02   2.14164E-01   1.57472E-02   1.19115E-02   1.19115E-02   1.07375E+00   1.00000E+00   0.00000E+00   3.35059E+01   3.82201E-11             9   2.75041E-07   1.98200E+00
         260   7.80000E+00   3.00000E-02   2.14164E-01   1.56946E-02   1.18897E-02   1.18897E-02   1.07386E+00   1.00000E+00   0.00000E+00   3.35059E+01   3.80803E-11             9   2.73436E-07   1.98149E+00
         261   7.83000E+00   3.00000E-02   2.14164E-01   1.56315E-02   1.18647E-02   1.18646E-02   1.07396E+00   1.00000E+00   0.00000E+00   3.35059E+01   3.72432E-11             9   2.73212E-07   1.98098E+00
         262   7.86000E+00   3.00000E-02   2.14164E-01   1.55579E-02   1.18363E-02   1.18363E-02   1.07406E+00   1.00000E+00   0.00000E+00   3.35059E+01   3.73750E-11             9   2.72695E-07   1.98048E+00
         263   7.89000E+00   3.00000E-02   2.14164E-01   1.54741E-02   1.18045E-02   1.18044E-02   1.07416E+00   1.00000E+00   0.00000E+00   3.35059E+01   3.64641E-11             9   2.72608E-07   1.97997E+00
         264   7.92000E+00   3.00000E-02   2.14164E-01   1.53802E-02   1.17691E-02   1.17690E-02   1.07425E+00   1.00000E+00   0.00000E+00   3.35059E+01   3.61505E-11             9   2.72343E-07   1.97947E+00
         265   7.95000E+00   3.00000E-02   2.14164E-01   1.52762E-02   1.17300E-02   1.17299E-02   1.07435E+00   1.00000E+00   0.00000E+00   3.35059E+01   3.56454E-11             9   2.72005E-07   1.97897E+00
         266   7.98000E+00   3.00000E-02   2.14164E-01   1.51622E-02   1.16873E-02   1.16871E-02   1.07445E+00   1.00000E+00   0.00000E+00   3.35059E+01   3.50887E-11             9   2.71463E-07   1.97847E+00
         267   8.01000E+00   3.00000E-02   2.14164E-01   1.50384E-02   1.16542E-02   1.16551E-02   1.07454E+00   1.00000E+00   0.00000E+00   3.35059E+01   3.44921E-11             9   2.70974E-07   1.97798E+00
         268   8.04000E+00   3.00000E-02   2.14164E-01   1.49048E-02   1.16388E-02   1.16399E-02   1.07464E+00   1.00000E+00   0.00000E+00   3.35059E+01   3.37268E-11             9   2.69748E-07   1.97750E+00
         269   8.07000E+00   3.00000E-02   2.14164E-01   1.47614E-02   1.16238E-02   1.16251E-02   1.07473E+00   1.00000E+00   0.00000E+00   3.35059E+01   3.30992E-11             9   2.66660E-07   1.97701E+00
         270   8.10000E+00   3.00000E-02   2.14164E-01   1.46084E-02   1.16092E-02   1.16107E-02   1.07482E+00   1.00000E+00   0.00000E+00   3.35059E+01   3.24189E-11             9   2.67618E-07   1.97654E+00
         271   8.13000E+00   3.00000E-02   2.14164E-01   1.44458E-02   1.15948E-02   1.15965E-02   1.07491E+00   1.00000E+00   0.00000E+00   3.35059E+01   3.16888E-11             9   2.66975E-07   1.97607E+00
         272   8.16000E+00   3.00000E-02   2.14164E-01   1.42737E-02   1.15806E-02   1.15825E-02   1.07500E+00   1.00000E+00   0.00000E+00   3.35059E+01   3.09407E-11             9   2.66081E-07   1.97560E+00
         273   8.19000E+00   3.00000E-02   2.14164E-01   1.40922E-02   1.15664E-02   1.15684E-02   1.07508E+00   1.00000E+00   0.00000E+00   3.35059E+01   3.03301E-11             9   2.66406E-07   1.97514E+00
         274   8.22000E+00   3.00000E-02   2.14164E-01   1.39014E-02   1.15520E-02   1.15543E-02   1.07517E+00   1.00000E+00   0.00000E+00   3.35059E+01   2.96527E-11             9   2.65152E-07   1.97469E+00
         275   8.25000E+00   3.00000E-02   2.14164E-01   1.37014E-02   1.15374E-02   1.15398E-02   1.07525E+00   1.00000E+00   0.00000E+00   3.35059E+01   2.87041E-11             9   2.63591E-07   1.97425E+00
         276   8.28000E+00   3.00000E-02   2.14164E-01   1.34924E-02   1.15224E-02   1.15250E-02   1.07533E+00   1.00000E+00   0.00000E+00   3.35059E+01   2.78078E-11             9   2.62985E-07   1.97381E+00
         277   8.31000E+00   3.00000E-02   2.14164E-01   1.32744E-02   1.15070E-02   1.15096E-02   1.07541E+00   1.00000E+00   0.00000E+00   3.35059E+01   2.71000E-11             9   2.61805E-07   1.97338E+00
         278   8.34000E+00   3.00000E-02   2.14164E-01   1.30477E-02   1.14910E-02   1.14935E-02   1.07548E+00   1.00000E+00   0.00000E+00   3.35059E+01   2.61064E-11             9   2.60295E-07   1.97296E+00
         279   8.37000E+00   3.00000E-02   2.14164E-01   1.28123E-02   1.14741E-02   1.14765E-02   1.07562E+00   1.00000E+00   0.00000E+00   3.35059E+01   2.55023E-11             9   2.57719E-07   1.97254E+00
         280   8.40000E+00   3.00000E-02   2.14164E-01   1.25685E-02   1.14563E-02   1.14586E-02   1.07578E+00   1.00000E+00   0.00000E+00   3.35059E+01   2.50166E-11             9   2.58593E-07   1.97214E+00
         281   8.43000E+00   3.00000E-02   2.14164E-01   1.23165E-02   1.14375E-02   1.14397E-02   1.07594E+00   1.00000E+00   0.00000E+00   3.35059E+01   2.44187E-11             9   2.57622E-07   1.97174E+00
         282   8.46000E+00   3.00000E-02   2.14164E-01   1.20565E-02   1.14175E-02   1.14195E-02   1.07609E+00   1.00000E+00   0.00000E+00   3.35059E+01   2.37432E-11             9   2.56703E-07   1.97135E+00
         283   8.49000E+00   3.00000E-02   2.14164E-01   1.17887E-02   1.13963E-02   1.13981E-02   1.07623E+00   1.00000E+00   0.00000E+00   3.35059E+01   2.31214E-11             9   2.55764E-07   1.97098E+00
         284   8.52000E+00   3.00000E-02   2.14164E-01   1.15134E-02   1.13736E-02   1.13753E-02   1.07637E+00   1.00000E+00   0.00000E+00   3.35059E+01   2.24863E-11             9   2.54795E-07   1.97061E+00
         285   8.55000E+00   3.00000E-02   2.14164E-01   1.12309E-02   1.13496E-02   1.13510E-02   1.07650E+00   1.00000E+00   0.00000E+00   3.35059E+01   2.17399E-11             9   2.53775E-07   1.97025E+00
         286   8.58000E+00   3.00000E-02   2.14164E-01   1.09415E-02   1.13240E-02   1.13252E-02   1.07663E+00   1.00000E+00   0.00000E+00   3.35059E+01   2.08780E-11             9   2.52670E-07   1.96990E+00
         287   8.61000E+00   3.00000E-02   2.14164E-01   1.06455E-02   1.12968E-02   1.12978E-02   1.07675E+00   1.00000E+00   0.00000E+00   3.35059E+01   1.99367E-11             9   2.51981E-07   1.96956E+00
         288   8.64000E+00   3.00000E-02   2.14164E-01   1.03432E-02   1.12680E-02   1.12687E-02   1.07686E+00   1.00000E+00   0.00000E+00   3.35059E+01   1.89011E-11             9   2.49991E-07   1.96923E+00
         289   8.67000E+00   3.00000E-02   2.14164E-01   1.00351E-02   1.12375E-02   1.12380E-02   1.07697E+00   1.00000E+00   0.00000E+00   3.35059E+01   1.80658E-11             9   2.48399E-07   1.96892E+00
         290   8.70000E+00   3.00000E-02   2.14164E-01   9.72153E-03   1.12054E-02   1.12057E-02   1.07707E+00   1.00000E+00   0.00000E+00   3.35059E+01   1.69757E-11             9   2.46132E-07   1.96861E+00
         291   8.73000E+00   3.00000E-02   2.14164E-01   9.40284E-03   1.11716E-02   1.11716E-02   1.07716E+00   1.00000E+00   0.00000E+00   3.35059E+01   1.62151E-11             9   2.44444E-07   1.96832E+00
         292   8.76000E+00   3.00000E-02   2.14164E-01   9.07958E-03   1.11360E-02   1.11359E-02   1.07725E+00   1.00000E+00   0.00000E+00   3.35059E+01   1.46810E-11             9   2.40155E-07   1.96805E+00
         293   8.79000E+00   3.00000E-02   2.14164E-01   9.09095E-03   1.10988E-02   1.10985E-02   1.07732E+00   1.00000E+00   0.00000E+00   3.35059E+01   1.41956E-11             9   2.40220E-07   1.96777E+00
         294   8.82000E+00   3.00000E-02   2.14164E-01   9.10825E-03   1.10600E-02   1.10595E-02   1.07740E+00   1.00000E+00   0.00000E+00   3.35059E+01   1.35937E-11             9   2.34953E-07   1.96752E+00
         295   8.85000E+00   3.00000E-02   2.14164E-01   9.12552E-03   1.10195E-02   1.10189E-02   1.07746E+00   1.00000E+00   0.00000E+00   3.35059E+01   1.28720E-11             9   2.33544E-07   1.96726E+00
         296   8.88000E+00   3.00000E-02   2.14164E-01   9.14286E-03   1.09775E-02   1.09767E-02   1.07752E+00   1.00000E+00   0.00000E+00   3.35059E+01   1.22393E-11             9   2.28777E-07   1.96704E+00
         297   8.91000E+00   3.00000E-02   2.14164E-01   9.16042E-03   1.09341E-02   1.09332E-02   1.07757E+00   1.00000E+00   0.00000E+00   3.35059E+01   1.11768E-11             9   2.25166E-07   1.96682E+00
         298   8.94000E+00   3.00000E-02   2.14164E-01   9.17832E-03   1.08902E-02   1.08894E-02   1.07762E+00   1.00000E+00   0.00000E+00   3.35059E+01   1.02602E-11             9   2.19424E-07   1.96661E+00
         299   8.97000E+00   3.00000E-02   2.14164E-01   9.19671E-03   1.08450E-02   1.08441E-02   1.07765E+00   1.00000E+00   0.00000E+00   3.35059E+01   9.26426E-12             9   2.12340E-07   1.96642E+00
         300   9.00000E+00   3.00000E-02   2.14164E-01   9.21572E-03   1.07983E-02   1.07975E-02   1.07768E+00   1.00000E+00   0.00000E+00   3.35059E+01   8.12561E-12             9   2.04876E-07   1.96624E+00
         301   9.03000E+00   3.00000E-02   2.14164E-01   9.23546E-03   1.07505E-02   1.07497E-02   1.07771E+00   1.00000E+00   0.00000E+00   3.35059E+01   6.94423E-12             9   1.97387E-07   1.96607E+00
         302   9.06000E+00   3.00000E-02   2.14164E-01   9.25608E-03   1.07014E-02   1.07007E-02   1.07772E+00   1.00000E+00   0.00000E+00   3.35059E+01   6.07641E-12             9   1.90952E-07   1.96592E+00
         303   9.09000E+00   3.00000E-02   2.14164E-01   9.27774E-03   1.06511E-02   1.06505E-02   1.07773E+00   1.00000E+00   0.00000E+00   3.35059E+01   3.42053E-11             8   9.99533E-07   1.96578E+00
         304   9.12000E+00   3.00000E-02   2.14164E-01   9.30048E-03   1.05999E-02   1.05994E-02   1.07774E+00   1.00000E+00   0.00000E+00   3.35059E+01   3.62634E-11             8   9.73483E-07   1.96566E+00
         305   9.15000E+00   3.00000E-02   2.14164E-01   9.32441E-03   1.05476E-02   1.05472E-02   1.07774E+00   1.00000E+00   0.00000E+00   3.35059E+01   3.80168E-11             8   9.62064E-07   1.96555E+00
         306   9.18000E+00   3.00000E-02   2.14164E-01   9.34962E-03   1.04944E-02   1.04942E-02   1.07773E+00   1.00000E+00   0.00000E+00   3.35059E+01   3.94724E-11             8   9.64529E-07   1.96546E+00
         307   9.21000E+00   3.00000E-02   2.14164E-01   9.37617E-03   1.04403E-02   1.04403E-02   1.07771E+00   1.00000E+00   0.00000E+00   3.35059E+01   3.98664E-11             8   9.75545E-07   1.96538E+00
         308   9.24000E+00   3.00000E-02   2.14164E-01   9.40414E-03   1.03853E-02   1.03855E-02   1.07769E+00   1.00000E+00   0.00000E+00   3.35059E+01   4.46460E-11             8   9.88045E-07   1.96532E+00
         309   9.27000E+00   3.00000E-02   2.14164E-01   9.43357E-03   1.03296E-02   1.03300E-02   1.07767E+00   1.00000E+00   0.00000E+00   3.35059E+01   4.80325E-11             8   9.94766E-07   1.96527E+00
         310   9.30000E+00   3.00000E-02   2.14164E-01   9.46451E-03   1.02732E-02   1.02737E-02   1.07764E+00   1.00000E+00   0.00000E+00   3.35059E+01   4.95428E-11             8   9.91923E-07   1.96524E+00
         311   9.33000E+00   3.00000E-02   2.14164E-01   9.49697E-03   1.02161E-02   1.02168E-02   1.07760E+00   1.00000E+00   0.00000E+00   3.35059E+01   5.01701E-11             8   9.83648E-07   1.96522E+00
         312   9.36000E+00   3.00000E-02   2.14164E-01   9.53095E-03   1.01583E-02   1.01592E-02   1.07756E+00   1.00000E+00   0.00000E+00   3.35059E+01   5.00305E-11             8   9.72686E-07   1.96522E+00
         313   9.39000E+00   3.00000E-02   2.14164E-01   9.56646E-03   1.00998E-02   1.01009E-02   1.07751E+00   1.00000E+00   0.00000E+00   3.35059E+01   5.08420E-11             8   9.67221E-07   1.96524E+00
         314   9.42000E+00   3.00000E-02   2.14164E-01   9.60346E-03   1.00408E-02   1.00420E-02   1.07746E+00   1.00000E+00   0.00000E+00   3.35059E+01   5.35342E-11             8   9.69477E-07   1.96527E+00
         315   9.45000E+00   3.00000E-02   2.14164E-01   9.64191E-03   9.98115E-03   9.98254E-03   1.07740E+00   1.00000E+00   0.00000E+00   3.35059E+01   5.58915E-11             8   9.76081E-07   1.96532E+00
         316   9.48000E+00   3.00000E-02   2.14164E-01   9.68174E-03   9.92094E-03   9.92244E-03   1.07733E+00   1.00000E+00   0.00000E+00   3.35059E+01   5.78507E-11             8   9.82670E-07   1.96539E+00
         317   9.51000E+00   3.00000E-02   2.14164E-01   9.72289E-03   9.86016E-03   9.86176E-03   1.07727E+00   1.00000E+00   0.00000E+00   3.35059E+01   6.01518E-11             8   9.87392E-07   1.96547E+00
         318   9.54000E+00   3.00000E-02   2.14164E-01   9.76526E-03   9.79882E-03   9.80050E-03   1.07719E+00   1.00000E+00   0.00000E+00   3.35059E+01   6.28016E-11             8   9.89959E-07   1.96557E+00
         319   9.57000E+00   3.00000E-02   2.14164E-01   9.80877E-03   9.73693E-03   9.73867E-03   1.07711E+00   1.00000E+00   0.00000E+00   3.35059E+01   1.27564E-11             9   2.00097E-07   1.96569E+00
         320   9.60000E+00   3.00000E-02   2.14164E-01   9.85326E-03   9.67451E-03   9.67626E-03   1.07703E+00   1.00000E+00   0.00000E+00   3.35059E+01   1.28189E-11             9   1.96695E-07   1.96583E+00
         321   9.63000E+00   3.00000E-02   2.14164E-01   9.89866E-03   9.61155E-03   9.61330E-03   1.07695E+00   1.00000E+00   0.00000E+00   3.35059E+01   6.98459E-11             8   9.92212E-07   1.96598E+00
         322   9.66000E+00   3.00000E-02   2.14164E-01   9.94479E-03   9.54807E-03   9.54980E-03   1.07685E+00   1.00000E+00   0.00000E+00   3.35059E+01   1.40609E-11             9   2.00259E-07   1.96615E+00
         323   9.69000E+00   3.00000E-02   2.14164E-01   9.99152E-03   9.48408E-03   9.48575E-03   1.07676E+00   1.00000E+00   0.00000E+00   3.35059E+01   1.41271E-11             9   1.94017E-07   1.96633E+00
         324   9.72000E+00   3.00000E-02   2.14164E-01   1.00387E-02   9.41960E-03   9.42121E-03   1.07666E+00   1.00000E+00   0.00000E+00   3.35059E+01   7.64963E-11             8   9.67334E-07   1.96654E+00
         325   9.75000E+00   3.00000E-02   2.14164E-01   1.00862E-02   9.35465E-03   9.35617E-03   1.07656E+00   1.00000E+00   0.00000E+00   3.35059E+01   7.63342E-11             8   9.80928E-07   1.96676E+00
         326   9.78000E+00   3.00000E-02   2.14164E-01   1.01338E-02   9.28926E-03   9.29067E-03   1.07646E+00   1.00000E+00   0.00000E+00   3.35059E+01   8.03380E-11             8   9.50520E-07   1.96699E+00
         327   9.81000E+00   3.00000E-02   2.14164E-01   1.01814E-02   9.22346E-03   9.22475E-03   1.07635E+00   1.00000E+00   0.00000E+00   3.35059E+01   8.13638E-11             8   9.40377E-07   1.96725E+00
         328   9.84000E+00   3.00000E-02   2.14164E-01   1.02287E-02   9.15729E-03   9.15844E-03   1.07624E+00   1.00000E+00   0.00000E+00   3.35059E+01   8.32830E-11             8   9.30444E-07   1.96752E+00
         329   9.87000E+00   3.00000E-02   2.14164E-01   1.02757E-02   9.09079E-03   9.09179E-03   1.07613E+00   1.00000E+00   0.00000E+00   3.35059E+01   8.37814E-11             8   9.20529E-07   1.96780E+00
         330   9.90000E+00   3.00000E-02   2.14164E-01   1.03714E-02   9.02399E-03   9.02485E-03   1.07601E+00   1.00000E+00   0.00000E+00   3.35059E+01   8.48532E-11             8   9.14294E-07   1.96811E+00
         331   9.93000E+00   3.00000E-02   2.14164E-01   1.06403E-02   8.95697E-03   8.95766E-03   1.07590E+00   1.00000E+00   0.00000E+00   3.35059E+01   8.55356E-11             8   9.02014E-07   1.96842E+00
         332   9.96000E+00   3.00000E-02   2.14164E-01   1.09028E-02   8.88977E-03   8.89030E-03   1.07578E+00   1.00000E+00   0.00000E+00   3.35059E+01   8.58485E-11             8   8.94264E-07   1.96876E+00
         333   9.99000E+00   3.00000E-02   2.14164E-01   1.11586E-02   8.82246E-03   8.82283E-03   1.07566E+00   1.00000E+00   0.00000E+00   3.35059E+01   8.59259E-11             8   8.87779E-07   1.96910E+00
         334   1.00200E+01   3.00000E-02   2.14164E-01   1.15152E-02   8.75512E-03   8.75534E-03   1.07558E+00   1.00000E+00   0.00000E+00   3.35059E+01   8.56096E-11             8   8.83132E-07   1.96946E+00
         335   1.00500E+01   3.00000E-02   2.14164E-01   1.19250E-02   8.68783E-03   8.68798E-03   1.07551E+00   1.00000E+00   0.00000E+00   3.35059E+01   8.68635E-11             8   8.79861E-07   1.96984E+00
         336   1.00800E+01   3.00000E-02   2.14164E-01   1.23212E-02   8.62077E-03   8.62079E-03   1.07543E+00   1.00000E+00   0.00000E+00   3.35059E+01   8.56038E-11             8   8.76364E-07   1.97023E+00
         337   1.01100E+01   3.00000E-02   2.14164E-01   1.27029E-02   8.55395E-03   8.55384E-03   1.07536E+00   1.00000E+00   0.00000E+00   3.35059E+01   8.48501E-11             8   8.77239E-07   1.97063E+00
         338   1.01400E+01   3.00000E-02   2.14164E-01   1.30693E-02   8.48750E-03   8.48727E-03   1.07528E+00   1.00000E+00   0.00000E+00   3.35059E+01   8.15316E-11             8   8.84702E-07   1.97105E+00
         339   1.01700E+01   3.00000E-02   2.14164E-01   1.34196E-02   8.42155E-03   8.42119E-03   1.07520E+00   1.00000E+00   0.00000E+00   3.35059E+01   7.82074E-11             8   8.96541E-07   1.97147E+00
         340   1.02000E+01   3.00000E-02   2.14164E-01   1.37530E-02   8.35617E-03   8.35572E-03   1.07512E+00   1.00000E+00   0.00000E+00   3.35059E+01   7.89986E-11             8   8.91002E-07   1.97191E+00
         341   1.02300E+01   3.00000E-02   2.14164E-01   1.40688E-02   8.29156E-03   8.29107E-03   1.07504E+00   1.00000E+00   0.00000E+00   3.35059E+01   8.01253E-11             8   9.20352E-07   1.97236E+00
         342   1.02600E+01   3.00000E-02   2.14164E-01   1.43661E-02   8.22785E-03   8.22732E-03   1.07495E+00   1.00000E+00   0.00000E+00   3.35059E+01   8.32014E-11             8   9.37526E-07   1.97282E+00
         343   1.02900E+01   3.00000E-02   2.14164E-01   1.46445E-02   8.16517E-03   8.16463E-03   1.07487E+00   1.00000E+00   0.00000E+00   3.35059E+01   8.78304E-11             8   9.69552E-07   1.97329E+00
         344   1.03200E+01   3.00000E-02   2.14164E-01   1.49034E-02   8.10366E-03   8.10312E-03   1.07478E+00   1.00000E+00   0.00000E+00   3.35059E+01   8.50099E-11             8   9.32929E-07   1.97377E+00
         345   1.03500E+01   3.00000E-02   2.14164E-01   1.51421E-02   8.04345E-03   8.04294E-03   1.07469E+00   1.00000E+00   0.00000E+00   3.35059E+01   8.67841E-11             8   9.43276E-07   1.97426E+00
         346   1.03800E+01   3.00000E-02   2.14164E-01   1.53602E-02   7.98469E-03   7.98423E-03   1.07460E+00   1.00000E+00   0.00000E+00   3.35059E+01   8.87789E-11             8   9.57650E-07   1.97475E+00
         347   1.04100E+01   3.00000E-02   2.14164E-01   1.55573E-02   7.92752E-03   7.92716E-03   1.07450E+00   1.00000E+00   0.00000E+00   3.35059E+01   8.82072E-11             8   9.40287E-07   1.97525E+00
         348   1.04400E+01   3.00000E-02   2.14164E-01   1.57329E-02   7.90236E-03   7.90398E-03   1.07441E+00   1.00000E+00   0.00000E+00   3.35059E+01   8.89518E-11             8   9.42769E-07   1.97576E+00
         349   1.04700E+01   3.00000E-02   2.14164E-01   1.58869E-02   7.92934E-03   7.93088E-03   1.07432E+00   1.00000E+00   0.00000E+00   3.35059E+01   9.76178E-11             8   9.97676E-07   1.97627E+00
         350   1.05000E+01   3.00000E-02   2.14164E-01   1.60188E-02   7.95070E-03   7.95217E-03   1.07422E+00   1.00000E+00   0.00000E+00   3.35059E+01   2.87896E-11             9   2.11684E-07   1.97679E+00
         351   1.05300E+01   3.00000E-02   2.14164E-01   1.61295E-02   7.96634E-03   7.96771E-03   1.07412E+00   1.00000E+00   0.00000E+00   3.35059E+01   2.98912E-11             9   2.17741E-07   1.97732E+00
         352   1.05600E+01   3.00000E-02   2.14164E-01   1.62183E-02   7.97607E-03   7.97738E-03   1.07402E+00   1.00000E+00   0.00000E+00   3.35059E+01   2.96802E-11             9   2.16022E-07   1.97784E+00
         353   1.05900E+01   3.00000E-02   2.14164E-01   1.62848E-02   7.97977E-03   7.98101E-03   1.07393E+00   1.00000E+00   0.00000E+00   3.35059E+01   3.09873E-11             9   2.23506E-07   1.97837E+00
         354   1.06200E+01   3.00000E-02   2.14164E-01   1.63290E-02   7.97715E-03   7.97833E-03   1.07383E+00   1.00000E+00   0.00000E+00   3.35059E+01   3.14739E-11             9   2.25560E-07   1.97890E+00
         355   1.06500E+01   3.00000E-02   2.14164E-01   1.63509E-02   7.96849E-03   7.96963E-03   1.07373E+00   1.00000E+00   0.00000E+00   3.35059E+01   3.07784E-11             9   2.21963E-07   1.97943E+00
         356   1.06800E+01   3.00000E-02   2.14164E-01   1.63508E-02   7.95339E-03   7.95455E-03   1.07362E+00   1.00000E+00   0.00000E+00   3.35059E+01   3.11418E-11             9   2.25324E-07   1.97997E+00
         357   1.07100E+01   3.00000E-02   2.14164E-01   1.63287E-02   7.93192E-03   7.93305E-03   1.07352E+00   1.00000E+00   0.00000E+00   3.35059E+01   3.31583E-11             9   2.37066E-07   1.98050E+00
         358   1.07400E+01   3.00000E-02   2.14164E-01   1.62850E-02   7.90405E-03   7.90521E-03   1.07342E+00   1.00000E+00   0.00000E+00   3.35059E+01   3.12919E-11             9   2.28675E-07   1.98103E+00
         359   1.07700E+01   3.00000E-02   2.14164E-01   1.62202E-02   7.86984E-03   7.87100E-03   1.07332E+00   1.00000E+00   0.00000E+00   3.35059E+01   3.11879E-11             9   2.28128E-07   1.98156E+00
         360   1.08000E+01   3.00000E-02   2.14164E-01   1.61347E-02   7.82926E-03   7.83045E-03   1.07321E+00   1.00000E+00   0.00000E+00   3.35059E+01   3.12174E-11             9   2.30935E-07   1.98208E+00
         361   1.08300E+01   3.00000E-02   2.14164E-01   1.60287E-02   7.78230E-03   7.78352E-03   1.07311E+00   1.00000E+00   0.00000E+00   3.35059E+01   3.09517E-11             9   2.32294E-07   1.98260E+00
         362   1.08600E+01   3.00000E-02   2.14164E-01   1.59030E-02   7.72904E-03   7.73030E-03   1.07321E+00   1.00000E+00   0.00000E+00   3.35059E+01   3.09907E-11             9   2.33748E-07   1.98312E+00
         363   1.08900E+01   3.00000E-02   2.14164E-01   1.57581E-02   7.66941E-03   7.67080E-03   1.07331E+00   1.00000E+00   0.00000E+00   3.35059E+01   2.99054E-11             9   2.31016E-07   1.98364E+00
         364   1.09200E+01   3.00000E-02   2.14164E-01   1.55945E-02   7.60334E-03   7.60476E-03   1.07341E+00   1.00000E+00   0.00000E+00   3.35059E+01   3.60474E-11             9   2.73452E-07   1.98415E+00
         365   1.09500E+01   3.00000E-02   2.14164E-01   1.54131E-02   7.53130E-03   7.53275E-03   1.07351E+00   1.00000E+00   0.00000E+00   3.35059E+01   3.49989E-11             9   2.70491E-07   1.98466E+00
         366   1.09800E+01   3.00000E-02   2.14164E-01   1.52145E-02   7.45296E-03   7.45444E-03   1.07361E+00   1.00000E+00   0.00000E+00   3.35059E+01   3.41163E-11             9   2.69512E-07   1.98516E+00
         367   1.10100E+01   3.00000E-02   2.14164E-01   1.49994E-02   7.36867E-03   7.37020E-03   1.07394E+00   1.00000E+00   0.00000E+00   3.35059E+01   3.37592E-11             9   2.67992E-07   1.98565E+00
         368   1.10400E+01   3.00000E-02   2.14164E-01   1.47686E-02   7.27857E-03   7.28011E-03   1.07429E+00   1.00000E+00   0.00000E+00   3.35059E+01   3.30789E-11             9   2.65054E-07   1.98614E+00
         369   1.10700E+01   3.00000E-02   2.14164E-01   1.45229E-02   7.26316E-03   7.26550E-03   1.07464E+00   1.00000E+00   0.00000E+00   3.35059E+01   3.21075E-11             9   2.60836E-07   1.98661E+00
         370   1.11000E+01   3.00000E-02   2.14164E-01   1.42631E-02   7.26109E-03   7.26335E-03   1.07498E+00   1.00000E+00   0.00000E+00   3.35059E+01   3.22255E-11             9   2.62859E-07   1.98708E+00
         371   1.11300E+01   3.00000E-02   2.14164E-01   1.39900E-02   7.26080E-03   7.26310E-03   1.07531E+00   1.00000E+00   0.00000E+00   3.35059E+01   3.15636E-11             9   2.60852E-07   1.98755E+00
         372   1.11600E+01   3.00000E-02   2.14164E-01   1.37046E-02   7.26225E-03   7.26446E-03   1.07563E+00   1.00000E+00   0.00000E+00   3.35059E+01   3.09444E-11             9   2.59406E-07   1.98800E+00
         373   1.11900E+01   3.00000E-02   2.14164E-01   1.34827E-02   7.26523E-03   7.26739E-03   1.07594E+00   1.00000E+00   0.00000E+00   3.35059E+01   3.01665E-11             9   2.57061E-07   1.98844E+00
         374   1.12200E+01   3.00000E-02   2.14164E-01   1.33329E-02   7.26958E-03   7.27169E-03   1.07624E+00   1.00000E+00   0.00000E+00   3.35059E+01   2.93605E-11             9   2.55111E-07   1.98888E+00
         375   1.12500E+01   3.00000E-02   2.14164E-01   1.31749E-02   7.27516E-03   7.27720E-03   1.07653E+00   1.00000E+00   0.00000E+00   3.35059E+01   2.85192E-11             9   2.53535E-07   1.98930E+00
         376   1.12800E+01   3.00000E-02   2.14164E-01   1.30090E-02   7.28180E-03   7.28377E-03   1.07682E+00   1.00000E+00   0.00000E+00   3.35059E+01   2.71827E-11             9   2.50175E-07   1.98971E+00
         377   1.13100E+01   3.00000E-02   2.14164E-01   1.28354E-02   7.28934E-03   7.29122E-03   1.07709E+00   1.00000E+00   0.00000E+00   3.35059E+01   2.66102E-11             9   2.49873E-07   1.99012E+00
         378   1.13400E+01   3.00000E-02   2.14164E-01   1.26544E-02   7.29752E-03   7.29951E-03   1.07736E+00   1.00000E+00   0.00000E+00   3.35059E+01   2.56434E-11             9   2.48501E-07   1.99051E+00
         379   1.13700E+01   3.00000E-02   2.14164E-01   1.24665E-02   7.30626E-03   7.30837E-03   1.07761E+00   1.00000E+00   0.00000E+00   3.35059E+01   2.47114E-11             9   2.49217E-07   1.99089E+00
         380   1.14000E+01   3.00000E-02   2.14164E-01   1.22717E-02   7.31542E-03   7.31762E-03   1.07786E+00   1.00000E+00   0.00000E+00   3.35059E+01   2.39318E-11             9   2.48871E-07   1.99126E+00
         381   1.14300E+01   3.00000E-02   2.14164E-01   1.20704E-02   7.32481E-03   7.32713E-03   1.07809E+00   1.00000E+00   0.00000E+00   3.35059E+01   2.32118E-11             9   2.48218E-07   1.99162E+00
         382   1.14600E+01   3.00000E-02   2.14164E-01   1.18628E-02   7.33432E-03   7.33676E-03   1.07832E+00   1.00000E+00   0.00000E+00   3.35059E+01   2.27604E-11             9   2.48506E-07   1.99197E+00
         383   1.14900E+01   3.00000E-02   2.14164E-01   1.16492E-02   7.34381E-03   7.34634E-03   1.07854E+00   1.00000E+00   0.00000E+00   3.35059E+01   2.23356E-11             9   2.48774E-07   1.99230E+00
         384   1.15200E+01   3.00000E-02   2.14164E-01   1.14299E-02   7.35315E-03   7.35576E-03   1.07874E+00   1.00000E+00   0.00000E+00   3.35059E+01   2.19068E-11             9   2.48874E-07   1.99263E+00
         385   1.15500E+01   3.00000E-02   2.14164E-01   1.12051E-02   7.36222E-03   7.36489E-03   1.07894E+00   1.00000E+00   0.00000E+00   3.35059E+01   2.15211E-11             9   2.48930E-07   1.99294E+00
         386   1.15800E+01   3.00000E-02   2.14164E-01   1.09752E-02   7.37088E-03   7.37361E-03   1.07912E+00   1.00000E+00   0.00000E+00   3.35059E+01   2.13512E-11             9   2.50069E-07   1.99324E+00
         387   1.16100E+01   3.00000E-02   2.14164E-01   1.07404E-02   7.37906E-03   7.38188E-03   1.07930E+00   1.00000E+00   0.00000E+00   3.35059E+01   2.11282E-11             9   2.50253E-07   1.99352E+00
         388   1.16400E+01   3.00000E-02   2.14164E-01   1.05010E-02   7.38671E-03   7.38955E-03   1.07947E+00   1.00000E+00   0.00000E+00   3.35059E+01   2.06456E-11             9   2.49179E-07   1.99380E+00
         389   1.16700E+01   3.00000E-02   2.14164E-01   1.02573E-02   7.39377E-03   7.39654E-03   1.07962E+00   1.00000E+00   0.00000E+00   3.35059E+01   2.02749E-11             9   2.48696E-07   1.99406E+00
         390   1.17000E+01   3.00000E-02   2.14164E-01   1.00352E-02   7.40017E-03   7.40278E-03   1.07977E+00   1.00000E+00   0.00000E+00   3.35059E+01   1.97595E-11             9   2.47019E-07   1.99432E+00
         391   1.17300E+01   3.00000E-02   2.14164E-01   9.97719E-03   7.40580E-03   7.40844E-03   1.07991E+00   1.00000E+00   0.00000E+00   3.35059E+01   1.93226E-11             9   2.45901E-07   1.99455E+00
         392   1.17600E+01   3.00000E-02   2.14164E-01   9.91532E-03   7.41154E-03   7.41405E-03   1.08004E+00   1.00000E+00   0.00000E+00   3.35059E+01   1.88276E-11             9   2.44497E-07   1.99478E+00
         393   1.17900E+01   3.00000E-02   2.14164E-01   9.84962E-03   7.41639E-03   7.41877E-03   1.08016E+00   1.00000E+00   0.00000E+00   3.35059E+01   1.82612E-11             9   2.42765E-07   1.99500E+00
         394   1.18200E+01   3.00000E-02   2.14164E-01   9.78011E-03   7.42032E-03   7.42258E-03   1.08028E+00   1.00000E+00   0.00000E+00   3.35059E+01   1.76129E-11             9   2.40673E-07   1.99520E+00
         395   1.18500E+01   3.00000E-02   2.14164E-01   9.70681E-03   7.42335E-03   7.42546E-03   1.08038E+00   1.00000E+00   0.00000E+00   3.35059E+01   1.68736E-11             9   2.38180E-07   1.99539E+00
         396   1.18800E+01   3.00000E-02   2.14164E-01   9.62980E-03   7.42557E-03   7.42751E-03   1.08048E+00   1.00000E+00   0.00000E+00   3.35059E+01   1.60385E-11             9   2.35242E-07   1.99557E+00
         397   1.19100E+01   3.00000E-02   2.14164E-01   9.54942E-03   7.42683E-03   7.42871E-03   1.08057E+00   1.00000E+00   0.00000E+00   3.35059E+01   1.51194E-11             9   2.31824E-07   1.99574E+00
         398   1.19400E+01   3.00000E-02   2.14164E-01   9.46615E-03   7.42717E-03   7.42901E-03   1.08065E+00   1.00000E+00   0.00000E+00   3.35059E+01   1.40808E-11             9   2.27786E-07   1.99589E+00
         399   1.19700E+01   3.00000E-02   2.14164E-01   9.37946E-03   7.42659E-03   7.42842E-03   1.08072E+00   1.00000E+00   0.00000E+00   3.35059E+01   1.29248E-11             9   2.22915E-07   1.99603E+00
         400   1.20000E+01   3.00000E-02   2.14164E-01   9.28946E-03   7.42517E-03   7.42695E-03   1.08079E+00   1.00000E+00   0.00000E+00   3.35059E+01   1.16150E-11             9   2.17167E-07   1.99617E+00
         401   1.20300E+01   3.00000E-02   2.14164E-01   9.19635E-03   7.42297E-03   7.42467E-03   1.08085E+00   1.00000E+00   0.00000E+00   3.35059E+01   1.01928E-11             9   2.11253E-07   1.99628E+00
         402   1.20600E+01   3.00000E-02   2.14164E-01   9.10031E-03   7.41999E-03   7.42159E-03   1.08090E+00   1.00000E+00   0.00000E+00   3.35059E+01   8.61390E-12             9   2.03121E-07   1.99639E+00
         403   1.20900E+01   3.00000E-02   2.14164E-01   9.00155E-03   7.41624E-03   7.41774E-03   1.08094E+00   1.00000E+00   0.00000E+00   3.35059E+01   7.72413E-12             9   1.96333E-07   1.99649E+00
         404   1.21200E+01   3.00000E-02   2.14164E-01   8.90031E-03   7.41178E-03   7.41318E-03   1.08098E+00   1.00000E+00   0.00000E+00   3.35059E+01   6.86499E-12             9   1.87772E-07   1.99657E+00
         405   1.21500E+01   3.00000E-02   2.14164E-01   8.79687E-03   7.40664E-03   7.40795E-03   1.08101E+00   1.00000E+00   0.00000E+00   3.35059E+01   3.36723E-11             8   9.88984E-07   1.99665E+00
         406   1.21800E+01   3.00000E-02   2.14164E-01   8.69148E-03   7.40085E-03   7.40208E-03   1.08103E+00   1.00000E+00   0.00000E+00   3.35059E+01   3.11259E-11             8   9.61452E-07   1.99671E+00
         407   1.22100E+01   3.00000E-02   2.14164E-01   8.58442E-03   7.39447E-03   7.39564E-03   1.08105E+00   1.00000E+00   0.00000E+00   3.35059E+01   2.85805E-11             8   9.51290E-07   1.99676E+00
         408   1.22400E+01   3.00000E-02   2.14164E-01   8.47590E-03   7.38757E-03   7.38867E-03   1.08106E+00   1.00000E+00   0.00000E+00   3.35059E+01   2.50437E-11             8   9.45038E-07   1.99680E+00
         409   1.22700E+01   3.00000E-02   2.14164E-01   8.36632E-03   7.38017E-03   7.38122E-03   1.08107E+00   1.00000E+00   0.00000E+00   3.35059E+01   2.64444E-11             8   9.42649E-07   1.99682E+00
         410   1.23000E+01   3.00000E-02   2.14164E-01   8.25586E-03   7.37235E-03   7.37337E-03   1.08107E+00   1.00000E+00   0.00000E+00   3.35059E+01   3.00360E-11             8   9.36978E-07   1.99684E+00
         411   1.23300E+01   3.00000E-02   2.14164E-01   8.14489E-03   7.36417E-03   7.36516E-03   1.08106E+00   1.00000E+00   0.00000E+00   3.35059E+01   3.31949E-11             8   9.07414E-07   1.99684E+00
         412   1.23600E+01   3.00000E-02   2.14164E-01   8.03366E-03   7.35567E-03   7.35667E-03   1.08105E+00   1.00000E+00   0.00000E+00   3.35059E+01   3.70156E-11             8   9.11768E-07   1.99684E+00
         413   1.23900E+01   3.00000E-02   2.14164E-01   7.92235E-03   7.34696E-03   7.34796E-03   1.08103E+00   1.00000E+00   0.00000E+00   3.35059E+01   4.09690E-11             8   8.63492E-07   1.99682E+00
         414   1.24200E+01   3.00000E-02   2.14164E-01   7.81126E-03   7.33809E-03   7.33911E-03   1.08100E+00   1.00000E+00   0.00000E+00   3.35059E+01   4.40239E-11             8   8.71011E-07   1.99679E+00
         415   1.24500E+01   3.00000E-02   2.14164E-01   7.70056E-03   7.32914E-03   7.33019E-03   1.08097E+00   1.00000E+00   0.00000E+00   3.35059E+01   4.68601E-11             8   8.79162E-07   1.99675E+00
         416   1.24800E+01   3.00000E-02   2.14164E-01   7.59063E-03   7.32017E-03   7.32127E-03   1.08093E+00   1.00000E+00   0.00000E+00   3.35059E+01   4.90402E-11             8   8.96594E-07   1.99670E+00
         417   1.25100E+01   3.00000E-02   2.14164E-01   7.48161E-03   7.31127E-03   7.31242E-03   1.08089E+00   1.00000E+00   0.00000E+00   3.35059E+01   5.09194E-11             8   9.10797E-07   1.99664E+00
         418   1.25400E+01   3.00000E-02   2.14164E-01   7.37362E-03   7.30251E-03   7.30371E-03   1.08083E+00   1.00000E+00   0.00000E+00   3.35059E+01   5.25003E-11             8   9.21481E-07   1.99656E+00
         419   1.25700E+01   3.00000E-02   2.14164E-01   7.26683E-03   7.29396E-03   7.29524E-03   1.08077E+00   1.00000E+00   0.00000E+00   3.35059E+01   5.37933E-11             8   9.35348E-07   1.99648E+00
         420   1.26000E+01   3.00000E-02   2.14164E-01   7.16139E-03   7.28572E-03   7.28707E-03   1.08071E+00   1.00000E+00   0.00000E+00   3.35059E+01   5.50449E-11             8   9.41738E-07   1.99639E+00
         421   1.26300E+01   3.00000E-02   2.14164E-01   7.05743E-03   7.27787E-03   7.27929E-03   1.08063E+00   1.00000E+00   0.00000E+00   3.35059E+01   5.60291E-11             8   9.50608E-07   1.99628E+00
         422   1.26600E+01   3.00000E-02   2.14164E-01   6.95506E-03   7.27048E-03   7.27199E-03   1.08055E+00   1.00000E+00   0.00000E+00   3.35059E+01   5.70345E-11             8   9.48010E-07   1.99617E+00
         423   1.26900E+01   3.00000E-02   2.14164E-01   6.85439E-03   7.26366E-03   7.26525E-03   1.08046E+00   1.00000E+00   0.00000E+00   3.35059E+01   5.77229E-11             8   9.79662E-07   1.99604E+00
         424   1.27200E+01   3.00000E-02   2.14164E-01   6.75546E-03   7.25747E-03   7.25917E-03   1.08037E+00   1.00000E+00   0.00000E+00   3.35059E+01   5.89806E-11             8   9.50835E-07   1.99590E+00
         425   1.27500E+01   3.00000E-02   2.14164E-01   6.65838E-03   7.25202E-03   7.25380E-03   1.08027E+00   1.00000E+00   0.00000E+00   3.35059E+01   5.86035E-11             8   9.93902E-07   1.99576E+00
         426   1.27800E+01   3.00000E-02   2.14164E-01   6.56315E-03   7.24737E-03   7.24925E-03   1.08016E+00   1.00000E+00   0.00000E+00   3.35059E+01   5.97793E-11             8   9.74873E-07   1.99560E+00
         427   1.28100E+01   3.00000E-02   2.14164E-01   6.60994E-03   7.24361E-03   7.24559E-03   1.08004E+00   1.00000E+00   0.00000E+00   3.35059E+01   5.94345E-11             8   9.92383E-07   1.99543E+00
         428   1.28400E+01   3.00000E-02   2.14164E-01   6.90091E-03   7.24081E-03   7.24289E-03   1.07992E+00   1.00000E+00   0.00000E+00   3.35059E+01   5.92546E-11             8   9.98433E-07   1.99525E+00
         429   1.28700E+01   3.00000E-02   2.14164E-01   7.18656E-03   7.23904E-03   7.24120E-03   1.07978E+00   1.00000E+00   0.00000E+00   3.35059E+01   1.46380E-11             9   2.02454E-07   1.99507E+00
         430   1.29000E+01   3.00000E-02   2.14164E-01   7.46669E-03   7.23836E-03   7.24060E-03   1.07965E+00   1.00000E+00   0.00000E+00   3.35059E+01   1.54148E-11             9   2.05585E-07   1.99487E+00
         431   1.29300E+01   3.00000E-02   2.14164E-01   7.74108E-03   7.23882E-03   7.24114E-03   1.07950E+00   1.00000E+00   0.00000E+00   3.35059E+01   1.61754E-11             9   2.08604E-07   1.99466E+00
         432   1.29600E+01   3.00000E-02   2.14164E-01   8.00951E-03   7.24047E-03   7.24285E-03   1.07935E+00   1.00000E+00   0.00000E+00   3.35059E+01   1.78091E-11             9   2.18244E-07   1.99444E+00
         433   1.29900E+01   3.00000E-02   2.14164E-01   8.27179E-03   7.24329E-03   7.24578E-03   1.07919E+00   1.00000E+00   0.00000E+00   3.35059E+01   1.84942E-11             9   2.20734E-07   1.99421E+00
         434   1.30200E+01   3.00000E-02   2.14164E-01   8.52772E-03   7.30098E-03   7.30230E-03   1.07902E+00   1.00000E+00   0.00000E+00   3.35059E+01   1.91700E-11             9   2.22828E-07   1.99397E+00
         435   1.30500E+01   3.00000E-02   2.14164E-01   8.77714E-03   7.38696E-03   7.38831E-03   1.07884E+00   1.00000E+00   0.00000E+00   3.35059E+01   1.98630E-11             9   2.25443E-07   1.99372E+00
         436   1.30800E+01   3.00000E-02   2.14164E-01   9.01992E-03   7.46979E-03   7.47116E-03   1.07866E+00   1.00000E+00   0.00000E+00   3.35059E+01   1.96664E-11             9   2.21785E-07   1.99346E+00
         437   1.31100E+01   3.00000E-02   2.14164E-01   9.25576E-03   7.54936E-03   7.55075E-03   1.07847E+00   1.00000E+00   0.00000E+00   3.35059E+01   2.03063E-11             9   2.24050E-07   1.99319E+00
         438   1.31400E+01   3.00000E-02   2.14164E-01   9.48445E-03   7.62555E-03   7.62696E-03   1.07828E+00   1.00000E+00   0.00000E+00   3.35059E+01   2.09673E-11             9   2.26453E-07   1.99291E+00
         439   1.31700E+01   3.00000E-02   2.14164E-01   9.70582E-03   7.69826E-03   7.69968E-03   1.07807E+00   1.00000E+00   0.00000E+00   3.35059E+01   2.16227E-11             9   2.28798E-07   1.99262E+00
         440   1.32000E+01   3.00000E-02   2.14164E-01   9.91967E-03   7.76740E-03   7.76882E-03   1.07786E+00   1.00000E+00   0.00000E+00   3.35059E+01   2.22720E-11             9   2.31082E-07   1.99233E+00
         441   1.32300E+01   3.00000E-02   2.14164E-01   1.01258E-02   7.83287E-03   7.83430E-03   1.07764E+00   1.00000E+00   0.00000E+00   3.35059E+01   2.29157E-11             9   2.33304E-07   1.99202E+00
         442   1.32600E+01   3.00000E-02   2.14164E-01   1.03241E-02   7.89462E-03   7.89602E-03   1.07742E+00   1.00000E+00   0.00000E+00   3.35059E+01   2.34150E-11             9   2.34223E-07   1.99170E+00
         443   1.32900E+01   3.00000E-02   2.14164E-01   1.05215E-02   7.95257E-03   7.95392E-03   1.07719E+00   1.00000E+00   0.00000E+00   3.35059E+01   2.30377E-11             9   2.29412E-07   1.99138E+00
         444   1.33200E+01   3.00000E-02   2.14164E-01   1.07826E-02   8.00664E-03   8.00794E-03   1.07695E+00   1.00000E+00   0.00000E+00   3.35059E+01   2.47522E-11             9   2.38681E-07   1.99105E+00
         445   1.33500E+01   3.00000E-02   2.14164E-01   1.10366E-02   8.05678E-03   8.05802E-03   1.07670E+00   1.00000E+00   0.00000E+00   3.35059E+01   2.45576E-11             9   2.35443E-07   1.99070E+00
         446   1.33800E+01   3.00000E-02   2.14164E-01   1.12831E-02   8.10295E-03   8.10414E-03   1.07645E+00   1.00000E+00   0.00000E+00   3.35059E+01   2.57004E-11             9   2.40737E-07   1.99035E+00
         447   1.34100E+01   3.00000E-02   2.14164E-01   1.15219E-02   8.14513E-03   8.14627E-03   1.07619E+00   1.00000E+00   0.00000E+00   3.35059E+01   2.73425E-11             9   2.45833E-07   1.99000E+00
         448   1.34400E+01   3.00000E-02   2.14164E-01   1.17525E-02   8.18330E-03   8.18438E-03   1.07593E+00   1.00000E+00   0.00000E+00   3.35059E+01   2.82962E-11             9   2.47731E-07   1.98963E+00
         449   1.34700E+01   3.00000E-02   2.14164E-01   1.19745E-02   8.21745E-03   8.21847E-03   1.07566E+00   1.00000E+00   0.00000E+00   3.35059E+01   2.91848E-11             9   2.49345E-07   1.98926E+00
         450   1.35000E+01   3.00000E-02   2.14164E-01   1.21877E-02   8.24758E-03   8.24854E-03   1.07538E+00   1.00000E+00   0.00000E+00   3.35059E+01   3.00409E-11             9   2.50832E-07   1.98888E+00
         451   1.35300E+01   3.00000E-02   2.14164E-01   1.23915E-02   8.27369E-03   8.27457E-03   1.07510E+00   1.00000E+00   0.00000E+00   3.35059E+01   3.13999E-11             9   2.54407E-07   1.98849E+00
         452   1.35600E+01   3.00000E-02   2.14164E-01   1.25858E-02   8.29580E-03   8.29663E-03   1.07481E+00   1.00000E+00   0.00000E+00   3.35059E+01   3.19242E-11             9   2.54802E-07   1.98809E+00
         453   1.35900E+01   3.00000E-02   2.14164E-01   1.27699E-02   8.31392E-03   8.31469E-03   1.07452E+00   1.00000E+00   0.00000E+00   3.35059E+01   3.04858E-11             9   2.46118E-07   1.98769E+00
         454   1.36200E+01   3.00000E-02   2.14164E-01   1.29435E-02   8.32812E-03   8.32883E-03   1.07422E+00   1.00000E+00   0.00000E+00   3.35059E+01   3.31780E-11             9   2.55731E-07   1.98729E+00
         455   1.36500E+01   3.00000E-02   2.14164E-01   1.31063E-02   8.33847E-03   8.33913E-03   1.07391E+00   1.00000E+00   0.00000E+00   3.35059E+01   3.42123E-11             9   2.58940E-07   1.98687E+00
         456   1.36800E+01   3.00000E-02   2.14164E-01   1.32581E-02   8.34494E-03   8.34555E-03   1.07360E+00   1.00000E+00   0.00000E+00   3.35059E+01   3.52023E-11             9   2.59590E-07   1.98645E+00
         457   1.37100E+01   3.00000E-02   2.14164E-01   1.33984E-02   8.34769E-03   8.34826E-03   1.07339E+00   1.00000E+00   0.00000E+00   3.35059E+01   3.69068E-11             9   2.66181E-07   1.98603E+00
         458   1.37400E+01   3.00000E-02   2.14164E-01   1.35269E-02   8.34678E-03   8.34729E-03   1.07331E+00   1.00000E+00   0.00000E+00   3.35059E+01   3.63474E-11             9   2.62430E-07   1.98560E+00
         459   1.37700E+01   3.00000E-02   2.14164E-01   1.36433E-02   8.34221E-03   8.34269E-03   1.07322E+00   1.00000E+00   0.00000E+00   3.35059E+01   3.60537E-11             9   2.58699E-07   1.98516E+00
         460   1.38000E+01   3.00000E-02   2.14164E-01   1.37471E-02   8.33411E-03   8.33456E-03   1.07313E+00   1.00000E+00   0.00000E+00   3.35059E+01   3.06545E-11             9   2.50959E-07   1.98472E+00
         461   1.38300E+01   3.00000E-02   2.14164E-01   1.38385E-02   8.32255E-03   8.32295E-03   1.07304E+00   1.00000E+00   0.00000E+00   3.35059E+01   3.03459E-11             9   2.49698E-07   1.98428E+00
         462   1.38600E+01   3.00000E-02   2.14164E-01   1.39169E-02   8.30760E-03   8.30799E-03   1.07296E+00   1.00000E+00   0.00000E+00   3.35059E+01   2.96633E-11             9   2.47732E-07   1.98383E+00
         463   1.38900E+01   3.00000E-02   2.14164E-01   1.39819E-02   8.28939E-03   8.28977E-03   1.07295E+00   1.00000E+00   0.00000E+00   3.35059E+01   2.92774E-11             9   2.46203E-07   1.98339E+00
         464   1.39200E+01   3.00000E-02   2.14164E-01   1.40330E-02   8.26801E-03   8.26839E-03   1.07299E+00   1.00000E+00   0.00000E+00   3.35059E+01   2.89291E-11             9   2.44481E-07   1.98293E+00
         465   1.39500E+01   3.00000E-02   2.14164E-01   1.40699E-02   8.24357E-03   8.24397E-03   1.07308E+00   1.00000E+00   0.00000E+00   3.35059E+01   2.82271E-11             9   2.43319E-07   1.98248E+00
         466   1.39800E+01   3.00000E-02   2.14164E-01   1.40923E-02   8.21624E-03   8.21666E-03   1.07317E+00   1.00000E+00   0.00000E+00   3.35059E+01   2.88985E-11             9   2.45275E-07   1.98203E+00
         467   1.40100E+01   3.00000E-02   2.14164E-01   1.41002E-02   8.18609E-03   8.18654E-03   1.07326E+00   1.00000E+00   0.00000E+00   3.35059E+01   2.74127E-11             9   2.40854E-07   1.98157E+00
         468   1.40400E+01   3.00000E-02   2.14164E-01   1.40933E-02   8.15329E-03   8.15378E-03   1.07335E+00   1.00000E+00   0.00000E+00   3.35059E+01   2.72532E-11             9   2.39725E-07   1.98111E+00
         469   1.40700E+01   3.00000E-02   2.14164E-01   1.40712E-02   8.11791E-03   8.11843E-03   1.07343E+00   1.00000E+00   0.00000E+00   3.35059E+01   2.67756E-11             9   2.38517E-07   1.98066E+00
         470   1.41000E+01   3.00000E-02   2.14164E-01   1.40340E-02   8.08004E-03   8.08064E-03   1.07352E+00   1.00000E+00   0.00000E+00   3.35059E+01   2.64292E-11             9   2.37813E-07   1.98020E+00
         471   1.41300E+01   3.00000E-02   2.14164E-01   1.39814E-02   8.03986E-03   8.04051E-03   1.07361E+00   1.00000E+00   0.00000E+00   3.35059E+01   2.56944E-11             9   2.35258E-07   1.97974E+00
         472   1.41600E+01   3.00000E-02   2.14164E-01   1.39132E-02   7.99746E-03   7.99816E-03   1.07370E+00   1.00000E+00   0.00000E+00   3.35059E+01   2.53786E-11             9   2.35684E-07   1.97928E+00
         473   1.41900E+01   3.00000E-02   2.14164E-01   1.38293E-02   7.95304E-03   7.95371E-03   1.07378E+00   1.00000E+00   0.00000E+00   3.35059E+01   2.48939E-11             9   2.34125E-07   1.97883E+00
         474   1.42200E+01   3.00000E-02   2.14164E-01   1.37296E-02   7.90664E-03   7.90727E-03   1.07387E+00   1.00000E+00   0.00000E+00   3.35059E+01   2.39662E-11             9   2.29480E-07   1.97837E+00
         475   1.42500E+01   3.00000E-02   2.14164E-01   1.36143E-02   7.85838E-03   7.85899E-03   1.07395E+00   1.00000E+00   0.00000E+00   3.35059E+01   2.27484E-11             9   2.20306E-07   1.97792E+00
         476   1.42800E+01   3.00000E-02   2.14164E-01   1.34832E-02   7.80836E-03   7.80896E-03   1.07404E+00   1.00000E+00   0.00000E+00   3.35059E+01   2.28713E-11             9   2.25926E-07   1.97747E+00
         477   1.43100E+01   3.00000E-02   2.14164E-01   1.33361E-02   7.75670E-03   7.75729E-03   1.07415E+00   1.00000E+00   0.00000E+00   3.35059E+01   2.24482E-11             9   2.25701E-07   1.97703E+00
         478   1.43400E+01   3.00000E-02   2.14164E-01   1.31729E-02   7.70350E-03   7.70409E-03   1.07426E+00   1.00000E+00   0.00000E+00   3.35059E+01   2.18865E-11             9   2.24778E-07   1.97659E+00
         479   1.43700E+01   3.00000E-02   2.14164E-01   1.29938E-02   7.64886E-03   7.64946E-03   1.07437E+00   1.00000E+00   0.00000E+00   3.35059E+01   2.14646E-11             9   2.24956E-07   1.97615E+00
         480   1.44000E+01   3.00000E-02   2.14164E-01   1.27988E-02   7.59642E-03   7.59949E-03   1.07447E+00   1.00000E+00   0.00000E+00   3.35059E+01   2.05886E-11             9   2.22493E-07   1.97572E+00
         481   1.44300E+01   3.00000E-02   2.14164E-01   1.25879E-02   7.57370E-03   7.57670E-03   1.07457E+00   1.00000E+00   0.00000E+00   3.35059E+01   1.99208E-11             9   2.21083E-07   1.97530E+00
         482   1.44600E+01   3.00000E-02   2.14164E-01   1.23612E-02   7.54895E-03   7.55184E-03   1.07467E+00   1.00000E+00   0.00000E+00   3.35059E+01   2.02864E-11             9   2.29401E-07   1.97488E+00
         483   1.44900E+01   3.00000E-02   2.14164E-01   1.21190E-02   7.52227E-03   7.52499E-03   1.07476E+00   1.00000E+00   0.00000E+00   3.35059E+01   1.91320E-11             9   2.24214E-07   1.97447E+00
         484   1.45200E+01   3.00000E-02   2.14164E-01   1.18612E-02   7.49363E-03   7.49621E-03   1.07485E+00   1.00000E+00   0.00000E+00   3.35059E+01   1.80491E-11             9   2.21389E-07   1.97407E+00
         485   1.45500E+01   3.00000E-02   2.14164E-01   1.15883E-02   7.46311E-03   7.46552E-03   1.07494E+00   1.00000E+00   0.00000E+00   3.35059E+01   1.68994E-11             9   2.16263E-07   1.97367E+00
         486   1.45800E+01   3.00000E-02   2.14164E-01   1.13004E-02   7.43075E-03   7.43298E-03   1.07503E+00   1.00000E+00   0.00000E+00   3.35059E+01   1.59749E-11             9   2.13706E-07   1.97328E+00
         487   1.46100E+01   3.00000E-02   2.14164E-01   1.09978E-02   7.39659E-03   7.39863E-03   1.07511E+00   1.00000E+00   0.00000E+00   3.35059E+01   1.45336E-11             9   2.06963E-07   1.97290E+00
         488   1.46400E+01   3.00000E-02   2.14164E-01   1.06808E-02   7.36060E-03   7.36247E-03   1.07520E+00   1.00000E+00   0.00000E+00   3.35059E+01   7.32201E-11             8   9.95585E-07   1.97253E+00
         489   1.46700E+01   3.00000E-02   2.14164E-01   1.03497E-02   7.32290E-03   7.32464E-03   1.07528E+00   1.00000E+00   0.00000E+00   3.35059E+01   6.83559E-11             8   9.50169E-07   1.97217E+00
         490   1.47000E+01   3.00000E-02   2.14164E-01   1.00049E-02   7.28356E-03   7.28511E-03   1.07535E+00   1.00000E+00   0.00000E+00   3.35059E+01   6.93014E-11             8   9.83647E-07   1.97182E+00
         491   1.47300E+01   3.00000E-02   2.14164E-01   9.64693E-03   7.24264E-03   7.24400E-03   1.07543E+00   1.00000E+00   0.00000E+00   3.35059E+01   6.74487E-11             8   9.80645E-07   1.97148E+00
         492   1.47600E+01   3.00000E-02   2.14164E-01   9.27623E-03   7.20020E-03   7.20137E-03   1.07550E+00   1.00000E+00   0.00000E+00   3.35059E+01   6.49359E-11             8   9.68759E-07   1.97116E+00
         493   1.47900E+01   3.00000E-02   2.14164E-01   8.89389E-03   7.15631E-03   7.15729E-03   1.07557E+00   1.00000E+00   0.00000E+00   3.35059E+01   6.22650E-11             8   9.55424E-07   1.97084E+00
         494   1.48200E+01   3.00000E-02   2.14164E-01   8.49978E-03   7.11103E-03   7.11184E-03   1.07564E+00   1.00000E+00   0.00000E+00   3.35059E+01   5.94248E-11             8   9.40572E-07   1.97054E+00
         495   1.48500E+01   3.00000E-02   2.14164E-01   8.09443E-03   7.06444E-03   7.06509E-03   1.07570E+00   1.00000E+00   0.00000E+00   3.35059E+01   5.63798E-11             8   9.23848E-07   1.97025E+00
         496   1.48800E+01   3.00000E-02   2.14164E-01   7.67844E-03   7.01662E-03   7.01714E-03   1.07577E+00   1.00000E+00   0.00000E+00   3.35059E+01   5.30914E-11             8   9.04901E-07   1.96997E+00
         497   1.49100E+01   3.00000E-02   2.14164E-01   7.47750E-03   6.96827E-03   6.96890E-03   1.07583E+00   1.00000E+00   0.00000E+00   3.35059E+01   4.95073E-11             8   8.83353E-07   1.96970E+00
         498   1.49400E+01   3.00000E-02   2.14164E-01   7.36011E-03   6.91930E-03   6.91985E-03   1.07589E+00   1.00000E+00   0.00000E+00   3.35059E+01   4.55674E-11             8   8.58970E-07   1.96945E+00
         499   1.49700E+01   3.00000E-02   2.14164E-01   7.23899E-03   6.86935E-03   6.86985E-03   1.07594E+00   1.00000E+00   0.00000E+00   3.35059E+01   4.11704E-11             8   8.30123E-07   1.96921E+00
         500   1.50000E+01   3.00000E-02   2.14164E-01   7.11434E-03   6.81850E-03   6.81897E-03   1.07600E+00   1.00000E+00   0.00000E+00   3.35059E+01   3.64657E-11             8   8.03874E-07   1.96899E+00
         501   1.50300E+01   3.00000E-02   2.14164E-01   6.98633E-03   6.76685E-03   6.76730E-03   1.07605E+00   1.00000E+00   0.00000E+00   3.35059E+01   3.12326E-11             8   7.77111E-07   1.96878E+00
         502   1.50600E+01   3.00000E-02   2.14164E-01   6.85518E-03   6.71448E-03   6.71494E-03   1.07610E+00   1.00000E+00   0.00000E+00   3.35059E+01   2.67356E-11             8   7.68628E-07   1.96859E+00
         503   1.50900E+01   3.00000E-02   2.14164E-01   6.72096E-03   6.66148E-03   6.66198E-03   1.07614E+00   1.00000E+00   0.00000E+00   3.35059E+01   2.38399E-11             8   7.96618E-07   1.96841E+00
         504   1.51200E+01   3.00000E-02   2.14164E-01   6.58456E-03   6.60795E-03   6.60851E-03   1.07619E+00   1.00000E+00   0.00000E+00   3.35059E+01   2.22755E-11             8   8.46697E-07   1.96824E+00
         505   1.51500E+01   3.00000E-02   2.14164E-01   6.44548E-03   6.55398E-03   6.55461E-03   1.07623E+00   1.00000E+00   0.00000E+00   3.35059E+01   2.32358E-11             8   9.37310E-07   1.96810E+00
         506   1.51800E+01   3.00000E-02   2.14164E-01   6.30417E-03   6.49964E-03   6.50037E-03   1.07627E+00   1.00000E+00   0.00000E+00   3.35059E+01   4.49436E-12             9   1.97021E-07   1.96796E+00
         507   1.52100E+01   3.00000E-02   2.14164E-01   6.16060E-03   6.44504E-03   6.44588E-03   1.07631E+00   1.00000E+00   0.00000E+00   3.35059E+01   4.34550E-12             9   2.00595E-07   1.96785E+00
         508   1.52400E+01   3.00000E-02   2.14164E-01   6.01522E-03   6.39024E-03   6.39121E-03   1.07634E+00   1.00000E+00   0.00000E+00   3.35059E+01   5.07064E-12             9   1.99642E-07   1.96775E+00
         509   1.52700E+01   3.00000E-02   2.14164E-01   5.86800E-03   6.33534E-03   6.33645E-03   1.07637E+00   1.00000E+00   0.00000E+00   3.35059E+01   6.09912E-12             9   2.00885E-07   1.96766E+00
         510   1.53000E+01   3.00000E-02   2.14164E-01   5.71940E-03   6.28041E-03   6.28167E-03   1.07640E+00   1.00000E+00   0.00000E+00   3.35059E+01   6.42301E-12             9   2.02722E-07   1.96759E+00
         511   1.53300E+01   3.00000E-02   2.14164E-01   5.56940E-03   6.22553E-03   6.22695E-03   1.07643E+00   1.00000E+00   0.00000E+00   3.35059E+01   6.38356E-12             9   2.03545E-07   1.96754E+00
         512   1.53600E+01   3.00000E-02   2.14164E-01   5.48387E-03   6.17078E-03   6.17236E-03   1.07645E+00   1.00000E+00   0.00000E+00   3.35059E+01   5.82396E-12             9   2.01821E-07   1.96751E+00
         513   1.53900E+01   3.00000E-02   2.14164E-01   5.57109E-03   6.11622E-03   6.11797E-03   1.07647E+00   1.00000E+00   0.00000E+00   3.35059E+01   6.69749E-12             9   2.09230E-07   1.96748E+00
         514   1.54200E+01   3.00000E-02   2.14164E-01   5.65728E-03   6.06194E-03   6.06384E-03   1.07649E+00   1.00000E+00   0.00000E+00   3.35059E+01   8.01347E-12             9   2.19803E-07   1.96748E+00
         515   1.54500E+01   3.00000E-02   2.14164E-01   5.74228E-03   6.00800E-03   6.01006E-03   1.07650E+00   1.00000E+00   0.00000E+00   3.35059E+01   9.03012E-12             9   2.32708E-07   1.96749E+00
         516   1.54800E+01   3.00000E-02   2.14164E-01   5.82591E-03   5.95447E-03   5.95667E-03   1.07651E+00   1.00000E+00   0.00000E+00   3.35059E+01   9.68831E-12             9   2.43312E-07   1.96752E+00
         517   1.55100E+01   3.00000E-02   2.14164E-01   5.90802E-03   5.90142E-03   5.90375E-03   1.07652E+00   1.00000E+00   0.00000E+00   3.35059E+01   1.00681E-11             9   2.51801E-07   1.96757E+00
         518   1.55400E+01   3.00000E-02   2.14164E-01   5.98846E-03   5.84890E-03   5.85136E-03   1.07652E+00   1.00000E+00   0.00000E+00   3.35059E+01   1.09880E-11             9   2.58597E-07   1.96763E+00
         519   1.55700E+01   3.00000E-02   2.14164E-01   6.06710E-03   5.79700E-03   5.79957E-03   1.07652E+00   1.00000E+00   0.00000E+00   3.35059E+01   1.18598E-11             9   2.64130E-07   1.96770E+00
         520   1.56000E+01   3.00000E-02   2.14164E-01   6.14383E-03   5.74576E-03   5.74842E-03   1.07652E+00   1.00000E+00   0.00000E+00   3.35059E+01   1.29167E-11             9   2.68525E-07   1.96779E+00
         521   1.56300E+01   3.00000E-02   2.14164E-01   6.21853E-03   5.69525E-03   5.69799E-03   1.07651E+00   1.00000E+00   0.00000E+00   3.35059E+01   1.40482E-11             9   2.71795E-07   1.96790E+00
         522   1.56600E+01   3.00000E-02   2.14164E-01   6.29110E-03   5.64552E-03   5.64832E-03   1.07650E+00   1.00000E+00   0.00000E+00   3.35059E+01   1.53441E-11             9   2.73868E-07   1.96802E+00
         523   1.56900E+01   3.00000E-02   2.14164E-01   6.36145E-03   5.59663E-03   5.59946E-03   1.07649E+00   1.00000E+00   0.00000E+00   3.35059E+01   1.63900E-11             9   2.76075E-07   1.96816E+00
         524   1.57200E+01   3.00000E-02   2.14164E-01   6.42947E-03   5.62309E-03   5.63302E-03   1.07647E+00   1.00000E+00   0.00000E+00   3.35059E+01   1.73800E-11             9   2.75635E-07   1.96831E+00
         525   1.57500E+01   3.00000E-02   2.14164E-01   6.54738E-03   5.69902E-03   5.70888E-03   1.07645E+00   1.00000E+00   0.00000E+00   3.35059E+01   1.84046E-11             9   2.76336E-07   1.96847E+00
         526   1.57800E+01   3.00000E-02   2.14164E-01   6.69383E-03   5.77526E-03   5.78505E-03   1.07642E+00   1.00000E+00   0.00000E+00   3.35059E+01   1.92934E-11             9   2.75803E-07   1.96865E+00
         527   1.58100E+01   3.00000E-02   2.14164E-01   6.94305E-03   5.85175E-03   5.86147E-03   1.07639E+00   1.00000E+00   0.00000E+00   3.35059E+01   2.01243E-11             9   2.74818E-07   1.96884E+00
         528   1.58400E+01   3.00000E-02   2.14164E-01   7.18765E-03   5.92844E-03   5.93809E-03   1.07636E+00   1.00000E+00   0.00000E+00   3.35059E+01   2.09072E-11             9   2.73858E-07   1.96905E+00
         529   1.58700E+01   3.00000E-02   2.14164E-01   7.42742E-03   6.00528E-03   6.01486E-03   1.07632E+00   1.00000E+00   0.00000E+00   3.35059E+01   2.16504E-11             9   2.72744E-07   1.96927E+00
         530   1.59000E+01   3.00000E-02   2.14164E-01   7.66216E-03   6.08221E-03   6.09172E-03   1.07627E+00   1.00000E+00   0.00000E+00   3.35059E+01   2.23543E-11             9   2.71547E-07   1.96950E+00
         531   1.59300E+01   3.00000E-02   2.14164E-01   7.91575E-03   6.15918E-03   6.16862E-03   1.07622E+00   1.00000E+00   0.00000E+00   3.35059E+01   2.30259E-11             9   2.70366E-07   1.96974E+00
         532   1.59600E+01   3.00000E-02   2.14164E-01   8.23611E-03   6.23612E-03   6.24550E-03   1.07617E+00   1.00000E+00   0.00000E+00   3.35059E+01   2.36661E-11             9   2.69203E-07   1.96999E+00
         533   1.59900E+01   3.00000E-02   2.14164E-01   8.54381E-03   6.31299E-03   6.32232E-03   1.07611E+00   1.00000E+00   0.00000E+00   3.35059E+01   2.42781E-11             9   2.68101E-07   1.97026E+00
         534   1.60200E+01   3.00000E-02   2.14164E-01   8.83876E-03   6.38973E-03   6.39901E-03   1.07604E+00   1.00000E+00   0.00000E+00   3.35059E+01   2.48632E-11             9   2.67075E-07   1.97053E+00
         535   1.60500E+01   3.00000E-02   2.14164E-01   9.12089E-03   6.46628E-03   6.47552E-03   1.07598E+00   1.00000E+00   0.00000E+00   3.35059E+01   2.54217E-11             9   2.66136E-07   1.97082E+00
         536   1.60800E+01   3.00000E-02   2.14164E-01   9.39020E-03   6.54258E-03   6.55179E-03   1.07590E+00   1.00000E+00   0.00000E+00   3.35059E+01   2.59532E-11             9   2.65290E-07   1.97111E+00
         537   1.61100E+01   3.00000E-02   2.14164E-01   9.64668E-03   6.61853E-03   6.62778E-03   1.07582E+00   1.00000E+00   0.00000E+00   3.35059E+01   2.59242E-11             9   2.57554E-07   1.97142E+00
         538   1.61400E+01   3.00000E-02   2.14164E-01   9.89039E-03   6.69414E-03   6.70338E-03   1.07574E+00   1.00000E+00   0.00000E+00   3.35059E+01   2.66591E-11             9   2.61920E-07   1.97173E+00
         539   1.61700E+01   3.00000E-02   2.14164E-01   1.01214E-02   6.77122E-03   6.77856E-03   1.07566E+00   1.00000E+00   0.00000E+00   3.35059E+01   2.73711E-11             9   2.63373E-07   1.97205E+00
         540   1.62000E+01   3.00000E-02   2.14164E-01   1.03399E-02   6.88613E-03   6.89326E-03   1.07557E+00   1.00000E+00   0.00000E+00   3.35059E+01   2.77951E-11             9   2.63139E-07   1.97238E+00
         541   1.62300E+01   3.00000E-02   2.14164E-01   1.05460E-02   6.99739E-03   7.00453E-03   1.07547E+00   1.00000E+00   0.00000E+00   3.35059E+01   2.81636E-11             9   2.62743E-07   1.97272E+00
         542   1.62600E+01   3.00000E-02   2.14164E-01   1.07396E-02   7.10486E-03   7.11204E-03   1.07537E+00   1.00000E+00   0.00000E+00   3.35059E+01   2.87791E-11             9   2.64180E-07   1.97306E+00
         543   1.62900E+01   3.00000E-02   2.14164E-01   1.09214E-02   7.20844E-03   7.21562E-03   1.07527E+00   1.00000E+00   0.00000E+00   3.35059E+01   2.93135E-11             9   2.66309E-07   1.97341E+00
         544   1.63200E+01   3.00000E-02   2.14164E-01   1.10911E-02   7.30795E-03   7.31515E-03   1.07516E+00   1.00000E+00   0.00000E+00   3.35059E+01   2.91853E-11             9   2.62785E-07   1.97377E+00
         545   1.63500E+01   3.00000E-02   2.14164E-01   1.12493E-02   7.40333E-03   7.41050E-03   1.07505E+00   1.00000E+00   0.00000E+00   3.35059E+01   2.93780E-11             9   2.62853E-07   1.97413E+00
         546   1.63800E+01   3.00000E-02   2.14164E-01   1.13960E-02   7.49448E-03   7.50164E-03   1.07494E+00   1.00000E+00   0.00000E+00   3.35059E+01   2.94645E-11             9   2.61041E-07   1.97450E+00
         547   1.64100E+01   3.00000E-02   2.14164E-01   1.15315E-02   7.58123E-03   7.58830E-03   1.07482E+00   1.00000E+00   0.00000E+00   3.35059E+01   2.94443E-11             9   2.61356E-07   1.97487E+00
         548   1.64400E+01   3.00000E-02   2.14164E-01   1.16561E-02   7.66351E-03   7.67050E-03   1.07470E+00   1.00000E+00   0.00000E+00   3.35059E+01   2.97566E-11             9   2.60951E-07   1.97525E+00
         549   1.64700E+01   3.00000E-02   2.14164E-01   1.17700E-02   7.74115E-03   7.74807E-03   1.07457E+00   1.00000E+00   0.00000E+00   3.35059E+01   2.96436E-11             9   2.59844E-07   1.97563E+00
         550   1.65000E+01   3.00000E-02   2.14164E-01   1.18736E-02   7.81405E-03   7.82091E-03   1.07444E+00   1.00000E+00   0.00000E+00   3.35059E+01   2.95769E-11             9   2.57679E-07   1.97602E+00
         551   1.65300E+01   3.00000E-02   2.14164E-01   1.19669E-02   7.88209E-03   7.88889E-03   1.07430E+00   1.00000E+00   0.00000E+00   3.35059E+01   2.94786E-11             9   2.55314E-07   1.97641E+00
         552   1.65600E+01   3.00000E-02   2.14164E-01   1.20503E-02   7.94520E-03   7.95193E-03   1.07417E+00   1.00000E+00   0.00000E+00   3.35059E+01   2.95809E-11             9   2.58630E-07   1.97680E+00
         553   1.65900E+01   3.00000E-02   2.14164E-01   1.21241E-02   8.00330E-03   8.00995E-03   1.07407E+00   1.00000E+00   0.00000E+00   3.35059E+01   2.97407E-11             9   2.60245E-07   1.97719E+00
         554   1.66200E+01   3.00000E-02   2.14164E-01   1.21884E-02   8.05630E-03   8.06287E-03   1.07399E+00   1.00000E+00   0.00000E+00   3.35059E+01   2.97064E-11             9   2.60301E-07   1.97759E+00
         555   1.66500E+01   3.00000E-02   2.14164E-01   1.22437E-02   8.10416E-03   8.11062E-03   1.07391E+00   1.00000E+00   0.00000E+00   3.35059E+01   2.96822E-11             9   2.61236E-07   1.97799E+00
         556   1.66800E+01   3.00000E-02   2.14164E-01   1.22906E-02   8.14676E-03   8.15314E-03   1.07383E+00   1.00000E+00   0.00000E+00   3.35059E+01   2.95382E-11             9   2.60321E-07   1.97839E+00
         557   1.67100E+01   3.00000E-02   2.14164E-01   1.23287E-02   8.18411E-03   8.19038E-03   1.07375E+00   1.00000E+00   0.00000E+00   3.35059E+01   2.94886E-11             9   2.60591E-07   1.97879E+00
         558   1.67400E+01   3.00000E-02   2.14164E-01   1.23582E-02   8.21612E-03   8.22227E-03   1.07367E+00   1.00000E+00   0.00000E+00   3.35059E+01   2.93709E-11             9   2.59800E-07   1.97920E+00
         559   1.67700E+01   3.00000E-02   2.14164E-01   1.23792E-02   8.24274E-03   8.24879E-03   1.07358E+00   1.00000E+00   0.00000E+00   3.35059E+01   2.96536E-11             9   2.59458E-07   1.97960E+00
         560   1.68000E+01   3.00000E-02   2.14164E-01   1.23918E-02   8.26397E-03   8.26992E-03   1.07350E+00   1.00000E+00   0.00000E+00   3.35059E+01   2.82574E-11             9   2.58633E-07   1.98001E+00
         561   1.68300E+01   3.00000E-02   2.14164E-01   1.23962E-02   8.27979E-03   8.28561E-03   1.07342E+00   1.00000E+00   0.00000E+00   3.35059E+01   2.93020E-11             9   2.61708E-07   1.98041E+00
         562   1.68600E+01   3.00000E-02   2.14164E-01   1.23923E-02   8.29018E-03   8.29592E-03   1.07334E+00   1.00000E+00   0.00000E+00   3.35059E+01   2.86690E-11             9   2.59381E-07   1.98082E+00
         563   1.68900E+01   3.00000E-02   2.14164E-01   1.23804E-02   8.29514E-03   8.30079E-03   1.07325E+00   1.00000E+00   0.00000E+00   3.35059E+01   2.77388E-11             9   2.58437E-07   1.98122E+00
         564   1.69200E+01   3.00000E-02   2.14164E-01   1.23605E-02   8.30713E-03   8.31859E-03   1.07317E+00   1.00000E+00   0.00000E+00   3.35059E+01   2.77162E-11             9   2.58151E-07   1.98162E+00
         565   1.69500E+01   3.00000E-02   2.14164E-01   1.23328E-02   8.34539E-03   8.35692E-03   1.07309E+00   1.00000E+00   0.00000E+00   3.35059E+01   2.71926E-11             9   2.57736E-07   1.98203E+00
         566   1.69800E+01   3.00000E-02   2.14164E-01   1.22970E-02   8.38110E-03   8.39268E-03   1.07307E+00   1.00000E+00   0.00000E+00   3.35059E+01   2.74071E-11             9   2.58067E-07   1.98242E+00
         567   1.70100E+01   3.00000E-02   2.14164E-01   1.22533E-02   8.41417E-03   8.42579E-03   1.07312E+00   1.00000E+00   0.00000E+00   3.35059E+01   2.74565E-11             9   2.58014E-07   1.98282E+00
         568   1.70400E+01   3.00000E-02   2.14164E-01   1.22017E-02   8.44457E-03   8.45617E-03   1.07320E+00   1.00000E+00   0.00000E+00   3.35059E+01   2.71116E-11             9   2.55812E-07   1.98322E+00
         569   1.70700E+01   3.00000E-02   2.14164E-01   1.21420E-02   8.47213E-03   8.48372E-03   1.07328E+00   1.00000E+00   0.00000E+00   3.35059E+01   2.72035E-11             9   2.56574E-07   1.98362E+00
         570   1.71000E+01   3.00000E-02   2.14164E-01   1.20742E-02   8.49684E-03   8.50841E-03   1.07336E+00   1.00000E+00   0.00000E+00   3.35059E+01   2.71627E-11             9   2.56782E-07   1.98401E+00
         571   1.71300E+01   3.00000E-02   2.14164E-01   1.19984E-02   8.51865E-03   8.53018E-03   1.07344E+00   1.00000E+00   0.00000E+00   3.35059E+01   2.66861E-11             9   2.57190E-07   1.98440E+00
         572   1.71600E+01   3.00000E-02   2.14164E-01   1.19145E-02   8.53751E-03   8.54897E-03   1.07352E+00   1.00000E+00   0.00000E+00   3.35059E+01   2.51525E-11             9   2.35108E-07   1.98479E+00
         573   1.71900E+01   3.00000E-02   2.14164E-01   1.18223E-02   8.55336E-03   8.56475E-03   1.07360E+00   1.00000E+00   0.00000E+00   3.35059E+01   2.45742E-11             9   2.34532E-07   1.98518E+00
         574   1.72200E+01   3.00000E-02   2.14164E-01   1.17217E-02   8.56617E-03   8.57746E-03   1.07368E+00   1.00000E+00   0.00000E+00   3.35059E+01   2.28501E-11             9   2.28257E-07   1.98556E+00
         575   1.72500E+01   3.00000E-02   2.14164E-01   1.16125E-02   8.57588E-03   8.58704E-03   1.07383E+00   1.00000E+00   0.00000E+00   3.35059E+01   2.08067E-11             9   2.21202E-07   1.98594E+00
         576   1.72800E+01   3.00000E-02   2.14164E-01   1.14949E-02   8.58246E-03   8.59352E-03   1.07409E+00   1.00000E+00   0.00000E+00   3.35059E+01   2.09923E-11             9   2.24894E-07   1.98632E+00
         577   1.73100E+01   3.00000E-02   2.14164E-01   1.13686E-02   8.58594E-03   8.59684E-03   1.07435E+00   1.00000E+00   0.00000E+00   3.35059E+01   2.10208E-11             9   2.29130E-07   1.98669E+00
         578   1.73400E+01   3.00000E-02   2.14164E-01   1.12335E-02   8.58625E-03   8.59702E-03   1.07461E+00   1.00000E+00   0.00000E+00   3.35059E+01   1.98599E-11             9   2.26797E-07   1.98705E+00
         579   1.73700E+01   3.00000E-02   2.14164E-01   1.10896E-02   8.58343E-03   8.59406E-03   1.07487E+00   1.00000E+00   0.00000E+00   3.35059E+01   1.86878E-11             9   2.24455E-07   1.98742E+00
         580   1.74000E+01   3.00000E-02   2.14164E-01   1.09368E-02   8.57748E-03   8.58796E-03   1.07512E+00   1.00000E+00   0.00000E+00   3.35059E+01   1.73847E-11             9   2.21188E-07   1.98777E+00
         581   1.74300E+01   3.00000E-02   2.14164E-01   1.07771E-02   8.56840E-03   8.57875E-03   1.07537E+00   1.00000E+00   0.00000E+00   3.35059E+01   1.63387E-11             9   2.19522E-07   1.98813E+00
         582   1.74600E+01   3.00000E-02   2.14164E-01   1.06538E-02   8.55624E-03   8.56643E-03   1.07561E+00   1.00000E+00   0.00000E+00   3.35059E+01   1.52874E-11             9   2.17853E-07   1.98847E+00
         583   1.74900E+01   3.00000E-02   2.14164E-01   1.05239E-02   8.54100E-03   8.55105E-03   1.07585E+00   1.00000E+00   0.00000E+00   3.35059E+01   9.13630E-11             8   9.97016E-07   1.98881E+00
         584   1.75200E+01   3.00000E-02   2.14164E-01   1.03875E-02   8.52274E-03   8.53265E-03   1.07609E+00   1.00000E+00   0.00000E+00   3.35059E+01   8.85248E-11             8   9.63084E-07   1.98915E+00
         585   1.75500E+01   3.00000E-02   2.14164E-01   1.02446E-02   8.50149E-03   8.51127E-03   1.07632E+00   1.00000E+00   0.00000E+00   3.35059E+01   8.69078E-11             8   9.79783E-07   1.98948E+00
         586   1.75800E+01   3.00000E-02   2.14164E-01   1.00955E-02   8.47731E-03   8.48697E-03   1.07655E+00   1.00000E+00   0.00000E+00   3.35059E+01   8.46968E-11             8   9.62742E-07   1.98980E+00
         587   1.76100E+01   3.00000E-02   2.14164E-01   9.94011E-03   8.45031E-03   8.45981E-03   1.07677E+00   1.00000E+00   0.00000E+00   3.35059E+01   8.27781E-11             8   9.55573E-07   1.99012E+00
         588   1.76400E+01   3.00000E-02   2.14164E-01   9.77865E-03   8.42047E-03   8.42986E-03   1.07699E+00   1.00000E+00   0.00000E+00   3.35059E+01   8.10146E-11             8   9.59930E-07   1.99042E+00
         589   1.76700E+01   3.00000E-02   2.14164E-01   9.61123E-03   8.38796E-03   8.39720E-03   1.07720E+00   1.00000E+00   0.00000E+00   3.35059E+01   7.90284E-11             8   9.51114E-07   1.99072E+00
         590   1.77000E+01   3.00000E-02   2.14164E-01   9.43811E-03   8.35281E-03   8.36192E-03   1.07741E+00   1.00000E+00   0.00000E+00   3.35059E+01   7.67860E-11             8   9.48966E-07   1.99102E+00
         591   1.77300E+01   3.00000E-02   2.14164E-01   9.25949E-03   8.31511E-03   8.32410E-03   1.07761E+00   1.00000E+00   0.00000E+00   3.35059E+01   7.41141E-11             8   9.38715E-07   1.99130E+00
         592   1.77600E+01   3.00000E-02   2.14164E-01   9.07547E-03   8.27495E-03   8.28385E-03   1.07781E+00   1.00000E+00   0.00000E+00   3.35059E+01   7.12709E-11             8   9.27430E-07   1.99158E+00
         593   1.77900E+01   3.00000E-02   2.14164E-01   8.88604E-03   8.23244E-03   8.24127E-03   1.07800E+00   1.00000E+00   0.00000E+00   3.35059E+01   6.82615E-11             8   9.15035E-07   1.99185E+00
         594   1.78200E+01   3.00000E-02   2.14164E-01   8.69135E-03   8.18767E-03   8.19645E-03   1.07818E+00   1.00000E+00   0.00000E+00   3.35059E+01   6.50926E-11             8   9.01448E-07   1.99211E+00
         595   1.78500E+01   3.00000E-02   2.14164E-01   8.49157E-03   8.14082E-03   8.14951E-03   1.07836E+00   1.00000E+00   0.00000E+00   3.35059E+01   6.22958E-11             8   9.01229E-07   1.99236E+00
         596   1.78800E+01   3.00000E-02   2.14164E-01   8.28689E-03   8.09187E-03   8.10057E-03   1.07853E+00   1.00000E+00   0.00000E+00   3.35059E+01   5.84910E-11             8   8.75010E-07   1.99260E+00
         597   1.79100E+01   3.00000E-02   2.14164E-01   8.07744E-03   8.04108E-03   8.04974E-03   1.07870E+00   1.00000E+00   0.00000E+00   3.35059E+01   5.65775E-11             8   9.02557E-07   1.99283E+00
         598   1.79400E+01   3.00000E-02   2.14164E-01   7.86343E-03   7.98840E-03   7.99713E-03   1.07885E+00   1.00000E+00   0.00000E+00   3.35059E+01   5.12875E-11             8   8.38997E-07   1.99305E+00
         599   1.79700E+01   3.00000E-02   2.14164E-01   7.64503E-03   7.93413E-03   7.94294E-03   1.07901E+00   1.00000E+00   0.00000E+00   3.35059E+01   4.79079E-11             8   8.31959E-07   1.99327E+00
         600   1.80000E+01   3.00000E-02   2.14164E-01   7.42245E-03   7.87822E-03   7.88707E-03   1.07915E+00   1.00000E+00   0.00000E+00   3.35059E+01   4.48166E-11             8   8.30934E-07   1.99347E+00
         601   1.80300E+01   3.00000E-02   2.14164E-01   7.19588E-03   7.82089E-03   7.82988E-03   1.07929E+00   1.00000E+00   0.00000E+00   3.35059E+01   4.05641E-11             8   8.05885E-07   1.99366E+00
         602   1.80600E+01   3.00000E-02   2.14164E-01   6.96554E-03   7.76226E-03   7.77138E-03   1.07942E+00   1.00000E+00   0.00000E+00   3.35059E+01   3.73520E-11             8   8.13992E-07   1.99384E+00
         603   1.80900E+01   3.00000E-02   2.14164E-01   6.73166E-03   7.70245E-03   7.71184E-03   1.07954E+00   1.00000E+00   0.00000E+00   3.35059E+01   3.51480E-11             8   8.60916E-07   1.99401E+00
         604   1.81200E+01   3.00000E-02   2.14164E-01   6.49446E-03   7.64169E-03   7.65151E-03   1.07966E+00   1.00000E+00   0.00000E+00   3.35059E+01   3.35533E-11             8   9.24527E-07   1.99417E+00
         605   1.81500E+01   3.00000E-02   2.14164E-01   6.25416E-03   7.58025E-03   7.59037E-03   1.07977E+00   1.00000E+00   0.00000E+00   3.35059E+01   3.24140E-11             8   9.97465E-07   1.99432E+00
         606   1.81800E+01   3.00000E-02   2.14164E-01   6.01098E-03   7.51826E-03   7.52876E-03   1.07987E+00   1.00000E+00   0.00000E+00   3.35059E+01   5.99951E-12             9   2.07614E-07   1.99445E+00
         607   1.82100E+01   3.00000E-02   2.14164E-01   5.87987E-03   7.45574E-03   7.46646E-03   1.07996E+00   1.00000E+00   0.00000E+00   3.35059E+01   5.62752E-12             9   2.05675E-07   1.99458E+00
         608   1.82400E+01   3.00000E-02   2.14164E-01   5.81640E-03   7.39263E-03   7.40359E-03   1.08004E+00   1.00000E+00   0.00000E+00   3.35059E+01   5.15976E-12             9   1.99370E-07   1.99469E+00
         609   1.82700E+01   3.00000E-02   2.14164E-01   5.75239E-03   7.32906E-03   7.34026E-03   1.08012E+00   1.00000E+00   0.00000E+00   3.35059E+01   4.67069E-12             9   1.93150E-07   1.99480E+00
         610   1.83000E+01   3.00000E-02   2.14164E-01   5.68793E-03   7.26515E-03   7.27658E-03   1.08018E+00   1.00000E+00   0.00000E+00   3.35059E+01   4.43413E-12             9   1.91816E-07   1.99489E+00
         611   1.83300E+01   3.00000E-02   2.14164E-01   5.62307E-03   7.20100E-03   7.21266E-03   1.08024E+00   1.00000E+00   0.00000E+00   3.35059E+01   5.64026E-12             9   1.98179E-07   1.99497E+00
         612   1.83600E+01   3.00000E-02   2.14164E-01   5.55789E-03   7.13673E-03   7.14861E-03   1.08029E+00   1.00000E+00   0.00000E+00   3.35059E+01   6.49130E-12             9   2.09730E-07   1.99503E+00
         613   1.83900E+01   3.00000E-02   2.14164E-01   5.49244E-03   7.07244E-03   7.08454E-03   1.08034E+00   1.00000E+00   0.00000E+00   3.35059E+01   6.42221E-12             9   2.18194E-07   1.99509E+00
         614   1.84200E+01   3.00000E-02   2.14164E-01   5.42680E-03   7.00826E-03   7.02055E-03   1.08037E+00   1.00000E+00   0.00000E+00   3.35059E+01   5.25249E-12             9   2.16889E-07   1.99513E+00
         615   1.84500E+01   3.00000E-02   2.14164E-01   5.36108E-03   6.94430E-03   6.95676E-03   1.08040E+00   1.00000E+00   0.00000E+00   3.35059E+01   5.68234E-12             9   2.18901E-07   1.99516E+00
         616   1.84800E+01   3.00000E-02   2.14164E-01   5.29534E-03   6.88065E-03   6.89327E-03   1.08041E+00   1.00000E+00   0.00000E+00   3.35059E+01   8.20658E-12             9   2.40783E-07   1.99518E+00
         617   1.85100E+01   3.00000E-02   2.14164E-01   5.22958E-03   6.81771E-03   6.83017E-03   1.08042E+00   1.00000E+00   0.00000E+00   3.35059E+01   9.70950E-12             9   2.65759E-07   1.99518E+00
         618   1.85400E+01   3.00000E-02   2.14164E-01   5.16386E-03   6.75535E-03   6.76755E-03   1.08042E+00   1.00000E+00   0.00000E+00   3.35059E+01   1.05912E-11             9   2.84896E-07   1.99518E+00
         619   1.85700E+01   3.00000E-02   2.14164E-01   5.09825E-03   6.69353E-03   6.70550E-03   1.08041E+00   1.00000E+00   0.00000E+00   3.35059E+01   1.12503E-11             9   2.98016E-07   1.99516E+00
         620   1.86000E+01   3.00000E-02   2.14164E-01   5.03280E-03   6.63233E-03   6.64409E-03   1.08039E+00   1.00000E+00   0.00000E+00   3.35059E+01   1.19979E-11             9   3.06636E-07   1.99513E+00
         621   1.86300E+01   3.00000E-02   2.14164E-01   4.96758E-03   6.57181E-03   6.58339E-03   1.08037E+00   1.00000E+00   0.00000E+00   3.35059E+01   1.28140E-11             9   3.11622E-07   1.99509E+00
         622   1.86600E+01   3.00000E-02   2.14164E-01   4.90264E-03   6.51204E-03   6.52347E-03   1.08033E+00   1.00000E+00   0.00000E+00   3.35059E+01   1.37335E-11             9   3.13917E-07   1.99503E+00
         623   1.86900E+01   3.00000E-02   2.14164E-01   4.83804E-03   6.45307E-03   6.46437E-03   1.08029E+00   1.00000E+00   0.00000E+00   3.35059E+01   1.46071E-11             9   3.14423E-07   1.99497E+00
         624   1.87200E+01   3.00000E-02   2.14164E-01   5.01922E-03   6.39494E-03   6.40614E-03   1.08023E+00   1.00000E+00   0.00000E+00   3.35059E+01   1.54515E-11             9   3.13961E-07   1.99489E+00
         625   1.87500E+01   3.00000E-02   2.14164E-01   5.29372E-03   6.33769E-03   6.34883E-03   1.08017E+00   1.00000E+00   0.00000E+00   3.35059E+01   1.62521E-11             9   3.12658E-07   1.99480E+00
         626   1.87800E+01   3.00000E-02   2.14164E-01   5.56572E-03   6.28136E-03   6.29246E-03   1.08009E+00   1.00000E+00   0.00000E+00   3.35059E+01   1.70332E-11             9   3.11045E-07   1.99470E+00
         627   1.88100E+01   3.00000E-02   2.14164E-01   5.83492E-03   6.22596E-03   6.23706E-03   1.08001E+00   1.00000E+00   0.00000E+00   3.35059E+01   1.77761E-11             9   3.09087E-07   1.99459E+00
         628   1.88400E+01   3.00000E-02   2.14164E-01   6.10105E-03   6.18613E-03   6.18763E-03   1.07992E+00   1.00000E+00   0.00000E+00   3.35059E+01   1.87609E-11             9   3.07041E-07   1.99447E+00
         629   1.88700E+01   3.00000E-02   2.14164E-01   6.36380E-03   6.26135E-03   6.26275E-03   1.07982E+00   1.00000E+00   0.00000E+00   3.35059E+01   2.01197E-11             9   3.07632E-07   1.99433E+00
         630   1.89000E+01   3.00000E-02   2.14164E-01   6.62293E-03   6.33559E-03   6.33685E-03   1.07971E+00   1.00000E+00   0.00000E+00   3.35059E+01   2.06966E-11             9   3.02836E-07   1.99419E+00
         631   1.89300E+01   3.00000E-02   2.14164E-01   6.87811E-03   6.40875E-03   6.40992E-03   1.07960E+00   1.00000E+00   0.00000E+00   3.35059E+01   2.20940E-11             9   3.03300E-07   1.99403E+00
         632   1.89600E+01   3.00000E-02   2.14164E-01   7.12909E-03   6.48084E-03   6.48186E-03   1.07947E+00   1.00000E+00   0.00000E+00   3.35059E+01   2.25760E-11             9   2.99163E-07   1.99387E+00
         633   1.89900E+01   3.00000E-02   2.14164E-01   7.37556E-03   6.55176E-03   6.55267E-03   1.07934E+00   1.00000E+00   0.00000E+00   3.35059E+01   2.41662E-11             9   3.01722E-07   1.99369E+00
         634   1.90200E+01   3.00000E-02   2.14164E-01   7.61729E-03   6.62149E-03   6.62227E-03   1.07920E+00   1.00000E+00   0.00000E+00   3.35059E+01   2.38993E-11             9   2.92606E-07   1.99350E+00
         635   1.90500E+01   3.00000E-02   2.14164E-01   7.85397E-03   6.68995E-03   6.69062E-03   1.07905E+00   1.00000E+00   0.00000E+00   3.35059E+01   2.54332E-11             9   2.95994E-07   1.99331E+00
         636   1.90800E+01   3.00000E-02   2.14164E-01   8.08536E-03   6.75710E-03   6.75766E-03   1.07889E+00   1.00000E+00   0.00000E+00   3.35059E+01   2.58132E-11             9   2.92014E-07   1.99310E+00
         637   1.91100E+01   3.00000E-02   2.14164E-01   8.31118E-03   6.82288E-03   6.82333E-03   1.07873E+00   1.00000E+00   0.00000E+00   3.35059E+01   2.64974E-11             9   2.90389E-07   1.99288E+00
         638   1.91400E+01   3.00000E-02   2.14164E-01   8.53118E-03   6.88725E-03   6.88759E-03   1.07856E+00   1.00000E+00   0.00000E+00   3.35059E+01   2.71529E-11             9   2.88925E-07   1.99266E+00
         639   1.91700E+01   3.00000E-02   2.14164E-01   8.74511E-03   6.95014E-03   6.95037E-03   1.07838E+00   1.00000E+00   0.00000E+00   3.35059E+01   2.77678E-11             9   2.87547E-07   1.99242E+00
         640   1.92000E+01   3.00000E-02   2.14164E-01   8.95273E-03   7.01149E-03   7.01162E-03   1.07820E+00   1.00000E+00   0.00000E+00   3.35059E+01   2.83415E-11             9   2.86252E-07   1.99218E+00
         641   1.92300E+01   3.00000E-02   2.14164E-01   9.15382E-03   7.07125E-03   7.07128E-03   1.07800E+00   1.00000E+00   0.00000E+00   3.35059E+01   2.88738E-11             9   2.85039E-07   1.99192E+00
         642   1.92600E+01   3.00000E-02   2.14164E-01   9.34813E-03   7.12935E-03   7.12929E-03   1.07781E+00   1.00000E+00   0.00000E+00   3.35059E+01   2.93642E-11             9   2.83906E-07   1.99166E+00
         643   1.92900E+01   3.00000E-02   2.14164E-01   9.53547E-03   7.18575E-03   7.18560E-03   1.07760E+00   1.00000E+00   0.00000E+00   3.35059E+01   2.98120E-11             9   2.82853E-07   1.99139E+00
         644   1.93200E+01   3.00000E-02   2.14164E-01   9.71568E-03   7.24036E-03   7.24013E-03   1.07739E+00   1.00000E+00   0.00000E+00   3.35059E+01   2.98724E-11             9   2.79129E-07   1.99111E+00
         645   1.93500E+01   3.00000E-02   2.14164E-01   9.88849E-03   7.29315E-03   7.29282E-03   1.07717E+00   1.00000E+00   0.00000E+00   3.35059E+01   3.04887E-11             9   2.79559E-07   1.99083E+00
         646   1.93800E+01   3.00000E-02   2.14164E-01   1.00537E-02   7.34404E-03   7.34362E-03   1.07695E+00   1.00000E+00   0.00000E+00   3.35059E+01   3.05908E-11             9   2.77479E-07   1.99053E+00
         647   1.94100E+01   3.00000E-02   2.14164E-01   1.02112E-02   7.39298E-03   7.39247E-03   1.07672E+00   1.00000E+00   0.00000E+00   3.35059E+01   3.08599E-11             9   2.77711E-07   1.99023E+00
         648   1.94400E+01   3.00000E-02   2.14164E-01   1.03608E-02   7.43991E-03   7.43931E-03   1.07649E+00   1.00000E+00   0.00000E+00   3.35059E+01   3.14028E-11             9   2.78927E-07   1.98992E+00
         649   1.94700E+01   3.00000E-02   2.14164E-01   1.05024E-02   7.48477E-03   7.48409E-03   1.07625E+00   1.00000E+00   0.00000E+00   3.35059E+01   3.15896E-11             9   2.78405E-07   1.98961E+00
         650   1.95000E+01   3.00000E-02   2.14164E-01   1.06357E-02   7.52751E-03   7.52675E-03   1.07600E+00   1.00000E+00   0.00000E+00   3.35059E+01   3.17160E-11             9   2.77846E-07   1.98928E+00
         651   1.95300E+01   3.00000E-02   2.14164E-01   1.07608E-02   7.56806E-03   7.56724E-03   1.07575E+00   1.00000E+00   0.00000E+00   3.35059E+01   3.17948E-11             9   2.77341E-07   1.98896E+00
         652   1.95600E+01   3.00000E-02   2.14164E-01   1.08775E-02   7.60638E-03   7.60548E-03   1.07550E+00   1.00000E+00   0.00000E+00   3.35059E+01   3.18287E-11             9   2.76893E-07   1.98862E+00
         653   1.95900E+01   3.00000E-02   2.14164E-01   1.09857E-02   7.64241E-03   7.64144E-03   1.07524E+00   1.00000E+00   0.00000E+00   3.35059E+01   3.18136E-11             9   2.76501E-07   1.98828E+00
         654   1.96200E+01   3.00000E-02   2.14164E-01   1.10853E-02   7.67609E-03   7.67506E-03   1.07498E+00   1.00000E+00   0.00000E+00   3.35059E+01   3.17597E-11             9   2.76157E-07   1.98793E+00
         655   1.96500E+01   3.00000E-02   2.14164E-01   1.11864E-02   7.70738E-03   7.70627E-03   1.07472E+00   1.00000E+00   0.00000E+00   3.35059E+01   3.19484E-11             9   2.76926E-07   1.98758E+00
         656   1.96800E+01   3.00000E-02   2.14164E-01   1.13202E-02   7.73620E-03   7.73504E-03   1.07444E+00   1.00000E+00   0.00000E+00   3.35059E+01   3.11712E-11             9   2.70166E-07   1.98722E+00
         657   1.97100E+01   3.00000E-02   2.14164E-01   1.14434E-02   7.76254E-03   7.76131E-03   1.07417E+00   1.00000E+00   0.00000E+00   3.35059E+01   3.26144E-11             9   2.76064E-07   1.98686E+00
         658   1.97400E+01   3.00000E-02   2.14164E-01   1.15561E-02   7.78633E-03   7.78504E-03   1.07397E+00   1.00000E+00   0.00000E+00   3.35059E+01   3.28480E-11             9   2.75269E-07   1.98649E+00
         659   1.97700E+01   3.00000E-02   2.14164E-01   1.16580E-02   7.80755E-03   7.80621E-03   1.07390E+00   1.00000E+00   0.00000E+00   3.35059E+01   3.36044E-11             9   2.78008E-07   1.98612E+00
         660   1.98000E+01   3.00000E-02   2.14164E-01   1.17491E-02   7.82619E-03   7.82480E-03   1.07382E+00   1.00000E+00   0.00000E+00   3.35059E+01   3.32686E-11             9   2.77288E-07   1.98575E+00
         661   1.98300E+01   3.00000E-02   2.14164E-01   1.18292E-02   7.84214E-03   7.84071E-03   1.07375E+00   1.00000E+00   0.00000E+00   3.35059E+01   3.38762E-11             9   2.75477E-07   1.98537E+00
         662   1.98600E+01   3.00000E-02   2.14164E-01   1.18982E-02   7.85549E-03   7.85394E-03   1.07367E+00   1.00000E+00   0.00000E+00   3.35059E+01   2.41408E-11             9   2.24202E-07   1.98499E+00
         663   1.98900E+01   3.00000E-02   2.14164E-01   1.19558E-02   7.86610E-03   7.86449E-03   1.07360E+00   1.00000E+00   0.00000E+00   3.35059E+01   2.34491E-11             9   2.23259E-07   1.98461E+00
         664   1.99200E+01   3.00000E-02   2.14164E-01   1.20021E-02   7.87398E-03   7.87234E-03   1.07352E+00   1.00000E+00   0.00000E+00   3.35059E+01   2.37822E-11             9   2.30582E-07   1.98422E+00
         665   1.99500E+01   3.00000E-02   2.14164E-01   1.20369E-02   7.87905E-03   7.87737E-03   1.07349E+00   1.00000E+00   0.00000E+00   3.35059E+01   2.35319E-11             9   2.30509E-07   1.98383E+00
         666   1.99800E+01   3.00000E-02   2.14164E-01   1.20601E-02   7.88135E-03   7.87963E-03   1.07345E+00   1.00000E+00   0.00000E+00   3.35059E+01   2.30200E-11             9   2.29452E-07   1.98344E+00
         667   2.00100E+01   3.00000E-02   2.14164E-01   1.20721E-02   7.88083E-03   7.87907E-03   1.07342E+00   1.00000E+00   0.00000E+00   3.35059E+01   2.27291E-11             9   2.29125E-07   1.98305E+00
